active_ingredient,nct_id,title,status,phase,conditions,min_age,max_age,paediatric,primary_outcomes,secondary_outcomes,growth_outcome_measured,growth_outcome_is_primary
IDURSULFASE,NCT02455622,Long-term Evaluation on Height and Weight in Patients With MPS II Who Started Treatment at < 6 Years of Age,COMPLETED,PHASE4,Hunter Syndrome,,5 Years,False,Height Overall; Weight Overall; Change From Baseline in Height Measured by Z-score; Change From Baseline in Weight Measured by Z-score; Number of Participants With Clinical Significant Abnormal Neurological Examination; Number of Participants With Treatment-emergent Adverse Events (TEAE); Number of ,Observed Value of Height Velocity From Baseline to End of Study; Observed Value of Weight Velocity From Baseline to End of Study; Percent Change From Baseline for Urinary Glycosaminoglycans (uGAG) Levels Normalized to Urine Creatinine; Normalized uGAG Divided by Upper Llimit of Normal for Age (uGAG/,True,True
IDURSULFASE,NCT01506141,An Extension Study of HGT-HIT-045 Evaluating Long-Term Safety and Clinical Outcomes of Idursulfase-IT in Conjunction With Elaprase in Pediatric Participants Wit,COMPLETED,PHASE1; PHASE2,Hunter Syndrome,3 Years,18 Years,True,Number of Participants With Treatment-emergent Adverse Events (TEAEs); Number of Participants With Clinically Significant Changes or Apparent Difference Across Treatment Groups in Laboratory Parameters; Number of Participants With Clinically Significant Changes or Apparent Difference Across Treatmen,Area Under the Curve Extrapolated to Infinity (AUC0-infinity) of Idursulfase Administered as Intrathecal and in Conjunction With Elaprase; Area Under the Curve From the Time of Dosing to the Last Measureable Concentration (AUC0-t) of Idursulfase Administered as Intrathecal and in Conjunction With El,False,False
IDURSULFASE,NCT06031259,Extension Study of Idursulfase-IT Along With Elaprase in Children and Adults With Hunter Syndrome and Cognitive Impairment,ACTIVE_NOT_RECRUITING,PHASE2; PHASE3,Hunter Syndrome,3 Years,19 Years,True,Number of Participants with Adverse Events (AEs) by Type and Severity; Number of Participants with AEs Related to Idursulfase-IT; Number of Participants with AEs Related to the IDDD; Number of Participants with AEs Related to Device Surgical Procedure; Number of Participants with AEs Related to IT A,,False,False
IDURSULFASE,NCT05371613,A Study to Determine the Efficacy and Safety of Tividenofusp Alfa (DNL310) vs Idursulfase in Pediatric and Young Adult Participants With Neuronopathic (nMPS II),RECRUITING,PHASE2; PHASE3,Mucopolysaccharidosis II,2 Years,25 Years,True,"Percent change from baseline in cerebrospinal fluid (CSF) heparan sulfate (HS) concentration (Cohort A); Change from baseline in the Vineland Adaptive Behavior Scale, Third Edition (Vineland-3)(Cohort A)","Change from baseline in the Bayley Scales of Infant and Toddler Development, Third Edition (BSID-III)(Cohort A only); Change from baseline in the Vineland-3 Adaptive Behavior Composite (ABC; Cohort A only); Change from baseline in serum neurofilament light chain (NfL) (Cohort A only); Change from ba",False,False
IDURSULFASE,NCT00630747,Extension of Study TKT024 Evaluating Long-Term Safety and Clinical Outcomes in MPS II Patients Receiving Idursulfase,COMPLETED,PHASE2; PHASE3,Hunter Syndrome; Mucopolysaccharidosis II (MPS II),5 Years,,True,Change From Baseline in Mean Percent Predicted Forced Vital Capacity (FVC) at Week 105; Change From Baseline in Mean Distance Walked in the 6-minute Walk Test (6MWT) at Week 105,Change From Baseline in Mean Passive Joint Range of Motion (JROM) at Week 105; Change From Baseline in Mean Combined Liver and Spleen Volume at Week 105; Change From Baseline in Mean Normalized Urine Glycosaminoglycans (GAG) Levels at Week 105; Change From Baseline in Mean Cardiac Left Ventricular M,False,False
IDURSULFASE,NCT00920647,A Safety and Dose Ranging Study of Idursulfase (Intrathecal) Administration Via an Intrathecal Drug Delivery Device in Pediatric Patients With Hunter Syndrome W,COMPLETED,PHASE1; PHASE2,Hunter Syndrome,3 Years,18 Years,True,Number of Serious Adverse Event (SAE); Number of Treatment Emergent Adverse Event (AE); Safety Changes in Cerebrospinal Fluid (CSF)- White Blood Cells (WBC); Safety: Development of Anti-idursulfase Antibodies (CSF); Safety: Development of Anti-idursulfase Antibodies (Serum); Clinically Significant E,Change From Baseline in CSF Glycosaminoglycans [GAGs] at Week 27; Level of Idursulfase in the CSF Compartment Resulting From Monthly Idursulfase IT Administrations; Concentration of Idursulfase in Serum After Single Administration (Week 3) in Conjunction With Elaprase; Concentration of Idursulfase i,False,False
IDURSULFASE,NCT00882921,An Observational Study Evaluating Anti-Idursulfase Serum Antibody Response in Hunter Syndrome Patients,COMPLETED,,Hunter Syndrome,5 Years,,True,Infusion-Related Adverse Event (IRAE) Rates Between IgG Anti-idursulfase Antibody Positive (Ab+) and Anti-idursulfase IgG Antibody Negative (Ab-) Patients,Change From Baseline in uGAG Levels to 109 Weeks,False,False
IDURSULFASE,NCT05058391,A Study of Elaprase in Children and Adults With Hunter Syndrome (Mucopolysaccharidosis II) in India,COMPLETED,PHASE4,Hunter Syndrome,,,False,"Number of Participants With Treatment Emergent Adverse Events (TEAEs), Serious TEAEs, Discontinuation Due to TEAEs and Death; Number of Participants With Adverse Drug Reactions (ADRs); Number of Participants With Infusion-related Reactions (IRRs)",Change From Baseline in Percentage Forced Vital Capacity (%FVC) at Weeks 27 and 53; Change From Baseline in 6 Minute Walk Test (6MWT) at Weeks 27 and 53; Change From Baseline in Cardiac Left Ventricular Mass Index (LVMI) at Weeks 27 and 53; Change From Baseline in Left Ventricular Ejection Fraction ,True,False
IDURSULFASE,NCT02663024,Study of Idursulfase-beta (GC1111) in Hunter Syndrome,UNKNOWN,PHASE2,Mucopolysaccharidosis II,5 Years,35 Years,True,Percent change from baseline in urinary GAG(Glycosaminoglycans) at Week 25,Change from baseline in urinary GAG at Week 25; Change from baseline in Six Minute Walk Test at Week 25; Percent change from baseline in Six Minute Walk Test at Week 25; Change from baseline in Liver volume at Week 25; Percent change from baseline in Liver volume at Week 25; Change from baseline in ,False,False
TEDUGLUTIDE,NCT07400783,TED_ORG: Study on Short Bowel Syndrome,RECRUITING,NA,Short Bowel Syndrome (SBS),4 Months,17 Years,True,Intestinal organoid diameter after in vitro exposure to teduglutide; Crypt-villus-like architecture in intestinal organoids; Organoid shape (sphericity) after in vitro teduglutide treatment; Lumen size in intestinal organoids after in vitro exposure to teduglutide; Intestinal organoid volume after i,,False,False
TEDUGLUTIDE,NCT05027308,A Study of Teduglutide in Japanese Children With Short Bowel Syndrome Aged 4 Months or Older,COMPLETED,PHASE3,Short Bowel Syndrome,4 Months,,True,Number of Participants With Treatment-emergent Adverse Events (TEAEs); Number of Participants With Serious Adverse Events (SAEs); Number of Participants With Adverse Events of Special Interest (AESIs); Number of Participants With Clinically Significant Abnormalities in Vital Signs Reported as an Adv,Change From Baseline in PS Volume; Percent Change From Baseline in PS Volume; Number of Participants Who Demonstrate at Least 20 Percent (%) Reduction From Baseline in PS Volume; Number of Participants Who Achieved Enteral Autonomy; Change From Baseline in Number of Days Per Week of PS Usage at EOT,True,True
TEDUGLUTIDE,NCT02682381,Short Bowel Syndrome Research Study for Children Up To 17 Years of Age on Parenteral Nutrition,COMPLETED,PHASE3,Short Bowel Syndrome,0 Years,17 Years,True,Number of Participants Who Achieved at Least a 20 Percent (%) Reduction in Weight-Normalized Average Daily Parenteral Nutrition Intravenous (PN/IV) Volume at Week 24,Number of Participants With Treatment-emergent Adverse Events (TEAEs); Number of Participants Who Were Completely Weaned Off Parenteral Nutrition Intravenous (PN/IV) Support at Week 24; Change From Baseline in Parenteral Nutrition Intravenous (PN/IV) Volume at Week 24; Change From Baseline in Parent,True,False
TEDUGLUTIDE,NCT03663582,Study of Teduglutide in Japanese Participants With Short Bowel Syndrome,COMPLETED,PHASE3,Short Bowel Syndrome,16 Years,,True,Change From Baseline in Weekly Parenteral Support (PS) Volume at End of Treatment/Early Termination (EOT/ET); Percent Change From Baseline in Weekly Parenteral Support (PS) Volume at End of Treatment/Early Termination (EOT/ET); Percentage of Participants Who Achieved at Least 20 Percent (%) Reductio,,False,False
TEDUGLUTIDE,NCT04832087,Pediatric Teduglutide Registry,COMPLETED,,Short Bowel Syndrome,1 Year,,True,Percent change in calories from parenteral support (PS) (Kcal/kg/day),Percent change of (PS) volume (liters/week); Percent change of PS infusions (number of days/week ); Proportion of subjects completely weaned from PS; Adverse Events; Weight-for-age Z-score (WAZ); Height-for-age-Z-score (HAZ); Body-Mass-Index Z-score (BMIZ),True,False
TEDUGLUTIDE,NCT01952080,"A Pharmacokinetic, Safety, and Pharmacodynamic Study of Teduglutide in Pediatric Subjects With Short Bowel Syndrome",COMPLETED,PHASE3,Short Bowel Syndrome,1 Year,17 Years,True,Percent Change in Parenteral Support [Parenteral Nutrition (PN)/Intravenous (IV)] Volume at Week 12; Percent Change in Parenteral Support (PN/IV) Volume at End of Treatment; Percent Change in Parenteral Support (PN/IV) Volume at Week 16; Absolute Change in Parenteral Support (PN/IV) Volume at Week 1,,False,False
TEDUGLUTIDE,NCT03596164,An Extension Study of Teduglutide in Japanese Participants With Short Bowel Syndrome Who Completed 24 Weeks of Treatment in SHP633-306 or TED-C14-004,COMPLETED,PHASE3,Short Bowel Syndrome,16 Years,,True,Number of Participants Who Demonstrated at Least 20 Percent (%) Reduction From Baseline in Weekly Parenteral Support (PS) Volume; Change From Baseline in Weekly PS Volume; Percent Change From Baseline in Weekly PS Volume; Number of Participants Who Were Completely Weaned Off PS at End of Study (EOS),,False,False
TEDUGLUTIDE,NCT03716115,Therapeutic Approaches to Malnutrition Enteropathy,COMPLETED,PHASE2,Severe Acute Malnutrition,6 Months,59 Months,True,Composite measure of concentration of three faecal inflammatory markers,Lactulose:rhamnose ratio; Plasma lipopolysaccharide (LPS); Plasma biomarker lipopolysaccharide binding protein (LBP); Plasma fatty acid binding protein (FABP); Plasma soluble CD14; Plasma CD163; Plasma CRP; Plasma albumin; Mortality; Adverse events; Change in weight and length; Days with diarrhoea; ,True,False
TEDUGLUTIDE,NCT02949362,Long-term Study of Teduglutide in Pediatric Subjects With Short Bowel Syndrome Who Completed the TED-C13-003 Study,COMPLETED,PHASE3,Short Bowel Syndrome,,,False,Number of Participants With Adverse Events (AEs) in Retrospective Observation Period; Change From Baseline in Height for Age Z-score up to Week 168 of Retrospective Observation Period; Change From Baseline in Body Weight for Age Z-score up to Week 168 of Retrospective Observation Period; Change From,Number of Participants Achieved At Least 20 Percent (%) Reduction in Parenteral Support (PS) Volume at 12 Weeks Interval up to Week 156 of Retrospective Observation Period; Change From Baseline in PS Volume at 12 Weeks Interval up to Week 156 of Retrospective Observation Period; Percent Change From ,True,True
TEDUGLUTIDE,NCT03562130,"Characterization of the Long-term Safety, Efficacy, and Pharmacodynamics Revestive® in the Management of Short Bowel Syndrome Pediatric Patients",COMPLETED,PHASE4,Short Bowel Syndrome,2 Years,18 Years,True,Decrease in parenteral nutrition: Parenteral Nutrition/Resting Energy Expenditure (PN/REE),"Ostomy output defined as stool balance testing, urine output and plasma citrulline; Change in days per week of Parenteral Nutrition (PN); Change in number of stool per day; Change in stools consistency (Bristol stool chart); Ingesta (calorimetric measure); Stool weight/24h; Percentage of lipid in st",False,False
TEDUGLUTIDE,NCT03571516,"Safety, Efficacy and Pharmacokinetic Study of Teduglutide in Infants 4 to 12 Months of Age With Short Bowel Syndrome",COMPLETED,PHASE3,Short Bowel Syndrome,4 Months,12 Months,True,Number of Participants Who Achieved At Least 20 Percent (%) Reduction From Baseline in Weight-normalized Parenteral Support (PS) Volume at End of Treatment/Early Termination (EOT/ET),"Plasma Concentration of Teduglutide at Nominal Time Points (Baseline at Pre-dose, and 1 Hour and 4 Hours Post-dose; 2 Hours Post-dose at Week 7); Number of Participants With Treatment-emergent Adverse Events (TEAEs); Change From Baseline in Body Weight Z-score at Week 24; Change From Baseline in Len",True,False
TEDUGLUTIDE,NCT02340819,"Study to Evaluate the Safety, Efficacy and Pharmacokinetics of Teduglutide in Japanese Subjects With PN-dependent Short Bowel Syndrome (SBS)",COMPLETED,PHASE3,Short Bowel Syndrome,16 Years,,True,Stage 2: Absolute Change From Baseline in Weekly Parenteral Support (PS) Volume at Week 24; Stage 2: Percent Change From Baseline in Weekly Parenteral Support (PS) Volume at Week 24; Stage 2: Percentage of Participants Who Demonstrate Response to Teduglutide at End of Stage 2; Stage 2: Absolute Chan,Area Under the Concentration-Time Curve From Time Zero to Infinity (AUC0-Inf) of Teduglutide in Plasma; Area Under the Concentration-Time Curve From Time Zero to the Last Time Point (AUC0-t) of Teduglutide in Plasma; Maximum Concentration (Cmax) of Teduglutide in Plasma; Time to Reach Maximum Observ,False,False
TEDUGLUTIDE,NCT03268811,A Study in Japanese Children With Short Bowel Syndrome Who Completed SHP633-302,COMPLETED,PHASE3,Short Bowel Syndrome,,,False,Number of Participants With Treatment-emergent Adverse Events (TEAEs); Number of Participants With Clinically Significant Abnormalities in Vital Signs; Number of Participants With Clinically Significant Abnormalities in Laboratory Parameters; Percent Change From Baseline in Average Total Urine Outpu,Number of Participants Who Achieved At Least 20 Percent (%) Reduction From Baseline in Participants Diary Parenteral Support (PS) Volume at EOT of Each Cycle During Teduglutide Treatment; Number of Participants Who Achieved At Least 20 Percent (%) Reduction From Baseline in Investigator Prescribed P,True,True
TEDUGLUTIDE,NCT02980666,Study in Japanese Pediatric Subjects With Short Bowel Syndrome (SBS) Who Are Dependent on Parenteral Support,COMPLETED,PHASE3,Short Bowel Syndrome,4 Months,15 Years,True,Absolute Change From Baseline in Parenteral Support (PS) Volume at End of Treatment (EOT) Based on Dairy Data; Percent Change From Baseline in Parenteral Support (PS) Volume at End of Treatment (EOT) Based on Dairy Data; Absolute Change From Baseline in Parenteral Support (PS) Caloric Intake at End ,,True,True
ICATIBANT,NCT01386658,"A Pharmacokinetic, Tolerability and Safety Study of Icatibant in Children and Adolescents With Hereditary Angioedema",COMPLETED,PHASE3,Hereditary Angioedema (HAE),2 Years,17 Years,True,Time to Peak Concentration (Tmax) of a Single Subcutaneous (SC) Dose of Icatibant; Maximum Plasma Concentration (Cmax) of a Single Subcutaneous (SC) Dose of Icatibant; Total Plasma Clearance (CL/F) of a Single Subcutaneous (SC) Dose of Icatibant; Area Under the Plasma Concentration-time Curve From T,Time to Onset of Symptom Relief (TOSR) for Composite Investigator-Assessed Symptom Scores for Icatibant Exposure Number 1; Time to Onset of Symptom Relief (TOSR) for Composite Investigator-Assessed Symptom Scores for Icatibant Exposure Number 2 and 3; Time to Onset of Symptom Relief (TOSR) for Faces,False,False
ICATIBANT,NCT00517582,Bradykinin Receptor Blocker in ACE Inhibitor-associated Angioedema,TERMINATED,PHASE1,Angioneurotic Edema,18 Years,80 Years,False,"Time to resolution of angioedema, as defined as the time interval between when the participant first noted the onset of symptoms and when there is no objective evidence of angioedema by physical examination","Length of hospital stay, admission to the intensive care unit, requirement for intubation, duration of intubation, use of steroids, use of histamine receptor type 1 (H1) and H2 blockers, use of epinephrine, and blood pressure levels",True,False
ICATIBANT,NCT05509569,A Survey of Icatibant in Pediatric Participants With Hereditary Angioedema,COMPLETED,,Hereditary Angioedema (HAE),2 Years,17 Years,True,Number of Participants who Experience at Least One Treatment-Emergent Adverse Events (TEAE),Time from Onset of Seizure to Start of Treatment; Time from First Drug Administration to Symptom Resolution; Duration of Seizure,False,False
BECLOMETHASONE DIPROPIONATE,NCT00394329,(CARE Network Trial - Treating Children to Prevent Exacerbations of Asthma (TREXA),COMPLETED,PHASE3,Asthma,6 Years,18 Years,True,Participants Experiencing an Asthma Exacerbation That Requires Systemic Corticosteroid Therapy,Change Between Week 44 and Week 0 in the Asthma Control Days; Change Between Week 44 and Week 0 in Rescue Albuterol Puffs Per Day; Change Between Week 44 and Week 0 in the Pre-bronchodilator Forced Expiratory Volume in One Second (FEV!); Change Between Week 44 and Week 0 in the Morning Peak Expirato,False,False
BECLOMETHASONE DIPROPIONATE,NCT01265342,Efficacy of Nebulised Beclometasone in Viral Wheezing Prophylaxis,COMPLETED,PHASE4,Bronchial Spasm; Respiratory Sounds; Respiratory Tract Infections,12 Months,71 Months,True,% of children with wheezing (diagnosed by the paediatrician) during the URTI episode.,% of patients needing medical care during the treatment period;; % of patients receiving rescue medication during the treatment period;; % of patients admitted to an emergency department during the treatment period; Duration of the respiratory tract infection episode; % of patients with an asthma-li,False,False
BECLOMETHASONE DIPROPIONATE,NCT00094016,Evaluation of Two Doses of QVAR by Breath Operated and Metered Dose Inhalers in Asthmatic Children,COMPLETED,PHASE3,Asthma,5 Years,11 Years,True,,,False,False
BECLOMETHASONE DIPROPIONATE,NCT00938353,Efficacy of Nebulized Beclomethasone Dipropionate (BDP) in the Treatment of Moderate Croup,TERMINATED,PHASE3,Croup,6 Months,3 Years,True,To demonstrate superiority of nebulized BDP vs placebo in Westley croup score at 6 h,,False,False
BECLOMETHASONE DIPROPIONATE,NCT02319564,Combined Glucocorticoid Adrenergic Therapy For Wheezy Preschool Children,WITHDRAWN,PHASE4,Wheeze,12 Months,60 Months,True,Reduce unplanned-symptomatic visits to clinicians,Reduce the number of days with respiratory symptoms; Reduce the need for rescue salbutamol use; Reduce hospitalization rates of target population; Reduce overall societal health care costs of target population,False,False
BECLOMETHASONE DIPROPIONATE,NCT02113072,Recurrent Wheezing in Infants: Risk Factors and Prevention With Probiotics.,COMPLETED,PHASE3,Respiratory Tract Diseases; Wheezing,6 Months,23 Months,True,Recurrent wheezing and cytokine assay.,,False,False
BECLOMETHASONE DIPROPIONATE,NCT01134705,Study in Adult and Adolescent Subjects With PAR (Perennial Allergic Rhinitis),COMPLETED,PHASE3,"Rhinitis, Allergic, Perennial",12 Years,,True,Change From Baseline in Average AM and PM Reflective Total Nasal Symptom Score (rTNSS) Over the Six-week Treatment Period,Change From Baseline in Average AM and PM Instantaneous Total Nasal Symptom Score (iTNSS) Over the Six-week Treatment Period; Change From Baseline in Rhinoconjunctivitis Quality of Life Questionnaire (RQLQ),False,False
BECLOMETHASONE DIPROPIONATE,NCT00115089,"7 Day Study of Mast Cell Inhibitor, R926112, in Patients With Symptomatic Seasonal Allergic Rhinitis",COMPLETED,PHASE2,"Rhinitis, Allergic, Seasonal",12 Years,,True,Change in total nasal symptom score from baseline over time,Change in individual symptoms; Global therapeutic response; Quality of life score,False,False
BECLOMETHASONE DIPROPIONATE,NCT00010283,"Beclomethasone in Treating Patients With Graft-Versus-Host Disease of the Esophagus, Stomach, Small Intestine, or Colon",COMPLETED,PHASE1; PHASE2,Breast Cancer; Chronic Myeloproliferative Disorders; Gestational Trophoblastic Tumor; Graft Versus Host Disease; Kidney Cancer; Leukemia; Lymphoma; Multiple Myeloma and Plasma Cell Neoplasm; Myelodysplastic Syndromes; Neuroblastoma; Ovarian Cancer; Testicular Germ Cell Tumor,5 Years,75 Years,True,,,False,False
BECLOMETHASONE DIPROPIONATE,NCT00233896,Randomized Study of Oral Beclomethasone Dipropionate With Ten Days of Prednisone for Treatment of Gastrointestinal GVHD,COMPLETED,PHASE3,Graft Vs Host Disease; Gastrointestinal Graft-Versus-Host Disease,0 Years,,True,"Treatment failure (that is, flares of GVHD requiring immunosuppressive drug therapy) at study day 50.",Treatment failure at study day 80.; Survival at transplant day 200.; Adverse events.,False,False
BECLOMETHASONE DIPROPIONATE,NCT06139029,Comparison of 3% Normal Saline Nebulization Versus Steroid Nebulization in the Treatment of Bronchiolitis,COMPLETED,EARLY_PHASE1,Acute Bronchiolitis,3 Months,12 Months,True,efficacy of 3% hypertonic saline in acute brochiolitis,,False,False
BECLOMETHASONE DIPROPIONATE,NCT01287351,"Real-world Effectiveness and Cost-effectiveness of Qvar Versus FP, a US Study",COMPLETED,,Asthma,5 Years,80 Years,True,"Proxy Asthma Control; Total number of asthma exacerbations and exacerbation rate ratio; Revised proxy asthma control; Risk Domain Asthma Control (in the subgroup of patients aged 12-60, the following additional analysis was done)","Asthma control plus no additional or change in therapy; Asthma control plus no additional change in therapy (where change is not driven by possible cost saving); Respiratory-related hospitalizations and referrals; Overall asthma control (Risk and Impairment) (in the subgroup of patients aged 12-60, ",False,False
BECLOMETHASONE DIPROPIONATE,NCT01475032,"Efficacy Study of the Product ""CHF 1535"" Versus Beclomethasone (BDP) and Free Combo in Asthmatic Children",COMPLETED,PHASE3,Asthma,5 Years,11 Years,True,pre-dose FEV1 (forced expiratory volume in the first second),Patient with Asthma symptoms; FVC (forced vital capacity); Rescue medication use; PEF (peak expiratory flow); Number of patients with adverse events; Blood parameters; Heart rate; Blood pressure,False,False
BECLOMETHASONE DIPROPIONATE,NCT01006655,The Effect of HFA - Beclomethasone Dipropionate Qvar on Bronchial Hyperreactivity in Preschool Children,COMPLETED,PHASE2,Asthma; Bronchial Hyperresponsiveness,3 Years,7 Years,True,Adenosine Challenge Test,,False,False
BECLOMETHASONE DIPROPIONATE,NCT01450774,Comparison of Combination of Beclomethasone Dipropionate and Formoterol Fumarate Versus Single Components Assessed by Knemometry and Urinary Cortisol Measuremen,COMPLETED,PHASE3,Childhood Asthma,5 Years,11 Years,True,Lower leg growth rate measured by knemometry,24-hour urinary free cortisol/creatinine levels; Changes in pre-dose morning and evening PEF (L/min),True,True
BECLOMETHASONE DIPROPIONATE,NCT03503994,Inhaled Corticosteroids for Treatment of Bronchopulmonary Dysplasia,COMPLETED,NA,Bronchopulmonary Dysplasia,1 Week,4 Weeks,True,Reduction in FiO2 > 75%; Successful extubation,Ventilator rate (breaths per minute); Mean airway pressure (cm H2O); Peak inspiratory pressure (cm H2O),False,False
BECLOMETHASONE DIPROPIONATE,NCT02381158,Nebulized Beclomethasone Dipropionate Improves Respiratory Lung Function in Preschool Children With Recurrent Wheezing,COMPLETED,PHASE4,Wheezing,2 Years,5 Years,True,Lung fuction with Rint and FOT,,False,False
BECLOMETHASONE DIPROPIONATE,NCT01333800,Cost-effectiveness Study of Beclomethasone Versus Ciclesonide as Controller Medications in Pediatric Asthma,COMPLETED,PHASE4,Asthma,6 Years,15 Years,True,Effectiveness measured as number of patients free of asthmatic crisis with each molecule during the study period,,False,False
BECLOMETHASONE DIPROPIONATE,NCT01400217,"Qvar Versus Clenil, a General Practice Research Database Study",COMPLETED,,Asthma,4 Years,80 Years,True,Severe asthma exacerbation (ATS/ERS based defn); Primary composite asthma control,Exacerbation definition based on clinical experience; Asthma control + SABA usage; Treatment success; Asthma-related hospitalisations; Respiratory hospitalisations; SABA usage; ICS compliance; Oral Thrush,False,False
BECLOMETHASONE DIPROPIONATE,NCT00055666,Compassionate Use of Beclomethasone in Treating Patients With Graft-Versus-Host Disease of the Gastrointestinal Tract,COMPLETED,NA,Graft Versus Host Disease,4 Years,70 Years,True,,,False,False
BECLOMETHASONE DIPROPIONATE,NCT01520688,Effect of Flovent Discus vs QVAR vs Pulmicort Flexhaler on Short Term Growth,COMPLETED,PHASE4,Asthma,6 Years,11 Years,True,Short-term Lower Leg Growth During Treatment With Flovent Diskus 100 mcg BID or Pulmicort Flexhaler 180 mcg BID.,Short-term Lower Leg Growth During Treatment With Flovent Discus 100 mcg BID or QVAR 80 mcg BID.,False,False
BECLOMETHASONE DIPROPIONATE,NCT02040766,A Safety and Efficacy Study of Beclomethasone Dipropionate Delivered Via Breath-Actuated Inhaler (BAI) or Metered-Dose Inhaler (MDI) in Participants Ages 4-11 Y,COMPLETED,PHASE3,Asthma,4 Years,11 Years,True,Standardized Baseline-adjusted Trough Morning Percent Predicted Forced Expiratory Volume in 1 Second (FEV1) Area Under the Effect Curve From Time 0 to 12 Weeks (AUEC(0-12wk)),Change From Baseline in Weekly Average of Daily Trough Morning Peak Expiratory Flow (PEF) Over the 12-week Treatment Period; Change From Baseline in Weekly Average of Daily Evening Peak Expiratory Flow (PEF) Over the 12-week Treatment Period; Change From Baseline in the Weekly Average of Total Daily,False,False
BECLOMETHASONE DIPROPIONATE,NCT01658891,Comparison of Combination of Beclomethasone Dipropionate and Formoterol Fumarate Versus Single Components Assessed by Knemometry and Urinary Cortisol Measuremen,WITHDRAWN,PHASE3,Asthma in Children,5 Years,11 Years,True,Lower Leg Growth rate measured by Knemometry,24-hour urinary free cortisol/creatinine levels; Changes in pre-dose morning and evening PEF (L/min),True,True
BECLOMETHASONE DIPROPIONATE,NCT02040779,A 12-week Safety and Efficacy Study of Beclomethasone Dipropionate (80 and 160 mcg/Day) Delivered Via Breath-Actuated Inhaler (BAI) in Patients >=12 Years Old W,COMPLETED,PHASE3,Persistent Asthma,12 Years,,True,Standardized Baseline-Adjusted Trough Morning Forced Expiratory Volume in One Minute (FEV1) Area Under the Effect Curve From Time Zero to 12 Weeks (AUEC(0-12wk)) by Actual Treatment Received,Change From Baseline in Weekly Average of Daily Trough Morning Peak Expiratory Flow (PEF) Rate Over the 12-Week Treatment Period; Change From Baseline in Weekly Average of Daily Evening Peak Expiratory Flow (PEF) Over the 12-Week Treatment Period; Change From Baseline in Weekly Average of Total Dail,False,False
BECLOMETHASONE DIPROPIONATE,NCT01468272,Clinical Pharmacology of CHF 1535 50/6 ug Next DPI in Children 5-11 Years Old,COMPLETED,PHASE2,Asthma in Children,5 Years,11 Years,True,B17MP (active metabolite of BDP) Area Under Curve (AUC),"B17MP Cmax,Tmax,T1/2; BDP Area Under Curve (AUC), Cmax, Tmax, T1/2; Formoterol Area Under Curve (AUC), Cmax, Tmax, T1/2; plasma potassium Area Under Curve (AUC), Cmin, Tmin; Heart Rate: Time averaged Heart Rate value: AUC0-t/t; Urinary Cortisol: Amount excreted in 0-8hours (Ae),8h cortisol urinary e",False,False
BECLOMETHASONE DIPROPIONATE,NCT02577497,Effect of Extra- Fine Versus Coarse-Particle Inhaled Corticosteroids (ICS) on Ventilation Heterogeneity in Children With Poorly Controlled Asthma,COMPLETED,PHASE4,Asthma,6 Years,17 Years,True,Ventilation Heterogeneity Index (VHI),Change in Ventilation Heterogenity Index (VHI),False,False
BECLOMETHASONE DIPROPIONATE,NCT01632540,Effectiveness of Beclomethasone Dipropionate Nasal Aerosol for Perennial Allergic Rhinitis,COMPLETED,,Perennial Allergic Rhinitis (PAR),12 Years,,True,Change in Rhinitis Control Assessment Test (RCAT) Score,Change in the Abbreviated Treatment Satisfaction Questionnaire for Medication (TSQM-9) score; Change in the Work Productivity and Activity Impairment Questionnaire plus Classroom Impairment Questions: Allergy-specific (WPAI-CIQ-AS) score; Change in the Pittsburgh Sleep Quality Index (PSQI) score; Ch,False,False
BECLOMETHASONE DIPROPIONATE,NCT02513160,Study to Assess the Efficacy and Safety of Beclomethasone Dipropionate in Adolescent and Adult Patients 12 Years of Age and Older With Persistent Asthma,COMPLETED,PHASE3,Persistent Asthma,12 Years,,True,Standardized Baseline-Adjusted Trough Morning Forced Expiratory Volume in One Minute (FEV1) Area Under the Effect Curve From Time Zero to 6 Weeks (AUEC(0-6wk)),Change From Baseline in Weekly Average of Daily Trough Morning Peak Expiratory Flow (PEF) Rate Over the 6-Week Treatment Period; Change From Baseline in Weekly Average of Daily Trough Morning Forced Expiratory Volume in One Minute (FEV1) Rate Over the 6-Week Treatment Period; Change From Baseline in,False,False
BECLOMETHASONE DIPROPIONATE,NCT03855189,Safety and Efficacy of Mometasone Furoate (SCH 032088) vs Beclomethasone Dipropionate or Placebo in Seasonal Allergic Rhinitis (C93-013),COMPLETED,PHASE3,Seasonal Allergic Rhinitis,12 Years,,True,Change From Baseline in the Total Nasal Symptom Score (TNSS) (Average of Morning [AM]/Evening [PM] Score) Averaged Over Days 1 to 15 (Participant-Evaluated); Number of Participants Who Experienced ≥1 Adverse Event; Number of Participants Who Discontinued Treatment Due to An Adverse Event (AE),Change From Baseline in the TNSS At Day 4 (Physician-Evaluated); Change From Baseline in the TNSS At Day 8 (Physician-Evaluated); Change From Baseline in the TNSS At Day 15 (Physician-Evaluated); Change From Baseline in the TNSS At Day 22 (Physician-Evaluated); Change From Baseline in the TNSS At Da,False,False
LOPERAMIDE,NCT01391962,Sunitinib or Cediranib for Alveolar Soft Part Sarcoma,COMPLETED,PHASE2,"Sarcoma, Alveolar Soft Part",16 Years,120 Years,True,Part I: Objective Response Rate (ORR) of Single-agent Cediranib in Participants With Advanced Alveolar Soft Part Sarcoma (ASPS); Part I: Objective Response Rate (ORR) of Single-agent Sunitinib in Participants With Advanced Alveolar Soft Part Sarcoma (ASPS); Part II: Objective Response Rate (ORR) of ,Maximum Observed Plasma Concentration of Cediranib; Percentage of Participants With Progression-free Survival (PFS) at 24 Weeks for Participants Receiving Single-agent Cediranib and Single-agent Sunitinib Malate in Participants With Advanced ASPS During Part I; Number of Participants With Serious an,False,False
LOPERAMIDE,NCT00401388,A Trial of Perifosine in Patients With Chemo-Insensitive Sarcomas,COMPLETED,PHASE2,Chondrosarcomas; Alveolar Soft Part Sarcomas; Extra Skeletal Myxoid Chondrosarcomas,13 Years,,True,Response rate,Best overall response; Stable disease of six months or greater,False,False
LOPERAMIDE,NCT02354768,Evaluation of Lanreotide Efficacity in High Output Stoma: a Multicentric Randomized Study,TERMINATED,PHASE3,High Output Stoma,18 Years,,False,Number of ileostomy bags used per day,Number of ileostomy bags used per day; Blood urea and creatinine rates; Length of stay; Serious adverse events,True,False
IVACAFTOR,NCT01614457,Study of Ivacaftor in Subjects With Cystic Fibrosis (CF) Who Have the R117H-CF Transmembrane Conductance Regulator (CFTR) Mutation (KONDUCT),COMPLETED,PHASE3,Cystic Fibrosis,6 Years,,True,Absolute Change From Baseline in Percent Predicted Forced Expiratory Volume in 1 Second (FEV1) Through Week 24,Change From Baseline in Body Mass Index (BMI) at Week 24; Change From Baseline in Sweat Chloride Through Week 24; Change From Baseline in Cystic Fibrosis Questionnaire-Revised (CFQ-R) Respiratory Domain Score Through Week 24; Time to First Pulmonary Exacerbation; Number of Subjects With Adverse Even,False,False
IVACAFTOR,NCT03278314,Tezacaftor/Ivacaftor Combination Therapy Expanded Access Program for Patients 12 Years of Age and Older With Cystic Fibrosis,APPROVED_FOR_MARKETING,,Cystic Fibrosis,12 Years,,True,,,False,False
IVACAFTOR,NCT03068312,A Study to Evaluate Efficacy of Ivacaftor in Subjects With Cystic Fibrosis Who Have a 3849 + 10KB C→T or D1152H CFTR Mutation,COMPLETED,PHASE3,Cystic Fibrosis,6 Years,,True,Change in Lung Clearance Index 2.5 (LCI2.5),,False,False
IVACAFTOR,NCT02412111,"A Phase 3 Study of Tezacaftor (VX-661) in Combination With Ivacaftor (VX-770) in Subjects Aged 12 Years and Older With Cystic Fibrosis (CF), Who Have One F508de",COMPLETED,PHASE3,Cystic Fibrosis,12 Years,,True,Absolute Change From Baseline in Percent Predicted Forced Expiratory Volume in 1 Second (FEV1) Through Week 8,Relative Change From Baseline in Percent Predicted Forced Expiratory Volume in 1 Second (FEV1) Through Week 8; Absolute Change in Cystic Fibrosis Questionnaire-Revised (CFQ-R) Respiratory Domain Score From Baseline Through Week 8; Absolute Change From Baseline in Sweat Chloride Through Week 8; Numbe,False,False
IVACAFTOR,NCT02392234,A Phase 3 Study to Evaluate the Efficacy and Safety of Ivacaftor and VX-661 in Combination With Ivacaftor in Subjects Aged 12 Years and Older With Cystic Fibros,COMPLETED,PHASE3,Cystic Fibrosis,12 Years,,True,Absolute Change From Study Baseline in Percent Predicted Forced Expiratory Volume in 1 Second (ppFEV1) at Average of Week 4 and Week 8,Absolute Change From Study Baseline in Cystic Fibrosis Questionnaire-Revised (CFQ-R) Respiratory Domain Score at Average of Week 4 and Week 8; Number of Participants With Treatment-Emergent Adverse Events (AEs) and Serious Adverse Events (SAEs); Relative Change From Study Baseline in ppFEV1 at Avera,False,False
IVACAFTOR,NCT03475381,Real-life Follow-up of Cystic Fibrosis Patients Treated With Ivacaftor+Lumacaftor (Orkambi*),COMPLETED,,Cystic Fibrosis,12 Years,,True,Rates of treatment discontinuation; Timing of treatment discontinuation; Causes of treatment discontinuation,Forced expiratory volume in 1 sec (FEV1); Forced vital capacity (FVC); Body mass index; Pulmonary exacerbations; Chloride concentration,False,False
IVACAFTOR,NCT01381289,VX-770 Expanded Access Program,APPROVED_FOR_MARKETING,,Cystic Fibrosis,6 Years,,True,,,False,False
IVACAFTOR,NCT02730208,"A Study to Evaluate the Effect of VX-661 in Combination With Ivacaftor on Chest Imaging Endpoints in Subjects With Cystic Fibrosis, Homozygous for the F508del C",COMPLETED,PHASE2,Cystic Fibrosis,12 Years,,True,Absolute Change in Total Brody/CF-CT Score,Number of Participants With Treatment-Emergent Adverse Events (AEs) and Serious Adverse Events (SAEs),False,False
IVACAFTOR,NCT02516410,"A Study to Evaluate the Efficacy and Safety of VX-661 in Combination With Ivacaftor in Subjects Aged 12 Years and Older With Cystic Fibrosis, Heterozygous for t",COMPLETED,PHASE3,Cystic Fibrosis,12 Years,,True,Absolute Change From Baseline in Percent Predicted Forced Expiratory Volume in 1 Second (FEV1) Through Week 12,Absolute Change From Baseline in Cystic Fibrosis Questionnaire-Revised (CFQ-R) Respiratory Domain Score Through Week 12; Number of Pulmonary Exacerbation Events; Number of Pulmonary Exacerbation Events Per Year; Absolute Change From Baseline in Body Mass Index (BMI) at Week 12; Relative Change From ,False,False
IVACAFTOR,NCT00953706,Study of Ivacaftor in Cystic Fibrosis Subjects Aged 12 Years and Older Homozygous for the F508del-CFTR Mutation,TERMINATED,PHASE2,Cystic Fibrosis,12 Years,,True,Part A : Absolute Change From Part A Baseline in Percent Predicted Forced Expiratory Volume in 1 Second (ppFEV1) Through Week 16,Part A : Absolute Change From Part A Baseline in Cystic Fibrosis Questionnaire-Revised (CFQ-R) Respiratory Domain Score Through Week 16; Part A : Absolute Change From Part A Baseline in Sweat Chloride Concentration Through Week 16; Part A : Rate of Change From Baseline in Weight Through Week 16; Par,False,False
IVACAFTOR,NCT02390219,Study to Evaluate Lumacaftor and Ivacaftor Combination Therapy in Subjects 12 Years and Older With Advanced Lung Disease,COMPLETED,PHASE3,Cystic Fibrosis; Advanced Lung Disease,12 Years,,True,Number of Participants With Treatment Emergent Adverse Events (AEs) or Serious Adverse Events (SAEs),Absolute Change From Baseline in Percent Predicted Forced Expiratory Volume in 1 Second (FEV1) Up to Week 24; Absolute Change From Baseline in Forced Expiratory Volume in 1 Second (FEV1) Up to Week 24; Duration For Which Participants Received Intravenous (IV) Antibiotics; Number of Hospitalizations;,False,False
IVACAFTOR,NCT01897233,"Study of Lumacaftor in Combination With Ivacaftor in Subjects 6 Through 11 Years of Age With Cystic Fibrosis, Homozygous for the F508del-CFTR Mutation",COMPLETED,PHASE3,Cystic Fibrosis,6 Years,11 Years,True,Part A: Observed Plasma Concentration of Lumacaftor (LUM) and Ivacaftor (IVA) at Hour 4 Post-dose (C4h) on Day 1; Part A: Observed Plasma Concentration of Lumacaftor (LUM) and Ivacaftor (IVA) at Hour 4 Post-dose (C4h) on Day 14; Part A: Area Under the Plasma Concentration-Time Curve From Time 0 to E,Part A: Observed Plasma Concentration of Lumacaftor Metabolite (M28-LUM) and Ivacaftor Metabolites (M1-IVA and M6-IVA) at Hour 4 Post-dose (C4h) on Day 1 and 14; Part A: Number of Participants With Treatment-Emergent Adverse Events (AEs) and Serious Adverse Events (SAEs); Part B: Average Absolute Ch,True,False
IVACAFTOR,NCT01161537,Study of the Effect of VX-770 on Hyperpolarized Helium-3 Magnetic Resonance Imaging in Subjects With Cystic Fibrosis and the G551D Mutation,COMPLETED,PHASE2,Cystic Fibrosis,12 Years,,True,Part A: Change From Baseline in Total Ventilation Defect Defined by Hyperpolarized Helium 3 Magnetic Resonance Imaging (3He-MRI) at Day 43; Part B: Change From Baseline in Total Ventilation Defect Defined by Hyperpolarized Helium 3 Magnetic Resonance Imaging (3He-MRI) at Week 48,"Part A: Number of Participants With Adverse Events (AEs), Serious Adverse Events (SAEs) and Related AEs; Part A: Change From Baseline in Percent Predicted Forced Expiratory Volume in 1 Second (FEV1) at Day 43; Part A: Absolute Change From Baseline in Sweat Chloride at Day 43; Part A: Absolute Change",False,False
IVACAFTOR,NCT05599230,Daily Monitoring of Respiratory Symptoms and Spirometry During ETI Treatment in Persons With Cystic Fibrosis.,UNKNOWN,,Cystic Fibrosis,12 Years,,True,FEV1 changes from baseline (3 days before treatment) to Day 14 under ETI,Respiratory symptoms score changes from baseline (3 days before treatment) to Day 14 under ETI,False,False
IVACAFTOR,NCT01946412,Roll-Over Study of Ivacaftor in Cystic Fibrosis Pediatric Subjects With a CF Transmembrane Conductance Regulator Gene (CFTR) Gating Mutation,COMPLETED,PHASE3,Cystic Fibrosis,2 Years,,True,Number of Participants With Treatment-Emergent Adverse Events (AEs) and Serious Adverse Events (SAEs),"Absolute Change From Baseline of Parent Study in Sweat Chloride at Week 24, 48, 72 and 84; Absolute Change From Baseline of Study 109 in Sweat Chloride at Week 24, 48, 72 and 84; Absolute Change From Baseline of Parent Study in Weight at Week 12, 24, 36, 48, 60, 72 and 84; Absolute Change From Basel",True,False
IVACAFTOR,NCT02514473,"A Study to Evaluate the Efficacy and Safety of Lumacaftor in Combination With Ivacaftor in Subjects With CF, Homozygous for the F508del-CFTR Mutation",COMPLETED,PHASE3,Cystic Fibrosis,6 Years,11 Years,True,Absolute Change From Baseline in Lung Clearance Index 2.5 (LCI2.5) Through Week 24,Average Absolute Change From Baseline in Sweat Chloride at Day 15 and Week 4; Absolute Change From Baseline in Body Mass Index (BMI) at Week 24; Absolute Change From Baseline in Cystic Fibrosis Questionnaire-Revised (CFQ-R) Respiratory Domain Score Through Week 24; Absolute Change From Baseline in L,True,False
IVACAFTOR,NCT03512119,Observational Study of Glucose Tolerance Abnormalities in Patient With Cystic Fibrosis Homozygous for Phe 508 Del CFTR Treated by Lumacaftor-Ivacaftor,COMPLETED,,Cystic Fibrosis Homozygous for Phe 508 Del CFTR; Glucose Intolerance or Newly Diagnosis Diabetes,12 Years,,True,"Measure of 2 hours plasma glucose value (mmol/l) of OGTT, change from baseline at one year of Lumacaftor-Ivacaftor treatment","Fasting and one hour glucose value of OGTT (mmol/l); C peptide and insulin values at T0, 1 , 2 hours of OGTT (µg/l); Glucose, insulin and C peptide AUC of OGTT (µU/L); HOMA -R , HOMA-S; Mean glucose value per day and 2 h after meal (mg/dl); Duration in hypoglycemic area [hypo CGM = 2 consecutive val",False,False
IVACAFTOR,NCT01931839,A Phase 3 Rollover Study of Lumacaftor in Combination With Ivacaftor in Subjects 12 Years and Older With Cystic Fibrosis,COMPLETED,PHASE3,"Cystic Fibrosis, Homozygous or Heterozygous for the F508del-CFTR Mutation",12 Years,,True,Part A Treatment Cohort: Number of Participants With Treatment-Emergent Adverse Events (AEs) and Serious Adverse Events (SAEs); Part B Treatment Cohort: Number of Participants With Treatment-Emergent AEs and SAEs,"Part A Treatment Cohort: Absolute Change From Baseline in Percent Predicted Forced Expiratory Volume in 1 Second (FEV1) At Day 15, Week 8, 16, 24, 36, 48, 60 and 72; Part B Treatment Cohort: Absolute Change From Baseline in Percent Predicted FEV1 at Day 15, Week 8, 16, 24, 36, 48, 60 and 72; Part A ",False,False
IVACAFTOR,NCT02871778,Clearing Lungs With ENaC Inhibition in Primary Ciliary Dyskinesia,COMPLETED,PHASE2,Primary Ciliary Dyskinesia,12 Years,,True,Part A: Number of Participants With Treatment Emergent Adverse Events (TEAEs) and Serious TEAEs; Part B: Number of Participants With Treatment Emergent Adverse Events (TEAEs) and Serious TEAEs; Part A: Absolute Change From Study Baseline in Percent Predicted Forced Expiratory Volume in 1 Second (ppF,Part A: Change From Study Baseline in Quality of Life-Primary Ciliary Dyskinesia (QOL-PCD) (Adult Version) Lower Respiratory Symptoms Domain Score at Day 29; Part B: Change From Study Baseline in Quality of Life-Primary Ciliary Dyskinesia (QOL-PCD) (Adult Version) Lower Respiratory Symptoms Domain S,False,False
IVACAFTOR,NCT00909532,Study of Ivacaftor in Cystic Fibrosis Subjects Aged 12 Years and Older With the G551D Mutation,COMPLETED,PHASE3,Cystic Fibrosis,12 Years,,True,Absolute Mean Change From Baseline in Percent Predicted Forced Expiratory Volume in 1 Second (FEV1) Through Week 24,"Absolute Mean Change From Baseline in Percent Predicted FEV1 Through Week 48; Absolute Change From Baseline in Cystic Fibrosis Questionnaire-Revised (CFQ-R) Score Through Week 24 and Week 48 (Respiratory Domain Score, Pooled); Absolute Change From Baseline in Sweat Chloride Concentration Through Wee",False,False
IVACAFTOR,NCT04006873,Gut Imaging for Function & Transit in Cystic Fibrosis Study 2,COMPLETED,PHASE2,Cystic Fibrosis,12 Years,40 Years,True,Oro-caecal Transit Time,Gastric volume; Small bowel water content (corrected for body surface area); Colonic volume (corrected for body surface area); Gastrointestinal symptoms,False,False
IVACAFTOR,NCT01807923,A Study of Lumacaftor in Combination With Ivacaftor in Cystic Fibrosis Subjects Aged 12 Years and Older Who Are Homozygous for the F508del-CFTR Mutation,COMPLETED,PHASE3,"Cystic Fibrosis, Homozygous for the F508del CFTR Mutation",12 Years,,True,Absolute Change From Baseline in Percent Predicted Forced Expiratory Volume in 1 Second (FEV1) at Week 24,Relative Change From Baseline in Percent Predicted FEV1 at Week 24; Absolute Change From Baseline in Body Mass Index (BMI) at Week 24; Absolute Change From Baseline in Cystic Fibrosis Questionnaire-Revised (CFQ-R) Respiratory Domain Score at Week 24; Percentage of Participants With Response Based on,False,False
IVACAFTOR,NCT02194881,Ivacaftor in French Patients With Cystic Fibrosis and a G551D Mutation,COMPLETED,,Cystic Fibrosis,6 Years,,True,FEV1 (in liters and in % predicted),pulmonary exacerbations; number of hospitalizations and number of days of hospitalization per year; number of antibiotic treatments and number of days of antibiotic treatments; respiratory colonization; nutritional status; Adverse events,False,False
IVACAFTOR,NCT02347657,"A Randomized, Double-Blind, Placebo-Controlled, Parallel-Group Study to Evaluate the Efficacy and Safety of VX-661 in Combination With Ivacaftor",COMPLETED,PHASE3,Cystic Fibrosis,12 Years,,True,Absolute Change From Baseline (Day 1) in Percent Predicted Forced Expiratory Volume in 1 Second (ppFEV1) Through Week 24,Relative Change From Baseline (Day 1) in ppFEV1 Through Week 24; Number of Pulmonary Exacerbations Per Year; Absolute Change From Baseline (Day 1) Body Mass Index (BMI) at Week 24; Absolute Change From Baseline (Day 1) in Cystic Fibrosis Questionnaire-Revised (CFQ-R) Respiratory Domain Score Through,False,False
IVACAFTOR,NCT01707290,Rollover Study of Ivacaftor in Subjects With Cystic Fibrosis and a Non G551D CFTR Mutation,COMPLETED,PHASE3,Cystic Fibrosis,6 Years,,True,Number of Participants With Treatment Emergent Adverse Events (TEAEs) or Serious Adverse Events (SAEs) in Ivacaftor Arm,"Absolute Change From Baseline in Percent Predicted Forced Expiratory Volume in 1 Second (FEV1) at Week 2, 12, 24, 36, 48, 60, 72, 84, 96, and 104; Absolute Change From Baseline in Body Mass Index (BMI) at Week 2,12, 24, 36, 48, 60, 72, 84, 96 and 104; Absolute Change From Baseline in Sweat Chloride ",False,False
IVACAFTOR,NCT04732910,Modulate-CF: Cystic Fibrosis Transmembrane Regulator (CFTR) Biomarker Study to Evaluate the Rescue of Mutant CFTR in Patients With Cystic Fibrosis Treated With ,RECRUITING,,Cystic Fibrosis,6 Months,,True,Intestinal current measurement (ICM),Forced expiratory volume in 1 second (FEV1); Nasal potential Difference (NPD); Sweat chloride; Lung clearance index (LCI); Lung magnetic resonance imaging (MRI); Lung computer tomography; Paranasal sinus magnetic resonance imaging (MRI); Fecal elastase; Weight; Airway Microbiome; Sputum Elasticity; ,False,False
IVACAFTOR,NCT05576324,Effect of the CFTR-modulating Triple Therapy Elexacaftor - Tezacaftor - Ivacaftor,UNKNOWN,,Cystic Fibrosis,6 Years,,True,Peripheral Blood Immunograms; Peripheral Blood Immunograms,"Shear Wave Velocity (SWV); Shear Wave Velocity (SWV); Attenuation Coefficient (AC); Attenuation Coefficient (AC); Serum bile acids; Serum bile acids; Respiratory function test (FEV1, FVC); Respiratory function test (FEV1, FVC); Blood cell count; Blood cell count; Erythrocytoid hemoglobin A1c; Erythr",False,False
IVACAFTOR,NCT01784419,Short Term Effects of Ivacaftor in Non-G551D Cystic Fibrosis Patients,COMPLETED,NA,Cystic Fibrosis,6 Years,,True,Sweat Chloride Concentration,Spirometry; Multibreath Washout Testing,False,False
IVACAFTOR,NCT04509050,Study to Evaluate Biological & Clinical Effects of Significantly Corrected CFTR Function in Infants & Young Children,RECRUITING,,Cystic Fibrosis,,10 Years,False,Part A Primary Outcome Measure: Change in weight-for-age z-scores; Part A Primary Outcome Measure: Change in height-for-age z-scores; Part B Primary Outcome Measure: Change in weight-for-age z-scores; Part B Primary Outcome Measure: Change in height-for-age z-scores,,True,True
IVACAFTOR,NCT01685801,Pilot Study Testing the Effect of Ivacaftor on Lung Function in Subjects With Cystic Fibrosis and Residual CFTR Function,COMPLETED,PHASE2,Cystic Fibrosis,12 Years,,True,Cycle 1 and Cycle 2: Absolute Change From Cycle Baseline In Percent Predicted Forced Expiratory Volume In 1 Second (FEV1) After 2 Weeks of Treatment,Cycle 1 and Cycle 2: Absolute Change From Cycle Baseline In Lung Clearance Index (LCI) After 2 Weeks of Treatment; Open-label Period: Absolute Change From Open-label Baseline In Percent Predicted Forced Expiratory Volume In 1 Second (FEV1) at Day 57; Open-label Period: Absolute Change From Open-labe,False,False
IVACAFTOR,NCT01614470,Study of Ivacaftor in Subjects With Cystic Fibrosis (CF) Who Have a Non-G551D CF Transmembrane Conductance Regulator (CFTR) Gating Mutation,COMPLETED,PHASE3,Cystic Fibrosis,6 Years,,True,Part 1: Absolute Change From Baseline in Percent Predicted Forced Expiratory Volume in 1 Second (FEV1) Through Week 8; Part 2: Absolute Change From Baseline in Percent Predicted Forced Expiratory Volume in 1 Second (FEV1) Through 24 Weeks of Treatment (Week 36 Visit),Part 1: Change From Baseline in Body Mass Index (BMI) at Week 8; Part 2: Change From Baseline in Body Mass Index (BMI) at 24 Weeks of Treatment (Week 36 Visit); Part 1: Change From Baseline in Sweat Chloride Through Week 8; Part 2: Change From Baseline in Sweat Chloride Through 24 Weeks of Treatment,False,False
IVACAFTOR,NCT00909727,Study of Ivacaftor in Cystic Fibrosis Subjects Aged 6 to 11 Years With the G551D Mutation,COMPLETED,PHASE3,Cystic Fibrosis,6 Years,11 Years,True,Absolute Change From Baseline in Percent Predicted Forced Expiratory Volume in 1 Second (FEV1) Through Week 24,"Absolute Change From Baseline in Percent Predicted Forced Expiratory Volume in 1 Second (FEV1) Through Week 48; Absolute Change From Baseline in Cystic Fibrosis Questionnaire-Revised (CFQ-R) Through Week 24 and Week 48 (Respiratory Domain Score, Children); Absolute Change From Baseline in Sweat Chlo",False,False
IVACAFTOR,NCT02742519,A Study to Evaluate Efficacy and Safety of Ivacaftor in Subjects With Cystic Fibrosis Aged 3 Through 5 Years Who Have a Specified CFTR Gating Mutation,TERMINATED,PHASE3,Cystic Fibrosis,3 Years,5 Years,True,Absolute Change From Baseline in Lung Clearance Index (LCI2.5) Through 8 Weeks of Treatment (Average of Week 4 and Week 8 LCI2.5),Absolute Change From Baseline in Immunoreactive Trypsinogen Levels at Week 8; Absolute Change From Baseline in Fecal Elastase-1 Levels at Week 8; Absolute Change From Baseline in Weight at Week 8; Absolute Change From Baseline in Body Mass Index (BMI) at Week 8; Number of Subjects With Adverse Event,False,False
IVACAFTOR,NCT01807949,A Study of Lumacaftor in Combination With Ivacaftor in Cystic Fibrosis Subjects Aged 12 Years and Older Who Are Homozygous for the F508del-CFTR Mutation,COMPLETED,PHASE3,"Cystic Fibrosis, Homozygous for the F508del CFTR Mutation",12 Years,65 Years,True,Absolute Change From Baseline in Percent Predicted Forced Expiratory Volume in 1 Second (FEV1) at Week 24,Relative Change From Baseline in Percent Predicted FEV1 at Week 24; Absolute Change From Baseline in Body Mass Index (BMI) at Week 24; Absolute Change From Baseline in Cystic Fibrosis Questionnaire-Revised (CFQ-R) Respiratory Domain Score at Week 24; Percentage of Participants With Response Based on,False,False
IVACAFTOR,NCT05699148,Gut Imaging for Function and Transit in Cystic Fibrosis 3 Junior,UNKNOWN,,Cystic Fibrosis,6 Years,11 Years,True,Delta Small Bowel Water (DeltaSBW),Small bowel water content; Liver volume; Liver elastography; Lung ventilation,False,False
AMINO ACIDS,NCT06913621,The Use of High Bile-Binding Foods to Reduce Upper Gastrointestinal Bile Acid Concentrations (Aim 3),NOT_YET_RECRUITING,,Feeding Difficulties; Gastrostomy; Aspiration,5 Years,21 Years,True,total hospitalization and emergency room visits rates,"differences in pulmonary, gastrointestinal or ICU admission rates; differences in bile acid concentrations; correlations between microbial abundance and diversity and hospitalization and emergency room visit rates; differences in metagenomic patterns between diets; correlations between admission rat",False,False
AMINO ACIDS,NCT02379598,Effect of Therapy With Aminoacid Based Formula Versus Hydrolyzed Whey Proteins in Children With Cow's Milk Allergy,COMPLETED,,Cow's Milk Allergy,5 Months,12 Months,True,change of z-score weight at 12 months,change of body mass index at 12 months,False,False
AMINO ACIDS,NCT06652698,Early Supplementation for Cow's Milk Allergy Prevention,NOT_YET_RECRUITING,NA,Food Allergy; Cow's Milk Allergy,,24 Hours,False,A cumulative incidence of cow's milk allergy confirmed by open oral food challenge,A cumulative incidence of sensitization to cow's milk protein (cut-off levels for specific IgE level ≥0.35 allergen units [UA/mL] and ≥3 mm of wheal size in the skin prick test against cow's milk; A point prevalence of cow's milk allergy confirmed by open oral food challenge; An incidence of sensiti,True,False
AMINO ACIDS,NCT02575170,Amino Acid Infusion in Mothers Before and During Cesarean Delivery,COMPLETED,NA,Hypothermia,,,False,neonatal rectal temperature; neonatal rectal temperature; neonatal rectal temperature,APGAR score of newborn; number of newborn with adequate suckling reflex; scale assessing the discomfort related to cold sensation in mother; number of mothers who developed shivering; length of hospital stay of mother; length of hospital stay of newborn; change in maternal rectal temperature compare,True,False
AMINO ACIDS,NCT04127656,Infants Fed an Amino Acid-based Formula,TERMINATED,NA,Food Allergy,,12 Months,False,Food Allergy Symptom Improvement,Time to Symptom Resolution or Reduction; Change in Length; Change in Weight; Study Formula Intake,True,False
AMINO ACIDS,NCT01860404,BCAA Supplementation for Concussion,COMPLETED,PHASE2,Brain Concussion,11 Years,34 Years,True,Reaction Time Difference Between Drug and Placebo Groups,Clinical Symptoms; Return to Physical Activity Baseline; Neurocognitive Recovery-- Attention; Compliance and Adherence to Treatment; Tolerability of BCAA's Based on Adverse Events; Safety and BCAA Supplementation; Neurocognitive Recovery-- Working Memory; Neurocognitive Recovery-- Visual Memory; Ret,False,False
AMINO ACIDS,NCT01584245,Evaluation of the Efficacy of an Amino Acid Based Formula in Infants,TERMINATED,NA,Cow's Milk Allergy,1 Month,12 Months,True,Weight gain,Allergic manifestations,False,False
AMINO ACIDS,NCT01940068,A Double-blind Randomized Controlled Trial of a Thickened Amino-acid-based Formula in Children Allergic to Cow's Milk and to Protein Hydrolysates,COMPLETED,NA,Cow Milk Allergy,2 Weeks,18 Months,True,Number of withdrawal for intolerance,,False,False
AMINO ACIDS,NCT07459504,SMART Diets for MASLD,RECRUITING,PHASE2,Metabolic-dysfunction Associated Steatotic Liver Disease,11 Years,17 Years,True,Change in hepatic steatosis,Change in fasting triglyceride; Change in HDL; Change in VLDL-triglyceride; Change in Waist circumference; Change in body weight; Change in BMI Z Score; Change in Alanine Aminotransferase (ALT); Aspartate Aminotransferase (AST); Gamma glutamyl transferase (GGT); Systolic blood pressure; Diastolic bl,False,False
AMINO ACIDS,NCT04425642,Effects of Parenteral Nutrition in HSCT,COMPLETED,NA,Hematologic Malignancy,2 Years,,True,Number of patients with low tolerability of different parenteral nutrition schemes in HSCT According CTCAE ver. 5.0,Changes in body weight in HSCT depending on nutritional support approach; Changes in body mass index in HSCT depending on nutritional support approach; Changes in body composition in HSCT depending on nutritional support approach; Changes in resting energy expenditure in HSCT depending on nutritiona,False,False
AMINO ACIDS,NCT06133231,Optimizing Research With Diverse Families - Feasibility and Acceptability Study (FAST),RECRUITING,NA,Attention Deficit/Hyperactivity Disorder; Emotional Dysfunction; Irritable Mood,6 Years,17 Years,True,Feasibility measured by count of consumed multinutrients; Abbreviated Acceptability Rating Profile - 7 questions on a 6-point Likert scale,Feasibility of Capillary Blood Collection; Acceptability of Capillary Blood Collection; Feasibility of Collecting 24-hour Urine; Acceptability of Collecting 24-hour Urine; Child and Adolescent Symptom Inventory (CASI-5); Clinical Global Impression - Improvement (CGI-I); Clinical Global Impression - ,False,False
AMINO ACIDS,NCT00187811,The Safety and Efficacy of Photodynamic Therapy for Femoral Artery Stenosis,UNKNOWN,PHASE2; PHASE3,Atherosclerotic Narrowing of the Superficial Femoral Artery; Atherosclerotic Occlusion of the Superficial Femoral Artery,0 Years,,True,"Death; Procedural complications (occlusion, haematoma); Arterial complications: aneursym, thrombus; Surgical revascularisation (Emergency/Elective); Repeat PTA; Limb loss","Reccurence of claudication; > 50% loss of initial lumen gain on duplex scanning; PSVR > 2.0; Fall in ABPI; Measured Pre procedure, at 24h then at 1, 3 and 6 months.; A final follow up is planned at 3-5 years",False,False
TIOTROPIUM BROMIDE,NCT02066298,Steroids In Eosinophil Negative Asthma,COMPLETED,PHASE3,Asthma,12 Years,,True,"Pairwise Comparison of Treatments Based on Composite Measure Using Treatment Failures, Asthma Control Days, and Percent Predicted FEV1.",Treatment Failure; Annualized Asthma Control Days; Forced Expiratory Volume at One Second (FEV1) Percent of Predicted; Peak Expiratory Flow Rate; Asthma Exacerbations,False,False
TIOTROPIUM BROMIDE,NCT01383499,A Study to Evaluate Efficacy and Safety of Tiotropium in Children 6 to 11 Years Old With Moderate Asthma,COMPLETED,PHASE2,Asthma,6 Years,11 Years,True,Forced Expiratory Volume (FEV1) Peak (0-3h) Response,Trough FEV1 Response; Forced Vital Capacity (FVC) Peak (0-3h) Response; FVC Trough Response; FEV1 Area Under the Curve From 0 to 3 h (AUC0-3h) Response; FVC Area Under the Curve From 0 to 3 h (AUC0-3h) Response; Mean Morning Peak Expiratory Flow (PEF) Response; Mean Evening PEF Response; Change From,False,False
TIOTROPIUM BROMIDE,NCT01634139,Efficacy and Safety of 2 Doses of Tiotropium Respimat® Compared to Placebo in Children With Moderate Persistent Asthma,COMPLETED,PHASE3,Asthma,6 Years,11 Years,True,FEV1 Peak (0-3h) Change From Baseline,Trough FEV1 Change From Baseline; FEV1 Peak (0-3h) at Week 48 Change From Baseline; FEV1 AUC (0-3h) Change From Baseline; FEV1 Change From Baseline at Each Individual Timepoint; FVC Peak(0-3h) Change From Baseline; Trough FVC Change From Baseline; FVC AUC (0-3h) Change From Baseline; FVC Change From,False,False
PANCRELIPASE,NCT01865695,Creon Use in Coeliac Patients With Low Faecal Pancreatic Elastase,TERMINATED,PHASE4,Patients With Coeliac Disease and Chronic Diarrhoea (>3 Loose/ Liquid Motions a Day for More Than 4 Weeks); Patients With Pancreatic Exocrine Insufficiency,16 Years,,True,Stool frequency in patients with low faecal pancreatic elastase following six weeks of treatment,Quality of life; body mass index,False,False
PANCRELIPASE,NCT00432861,Evaluation of the Safety and Efficacy of Pancrecarb® MS-16 in Cystic Fibrosis,COMPLETED,PHASE3,Cystic Fibrosis; Pancreatic Insufficiency,7 Years,,True,percent coefficient of fat absorption (% CFA),percent coefficient of nitrogen absorption (% CNA); change in stool frequency and stool weight,False,False
PANCRELIPASE,NCT07450547,Phase 2 Study to Assess the Safety and Efficacy of ANG003,RECRUITING,PHASE2,Exocrine Pancreatic Insufficiency (EPI); Cystic Fibrosis (CF),12 Years,,True,Adverse events (AEs); Treatment-emergent AEs; Serious AEs; Discontinuation due to AEs; Clinical laboratory values; Coefficient of Fat Absorption (CFA),Plasma docosahexaenoic acid (DHA) and eicosapentaenoic acid (EPA) (ug/mL); Coefficient of Nitrogen Absorption (CNA); % of subjects with GI symptoms; Cumulative stool weight; Number of Stools per Day,False,False
PANCRELIPASE,NCT01228643,Effectiveness of Pancreatic Enzymes in Patients Pancreatic Insufficient: Comparison of Two Drugs,WITHDRAWN,PHASE3,Chronic Renal Failure,14 Years,65 Years,True,Balance of fat in feces.,Prove the efficacy of pancreatic enzyme Norzyme ® through the activity of lipase in the formulation contained in the control of steatorrhea,False,False
PANCRELIPASE,NCT00690820,Study Investigating a Delayed-Release Pancrelipase in Patients With Pancreatic Exocrine Insufficiency (PEI) Due to Cystic Fibrosis (CF),COMPLETED,PHASE3,Cystic Fibrosis; Pancreatic Exocrine Insufficiency,7 Years,11 Years,True,Coefficient of Fat Absorption (%),Coefficient of Nitrogen Absorption (%); Total Fat Excretion (Grams); Total Stool Weight (Grams); Stool Frequency; Percentage of Days With no Flatulence.; Percentage of Days With Formed/Normal Stools.; Percentage of Days With no Abdominal Pain.,False,False
PANCRELIPASE,NCT02137382,"A Double-blind, Randomized, Multicenter, Cross-over Study to Compare the Effect of Creon N and Creon® on Fat Digestion in Subjects ≥ 12 Years of Age With Pancre",COMPLETED,PHASE3,Pancreatic Exocrine Insufficiency Due to Cystic Fibrosis,12 Years,,True,Coefficient of Fat Absorption (CFA),Coefficient of Nitrogen Absorption (CNA).; Total Fat Excretion; Stool Frequency; Percentage of Days With no Flatulence; Percentage of Days With no Abdominal Pain; Percentage of Days With Formed/Normal Stools,False,False
PANCRELIPASE,NCT03924947,A Study to Compare US Marketed Creon Manufactured With a Modernized Process at an Alternate Manufacturing Site and Manufactured With the Approved Manufacturing ,COMPLETED,PHASE4,Cystic Fibrosis,12 Years,,True,Part 1 Coefficient of Fat Absorption (CFA); Part 2 Coefficient of Fat Absorption (CFA),Coefficient of Nitrogen Absorption (CNA); Stool Fat; Stool Weight,False,False
PANCRELIPASE,NCT01327703,Control of Steatorrhea in Participants With Cystic Fibrosis and Exocrine Pancreatic Insufficiency,COMPLETED,PHASE4,Exocrine Pancreatic Insufficiency; Cystic Fibrosis,7 Years,,True,Percent Coefficient of Fat Absorption (CFA),Mean Daily Number of Stools; Percentage of Stools With Normal Consistency; Total Weight of Stools; Mean Weight Per Stool Sample; Relative Frequency of Days With Abdominal Symptoms; Percentage of Participants With Abdominal Distension; Percent Coefficient of Fat Absorption (CFA) Based on Concomitant ,False,False
PANCRELIPASE,NCT00217204,"An Effectiveness, Safety, and Palatability Study of Pancrelipase Microtablets in Infants and Toddlers With Cystic Fibrosis and Fat Malabsorption",COMPLETED,PHASE2,Cystic Fibrosis; Steatorrhea,6 Months,30 Months,True,Change in coefficient of fecal fat absorption from baseline to end of study period. Palatability. Percent carbon dioxide expired by 13C-mixed triglyceride breath test measuring exogenous lipase activity.,"Clinical Global Impression Severity Subscale. Global Change Subscale. Weight gain/loss. Global Assessment effectiveness. Nitrogen excretion/24 hr. Mean dose of pancrease assessed/day & weight. Mean daily calories, fat intake. Coefficient fat absorption",False,False
PANCRELIPASE,NCT00006063,Randomized Study of Pancrelipase With Bicarbonate (PANCRECARB) Capsules in Reducing Steatorrhea in Patients With Cystic Fibrosis,COMPLETED,NA,Cystic Fibrosis,0 Years,,True,,,False,False
PANCRELIPASE,NCT01427712,Special Investigation (All Cases) of LipaCreon in Patients With Pancreatic Exocrine Insufficiency Due to Cystic Fibrosis,COMPLETED,,Cystic Fibrosis; Exocrine Pancreatic Insufficiency; Pancreatic Diseases; Digestive System Diseases,1 Year,99 Years,True,Number of Patients With Adverse Drug Reaction,Nutritional Endpoints - BMI; Nutritional Endpoints - Serum Total Protein; Nutrition Endpoints - Albumin; Nutrition Endpoints - Total Cholesterol; Nutrition Endpoints - Triglycerides; Nutrition Endpoints - Haemoglobin; Symptoms Related to Exocrine Pancreatic Insufficiency - Steatorrhoea; Symptoms Rel,False,False
PANCRELIPASE,NCT00775528,Study Investigating a Delayed-Release Pancrelipase in Patients With Pancreatic Exocrine Insufficiency Due to Cystic Fibrosis,COMPLETED,PHASE3,Cystic Fibrosis; Pancreatic Exocrine Insufficiency,1 Month,6 Years,True,Number of Patients With at Least One Treatment Emergent Adverse Event (TEAE),Stool Fat (% Fat); Fat Intake (g); Total Calorie Intake (kcal),False,False
PANCRELIPASE,NCT00662675,A Study of the Efficacy and Tolerability of Pancrelipase Microtablet (MT) Capsules for the Treatment of Cystic Fibrosis-dependent Exocrine Pancreatic Insufficie,COMPLETED,PHASE3,Exocrine Pancreatic Insufficiency; Steatorrhea; Malabsorption Syndromes; Cystic Fibrosis,7 Years,60 Years,True,Change in the Coefficient of Fat Absorption (COA-fat Percent),Change in Percent COA-Protein (Nitrogen); Percent of Patients Reporting Clinical Signs and Symptoms of Exocrine Pancreatic Insufficiency (EPI) During the Double-Blind Phase,False,False
PANCRELIPASE,NCT02372383,Improving Treatment of Nontuberculous Mycobacterial Infection in Cystic Fibrosis,COMPLETED,NA,Cystic Fibrosis,16 Years,45 Years,True,Median Maximal Drug Concentration (Cmax),Other PK Measures: Median Time to Maximal Drug Concentration (Tmax); Other PK Measures: Half-life (t1/2); Other PK Measures: Drug Clearance; Other PK Measures: Volume of Distribution (Vd); Covariates of PK Measures: C-reactive Protein (CRP); Covariates of PK Measures: Circulating Neutrophil Count; C,False,False
PANCRELIPASE,NCT02415959,Efficacy and Safety Study of Creon IR in Subjects With Pancreatic Exocrine Insufficiency Due to Cystic Fibrosis,COMPLETED,PHASE2,Exocrine Pancreatic Insufficiency in Subjects With Cystic Fibrosis,12 Years,,True,Coefficient of Fat Absorption (CFA),Coefficient of Nitrogen Absorption (CNA); Stool Fat Content; Stool Weight,False,False
PANCRELIPASE,NCT00880100,Use of Ultrase® MT12 in Young Cystic Fibrosis Children (CF),COMPLETED,PHASE3,Cystic Fibrosis; Pancreatic Insufficiency,2 Years,6 Years,True,Percentage of Patients With Control of Steatorrhea,Percentage of Patients With Normal Stool Frequency; Percentage of Stools With Normal Consistency; Percentage of Stools With Abnormal Characteristics; Mean Number of Days Without Abdominal Complaints,False,False
PANCRELIPASE,NCT01747330,Evaluation of Safety and Tolerability of Creon Micro in Children Younger Than Four Years With Pancreatic Exocrine Insufficiency,COMPLETED,PHASE3,Pancreatic Exocrine Insufficiency,,4 Years,False,Body Weight; Height; Stool Frequency; Stool Consistency; Subject's Acceptance of Treatment,Number of Subjects With Adverse Events; Pulse; Number of Participants With Findings During Physical Examination; Number of Participants With Clinical Relevant Safety Laboratory Values,True,True
PANCRELIPASE,NCT01652157,Long-term Study in US Cystic Fibrosis Patients Receiving Digestive Enzyme Supplements to Assess Narrowing of the Large Intestine Causing Adverse Intestinal Symp,TERMINATED,,Fibrosing Colonopathy,0 Months,99 Years,True,Incidence rate of fibrosing colonopathy confirmed by an independent adjudication panel in patients receiving ZENPEP; Incidence rate of fibrosing colonopathy confirmed by an independent adjudication panel in patients receiving ULTRESA; Incidence rate of fibrosing colonopathy confirmed by an independe,Odds ratio (95% confidence interval) to quantify the association between possible risk factors and confirmed fibrosing colonopathy,False,False
PANCRELIPASE,NCT00513682,Efficacy and Safety of Ultrase® MT20 in Improving the Coefficient of Fat Absorption (CFA) in Children With Cystic Fibrosis (CF) and Pancreatic Insufficiency (PI,COMPLETED,PHASE3,Cystic Fibrosis; Pancreatic Insufficiency,7 Years,11 Years,True,Percent Coefficient of Fat Absorption (CFA),Percent Coefficient of Nitrogen Absorption (CNA),False,False
PANCRELIPASE,NCT00510484,Study Investigating a Delayed-Release Pancrelipase in Patients With Exocrine Pancreatic Insufficiency Due to Cystic Fibrosis,COMPLETED,PHASE3,Cystic Fibrosis,12 Years,,True,Coefficient of Fat Absorption (%),Coefficient of Nitrogen Absorption (%); Total Fat Excretion (Grams); Total Stool Weight (Grams); Stool Frequency; Percentage of Days With no Flatulence.; Percentage of Days With no Abdominal Pain.,False,False
METRONIDAZOLE,NCT00667368,Bacterial Vaginosis Home Screening to Prevent STDs,COMPLETED,PHASE3,Bacterial Vaginosis,15 Years,25 Years,True,One-year Incidence of Chlamydial and Gonococcal Infections in Women Who Receive Screening (Every 2 Months) and Treatment for Asymptomatic Bacterial Vaginosis as Compared to a Control Group With Regular Monitoring (Every 2 Months) But no Treatment,Percentage of Women Testing Positive for Bacterial Vaginosis (BV) Through 12 Months,False,False
METRONIDAZOLE,NCT05497206,ROSA® Hip System THA PMCF,TERMINATED,NA,"Osteoarthritis, Hip; Avascular Necrosis of Hip",18 Years,80 Years,False,Accuracy of implant position,Evaluation of Patient safety; Patient Reported Outcome Measure (Oxford Hip Score); Numeric Pain Rating Scale (NPRS); Subject Satisfaction; Clinical performance will be assessed with evaluation of range of motion.; Clinical performance will be assessed with evaluation of stability using the Trendelen,True,False
METRONIDAZOLE,NCT00313131,Study of the Management of Vaginal Discharge in West African Using Single Dose Treatments,COMPLETED,PHASE3,Bacterial Vaginosis; Candidiasis; Vaginitis,11 Years,,True,Symptomatic resolution of the vaginal discharge according to the patient,Objective resolution of the vaginal discharge according to the study nurse or medical officer,False,False
METRONIDAZOLE,NCT07086937,Efficacy of Nitazoxanide Based Therapy vs Standard Triple Therapy in H-pylori in Children,COMPLETED,NA,Helicobacter Pylori Infection,2 Years,12 Years,True,Treatment efficacy,,False,False
METRONIDAZOLE,NCT03507556,Regeneration of Immature Teeth. Case Series,ACTIVE_NOT_RECRUITING,NA,Revascularization,6 Years,20 Years,True,complete healing,,False,False
METRONIDAZOLE,NCT02789865,Clinical Trial Comparing ERAT vs Antibiotic Therapy vs Appendectomy for Treatment of Uncomplicated Acute Appendicitis,UNKNOWN,PHASE2,Acute Appendicitis,12 Years,75 Years,True,duration of abdominal pain,mean hospital stay; duration of fever; duration of leukocytosis; bed time; rate of complication; rate of recurrence; rate of appendectomy,False,False
METRONIDAZOLE,NCT06387147,ORal Antibiotics in Acute Mesenteric Ischemia,RECRUITING,PHASE3,Acute Mesenteric Ischemia,18 Years,90 Years,False,The primary objective is to assess the efficacy of oral antibiotics compared to placebo on reducing the rate of intestinal necrosis or death (composite primary outcome) in AMI patients within 30 days following the randomisation.,the rate of intestinal necrosis in the 30 days following the randomisation; the rate of short bowel syndrome (<200cm of remnant small bowel) at day-30 following the randomisation; the length of intestinal resection at day-30 following the randomisation; the occurrence of organ failures within the 30,True,False
METRONIDAZOLE,NCT01799356,Moxifloxacin Versus Ofloxacin Plus Metronidazole in Uncomplicated Pelvic Inflammatory Disease: Multicenter Randomized Controlled Trials,COMPLETED,PHASE4,Pelvic Inflammatory Disease,14 Years,45 Years,True,Clinically cure,Microbiological cure,False,False
METRONIDAZOLE,NCT03069976,"""Overlap Syndrome and PSC: Evaluating Role of Gut Microflora and Its Identification With Antibiotics in Children""",COMPLETED,NA,Primary Sclerosing Cholangitis; Autoimmune Hepatitis; Overlap Syndrome,3 Years,25 Years,True,Liver function test,Microbiome; Bile acid profile,False,False
METRONIDAZOLE,NCT00360607,A Comparative Phase IV Study Evaluating Efficacy & Safety Of Magnex(Cefoperazone-Sulbactam) In Intraabdominal Infections,COMPLETED,PHASE4,Infection,12 Years,,True,"Proportion of clinical efficacy-evaluable subjects who present with continued resolution at the 30-day follow-up visit.; Adverse events as observed by the investigator or volunteered as responses to unsolicited and non-leading questions.; Vital signs including systolic and diastolic blood pressures,",The proportion of clinical efficacy; evaluable subjects who are classified as having a clinical outcome of success or improvement at the end of study treatment;; proportion of microbiological efficacy-evaluable subjects who have a successful microbiological outcome; success or presumed success) at t,False,False
METRONIDAZOLE,NCT00456729,Malabsorption as a Cause of Iron Treatment Failure in Infants,COMPLETED,NA,Iron Deficiency; Malabsorption,6 Months,4 Years,True,Hgb level,Iron level; Ferritin Level,False,False
METRONIDAZOLE,NCT06926322,Evaluation of Different Medicaments in the Management of Necrotic Primary Molars by Lesion Sterilization and Tissue Repair,ENROLLING_BY_INVITATION,NA,"Pain, Postoperative; Root Resorption; Persistent Infection; Necrotic Pulp",4 Years,8 Years,True,Clinical success; Radiographic success,Antibacterial activity of studied medicaments against Enterococcus Faecalis bacteria,False,False
FENOTEROL HYDROBROMIDE,NCT00460577,Efficacy of Formoterol vs Ipatropioum Bromide Plus Fenoterol in Children (5-<12 Years) With Acute Bronchial Obstruction,COMPLETED,PHASE4,"Acute Bronchial Obstruction, Asthma",5 Years,12 Years,True,Mean Change in Maximum Expiratory Flow From Baseline to Final Evaluation; Mean Change in Forced Expiratory Volume in 1 Second (FEV1) From Baseline to Final Evaluation; Mean Change in Pulse Oxymetry From Baseline to Final Evaluation; Mean Change in the Conway Clinical Scale Score From Baseline to Fin,"Safety Assessed by: Pulse Oxymetry, Clinical Assessments, Adverse Events; Pharmacoeconomic Analysis",False,False
COLISTIMETHATE,NCT07512596,Study on the Safety and Efficacy of Polymyxin E2 Methanesulfonate for Injection in the Treatment of Hospital-Acquired Bacterial Pneumonia/Ventilator-Associated ,NOT_YET_RECRUITING,PHASE2,Hospital-acquired Bacterial Pneumonia/Ventilator-associated Bacterial Pneumonia,18 Years,,False,The proportion of subjects who achieved clinical cure; The percentage difference in subjects achieving clinical cure between the experimental group and the control group,The bacterial clearance rate; The proportion of subjects who achieved clinical cure; The proportion of subjects who achieved clinical cure; The proportion of subjects who achieved clinical cure; All-cause mortality; Average duration of mechanical ventilation; Average length of hospital stay; Change ,True,False
COLISTIMETHATE,NCT03397914,Effect of Different Colistin Doses on Clinical Outcome of Pediatric Cancer Patients With Gram Negative Infections,COMPLETED,PHASE4,Gram-Negative Bacterial Infections; Pediatric Cancer; Colistin; Colistin Adverse Reaction; MIC,1 Year,18 Years,True,"clinical improvement,",adverse events; microbiological clearance,False,False
COLISTIMETHATE,NCT02113397,Evaluation of Inhaled Antibiotics on Bacterial Diversity and Richness in the Cystic Fibrosis Lung,TERMINATED,,Cystic Fibrosis,12 Years,75 Years,True,Simpson Diversity Index,Bacterial Relative Abundance,False,False
COLISTIMETHATE,NCT06488794,Nebulised Colistimethate Sodium to Prevent Pediatric Ventilator-associated Pneumonia,NOT_YET_RECRUITING,PHASE2; PHASE3,Ventilator Associated Pneumonia,1 Month,14 Years,True,Incidence of Ventilation Associated Pneumonia,Incidence of Ventilation Associated Tracheobronchitis; Incidence of a first episode of VAP and VAT in the subgroup of patients with tracheobronchial bacterial colonization at randomization; Number of days spent on mechanical ventilation from randomization to day 28; Number of days without systemic a,False,False
COLISTIMETHATE,NCT01844778,Ease of Use and Microbial Contamination of Tobramycin Inhalation Powder (TIP) Versus Nebulised Tobramycin Inhalation Solution (TIS) and Nebulised Colistimethate,COMPLETED,PHASE4,Cystic Fibrosis,6 Years,,True,Mean Total Administration Time,Change in P. Aeruginosa Sputum Density; Number of Participants With Any Contaminated Delivery Device; Minimum Inhibitory Concentration (MIC) - MIC50 and MIC90 Tobramycin Values; Number of Participants With Post-inhalation Bronchospasm,False,False
ELEXACAFTOR,NCT05599230,Daily Monitoring of Respiratory Symptoms and Spirometry During ETI Treatment in Persons With Cystic Fibrosis.,UNKNOWN,,Cystic Fibrosis,12 Years,,True,FEV1 changes from baseline (3 days before treatment) to Day 14 under ETI,Respiratory symptoms score changes from baseline (3 days before treatment) to Day 14 under ETI,False,False
ELEXACAFTOR,NCT04732910,Modulate-CF: Cystic Fibrosis Transmembrane Regulator (CFTR) Biomarker Study to Evaluate the Rescue of Mutant CFTR in Patients With Cystic Fibrosis Treated With ,RECRUITING,,Cystic Fibrosis,6 Months,,True,Intestinal current measurement (ICM),Forced expiratory volume in 1 second (FEV1); Nasal potential Difference (NPD); Sweat chloride; Lung clearance index (LCI); Lung magnetic resonance imaging (MRI); Lung computer tomography; Paranasal sinus magnetic resonance imaging (MRI); Fecal elastase; Weight; Airway Microbiome; Sputum Elasticity; ,False,False
ELEXACAFTOR,NCT05576324,Effect of the CFTR-modulating Triple Therapy Elexacaftor - Tezacaftor - Ivacaftor,UNKNOWN,,Cystic Fibrosis,6 Years,,True,Peripheral Blood Immunograms; Peripheral Blood Immunograms,"Shear Wave Velocity (SWV); Shear Wave Velocity (SWV); Attenuation Coefficient (AC); Attenuation Coefficient (AC); Serum bile acids; Serum bile acids; Respiratory function test (FEV1, FVC); Respiratory function test (FEV1, FVC); Blood cell count; Blood cell count; Erythrocytoid hemoglobin A1c; Erythr",False,False
ELEXACAFTOR,NCT04509050,Study to Evaluate Biological & Clinical Effects of Significantly Corrected CFTR Function in Infants & Young Children,RECRUITING,,Cystic Fibrosis,,10 Years,False,Part A Primary Outcome Measure: Change in weight-for-age z-scores; Part A Primary Outcome Measure: Change in height-for-age z-scores; Part B Primary Outcome Measure: Change in weight-for-age z-scores; Part B Primary Outcome Measure: Change in height-for-age z-scores,,True,True
ELEXACAFTOR,NCT05699148,Gut Imaging for Function and Transit in Cystic Fibrosis 3 Junior,UNKNOWN,,Cystic Fibrosis,6 Years,11 Years,True,Delta Small Bowel Water (DeltaSBW),Small bowel water content; Liver volume; Liver elastography; Lung ventilation,False,False
ELEXACAFTOR,NCT07363304,"Impact of Elexacaftor-Tezacaftor-Ivacaftor Treatment on Metabolic, Epigenetic and Fecal Microbiota Profiles in People With Cystic Fibrosis.",RECRUITING,,Cystic Fibrosis (CF),2 Years,,True,Difference in DNA methylation level before and after the start of therapy,"Difference in serum levels of fatty acids, amino acids, sugars and cytokines.; Correlation between serum levels of fatty acids, amino acids, sugars and cytokines and plasma levels of individual components of the triple modulator therapy (Elexacaftor, Tezacaftor, Ivacaftor)",False,False
ELEXACAFTOR,NCT07148739,Ensuring Access to Optimal Therapy in CF: The ENACT Study,RECRUITING,PHASE4,Cystic Fibrosis (CF),3 Years,,True,Concentration (ng/mL),Participant Mental and Neuropsychological Health; Investigators will evaluate the feasibility of reducing dose to manage Neuropsychological Side Effects (NPSE).; Response to dosing adjustments,False,False
ELEXACAFTOR,NCT06191640,Sinus Disease in Young Children With Cystic Fibrosis,RECRUITING,,Cystic Fibrosis in Children; Cystic Fibrosis; Chronic Rhinosinusitis (Diagnosis); Olfactory Disorder; Olfactory Impairment,2 Years,8 Years,True,Change in MRI sinus opacification; Change in olfactory bulb volume,Change in Pediatric Smell Wheel (PSW) Scores; Olfactory Cleft Opacification; Change in Brief Questionnaire of Olfactory Disorders (BQOD) Scores; Change in Sinus and Nasal Quality of Life Survey (SN-5) - Symptom Frequency Domains; Change in Sinus and Nasal Quality of Life Survey (SN-5) - Overall Qual,False,False
MONTELUKAST,NCT00963599,Montelukast in Seasonal Allergic Rhinitis - Fall 1999 Study (0476A-117),COMPLETED,PHASE3,Seasonal Allergic Rhinitis,15 Years,85 Years,True,Mean Change From Baseline in Daytime Nasal Symptoms Score,Mean Change From Baseline in Nighttime Symptoms Score; Change From Baseline in Composite Symptoms Score (Daytime Nasal and Nighttime Symptoms); Mean Change From Baseline in Daytime Eye Symptoms Score; Mean Change From Baseline in Daytime Nasal Congestion Score; Mean Change From Baseline in Daytime R,False,False
MONTELUKAST,NCT00974571,Montelukast in Perennial Allergic Rhinitis - 2001-2002 Study (0476-246),COMPLETED,PHASE3,Perennial Allergic Rhinitis,15 Years,85 Years,True,Mean Change From Baseline in Daytime Nasal Symptoms Score,Mean Change From Baseline in Nighttime Symptoms Score; Mean Change From Baseline in Composite Symptoms Score; Patient's Global Evaluation of Allergic Rhinitis; Physician's Global Evaluation of Allergic Rhinitis,False,False
MONTELUKAST,NCT00771160,MK0476 Study in Adult Patients With Perennial Allergic Rhinitis (0476-397)(COMPLETED),COMPLETED,PHASE3,"Rhinitis, Allergic",15 Years,,True,Any clinical or laboratory adverse experience,The daily mean of the composite nasal symptoms score at each of biweekly visits during the treatment period (average over the previous 2 weeks) or at time of termination,False,False
MONTELUKAST,NCT00196547,Montelukast in Modulating Exacerbations of Asthma in Children,COMPLETED,PHASE4,Asthma,2 Years,14 Years,True,Daily asthma symptom score,Unscheduled physician visits (including ER); Oral-cortico-steroid use,False,False
MONTELUKAST,NCT00545844,Singulair(R) In Asthma And Allergic Rhinitis (0476-383),COMPLETED,PHASE4,Asthma,15 Years,,True,Asthma Control,The Mean Change in Mini Rhinoconjunctivitis Quality of Life Questionnaire (MiniRQLQ) Overall Score; Effectiveness of Montelukast Therapy Used in Combination With Inhaled Corticosteroids or Inhaled Corticosteroids / Long-Acting Beta 2-Agonist in Improving the Symptoms of Asthma Using the Asthma Contr,False,False
MONTELUKAST,NCT05293132,Effect of Montelukast Versus Co Enzyme in Sepsis,COMPLETED,PHASE2; PHASE3,Sepsis,18 Years,,False,Twenty-eight-day mortality,Sequential organ failure assessment score; C- reactive protein; Heart rate; ICU length of stay; Length of hospital stay; The need for mechanical ventilation The number of patients who will need mechanical ventilation in addition to the duration of ventilation will be recorded; The need for vasopress,True,False
MONTELUKAST,NCT04673422,Effect of Montelukast in Preventing Dengue With Warning Signs in Dengue Patients,COMPLETED,PHASE2; PHASE3,Dengue; Dengue With Warning Signs; Dengue Shock Syndrome,18 Years,,False,Rate of dengue with warning signs,Rate of each component of composite outcome of dengue with warning signs; Rate of hospitalization; Length of hospital stay; Rate of severe dengue; Rate of dengue shock; 30-day mortality,True,False
MONTELUKAST,NCT00536705,Effect of Montelukast on the Expression and Variation of TGF-β for Children With Mild Persistent Asthma,COMPLETED,,Asthma,6 Years,14 Years,True,,,False,False
MONTELUKAST,NCT01754220,Open-label Study of the Effects of Montelukast in Patients With Chronic Cough,COMPLETED,PHASE4,Coughing,12 Years,60 Years,True,Difference in the cough reflex parameters (C2 and C5) before and after two weeks of treatment with montelukast; Difference in average scores on modified Leicester Cough Questionnaire (LCQ) before and after two weeks of treatment with montelukast,"Difference in pulmonary function parameters (FVC, FEV1, PEF), before and after two weeks of treatment with montelukast; Difference in Exhaled breath temperature (EBT) before and after two weeks of treatment with montelukast; Difference in laboratory markers (CBC, CRP, total IgE, ESP, MPO) before and",False,False
MONTELUKAST,NCT00968201,Chronic Asthma Study in 2- to 5-Year-Old Patients (MK0476-072 ),COMPLETED,PHASE3,Asthma,2 Years,5 Years,True,Number of Patients With Clinical Adverse Experiences (CAE) Reported by Patients - Base Study,Number of Patients With Drug-related CAEs Reported by Patients - Base Study; Number of Patients With Serious CAEs Reported by Patients - Base Study; Number of Patients With Serious Drug-related CAEs Reported by Patients - Base Study; Number of Patients Who Were Discontinued Due to CAEs - Base Study;,False,False
MONTELUKAST,NCT00641472,"Pulmicort Respules(Budesonide Inhalation Suspension) vs Singulair, Children",COMPLETED,PHASE4,Asthma,2 Years,8 Years,True,Time to first asthma medication as either step-up PULMICORT RESPULES or oral steroids,"Incidence and Severity of Adverse Events; Time to 1st additional asthma medication measured at 12 weeks and 26 weeks; Time to 1st acute severe exacerbation (as measured by the need for oral steroids), measured at 12 weeks, 26 weeks, and 52 weeks",False,False
MONTELUKAST,NCT02534467,Does Treatment With Montelukast Improve Symptoms of Atopic Dermatitis in Children?,COMPLETED,PHASE4,"Dermatitis, Atopic",6 Years,16 Years,True,Change in SCORAD Scoring Atopic Dermatitis index (Units on a scale),Change in SCORAD Scoring Atopic Dermatitis index (Units on a scale); Change in children's Dermatology Life Quality Index cDLQI (Units on a scale); Change in children's Dermatology Life Quality Index cDLQI (Units on a scale),False,False
MONTELUKAST,NCT00494572,"Montelukast With Status Asthmaticus, Ages 6-18",UNKNOWN,PHASE2; PHASE3,Status Asthmaticus; Asthma,6 Years,18 Years,True,Evaluate effectiveness of Montelukast as adjunctive therapy,Estimate the first dose pharmacokinetic parameter of Montelukast,False,False
MONTELUKAST,NCT00319995,Effects of Loratadine/Montelukast vs Pseudoephedrine and Placebo in Patients With Seasonal Allergic Rhinitis (Study P04095) (COMPLETED),COMPLETED,PHASE3,"Rhinitis, Allergic, Seasonal",15 Years,,True,,,False,False
MONTELUKAST,NCT00337675,Intermittent and Daily Dosing for Episodic (Periodic) Asthma (0476-302)(COMPLETED),COMPLETED,PHASE3,Asthma,6 Months,5 Years,True,Number of Asthma Episodes Culminating in Asthma Attack Over the 1-year Treatment Period,"Daily Average of Wheeze and Difficulty Breathing in the 3 Days Prior to Start of an Asthma Attack Within an Asthma Episode; Daily Average of the Mean Symptom Scores (Wheeze, Difficulty Breathing, Interference With Activity, and Daytime Cough) Assessed Over the 12-day Treatment Period of Asthma Episo",False,False
MONTELUKAST,NCT01640535,Efficacy and Safety of Concomitant Montelukast Sodium and Levocetirizine Dihydrochloride in Perennial Allergic Rhinitis (PAR) Patients,COMPLETED,PHASE3,Perennial Allergic Rhinitis,15 Years,,True,Mean Daytime Nasal Symptom Score,Change in Mean Nighttime Nasal Symptom from baseline at Weeks 1-2 (2 weeks) and Weeks 3-4 (2 weeks) of treatment; Mean Composite Symptom Score,False,False
MONTELUKAST,NCT01156792,Safety and Efficacy Study of Adding GSK2190915 to Low Dose Inhaled Corticosteroid Treatment for Asthma Subjects > or = 12 Years of Age,COMPLETED,PHASE2,Asthma,12 Years,,True,Trough (AM Pre-dose and Pre-rescue Bronchodilator) Forced Expiratory Volume in 1 Second (FEV1) at the End of the 6-week Treatment Period,Daily Trough (Morning Pre-dose and Pre-rescue Bronchodilator) Morning Peak Expiratory Flow (PEF) Averaged Over the Last 3 Weeks of the 6-week Treatment Period; Daily Evening PEF Averaged Over the Last 3 Weeks of the 6-week Treatment Period; Daily (Average of Morning and Evening) PEF Averaged Over th,False,False
MONTELUKAST,NCT04351698,SMILES: Study of Montelukast in Sickle Cell Disease,UNKNOWN,PHASE2; PHASE3,"Anemia, Sickle Cell; Sleep-Disordered Breathing",3 Years,8 Years,True,Change in processing speed scores from baseline to 12 weeks for participants with sickle cell disease randomised to the control arm or the treatment arm.; Change in processing speed scores from baseline to 12 weeks for participants with sickle cell disease randomised to the control arm or the treatm,Change in executive function (from NIH Toolbox® Cognition Battery) from baseline to 12 weeks for participants with sickle cell disease randomised to the control arm or the treatment arm.; Change in executive function (parent reported questionnaire) from baseline to 12 weeks for participants with sic,False,False
MONTELUKAST,NCT00903357,The Effectiveness of Montelukast on Atopic Dermatitis in Koreans,COMPLETED,NA,Atopic Dermatitis,2 Years,6 Years,True,Changes in SCORAD Index; Changes in Urinary LTE4; Changes in Urinary EDN,,False,False
MONTELUKAST,NCT00380484,Short- and Long Term Growth in Children With Asthma,COMPLETED,PHASE4,Asthma,6 Years,11 Years,True,Lower leg growth rate; Height,,True,True
MONTELUKAST,NCT00770900,Study to Evaluate the Inflammatory Cells Activity in Patients With Persistent Asthma Treated With Montelukast (0476-403)(COMPLETED),COMPLETED,PHASE4,Asthma,2 Years,18 Years,True,Verify if the quantitative parameters of the eosinophils activation and phagocyte system function show a predictive value for clinical response and prognostic.,,False,False
MONTELUKAST,NCT00446186,MK0476 Study in Adult Patients With Allergic Rhinitis (0476-378),COMPLETED,PHASE2,Rhinitis Allergic,15 Years,65 Years,True,The change from baseline in the composite nasal symptoms score (average over the 2-week treatment period) in seasonal allergic rhinitis,,False,False
MONTELUKAST,NCT00092131,Montelukast in Exercise-Induced Bronchospasm - 2003 (0476-270),COMPLETED,PHASE3,"Asthma, Exercise-Induced",15 Years,45 Years,True,Maximum Percent Fall in FEV1 After Exercise Challenge at 2 Hours Postdose Compared With Pre-exercise Baseline in Patients With Exercise-induced Bronchospasm (EIB),Number of Participants Requiring ß-Agonist Rescue Medication After Exercise Challenge at 2 Hours Postdose; Number of Participants Requiring ß-Agonist Rescue Medication After Exercise Challenge at 12 Hours Postdose; Number of Participants Requiring ß-Agonist Rescue Medication After Exercise Challenge,False,False
MONTELUKAST,NCT04818723,Role of Montelukast in Preventing Relapse in Childhood Idiopathic Nephrotic Syndrome,COMPLETED,NA,Nephrotic Syndrome,1 Year,10 Years,True,Prevention of relapse in idiopathic childhood nephrotic syndrome,,False,False
MONTELUKAST,NCT00092989,"Investigation of Intravenous (IV) Administration of an Approved Drug (MK-0476, Montelukast Sodium) for Acute Asthma (MK-0476-288)",COMPLETED,PHASE3,Asthma,15 Years,,True,Improvement in forced expiratory volume in 1 second [FEV1] within the first 60 minutes after administration,"Incidence of treatment failures, amount of additional therapy[short-acting B-agonist] required, rate of FEV1 improvement, safety and tolerability",False,False
MONTELUKAST,NCT00328718,Pediatric ADVAIR DISKUS Versus Oral Montelukast Chewable Tablets,COMPLETED,PHASE3,Asthma,6 Years,14 Years,True,Change from baseline in mean morning PEFR (Peak Expiratory Flow Rate) at endpoint.,Changes from baseline to endpoint of:morning pre-dose FEV1 (Forced expiratory volume) symptom free 24 hour-periods rescue medication-free 24 hour-periods mean evening PEFR,False,False
MONTELUKAST,NCT00289874,Montelukast in Pediatric Allergic Asthma (0476-336)(COMPLETED),COMPLETED,PHASE3,Asthma,6 Years,14 Years,True,Percent Change From Baseline in Forced Expiratory Volume in 1 Second (FEV1) at Week 3,"Percent Change From Baseline in Mean Daily ""as Needed"" β-agonist Use Over the 3-week Treatment Period",False,False
MONTELUKAST,NCT00380705,Quality of Life in Asthma and Rhinitis Allergic With Singulair (0476-365),COMPLETED,PHASE4,Asthma; Rhinitis Allergic,6 Years,,True,Quality of life measures,"Nocturnal wake up, work or school absences, physical activity and recurrence of asthma and/or rhinitis",False,False
LEVOTHYROXINE,NCT01436994,Antithyroid Drug Treatment of Thyrotoxicosis in Young People,COMPLETED,PHASE3,Paediatric Thyrotoxicosis,2 Years,16 Years,True,Biochemical control as reflected by the stability of blood thyroid stimulating hormone (TSH) concentrations,Remission rates as defined by patients who are biochemically euthyroid at the end of the 4 year study period.; The frequency of adverse events on the 2 treatment regimens.; Additional measures of biochemical control.,False,False
LEVOTHYROXINE,NCT04178928,Can Levothyroxine Treatment Reduce the Development of Cardio-metabolic Disorder in Subclinical Hypothyroidism?,UNKNOWN,PHASE1; PHASE2,Subclinical hypothyroïdism,5 Years,15 Years,True,: Normalization of TSH.,,False,False
LEVOTHYROXINE,NCT01391962,Sunitinib or Cediranib for Alveolar Soft Part Sarcoma,COMPLETED,PHASE2,"Sarcoma, Alveolar Soft Part",16 Years,120 Years,True,Part I: Objective Response Rate (ORR) of Single-agent Cediranib in Participants With Advanced Alveolar Soft Part Sarcoma (ASPS); Part I: Objective Response Rate (ORR) of Single-agent Sunitinib in Participants With Advanced Alveolar Soft Part Sarcoma (ASPS); Part II: Objective Response Rate (ORR) of ,Maximum Observed Plasma Concentration of Cediranib; Percentage of Participants With Progression-free Survival (PFS) at 24 Weeks for Participants Receiving Single-agent Cediranib and Single-agent Sunitinib Malate in Participants With Advanced ASPS During Part I; Number of Participants With Serious an,False,False
LEVOTHYROXINE,NCT04415658,Intravenous Thyroxine for Heart-Eligible Organ Donors,COMPLETED,PHASE3,Brain Death; Heart Failure,14 Years,55 Years,True,Heart Transplanted; Graft Function,Time Till Off Vasopressors; Weaned Off Vasopressors; Time to Order Echo; Ejection Fraction; Lungs Transplanted,False,False
LEVOTHYROXINE,NCT07625722,Thyroxine Supplementation in Small for Gestational Age (SGA) Infants With Birth Weight <1500g and TSH 6-20 mIU/ml,NOT_YET_RECRUITING,NA,Thyroid Function; Preterm; SGA and Growth; Neurodevelopment Outcome,2 Weeks,2 Weeks,True,Cognitive function evaluated by Bayley-IV; Motor function evaluated by Bayley-IV; Language function evaluated by Bayley-IV; Social-Emotional evaluated by Bayley-IV; Adaptive behavior evaluated by Bayley-IV; Body length（cm）assessed by the WHO 0-5 years Child Growth Standards.; Head circumference（cm）a,the incidence of neonatal morbidities （EUGR、PNAC、MBDP、Moderate to severe BPD、Stage III or higher ROP）during the initial hospitalization; All-cause Mortality,True,True
LEVOTHYROXINE,NCT01631305,Levothyroxine for Children With Euthyroid Sick Syndrome,COMPLETED,PHASE4,Euthyroid Sick Syndrome,1 Month,17 Years,True,All cause mortality,Length of time in intensive care; Ventilation days; Use of vasopressors; Thyroid hormones levels,True,False
DORNASE ALFA,NCT04402970,Dornase Alfa for ARDS in Patients With Severe Acute Respiratory Syndrome-Coronavirus-2 (SARS-CoV-2),COMPLETED,PHASE3,SARS-CoV 2; ARDS,18 Years,,False,Change in Arterial Blood Oxygen Content to Fraction of Inspired Oxygen Ratio (PaO2/FiO2),Change in Static Lung Compliance; Duration of Mechanical Ventilation; Length of ICU Stay; Length of Hospitalization; Secondary Bacterial Infections; Mortality,True,False
DORNASE ALFA,NCT05663255,Effectiveness of CFTR Modulators According to Co-therapy,UNKNOWN,,Cystic Fibrosis,6 Years,,True,Lung function,,False,False
DORNASE ALFA,NCT07696338,Rethinking Early Airway Clearence Therapies,NOT_YET_RECRUITING,NA,Cystic Fibrosis (CF),3 Years,16 Years,True,"Absolute Change in Lung Clearance Index (LCI) through Week 52, Relative to Week 0, in Hypertonic Saline (HS Study) and Dornase Alfa (DA Study) Therapy Arms.","Absolute Change in Percent Predicted Forced Expiratory Volume in 1 Second (ppFEV1) through Week 52, Relative to Week 0, in Hypertonic Saline (HS Study) and Dornase Alfa (DA Study) Therapy Arms.; Rate of Protocol-Defined Pulmonary Exacerbations (PEx) through Week 52 in Hypertonic Saline (HS Study) an",False,False
DORNASE ALFA,NCT01155752,Pulmozyme in Cystic Fibrosis With Sinusitis,WITHDRAWN,PHASE3,Sinusitis; Cystic Fibrosis,12 Years,65 Years,True,1. To assess changes in quality of life of patients with Cystic Fibrosis while on DNASE as compared to placebo.,,False,False
DORNASE ALFA,NCT03368092,Inhaled Dornase Alpha to Reduce Respiratory Failure After Severe Trauma,RECRUITING,PHASE3,"Multiple Trauma; Respiratory Distress Syndrome, Adult",18 Years,,False,"The primary endpoint is the incidence of moderate to severe ARDS (PaO2/FiO2 < 200, according to the Berlin definition [ARDS definition task force et al. JAMA 2015; 307(23): 2526-2533]) in severe trauma patients (Injury Severity Score > 15).",Static lung compliance [mL/cmH2O]; Duration of mechanical ventilation [hours]; Length of ICU stay [hours]; Length of stay in the hospital [days]; Incidence of multi-organ failure; Incidence of Ventilator-Associated Pneumonia (VAP); Mortality on day 28,True,False
DORNASE ALFA,NCT00265434,Nasal Inhalation of Dornase Alfa (Pulmozyme) in Patients With Cystic Fibrosis and Chronic Rhinosinusitis,COMPLETED,PHASE3,Cystic Fibrosis; Chronic Rhinosinusitis,5 Years,,True,Changes in sinonasal symptoms (SNOT-20,,False,False
DORNASE ALFA,NCT01712334,A Study of the Comparable Efficacy and Safety of Pulmozyme (Dornase Alfa) Delivered by the eRapid Nebulizer System in Patients With Cystic Fibrosis,COMPLETED,PHASE4,Cystic Fibrosis,6 Years,,True,Stability of Lung Function: Percent Predicted Forced Expiratory Volume in 1 Second (FEV1); Safety: Number of Participants With Adverse Events During Each Treatment Period,,False,False
DORNASE ALFA,NCT00434278,A Trial of Pulmozyme Withdrawal on Exercise Tolerance in Cystic Fibrosis Subjects With Severe Lung Disease (TOPIC),TERMINATED,PHASE4,Cystic Fibrosis,14 Years,,True,Change in Distance Walked in the 6-minute Walk Test,Change in Pulmonary Function as Measured by FEV1 and FVC,False,False
DORNASE ALFA,NCT05903417,Pleural Irrigation With Normal Saline Versus Intrapleural Fibrinolytic,COMPLETED,NA,Pleural Infection,18 Years,,False,to compare of the safety outcome between IPFT and intrapleural saline irrigation.,To measure the change in the area of pleural opacity in chest x-ray compared to baseline; Changes in Inflammatory markers including serum C-reactive protein (CRP) & white blood count; Length of hospitalization; the need for surgical referral; to evaluate the volume of pleural effusion drainage (in m,True,False
DORNASE ALFA,NCT04915586,Short Duration High Intensity Intrapleural Alteplase With Pulmozyme in Pleural Infection Management,COMPLETED,NA,Loculated Empyema,18 Years,,False,Radiographic improvement in pleural opacity on chest radiograph,pleural fluid volume drained; changes in inflammatory markers C-Reactive Protein (CRP ); White cell count; length of hospitalisation; the need of surgical referral; adverse events post therapy; mortality rate at day 30 post intervention,True,False
DORNASE ALFA,NCT04402944,Pulmozyme to Improve COVID-19 ARDS Outcomes,UNKNOWN,PHASE2,COVID,3 Years,,True,Ventilator-free days at 28 days,change in airway resistance; change in lung compliance; oxygenation (PaO2/FiO2 ratio); length of stay (ICU and hospital); rate of barotrauma; mortality.,True,False
DORNASE ALFA,NCT00557089,The Effect of rhDNase on Ventilation Inhomogeneity in Patients With Cystic Fibrosis,COMPLETED,PHASE4,Cystic Fibrosis,6 Years,18 Years,True,The change in LCI from baseline to end of treatment in rhDnase treated patients versus patients receiving placebo,Change in FEV1 % predicted; Change in FVC (in litres); Change in FVC % predicted; Change in FEF25-75 (liters/sec); Change in FEF25-75 % predicted; Change in exhaled nitric oxide concentrations; Incidence of adverse events and serious adverse events,False,False
DORNASE ALFA,NCT00204685,Time of Ventilation and Lung Function of Ventilated Patients Under Therapy With Dornase Alfa,UNKNOWN,PHASE2; PHASE3,Long Term Ventilation,18 Years,,False,Time of mechanical ventilation from beginning of the ventilation-therapy up to the end of the ventilation-therapy,reduction of atelectasis / dystelectasis; improval of pulmonaryfunction; reduction of pneumonia; reduction of DNA concentrations in Airway Secretions; length of stay at the Intensive Care Unit; length of stay at the hospital,True,False
DORNASE ALFA,NCT00416182,Nasally Delivered Pulmozyme for Sinusitis in Cystic Fibrosis,COMPLETED,PHASE2,Sinusitis; Cystic Fibrosis,5 Years,,True,Computed Tomography Evidence of Less Sinus Disease; Improvement in Appearance of Nasal Passages/Sinuses,Chronic Sinusitis Survey Score; Pulmonary Function,False,False
DORNASE ALFA,NCT00502632,Dornase Alfa and Urokinase for Kids With Pleural Empyema,UNKNOWN,PHASE2; PHASE3,Pleural Empyema,1 Year,16 Years,True,Duration of hospital stay; Need for additional surgical procedures,Duration of suction applied to chest drain; Duration of fever; Duration of intravenous antibiotic treatment,False,False
DORNASE ALFA,NCT00680316,A Study of Pulmozyme® (Dornase Alpha) in 3- to 5-Year-Old Patients With Cystic Fibrosis,TERMINATED,PHASE4,Cystic Fibrosis,3 Years,5 Years,True,"Change in Reactance at 8 Hz (Xrs8) From Visit 2 to Visit 3 (Change From Baseline at Visit 2 to Visit 3, After Study Drug Treatment).","Change in Reactance at 4, 6, and 10 Hz (Xrs4, Xrs6, and Xrs10); Change in Resistance at 4, 6, 8, and 10 Hz (Rrs4, Rrs6, Rrs8, and Rrs10); Change in Respiratory Symptom Domain Score From the Cystic Fibrosis Questionnaire Revised (CFQ-R) for Parents of Preschoolers and for Preschoolers",False,False
DORNASE ALFA,NCT00179998,Effectiveness of Pulmozyme in Infants With Cystic Fibrosis,COMPLETED,PHASE2,Cystic Fibrosis,1 Month,30 Months,True,Chest CT (High Resolution Computed Tomography (HRCT) Score); Infant Pulmonary Function Tests (FEV0.5),Antibiotic Treatment Days,False,False
DORNASE ALFA,NCT00419380,Treatment of Clogged Tympanostomy Tubes: An Off-Label Use of Dornase Alfa (Pulmozyme®),COMPLETED,PHASE4,Otitis Media,1 Year,18 Years,True,Patency of the Tympanostomy Tube at the Day-14 Visit.,Presence or Absence of Drainage in the Ear Canal and Fluid in the Middle Ear at the the Day-14 Visit.,False,False
DORNASE ALFA,NCT00117208,Comparison of Inhaled Mannitol and rhDNase in Children With Cystic Fibrosis,COMPLETED,PHASE2,Cystic Fibrosis,8 Years,18 Years,True,FEV1 after 12 weeks of each of the following treatment regimens: *mannitol only *rhDNase only *mannitol + rhDNase,to compare mannitol to rhDNase on FVC; to assess whether the effects of mannitol are additive to rhDNase; to demonstrate that mannitol does not cause deterioration in airway inflammation; to assess whether mannitol reduces the bacterial load in the lung; to assess whether the effects of mannitol are,False,False
DORNASE ALFA,NCT00534079,Nasal Inhalation of Pulmozyme in Patients With Cystic Fibrosis and Chronic Rhinosinusitis,COMPLETED,PHASE3,Cystic Fibrosis; Rhinosinusitis,5 Years,,True,"Variations in the Sino-nasal-outcome test SNOT-20 adapt CF (primary nasal parameters: obstruction of nasal breathing, sneeze stimulus, permanent nose running, thick-mucous nasal discharge, earaches)","Variations in the Sino-nasal-outcome test SNOT-20 adapt CF (secondary nasal parameters, general quality of live parameters and total SNOT 20 adapt. CF score); Changes of pathological alterations visible in MRT images of nose and paranasal sinuses (in selected patients); Changes in the nasal lavage f",False,False
DORNASE ALFA,NCT01356147,Dornase Alfa Therapy for Ventilator Associated Lung Infections in the Neonatal Intensive Care Unit (NICU),COMPLETED,PHASE4,Pulmonary Infections,7 Days,4 Months,True,Percent Reduction in Oxygen Requirement From Baseline,Elimination of White Blood Cells and Bacteria From Tracheal Aspirate; Number of Infants Requiring Ventilator Support,False,False
DORNASE ALFA,NCT06350474,Impact of Discontinuing Dornase Alfa in People With CF on Highly Effective CFTR Modulator Therapy-A SIMPLIFY Sub-Study,COMPLETED,NA,Cystic Fibrosis,12 Years,,True,Absolute Change in FEV1 % Predicted From Week 0 to Week 6,"Absolute Change in LCI 2.5 From Baseline to Week 6; Absolute Change in Respiratory Symptoms, as Measured by the CF Respiratory Symptoms Diary-Chronic Respiratory Infection Symptom Severity Score (CRISS) From Week 0 to Week 6; Absolute Change in Respiratory Symptoms, as Measured by CFQ-R Respiratory ",False,False
ALBUTEROL,NCT00696540,Hypertonic Saline for Outpatient Bronchiolitis,UNKNOWN,PHASE2,Bronchiolitis; Respiratory Distress,1 Month,24 Months,True,Change in the respiratory distress score (Tal) between the basal score and the final score after 3 salbutamol nebulizations,Change in the respiratory distress score (Tal) between the basal score and the first nebulization; Change in the respiratory distress score (Tal) between the basal score and the second nebulization; Change in pulse oxymetry reading between the basal score and after each of the three nebulizations; C,False,False
ALBUTEROL,NCT04896645,Albuterol Integrated Adherence Monitoring in Children With Asthma,COMPLETED,NA,Asthma in Children,8 Years,18 Years,True,Asthma Outcomes; Asthma Adherence; Asthma Adherence; Asthma Outcomes; Asthma Outcomes; Albuterol Use,Spirometry; Lung Function; Asthma Quality of Life,False,False
ALBUTEROL,NCT00394329,(CARE Network Trial - Treating Children to Prevent Exacerbations of Asthma (TREXA),COMPLETED,PHASE3,Asthma,6 Years,18 Years,True,Participants Experiencing an Asthma Exacerbation That Requires Systemic Corticosteroid Therapy,Change Between Week 44 and Week 0 in the Asthma Control Days; Change Between Week 44 and Week 0 in Rescue Albuterol Puffs Per Day; Change Between Week 44 and Week 0 in the Pre-bronchodilator Forced Expiratory Volume in One Second (FEV!); Change Between Week 44 and Week 0 in the Morning Peak Expirato,False,False
ALBUTEROL,NCT03468790,Anti-IgE Monoclonal Antibody Treatment in Patients With Allergic Asthma.,COMPLETED,PHASE3,"Asthma, Allergic",15 Years,75 Years,True,the mean number of asthma exacerbations per patient during the 24-week treatment period,"the proportion of patients with asthma exacerbations during the 24-week treatment period; time to the first asthma exacerbation during treatment period; change from baseline in asthma symptom scores(daytime, nocturnal and total) over the 24-week treatment period; change from baseline in Asthma Contr",False,False
ALBUTEROL,NCT01772368,Dose Ranging Study of the Salmeterol Component of Fluticasone /Salmeterol Spiromax Compared to Fluticasone Spiromax and Advair Diskus in Asthma Subjects,COMPLETED,PHASE2,Asthma,12 Years,,True,Standardized Baseline-Adjusted Area Under the Curve For Forced Expiratory Volume In 1 Second Over 12 Hours Post-dose (FEV1 AUC0-12),Change From Baseline at 12 Hours Post-Dose in Forced Expiratory Volume in One Second (FEV1) By Treatment; Area Under the Plasma Concentration-time Curve From Time Zero to the Time of the Last Measurable Concentration (AUC0-t) of Salmeterol; Maximum Observed Plasma Concentration (Cmax) of Salmeterol;,False,False
ALBUTEROL,NCT07721922,Efficacy of Nebulized Long-Acting Bronchodilators (Formoterol and Revefenacin) vs. Short-Acting Bronchodilators (Albuterol and Ipratropium) in Patients Presenti,NOT_YET_RECRUITING,PHASE4,COPD Exacerbation,40 Years,,False,Difference in Modified Borg Dyspnea Scale scores between groups,Number of patients discharged home from the ED; Number of patients admitted to a hospital floor or require ED observation for >24 hours (in-hospital patients); Length of hospital or ED stay; Number of Participants with the Need to Switch Therapy; Total number of bronchodilator doses per hospital or ,True,False
ALBUTEROL,NCT00685022,Safety and Tolerability Study of Levalbuterol HFA Compared to Racemic Albuterol HFA in Subjects With Asthma,COMPLETED,PHASE2,Asthma,12 Years,,True,"Increases from visit pre-dose to each post-dose dose measurement in heart rate, blood pressure (systolic and diastolic).; Increases from visit pre-dose to each post-dose dose measurement in potassium and glucose",FEV1 (percent change from visit pre-dose to each post dose measure); FVC (percent change from visit pre-dose to each post dose measure);; FEF25-75% (percent change from visit pre-dose to each post dose measure);; Number of cumulative actuations received,False,False
ALBUTEROL,NCT02319564,Combined Glucocorticoid Adrenergic Therapy For Wheezy Preschool Children,WITHDRAWN,PHASE4,Wheeze,12 Months,60 Months,True,Reduce unplanned-symptomatic visits to clinicians,Reduce the number of days with respiratory symptoms; Reduce the need for rescue salbutamol use; Reduce hospitalization rates of target population; Reduce overall societal health care costs of target population,False,False
ALBUTEROL,NCT00684866,Safety and Tolerability Study of Levalbuterol HFA and Racemic Albuterol HFA in Pediatrics Subjects With Asthma,COMPLETED,PHASE2,Asthma,4 Years,11 Years,True,"Increases from visit pre-dose to each post-dose dose measurement in heart rate, blood pressure (systolic and diastolic), potassium and glucose",Percent change in FEV1 (from visit pre-dose to each post dose measure); Percent change in FVC (from visit pre-dose to each post dose measure); Percent change in FEF25-75% (from visit pre-dose to each post dose measure); Number of cumulative actuations received,False,False
ALBUTEROL,NCT00393367,Budesonide Inhalation Suspension for Acute Asthma in Children,COMPLETED,PHASE4,Asthma; Acute Asthma; Reactive Airway Exacerbation,2 Years,18 Years,True,Median Change in Asthma Score 2 Hours After Intervention; Mean Change in Asthma Score at 2 Hours,Number of Patients Hospitalized; Change in Mean Heart Rate; Mean Change in Respiratory Rate.; Oxygen Saturation.; Number of Subjects Remaining in the Severe Asthma Category; Number of Subjects Moving From the Severe Asthma to Moderate Asthma Category; Number of Subjects Moving From the Severe Asthma,False,False
ALBUTEROL,NCT06665711,Comparison of 3% Hypertonic Saline and Salbutamol in Children With Bronchiolitis,NOT_YET_RECRUITING,NA,BRONCHIOLITIS,2 Months,24 Months,True,Change in Respiratory Distress Assessment Instrument (RDAI) Score,,False,False
ALBUTEROL,NCT01656811,"A Study of Daily Dosing With Levalbuterol, Racemic Albuterol, and Placebo in Pediatric Subjects With Asthma",COMPLETED,PHASE2,Asthma,4 Years,11 Years,True,Peak percent change in FEV1 (forced expiratory volume in one second) from visit predose averaged over the double-blind period to investigate the efficacy of levalbuterol versus racemic albuterol,Plasma concentrations of (R)-albuterol and (S)-albuterol over time to determine the pharmacokinetics of levalbuterol in pediatric subjects with asthma; Number of AEs to compare the safety and tolerability of two different doses of levalbuterol,False,False
ALBUTEROL,NCT01073527,Hypertonic Saline as Add on Therapy in Preschool Children With Acute Wheezing Attack.,COMPLETED,NA,Asthma,1 Year,6 Years,True,shortening length of stay (LOS),Hospitalization rate; Improvement in clinical score (CS),True,True
ALBUTEROL,NCT00073827,"Study of Levalbuterol, Racemic Albuterol and Placebo in Subjects Twelve Years of Age and Older With Asthma",COMPLETED,PHASE3,Asthma,12 Years,,True,percent change in FEV1 from visit predose averaged over the 8-week double-blind period,area under the FEV1 percent change curve from visit pre-dose and from study baseline curves averaged over the double-blind period; peak percent change in FEV1 from study baseline; peak change in FEV1 from visit predose; peak percent of predicted FEV1; area under the FEV1 curve (AUC); peak change and,False,False
ALBUTEROL,NCT04184609,Mechanisms for Dyspnea on Exertion in Children With Obesity and Asthma: Distinct Physiological Phenotypes,WITHDRAWN,PHASE4,"Asthma in Children; Dyspnea; Asthmatic; Obesity, Childhood",9 Years,17 Years,True,Expiratory flow limitation; Dynamic hyperinflation; Forced expiratory volume in 1 s; Peripheral airway reactivity (R5-R20),Rating of perceived breathlessness,False,False
CETIRIZINE,NCT00974571,Montelukast in Perennial Allergic Rhinitis - 2001-2002 Study (0476-246),COMPLETED,PHASE3,Perennial Allergic Rhinitis,15 Years,85 Years,True,Mean Change From Baseline in Daytime Nasal Symptoms Score,Mean Change From Baseline in Nighttime Symptoms Score; Mean Change From Baseline in Composite Symptoms Score; Patient's Global Evaluation of Allergic Rhinitis; Physician's Global Evaluation of Allergic Rhinitis,False,False
CETIRIZINE,NCT01484119,"Efficacy, Safety, and Tolerability Study of ACT-129968 in Patients With Seasonal Allergic Rhinitis",COMPLETED,PHASE3,Seasonal Allergic Rhinitis,12 Years,76 Years,True,The mean change in Daytime Nasal Symptom Score,The mean change in other daytime/nighttime symptom scores of allergic rhinitis,False,False
CETIRIZINE,NCT00490204,Cetirizine Placebo Controlled Study For Perennial Allergic Rhinitis,COMPLETED,PHASE3,"Rhinitis, Allergic, Perennial",2 Years,14 Years,True,Change in the total nasal symptom score (TNSS) during the total treatment period from the baseline,Changes in TNSS on the first and the second weeks of the treatment period from the baseline; Mean scores for each nasal symptom and the time-course changes for the scores; Time-course changes in a total of daily mean nasal symptom scores (TDNSS); Investigator global improvement rating on the first d,False,False
CETIRIZINE,NCT05803070,Topical Cetirizine in Treatment of Localized Alopecia Areata,UNKNOWN,,Alopecia Areata,12 Years,75 Years,True,Compare topical cetirizine and betamethasone valerate in treatment of alopecia areata; Clinical evaluation by SALT score; Clinical evaluation by photographic evaluation; Clinical evaluation by patient's satisfaction level,,False,False
CETIRIZINE,NCT01332188,Efficacy of AC-170 for the Treatment of Allergic Conjunctivitis in the Conjunctival Allergen Challenge (CAC) Model,COMPLETED,PHASE2; PHASE3,Allergic Conjunctivitis,10 Years,,True,Ocular Itching at Duration of Action (16 Hours Post-dose); Ocular Itching at Duration of Action (24 Hours Post-dose); Ocular Itching at Onset of Action (15 Minutes Post-dose); Conjunctival Redness at Duration of Action (16 Hours Post-dose); Conjunctival Redness at Duration of Action (24 Hours Post-d,Ciliary Redness at Duration of Action (16 Hours Post-dose); Ciliary Redness at Duration of Action (24 Hours Post-dose); Ciliary Redness at Onset of Action (15 Minutes Post-dose); Episcleral Redness at Duration of Action (16 Hours Post-dose); Episcleral Redness at Duration of Action (24 Hours Post-do,False,False
CETIRIZINE,NCT06288334,Exploration of the Optimal Dosage of Cetirizine in the Treatment of Allergic Diseases in Chinese Children,UNKNOWN,PHASE4,Allergic Disease; Children,6 Months,16 Years,True,Plasma concentration,,False,False
CETIRIZINE,NCT01940393,Evaluation of the Inhibitory Effect of 5 Anti-Histamines in Urticaria,COMPLETED,PHASE4,Urticaria,12 Years,50 Years,True,Number of participants with uticaria that improved Urticaria Activity Score and Life Quality Index (DLQI) with the use of antihistamine in mono-dose and quadruple dose.,Safety issue; Cholinergic and physical urticarias,False,False
CETIRIZINE,NCT00751218,"A Comparative Double-Blind, Double- Dummy Study of Desloratadine (DL) 5 MG Once Daily, Cetirizine 10 MG Once Daily, and Placebo Once Daily in Patients With Chro",COMPLETED,PHASE4,Urticaria,12 Years,70 Years,True,Compare the efficacy of the study treatments with respect to the change from Baseline in the average AM/PM 12-hour reflective pruritus severity score (diary recordings) after the first 7 days of treatment.,"Joint physician-patient evaluations (""now"") at treatment days 14 and 28 (Visit 3 and 4) of overall condition of the CIU and overall global therapeutic response; Average AM/PM ""reflective"" diary scores over for: severity of pruritus; number of hives; size of largest hives; total symptom score; subjec",False,False
CETIRIZINE,NCT00257582,Study Of Cutaneous Disease Accompanied With Pruritus In Pediatrics,COMPLETED,PHASE3,Pruritus,2 Years,14 Years,True,To assess the safety,-severity of pruritus -total pruritus score -daily main prurutus score -Severity of eruption -Patient global Improvement rating -Body temperature -Adverse events -Cetirizine serum concentrations,False,False
CETIRIZINE,NCT00794794,Taste Test Between Desloratadine and Cetirizine Syrup in Children (Study P03826),COMPLETED,PHASE3,Allergic Rhinitis,6 Years,11 Years,True,Taste acceptability as determined from smiley-face scale of 1 (frowning child) to 5 (happy child face).,"Taste flavor preference between bubble-gum, banana-grape, or grape flavors; Adverse Events",False,False
CETIRIZINE,NCT00639587,Efficacy and Safety of Cetirizine Tablets Versus Ketotifen Dry Syrup in Children With Perennial Allergic Rhinitis,COMPLETED,PHASE3,"Rhinitis, Allergic, Perennial",7 Years,14 Years,True,"Total symptom score (TSS) (nasal symptom score [sneezing, nasal discharge, nasal congestion] and rhinoscopy results) Safety: adverse events and laboratory assessments","Total 2 symptoms score (T2SS) (sneezing, nasal discharge) Global Improvement Rating",False,False
CETIRIZINE,NCT00257569,Study Of Atopic Dermatitis In Pediatrics,COMPLETED,PHASE3,"Dermatitis, Atopic",3 Years,14 Years,True,change in the severity of pruritus,-changes in the total pruritus score -daily main pruritus score -improvement of area with pruritus -patient global improvement -Cetirizine serum concentrations -Adverse events,False,False
CETIRIZINE,NCT01685242,"A Single-Center,Evaluation of the Onset and Duration of Action of AC-170 0.24% Compared to Vehicle",COMPLETED,PHASE3,Allergic Conjunctivitis,10 Years,,True,Ocular Itching at Duration of Action (8 Hours + 30 Minutes Post-dose); Ocular Itching at Onset of Action (15 Minutes Post-dose); Conjunctival Redness at Duration of Action (8 Hours + 30 Minutes Post-dose); Conjunctival Redness at Onset of Action (15 Minutes Post-dose),Ciliary Redness at Duration of Action (8 Hours + 30 Minutes); Ciliary Redness at Onset of Action (15 Minutes Post-dose); Episcleral Redness at Duration of Action (8 Hours + 30 Minutes Post-dose); Episcleral Redness at Onset of Action (15 Minutes Post-dose); Chemosis at Duration of Action (8 Hours + ,False,False
CETIRIZINE,NCT00488176,Comparison of the Effect of Montelukast and Cetirizine on Allergic Inflammation in Children With Allergic Rhinitis,UNKNOWN,PHASE4,Seasonal Allergic Rhinitis,6 Years,18 Years,True,exhaled nitric oxide concentration,"symptoms score (based on PAQLQ), bronchial hyperresponsiveness with methacholine, spirometry, PEFR measurements",False,False
CETIRIZINE,NCT01127620,Efficacy Study for the Symptomatic Treatment of Perennial Allergic Rhinitis With a 1 Year Safety Extension,COMPLETED,PHASE3,Perennial Allergic Rhinitis,12 Years,70 Years,True,Double-blind phase: AUC of TSS throughout the study; Open-label phase: Long-term safety,AUC of TSS since baseline to D28 according to the patient's assessment on instantaneous symptoms.; Change in the TSS on D14 and D28 visits versus D0 visit according to the patient and investigator's assessments (at the moment of the visits); Change in Nasal Symptoms Score (NSS); Change in Non Nasal ,False,False
CETIRIZINE,NCT06126991,Organ Protective Effect of Cetirizine In Patients With Severe Burns,UNKNOWN,PHASE1; PHASE2,Burns,12 Years,90 Years,True,APACHE II on Day 7,Urinary Output; Blood L-lactate; Base Excess (BE); Oxygen Saturation; Stroke Volume Variation; Global End-Diastolic Volume; Central Venous Pressure; Stroke Volume; Cardiac Function Index; Pulmonary interstitial edema; SOFA Score; Body Temperature; Heart Rate; Respiratory Rate; Leukocyte Count; Blood,False,False
CETIRIZINE,NCT02756624,"A Multi-Center, Vehicle-Controlled, Parallel-Group Study Evaluating the Safety of AC-170 Ophthalmic Solution",COMPLETED,PHASE3,Healthy Subjects,2 Years,,True,Tolerability of AC 170 0.24% at Visit 1 (Day 1); Tolerability of AC 170 0.24% at Visit 2 (Day 8); Tolerability of AC 170 0.24% at Visit 3 (Day 22); Number of Treatment Related Adverse Events,,False,False
CETIRIZINE,NCT00375713,Randomized Phase III Study to Evaluate the Efficacy and Safety of Xyzal® (Levocetirizine) vs Zyrtec® (Cetirizine) in Subjects With Dermatitis and Eczema,COMPLETED,PHASE3,Dermatitis; Eczema,15 Years,,True,Responder Status According to Pruritus Severity Score (Response = Mild or None in Pruritus Severity Score).,Change From Baseline in the Mean Pruritus Severity Score at Endpoint During the 14 Day Treatment Period; Duration of Pruritus (Stated in Categories) at Endpoint During the 14 Day Treatment Period; Global Improvement at Endpoint During the 14 Day Treatment Period,False,False
CETIRIZINE,NCT02932774,"Randomized, Double Blind, Parallel Group, Placebo Controlled, Multi-Center Study of the Efficacy and Safety of Cetirizine HCl Syrup vs. Loratadine Syrup vs. Pla",COMPLETED,PHASE4,"Allergic Rhinitis; Hay Fever; SAR; Rhinitis, Allergic, Seasonal",6 Years,11 Years,True,Change from baseline to the Overall endpoint in the subject 24-hour reflective total symptom severity complex (TSSC) score,"Change from baseline to the Overall endpoint in the subject 24-hour reflective TSSC, with and without stuffy nose score; Change from baseline to the Overall endpoint in the individual rhinoconjunctivitis symptoms (reflective and instantaneous); Investigator evaluation of rhinoconjunctivitis symptoms",False,False
CETIRIZINE,NCT00779116,"Multi-center, Pediatric, Open-label, Preference Study of Desloratadine 2.5 mg Reditab (SCH34117) and Zyrtec 5.0 mg Chewable Tablet Medications (Study P04574)(CO",COMPLETED,PHASE4,Allergies,6 Years,11 Years,True,Number of Subjects Who Preferred Desloratadine RediTab or Zyrtec Chewable Tablet.,,False,False
CETIRIZINE,NCT00780403,"Multi-Center, Pediatric, Open-Label, Preference Study of Desloratadine 2.5 mg Reditab (SCH34117) and Zyrtec ® 5.0 mg Chewable Tablet Medications (Study P04573) ",COMPLETED,PHASE4,Allergies,6 Years,11 Years,True,Number of Subjects Who Preferred Desloratadine RediTab or Zyrtec Chewable Tablet.,,False,False
CETIRIZINE,NCT00291642,A Study to Compare the Efficacy of Levocetirizine to Placebo in Reducing Symptoms of Seasonal Allergic Rhinitis (SAR) in Sensitive Subjects Exposed to Ragweed P,COMPLETED,PHASE2,Rhinitis; Allergic; Seasonal,16 Years,,True,Change From Baseline in the Major Symptom Complex (MSC) Score Over Period I,Change From Baseline in the MSC Score Over Period II; Change From Baseline in the MSC Score Over the Total Treatment Period (Period I + Period II); Change From Baseline in the Total Symptom Complex (TSC) Score Over Period I; Change From Baseline in the Total Symptom Complex (TSC) Score Over Period I,False,False
ENOXAPARIN,NCT01965002,Feasibility of ExAblate MRI Guided High Intensity Focused Ultrasound Tx of Soft Tissue Tumors,TERMINATED,NA,Soft Tissue Neoplasms,10 Years,,True,Overall Safety - Incidence of Any Device-related Adverse Events,Adverse Event Severity; Percent Successful Tumor Ablation,False,False
ENOXAPARIN,NCT01589393,OPtimal Timing of Thromboprophylaxis in Traumatic IntraCranial Haemorrhage (OPTTTICH Feasibility Study),COMPLETED,NA,Traumatic Intracranial Haemorrhage,16 Years,,True,Proximal lower limb deep vein thrombosis (DVT) diagnosed by bilateral lower extremity compression ultrasound.,Non-intracranial bleeding; Pulmonary Embolism; Intracranial haemorrhage progression (IHP).,False,False
ENOXAPARIN,NCT01588171,Comparison of 2 Low Molecular Weight Heparin as a Thromboprophylaxis Postpartum,COMPLETED,NA,Venous Thromboembolic Diseases,15 Years,48 Years,True,Venous thromboembolism,adverse effects,False,False
ENOXAPARIN,NCT04427098,Enoxaparin in COVID-19 Moderate to Severe Hospitalized Patients,COMPLETED,PHASE2,COVID-19,18 Years,90 Years,False,Mortality; Effectivness of enoxaparin on the outcome of COVID 19.; ICU admission and length of ICU stay; Lenght of hospital stay,To describe the rates and the types of thromboembolic events among hospitalized patients with confirmed diagnosis of COVID-19.; Advers Events,True,True
ENOXAPARIN,NCT00289042,Assessment of Cardioversion Using Transesophageal Echocardiography II (ACUTE II),COMPLETED,PHASE4,Atrial Fibrillation,18 Years,,False,ischemic stroke; transient ischemic attack; peripheral embolism; major or minor bleeding; death; length of stay (LOS); return to normal sinus rhythm (NSR),quality of life; cost-effectiveness,True,True
ENOXAPARIN,NCT06370273,Thromboprophylaxis in Lower Limb Immobilisation,RECRUITING,PHASE3,Thrombosis; Injury Leg,16 Years,,True,"Composite of net clinical benefit comprising clinical VTE event, major bleeding, and cause-specific mortality",Symptomatic VTE event occurrence; Major bleeding occurrence; Cause-specific mortality occurrence; Adverse and Serious adverse events; Medication adherence; Health utility (EQ-5D-5L); Patient satisfaction regarding the burdens and benefits of anticoagulation; Hospital readmission/reattendance; Health,False,False
ENOXAPARIN,NCT02260908,OPtimal Timing of Thromboprophylaxis in Traumatic IntraCranial Haemorrhage - Pilot Study,UNKNOWN,NA,Traumatic Intracranial Haemorrhage,16 Years,,True,Proximal lower limb deep vein thrombosis (DVT) diagnosed by bilateral lower extremity compression ultrasound (US).,Non-intracranial bleeding; Pulmonary Embolism (PE); Intracranial haemorrhage progression (IHP),False,False
ENOXAPARIN,NCT05895136,A Novel COMBinATorial Therapy With Albumin and Enoxaparin in Patients With Decompensated Cirrhosis at High-risk of Poor Outcome (COMBAT Trial).,RECRUITING,PHASE2,Liver Cirrhosis; Decompensated Cirrhosis of Liver; Acute on Chronic Liver Failure (ACLF),18 Years,80 Years,False,"To assess the safety and tolerability of the combinatorial therapy in terms of TEAE (pulmonary edema, major bleeding and/or thrombocytopenia",90 and 180-days changes in prognostic scores of CLIF-Consortium Acute Decompensation score (CLIF-C AD) from baseline.; 90 and 180-days changes in prognostic scores of Mayo End stage Liver Disease (MELD) from baseline.; 90 and 180-days changes in prognostic scores of Mayo End stage Liver Disease - so,True,False
ENOXAPARIN,NCT07710482,Prophylactic Anticoagulation for Central Venous Line Insertion in Critically Ill Children,NOT_YET_RECRUITING,NA,Prophylactic; Anticoagulation,1 Month,18 Years,True,Incidence of catheter-related venous thrombosis,"Incidence of catheter patency; Percentage of participants who develop catheter-related bloodstream infection, diagnosed according to CDC criteria.; Incidence of major bleeding; Incidence of minor bleeding; Catheter removal due to thrombosis; Catheter dwell time; All-cause in-hospital mortality",False,False
PREDNISOLONE,NCT05640375,Follow-up and Steroid Treatment Results in Intussusception,COMPLETED,PHASE1; PHASE2,Intussusception,1 Month,4 Years,True,Treatment of intussusception,,False,False
PREDNISOLONE,NCT00000730,Comparison of Three Treatments for Pneumocystis Pneumonia in AIDS Patients,TERMINATED,PHASE3,"Pneumonia, Pneumocystis Carinii; HIV Infections",12 Years,,True,,,False,False
PREDNISOLONE,NCT02167698,Trial of an Alternate Mode of Providing Artificial Breaths to Children With Very Severe Pneumonia,TERMINATED,NA,Acute Respiratory Distress Syndrome (ARDS),1 Month,12 Years,True,Twenty-eight-day ventilator-free days,Twenty-eight-day survival; Length of PICU stay; Organ-failure-free-days; Time-to-recovery of lung injury; Number of children with adverse events; All-cause mortality; Spirometry; Pediatric Cerebral performance category; Pediatric Overall performance category; Spirometry; Pediatric overall performanc,True,False
PREDNISOLONE,NCT05675410,"A Study to Compare Standard Therapy to Treat Hodgkin Lymphoma to the Use of Two Drugs, Brentuximab Vedotin and Nivolumab",RECRUITING,PHASE3,Lugano Classification Limited Stage Hodgkin Lymphoma AJCC v8,5 Years,60 Years,True,Progression-free survival (PFS) in rapid early responder (RER) patients; PFS in slow-early responder (SER) patients,Overall survival (OS) in RER patients; OS in SER patients; OS for entire patient population; PFS for favorable risk patients; PFS for unfavorable risk patients; PFS for entire population; Event-free survival (EFS); Incidence of adverse events (AEs); Patient reported outcomes (PRO)-CTCAE; Patient-rep,False,False
PREDNISOLONE,NCT04833374,Steroids Therapy in IgA Nephropathy With Crescents,UNKNOWN,PHASE3,IgA Nephropathy,14 Years,65 Years,True,Complete remission of proteinuria,Partial remission of proteinuria; Deterioration of renal function,False,False
PREDNISOLONE,NCT00627731,Oral Glucocorticosteroid in the Treatment of Severe Asthma Exacerbation in Hospitalized Patients,COMPLETED,PHASE4,Asthma,16 Years,80 Years,True,Efficacy of oral prednisolone for the treatment of acute asthma,The safety of oral prednisolone for the treatment of acute asthma,False,False
PREDNISOLONE,NCT03792256,Palbociclib in Combination With Chemotherapy in Treating Children With Relapsed Acute Lymphoblastic Leukemia (ALL) or Lymphoblastic Lymphoma (LL),COMPLETED,PHASE1,"Leukemia, Lymphocytic; Lymphoblastic Lymphoma; T-cell Lymphoma; T-cell Leukemia; Recurrent Disease; Acute Leukemia",12 Months,31 Years,True,Frequency of Dose Limiting Toxicities of Palbociclib; Frequency of Adverse Events of Palbociclib; Area Under the Drug Concentration Curve of Palbociclib; Half-life of Palbociclib; Maximum Serum Concentration of Palbociclib; Time to Reach Maximum Serum Concentration of Palbociclib; Clearance of Palbo,Number of Participants With at Least Partial Response to Palbociclib; Absolute Peripheral Blast Count of Palbociclib; Radiographic Response of Palbociclib in Patients With LL Patients; RB1 Expression of Palbociclib; Phospho-RB1 Expression of Palbociclib; Cyclin D3 Expression of Palbociclib; CDK4 Exp,False,False
PREDNISOLONE,NCT00400946,05-001: Treatment of Acute Lymphoblastic Leukemia in Children,COMPLETED,PHASE3,Drug/Agent Toxicity by Tissue/Organ; Leukemia,1 Year,18 Years,True,Asparaginase-Related Toxicity Rate,5-Year Disease-Free Survival; Post-Induction Nadir Serum Asparaginase Activity Level; Post-Induction Therapeutic Nadir Serum Asparaginase Activity Rate; Induction Infection Toxicity Rate; Induction Serum Asparaginase Activity Level; Induction Therapeutic Nadir Serum Asparaginase Activity Rate; 5-Yea,False,False
PREDNISOLONE,NCT00308321,Long Term Tapering or Standard Steroids for Nephrotic Syndrome,UNKNOWN,PHASE4,Nephrotic Syndrome,1 Year,15 Years,True,Time to first relapse; Assessment of steroid induced morbidity,frequent relapsing and steroid dependant disease; Time to relapse; serious adverse events; use of other immunosuppressive agents; Achenbach child behaviour checklist,False,False
PREDNISOLONE,NCT02517684,Top-down Infliximab Study in Kids With Crohn's Disease,COMPLETED,PHASE4,Crohn's Disease,3 Years,17 Years,True,Clinical remission without need for additional CD related therapy or surgery,Clinical response rates; Clinical remission rates; Mucosal healing; Change in height Z-scores; Change in BMI Z-scores; Change bone age; Change in Tanner stage; Therapy failure rates over time; Adverse events rates; Cumulative therapy use; Long-term yearly remission rates without need for additional ,True,False
PREDNISOLONE,NCT02167217,Historically Controlled Trial of Corticosteroids in Young Boys With Duchenne Muscular Dystrophy,COMPLETED,PHASE2,Duchenne Muscular Dystrophy,1 Month,30 Months,True,Bayley III Gross Motor Scaled Score (Change From Baseline to 12 Month),,False,False
PREDNISOLONE,NCT01529242,Comparison of Desloratadine Associated With Prednisolone Oral Solution Versus Dexchlorpheniramine Associated With Betamethasone for Cutaneous Rash Treatment,TERMINATED,PHASE3,Cutaneous Hypersensitivity,2 Years,11 Years,True,Efficacy of treatment in acute cutaneous rash based on symptoms score,Safety will be evaluated by the adverse event occurrences,False,False
PREDNISOLONE,NCT04873583,High Dose Steroids in Children With Stroke,RECRUITING,PHASE3,Paediatric Stroke,6 Months,17 Years,True,Change in Focal Cerebral Arteriopathy Severity Score (FCASS) from baseline,Functional impairment outcome measured by Pediatric Stroke Outcome Measure (PSOM); Recovery assessed by Recovery and Recurrence Questionnaire (RRQ); Degree of disability or dependence by modified Rankin Scale (mRS); Clinical outcome by Vineland adaptive behavior scale (VABS); Change in FCASS (Focal ,False,False
PREDNISOLONE,NCT00008307,Combination Chemotherapy Followed by Donor Bone Marrow Transplant or Peripheral Stem Cell Transplant in Treating Patients With Hematologic Cancer or Genetic Dis,UNKNOWN,PHASE2,Leukemia; Lymphoma; Multiple Myeloma and Plasma Cell Neoplasm; Myelodysplastic Syndromes,1 Year,80 Years,True,Hematopoietic recovery; Incidence of graft-versus-host disease,Chemotherapeutic toxicity; Relapse and survival,False,False
PREDNISOLONE,NCT07371572,The Efficacy and Safety of Intramuscular Methylprednisolone in Patients With Hand OsteoArthritis,RECRUITING,PHASE3,Hand Osteoarthritis,16 Years,,True,"Efficacy of intramuscular methylprednisolone acetate in reducing hand pain between baseline and week 4, compared to placebo measured on a 0-100 mm Visual Analogue Scale","Non-inferiority of 40mg compared to 120mg MP of the efficacy of intramuscular methylprednisolone acetate in reducing hand pain assessed by the digital 0-100 mm Visual Analogue Scale; Change in hand pain at week 4, and thereafter every 4 weeks; Percentage of participants with a reduction in hand pain",False,False
PREDNISOLONE,NCT00017654,"Study of Allogeneic Bone Marrow and T-Cell Depleted, CD34+ Peripheral Blood Stem Cell Transplantation in Patients With Aplastic Anemia",UNKNOWN,NA,Graft Versus Host Disease; Aplastic Anemia,15 Years,55 Years,True,,,False,False
AMPHOTERICIN B,NCT00310505,Amphotericin B Treatment in Visceral Leishmaniasis,COMPLETED,NA,Visceral Leishmaniasis,2 Years,65 Years,True,Final cure rate at six months after the end of treatment,,False,False
AMPHOTERICIN B,NCT00076869,MK0991 in Combination With Standard Antifungal Agent(s) for the Treatment of Salvage Invasive Aspergillosis (0991-037),COMPLETED,PHASE2,Aspergillosis,16 Years,,True,Tolerability.,Clinical response,False,False
AMPHOTERICIN B,NCT07185503,Liposomal Amphotericin B Plus Posaconazole/Isavuconazole for Mucormycosis in Hematologic Malignancies: Efficacy and Safety,RECRUITING,,Mucormycosis in Hematologic Malignancies,18 Years,65 Years,False,Composite Response Rate at End of liposomal amphotericin B (L-AmB) (3-5 mg/kg/day IV) Therapy,Survival Rate at Key Time Points; Time to Favorable Overall Response; Length of Hospitalization; Safety and Tolerability Profile,True,False
AMPHOTERICIN B,NCT05468372,Amphotericin Versus Posaconazole for Pulmonary Mucormycosis,COMPLETED,PHASE2,Mucormycosis; Pulmonary (Etiology),13 Years,,True,The proportion of participants achieving a successful outcome (complete response or partial response) at the completion of six weeks. The response assessment will be a composite of clinical and radiological as adjudged by a multidisciplinary team,The proportion of participants achieving a successful outcome (complete response or partial response) at the completion of twelve weeks. The response assessment will be a composite of clinical and radiological as adjudged by a multidisciplinary team; 90-day mortality; Adverse events related to thera,False,False
AMPHOTERICIN B,NCT04502381,Combined Inhalational With Intravenous Amphotericin B Versus Intravenous Amphotericin B Alone for Pulmonary Mucormycosis,COMPLETED,PHASE2,Pulmonary Mucormycosis,12 Years,,True,Overall response (clinical and radiological improvement) at the end of six weeks of start of therapy; Adverse events related to therapy,In-hospital mortality; 90 day mortality; Proportion of subjects requiring discontinuation or modification of therapy due to adverse events,False,False
AMPHOTERICIN B,NCT00012467,Safety and Antifungal Activity of Recombinant Interferon-Gamma 1b (rIFN-Gamma 1b) Given With Standard Therapy in Patients With Cryptococcal Meningitis,COMPLETED,PHASE2,"Meningitis, Cryptococcal; HIV Infections",13 Years,,True,,,False,False
AMPHOTERICIN B,NCT00628719,Single Infusion of Liposomal Amphotericin B in Indian Visceral Leishmaniasis,COMPLETED,PHASE3,Visceral Leishmaniasis,2 Years,65 Years,True,Final cure rate at six months after the end of treatment,Initial cure after the end of treatment,False,False
AMPHOTERICIN B,NCT00361517,To Determine Whether Galactomannan Test Will Help to Detect Fungal Infections Early and Hence Start Treatment Early,COMPLETED,PHASE3,Aspergillosis,12 Years,,True,"Development of proven or probable invasive fungal infection, fungal related mortality and overall survival in an intention to treat basis.",Duration of antifungal therapy and toxicity associated with antifungal therapy.,False,False
AMPHOTERICIN B,NCT04799236,Treatment of Mucosal Bolivian Leishmaniasis,UNKNOWN,PHASE3,Mucosal Leishmaniasis,12 Years,65 Years,True,Healing of mucosal lesions,Clinical and laboratory safety of these 3 drugs,False,False
AMPHOTERICIN B,NCT00000639,A Randomized Double Blind Protocol Comparing Amphotericin B With Flucytosine to Amphotericin B Alone Followed by a Comparison of Fluconazole and Itraconazole in,COMPLETED,NA,"Meningitis, Cryptococcal; HIV Infections",13 Years,,True,,,False,False
AMPHOTERICIN B,NCT07463040,Study Comparing Several Drugs to Understand Which Work Against Cutaneous Leishmaniasis (CL),NOT_YET_RECRUITING,PHASE3,Cutaneous Leihmaniasis,4 Years,65 Years,True,"For each of the investigational arms (miltefosine/miltefosine + paromomycin / liposomal amphotericin B/pentamidine isethionate), to determine whether it has superior efficacy to the control arm in terms of achieving cure of all lesions at Day 90","For each investigational arm, to determine whether it has superior efficacy to the control arm, in terms of achieving cure of all lesions at Day 180.; To compare between the control arm and each of the investigational arms: proportion of participants with all lesions cured, cure for all lesions cons",False,False
AMPHOTERICIN B,NCT01857479,A Randomized Controlled Trial of Inhaled Amphotericin B for Maintaining Remission in Allergic Bronchopulmonary Aspergillosis,COMPLETED,PHASE2; PHASE3,Allergic Bronchopulmonary Aspergillosis,12 Years,65 Years,True,Time to first relapse,ACQ-7 scores between the two groups; Number of asthma exacerbations requiring oral steroids; Improvement in forced expiratory volume in the first second (FEV1); Adverse effects of therapy in both the arms,False,False
AMPHOTERICIN B,NCT00885703,High-Dose Fluconazole for the Treatment of Cryptococcal Meningitis in HIV-Infected Individuals,COMPLETED,PHASE1; PHASE2,Cryptococcal Meningitis; HIV Infections,16 Years,,True,Number of Participants Who Discontinued Study-provided High Dose Fluconazole or Ampho B; Categorized Quantitative Culture Results; Change in Log10 Quantitative CSF Culture Results; Kaplan Meier (KM) Proportion of Participant Mortality,Results of the Neurological Examination; Results of Functional Status Evaluation; Length of Hospitalization; Number of Hospital Admissions; Number of Participants With Progression of Symptoms; Number of Participants With CNS IRIS; Number of Participants With Grade 3 and 4 Adverse Events,True,False
AMPHOTERICIN B,NCT01122771,"Phase III, Study of Three Short Course Combo (Ambisome®, Miltefosine, Paromomycin) Compared With AmBisome for the Treatment of VL in Bangladesh",COMPLETED,PHASE3,Visceral Leishmaniasis,5 Years,60 Years,True,Definitive cure,Initial Cure; Adverse events,False,False
AMPHOTERICIN B,NCT00001065,A Study of Amphotericin B in the Treatment of Fungal Infections of the Mouth in HIV-Infected Patients Who Have Not Had Success With Fluconazole,COMPLETED,PHASE2,"Candidiasis, Oral; HIV Infections",13 Years,,True,,,False,False
AMPHOTERICIN B,NCT06616168,Urogenital Infections in Women of Reproductive Age and the Activity of 4-Thiazolidinone Derivatives Against Pathogens,ACTIVE_NOT_RECRUITING,PHASE1,Bacterial Vaginosis,15 Years,49 Years,True,Estimation of the immune activity; Quantities of vaginal microflore bacteria,Quantities of bacteria in urine,False,False
AMPHOTERICIN B,NCT00003031,Comparison of Voriconazole and Amphotericin B in Treating Patients With Aspergillosis,COMPLETED,PHASE3,Infection; Pulmonary Complications,12 Years,,True,,,False,False
AMPHOTERICIN B,NCT00216346,Safety and Efficacy Study of Paromomycin to Treat Visceral Leishmaniasis,COMPLETED,PHASE3,Visceral Leishmaniasis,5 Years,55 Years,True,(1) To compare the safety of injectable paromomycin to amphotericin B when administered in the proposed dosage regimens.; (2) To compare the efficacy of injectable paromomycin to amphotericin B with regards to final cure rates.,- Characterization of the pharmacokinetics of injectable paromomycin in adults and children with VL; - Comparison of initial cure rates for the two regimens; - Comparison of clinical improvement rates for the two regimens,False,False
AMPHOTERICIN B,NCT00832208,"Open-Label, Sequential Step, Safety and Efficacy Study to Determine the Optimal Single Dose of Ambisome for Patients With VL",TERMINATED,PHASE2,Visceral Leishmaniasis,4 Years,,True,The primary efficacy variable is parasitological clearance with no relapse at 6 months post treatment (ie definitive cure) assessed by clinical status and confirmed by splenic or bone marrow aspiration.,Parasitological clearance at day 30.,False,False
AMPHOTERICIN B,NCT00876824,To Study the Effect Of Single Infusions Of Amphotericin B Lipid Preparations in Treatment of Patients Of Kala Azar,COMPLETED,PHASE3,"Leishmaniasis, Visceral",5 Years,65 Years,True,Clinical and parasitological cure at end of treatment and final cure (no relapse) at six months,"To assess the Number of AEs, SAEs, Incidence of IRTs, with no Incidence of nephrotoxicity and hepatotoxicity and no change in the Laboratory values for different parameters",False,False
AMPHOTERICIN B,NCT07725874,Safety and Efficacy of Liposomal Amphotericin B for Patients With Invasive Mold Diseases in Liver Transplant Recipients,NOT_YET_RECRUITING,NA,Invasive Mold Diseases,12 Years,,True,The primary endpoint of this study is the safety profile of liposomal amphotericin B (AmBisome) in liver transplant recipients with invasive mold disease,,False,False
FLUCONAZOLE,NCT00002122,A Randomized Study of Daily and Intermittent Prophylactic Regimens for the Prevention of Disseminated Mycobacterium Avium Complex (MAC) and Fungal Infections in,COMPLETED,PHASE3,Mycoses; Mycobacterium Avium-Intracellulare Infection; HIV Infections,12 Years,,True,,,False,False
FLUCONAZOLE,NCT00936182,Study of Fluconazole in Children With Autism Spectrum Disorder,UNKNOWN,NA,Autism Spectrum Disorder,3 Years,10 Years,True,PDD Behavior Inventory,,False,False
FLUCONAZOLE,NCT00000627,Pilot Study to Determine the Feasibility of Fluconazole for Induction Treatment and Suppression of Relapse of Histoplasmosis in Patients With the Acquired Immun,COMPLETED,NA,HIV Infections; Histoplasmosis,13 Years,,True,,,False,False
FLUCONAZOLE,NCT00313131,Study of the Management of Vaginal Discharge in West African Using Single Dose Treatments,COMPLETED,PHASE3,Bacterial Vaginosis; Candidiasis; Vaginitis,11 Years,,True,Symptomatic resolution of the vaginal discharge according to the patient,Objective resolution of the vaginal discharge according to the study nurse or medical officer,False,False
FLUCONAZOLE,NCT04029116,Phase 3 Study of Oral Ibrexafungerp (SCY-078) Vs. Placebo in Subjects With Recurrent Vulvovaginal Candidiasis (VVC),COMPLETED,PHASE3,Recurrent Vulvovaginal Candidiasis,12 Years,,True,Clinical Success,The Percentage of Subjects With no Mycologically Proven Recurrence; Safety and Tolerability,False,False
FLUCONAZOLE,NCT01825031,Reduction of EArly mortaLITY in HIV-infected Adults and Children Starting Antiretroviral Therapy,COMPLETED,PHASE3,Human Immunodeficiency Virus,5 Years,,True,All-cause mortality over the first 24 weeks after starting ART,48 week mortality (all-cause); Safety; Hospital inpatient episodes and total days admitted; Adherence to ART and acceptability of each strategy; Endpoint relating to anti-infection intervention; Endpoint relating to anti-malnutrition intervention; Endpoint relating to anti-HIV intervention,False,False
FLUCONAZOLE,NCT00012467,Safety and Antifungal Activity of Recombinant Interferon-Gamma 1b (rIFN-Gamma 1b) Given With Standard Therapy in Patients With Cryptococcal Meningitis,COMPLETED,PHASE2,"Meningitis, Cryptococcal; HIV Infections",13 Years,,True,,,False,False
FLUCONAZOLE,NCT00423267,POS vs FLU for First Line Treatment of Coccidioidomycosis (Study P04558Am1)(COMPLETED),COMPLETED,PHASE3,Coccidioidomycosis,13 Years,,True,Number of Participants With Treatment-related Treatment-emergent Adverse Events (TRAEs) That Occurred With Posaconazole (POS) or Fluconazole (FLU) in Period A; Number of Participants With Treatment-related Treatment-emergent Adverse Events (TRAEs) That Occurred With Posaconazole (POS) in Period B,Number of Participants With Treatment-emergent Adverse Events (TEAEs)That Occurred With POS or FLU in Period A; Number of Participants With Treatment-emergent Adverse Events (TEAEs) That Occurred With POS in Period B; Number of Participants With Laboratory Test Abnormalities (at Least a 1 Grade Shif,False,False
FLUCONAZOLE,NCT00002339,A Study of Fluconazole in the Treatment of Fungal Infections of the Throat in Patients With Weakened Immune Systems,COMPLETED,PHASE3,"Candidiasis, Esophageal; HIV Infections",13 Years,70 Years,True,,,False,False
FLUCONAZOLE,NCT00170430,Reducing Vaginal Infections in Women,COMPLETED,PHASE3,Bacterial Diseases; Other Mycoses; Sexually Transmitted Infection,16 Years,,True,,,False,False
FLUCONAZOLE,NCT01535469,Operational Research for Cryptococcal Antigen Screening,COMPLETED,PHASE4,Cryptococcal Meningitis; Cryptococcus Neoformans; Cryptococcosis,14 Years,,True,Retention in care,Cryptococcal meningitis-free survival time; Survival Time; Uptake of CRAG screening and preemptive treatment; Time from CRAG+ test to receipt of fluconazole therapy; All-cause discontinuation of fluconazole; Percentage of participants with symptomatic cryptococcal meningitis; Risk factors for sympto,False,False
FLUCONAZOLE,NCT00056368,The Safety and Efficacy of Anidulafungin Versus Comparator in Patients With Candidemia and Invasive Candidiasis,COMPLETED,PHASE3,Candidiasis,16 Years,,True,,,False,False
FLUCONAZOLE,NCT00189709,Micafungin Versus Fluconazole in the Treatment of Invasive Candidiasis and Candidemia,COMPLETED,PHASE3,Invasive Candidiasis; Candidemia,16 Years,,True,Response rate,"Clinical response, mycological response",False,False
FLUCONAZOLE,NCT00761267,"Study To Assess Pharmacokinetics, Safety & Efficacy of Anidulafungin When Treating Children With Invasive Candidiasis",COMPLETED,PHASE3,Candidemia,1 Month,17 Years,True,Number of Participants With Treatment-Emergent Adverse Events (AEs) and Serious Adverse Events (SAEs); Number of Participants With Laboratory Abnormalities,Number of Participants With Global Response; Area Under the Plasma Concentration Versus Time Curve From Time Zero to 24 Hours (AUC24) of Anidulafungin for Pharmacokinetic (PK) Subgroup; Maximum Plasma Concentration (Cmax) of Anidulafungin for Pharmacokinetic (PK) Subgroup; Area Under the Plasma Conc,False,False
FLUCONAZOLE,NCT00000639,A Randomized Double Blind Protocol Comparing Amphotericin B With Flucytosine to Amphotericin B Alone Followed by a Comparison of Fluconazole and Itraconazole in,COMPLETED,NA,"Meningitis, Cryptococcal; HIV Infections",13 Years,,True,,,False,False
FLUCONAZOLE,NCT00885703,High-Dose Fluconazole for the Treatment of Cryptococcal Meningitis in HIV-Infected Individuals,COMPLETED,PHASE1; PHASE2,Cryptococcal Meningitis; HIV Infections,16 Years,,True,Number of Participants Who Discontinued Study-provided High Dose Fluconazole or Ampho B; Categorized Quantitative Culture Results; Change in Log10 Quantitative CSF Culture Results; Kaplan Meier (KM) Proportion of Participant Mortality,Results of the Neurological Examination; Results of Functional Status Evaluation; Length of Hospitalization; Number of Hospital Admissions; Number of Participants With Progression of Symptoms; Number of Participants With CNS IRIS; Number of Participants With Grade 3 and 4 Adverse Events,True,False
FLUCONAZOLE,NCT00002076,Pilot Study of Oral Fluconazole in the Treatment of Acute Cryptococcal Meningitis,COMPLETED,NA,"Meningitis, Cryptococcal; HIV Infections",13 Years,,True,,,False,False
