pmid,pmcid,doi,title,year,journal,evidence_level,location_in_paper,passage,compounds_in_passage,compounds_in_paper,species,model,age_terms,direction_increase,direction_decrease,pct_values,length_values,concentrations,n_size,stats_reported,measures_actual_length,marker_only_context,canonical_branch,extraction_confidence,manually_read
32770014.0,PMC7414117,10.1038/s41598-020-69904-0,Radial shock waves prevent growth retardation caused by the clinically used drug vismodegib in ex vivo cultured bones.,2020.0,Scientific reports,FULL_TEXT_VERIFIED,body,"In vismodegib treated bones, a single session of rSWT partially rescued bone growth, increased the growth velocity, hypertrophic cell size, and restored growth plate morphology.",vismodegib,GANT61; vismodegib,mouse,metatarsal organ culture,,True,False,,,,,False,True,False,False,0.2,False
32770014.0,PMC7414117,10.1038/s41598-020-69904-0,Radial shock waves prevent growth retardation caused by the clinically used drug vismodegib in ex vivo cultured bones.,2020.0,Scientific reports,FULL_TEXT_VERIFIED,body,"124 ± 15% bone length increase from day 0, respectively; p = 0.002;",,GANT61; vismodegib,mouse,metatarsal organ culture,,True,False,15,,,,True,True,False,False,0.7,False
32770014.0,PMC7414117,10.1038/s41598-020-69904-0,Radial shock waves prevent growth retardation caused by the clinically used drug vismodegib in ex vivo cultured bones.,2020.0,Scientific reports,FULL_TEXT_VERIFIED,body,The graph shows increases in bone length over time from day 0 (%).,,GANT61; vismodegib,mouse,metatarsal organ culture,,True,False,,,,,False,True,False,False,0.0,False
32770014.0,PMC7414117,10.1038/s41598-020-69904-0,Radial shock waves prevent growth retardation caused by the clinically used drug vismodegib in ex vivo cultured bones.,2020.0,Scientific reports,FULL_TEXT_VERIFIED,body,The graph shows increases in bone length from day 0 (%).,,GANT61; vismodegib,mouse,metatarsal organ culture,,True,False,,,,,False,True,False,False,0.0,False
32770014.0,PMC7414117,10.1038/s41598-020-69904-0,Radial shock waves prevent growth retardation caused by the clinically used drug vismodegib in ex vivo cultured bones.,2020.0,Scientific reports,FULL_TEXT_VERIFIED,body,A hypothetical schematic diagram showing how extracorporeal radial shockwave treatment (rSWT) may be administered to low/high growth velocity areas (encircled) selectively to restore vismodegib-induced bone growth impairment in children with medulloblastoma.,vismodegib,GANT61; vismodegib,mouse,metatarsal organ culture,,True,True,,,,,False,True,False,False,0.2,False
32770014.0,PMC7414117,10.1038/s41598-020-69904-0,Radial shock waves prevent growth retardation caused by the clinically used drug vismodegib in ex vivo cultured bones.,2020.0,Scientific reports,FULL_TEXT_VERIFIED,body,Bone growth is expressed as percent bone length increase from day 0.,,GANT61; vismodegib,mouse,metatarsal organ culture,,True,False,,,,,False,True,False,False,0.0,False
32770014.0,PMC7414117,10.1038/s41598-020-69904-0,Radial shock waves prevent growth retardation caused by the clinically used drug vismodegib in ex vivo cultured bones.,2020.0,Scientific reports,FULL_TEXT_VERIFIED,caption,"Rescuing effects of rSWT on vismodegib treated bones (a) Fetal rat metatarsal bones cultured ex-vivo were treated with the Hh-inhibitor vismodegib (100 nM) for 5 days (n = 12; dotted line), a single session of high-energy rSWT (500, 10 Hz, 180 mJ; n = 6), or both (n = 6), and thereafter followed for 15 days. The graph shows increases in bone length over time from day 0 (%). All error bars indicate SD. Two-way ANOVA was applied. (b) Graph shows the increase in the growth velocity on day 15 of control, vismodegib, rSWT, and vismodegib + rSWT treated bones. All error bars indicate SD. Representative images of metatarsal bones stained with Alcian blue; (c) untreated control, (d) vismodegib, (e) rSWT and (f) vismodegib + rSWT. Magnification 10x. (g) height measurements of R + P zone and (h) hypertrophic cell size. Quantification of immunostaining for (i) Gli-1 and (j) Ihh using the ImageJ sof",vismodegib,GANT61; vismodegib,mouse,metatarsal organ culture,,True,True,,,100 nM,12; 6; 6,True,True,False,False,0.7000000000000001,False
32770014.0,PMC7414117,10.1038/s41598-020-69904-0,Radial shock waves prevent growth retardation caused by the clinically used drug vismodegib in ex vivo cultured bones.,2020.0,Scientific reports,FULL_TEXT_VERIFIED,caption,"Rescuing effects of rSWT on GANT61 treated bones (a) Fetal rat metatarsal bones cultured ex-vivo treated with the Hh-inhibitor GANT61 (10 µM; n = 13), a single session of rSWT (500, 10 Hz, 180 mJ; n = 19), or both (n = 21), and followed for 14 days. The graph shows increases in bone length from day 0 (%). All error bars indicate SD. Two-way ANOVA was applied. Representative images of metatarsal growth plates stained with Alcian blue; (b) untreated control, (c) GANT61, (d) rSWT and (e) GANT61 + rSWT. Magnification 10x. (f) Height measurements of R + P zone and (g) hypertrophic cell size. Quantification of immunostaining for (h) PCNA and (i) Gli-1 using the ImageJ software. *p < 0.05, **p < 0.01.",GANT61,GANT61; vismodegib,mouse,metatarsal organ culture,,True,True,,10 µM,10 µM,13; 19; 21,True,True,False,False,0.7000000000000001,False
32770014.0,PMC7414117,10.1038/s41598-020-69904-0,Radial shock waves prevent growth retardation caused by the clinically used drug vismodegib in ex vivo cultured bones.,2020.0,Scientific reports,FULL_TEXT_VERIFIED,caption,A hypothetical schematic diagram showing how extracorporeal radial shockwave treatment (rSWT) may be administered to low/high growth velocity areas (encircled) selectively to restore vismodegib-induced bone growth impairment in children with medulloblastoma.,vismodegib,GANT61; vismodegib,mouse,metatarsal organ culture,,True,True,,,,,False,True,False,False,0.2,False
35287796.0,PMC8923661,10.7554/elife.71931,C-type natriuretic peptide facilitates autonomic Ca<sup>2+</sup> entry in growth plate chondrocytes for stimulating bone growth.,2022.0,eLife,FULL_TEXT_VERIFIED,body,"The bone rudiments prepared from control embryos (Trpm7fl/fl, Col11a2-Cre−/−) regularly elongated during ex vivo culture, and their outgrowth was significantly stimulated by the supplementation with CNP (30 nM) into the culture medium (Figure 7A).",,Ca2+; cGMP,mouse,metatarsal organ culture,E17.5,True,False,,,30 nM,,False,True,False,True,0.1,False
34480533.0,PMC8641083,10.1002/sctm.21-0107,Role of extracellular vesicles from adipose tissue- and bone marrow-mesenchymal stromal cells in endothelial proliferation and chondrogenesis.,2021.0,Stem cells translational medicine,FULL_TEXT_VERIFIED,body,"B, Quantification of bone length increase during the time in different experimental groups.",,,mouse,metatarsal organ culture,E15.5; E17.5,True,False,,,,,False,True,False,False,0.0,False
34480533.0,PMC8641083,10.1002/sctm.21-0107,Role of extracellular vesicles from adipose tissue- and bone marrow-mesenchymal stromal cells in endothelial proliferation and chondrogenesis.,2021.0,Stem cells translational medicine,FULL_TEXT_VERIFIED,caption,"Effect of ADSC‐ and BMSC‐derived sEVs on longitudinal bone growth. A, Representative images of mouse metatarsals at day 1 and day 9 of culture, in different culture conditions. B, Quantification of bone length increase during the time in different experimental groups. Each bone length was normalized on its day 1 value. Data are presented as mean ± SD. Table shows statistical significance between experimental groups. N = 10, ****P < .0001, *P < .05 (one‐way ANOVA and Tukey multiple comparison)",,,mouse,metatarsal organ culture,E15.5; E17.5,True,False,,,,10,True,True,False,False,0.4,False
28060328.0,PMC5226350,10.3791/54978,Culture of Murine Embryonic Metatarsals: A Physiological Model of Endochondral Ossification.,2016.0,Journal of visualized experiments : JoVE,FULL_TEXT_VERIFIED,body,E15 metatarsal bones cultured in ascorbic acid only media showed comparable increases in length and mineralization as metatarsals cultured in the presence of βGP (Figure 3).,,,mouse,metatarsal organ culture,15-day-old; 3 day old; E15; E17,True,False,,,,,False,True,True,False,0.0,False
28060328.0,PMC5226350,10.3791/54978,Culture of Murine Embryonic Metatarsals: A Physiological Model of Endochondral Ossification.,2016.0,Journal of visualized experiments : JoVE,FULL_TEXT_VERIFIED,body,"Imaging and measurement of the 2nd, 3rd and 4th metatarsals from the hind limb of E15 mice was performed. (A) Serial images of the 2nd, 3rd and 4th metatarsals throughout the culture period. (B) Percentage increase in length from day 0 at each day of culture. (C) Mineral length of the 2nd, 3rd and 4th metatarsals over the culture period expressed as a percentage of the total metatarsal length.",,,mouse,metatarsal organ culture,15-day-old; 3 day old; E15; E17,True,False,,,,,False,True,False,False,0.0,False
28060328.0,PMC5226350,10.3791/54978,Culture of Murine Embryonic Metatarsals: A Physiological Model of Endochondral Ossification.,2016.0,Journal of visualized experiments : JoVE,FULL_TEXT_VERIFIED,body,"Figure 3:Growth and Mineralization Capacity of Wild-type E15 Metatarsals Cultured in various Osteogenic Media. (A) Serial images of metatarsals cultured in ascorbic acid only, 1 mM βGP, 3 mM phosphocholine, 1.5 mM calcium chloride or 3 mM calcium chloride containing media. (B) Percentage increase in length from day 0 of metatarsals cultured with the various supplements. (C) Mineral length of metatarsals cultured in various media expressed as a percentage of the total metatarsal length.",,,mouse,metatarsal organ culture,15-day-old; 3 day old; E15; E17,True,False,,1 mM; 3 mM; 1.5 mM; 3 mM,1 mM; 3 mM; 1.5 mM; 3 mM,,False,True,False,False,0.1,False
31434056.0,PMC6765336,10.1530/ec-19-0274,Effects of the selective GPER1 agonist G1 on bone growth.,2019.0,Endocrine connections,FULL_TEXT_VERIFIED,body,Mouse and human growth plate chondrocytes have been demonstrated to express GPER1 and ablation of this receptor increased bone length in mice.,,E2; beta-estradiol,mouse,metatarsal organ culture,12-week-old,True,False,,,,,False,True,False,False,0.0,False
31434056.0,PMC6765336,10.1530/ec-19-0274,Effects of the selective GPER1 agonist G1 on bone growth.,2019.0,Endocrine connections,FULL_TEXT_VERIFIED,body,The increase in bone length was expressed as a delta of the length at the day of dissection (day 0 = baseline).,,E2; beta-estradiol,mouse,metatarsal organ culture,12-week-old,True,False,,,,,False,True,False,False,0.0,False
22623989.0,PMC3356379,10.1371/journal.pone.0037163,Stromal cell-derived factor 1 regulates the actin organization of chondrocytes and chondrocyte hypertrophy.,2012.0,PloS one,FULL_TEXT_VERIFIED,body,"At the end of this culture assay, the total length of SDF-1−/− metatarsal bones was 9.7% shorter than wild-type metatarsals with statistical significance, indicating the functional effect of endogenous SDF-1 in the normal bone growth.",,,mouse,metatarsal organ culture,4-week-old; 6-week-old; E13.5; E14.5,False,True,9.7,,,,False,True,False,False,0.3,False
22623989.0,PMC3356379,10.1371/journal.pone.0037163,Stromal cell-derived factor 1 regulates the actin organization of chondrocytes and chondrocyte hypertrophy.,2012.0,PloS one,FULL_TEXT_VERIFIED,caption,"Lack of SDF-1 delays the growth metatarsals in organ culture. A: The metatarsal bones were harvested from SDF-1−/− (KO), SDF-1+/− (hetero), and wild-type (WT) mice at E15.5, cultured for 7 days, and the total length was measured at day 1, 3, 5, and 7. The length of metatarsal bones was calculated by day 1 as controls. B: Calcified spots (arrows) were counted in KO and WT metatarsals at day 1 and 7. C: Metatarsal bones were stained with hematoxylin and eosin (upper panel), or von Kossa (lower panel); Scale bar, 200 µm. D: The expression levels of type X collagen (Col X) and Sox9 of cultured metatarsal bones from E15.5 WT and KO mice at day 3 and 10 were quantified by real-time PCR. E: Primary chondrocytes isolated from WT and KO mice were cultured for 3 weeks in chondrogenic medium supplemented with insulin. The expression levels of Col X and Sox9 were quantified by real-time PCR. Values ",,,mouse,metatarsal organ culture,4-week-old; 6-week-old; E13.5; E14.5,False,False,,200 µm,,,True,True,False,False,0.4,False
25833299.0,PMC4949688,10.1002/jcp.25006,Increased linear bone growth by GH in the absence of SOCS2 is independent of IGF-1.,2015.0,Journal of cellular physiology,FULL_TEXT_VERIFIED,body,"In the absence of SOCS2, GH treatment enhanced metatarsal linear growth over a 12 day period.",,,mouse,metatarsal organ culture,E17; postnatal day 3,True,False,,,,,False,True,False,True,0.0,False
25833299.0,PMC4949688,10.1002/jcp.25006,Increased linear bone growth by GH in the absence of SOCS2 is independent of IGF-1.,2015.0,Journal of cellular physiology,FULL_TEXT_VERIFIED,body,"Liver‐specific IGF‐1 deficient (LID) mice have a significant reduction of circulating IGF‐1, but body weight and bone length were essentially normal (Sjogren et al., 1999;",,,mouse,metatarsal organ culture,E17; postnatal day 3,False,True,,,,,False,True,False,True,0.0,False
25833299.0,PMC4949688,10.1002/jcp.25006,Increased linear bone growth by GH in the absence of SOCS2 is independent of IGF-1.,2015.0,Journal of cellular physiology,FULL_TEXT_VERIFIED,body,"Intriguingly, these mice are characterized by increased growth, including increased long bone length and mass, without elevated circulating levels of IGF‐1 or GH (Metcalf et al., 2000;",,,mouse,metatarsal organ culture,E17; postnatal day 3,True,False,,,,,False,True,False,True,0.0,False
25833299.0,PMC4949688,10.1002/jcp.25006,Increased linear bone growth by GH in the absence of SOCS2 is independent of IGF-1.,2015.0,Journal of cellular physiology,FULL_TEXT_VERIFIED,body,"Taken together, these data indicate that SOCS2 is a major regulator of GH promotion of longitudinal growth in the metatarsal organ culture model.",,,mouse,metatarsal organ culture,E17; postnatal day 3,True,False,,,,,False,True,False,True,0.0,False
25833299.0,PMC4949688,10.1002/jcp.25006,Increased linear bone growth by GH in the absence of SOCS2 is independent of IGF-1.,2015.0,Journal of cellular physiology,FULL_TEXT_VERIFIED,body,"Following 7 days of GH treatment, WT metatarsals showed no increase in longitudinal growth compared to untreated samples, whereas Socs2‐/‐ metatarsal growth increased by 15% (P < 0.01) (Fig.",,,mouse,metatarsal organ culture,E17; postnatal day 3,True,False,15,,,,True,True,False,True,0.7,False
25833299.0,PMC4949688,10.1002/jcp.25006,Increased linear bone growth by GH in the absence of SOCS2 is independent of IGF-1.,2015.0,Journal of cellular physiology,FULL_TEXT_VERIFIED,body,These data reveal that increased longitudinal growth in response to GH observed in the Socs2‐/‐ metatarsal model is not mediated by increased IGF‐1 expression.,,,mouse,metatarsal organ culture,E17; postnatal day 3,True,False,,,,,False,True,False,True,0.0,False
25393478.0,PMC4260738,10.1038/cddis.2014.480,Inhibition of apoptosis signal-regulating kinase 1 enhances endochondral bone formation by increasing chondrocyte survival.,2014.0,Cell death & disease,FULL_TEXT_VERIFIED,body,"Closer evaluation of the metacarpals and phalanges showed increased length of the diaphyseal bone of the metacarpals (Figure 1c, brackets) and mineralization of the distal most phalange in Het and KO mice (Figure 1c, arrows).",,H2O2; reactive oxygen species; staurosporine,mouse,metatarsal organ culture,8-week-old; p38,True,False,,,,,False,True,True,False,0.0,False
25393478.0,PMC4260738,10.1038/cddis.2014.480,Inhibition of apoptosis signal-regulating kinase 1 enhances endochondral bone formation by increasing chondrocyte survival.,2014.0,Cell death & disease,FULL_TEXT_VERIFIED,body,"To further investigate accelerated bone development, the diaphyseal length per total bone length (diaphysis and epiphysis) was determined for the femur, tibia, fibula, humerus, radius and ulna and compared as percent of WT.",,H2O2; reactive oxygen species; staurosporine,mouse,metatarsal organ culture,8-week-old; p38,True,False,,,,,False,True,False,False,0.0,False
25393478.0,PMC4260738,10.1038/cddis.2014.480,Inhibition of apoptosis signal-regulating kinase 1 enhances endochondral bone formation by increasing chondrocyte survival.,2014.0,Cell death & disease,FULL_TEXT_VERIFIED,body,"Comparison of the femoral growth plates showed an increase in the length of the hypertrophic zone in Het and KO animals (Figure 3c, black brackets, D, P<0.0001, P<0.0001, respectively), but a decrease in the proliferative zone (Figure 3c, white brackets).",,H2O2; reactive oxygen species; staurosporine,mouse,metatarsal organ culture,8-week-old; p38,True,True,,,,,True,True,False,False,0.4,False
25393478.0,PMC4260738,10.1038/cddis.2014.480,Inhibition of apoptosis signal-regulating kinase 1 enhances endochondral bone formation by increasing chondrocyte survival.,2014.0,Cell death & disease,FULL_TEXT_VERIFIED,body,"Previous characterization of ASK1 expression in WT adult and embryonic mice shows high expression in hypertrophic chondrocytes, but no obvious skeletal phenotype in the ASK1 KO mouse.26, 27 In fact, the ASK1 KO mice appear completely normal, are born at the expected Mendelian frequency and are indistinguishable in appearance from their WT littermates.26 Indeed, the accelerated diaphyseal bone formation and increased trabecular volume and length we observed required systematic analysis with microCT and histology.",,H2O2; reactive oxygen species; staurosporine,mouse,metatarsal organ culture,8-week-old; p38,True,False,,,,,False,True,False,False,0.0,False
25393478.0,PMC4260738,10.1038/cddis.2014.480,Inhibition of apoptosis signal-regulating kinase 1 enhances endochondral bone formation by increasing chondrocyte survival.,2014.0,Cell death & disease,FULL_TEXT_VERIFIED,body,The results are reported based on the diaphyseal length per total bone length of the WT set to 100%.,,H2O2; reactive oxygen species; staurosporine,mouse,metatarsal organ culture,8-week-old; p38,False,False,100,,,,False,True,False,False,0.3,False
25238962.0,PMC4253021,10.1016/j.ydbio.2014.09.011,Mouse limb skeletal growth and synovial joint development are coordinately enhanced by Kartogenin.,2014.0,Developmental biology,FULL_TEXT_VERIFIED,body,"Despite undeniable progress, however, much remains unclear about limb skeletal development, particularly with regard to what drives limb elongation and growth at different stages, how the development of distinct tissues and structures is coordinated within each limb anatomical segment, and whether and which limb developmental event(s) is/are amenable to exogenous stimulation.",,,mouse,metatarsal organ culture,E10.5; E11.5; E12.5; E13.5,True,False,,,,,False,True,False,False,0.0,False
25238962.0,PMC4253021,10.1016/j.ydbio.2014.09.011,Mouse limb skeletal growth and synovial joint development are coordinately enhanced by Kartogenin.,2014.0,Developmental biology,FULL_TEXT_VERIFIED,body,"These data provide clear evidence that multiple and diverse limb developmental processes are harmoniously stimulated by KGN, including interzone and synovial joint formation, limb skeletal growth and elongation, interdigit invagination, and tendon maturation.",,,mouse,metatarsal organ culture,E10.5; E11.5; E12.5; E13.5,True,False,,,,,False,True,False,False,0.0,False
25238962.0,PMC4253021,10.1016/j.ydbio.2014.09.011,Mouse limb skeletal growth and synovial joint development are coordinately enhanced by Kartogenin.,2014.0,Developmental biology,FULL_TEXT_VERIFIED,body,"Note that KGN markedly increased overall limb growth, phalangeal elongation and interdigit mesenchymal invagination (arrowheads).",,,mouse,metatarsal organ culture,E10.5; E11.5; E12.5; E13.5,True,False,,,,,False,True,False,False,0.0,False
25238962.0,PMC4253021,10.1016/j.ydbio.2014.09.011,Mouse limb skeletal growth and synovial joint development are coordinately enhanced by Kartogenin.,2014.0,Developmental biology,FULL_TEXT_VERIFIED,caption,"KGN promotes multiple limb developmental processes. E12.5 Forelimb (FL) and E13.5 hindlimb (HL) pairs isolated from mouse embryos were maintained in explant culture in control medium containing DMSO solution (10μl/mL) or 1 μM KGN. (A-D) Microscopic images of limbs at time of isolation (A-B) and at 96 hrs of culture in control (C) or KGN (D) medium. Note that KGN markedly increased overall limb growth, phalangeal elongation and interdigit mesenchymal invagination (arrowheads). Extent of growth stimulation was calculated by measuring length of each phalangeal element (E) and summation (F) using ImageJ software. Data are shown as average total digit length (pixels) + S.E.M. of 5 limbs at 96h (*p<0.05). (A, G-H) Images of E13.5 hindlimb explants at time of isolation (A) and maintained in control (G) or KGN (H) medium for 96 hrs and stained with Alcian blue. Note the significant growth of pro",,,mouse,metatarsal organ culture,E10.5; E11.5; E12.5; E13.5,True,False,,1 μM; 100 μm,,,True,True,False,False,0.4,False
20200963.0,PMC3154001,10.1002/jbmr.47,A key role for membrane transporter NKCC1 in mediating chondrocyte volume increase in the mammalian growth plate.,2010.0,Journal of bone and mineral research : the official journal of the American Society for Bone and Mineral Research,FULL_TEXT_VERIFIED,body,Metatarsals/metacarpals from 16 rat pups (P7) were incubated in the presence/absence of the specific NKCC inhibitor bumetanide and measurement of whole-bone lengths and histologic analysis of the growth plate were done after 24 hours.,bumetanide,bumetanide,mouse,metatarsal organ culture,3-day-old; 4-day-old; P49; P53,False,True,,,,,False,True,False,False,0.2,False
20200963.0,PMC3154001,10.1002/jbmr.47,A key role for membrane transporter NKCC1 in mediating chondrocyte volume increase in the mammalian growth plate.,2010.0,Journal of bone and mineral research : the official journal of the American Society for Bone and Mineral Research,FULL_TEXT_VERIFIED,body,"First, whole-metatarsal/metacarpal rudiments were incubated with the loop diuretic bumetanide, a specific NKCC inhibitor, which inhibited bone elongation by approximately 35%.",bumetanide,bumetanide,mouse,metatarsal organ culture,3-day-old; 4-day-old; P49; P53,False,True,35,,,,False,True,False,False,0.5,False
20200963.0,PMC3154001,10.1002/jbmr.47,A key role for membrane transporter NKCC1 in mediating chondrocyte volume increase in the mammalian growth plate.,2010.0,Journal of bone and mineral research : the official journal of the American Society for Bone and Mineral Research,FULL_TEXT_VERIFIED,body,"Measurable increases in bone length were possible only with small bones from young animals, but the growth plate chondrocytes of these bones do not withstand crushing injury caused by the bisection required for cell volume determination by CLSM.",,bumetanide,mouse,metatarsal organ culture,3-day-old; 4-day-old; P49; P53,True,False,,,,,False,True,False,False,0.0,False
20200963.0,PMC3154001,10.1002/jbmr.47,A key role for membrane transporter NKCC1 in mediating chondrocyte volume increase in the mammalian growth plate.,2010.0,Journal of bone and mineral research : the official journal of the American Society for Bone and Mineral Research,FULL_TEXT_VERIFIED,body,"Approximately 80% of bone lengthening has been attributed to HZC volume increase.(1) Therefore, the inhibition of metatarsal longitudinal growth by bumetanide accounts for less than half, if one assumes that NKCC inhibition by bumetanide was limited to HZCs.",bumetanide,bumetanide,mouse,metatarsal organ culture,3-day-old; 4-day-old; P49; P53,True,True,80,,,,False,True,False,False,0.5,False
20200963.0,PMC3154001,10.1002/jbmr.47,A key role for membrane transporter NKCC1 in mediating chondrocyte volume increase in the mammalian growth plate.,2010.0,Journal of bone and mineral research : the official journal of the American Society for Bone and Mineral Research,FULL_TEXT_VERIFIED,body,"However, anecdotal clinical reports led to a study by Koo and colleagues,(31) who subjected 4-day-old rats to furosemide for 24 days and observed a significant reduction in tibial length that was not associated with abnormal calcium, sodium, magnesium, potassium, or parathyroid hormone in plasma or bone.",,bumetanide,mouse,metatarsal organ culture,3-day-old; 4-day-old; P49; P53,False,True,,,,,False,True,False,False,0.0,False
29899135.0,PMC6053657,10.1242/dev.162396,Intracellular biosynthesis of lipids and cholesterol by Scap and Insig in mesenchymal cells regulates long bone growth and chondrocyte homeostasis.,2018.0,"Development (Cambridge, England)",FULL_TEXT_VERIFIED,body,"The overexpression of Gli2 partially rescued the short limb phenotype associated with Scap deficiency in chondrocytes, with a 27% increase in upper limb length and a 23% increase in lower limb length at E16.5 (Fig.",,cholesterol; lipids,mouse,metatarsal organ culture,E11.5; E12.5; E13.5; E15.5,True,False,27; 23,,,,False,True,False,False,0.3,False
29899135.0,PMC6053657,10.1242/dev.162396,Intracellular biosynthesis of lipids and cholesterol by Scap and Insig in mesenchymal cells regulates long bone growth and chondrocyte homeostasis.,2018.0,"Development (Cambridge, England)",FULL_TEXT_VERIFIED,caption,"Deletion of Insig genes within mesenchymal cells or chondrocytes causes dwarfism. (A) Representative whole-mount, skeleton and long bone histology of E18.5 embryos and mice, showing dwarfism but intact overall bone structure when comparing mice lacking both Insig genes in Prx1-expressing cells with controls. (B) Femur length of E18.5 Prx1-cre; Insig1flox/flox; Insig2−/− and Insig1flox/flox; Insig2−/− embryos. The length of Insig1flox/flox; Insig2−/− is normalized to 1 (n=8 for Prx1-cre; Insig1flox/flox; Insig2−/− and 9 for Insig1flox/flox; Insig2−/−). Data are means with 95% confidence intervals. *P<0.05 compared with data from Insig1flox/flox; Insig2−/−. (C) The histology of the humeral growth plate at P0. R, resting zone; P, proliferative zone; H, hypertrophic zone. Bottom panels show type X collagen staining labeling the hypertrophic zone. (D) Relative length of type X collagen-expres",,cholesterol; lipids,mouse,metatarsal organ culture,E11.5; E12.5; E13.5; E15.5,False,False,95; 95; 95; 95,4 mm; 1 mm,,8; 6; 7,True,True,False,False,0.7,False
26259639.0,PMC4590675,10.1080/15548627.2015.1068489,Pharmacological inhibition of lysosomes activates the MTORC1 signaling pathway in chondrocytes in an autophagy-independent manner.,2015.0,Autophagy,FULL_TEXT_VERIFIED,body,This activation of MTORC1 was further confirmed in bone organ culture and promoted potent stimulation of longitudinal growth (p < 0.001).,,bafilomycin A1; concanamycin A,mouse,metatarsal organ culture,,True,False,,,,,True,True,False,False,0.4,False
26259639.0,PMC4590675,10.1080/15548627.2015.1068489,Pharmacological inhibition of lysosomes activates the MTORC1 signaling pathway in chondrocytes in an autophagy-independent manner.,2015.0,Autophagy,FULL_TEXT_VERIFIED,body,"Bafilomycin A1 stimulates bone growth in an autophagy-independent manner. (A) Metatarsal bones isolated from post-natal mice with and without conditional Atg5 deletion were cultured ex vivo in the presence of 8 nM Baf; bone length was measured over a time course of 6 d (n = 7 animals [21 bones] for control and 6 animals [18 bones] for Atg5cKO). (B) Cartilage was isolated from the bones described above, following 2 d of culture, by micro-dissection and levels of ATG5, SQSTM1, MAP1LC3A and p-RPS6 were analyzed by western blot.",bafilomycin A1,bafilomycin A1; concanamycin A,mouse,metatarsal organ culture,,True,False,,,8 nM,7,False,True,False,False,0.30000000000000004,False
26259639.0,PMC4590675,10.1080/15548627.2015.1068489,Pharmacological inhibition of lysosomes activates the MTORC1 signaling pathway in chondrocytes in an autophagy-independent manner.,2015.0,Autophagy,FULL_TEXT_VERIFIED,body,"Both bafilomycin A1 and chloroquine potently promote longitudinal growth of metatarsal bones, with Baf being slightly more potent.",bafilomycin A1,bafilomycin A1; concanamycin A,mouse,metatarsal organ culture,,True,False,,,,,False,True,False,False,0.2,False
26259639.0,PMC4590675,10.1080/15548627.2015.1068489,Pharmacological inhibition of lysosomes activates the MTORC1 signaling pathway in chondrocytes in an autophagy-independent manner.,2015.0,Autophagy,FULL_TEXT_VERIFIED,caption,"Bafilomycin A1 treatment increases longitudinal bone growth, chondrocyte hypertrophy and RPS6 phosphorylation. (A, B) Metatarsals isolated from post-natal mice were cultured ex vivo in the presence of 8 nM Baf, 30 µM CQ or 100 ng/ml IGF1. Bone length was measured at the indicated time points as described in Materials and Methods. ***, p < 0.001; n = 6 animals (18 bones) for control, Baf and IGF1 groups, and n = 4 animals (12 bones) for the CQ group. (C) Size of terminal hypertrophic chondrocytes was analyzed after 6 days in culture (**, p < 0.01; n = 5). Baf (D) and CQ (E) elevated phosphorylation levels of members of the MTORC1-signaling pathway as detected by western blotting. Phosphorylation was analyzed after 3 d exposure. Statistical values are incorporated in the text. The MTORC1 inhibitor Torin1 attenuated the growth-promoting effect of Baf or CQ (F and G, respectively). (n = 5–11",bafilomycin A1,bafilomycin A1; concanamycin A,mouse,metatarsal organ culture,,True,True,,30 µM,8 nM; 30 µM; 100 ng/ml,6; 4; 5,True,True,False,True,0.7000000000000001,False
26259639.0,PMC4590675,10.1080/15548627.2015.1068489,Pharmacological inhibition of lysosomes activates the MTORC1 signaling pathway in chondrocytes in an autophagy-independent manner.,2015.0,Autophagy,FULL_TEXT_VERIFIED,caption,"Bafilomycin A1 stimulates bone growth in an autophagy-independent manner. (A) Metatarsal bones isolated from post-natal mice with and without conditional Atg5 deletion were cultured ex vivo in the presence of 8 nM Baf; bone length was measured over a time course of 6 d (n = 7 animals [21 bones] for control and 6 animals [18 bones] for Atg5cKO). (B) Cartilage was isolated from the bones described above, following 2 d of culture, by micro-dissection and levels of ATG5, SQSTM1, MAP1LC3A and p-RPS6 were analyzed by western blot. RNA was extracted from bones cultured for 2 d and levels of Col2a1 (C), Col10a1 (D), Acan (E), Alpl (F) and Col1a1 (G) were analyzed by qRT-PCR. (*p < 0.05, ***p < 0.001, n = 5 repeats from 6 bones each).",bafilomycin A1,bafilomycin A1; concanamycin A,mouse,metatarsal organ culture,,True,False,,,8 nM,7; 5,True,True,True,False,0.7000000000000001,False
30036371.0,PMC6056026,10.1371/journal.pbio.2005263,Differential aging of growth plate cartilage underlies differences in bone length and thus helps determine skeletal proportions.,2018.0,PLoS biology,FULL_TEXT_VERIFIED,body,"As expected, the rates of bone elongation at the proximal tibia and the distal femur, measured by calcein labeling, were greater than those of the metacarpal bones and proximal phalanges (Fig 1A and 1D).",,,mouse,metatarsal organ culture,1-week-old; 4-week-old; 7-day-old; E17.5,True,False,,,,,False,True,False,False,0.0,False
30036371.0,PMC6056026,10.1371/journal.pbio.2005263,Differential aging of growth plate cartilage underlies differences in bone length and thus helps determine skeletal proportions.,2018.0,PLoS biology,FULL_TEXT_VERIFIED,body,"(A) Senescent changes in gene expression in the growth plate, including genes encoding many paracrine signaling molecules, are more advanced in the shorter bones. (B) Age-independent differences in gene expression within key regulatory pathways also contribute to differences in growth rate. (C) Consequently, the developmental program of growth plate senescence, including structural involution and declines in proliferation and hypertrophic cell size, is more advanced in shorter bones. (D) Differences in proliferation rate and hypertrophic cell size result in disparities in the rate of bone elongation and thus cumulative bone length.",,,mouse,metatarsal organ culture,1-week-old; 4-week-old; 7-day-old; E17.5,False,True,,,,,False,True,False,False,0.0,False
30036371.0,PMC6056026,10.1371/journal.pbio.2005263,Differential aging of growth plate cartilage underlies differences in bone length and thus helps determine skeletal proportions.,2018.0,PLoS biology,FULL_TEXT_VERIFIED,caption,"Differences in bone length arise in part from modulation of the developmental program of growth plate senescence.(A) Senescent changes in gene expression in the growth plate, including genes encoding many paracrine signaling molecules, are more advanced in the shorter bones. (B) Age-independent differences in gene expression within key regulatory pathways also contribute to differences in growth rate. (C) Consequently, the developmental program of growth plate senescence, including structural involution and declines in proliferation and hypertrophic cell size, is more advanced in shorter bones. (D) Differences in proliferation rate and hypertrophic cell size result in disparities in the rate of bone elongation and thus cumulative bone length. Bmp, bone morphogenetic protein; GP, growth plate; IGF, insulin-like growth factor; Igfbp, IGF-binding protein; Wif, Wnt inhibitory factor; Wnt, Wi",,,mouse,metatarsal organ culture,1-week-old; 4-week-old; 7-day-old; E17.5,False,True,,,,,False,True,False,False,0.0,False
20512918.0,PMC2883292,10.1002/jcb.22604,"Biology and pathology of Rho GTPase, PI-3 kinase-Akt, and MAP kinase signaling pathways in chondrocytes.",2010.0,Journal of cellular biochemistry,FULL_TEXT_VERIFIED,body,"Inhibition of p38 by cartilage-specific expression of a dominant-negative construct that interferes with p38 activation (type IIA collagen-p38 DN, isoform specificity not known) resulted in death shortly after birth in homozygotes due to deficient endochondral bone formation while heterozygotes had reduced limb length but lived a normal lifespan [Namdari et al., 2008].",,,mouse,metatarsal organ culture,8-week old; p38,False,True,,,,,False,True,False,False,0.0,False
25765847.0,PMC4564788,10.3109/17453674.2015.1029393,Parathyroid hormone resets the cartilage circadian clock of the organ-cultured murine femur.,2015.0,Acta orthopaedica,FULL_TEXT_VERIFIED,body,"Interestingly, the bone length of both PTHrP knock-out mice and clock gene Bmal1 knock-out mice is shorter (Schipani et al.",,teriparatide,mouse,metatarsal organ culture,,False,True,,,,,False,True,False,True,0.0,False
25765847.0,PMC4564788,10.3109/17453674.2015.1029393,Parathyroid hormone resets the cartilage circadian clock of the organ-cultured murine femur.,2015.0,Acta orthopaedica,FULL_TEXT_VERIFIED,body,"Importantly, bone length of the chondrocyte-specific Bmal1-deficient mouse is shorter than that of its wild-type equivalent (Takarada et al.",,teriparatide,mouse,metatarsal organ culture,,False,True,,,,,False,True,False,False,0.0,False
23840780.0,PMC3695926,10.1371/journal.pone.0067859,Resveratrol treatment delays growth plate fusion and improves bone growth in female rabbits.,2013.0,PloS one,FULL_TEXT_VERIFIED,body,"In ovary-intact rabbits, sixteen-week treatment with RES increased tibiae and vertebrae bone growth and subsequently improved final length.",RES,RES; Resveratrol; Trans-resveratrol; diethylstilbestrol; estradiol cypionate,mouse,metatarsal organ culture,12-week-old; 16-week-old; 24-day-old,True,False,,,,,False,True,False,False,0.2,False
23840780.0,PMC3695926,10.1371/journal.pone.0067859,Resveratrol treatment delays growth plate fusion and improves bone growth in female rabbits.,2013.0,PloS one,FULL_TEXT_VERIFIED,body,"In OVX rabbits, RES delayed fusion of the distal tibia, distal femur and proximal tibia epiphyses and femur length and vertebral bone growth increased when compared with controls.",RES,RES; Resveratrol; Trans-resveratrol; diethylstilbestrol; estradiol cypionate,mouse,metatarsal organ culture,12-week-old; 16-week-old; 24-day-old,True,False,,,,,False,True,False,False,0.2,False
23840780.0,PMC3695926,10.1371/journal.pone.0067859,Resveratrol treatment delays growth plate fusion and improves bone growth in female rabbits.,2013.0,PloS one,FULL_TEXT_VERIFIED,body,The increases in bone length from day 0 (the harvesting day) are presented as percentages.,RES,RES; Resveratrol; Trans-resveratrol; diethylstilbestrol; estradiol cypionate,mouse,metatarsal organ culture,12-week-old; 16-week-old; 24-day-old,True,False,,,,,False,True,False,False,0.2,False
23840780.0,PMC3695926,10.1371/journal.pone.0067859,Resveratrol treatment delays growth plate fusion and improves bone growth in female rabbits.,2013.0,PloS one,FULL_TEXT_VERIFIED,body,This observation was further confirmed by digital caliper measurements performed upon bone dissection (tibia length 111.6±0.6 mm in the RES group vs.,RES,RES; Resveratrol; Trans-resveratrol; diethylstilbestrol; estradiol cypionate,mouse,metatarsal organ culture,12-week-old; 16-week-old; 24-day-old,False,False,,0.6 mm,,,False,True,False,False,0.2,False
23840780.0,PMC3695926,10.1371/journal.pone.0067859,Resveratrol treatment delays growth plate fusion and improves bone growth in female rabbits.,2013.0,PloS one,FULL_TEXT_VERIFIED,body,"Femur length was also increased in RES-treated animals, albeit not significantly (103±0.8 vs.",RES,RES; Resveratrol; Trans-resveratrol; diethylstilbestrol; estradiol cypionate,mouse,metatarsal organ culture,12-week-old; 16-week-old; 24-day-old,True,False,,,,,False,True,False,False,0.2,False
23840780.0,PMC3695926,10.1371/journal.pone.0067859,Resveratrol treatment delays growth plate fusion and improves bone growth in female rabbits.,2013.0,PloS one,FULL_TEXT_VERIFIED,body,"When bone length was measured by a digital caliper at the end, the femur was significantly longer in RES-treated animals (102.4±0.6 mm vs.",RES,RES; Resveratrol; Trans-resveratrol; diethylstilbestrol; estradiol cypionate,mouse,metatarsal organ culture,12-week-old; 16-week-old; 24-day-old,True,False,,0.6 mm,,,False,True,False,False,0.2,False
23840780.0,PMC3695926,10.1371/journal.pone.0067859,Resveratrol treatment delays growth plate fusion and improves bone growth in female rabbits.,2013.0,PloS one,FULL_TEXT_VERIFIED,body,100.9±0.4 mm in controls; p<0.05) while the tibia length did not significantly differ between the RES group and controls (107.5±0.5 vs.,RES,RES; Resveratrol; Trans-resveratrol; diethylstilbestrol; estradiol cypionate,mouse,metatarsal organ culture,12-week-old; 16-week-old; 24-day-old,False,False,,0.4 mm,,,True,True,False,False,0.6000000000000001,False
23840780.0,PMC3695926,10.1371/journal.pone.0067859,Resveratrol treatment delays growth plate fusion and improves bone growth in female rabbits.,2013.0,PloS one,FULL_TEXT_VERIFIED,body,"Indeed, RES increased bone growth and final length in pre-pubertal, ovary-intact female rabbits.",RES,RES; Resveratrol; Trans-resveratrol; diethylstilbestrol; estradiol cypionate,mouse,metatarsal organ culture,12-week-old; 16-week-old; 24-day-old,True,False,,,,,False,True,False,False,0.2,False
23840780.0,PMC3695926,10.1371/journal.pone.0067859,Resveratrol treatment delays growth plate fusion and improves bone growth in female rabbits.,2013.0,PloS one,FULL_TEXT_VERIFIED,body,"Indeed, when measuring femur length after 10 weeks we confirmed such an effect, i.e. bones of RES-treated OVX rabbits were longer than those in control animals.",RES,RES; Resveratrol; Trans-resveratrol; diethylstilbestrol; estradiol cypionate,mouse,metatarsal organ culture,12-week-old; 16-week-old; 24-day-old,True,False,,,,,False,True,False,False,0.2,False
23840780.0,PMC3695926,10.1371/journal.pone.0067859,Resveratrol treatment delays growth plate fusion and improves bone growth in female rabbits.,2013.0,PloS one,FULL_TEXT_VERIFIED,body,We believe that the RES effect on bone growth and final length in this model could at least in part be explained by a decrease in VEGF and laminin expressions in growth plate cartilage.,RES,RES; Resveratrol; Trans-resveratrol; diethylstilbestrol; estradiol cypionate,mouse,metatarsal organ culture,12-week-old; 16-week-old; 24-day-old,False,True,,,,,False,True,False,False,0.2,False
19382193.0,PMC2894807,10.1002/jor.20894,The effect of rapamycin on bone growth in rabbits.,2009.0,Journal of orthopaedic research : official publication of the Orthopaedic Research Society,FULL_TEXT_VERIFIED,body,Infusion of rapamycin was associated with a smaller increase in bone length from baseline relative to the contralateral bones that were infused with DMSO alone (Fig.,DMSO; Rapamycin; rapamycin,DMSO; Rapamycin; rapamycin,rat,metatarsal organ culture,,True,False,,,,,False,True,False,False,0.2,False
22442678.0,PMC3307731,10.1371/journal.pone.0033168,Ablation of the pro-apoptotic protein Bax protects mice from glucocorticoid-induced bone growth impairment.,2012.0,PloS one,FULL_TEXT_VERIFIED,body,"A similar pattern was seen when calculating femur growth velocity which was profoundly suppressed by Dexa in wild-type female and male mice, whereas Bax-deficient animals were much less affected (Figure 1C and 1D).",Dexa,Dexa; Dexamethasone,mouse,metatarsal organ culture,32 day-old; 7-week-old,False,True,,,,,False,True,False,False,0.2,False
22442678.0,PMC3307731,10.1371/journal.pone.0033168,Ablation of the pro-apoptotic protein Bax protects mice from glucocorticoid-induced bone growth impairment.,2012.0,PloS one,FULL_TEXT_VERIFIED,body,"Femur bone length increase from day 0 in (A) female mice (***p<0.001, wild type Dexa vs. wild type vehicle; **p<0.01, wild type Dexa vs.",Dexa,Dexa; Dexamethasone,mouse,metatarsal organ culture,32 day-old; 7-week-old,True,False,,,,,True,True,False,False,0.6000000000000001,False
22442678.0,PMC3307731,10.1371/journal.pone.0033168,Ablation of the pro-apoptotic protein Bax protects mice from glucocorticoid-induced bone growth impairment.,2012.0,PloS one,FULL_TEXT_VERIFIED,caption,"Bax deficiency protects mice from Dexa-induced bone growth impairment.Bax knockout (BaxKO) and wild-type female and male mice were treated with Dexa (2 mg/kg body weight/day) or saline for 28 days. X-ray images were captured on days 0, 7, 14, 21, and 28, and left femur lengths were measured. Femur bone length increase from day 0 in (A) female mice (***p<0.001, wild type Dexa vs. wild type vehicle; **p<0.01, wild type Dexa vs. BaxKO Dexa; n = 5) and (B) male mice (***p<0.001, wild type Dexa vs. wild type vehicle., n.s = not significant; n = 5.). Femur growth velocity (mm/day) in (C) female mice (***p<0.001, wild type Dexa vs. wild type vehicle.,**wild type Dexa vs. BaxKO Dexa., n = 5) and (D) male mice (***p<0.001, *p<0.05, wild type Dexa vs. wild type vehicle; n = 5). (E) TUNEL assays for the detection of apoptotic chondrocytes in growth plates of BaxKO and wild-type female mice treated ",Dexa,Dexa; Dexamethasone,mouse,metatarsal organ culture,32 day-old; 7-week-old,True,True,,,2 mg/kg,5; 5; 5,True,True,True,False,0.7000000000000001,False
15123739.0,PMC2172180,10.1083/jcb.200311015,Smad6/Smurf1 overexpression in cartilage delays chondrocyte hypertrophy and causes dwarfism with osteopenia.,2004.0,The Journal of cell biology,FULL_TEXT_VERIFIED,caption,"Postnatal dwarfism in Smad6 transgenic mice. (A) Diagram of DNA constructs used to generate Smad6 transgenic mice. Gene structure of Col11a2 is shown at top. Boxes indicate coding regions and solid lines denote noncoding sequences. A 1.6-kb DNA fragment covering the entire coding region of mouse Smad6 cDNA tagged with FLAG sequence at the 5′ terminus was ligated to the promoter and 1st intron enhancer sequences of the Col11a2 gene. Bracket indicates SV40 splice cassette. (B) Normal and transgenic pups from lines 138 and 139 at 3 wk of age. (C) RT-PCR analysis of Smad6 mRNA expression at 16.5 d.p.c. (D and E) Temporal changes in crown–rump length (D) and weight (E) of wild-type and Smad6 transgenic mice from line 199 (n = 12). (F–H) Length of humerus (F), femur (G), and tibia (H) in wild-type and Smad6 transgenic mice from line 199 at 3 wk of age (n = 5). Error bars show means ± SD. *, P ",,,mouse,metatarsal organ culture,,True,False,,,,12; 5,True,True,False,False,0.4,False
15123739.0,PMC2172180,10.1083/jcb.200311015,Smad6/Smurf1 overexpression in cartilage delays chondrocyte hypertrophy and causes dwarfism with osteopenia.,2004.0,The Journal of cell biology,FULL_TEXT_VERIFIED,caption,"Down-regulation of chondrocyte hypertrophy induced by rhBMP2 in cartilage explants by Smad6 overexpression. (A–C) Microscopic and histological appearance of normal mouse metatarsal rudiments cultured in the presence of rhBMP2. (A) Rudiments consist of bright gray areas at both ends and dark gray central areas under phase-contrast microscopy. (B) Histological section stained with safranin O shows that bright and dark gray areas correspond to proliferative and hypertrophic cartilage, respectively. (C) von Kossa staining shows that dark gray areas contain mineralized tissue. (D–I) Cultured metatarsal rudiments prepared from normal (D, F, and H) and Smad6 transgenic (E, G, and I) mice. (D and E) Rudiments at the start of culture. (F and G) Rudiments cultured for 4 d in control medium. (H and I) Rudiments cultured for 1 d in control medium followed by 3 d in medium containing rhBMP2. (J and K",,,mouse,metatarsal organ culture,,False,False,,500 μm,,5,True,True,False,False,0.4,False
15123739.0,PMC2172180,10.1083/jcb.200311015,Smad6/Smurf1 overexpression in cartilage delays chondrocyte hypertrophy and causes dwarfism with osteopenia.,2004.0,The Journal of cell biology,FULL_TEXT_VERIFIED,caption,"Skeletal phenotypes are more severely disrupted in Smad6/Smurf1 double-transgenic mice than in Smad6 transgenic mice. (A) DNA constructs used to generate Smurf1 transgenic mice. Gene structure of Col11a2 is shown at top. (B) Northern blot hybridized with Smurf1 probe. Left, wild-type; right, Smurf1 transgenic mice. Bottom shows ethidium bromide–stained gel before transfer. (C–F) Alcian blue and Alizarin red S staining of hindlimb skeleton of normal (C), Smurf1 transgenic (D), Smad6 transgenic (E), and Smad6/Smurf1 double-transgenic (F) mice at 16.5 d.p.c. (G) Length of mineralized area in femur at 16.5 d.p.c. Length of tissue stained with Alizarin red S was measured. (H–J) Histology of tibia of normal (H), Smad6 transgenic (I), and Smad6/Smurf1 double-transgenic (J) mice at 16.5 d.p.c. Arrow shows endogenous Smurf1 mRNA. Half-arrow indicates Smurf1 transgene mRNA. Arrowheads indicate min",,,mouse,metatarsal organ culture,,False,False,,0.5 mm,,5,True,True,False,False,0.4,False
17374144.0,PMC1847438,10.1186/1471-213x-7-18,C-type natriuretic peptide regulates endochondral bone growth through p38 MAP kinase-dependent and -independent pathways.,2007.0,BMC developmental biology,FULL_TEXT_VERIFIED,body,Bones were then incubated with or without CNP (1 μM) for six days and bone growth was determined as change in bone length relative to day 1.,,natriuretic peptides,mouse,tibia/femur organ culture,E15.5; embryonic day 15.5; p38,False,False,,1 μM,,,False,True,False,True,0.0,False
17374144.0,PMC1847438,10.1186/1471-213x-7-18,C-type natriuretic peptide regulates endochondral bone growth through p38 MAP kinase-dependent and -independent pathways.,2007.0,BMC developmental biology,FULL_TEXT_VERIFIED,caption,"CNP enhances endochondral bone growth. Mouse E15.5 tibiae were harvested and cultured for six days in the presence of vehicle, CNP at the indicated concentrations, membrane-permeable 8-(4-cpt) cGMP (0.1 mM), the non-specific PDE inhibitor IBMX (0.1 mM), or a selective inhibitor of PDE I, 8-methooxymethyl, IBMX (10 μM). After six days in culture, vehicle and CNP-treated (1 μM) bones were stained with Alcian Blue and Alizarin Red and representative images are shown, in comparison to a freshly isolated tibia (A). Growth of tibiae over the culture period at indicated concentrations of CNP and treatments was measured (B, D), and the weight of bones was determined (C). CNP, 8-(4-cpt) cGMP and IBMX stimulated tibia growth, when compared to control conditions. E15.5 tibiae were isolated under three different conditions: perichondrium was left intact with very loose dissection, perichondrium was ",,natriuretic peptides,mouse,tibia/femur organ culture,E15.5; embryonic day 15.5; p38,True,True,,0.1 mM; 0.1 mM; 10 μM; 1 μM,0.1 mM; 0.1 mM,,True,True,False,True,0.5,False
27959934.0,PMC5154531,10.1371/journal.pone.0167916,Mice with an N-Ethyl-N-Nitrosourea (ENU) Induced Tyr209Asn Mutation in Natriuretic Peptide Receptor 3 (NPR3) Provide a Model for Kyphosis Associated with Activation of the MAPK Signaling Pathway.,2016.0,PloS one,FULL_TEXT_VERIFIED,body,"KYLB mice, when compared to unaffected littermates, had: thoraco-lumbar kyphosis, larger vertebrae, and increased body length and increased bone area.",KYLB,ENU; KYLB; N-Ethyl-N-Nitrosourea; N-ethyl-N-nitrosourea,mouse,tibia/femur organ culture,1 day old; 10 day old; 12 week old; 4 week old,True,False,,,,,False,True,False,False,0.2,False
27959934.0,PMC5154531,10.1371/journal.pone.0167916,Mice with an N-Ethyl-N-Nitrosourea (ENU) Induced Tyr209Asn Mutation in Natriuretic Peptide Receptor 3 (NPR3) Provide a Model for Kyphosis Associated with Activation of the MAPK Signaling Pathway.,2016.0,PloS one,FULL_TEXT_VERIFIED,body,Femoral lengths in Kylb/Kylb mice were greater than 2 standard deviations longer than unaffected (wild-type and Kylb/+) littermates (S1 Fig).,KYLB,ENU; KYLB; N-Ethyl-N-Nitrosourea; N-ethyl-N-nitrosourea,mouse,tibia/femur organ culture,1 day old; 10 day old; 12 week old; 4 week old,True,False,,,,,False,True,False,False,0.2,False
27959934.0,PMC5154531,10.1371/journal.pone.0167916,Mice with an N-Ethyl-N-Nitrosourea (ENU) Induced Tyr209Asn Mutation in Natriuretic Peptide Receptor 3 (NPR3) Provide a Model for Kyphosis Associated with Activation of the MAPK Signaling Pathway.,2016.0,PloS one,FULL_TEXT_VERIFIED,caption,"Femoral lengths in 12 week old mice.Femoral lengths of 4 week old wild-type (WT), Kylb/+ and Kylb/Kylb male and female mice. Femora from Kylb/Kylb mice were more than 2 standard deviations (SD) longer than those from unaffected (WT and Kylb/+) mice. Individual squares (males) and circles (females) represent individual mice; the bars represent the mean ± SD of unaffected mice. Open symbols represent WT mice, gray symbols represent Kylb/+ mice, and black symbols represent Kylb/Kylb mice.(TIF)",KYLB,ENU; KYLB; N-Ethyl-N-Nitrosourea; N-ethyl-N-nitrosourea,mouse,tibia/femur organ culture,1 day old; 10 day old; 12 week old; 4 week old,True,False,,,,,False,True,False,False,0.2,False
27959934.0,PMC5154531,10.1371/journal.pone.0167916,Mice with an N-Ethyl-N-Nitrosourea (ENU) Induced Tyr209Asn Mutation in Natriuretic Peptide Receptor 3 (NPR3) Provide a Model for Kyphosis Associated with Activation of the MAPK Signaling Pathway.,2016.0,PloS one,FULL_TEXT_VERIFIED,caption,"Femoral lengths in 12 week old mice.Femoral lengths of 4 week old wild-type (WT), Kylb/+ and Kylb/Kylb male and female mice. Femora from Kylb/Kylb mice were more than 2 standard deviations (SD) longer than those from unaffected (WT and Kylb/+) mice. Individual squares (males) and circles (females) represent individual mice; the bars represent the mean ± SD of unaffected mice. Open symbols represent WT mice, gray symbols represent Kylb/+ mice, and black symbols represent Kylb/Kylb mice.(TIF)",KYLB,ENU; KYLB; N-Ethyl-N-Nitrosourea; N-ethyl-N-nitrosourea,mouse,tibia/femur organ culture,1 day old; 10 day old; 12 week old; 4 week old,True,False,,,,,False,True,False,False,0.2,False
37082116.0,PMC10111257,10.3389/fendo.2023.1119427,Glucocorticoid induced bone disorders in children: Research progress in treatment mechanisms.,2023.0,Frontiers in endocrinology,FULL_TEXT_VERIFIED,body,"Studies have shown that high doses of DEX in young male rats significantly reduced the concentration of NT-proCNP, a marker of CNP production (13, 56), and reduced the thickness of the growth plate and bone length.",,steroid,mouse,in vivo,8-week-old,False,True,,,,,False,True,False,True,0.0,False
34490260.0,PMC8417792,10.3389/fcell.2021.710664,G-Protein-Coupled Estrogen Receptor-1 Positively Regulates the Growth Plate Chondrocyte Proliferation in Female Pubertal Mice.,2021.0,Frontiers in cell and developmental biology,FULL_TEXT_VERIFIED,body,Estrogen enhances long bone longitudinal growth during early puberty.,,,mouse,in vivo,12-week-old; 16-week-old; 2-week-old; 4-week-old,True,False,,,,,False,True,False,True,0.0,False
34490260.0,PMC8417792,10.3389/fcell.2021.710664,G-Protein-Coupled Estrogen Receptor-1 Positively Regulates the Growth Plate Chondrocyte Proliferation in Female Pubertal Mice.,2021.0,Frontiers in cell and developmental biology,FULL_TEXT_VERIFIED,body,"The femoral length of CKO mice decreased by 2.84%, and the tibial length decreased by 2.32% in 8-week-old mice compared with that in the control mice, as determined via μ-CT analysis (Figures 3D,E).",,,mouse,in vivo,12-week-old; 16-week-old; 2-week-old; 4-week-old,False,True,2.84; 2.32,,,,False,True,False,True,0.3,False
34490260.0,PMC8417792,10.3389/fcell.2021.710664,G-Protein-Coupled Estrogen Receptor-1 Positively Regulates the Growth Plate Chondrocyte Proliferation in Female Pubertal Mice.,2021.0,Frontiers in cell and developmental biology,FULL_TEXT_VERIFIED,body,These data indicated that the reduced bone length might be associated with a reduction in endochondral ossification because the primary spongiosa thickness and the lengths of metaphysis plus diaphysis were significantly reduced rather than that of the epiphysis.,,,mouse,in vivo,12-week-old; 16-week-old; 2-week-old; 4-week-old,False,True,,,,,False,True,False,True,0.0,False
34490260.0,PMC8417792,10.3389/fcell.2021.710664,G-Protein-Coupled Estrogen Receptor-1 Positively Regulates the Growth Plate Chondrocyte Proliferation in Female Pubertal Mice.,2021.0,Frontiers in cell and developmental biology,FULL_TEXT_VERIFIED,body,"In this study, we found a decrease in the number of proliferative chondrocytes, length of proliferation zone of the growth plate, and length of the tibia in CKO mice.",,,mouse,in vivo,12-week-old; 16-week-old; 2-week-old; 4-week-old,False,True,,,,,False,True,False,True,0.0,False
34490260.0,PMC8417792,10.3389/fcell.2021.710664,G-Protein-Coupled Estrogen Receptor-1 Positively Regulates the Growth Plate Chondrocyte Proliferation in Female Pubertal Mice.,2021.0,Frontiers in cell and developmental biology,FULL_TEXT_VERIFIED,body,"In contrast, a study on full GPER-1 knockout male mice showed increased body length, bone mineral density, trabecular bone volume, and cortical bone thickness (Ford et al., 2011).",,,mouse,in vivo,12-week-old; 16-week-old; 2-week-old; 4-week-old,True,False,,,,,False,True,False,True,0.0,False
34490260.0,PMC8417792,10.3389/fcell.2021.710664,G-Protein-Coupled Estrogen Receptor-1 Positively Regulates the Growth Plate Chondrocyte Proliferation in Female Pubertal Mice.,2021.0,Frontiers in cell and developmental biology,FULL_TEXT_VERIFIED,body,"In this study, using our CKO model, we demonstrated that CKO mice did not only have decreased bone length but also have decreased the number of Ki67- and PCNA-positive proliferative chondrocytes in the growth plate of 8-week-old pubertal female mice.",,,mouse,in vivo,12-week-old; 16-week-old; 2-week-old; 4-week-old,False,True,,,,,False,True,False,True,0.0,False
34490260.0,PMC8417792,10.3389/fcell.2021.710664,G-Protein-Coupled Estrogen Receptor-1 Positively Regulates the Growth Plate Chondrocyte Proliferation in Female Pubertal Mice.,2021.0,Frontiers in cell and developmental biology,FULL_TEXT_VERIFIED,body,These results emphasized that GPER-1 plays a crucial role in promoting the proliferation of growth plate chondrocytes and contributes to bone elongation during pubertal bone growth.,,,mouse,in vivo,12-week-old; 16-week-old; 2-week-old; 4-week-old,True,False,,,,,False,True,False,True,0.0,False
34490260.0,PMC8417792,10.3389/fcell.2021.710664,G-Protein-Coupled Estrogen Receptor-1 Positively Regulates the Growth Plate Chondrocyte Proliferation in Female Pubertal Mice.,2021.0,Frontiers in cell and developmental biology,FULL_TEXT_VERIFIED,body,The length of the long bone is determined by increasing not only the height but also the timing of growth plates closure.,,,mouse,in vivo,12-week-old; 16-week-old; 2-week-old; 4-week-old,True,False,,,,,False,True,False,True,0.0,False
34490260.0,PMC8417792,10.3389/fcell.2021.710664,G-Protein-Coupled Estrogen Receptor-1 Positively Regulates the Growth Plate Chondrocyte Proliferation in Female Pubertal Mice.,2021.0,Frontiers in cell and developmental biology,FULL_TEXT_VERIFIED,body,"In contrast to the results found in the pubertal mice, we demonstrated that the bone lengths in femurs and tibia were shorter but not statistically different in the post-puberty (12-week-old) CKO mice compared with those in the control mice (Figures 3D,E).",,,mouse,in vivo,12-week-old; 16-week-old; 2-week-old; 4-week-old,False,True,,,,,False,True,False,True,0.0,False
34490260.0,PMC8417792,10.3389/fcell.2021.710664,G-Protein-Coupled Estrogen Receptor-1 Positively Regulates the Growth Plate Chondrocyte Proliferation in Female Pubertal Mice.,2021.0,Frontiers in cell and developmental biology,FULL_TEXT_VERIFIED,body,"In conclusion, chondrocyte-specific GPER-1 knockout in female mice and subsequent treatment with a specific GPER-1 agonist or antagonist on the implant culture of epiphytical cartilage showed that GPER-1 plays an important role in facilitating the elongation of long bone by enhancing the growth plate chondrocyte proliferation in female pubertal mice.",,,mouse,in vivo,12-week-old; 16-week-old; 2-week-old; 4-week-old,True,False,,,,,False,True,False,True,0.0,False
33986191.0,PMC8262325,10.1172/jci.insight.141426,Phosphatase inhibition by LB-100 enhances BMN-111 stimulation of bone growth.,2021.0,JCI insight,FULL_TEXT_VERIFIED,body,"In ex vivo experiments with Fgfr3Y367C/+ mice, the combination of BMN-111 and LB-100 increased bone length and cartilage area, restored chondrocyte terminal differentiation, and increased the proliferative growth plate area, more than BMN-111 alone.",BMN-111; LB-100,BMN-111; LB-100; cGMP; cyclic GMP; vosoritide,mouse,,1-day-old; 2-day-old; E16.5,True,False,,,,,False,True,False,True,0.2,False
33986191.0,PMC8262325,10.1172/jci.insight.141426,Phosphatase inhibition by LB-100 enhances BMN-111 stimulation of bone growth.,2021.0,JCI insight,FULL_TEXT_VERIFIED,body,"Over a 6-day culture period, the mean increase in bone length in the BMN-111–stimulated Fgfr3Y367C/+ femurs was 1.78 times that in vehicle-treated bones (Figure 3C).",BMN-111,BMN-111; LB-100; cGMP; cyclic GMP; vosoritide,mouse,,1-day-old; 2-day-old; E16.5,True,False,,,,,False,True,False,True,0.2,False
33986191.0,PMC8262325,10.1172/jci.insight.141426,Phosphatase inhibition by LB-100 enhances BMN-111 stimulation of bone growth.,2021.0,JCI insight,FULL_TEXT_VERIFIED,body,"However, when Fgfr3Y367C/+ femurs were cultured with BMN-111 together with 10 μM LB-100, the mean increase in bone length was 2.06 times that in untreated bones (Figure 3C).",BMN-111; LB-100,BMN-111; LB-100; cGMP; cyclic GMP; vosoritide,mouse,,1-day-old; 2-day-old; E16.5,True,False,,10 μM,,,False,True,False,True,0.2,False
33986191.0,PMC8262325,10.1172/jci.insight.141426,Phosphatase inhibition by LB-100 enhances BMN-111 stimulation of bone growth.,2021.0,JCI insight,FULL_TEXT_VERIFIED,body,"The combination of LB-100 and BMN-111 increased the percent of growth of the 2 synchondroses in explants from Fgfr3Y367C/+ embryos (Figure 6, C and D), leading to a rescue of the skull base anomalies, with similar bone elongation comparing Fgfr3+/+ and treated Fgfr3Y367C/+ explants (Figure 6, C and D).",BMN-111; LB-100,BMN-111; LB-100; cGMP; cyclic GMP; vosoritide,mouse,,1-day-old; 2-day-old; E16.5,True,False,,,,,False,True,False,True,0.2,False
33986191.0,PMC8262325,10.1172/jci.insight.141426,Phosphatase inhibition by LB-100 enhances BMN-111 stimulation of bone growth.,2021.0,JCI insight,FULL_TEXT_VERIFIED,body,"Recent mouse studies indicate that, in addition to increasing prepubertal bone elongation, phosphorylation of NPR2 increases bone density, due to an increase in the number of active osteoblasts at the bone surface (50).",,BMN-111; LB-100; cGMP; cyclic GMP; vosoritide,mouse,,1-day-old; 2-day-old; E16.5,True,False,,,,,False,True,False,True,0.0,False
33986191.0,PMC8262325,10.1172/jci.insight.141426,Phosphatase inhibition by LB-100 enhances BMN-111 stimulation of bone growth.,2021.0,JCI insight,FULL_TEXT_VERIFIED,body,"The results were expressed as the increase in femur length or area (D6 – D0) in the presence or absence of LB-100, BMN-111, or LB-100 + BMN-111.",BMN-111; LB-100,BMN-111; LB-100; cGMP; cyclic GMP; vosoritide,mouse,,1-day-old; 2-day-old; E16.5,True,False,,,,,False,True,False,True,0.2,False
33986191.0,PMC8262325,10.1172/jci.insight.141426,Phosphatase inhibition by LB-100 enhances BMN-111 stimulation of bone growth.,2021.0,JCI insight,FULL_TEXT_VERIFIED,body,"Scale bar (solid line): 1 mm. (C and D) Measurements of growth in bone length (C) and area (D), showing that LB-100 + BMN-111 increases growth more than BMN-111 alone.",BMN-111; LB-100,BMN-111; LB-100; cGMP; cyclic GMP; vosoritide,mouse,,1-day-old; 2-day-old; E16.5,True,False,,1 mm,,,False,True,False,True,0.2,False
33986191.0,PMC8262325,10.1172/jci.insight.141426,Phosphatase inhibition by LB-100 enhances BMN-111 stimulation of bone growth.,2021.0,JCI insight,FULL_TEXT_VERIFIED,caption,"LB-100 and BMN-111 act synergistically to stimulate growth in fetal femurs from Fgfr3Y367C/+ mice.(A) Diagram showing sites of action of LB-100 and BMN-111. (B) Representative photographs of fetal femurs from E16.5 Fgfr3+/+ (WT) and Fgfr3Y367C/+ mice, before (D0) and after a 6-day (D6) culture with the indicated treatments. The upper dashed line indicates the groups compared in C and D. Scale bar (solid line): 1 mm. (C and D) Measurements of growth in bone length (C) and area (D), showing that LB-100 + BMN-111 increases growth more than BMN-111 alone. The concentration of LB-100 was 10 μM, and the concentration of BMN-111 was 0.1 μM. Symbols in graphs C and D indicate individual bones (n = 5–10). Data are shown as mean ± SEM, and data were analyzed by unpaired 2-tailed t tests. *P < 0.05 between indicated groups.",BMN-111; LB-100,BMN-111; LB-100; cGMP; cyclic GMP; vosoritide,mouse,,1-day-old; 2-day-old; E16.5,True,False,,1 mm; 10 μM; 0.1 μM,,5,True,True,False,True,0.6000000000000001,False
32415542.0,PMC7299241,10.1007/s11914-020-00570-x,The Actions of IGF-1 in the Growth Plate and Its Role in Postnatal Bone Elongation.,2020.0,Current osteoporosis reports,FULL_TEXT_VERIFIED,body,Understanding how internal and external variables regulate bone lengthening is essential for developing and improving treatments for an array of bone elongation disorders.,,,mouse,in vivo,28-day-old,True,False,,,,,False,True,False,True,0.0,False
32415542.0,PMC7299241,10.1007/s11914-020-00570-x,The Actions of IGF-1 in the Growth Plate and Its Role in Postnatal Bone Elongation.,2020.0,Current osteoporosis reports,FULL_TEXT_VERIFIED,body,Future studies may benefit from understanding how these unique relationships could offer realistic new approaches for increasing bone length in different growth-limiting conditions.,,,mouse,in vivo,28-day-old,True,False,,,,,False,True,False,True,0.0,False
32415542.0,PMC7299241,10.1007/s11914-020-00570-x,The Actions of IGF-1 in the Growth Plate and Its Role in Postnatal Bone Elongation.,2020.0,Current osteoporosis reports,FULL_TEXT_VERIFIED,body,"IGF-1 is the major regulator of growth and controls bone elongation by promoting chondrocyte proliferation and hypertrophy [2,3].",,,mouse,in vivo,28-day-old,True,False,,,,,False,True,False,True,0.0,False
32415542.0,PMC7299241,10.1007/s11914-020-00570-x,The Actions of IGF-1 in the Growth Plate and Its Role in Postnatal Bone Elongation.,2020.0,Current osteoporosis reports,FULL_TEXT_VERIFIED,body,"Limb length inequalities of 2 cm or more (about 2.4% of adult height [60–62]) typically involve surgical correction [37,63–65].",,,mouse,in vivo,28-day-old,False,False,2.4,,,,False,True,False,True,0.3,False
32415542.0,PMC7299241,10.1007/s11914-020-00570-x,The Actions of IGF-1 in the Growth Plate and Its Role in Postnatal Bone Elongation.,2020.0,Current osteoporosis reports,FULL_TEXT_VERIFIED,body,"Although surgical interventions are typically only performed for a marked length inequality [37,77,78], studies have shown that discrepancies as small as 0.5–1 cm (0.6–1.2% limb length difference based on young adult height) may impact everyday walking [79], leading to problems such as back pain and knee osteoarthritis in adults [58].",,,mouse,in vivo,28-day-old,False,False,1.2,,,,False,True,False,True,0.3,False
32415542.0,PMC7299241,10.1007/s11914-020-00570-x,The Actions of IGF-1 in the Growth Plate and Its Role in Postnatal Bone Elongation.,2020.0,Current osteoporosis reports,FULL_TEXT_VERIFIED,body,A study by Zhang et al. [65] showed that applying intermittent 0.5 N lateral loads to the knee joints of mice (~8-weeks old) increased femoral (2.3%) and tibial length (3.7%).,,,mouse,in vivo,28-day-old,True,False,2.3; 3.7,,,,False,True,False,True,0.3,False
32415542.0,PMC7299241,10.1007/s11914-020-00570-x,The Actions of IGF-1 in the Growth Plate and Its Role in Postnatal Bone Elongation.,2020.0,Current osteoporosis reports,FULL_TEXT_VERIFIED,body,This increase in limb length is noteworthy because treatment occurred during slower rates of longitudinal bone growth when mice were close to skeletal maturity.,,,mouse,in vivo,28-day-old,True,False,,,,,False,True,False,True,0.0,False
32415542.0,PMC7299241,10.1007/s11914-020-00570-x,The Actions of IGF-1 in the Growth Plate and Its Role in Postnatal Bone Elongation.,2020.0,Current osteoporosis reports,FULL_TEXT_VERIFIED,body,Serrat et al. [107] found that a high-fat diet increases the delivery of IGF-1 to the growth plate and accelerates bone elongation in young mice.,,,mouse,in vivo,28-day-old,True,False,,,,,False,True,False,True,0.0,False
32415542.0,PMC7299241,10.1007/s11914-020-00570-x,The Actions of IGF-1 in the Growth Plate and Its Role in Postnatal Bone Elongation.,2020.0,Current osteoporosis reports,FULL_TEXT_VERIFIED,body,"The classic effects of temperature on limb length have been described by Allen’s “extremity size rule,” which states that endotherms (warm-blooded animals) living in warm climates have relatively longer appendages (ears, limbs, tail) compared to their colder climate counterparts [115].",,,mouse,in vivo,28-day-old,True,False,,,,,False,True,False,True,0.0,False
32415542.0,PMC7299241,10.1007/s11914-020-00570-x,The Actions of IGF-1 in the Growth Plate and Its Role in Postnatal Bone Elongation.,2020.0,Current osteoporosis reports,FULL_TEXT_VERIFIED,body,"This correlation between temperature and limb length was long presumed to be a thermoregulatory adaptation by increasing surface area for heat dissipation in warmer environments, while reducing surface area relative to body mass for heat conservation in colder climates [116].",,,mouse,in vivo,28-day-old,True,True,,,,,False,True,False,True,0.0,False
32415542.0,PMC7299241,10.1007/s11914-020-00570-x,The Actions of IGF-1 in the Growth Plate and Its Role in Postnatal Bone Elongation.,2020.0,Current osteoporosis reports,FULL_TEXT_VERIFIED,body,"In reptiles, for example, elevated incubation temperature (32°C) increased tibial length of embryonic crocodiles [118].",,,mouse,in vivo,28-day-old,True,False,,,,,False,True,False,True,0.0,False
32415542.0,PMC7299241,10.1007/s11914-020-00570-x,The Actions of IGF-1 in the Growth Plate and Its Role in Postnatal Bone Elongation.,2020.0,Current osteoporosis reports,FULL_TEXT_VERIFIED,body,"Serrat et al. [80] later showed that targeted intermittent heat exposure (40°C on one side of the body for 40 minutes per day) unilaterally increased limb length on the heat-treated side growing mice, demonstrating a direct impact of temperature on bone elongation.",,,mouse,in vivo,28-day-old,True,False,,,,,False,True,False,True,0.0,False
32415542.0,PMC7299241,10.1007/s11914-020-00570-x,The Actions of IGF-1 in the Growth Plate and Its Role in Postnatal Bone Elongation.,2020.0,Current osteoporosis reports,FULL_TEXT_VERIFIED,body,"While blood flow and vascular transport of nutrients may play a role in heat-enhanced limb elongation (discussed in section 6), temperature may also directly alter growth through changes in IGF-1 expression.",,,mouse,in vivo,28-day-old,True,False,,,,,False,True,False,True,0.0,False
32415542.0,PMC7299241,10.1007/s11914-020-00570-x,The Actions of IGF-1 in the Growth Plate and Its Role in Postnatal Bone Elongation.,2020.0,Current osteoporosis reports,FULL_TEXT_VERIFIED,body,"GHR−/− mice have a 30–40% reduction in body size [160,162–164] as well as a 65% reduction in tibial elongation rate [165,166] and decreased chondrocyte proliferation and hypertrophy [162].",,,mouse,in vivo,28-day-old,False,True,40; 65,,,,False,True,False,True,0.3,False
32415542.0,PMC7299241,10.1007/s11914-020-00570-x,The Actions of IGF-1 in the Growth Plate and Its Role in Postnatal Bone Elongation.,2020.0,Current osteoporosis reports,FULL_TEXT_VERIFIED,body,Uchimura et al. [207] found significantly reduced bone length in IGF2-null mice at postnatal periods prior to weaning (1–3 weeks of age) and their histological analysis suggests that IGF-2 may have a role in controlling the progression of chondrocytes from proliferation to hypertrophy.,,,mouse,in vivo,28-day-old,False,True,,,,,False,True,False,True,0.0,False
32415542.0,PMC7299241,10.1007/s11914-020-00570-x,The Actions of IGF-1 in the Growth Plate and Its Role in Postnatal Bone Elongation.,2020.0,Current osteoporosis reports,FULL_TEXT_VERIFIED,body,"Hypertrophic chondrocytes in both human and murine growth plates secrete VEGF [7,81,234,246–249] to promote vascular invasion from the metaphyseal bone throughout postnatal limb elongation.",,,mouse,in vivo,28-day-old,True,False,,,,,False,True,False,True,0.0,False
32415542.0,PMC7299241,10.1007/s11914-020-00570-x,The Actions of IGF-1 in the Growth Plate and Its Role in Postnatal Bone Elongation.,2020.0,Current osteoporosis reports,FULL_TEXT_VERIFIED,body,"It is especially important to improve chemotherapy in pediatric patients since children are undergoing an essential stage of bone development requiring growth factors, including IGF-1 and VEGF, for bone elongation.",,,mouse,in vivo,28-day-old,True,False,,,,,False,True,False,True,0.0,False
32415542.0,PMC7299241,10.1007/s11914-020-00570-x,The Actions of IGF-1 in the Growth Plate and Its Role in Postnatal Bone Elongation.,2020.0,Current osteoporosis reports,FULL_TEXT_VERIFIED,body,"While there are still gaps in our knowledge, there are many potential avenues of future studies to elucidate the complex mechanisms by which IGF-1 interacts with environmental variables to enhance bone elongation.",,,mouse,in vivo,28-day-old,True,False,,,,,False,True,False,True,0.0,False
32415542.0,PMC7299241,10.1007/s11914-020-00570-x,The Actions of IGF-1 in the Growth Plate and Its Role in Postnatal Bone Elongation.,2020.0,Current osteoporosis reports,FULL_TEXT_VERIFIED,body,"Using targeted excision of the IGF-1 receptor in the growth plate, this study demonstrates that growth hormone can directly promote bone elongation in the absence of locally acting IGF-1 and IGF-2.",,,mouse,in vivo,28-day-old,True,False,,,,,False,True,False,True,0.0,False
32415542.0,PMC7299241,10.1007/s11914-020-00570-x,The Actions of IGF-1 in the Growth Plate and Its Role in Postnatal Bone Elongation.,2020.0,Current osteoporosis reports,FULL_TEXT_VERIFIED,table,"Table 1.Mouse Models with Disrupted IGF-1 RegulationModelPhenotypeCitationIGF-1 null mice (global IGF-1 disruption)95% mice died prenatally; undetectable levels of IGF-1 in serum and tissues; significant decrease in tibial length (70%); abnormal chondrocyte proliferation and differentiation[36,123,124,147]Igf2 null mice (global IGF-2 disruption)Mice are viable; reduced body growth (60%) at birth; normal postnatal growth[148,149]LID mice (systemic disruption of liver-derived IGF-1)75% reduction in serum IGF-1; no significant change in body length; no significant change in tibial length; slight decrease in femoral length (6%)[149,150]ALS knockout mice (systemic disruption ternary complexes (IGF-l/ALS/IGFBP-3)65% reduction in serum IGF-1; no significant change in body length; slight decrease in femoral length (7.5%)[151]LID+ALSKO mice (systemic disruption of liver-derived IGF-1 and ternary ",,,mouse,in vivo,28-day-old,False,True,95; 70; 60; 75,,,,False,True,False,True,0.3,False
32415542.0,PMC7299241,10.1007/s11914-020-00570-x,The Actions of IGF-1 in the Growth Plate and Its Role in Postnatal Bone Elongation.,2020.0,Current osteoporosis reports,FULL_TEXT_VERIFIED,table,"ModelPhenotypeCitationIGF-1 null mice (global IGF-1 disruption)95% mice died prenatally; undetectable levels of IGF-1 in serum and tissues; significant decrease in tibial length (70%); abnormal chondrocyte proliferation and differentiation[36,123,124,147]Igf2 null mice (global IGF-2 disruption)Mice are viable; reduced body growth (60%) at birth; normal postnatal growth[148,149]LID mice (systemic disruption of liver-derived IGF-1)75% reduction in serum IGF-1; no significant change in body length; no significant change in tibial length; slight decrease in femoral length (6%)[149,150]ALS knockout mice (systemic disruption ternary complexes (IGF-l/ALS/IGFBP-3)65% reduction in serum IGF-1; no significant change in body length; slight decrease in femoral length (7.5%)[151]LID+ALSKO mice (systemic disruption of liver-derived IGF-1 and ternary complexes (IGF-l/ALS/IGFBP-3))85–90% reduction in se",,,mouse,in vivo,28-day-old,False,True,95; 70; 60; 75,,,,False,True,False,True,0.3,False
32415542.0,PMC7299241,10.1007/s11914-020-00570-x,The Actions of IGF-1 in the Growth Plate and Its Role in Postnatal Bone Elongation.,2020.0,Current osteoporosis reports,FULL_TEXT_VERIFIED,caption,"GH/IGF-1 Axis in Postnatal Limb Elongation. Flow diagram illustrates the basic pathways in which GH and IGF-1 interplay to promote longitudinal bone growth. In addition to stimulating IGF-1 production in the liver as originally proposed in the somatomedin hypothesis, GH also stimulates longitudinal growth (1) by promoting local production of IGF-1 in growth plate chondrocytes and (2) independent of IGF-1 as explained by the dual effector theory. IGF-1 also has autocrine/paracrine effects independent of GH by promoting longitudinal growth locally in growth plate chondrocytes. The red arrow demonstrates the negative feedback mechanism of IGF-1 inhibiting further GH synthesis and release.",,,mouse,in vivo,28-day-old,True,True,,,,,False,True,False,True,0.0,False
34990412.0,PMC8855815,10.1172/jci.insight.149636,4PBA reduces growth deficiency in osteogenesis imperfecta by enhancing transition of hypertrophic chondrocytes to osteoblasts.,2022.0,JCI insight,FULL_TEXT_VERIFIED,body,"Of note, it has been demonstrated that ER disruption in osteoblasts does not affect bone length, while that in HCs leads to dwarfism (38–44), also supporting the possibility that HC dysfunction is a critical contributor to impaired growth in dominant OI.",,4-phenylbutyric acid; 4PBA,mouse,in vivo,3-week-old; 4-week-old; 7-week-old,False,True,,,,,False,True,False,False,0.0,False
34990412.0,PMC8855815,10.1172/jci.insight.149636,4PBA reduces growth deficiency in osteogenesis imperfecta by enhancing transition of hypertrophic chondrocytes to osteoblasts.,2022.0,JCI insight,FULL_TEXT_VERIFIED,body,Conditional deletion of β-catenin specifically in HCs reduced transition of HCs and resulted in reduced trabecular bone formation with shorter bone length (29).,,4-phenylbutyric acid; 4PBA,mouse,in vivo,3-week-old; 4-week-old; 7-week-old,False,True,,,,,False,True,False,False,0.0,False
34990412.0,PMC8855815,10.1172/jci.insight.149636,4PBA reduces growth deficiency in osteogenesis imperfecta by enhancing transition of hypertrophic chondrocytes to osteoblasts.,2022.0,JCI insight,FULL_TEXT_VERIFIED,body,These studies suggest that HC transition to osteoblasts is critical for trabecular bone formation and longitudinal bone growth. μCT analysis of femora from G610C OI mice and WT littermates at 3 weeks old showed significantly reduced trabecular bones and shorter bone length in G610C OI mice (Figure 2A).,,4-phenylbutyric acid; 4PBA,mouse,in vivo,3-week-old; 4-week-old; 7-week-old,False,True,,,,,False,True,False,False,0.0,False
34990412.0,PMC8855815,10.1172/jci.insight.149636,4PBA reduces growth deficiency in osteogenesis imperfecta by enhancing transition of hypertrophic chondrocytes to osteoblasts.,2022.0,JCI insight,FULL_TEXT_VERIFIED,body,"Female G610C OI mice treated with 4PBA for 4 weeks showed a significant improvement in the femur length compared with PBS-treated G610C OI controls, while 4PBA treatment had no significant effect on femur length in the control littermates (Figure 4A).",4PBA,4-phenylbutyric acid; 4PBA,mouse,in vivo,3-week-old; 4-week-old; 7-week-old,True,False,,,,,False,True,False,False,0.2,False
34990412.0,PMC8855815,10.1172/jci.insight.149636,4PBA reduces growth deficiency in osteogenesis imperfecta by enhancing transition of hypertrophic chondrocytes to osteoblasts.,2022.0,JCI insight,FULL_TEXT_VERIFIED,body,These results indicate that our 4PBA treatment enhanced bone length by improving HC function but not osteoblast function.,4PBA,4-phenylbutyric acid; 4PBA,mouse,in vivo,3-week-old; 4-week-old; 7-week-old,True,False,,,,,False,True,False,False,0.2,False
34990412.0,PMC8855815,10.1172/jci.insight.149636,4PBA reduces growth deficiency in osteogenesis imperfecta by enhancing transition of hypertrophic chondrocytes to osteoblasts.,2022.0,JCI insight,FULL_TEXT_VERIFIED,body,"Moreover, sclerostin antibody, an anabolic agent that stimulates osteoblast activity, has no effect on the bone length despite increasing bone mass and strength in multiple murine models of OI (59–61).",,4-phenylbutyric acid; 4PBA,mouse,in vivo,3-week-old; 4-week-old; 7-week-old,True,False,,,,,False,True,False,False,0.0,False
34990412.0,PMC8855815,10.1172/jci.insight.149636,4PBA reduces growth deficiency in osteogenesis imperfecta by enhancing transition of hypertrophic chondrocytes to osteoblasts.,2022.0,JCI insight,FULL_TEXT_VERIFIED,body,"Although osteoblasts are known to affect chondrocyte activities in the growth plate (62, 63), correction of osteoblast function failed to improve bone length in OI mice.",,4-phenylbutyric acid; 4PBA,mouse,in vivo,3-week-old; 4-week-old; 7-week-old,True,False,,,,,False,True,False,False,0.0,False
34990412.0,PMC8855815,10.1172/jci.insight.149636,4PBA reduces growth deficiency in osteogenesis imperfecta by enhancing transition of hypertrophic chondrocytes to osteoblasts.,2022.0,JCI insight,FULL_TEXT_VERIFIED,body,"Similarly, correction of overactive TGF-β signaling with neutralizing TGF-β antibody ameliorates osteopenia (64, 65) but does not increase bone length or improve callus formation during fracture healing in murine models of OI (64, 66), even though TGF-β regulates chondrocyte differentiation (67).",,4-phenylbutyric acid; 4PBA,mouse,in vivo,3-week-old; 4-week-old; 7-week-old,True,False,,,,,False,True,False,False,0.0,False
34990412.0,PMC8855815,10.1172/jci.insight.149636,4PBA reduces growth deficiency in osteogenesis imperfecta by enhancing transition of hypertrophic chondrocytes to osteoblasts.,2022.0,JCI insight,FULL_TEXT_VERIFIED,body,"It is worth noting that 4PBA significantly improved bone length and trabecular parameters in female G610C OI mice (Figure 4, A and B), while 4PBA effects on the same parameters in male mice were not statistically significant (Supplemental Figure 1, A and B).",4PBA,4-phenylbutyric acid; 4PBA,mouse,in vivo,3-week-old; 4-week-old; 7-week-old,True,False,,,,,False,True,False,False,0.2,False
34990412.0,PMC8855815,10.1172/jci.insight.149636,4PBA reduces growth deficiency in osteogenesis imperfecta by enhancing transition of hypertrophic chondrocytes to osteoblasts.,2022.0,JCI insight,FULL_TEXT_VERIFIED,body,"The images were reconstructed at either a 6.5 μm or 13.6 μm isotropic voxel size for trabecular and cortical analyses, and bone length measurement, respectively.",,4-phenylbutyric acid; 4PBA,mouse,in vivo,3-week-old; 4-week-old; 7-week-old,False,False,,6.5 μm; 13.6 μm,,,False,True,False,False,0.0,False
34990412.0,PMC8855815,10.1172/jci.insight.149636,4PBA reduces growth deficiency in osteogenesis imperfecta by enhancing transition of hypertrophic chondrocytes to osteoblasts.,2022.0,JCI insight,FULL_TEXT_VERIFIED,body,"Cortical regions of interest (ROI) were centered in the midpoint between the middle of the distal femoral growth plate and the middle of the third trochanter, with thickness of 10% of the total femoral length (from the femoral head to the distal femoral condyle).",,4-phenylbutyric acid; 4PBA,mouse,in vivo,3-week-old; 4-week-old; 7-week-old,False,False,10,,,,False,True,False,False,0.3,False
34990412.0,PMC8855815,10.1172/jci.insight.149636,4PBA reduces growth deficiency in osteogenesis imperfecta by enhancing transition of hypertrophic chondrocytes to osteoblasts.,2022.0,JCI insight,FULL_TEXT_VERIFIED,body,"Distal femoral trabecular ROI began proximally from 5.5% of the total femoral length, offset from the middle of the distal femoral growth plate with thickness of 10% of the total femoral length.",,4-phenylbutyric acid; 4PBA,mouse,in vivo,3-week-old; 4-week-old; 7-week-old,False,False,5.5; 10,,,,False,True,False,False,0.3,False
34990412.0,PMC8855815,10.1172/jci.insight.149636,4PBA reduces growth deficiency in osteogenesis imperfecta by enhancing transition of hypertrophic chondrocytes to osteoblasts.,2022.0,JCI insight,FULL_TEXT_VERIFIED,caption,"Four-week treatment with 4PBA improves bone length and trabecular bone formation in female G610C OI mice.(A–C) Femur geometry (μCT) in female G610C OI mice and female WT littermates (WT) treated by daily injections of PBS (circle dots) or 0.4 mg 4PBA in PBS (filled square dots) for 4 weeks (WT + PBS, n = 12; WT + 4PBA, n = 11; G610C + PBS, n=14; G610C + 4PBA, n = 14). (A) Femur length (2-way ANOVA; treatment-genotype interaction, P > 0.1). (B) Trabecular bone mineral density (T. BMD; 2-way ANOVA; treatment-genotype interaction, P < 0.05), trabecular bone volume fraction (T. BV/TV; Mann-Whitney U test), trabecular thickness (Tb. Th; Mann-Whitney U test), and trabecular number (Tb. N; 2-way ANOVA; treatment-genotype interaction, P < 0.1). (C) Cortical tissue mineral density (C. TMD; 2-way ANOVA; treatment-genotype interaction, P > 0.1), cortical thickness (C. Th; 2-way ANOVA; treatment-gen",4PBA,4-phenylbutyric acid; 4PBA,mouse,in vivo,3-week-old; 4-week-old; 7-week-old,True,False,,,,12; 11; 14,True,True,False,False,0.6000000000000001,False
33369789.0,PMC7855611,10.1113/ep089086,Physiological regulation of bone length and skeletal proportion in mammals.,2021.0,Experimental physiology,FULL_TEXT_VERIFIED,body,"Consequently, the longer bones were allowed to grow at a high rate and for a longer period of time, which contributed to their greater final bone length (Figure 1).",,,mouse,metatarsal organ culture,,True,False,,,,,False,True,False,False,0.0,False
33369789.0,PMC7855611,10.1113/ep089086,Physiological regulation of bone length and skeletal proportion in mammals.,2021.0,Experimental physiology,FULL_TEXT_VERIFIED,body,"The slowing of growth, due in part to growth plate senescence, happens more slowly in longer bones like tibias and femurs, compared with metacarpals and phalanges, thus allowing a longer period of bone growth and greater final bone length.",,,mouse,metatarsal organ culture,,True,False,,,,,False,True,False,False,0.0,False
33369789.0,PMC7855611,10.1113/ep089086,Physiological regulation of bone length and skeletal proportion in mammals.,2021.0,Experimental physiology,FULL_TEXT_VERIFIED,body,"The decline of bone growth rate is slower in the rat compared to the mouse as shown in metacarpals, phalanges, tibias and femurs, which may contribute to the generally greater final bone length in rats.",,,mouse,metatarsal organ culture,,True,False,,,,,False,True,False,False,0.0,False
33369789.0,PMC7855611,10.1113/ep089086,Physiological regulation of bone length and skeletal proportion in mammals.,2021.0,Experimental physiology,FULL_TEXT_VERIFIED,caption,"Comparing the change in body length between different long bones in mice.The slowing of growth, due in part to growth plate senescence, happens more slowly in longer bones like tibias and femurs, compared with metacarpals and phalanges, thus allowing a longer period of bone growth and greater final bone length.",,,mouse,metatarsal organ culture,,True,False,,,,,False,True,False,False,0.0,False
33369789.0,PMC7855611,10.1113/ep089086,Physiological regulation of bone length and skeletal proportion in mammals.,2021.0,Experimental physiology,FULL_TEXT_VERIFIED,caption,"Comparing the pace of growth plate senescence between mice and rats.The decline of bone growth rate is slower in the rat compared to the mouse as shown in metacarpals, phalanges, tibias and femurs, which may contribute to the generally greater final bone length in rats.",,,mouse,metatarsal organ culture,,True,False,,,,,False,True,False,False,0.0,False
35342457.0,PMC8941703,10.1177/1759720x221084848,Infigratinib in children with achondroplasia: the PROPEL and PROPEL 2 studies.,2022.0,Therapeutic advances in musculoskeletal disease,FULL_TEXT_VERIFIED,body,"Preclinical data provided early and encouraging data for infigratinib, an FGFR1–3 inhibitor, where treatment with infigratinib for 15 days (day 1–16) revealed dose-dependent improvements in foramen magnum size and shape and long bone length in Fgfr3Y367C/+ mice.",,,mouse,in vivo,,True,True,,,,,False,True,False,True,0.0,False
30971423.0,PMC6458850,10.26508/lsa.201800254,CXXC5 mediates growth plate senescence and is a target for enhancement of longitudinal bone growth.,2019.0,Life science alliance,FULL_TEXT_VERIFIED,body,"A functionally improved indirubin derivative, KY19382, elongated tibial length through delayed senescence and further activation of the growth plate in adolescent mice.",KY19382; indirubin,KY19382; indirubin,mouse,tibia/femur organ culture,E15.5; P30; e15.5; embryonic day 15.5,True,False,,,,,False,True,False,False,0.2,False
30971423.0,PMC6458850,10.26508/lsa.201800254,CXXC5 mediates growth plate senescence and is a target for enhancement of longitudinal bone growth.,2019.0,Life science alliance,FULL_TEXT_VERIFIED,body,"In addition, treatment with an inhibitor of glycogen synthase kinase 3β (GSK3β), a serine/threonine kinase that destabilizes β-catenin (Doble & Woodgett, 2003), resulted in tibial elongation in the ex vivo culture system (Gillespie et al, 2011).",,KY19382; indirubin,mouse,tibia/femur organ culture,E15.5; P30; e15.5; embryonic day 15.5,False,True,,,,,False,True,False,False,0.0,False
30971423.0,PMC6458850,10.26508/lsa.201800254,CXXC5 mediates growth plate senescence and is a target for enhancement of longitudinal bone growth.,2019.0,Life science alliance,FULL_TEXT_VERIFIED,body,The role of E2 on growth plate senescence was further confirmed by the use of an ex vivo tibial culture system that demonstrated reduced tibial length with decreased height of proliferative and hypertrophic zones in the growth plate after E2 treatment (Fig 2C and D).,,KY19382; indirubin,mouse,tibia/femur organ culture,E15.5; P30; e15.5; embryonic day 15.5,False,True,,,,,False,True,False,False,0.0,False
30971423.0,PMC6458850,10.26508/lsa.201800254,CXXC5 mediates growth plate senescence and is a target for enhancement of longitudinal bone growth.,2019.0,Life science alliance,FULL_TEXT_VERIFIED,body,Cxxc5−/− mice showed significantly enhanced tibial lengths at 12 wk of age (Fig 3A and B).,,KY19382; indirubin,mouse,tibia/femur organ culture,E15.5; P30; e15.5; embryonic day 15.5,True,False,,,,,False,True,False,False,0.0,False
30971423.0,PMC6458850,10.26508/lsa.201800254,CXXC5 mediates growth plate senescence and is a target for enhancement of longitudinal bone growth.,2019.0,Life science alliance,FULL_TEXT_VERIFIED,caption,"Functional characterization of CXXC5 in growth plate senescence as an inhibitor of the Wnt/β-catenin pathway via interaction with DVL.(A) Representative radiographs of tibiae of 12-wk-old Cxxc5+/+ and Cxxc5−/− mice. (B) Tibial length of 3-, 6-, 9-, and 12-wk-old Cxxc5+/+ and Cxxc5−/− mice were measured (mean ± SEM, n = 4–10 mice per group; ANOVA, P = 2.37 × 10−2; Bonferroni’s post-hoc test, **P < 0.005). (C–E) H&E staining (C) and quantitative analyses of each zone height (D) in the growth plate of proximal tibiae of 3-, 6-, 9-, and 12-wk-old Cxxc5+/+ and Cxxc5−/− mice (mean ± SEM, n = 3–5 mice per group; ANOVA, P = 2.9 × 10−7 for upper panel, P = 1.92 × 10−9 for lower panel; Bonferroni’s post-hoc test, *P < 0.05, **P < 0.005, and ***P < 0.0005). Quantitative analyses of the cell number per column in the growth plates of 9- and 12-wk-old Cxxc5+/+ and Cxxc5−/− mice (mean ± SEM; t test, n ",,KY19382; indirubin,mouse,tibia/femur organ culture,E15.5; P30; e15.5; embryonic day 15.5,False,True,,50 μm,1 mg/kg,4; 3; 5,True,True,False,False,0.5,False
30971423.0,PMC6458850,10.26508/lsa.201800254,CXXC5 mediates growth plate senescence and is a target for enhancement of longitudinal bone growth.,2019.0,Life science alliance,FULL_TEXT_VERIFIED,caption,"The effects of KY19382 on growth plate senescence and longitudinal bone growth.(A–I) KY19382 (0.1 mg/kg) was administered to 7-wk-old mice (A–E) or 3-wk-old mice (F–I) by daily intraperitoneal injection for 2 wk (n = 7). H&E staining, IHC analyses with the indicated antibodies, and TRAP staining in the growth plates of proximal tibiae treated with KY19382 (A, F). Quantitative analyses of the cell number per column (mean ± SEM, n = 7; t test, ***P < 0.0005) (B) or the height (mean ± SEM, n = 7; t test, ***P < 0.0005) (G) of resting zone and proliferative zone (RZ&PZ) and hypertrophic zone (HZ) in the growth plates of proximal tibiae. Quantitative analyses of BrdU-positive cells in the growth plates (mean ± SEM, n = 5; t test, ***P < 0.0005) (C, H). Quantitative analyses of the number of TRAP-positive foci along 250 μm of the cartilage/bone interface (mean ± SEM, n = 3; t test, *P < 0.05) ",KY19382,KY19382; indirubin,mouse,tibia/femur organ culture,E15.5; P30; e15.5; embryonic day 15.5,False,False,,250 μm; 50 μm,0.1 mg/kg; 0.1 mg/kg,7; 7; 7,True,True,False,False,0.7000000000000001,False
36307458.0,PMC9616891,10.1038/s41598-022-22734-8,TNF overexpression and dexamethasone treatment impair chondrogenesis and bone growth in an additive manner.,2022.0,Scientific reports,FULL_TEXT_VERIFIED,body,Our results showed that femur bone length and growth plate height were significantly decreased in huTNFTg mice compared to wild type animals.,,dexamethasone,mouse,metatarsal organ culture,8-week-old,False,True,,,,,False,True,True,False,0.0,False
36307458.0,PMC9616891,10.1038/s41598-022-22734-8,TNF overexpression and dexamethasone treatment impair chondrogenesis and bone growth in an additive manner.,2022.0,Scientific reports,FULL_TEXT_VERIFIED,body,Femur lengths were measured by digital caliper and thereafter the bone was fixed in 4% formaldehyde for 24 h followed by decalcification in EDTA buffer for 3–4 weeks before dehydration and paraffin embedding.,,dexamethasone,mouse,metatarsal organ culture,8-week-old,False,False,4,,,,False,True,False,False,0.3,False
36307458.0,PMC9616891,10.1038/s41598-022-22734-8,TNF overexpression and dexamethasone treatment impair chondrogenesis and bone growth in an additive manner.,2022.0,Scientific reports,FULL_TEXT_VERIFIED,body,We first measured femur length in 8-week-old female mice and found that the bone was shorter in huTNFTg animals when compared to wild type controls (p < 0.001) (Fig.,,dexamethasone,mouse,metatarsal organ culture,8-week-old,False,True,,,,,True,True,False,False,0.4,False
36307458.0,PMC9616891,10.1038/s41598-022-22734-8,TNF overexpression and dexamethasone treatment impair chondrogenesis and bone growth in an additive manner.,2022.0,Scientific reports,FULL_TEXT_VERIFIED,body,"In contrast, when combining male and female data femur length was significantly decreased in dexamethasone-treated huTNFTg mice (p < 0.05 vs. saline treated control) (Fig.",dexamethasone,dexamethasone,mouse,metatarsal organ culture,8-week-old,False,True,,,,,True,True,False,False,0.6000000000000001,False
36307458.0,PMC9616891,10.1038/s41598-022-22734-8,TNF overexpression and dexamethasone treatment impair chondrogenesis and bone growth in an additive manner.,2022.0,Scientific reports,FULL_TEXT_VERIFIED,body,"When analyzing males and females separately, dexamethasone only significantly decreased femur length in males (Fig.",dexamethasone,dexamethasone,mouse,metatarsal organ culture,8-week-old,False,True,,,,,False,True,False,False,0.2,False
36307458.0,PMC9616891,10.1038/s41598-022-22734-8,TNF overexpression and dexamethasone treatment impair chondrogenesis and bone growth in an additive manner.,2022.0,Scientific reports,FULL_TEXT_VERIFIED,body,"A similar observation was earlier reported in a mouse model of osteogenesis imperfecta32, where growth plate height was increased despite bone length was decreased.",,dexamethasone,mouse,metatarsal organ culture,8-week-old,True,True,,,,,False,True,True,False,0.0,False
36927955.0,PMC10243798,10.1172/jci.insight.167074,Loss-of-function variant in SPIN4 causes an X-linked overgrowth syndrome.,2023.0,JCI insight,FULL_TEXT_VERIFIED,body,"If proliferation is increased in the skeletal growth plate, the clinical presentation will include increased bone length and, therefore, tall stature, whereas increased growth of the brain results in macrocephaly and increased growth of visceral organs produces organomegaly.",,,mouse,in vivo,1-week-old; 10-week-old; 2-week-old,True,False,,,,,False,True,False,False,0.0,False
36927955.0,PMC10243798,10.1172/jci.insight.167074,Loss-of-function variant in SPIN4 causes an X-linked overgrowth syndrome.,2023.0,JCI insight,FULL_TEXT_VERIFIED,body,"At 10 weeks of age, an increase in overall body length, tibia length, and most organ weights was observed in male KO mice compared with WT male littermates (Figure 3E).",,,mouse,in vivo,1-week-old; 10-week-old; 2-week-old,True,False,,,,,False,True,False,False,0.0,False
36927955.0,PMC10243798,10.1172/jci.insight.167074,Loss-of-function variant in SPIN4 causes an X-linked overgrowth syndrome.,2023.0,JCI insight,FULL_TEXT_VERIFIED,body,We found that both body and tibial bone length were already significantly increased in the male KO mice compared with WT male littermates at this age (Figure 4A).,,,mouse,in vivo,1-week-old; 10-week-old; 2-week-old,True,False,,,,,False,True,False,False,0.0,False
36927955.0,PMC10243798,10.1172/jci.insight.167074,Loss-of-function variant in SPIN4 causes an X-linked overgrowth syndrome.,2023.0,JCI insight,FULL_TEXT_VERIFIED,body,"Moreover, patients with other overgrowth syndromes involving epigenetic mechanisms often have advanced bone age, which reduces the total period for linear growth during childhood, resulting in a normal height rather than tall stature as an adult.",,,mouse,in vivo,1-week-old; 10-week-old; 2-week-old,False,True,,,,,False,True,False,False,0.0,False
36927955.0,PMC10243798,10.1172/jci.insight.167074,Loss-of-function variant in SPIN4 causes an X-linked overgrowth syndrome.,2023.0,JCI insight,FULL_TEXT_VERIFIED,caption,"Loss of Spin4 causes overgrowth in mouse.(A) Schematic diagram showing the location of Spin4 deletion in 2 lines of mice generated. One line with a short deletion has only Tudor domain 3 removed, while the other line with a long deletion has all 3 Tudor domains removed. (B) Growth chart showing male and female WT mice, male hemizygous (KO), and female heterozygous (Het) or homozygous (KO) in both lines. Body weight is significantly increased in both lines of mice in both males and females (2-way ANOVA for age and genotype, P < 0.01 for WT versus KO in both sexes, n = 11–36). (C) Representative image of male KO and female heterozygous mice compared with WT littermates at age 10 weeks. (D) Histone array showed that both the long and short deletion of mouse Spin4 demonstrated loss of histone peptide binding. Each spot on the array contains a peptide that represents a peptide portion of a hi",,,mouse,in vivo,1-week-old; 10-week-old; 2-week-old,True,False,,,,11; 14,True,True,False,False,0.4,False
36927955.0,PMC10243798,10.1172/jci.insight.167074,Loss-of-function variant in SPIN4 causes an X-linked overgrowth syndrome.,2023.0,JCI insight,FULL_TEXT_VERIFIED,caption,"Quantitative histological analysis of 2-week-old WT and Spin4-KO male mice.(A) Body and tibia length (n = 18–22) and overall proximal tibia growth plate height (n = 14) were measured in 2-week-old WT and KO males. (B) Example of Masson’s trichrome–stained proximal tibial growth plate. Areas designated as resting, proliferative, and hypertrophic zones were labeled with green, orange, and purple lines, respectively, on the right side. Scale bar: 100 μm. (C) Example of EdU-labeled (in pink) DAPI counter-stained (in blue) proximal tibia growth plate at 2 weeks old. Scale bar: 100 μm. (D) Quantitative histological measurements of 2-week-old proximal tibial growth plate (n = 8). RZ, resting zone; PZ, proliferative zone; HZ, hypertrophic zone; THZ, terminal hypertrophic cell. P value represents Student’s t test.",,,mouse,in vivo,1-week-old; 10-week-old; 2-week-old,False,False,,100 μm; 100 μm,,18; 14; 8,False,True,False,False,0.0,False
31757091.0,PMC6928971,10.3390/ijms20235840,Recent Insights into Long Bone Development: Central Role of Hedgehog Signaling Pathway in Regulating Growth Plate.,2019.0,International journal of molecular sciences,FULL_TEXT_VERIFIED,body,"Mice carrying null mutations of Fgfr-3 display accelerated long bone elongation, a high rate of chondrocyte proliferation and enlargement of chondrocyte columns in the hypertrophic zone [49,50].",,,mouse,in vivo,postnatal day 10; postnatal day 14,True,False,,,,,False,True,False,False,0.0,False
31757091.0,PMC6928971,10.3390/ijms20235840,Recent Insights into Long Bone Development: Central Role of Hedgehog Signaling Pathway in Regulating Growth Plate.,2019.0,International journal of molecular sciences,FULL_TEXT_VERIFIED,caption,"The longitudinal growth of long bone by the growth plate. The growth plate is composed of highly organized and specialized three types of cartilage: the resting, proliferative, and hypertrophic zone. Resting zone chondrocytes supply stem-like cells that give rise to clones of proliferative zone chondrocytes, and determine the spatial orientation of adjacent proliferative columns parallel to the long axis of the bone. The proliferative zone is the region of active cell replication. Hypertrophic zone chondrocytes provide a cartilaginous template, mineralized by their extracellular matrix, supporting the new bone formation by osteoblastic cells. Scale bars indicate 1.25 mm.",,,mouse,in vivo,postnatal day 10; postnatal day 14,False,False,,1.25 mm,,,False,True,False,False,0.0,False
35118060.0,PMC8804316,10.3389/fcell.2021.694018,Meclozine Attenuates the MARK Pathway in Mammalian Chondrocytes and Ameliorates FGF2-Induced Bone Hyperossification in Larval Zebrafish.,2021.0,Frontiers in cell and developmental biology,FULL_TEXT_VERIFIED,body,"Oral administration of meclozine also increased bone elongation in a mouse model of ACH (Fgfr3 ach mice) (Matsushita et al., 2015;",Meclozine; meclozine,Meclozine; meclozine,mouse,tibia/femur organ culture,E16.5; embryonic day 16.5; p38; postnatal day 7,True,False,,,,,False,True,False,True,0.2,False
35118060.0,PMC8804316,10.3389/fcell.2021.694018,Meclozine Attenuates the MARK Pathway in Mammalian Chondrocytes and Ameliorates FGF2-Induced Bone Hyperossification in Larval Zebrafish.,2021.0,Frontiers in cell and developmental biology,FULL_TEXT_VERIFIED,body,"However, meclozine enhanced the bone length of FGF2-treated tibiae by 3.8% (p < 0.005) (Figure 1A).",Meclozine; meclozine,Meclozine; meclozine,mouse,tibia/femur organ culture,E16.5; embryonic day 16.5; p38; postnatal day 7,True,False,3.8,,,,True,True,False,False,0.8999999999999999,False
35118060.0,PMC8804316,10.3389/fcell.2021.694018,Meclozine Attenuates the MARK Pathway in Mammalian Chondrocytes and Ameliorates FGF2-Induced Bone Hyperossification in Larval Zebrafish.,2021.0,Frontiers in cell and developmental biology,FULL_TEXT_VERIFIED,caption,"Meclozine attenuates the MAPK pathway of FGF2-treated tibiae in the organ culture system. (A) Upper panels: Representative images of E16.5 tibiae of wild-type mice after 4-day culture. Scale bares indicate 1 mm. Lower panels: Absolute bone length after 4-day treatment. Dots indicate the length. Lines are drawn between dots of the same individual. Statistical significance was analyzed by paired Student’s t-test. (B) Enrichment plots of two MAPK signaling-associated gene sets identified by GSEA between FGF2- and FGF2+, and FGF2+ and FGF2+ meclozine in the articular cartilage of ex vivo cultured tibiae. (C) Heatmap depicting the expression of the genes in REACTOME_MAPK_FAMILY_SIGNALING_CASCADES signature and ST_P38_MAPK_PATHWAY signature between FGF2- and FGF2+, and FGF2+ and FGF2+ meclozine in the articular cartilage of ex vivo cultured tibiae. (D) Enrichment plots of BMP signaling-associa",Meclozine; meclozine,Meclozine; meclozine,mouse,tibia/femur organ culture,E16.5; embryonic day 16.5; p38; postnatal day 7,False,True,,1 mm,,,False,True,False,True,0.2,False
35041746.0,PMC8826897,10.1210/endocr/bqac005,C-type Natriuretic Peptide-induced PKA Activation Promotes Endochondral Bone Formation in Hypertrophic Chondrocytes.,2022.0,Endocrinology,FULL_TEXT_VERIFIED,body,"Although the results obtained from ATDC5 cells suggested that CNP-induced PKA activation was enhanced downstream of cGMP, the use of transgenic mice expressing the cGMP biosensor, as demonstrated in their study, would allow the analysis of the discrete differences in cGMP dynamics between the non-HZ and HZ in the growth plate, and could uncover additional insights into the interaction between cGMP and cAMP/PKA signaling in endochondral bone elongation through the CNP/GC-B system.",cAMP; cGMP,Forster; H89; cAMP; cGMP; cyclic adenosine monophosphate; cyclic guanine monophosphate,mouse,in vivo,E17.5; p38,True,False,,,,,False,True,False,True,0.2,False
38156734.0,PMC11061630,10.1113/ep091620,Gut microbiota in regulation of childhood bone growth.,2024.0,Experimental physiology,FULL_TEXT_VERIFIED,body,"When non‐hepatic IGF‐I is produced locally, such as in the growth plate, IGF‐I acts as an autocrine or paracrine factor to stimulate stem cell recruitment, proliferation and hypertrophic differentiation of chondrocytes (Lui et al., 2019), all of which are essential for driving bone elongation.",,,mouse,in vivo,,True,False,,,,,False,True,False,False,0.0,False
38156734.0,PMC11061630,10.1113/ep091620,Gut microbiota in regulation of childhood bone growth.,2024.0,Experimental physiology,FULL_TEXT_VERIFIED,body,"In a similar study by Yan et al. (2016), long‐term gut microbiota colonization in germ‐free mice improved bone formation and long bone length.",,,mouse,in vivo,,True,False,,,,,False,True,False,False,0.0,False
35055123.0,PMC8778463,10.3390/ijms23020934,Cellular and Molecular Alterations Underlying Abnormal Bone Growth in X-Linked Hypophosphatemia.,2022.0,International journal of molecular sciences,FULL_TEXT_VERIFIED,body,"In this regard, there is evidence that transgenic mice overexpressing FGF21 are significantly smaller, have reduced tibial length, and display reduced hepatic GH insensitivity when compared with wild-type mice [57].",,phosphate; vitamin D,mouse,in vivo,,False,True,,,,,False,True,False,True,0.0,False
35055123.0,PMC8778463,10.3390/ijms23020934,Cellular and Molecular Alterations Underlying Abnormal Bone Growth in X-Linked Hypophosphatemia.,2022.0,International journal of molecular sciences,FULL_TEXT_VERIFIED,body,"Interestingly, GH treatment, despite having a positive effect on final length and bone quality, was not able to improve the aberrant GP structure in Hyp mice.",,phosphate; vitamin D,mouse,in vivo,,True,False,,,,,False,True,False,True,0.0,False
34070375.0,PMC8197470,10.3390/ijms22115573,Advantages and Disadvantages of Different Treatment Methods in Achondroplasia: A Review.,2021.0,International journal of molecular sciences,FULL_TEXT_VERIFIED,body,"Increased body lengths were observed in transgenic mice compared to the rest of the litter, including elongation of the femur, spine and skull, which can widen the foramen magnum and reduce the need for surgical intervention.",,vosoritide,mouse,,p21,True,True,,,,,False,True,False,False,0.0,False
34070375.0,PMC8197470,10.3390/ijms22115573,Advantages and Disadvantages of Different Treatment Methods in Achondroplasia: A Review.,2021.0,International journal of molecular sciences,FULL_TEXT_VERIFIED,body,"The effect was more pronounced with continuous infusion; in comparison with the control group, the treatment resulted in increases of 7.1% in femoral length, 12.2% in tibia length and 25% in spinal length, while daily subcutaneous administration induced increases of 5.5%, 4% and 11.3%, respectively.",,vosoritide,mouse,,p21,True,False,7.1; 12.2; 25; 5.5,,,,False,True,False,False,0.3,False
34070375.0,PMC8197470,10.3390/ijms22115573,Advantages and Disadvantages of Different Treatment Methods in Achondroplasia: A Review.,2021.0,International journal of molecular sciences,FULL_TEXT_VERIFIED,body,"Combining this method with surgical tibial and/or femoral elongation increased the final height by +17.2 cm and +17.3 cm in males and females, respectively [64].",,vosoritide,mouse,,p21,True,False,,,,,False,True,False,False,0.0,False
34070375.0,PMC8197470,10.3390/ijms22115573,Advantages and Disadvantages of Different Treatment Methods in Achondroplasia: A Review.,2021.0,International journal of molecular sciences,FULL_TEXT_VERIFIED,body,"In the tested ACH mouse models, treatment with the NVP-BGJ398 inhibitor caused elongation of the femur, alleviated the disruption of chondrocyte differentiation and increased the growth of all four limbs (range between +11.9% and +32.6%) and the tails of mice.",,vosoritide,mouse,,p21,True,True,11.9; 32.6,,,,False,True,False,False,0.3,False
34070375.0,PMC8197470,10.3390/ijms22115573,Advantages and Disadvantages of Different Treatment Methods in Achondroplasia: A Review.,2021.0,International journal of molecular sciences,FULL_TEXT_VERIFIED,body,"The results of preclinical studies in mice show a number of benefits of this drug, such as the restoration of bone growth, improvement in structure, the elongation of long bones, improvement of the skeletal development of the thorax, an increase in cortical bone thickness and even a reduction in mortality.",,vosoritide,mouse,,p21,True,True,,,,,False,True,False,False,0.0,False
34070375.0,PMC8197470,10.3390/ijms22115573,Advantages and Disadvantages of Different Treatment Methods in Achondroplasia: A Review.,2021.0,International journal of molecular sciences,FULL_TEXT_VERIFIED,body,The inhibitor effect was analyzed and determined to be less effective for targeting bone elongation than the CNP analog.,,vosoritide,mouse,,p21,False,True,,,,,False,True,False,True,0.0,False
34070375.0,PMC8197470,10.3390/ijms22115573,Advantages and Disadvantages of Different Treatment Methods in Achondroplasia: A Review.,2021.0,International journal of molecular sciences,FULL_TEXT_VERIFIED,body,"By acting on FGFR3 or MAPK, all of these drugs consequently increase the proliferation and differentiation of chondrocytes, improving bone elongation growth.",,vosoritide,mouse,,p21,True,False,,,,,False,True,False,True,0.0,False
34070375.0,PMC8197470,10.3390/ijms22115573,Advantages and Disadvantages of Different Treatment Methods in Achondroplasia: A Review.,2021.0,International journal of molecular sciences,FULL_TEXT_VERIFIED,body,Their synergistic effects in increasing growth in bone length have been demonstrated [91].,,vosoritide,mouse,,p21,True,False,,,,,False,True,False,False,0.0,False
34070375.0,PMC8197470,10.3390/ijms22115573,Advantages and Disadvantages of Different Treatment Methods in Achondroplasia: A Review.,2021.0,International journal of molecular sciences,FULL_TEXT_VERIFIED,body,"Although they provide the benefit of increasing bone length, their effects on important aspects, such as disproportionality, the axial skeleton and the foramen magnum, have unfortunately not been confirmed.",,vosoritide,mouse,,p21,True,False,,,,,False,True,False,False,0.0,False
34070375.0,PMC8197470,10.3390/ijms22115573,Advantages and Disadvantages of Different Treatment Methods in Achondroplasia: A Review.,2021.0,International journal of molecular sciences,FULL_TEXT_VERIFIED,table,"Table 2Benefits of different drug therapies in achondroplasia.Drug NameBenefits for PeopleBenefits for Animals Clinically used drugs Recombinant human growth hormone (rhGH)Possibly better growth pattern in children with achondroplasia, especially in combination with l-thyroxine and surgical elongation of tibia and/or femurPossibly better growth velocity with variable rather than continuous drug administration Drugs in different phases of clinical trials C-type natriuretic peptide (CNP) analog: vosoritideTreatment targets underlying molecular pathogenesis, increasing growth velocity and height Z-scoreMore proportional growthResistance to natural endopeptidaseNo serious side effectsIncrease in axial and appendicular skeleton growthIncrease in the hypertrophic zone in tibial growth platesWidening of lumbar vertebral openingsC-type natriuretic peptide prolonged-released: TransCon CNPLong hal",vosoritide,vosoritide,mouse,,p21,True,False,,,,,False,True,False,True,0.2,False
34070375.0,PMC8197470,10.3390/ijms22115573,Advantages and Disadvantages of Different Treatment Methods in Achondroplasia: A Review.,2021.0,International journal of molecular sciences,FULL_TEXT_VERIFIED,table,"Drug NameBenefits for PeopleBenefits for Animals Clinically used drugs Recombinant human growth hormone (rhGH)Possibly better growth pattern in children with achondroplasia, especially in combination with l-thyroxine and surgical elongation of tibia and/or femurPossibly better growth velocity with variable rather than continuous drug administration Drugs in different phases of clinical trials C-type natriuretic peptide (CNP) analog: vosoritideTreatment targets underlying molecular pathogenesis, increasing growth velocity and height Z-scoreMore proportional growthResistance to natural endopeptidaseNo serious side effectsIncrease in axial and appendicular skeleton growthIncrease in the hypertrophic zone in tibial growth platesWidening of lumbar vertebral openingsC-type natriuretic peptide prolonged-released: TransCon CNPLong half-life, about 90 hResistance to natural endopeptidasePrevents ",vosoritide,vosoritide,mouse,,p21,True,False,,,,,False,True,False,True,0.2,False
34070375.0,PMC8197470,10.3390/ijms22115573,Advantages and Disadvantages of Different Treatment Methods in Achondroplasia: A Review.,2021.0,International journal of molecular sciences,FULL_TEXT_VERIFIED,caption,"Current and potential treatments for achondroplasia. In the normal growth plate, FGF acts on FGFR3, causing the activation of RAS and the MAPK pathway (RAF, ERK and MEK), resulting in the inhibition of chondrocyte proliferation and differentiation and a reduction in extracellular matrix synthesis. Drugs for achondroplasia include preparations that influence the function of the FGFR3 receptor and MAPK pathways and directly act on chondrocytes. The first group includes, among others, drugs that inhibit the receptor (ASP5878, which is an inhibitor of FGFR3, and vofatamab, an anti-FGFR3 antibody), as well as drugs that reduce the concentration of FGFR3 (infigratinib, which inhibits receptor phosphorylation, or statins, potentially causing proteasomal degradation of this molecule). The drug that competes with FGFR3 for a ligand is sFGFR3, a soluble receptor that, by binding to FGF, reduces it",,vosoritide,mouse,,p21,True,True,,,,,False,True,False,True,0.0,False
33064251.0,PMC7736118,10.1007/s11914-020-00626-y,Failures of Endochondral Ossification in the Mucopolysaccharidoses.,2020.0,Current osteoporosis reports,FULL_TEXT_VERIFIED,body,A single study of MPS VII mice exhibited no improvement in bone length with HCT [115].,,GAG; GAGs; glycosaminoglycans,mouse,in vivo,9-day-old,True,False,,,,,False,True,False,False,0.0,False
33064251.0,PMC7736118,10.1007/s11914-020-00626-y,Failures of Endochondral Ossification in the Mucopolysaccharidoses.,2020.0,Current osteoporosis reports,FULL_TEXT_VERIFIED,body,"ERT animal studies have demonstrated reduced lysosomal storage in urine, tissue and articular cartilage chondrocytes in MPS I, MPS II and MPS VI, but no improvement in bone growth [111, 112, 156], except for one study that found an improvement of bone length on lumbar vertebrae in MPS VI cats [70].",,GAG; GAGs; glycosaminoglycans,mouse,in vivo,9-day-old,True,True,,,,,False,True,False,False,0.0,False
33064251.0,PMC7736118,10.1007/s11914-020-00626-y,Failures of Endochondral Ossification in the Mucopolysaccharidoses.,2020.0,Current osteoporosis reports,FULL_TEXT_VERIFIED,body,"The bone length of MPS VII mice after ERT increased 6% as compared to untreated MPS VII mice; however, no obvious correction was observed in chondrocytes [114, 157].",,GAG; GAGs; glycosaminoglycans,mouse,in vivo,9-day-old,True,False,6,,,,False,True,False,False,0.3,False
33064251.0,PMC7736118,10.1007/s11914-020-00626-y,Failures of Endochondral Ossification in the Mucopolysaccharidoses.,2020.0,Current osteoporosis reports,FULL_TEXT_VERIFIED,body,"An improvement in bone length is observed when normal or supra-normal levels of circulating enzyme are achieved in mouse models with severe bone length discrepancies [171–173], whereas bone length is not altered with less than 50% of normal circulating enzyme levels [72, 161, 162, 174].",,GAG; GAGs; glycosaminoglycans,mouse,in vivo,9-day-old,True,False,50,,,,False,True,False,False,0.3,False
33064251.0,PMC7736118,10.1007/s11914-020-00626-y,Failures of Endochondral Ossification in the Mucopolysaccharidoses.,2020.0,Current osteoporosis reports,FULL_TEXT_VERIFIED,body,"Interestingly, not all bones responded to the same degree in particular femoral length did not improve [171, 173].",,GAG; GAGs; glycosaminoglycans,mouse,in vivo,9-day-old,True,False,,,,,False,True,False,False,0.0,False
33064251.0,PMC7736118,10.1007/s11914-020-00626-y,Failures of Endochondral Ossification in the Mucopolysaccharidoses.,2020.0,Current osteoporosis reports,FULL_TEXT_VERIFIED,body,Retroviral gene therapy in MPS VII dogs resulted in partial improvement in vertebral and long bone lengths [45] but no improvement in epiphyseal cartilage-to-bone conversion [163].,,GAG; GAGs; glycosaminoglycans,mouse,in vivo,9-day-old,True,False,,,,,False,True,False,False,0.0,False
33064251.0,PMC7736118,10.1007/s11914-020-00626-y,Failures of Endochondral Ossification in the Mucopolysaccharidoses.,2020.0,Current osteoporosis reports,FULL_TEXT_VERIFIED,body,HSCs transduced with a lentivirus encoding iduronidase resulted in an increase in bone length when injected into MPS I mice [159].,,GAG; GAGs; glycosaminoglycans,mouse,in vivo,9-day-old,True,False,,,,,False,True,False,False,0.0,False
31635173.0,PMC6829207,10.3390/ijms20205198,Exposure to the RXR Agonist SR11237 in Early Life Causes Disturbed Skeletal Morphogenesis in a Rat Model.,2019.0,International journal of molecular sciences,FULL_TEXT_VERIFIED,body,"Dysregulation of any of the factors controlling growth plate function can cause defects including reduced bone length, altered mineralization, and skeletal deformities, such as seen in chondrodysplasias [1,5,10,11,12].",,SR11237,mouse,metatarsal organ culture,P0; P10; P15; P16,False,True,,,,,False,True,True,False,0.0,False
31635173.0,PMC6829207,10.3390/ijms20205198,Exposure to the RXR Agonist SR11237 in Early Life Causes Disturbed Skeletal Morphogenesis in a Rat Model.,2019.0,International journal of molecular sciences,FULL_TEXT_VERIFIED,body,Retinoid X Receptor (RXR) agonist treatment results in reduced weight and bone length in rats.,,SR11237,mouse,metatarsal organ culture,P0; P10; P15; P16,False,True,,,,,False,True,False,False,0.0,False
31635173.0,PMC6829207,10.3390/ijms20205198,Exposure to the RXR Agonist SR11237 in Early Life Causes Disturbed Skeletal Morphogenesis in a Rat Model.,2019.0,International journal of molecular sciences,FULL_TEXT_VERIFIED,caption,"Retinoid X Receptor (RXR) agonist treatment results in reduced weight and bone length in rats. At P16, male (A) and female (B) animals were weighed before sacrifice (N = 5; mean ± SEM; Mann–Whitney unpaired two tailed t-test; p < 0.005). Bone lengths were measured at P16 in male (C) and female (D) rats following sacrifice. All RXR agonist-treated bones in the males were found to be significantly shorter than control bones, and in the females, the femur, tibia, and radius treated with the RXR agonist were significantly shorter than the control bones (N = 5; mean ± SEM; Mann–Whitney unpaired two-tailed t-test; * p < 0.005).",,SR11237,mouse,metatarsal organ culture,P0; P10; P15; P16,False,True,,,,5; 5,True,True,False,False,0.4,False
33434347.0,PMC8131217,10.1002/jbmr.4248,Pleckstrin homology (PH) domain and Leucine Rich Repeat Phosphatase 1 (Phlpp1) Suppresses Parathyroid Hormone Receptor 1 (Pth1r) Expression and Signaling During Bone Growth.,2021.0,Journal of bone and mineral research : the official journal of the American Society for Bone and Mineral Research,FULL_TEXT_VERIFIED,body,"As the bones were different lengths, a region of interest (ROI) for trabecular bone was defined as 5% the length of each bone, beginning 8% bone’s-length distance away from the distal growth plate.",,cAMP,mouse,in vivo,4-week-old; 5-day-old; E10.5; E15.5,False,False,5; 8,,,,False,True,False,True,0.3,False
33434347.0,PMC8131217,10.1002/jbmr.4248,Pleckstrin homology (PH) domain and Leucine Rich Repeat Phosphatase 1 (Phlpp1) Suppresses Parathyroid Hormone Receptor 1 (Pth1r) Expression and Signaling During Bone Growth.,2021.0,Journal of bone and mineral research : the official journal of the American Society for Bone and Mineral Research,FULL_TEXT_VERIFIED,body,"For cortical bone analyses, the ROI was defined as 5% of total femur length beginning at the femoral midpoint.",,cAMP,mouse,in vivo,4-week-old; 5-day-old; E10.5; E15.5,False,False,5,,,,False,True,False,True,0.3,False
33434347.0,PMC8131217,10.1002/jbmr.4248,Pleckstrin homology (PH) domain and Leucine Rich Repeat Phosphatase 1 (Phlpp1) Suppresses Parathyroid Hormone Receptor 1 (Pth1r) Expression and Signaling During Bone Growth.,2021.0,Journal of bone and mineral research : the official journal of the American Society for Bone and Mineral Research,FULL_TEXT_VERIFIED,body,PTH(7-34) did not alter bone growth in WT mice but rescued the short femur and tibia lengths (Fig 3;,,cAMP,mouse,in vivo,4-week-old; 5-day-old; E10.5; E15.5,True,False,,,,,False,True,False,True,0.0,False
33434347.0,PMC8131217,10.1002/jbmr.4248,Pleckstrin homology (PH) domain and Leucine Rich Repeat Phosphatase 1 (Phlpp1) Suppresses Parathyroid Hormone Receptor 1 (Pth1r) Expression and Signaling During Bone Growth.,2021.0,Journal of bone and mineral research : the official journal of the American Society for Bone and Mineral Research,FULL_TEXT_VERIFIED,body,"Four-week-old Phlpp1−/− mice have an increased cell number in the proliferative zone of the growth plate, suggesting delayed entry into hypertrophy and therefore shorter bone length (5).",,cAMP,mouse,in vivo,4-week-old; 5-day-old; E10.5; E15.5,True,True,,,,,False,True,False,True,0.0,False
33434347.0,PMC8131217,10.1002/jbmr.4248,Pleckstrin homology (PH) domain and Leucine Rich Repeat Phosphatase 1 (Phlpp1) Suppresses Parathyroid Hormone Receptor 1 (Pth1r) Expression and Signaling During Bone Growth.,2021.0,Journal of bone and mineral research : the official journal of the American Society for Bone and Mineral Research,FULL_TEXT_VERIFIED,body,Injecting mice with 100 μg/kg body weight/day PTH(7-34) did not fully rescue bone length in every parameter measured.,,cAMP,mouse,in vivo,4-week-old; 5-day-old; E10.5; E15.5,True,False,,,,,False,True,False,True,0.0,False
33434347.0,PMC8131217,10.1002/jbmr.4248,Pleckstrin homology (PH) domain and Leucine Rich Repeat Phosphatase 1 (Phlpp1) Suppresses Parathyroid Hormone Receptor 1 (Pth1r) Expression and Signaling During Bone Growth.,2021.0,Journal of bone and mineral research : the official journal of the American Society for Bone and Mineral Research,FULL_TEXT_VERIFIED,body,"Daily administration of PTH(7-34) has an intermediate effect on rescuing limb length in Phlpp1 heterozygotes compared to WT or Phlpp1−/− mice. (A,E) Femur length, (B,F) tibia length, (C,G) body length, and (D,H) body weight were evaluated in 4-week-old male and female WT (Phlpp1+/+), HET (Phlpp1+/−), or KO (Phlpp1−/−) mice given daily injections of PTH(7-34) (100 mg/kg body weight/day) or vehicle (0.1% BSA in PBS).",,cAMP,mouse,in vivo,4-week-old; 5-day-old; E10.5; E15.5,True,False,0.1,,100 mg/kg,,False,True,False,True,0.4,False
33434347.0,PMC8131217,10.1002/jbmr.4248,Pleckstrin homology (PH) domain and Leucine Rich Repeat Phosphatase 1 (Phlpp1) Suppresses Parathyroid Hormone Receptor 1 (Pth1r) Expression and Signaling During Bone Growth.,2021.0,Journal of bone and mineral research : the official journal of the American Society for Bone and Mineral Research,FULL_TEXT_VERIFIED,body,"(A,C) Tibia and (B,D) femur lengths were evaluated in 4-week-old male WT or Phlpp1−/− mice given daily injections of PTH(7-34) (100 mg/kg body weight/day) or vehicle (0.1% BSA in PBS).",,cAMP,mouse,in vivo,4-week-old; 5-day-old; E10.5; E15.5,False,False,0.1,,100 mg/kg,,False,True,False,True,0.4,False
33434347.0,PMC8131217,10.1002/jbmr.4248,Pleckstrin homology (PH) domain and Leucine Rich Repeat Phosphatase 1 (Phlpp1) Suppresses Parathyroid Hormone Receptor 1 (Pth1r) Expression and Signaling During Bone Growth.,2021.0,Journal of bone and mineral research : the official journal of the American Society for Bone and Mineral Research,FULL_TEXT_VERIFIED,caption,"Supplementary Figure 5. Daily administration of PTH(7-34) has an intermediate effect on rescuing limb length in Phlpp1 heterozygotes compared to WT or Phlpp1−/− mice. (A,E) Femur length, (B,F) tibia length, (C,G) body length, and (D,H) body weight were evaluated in 4-week-old male and female WT (Phlpp1+/+), HET (Phlpp1+/−), or KO (Phlpp1−/−) mice given daily injections of PTH(7-34) (100 mg/kg body weight/day) or vehicle (0.1% BSA in PBS). Statistically significant differences were determined with two-way ANOVA with Tukey’s post-hoc test.",,cAMP,mouse,in vivo,4-week-old; 5-day-old; E10.5; E15.5,True,False,0.1,,100 mg/kg,,False,True,False,True,0.4,False
33434347.0,PMC8131217,10.1002/jbmr.4248,Pleckstrin homology (PH) domain and Leucine Rich Repeat Phosphatase 1 (Phlpp1) Suppresses Parathyroid Hormone Receptor 1 (Pth1r) Expression and Signaling During Bone Growth.,2021.0,Journal of bone and mineral research : the official journal of the American Society for Bone and Mineral Research,FULL_TEXT_VERIFIED,caption,"Daily administration of PTH(7-34) reverses short limb length in Phlpp1−/− mice.(A,C) Tibia and (B,D) femur lengths were evaluated in 4-week-old male WT or Phlpp1−/− mice given daily injections of PTH(7-34) (100 mg/kg body weight/day) or vehicle (0.1% BSA in PBS). The same treatments were administered to female WT and Phlpp1−/− mice and tibia (E,G) and femur (F,H) lengths were evaluated at 4 weeks of age. Scale bar = 5 mm. Statistically significant differences were determined with two-way ANOVA with Tukey’s post-hoc test.",,cAMP,mouse,in vivo,4-week-old; 5-day-old; E10.5; E15.5,False,False,0.1,5 mm,100 mg/kg,,False,True,False,True,0.4,False
32872370.0,PMC7551887,10.3390/nu12092625,A Mixture of <i>Humulus japonicus</i> Increases Longitudinal Bone Growth Rate in Sprague Dawley Rats.,2020.0,Nutrients,FULL_TEXT_VERIFIED,body,The nose–tail length gain and length of femur and tibia increased significantly in the group that received MH for a period of four weeks.,MH,5-Bromo-2'-Deoxyuridine; Bromodeoxyuridine; H&E; Humulus japonicus; MH,rat,,,True,False,,,,,False,True,False,False,0.2,False
32872370.0,PMC7551887,10.3390/nu12092625,A Mixture of <i>Humulus japonicus</i> Increases Longitudinal Bone Growth Rate in Sprague Dawley Rats.,2020.0,Nutrients,FULL_TEXT_VERIFIED,body,"In addition, femur and tibia length also significantly increased in the GH group and MH300 group compared to those in the ND group (p < 0.05) (Figure 1).",MH,5-Bromo-2'-Deoxyuridine; Bromodeoxyuridine; H&E; Humulus japonicus; MH,rat,,,True,False,,,,,True,True,False,True,0.6000000000000001,False
32872370.0,PMC7551887,10.3390/nu12092625,A Mixture of <i>Humulus japonicus</i> Increases Longitudinal Bone Growth Rate in Sprague Dawley Rats.,2020.0,Nutrients,FULL_TEXT_VERIFIED,body,"In conclusion, we investigated the effects of dietary administration of an H. japonicus mixture on longitudinal bone growth in SD rats, and found that the nose–tail length gain and length of femur and tibia increased significantly in the group that received MH 300 mg/kg b.w. for four weeks, similar to that by GH.",MH,5-Bromo-2'-Deoxyuridine; Bromodeoxyuridine; H&E; Humulus japonicus; MH,rat,,,True,False,,,300 mg/kg,,False,True,False,True,0.30000000000000004,False
39162677.0,PMC11363167,10.5152/j.aott.2024.24080,"Advancing pediatric bone sarcoma care: navigating complications and innovating solutions in limb salvage and reconstruction-why, when, and how to treat limb length inequalities.",2024.0,Acta orthopaedica et traumatologica turcica,FULL_TEXT_VERIFIED,body,"The anatomical extent of the tumor necessitates considerable resections (including total or partial growth plate resections) and/or systemic chemotherapy followed by inhibition of the preserved growth plate particularly around the knee, leading to potential limb length discrepancies.",,,human,,,False,True,,,,,False,True,False,False,0.0,False
39162677.0,PMC11363167,10.5152/j.aott.2024.24080,"Advancing pediatric bone sarcoma care: navigating complications and innovating solutions in limb salvage and reconstruction-why, when, and how to treat limb length inequalities.",2024.0,Acta orthopaedica et traumatologica turcica,FULL_TEXT_VERIFIED,body,"The prosthesis may not be suitable for all children, especially those under the age of 6 or those with significant potential for growth due to genetic factors, where achieving symmetrical limb lengths poses a greater challenge.",,,human,,,True,False,,,,,False,True,False,False,0.0,False
39192535.0,PMC11572574,10.1111/os.14193,The Ilizarov Technique: A Dynamic Solution for Orthopaedic Challenges.,2024.0,Orthopaedic surgery,FULL_TEXT_VERIFIED,body,"Usually, the unaffected limb can serve as a point of comparison, and a full‐length, weight‐bearing, anteroposterior X‐ray of both lower extremities, with the use of blocks beneath the shorter limb to align the pelvis, is conducted.",,,human,,,False,True,,,,,False,True,False,False,0.0,False
41315189.0,PMC12675637,10.1038/s41467-025-65636-9,Piezo1-mediated mechanotransduction controls osteocyte maturation and dendrite development via a YAP-CCN-Src signaling axis.,2025.0,Nature communications,FULL_TEXT_VERIFIED,body,"Here we show that Piezo1 loss in late osteoblasts and osteocytes reduces bone mass and disrupts osteocyte differentiation with reduced dendrite number, length and network formation.",,,mouse,in vivo,11-week-old; 3-week-old; 6-week-old; 8-week-old,False,True,,,,,False,True,False,False,0.0,False
41315189.0,PMC12675637,10.1038/s41467-025-65636-9,Piezo1-mediated mechanotransduction controls osteocyte maturation and dendrite development via a YAP-CCN-Src signaling axis.,2025.0,Nature communications,FULL_TEXT_VERIFIED,body,"Analysis of the lacunar canalicular network (LCN), critical for bone mechanoresponse45, detected reduced canalicular number and length (Fig.",,,mouse,in vivo,11-week-old; 3-week-old; 6-week-old; 8-week-old,False,True,,,,,False,True,False,False,0.0,False
41315189.0,PMC12675637,10.1038/s41467-025-65636-9,Piezo1-mediated mechanotransduction controls osteocyte maturation and dendrite development via a YAP-CCN-Src signaling axis.,2025.0,Nature communications,FULL_TEXT_VERIFIED,body,Similar reductions in osteocyte number and length due to Piezo1 loss was also found in trabecular bone osteocytes (Supplementary Fig.,,,mouse,in vivo,11-week-old; 3-week-old; 6-week-old; 8-week-old,False,True,,,,,False,True,False,False,0.0,False
41315189.0,PMC12675637,10.1038/s41467-025-65636-9,Piezo1-mediated mechanotransduction controls osteocyte maturation and dendrite development via a YAP-CCN-Src signaling axis.,2025.0,Nature communications,FULL_TEXT_VERIFIED,body,"However, body weight and femur length were reduced by constant YAP activation, while preserved by intermittent YAP activation.",,,mouse,in vivo,11-week-old; 3-week-old; 6-week-old; 8-week-old,False,True,,,,,False,True,False,False,0.0,False
39223554.0,PMC11370124,10.1186/s12891-024-07799-y,A systematic review and meta-analysis:comparing the efficacy of the Ilizarov technique alone with lengthening over a nail for lower extremity bone defects.,2024.0,BMC musculoskeletal disorders,FULL_TEXT_VERIFIED,body,"The outcomes of interest encompassed the external fixation index (EFI) (month/cm), mean duration of follow-up (MFT) (month), length gained (LG) (cm), consolidation index (CIx) (month/cm), and bone healing index (BHI) (month/cm).Complications include pin tract infection rate (PTI), axial deviation rate (AD), occurrence of intramedullary infection (II), delayed consolidation rate (DC), as well as data categorized into three levels of problems, obstacles, and sequelae based on the severity of complications.Two reviewers independently assessed each study for quality and extracted data.",,,human,,,True,False,,,,,False,True,False,False,0.0,False
39223554.0,PMC11370124,10.1186/s12891-024-07799-y,A systematic review and meta-analysis:comparing the efficacy of the Ilizarov technique alone with lengthening over a nail for lower extremity bone defects.,2024.0,BMC musculoskeletal disorders,FULL_TEXT_VERIFIED,body,"(1) The LON technique was used in the intervention technique and only the Ilizarov technique was used in the control technique; (2) the type of study consisted of a randomized controlled trial (RCT), a case–control study (CCS), a retrospective clinical study (RCS), or a prospective clinical study; (3) at least one of the following outcome measures was reported: external fixation index (EFI), mean follow-up time (MFT), length gained (LG), consolidation index (CIx), bone healing index (BHI), and complications such as axial deviation (AD), pin tract infection (PTI), intramedullary infection (II), delayed consolidation (DC), problems, obstacles, and sequelae data.",,,human,,,True,False,,,,,False,True,False,False,0.0,False
39223554.0,PMC11370124,10.1186/s12891-024-07799-y,A systematic review and meta-analysis:comparing the efficacy of the Ilizarov technique alone with lengthening over a nail for lower extremity bone defects.,2024.0,BMC musculoskeletal disorders,FULL_TEXT_VERIFIED,body,All bone defects gained a lengthening length of ≤ 8 cm.,,,human,,,True,False,,,,,False,True,False,False,0.0,False
39223554.0,PMC11370124,10.1186/s12891-024-07799-y,A systematic review and meta-analysis:comparing the efficacy of the Ilizarov technique alone with lengthening over a nail for lower extremity bone defects.,2024.0,BMC musculoskeletal disorders,FULL_TEXT_VERIFIED,body,"The following data was extracted from the included studies: (1) first author names, study period, author country, study type, number of cases, and patients’ age; (2) external fixation index (EFI), mean follow-up time (MFT), length gained (LG), consolidation index (CIx), bone healing index (BHI), as well as complications such as axial deviation (AD), pin tract infection (PTI), intramedullary infection (II), delayed consolidation (DC), and problems, obstacles, or sequelae.",,,human,,,True,False,,,,,False,True,False,False,0.0,False
39223554.0,PMC11370124,10.1186/s12891-024-07799-y,A systematic review and meta-analysis:comparing the efficacy of the Ilizarov technique alone with lengthening over a nail for lower extremity bone defects.,2024.0,BMC musculoskeletal disorders,FULL_TEXT_VERIFIED,body,"NA Not acquire, RCT Randomized controlled trials, RCS Retrospective clinical studies, LON lengthening over a nail, NOS Newcastle–Ottawa Scale, EFI External fixation index, MFT Mean follow-up time, LG Length gained, CIx Consolidation index, BHI Bone healing index, AD Axial deviation, PTI Pin tract infection, II Intramedullary infection, DC Delayed consolidation",,,human,,,True,False,,,,,False,True,False,False,0.0,False
39223554.0,PMC11370124,10.1186/s12891-024-07799-y,A systematic review and meta-analysis:comparing the efficacy of the Ilizarov technique alone with lengthening over a nail for lower extremity bone defects.,2024.0,BMC musculoskeletal disorders,FULL_TEXT_VERIFIED,body,"Comparison of external fixation index results (A), mean follow-up time results (B), length gained results (C), consolidation index results (D), and bone healing index results (E) between the LON and Ilizarov techniques",,,human,,,True,False,,,,,False,True,False,False,0.0,False
39223554.0,PMC11370124,10.1186/s12891-024-07799-y,A systematic review and meta-analysis:comparing the efficacy of the Ilizarov technique alone with lengthening over a nail for lower extremity bone defects.,2024.0,BMC musculoskeletal disorders,FULL_TEXT_VERIFIED,table,"Table 1Characteristics of the included studiesAuthorYearCountryStudy periodStudytypeSample sizeNumbers of femora or tibiaMean age (years)Mean follow-up time(month)NOSScoreOutcomeIlizarovLONIlizarovLONIlizarovLONIlizarovLONmeasuresPaley1997England2003–2008RCS3129femora(32)femora(32)252644.433.68EFI,MFT,LG,CIx,PTI,AD,II,DCSong2005KoreaNARCS113tibia(11)tibia(3)333366667EFI,MFT,LG,BHI,PTI,AD,DCWatanabe2005JapanNARCS168tibia(17)NA14.622.248426EFI,MFT,LG,CIx,PTI,AD,DCPark2008Korea1996–2006RCS1628tibia(32)tibia(56)23.422.340488EFI,MFT,LG,BHI,PTI,AD,DCSun2011Korea1995–2003RCS2626tibia(49)tibia(49)21.22325.123.68EFI,MFT,LG,BHI,PTI,AD,DCGuo2012China2009–2011RCT1326tibia(23)tibia(51)22.725.438.440.88EFI,MFT,LG,CIx,PTI,AD,DCErALP2012Turkey1998–2009RCS3217tibia(32)tibia(17)413935.728.67EFI,MFT,LG,CIx,II,DCEL-Husseini2013Egypt2009–2011RCS1315femora:tibia(9:7)femora:tibia(9:6)28.431.31818-EFI,MFT,LG,CI",,,human,,,True,False,,,,,False,True,False,False,0.0,False
39223554.0,PMC11370124,10.1186/s12891-024-07799-y,A systematic review and meta-analysis:comparing the efficacy of the Ilizarov technique alone with lengthening over a nail for lower extremity bone defects.,2024.0,BMC musculoskeletal disorders,FULL_TEXT_VERIFIED,table,"Table 5Subgroup analysisSubgroupExternal fixator index (EFI)Length gained (LG)literaturesMD[95%CI]P valuesI2literaturesMD[95%CI]P valuesI2Bone defect causes Total12-29.59 [-39.68, -19.49]0.0000196%10-0.87 [-2.80, 1.07]0.3897% Traumatic5-25.91 [-42.91, -8.92]0.00398%40.05 [-0.35, 0.46]0.803% Chronic osteomyelitis2-28.47 [-51.10, -5.83]0.0192%11.70 [-0.42, 3.82]0.12- Limb-length discrepancy2-28.47 [-51.10, -5.83]0.1697%20.81 [-0.94, 2.57]0.3672% Idiopathic Short Stature3-21.28 [-36.12, -6.45]0.00581%3-4.06 [-12.58, 4.46]0.3599%Regions Total12-29.59 [-39.68, -19.49]0.0000196%10-0.87 [-2.80, 1.07]0.3897% Asia6-29.16 [-46.68, -11.63]0.00196%5-2.07 [-6.58, 2.44]0.3798% Europe4-31.89 [-42.47, -21.30]0.0000184%30.32 [-0.31, 0.94]0.3219% Other regions2-31.77 [-53.92, -9.62]0.00565%2-0.51 [-1.75, 0.72]0.4119%SubgroupMean follow-up time (MFT)Delayed consolidation (DC)literaturesMD[95%CI]P valuesI2l",,,human,,,True,False,95; 95; 0.0000196; 0.3897,,,,False,True,False,False,0.3,False
39223554.0,PMC11370124,10.1186/s12891-024-07799-y,A systematic review and meta-analysis:comparing the efficacy of the Ilizarov technique alone with lengthening over a nail for lower extremity bone defects.,2024.0,BMC musculoskeletal disorders,FULL_TEXT_VERIFIED,table,"SubgroupExternal fixator index (EFI)Length gained (LG)literaturesMD[95%CI]P valuesI2literaturesMD[95%CI]P valuesI2Bone defect causes Total12-29.59 [-39.68, -19.49]0.0000196%10-0.87 [-2.80, 1.07]0.3897% Traumatic5-25.91 [-42.91, -8.92]0.00398%40.05 [-0.35, 0.46]0.803% Chronic osteomyelitis2-28.47 [-51.10, -5.83]0.0192%11.70 [-0.42, 3.82]0.12- Limb-length discrepancy2-28.47 [-51.10, -5.83]0.1697%20.81 [-0.94, 2.57]0.3672% Idiopathic Short Stature3-21.28 [-36.12, -6.45]0.00581%3-4.06 [-12.58, 4.46]0.3599%Regions Total12-29.59 [-39.68, -19.49]0.0000196%10-0.87 [-2.80, 1.07]0.3897% Asia6-29.16 [-46.68, -11.63]0.00196%5-2.07 [-6.58, 2.44]0.3798% Europe4-31.89 [-42.47, -21.30]0.0000184%30.32 [-0.31, 0.94]0.3219% Other regions2-31.77 [-53.92, -9.62]0.00565%2-0.51 [-1.75, 0.72]0.4119%SubgroupMean follow-up time (MFT)Delayed consolidation (DC)literaturesMD[95%CI]P valuesI2literaturesOR[95%CI]P val",,,human,,,True,False,95; 95; 0.0000196; 0.3897,,,,False,True,False,False,0.3,False
39223554.0,PMC11370124,10.1186/s12891-024-07799-y,A systematic review and meta-analysis:comparing the efficacy of the Ilizarov technique alone with lengthening over a nail for lower extremity bone defects.,2024.0,BMC musculoskeletal disorders,FULL_TEXT_VERIFIED,caption,"Comparison of external fixation index results (A), mean follow-up time results (B), length gained results (C), consolidation index results (D), and bone healing index results (E) between the LON and Ilizarov techniques",,,human,,,True,False,,,,,False,True,False,False,0.0,False
33724538.0,PMC9661967,10.1002/jbmr.4291,Premature Growth Plate Closure Caused by a Hedgehog Cancer Drug Is Preventable by Co-Administration of a Retinoid Antagonist in Mice.,2021.0,Journal of bone and mineral research : the official journal of the American Society for Bone and Mineral Research,FULL_TEXT_VERIFIED,body,"Whole body X-ray imaging confirmed that tibia length was appreciably reduced by LDE225 treatment, and this trait also was partially rescued by RARγ antagonist co-treatment (Fig.",LDE; LDE225,CD2665; LDE; LDE225; Retinoid Antagonist; Sonidegib; retinoid; retinoid antagonist,mouse,in vivo,3 week-old; E11.5; P10; P20,True,True,,,,,False,True,False,False,0.2,False
35314385.0,PMC9035100,10.1016/j.bone.2022.116391,"GIRK3 deletion facilitates kappa opioid signaling in chondrocytes, delays vascularization and promotes bone lengthening in mice.",2022.0,Bone,FULL_TEXT_VERIFIED,body,"In contrast, Girk3 deletion increases femur and tibia lengths and augments kappa opioid signaling in chondrocytes.",,GAG; cAMP,mouse,in vivo,1-week-old; 12-week-old; 3-week-old; 4-week-old,True,False,,,,,False,True,False,False,0.0,False
35314385.0,PMC9035100,10.1016/j.bone.2022.116391,"GIRK3 deletion facilitates kappa opioid signaling in chondrocytes, delays vascularization and promotes bone lengthening in mice.",2022.0,Bone,FULL_TEXT_VERIFIED,body,"As the bones were different lengths, a region of interest (ROI) for trabecular bone was defined as 5% the length of each bone, beginning 10% bone’s-length distance away from the distal growth plate (Supp Fig 1A-1C).",,GAG; cAMP,mouse,in vivo,1-week-old; 12-week-old; 3-week-old; 4-week-old,False,False,5; 10,,,,False,True,False,False,0.3,False
35314385.0,PMC9035100,10.1016/j.bone.2022.116391,"GIRK3 deletion facilitates kappa opioid signaling in chondrocytes, delays vascularization and promotes bone lengthening in mice.",2022.0,Bone,FULL_TEXT_VERIFIED,body,"For cortical bone analyses, the ROI was defined as 5% of total femur length beginning at the femoral midpoint (Supp Fig 1D-1F).",,GAG; cAMP,mouse,in vivo,1-week-old; 12-week-old; 3-week-old; 4-week-old,False,False,5,,,,False,True,False,False,0.3,False
35314385.0,PMC9035100,10.1016/j.bone.2022.116391,"GIRK3 deletion facilitates kappa opioid signaling in chondrocytes, delays vascularization and promotes bone lengthening in mice.",2022.0,Bone,FULL_TEXT_VERIFIED,body,Bone width was evaluated at 5% bone-length’s distance away from the distal femoral growth plate.,,GAG; cAMP,mouse,in vivo,1-week-old; 12-week-old; 3-week-old; 4-week-old,False,False,5,,,,False,True,False,False,0.3,False
35314385.0,PMC9035100,10.1016/j.bone.2022.116391,"GIRK3 deletion facilitates kappa opioid signaling in chondrocytes, delays vascularization and promotes bone lengthening in mice.",2022.0,Bone,FULL_TEXT_VERIFIED,body,"In this project, we assessed the role of critical effectors of inhibitory GPCRs in the heart and brain, the GIRK channels, on the maturation chondrocytes and bone length.",,GAG; cAMP,mouse,in vivo,1-week-old; 12-week-old; 3-week-old; 4-week-old,False,True,,,,,False,True,False,False,0.0,False
35314385.0,PMC9035100,10.1016/j.bone.2022.116391,"GIRK3 deletion facilitates kappa opioid signaling in chondrocytes, delays vascularization and promotes bone lengthening in mice.",2022.0,Bone,FULL_TEXT_VERIFIED,body,"However, an alternative and unexplored explanation for increased bone length in Girk3−/− mice lies in mechanisms independent of musculoskeletal cells.",,GAG; cAMP,mouse,in vivo,1-week-old; 12-week-old; 3-week-old; 4-week-old,True,False,,,,,False,True,False,False,0.0,False
35314385.0,PMC9035100,10.1016/j.bone.2022.116391,"GIRK3 deletion facilitates kappa opioid signaling in chondrocytes, delays vascularization and promotes bone lengthening in mice.",2022.0,Bone,FULL_TEXT_VERIFIED,body,Scale bar indicates 5 mm. (C) Femur lengths of male and female WT and Girk2−/− mice were measured at 12 weeks of age following dissection and x-ray.,,GAG; cAMP,mouse,in vivo,1-week-old; 12-week-old; 3-week-old; 4-week-old,False,False,,5 mm,,,False,True,False,False,0.0,False
35314385.0,PMC9035100,10.1016/j.bone.2022.116391,"GIRK3 deletion facilitates kappa opioid signaling in chondrocytes, delays vascularization and promotes bone lengthening in mice.",2022.0,Bone,FULL_TEXT_VERIFIED,caption,"Girk3−/− mice have longer femora and tibiae than WT mice.(A) Femur lengths of male and female WT, Girk2−/−, Girk3−/−, and Girk2/3−/− mice were measured at 12 weeks of age following dissection and x-ray. (B) X-rays of WT and Girk2/3−/− male mice at 12 weeks of age. Yellow dashed lines indicate the WT bone length. Scale bar indicates 5 mm. (C) Femur lengths of male and female WT and Girk2−/− mice were measured at 12 weeks of age following dissection and x-ray. Statistics were performed using Student’s T-test. (D) X-rays of WT and Girk2−/− female mice at 12 weeks of age. Yellow dashed lines indicate the WT bone length. Scale bar indicates 2.5 mm. (E) X-rays of WT and Girk3−/− male mice at 4 weeks and 12 weeks of age. Yellow dashed lines indicate the WT bone length at each respective age. Scale bar indicates 5 mm. (F) Post-weaning growth rates of male femurs and tibiae from WT and Girk3−/− m",,GAG; cAMP,mouse,in vivo,1-week-old; 12-week-old; 3-week-old; 4-week-old,True,False,,5 mm; 2.5 mm; 5 mm,,,True,True,False,False,0.4,False
38346197.0,PMC10895259,10.1073/pnas.2316969121,Skeletal growth is enhanced by a shared role for SOX8 and SOX9 in promoting reserve chondrocyte commitment to columnar proliferation.,2024.0,Proceedings of the National Academy of Sciences of the United States of America,FULL_TEXT_VERIFIED,body,"The naso-anal length of adults was slightly smaller (<10%), but long bone length was not reported.",,,mouse,in vivo,E12.5; E13.5; E16.5; P10,False,False,10,,,,False,True,False,False,0.3,False
38346197.0,PMC10895259,10.1073/pnas.2316969121,Skeletal growth is enhanced by a shared role for SOX8 and SOX9 in promoting reserve chondrocyte commitment to columnar proliferation.,2024.0,Proceedings of the National Academy of Sciences of the United States of America,FULL_TEXT_VERIFIED,body,"Sox8fl/flPrx1Cre mice had normal long bone lengths, and Sox9fl/+Prx1Cre mice had 4-8% shorter long bones (Fig.",,,mouse,in vivo,E12.5; E13.5; E16.5; P10,False,True,8,,,,False,True,False,False,0.3,False
37936087.0,PMC10629116,10.1186/s12891-023-06955-0,Complications analysis of Ilizarov bone transport technique in the treatment of tibial bone defects-a retrospective study of 199 cases.,2023.0,BMC musculoskeletal disorders,FULL_TEXT_VERIFIED,body,"For bone defects larger than 8 cm or exceeding 40% of the original bone length, a double-level bone transport procedure was performed [10] [11].",,,human,in vivo,,False,False,40,,,,False,True,False,False,0.3,False
35887171.0,PMC9317907,10.3390/ijms23147817,Cranial Base Synchondrosis: Chondrocytes at the Hub.,2022.0,International journal of molecular sciences,FULL_TEXT_VERIFIED,body,"Rosuvastatin stimulates bone elongation in Fgfr3G380R mice, associated with increased expression of Sox9, Col2a1, Acan, Runx2 and Col10a1, and a rescue of the achondroplasia phenotype.",,,mouse,in vivo,E10.5; E18.5; P0; p21,True,False,,,,,False,True,True,False,0.0,False
35887171.0,PMC9317907,10.3390/ijms23147817,Cranial Base Synchondrosis: Chondrocytes at the Hub.,2022.0,International journal of molecular sciences,FULL_TEXT_VERIFIED,body,"Ddr1fl/fl) in mice causes hind limb abnormalities, including delayed formation of the SOC, decreased body length and weight, decreased chondrocyte proliferation and apoptosis and delayed chondrocyte hypertrophy [108].",,,mouse,in vivo,E10.5; E18.5; P0; p21,False,True,,,,,False,True,False,False,0.0,False
35887171.0,PMC9317907,10.3390/ijms23147817,Cranial Base Synchondrosis: Chondrocytes at the Hub.,2022.0,International journal of molecular sciences,FULL_TEXT_VERIFIED,body,"Additionally, these mice had significant reductions in the anteroposterior elongation of the skull, due to reductions in cranial base bone lengths.",,,mouse,in vivo,E10.5; E18.5; P0; p21,False,True,,,,,False,True,False,False,0.0,False
35078974.0,PMC8789790,10.1038/s41413-021-00177-7,Theobroma cacao improves bone growth by modulating defective ciliogenesis in a mouse model of achondroplasia.,2022.0,Bone research,FULL_TEXT_VERIFIED,body,Constitutive activation of FGFR3 impairs bone formation and elongation and many signal transduction pathways.,,(-)-Epicatechin; (-)-epicatechin,mouse,tibia/femur organ culture,1-day old; 1-day-old; 1-week-old; 16-day-old,False,True,,,,,False,True,False,True,0.0,False
35078974.0,PMC8789790,10.1038/s41413-021-00177-7,Theobroma cacao improves bone growth by modulating defective ciliogenesis in a mouse model of achondroplasia.,2022.0,Bone research,FULL_TEXT_VERIFIED,body,"In vivo, we confirmed that daily subcutaneous injections of (-)-epicatechin to Fgfr3Y367C/+ mice increased bone elongation and rescued the primary cilium defects observed in chondrocytes.",(-)-Epicatechin; (-)-epicatechin,(-)-Epicatechin; (-)-epicatechin,mouse,tibia/femur organ culture,1-day old; 1-day-old; 1-week-old; 16-day-old,True,False,,,,,False,True,False,False,0.2,False
35078974.0,PMC8789790,10.1038/s41413-021-00177-7,Theobroma cacao improves bone growth by modulating defective ciliogenesis in a mouse model of achondroplasia.,2022.0,Bone research,FULL_TEXT_VERIFIED,body,This modification to the primary cilia promoted the typical columnar arrangement of flat proliferative chondrocytes and thus enhanced bone elongation.,,(-)-Epicatechin; (-)-epicatechin,mouse,tibia/femur organ culture,1-day old; 1-day-old; 1-week-old; 16-day-old,True,False,,,,,False,True,False,False,0.0,False
35078974.0,PMC8789790,10.1038/s41413-021-00177-7,Theobroma cacao improves bone growth by modulating defective ciliogenesis in a mouse model of achondroplasia.,2022.0,Bone research,FULL_TEXT_VERIFIED,body,"Defective FGFR3 signal transduction impairs intracellular downstream signaling pathways, including extracellular signal-regulated kinases 1 and 2 (ERK1/2), p38, phosphoinositide 3-kinase/protein kinase B (PI3K/AKT), phospholipase Cγ (PLCγ), and signal transducers and activators of transcription (STATs), thus affecting chondrocyte proliferation, differentiation, and bone elongation.2 FGFR3 plays a significant role in growth plate development, acting to inhibit both the rate of chondrocyte proliferation and differentiation and the interactions with the Indian hedgehog (Ihh) signaling pathway to control chondrocyte formation.3 Ihh signaling, which plays an essential role in chondrocyte differentiation, is fully dependent on primary cilia.4 FGF signaling also regulates the length of the primary cilia in many tissues.5,6 FGFR3 signaling interacts with Hedgehog and the serine/threonine kinase ",,(-)-Epicatechin; (-)-epicatechin,mouse,tibia/femur organ culture,1-day old; 1-day-old; 1-week-old; 16-day-old,False,True,,,,,False,True,False,True,0.0,False
35078974.0,PMC8789790,10.1038/s41413-021-00177-7,Theobroma cacao improves bone growth by modulating defective ciliogenesis in a mouse model of achondroplasia.,2022.0,Bone research,FULL_TEXT_VERIFIED,body,"In this study, we identified (-)-epicatechin from a Theobroma cacao extract as a drug candidate. (-)-Epicatechin is able to (i) induce primary cilium elongation in chondrocytes and modify the differentially expressed genes in the growth plate cartilage of Fgfr3Y367C/+ mice, (ii) decrease FGFR3’s downstream signaling pathways in cell and organ cultures, and (iii) promote femur growth elongation in both femur explants and live Fgfr3Y367C/+ mice.",(-)-Epicatechin; (-)-epicatechin,(-)-Epicatechin; (-)-epicatechin,mouse,tibia/femur organ culture,1-day old; 1-day-old; 1-week-old; 16-day-old,True,True,,,,,False,True,False,True,0.2,False
35078974.0,PMC8789790,10.1038/s41413-021-00177-7,Theobroma cacao improves bone growth by modulating defective ciliogenesis in a mouse model of achondroplasia.,2022.0,Bone research,FULL_TEXT_VERIFIED,body,"(-)-Epicatechin increases ex vivo Fgfr3Y367C/+ femur growth through primary cilia elongation. a Sequential representation of the ex vivo culture of femurs isolated from mouse embryos (E16.5). b Representative images of E16.5 Fgfr3+/+ femurs in ex vivo culture for 0 (D0) and 6 (D6) days. c Representative images of E16.5 Fgfr3Y367C/+ femurs in ex vivo culture for 0 (D0) and 6 (D6) days exposed (or not) to Theobroma cacao fraction 5, procyanidin C1 or (-)-epicatechin. d Graphical representation of the gain in length of the ex vivo E16.5 Fgfr3+/+ and Fgfr3Y367C/+ femurs after exposure (or not) to Theobroma cacao fraction 5, procyanidin C1 or (-)-epicatechin (n = 15). e Representative images of HES-stained immunostained embryonic distal femurs.",(-)-Epicatechin; (-)-epicatechin,(-)-Epicatechin; (-)-epicatechin,mouse,tibia/femur organ culture,1-day old; 1-day-old; 1-week-old; 16-day-old,True,False,,,,15,False,True,False,True,0.2,False
35078974.0,PMC8789790,10.1038/s41413-021-00177-7,Theobroma cacao improves bone growth by modulating defective ciliogenesis in a mouse model of achondroplasia.,2022.0,Bone research,FULL_TEXT_VERIFIED,body,"To determine which cartilage marker proteins are targeted by (-)-epicatechin to promote femur elongation, we examined (-)-epicatechin’s putative actions on chondrocyte differentiation (as characterized by changes in cell morphology and collagen expression).",(-)-Epicatechin; (-)-epicatechin,(-)-Epicatechin; (-)-epicatechin,mouse,tibia/femur organ culture,1-day old; 1-day-old; 1-week-old; 16-day-old,True,False,,,,,False,True,False,False,0.2,False
35078974.0,PMC8789790,10.1038/s41413-021-00177-7,Theobroma cacao improves bone growth by modulating defective ciliogenesis in a mouse model of achondroplasia.,2022.0,Bone research,FULL_TEXT_VERIFIED,body,"With regard to long bone growth, the femurs, and tibias increased their lengths by 7.02% (P < 0.000 1) and 5.89% (P < 0.001) in (-)-epicatechin-treated Fgfr3Y367C/+ mice compared to controls, respectively (Fig.",(-)-Epicatechin; (-)-epicatechin,(-)-Epicatechin; (-)-epicatechin,mouse,tibia/femur organ culture,1-day old; 1-day-old; 1-week-old; 16-day-old,True,False,7.02; 5.89,,,,True,True,False,False,0.8999999999999999,False
35078974.0,PMC8789790,10.1038/s41413-021-00177-7,Theobroma cacao improves bone growth by modulating defective ciliogenesis in a mouse model of achondroplasia.,2022.0,Bone research,FULL_TEXT_VERIFIED,body,"In vivo-injected (-)-epicatechin increases bone growth, modifies chondrocyte proliferation, and differentiation and promotes primary cilium elongation. a Sequential representation of the in vivo protocol. b Radiographs of Fgfr3Y367C/+ mice treated with vehicle or (-)-epicatechin for 16 days and graphical representations of the naso-anal lengths (c), femur lengths (d), tibia lengths (e), humerus lengths (f), radius lengths (g), and ulna lengths (h). i Representative HES staining images of the distal femurs.",(-)-Epicatechin; (-)-epicatechin,(-)-Epicatechin; (-)-epicatechin,mouse,tibia/femur organ culture,1-day old; 1-day-old; 1-week-old; 16-day-old,True,False,,,,,False,True,False,False,0.2,False
35078974.0,PMC8789790,10.1038/s41413-021-00177-7,Theobroma cacao improves bone growth by modulating defective ciliogenesis in a mouse model of achondroplasia.,2022.0,Bone research,FULL_TEXT_VERIFIED,body,"The percent growth gains of the naso-anal, femur, tibia, humerus, ulna, and radius lengths with detailed values for (-)-epicatechin-injected Fgfr3Y367C/+ animals.",(-)-Epicatechin; (-)-epicatechin,(-)-Epicatechin; (-)-epicatechin,mouse,tibia/femur organ culture,1-day old; 1-day-old; 1-week-old; 16-day-old,True,False,,,,,False,True,False,False,0.2,False
35078974.0,PMC8789790,10.1038/s41413-021-00177-7,Theobroma cacao improves bone growth by modulating defective ciliogenesis in a mouse model of achondroplasia.,2022.0,Bone research,FULL_TEXT_VERIFIED,body,"We therefore examined (-)-epicatechin as a treatment to directly affect growth plate organization and proliferation by modifying the length and the ϕ angle of the primary cilia in the cartilage tissue, thus improving bone growth.",(-)-Epicatechin; (-)-epicatechin,(-)-Epicatechin; (-)-epicatechin,mouse,tibia/femur organ culture,1-day old; 1-day-old; 1-week-old; 16-day-old,True,False,,,,,False,True,False,False,0.2,False
35078974.0,PMC8789790,10.1038/s41413-021-00177-7,Theobroma cacao improves bone growth by modulating defective ciliogenesis in a mouse model of achondroplasia.,2022.0,Bone research,FULL_TEXT_VERIFIED,body,"Taken together, our results demonstrate that (-)-epicatechin restores the impairments in the various genes controlling cilium elongation by acting on both the Ihh and PKA signaling pathways involved in bone growth regulation.",(-)-Epicatechin; (-)-epicatechin,(-)-Epicatechin; (-)-epicatechin,mouse,tibia/femur organ culture,1-day old; 1-day-old; 1-week-old; 16-day-old,True,True,,,,,False,True,False,False,0.2,False
35078974.0,PMC8789790,10.1038/s41413-021-00177-7,Theobroma cacao improves bone growth by modulating defective ciliogenesis in a mouse model of achondroplasia.,2022.0,Bone research,FULL_TEXT_VERIFIED,table,"Table 1(-)-Epicatechin increases bone growth in vivoNaso-anal length/mmFemur length/mmTibia length/mmHumerus length/mmRadius length/mmUlna length/mmVehicle38.515.275.264.983.935.11(-)-Epicatechin40.405.645.575.144.135.38Δ Increase+1.89 mm+0.37 mm+0.31 mm +0.16 mm+0.20 mm+0.27 mmPercentage of increase+4.91%+7.02%+5.89%+3.21%+5.09%+5.28%P value0.0119.10−102.10−68.10−47.10−59.10−4Significance*********************The percent growth gains of the naso-anal, femur, tibia, humerus, ulna, and radius lengths with detailed values for (-)-epicatechin-injected Fgfr3Y367C/+ animals. Data are presented as the meanns Not significant*P < 0.05; **P < 0.01; ***P < 0.001; ****P < 0.000 1 by two-tailed, unpaired t test",(-)-Epicatechin; (-)-epicatechin,(-)-Epicatechin; (-)-epicatechin,mouse,tibia/femur organ culture,1-day old; 1-day-old; 1-week-old; 16-day-old,True,False,4.91; 7.02; 5.89; 3.21,1.89 mm; 0.37 mm; 0.31 mm; 0.16 mm,,,True,True,False,False,0.8999999999999999,False
35078974.0,PMC8789790,10.1038/s41413-021-00177-7,Theobroma cacao improves bone growth by modulating defective ciliogenesis in a mouse model of achondroplasia.,2022.0,Bone research,FULL_TEXT_VERIFIED,caption,"(-)-Epicatechin increases ex vivo Fgfr3Y367C/+ femur growth through primary cilia elongation. a Sequential representation of the ex vivo culture of femurs isolated from mouse embryos (E16.5). b Representative images of E16.5 Fgfr3+/+ femurs in ex vivo culture for 0 (D0) and 6 (D6) days. c Representative images of E16.5 Fgfr3Y367C/+ femurs in ex vivo culture for 0 (D0) and 6 (D6) days exposed (or not) to Theobroma cacao fraction 5, procyanidin C1 or (-)-epicatechin. d Graphical representation of the gain in length of the ex vivo E16.5 Fgfr3+/+ and Fgfr3Y367C/+ femurs after exposure (or not) to Theobroma cacao fraction 5, procyanidin C1 or (-)-epicatechin (n = 15). e Representative images of HES-stained immunostained embryonic distal femurs. Scale bars: 200 μm. PZ proliferative zone, HZ hypertrophic zone. f Graphical representation of the femur growth plate area in E16.5 Fgfr3+/+ (n = 5) a",(-)-Epicatechin; (-)-epicatechin,(-)-Epicatechin; (-)-epicatechin,mouse,tibia/femur organ culture,1-day old; 1-day-old; 1-week-old; 16-day-old,True,False,,200 μm,,15; 5; 8,True,True,False,True,0.6000000000000001,False
35078974.0,PMC8789790,10.1038/s41413-021-00177-7,Theobroma cacao improves bone growth by modulating defective ciliogenesis in a mouse model of achondroplasia.,2022.0,Bone research,FULL_TEXT_VERIFIED,caption,"In vivo-injected (-)-epicatechin increases bone growth, modifies chondrocyte proliferation, and differentiation and promotes primary cilium elongation. a Sequential representation of the in vivo protocol. b Radiographs of Fgfr3Y367C/+ mice treated with vehicle or (-)-epicatechin for 16 days and graphical representations of the naso-anal lengths (c), femur lengths (d), tibia lengths (e), humerus lengths (f), radius lengths (g), and ulna lengths (h). i Representative HES staining images of the distal femurs. Scale bars: 50 μm. j Graphical representation of the cell height/cell length ratio in the growth plate proliferative zone in Fgfr3+/+ (n = 80) and Fgfr3Y367C/+ mice treated (n = 80) or not (n = 120) with (-)-epicatechin for 16 days. k Number of cells per column stack in the growth plate proliferative zone in Fgfr3Y367C/+ mice treated (n = 6) or not (n = 6) with (-)-epicatechin for 16 d",(-)-Epicatechin; (-)-epicatechin,(-)-Epicatechin; (-)-epicatechin,mouse,tibia/femur organ culture,1-day old; 1-day-old; 1-week-old; 16-day-old,True,False,,50 μm; 200 μm; 200 μm; 200 μm,,80; 80; 120,True,True,False,True,0.6000000000000001,False
37993906.0,PMC10666420,10.1186/s13018-023-04356-6,Docking site complications analysis of Ilizarov bone transport technique in the treatment of tibial bone defects.,2023.0,Journal of orthopaedic surgery and research,FULL_TEXT_VERIFIED,body,"Among the univariate variables, there was a significant difference between the delayed union group and the nondelayed union group in terms of clinical bone defect length (8.46 ± 2.09 > 6.04 ± 1.89, P < 0.001), EFT (318.72 ± 67.54 > 286.40 ± 52.94, P = 0.003), EFI (59.72 ± 9.28 > 51.60 ± 8.86, P < 0.001), and bone defects of distal 1/3 (35.56% > 18.08, P = 0.007).",,,human,,,False,False,35.56,,,,True,True,False,False,0.7,False
34401130.0,PMC8350182,10.1016/j.amsu.2021.102645,The efficacy of ilizarov method for management of long tibial bone and soft tissue defect.,2021.0,Annals of medicine and surgery (2012),FULL_TEXT_VERIFIED,body,The Illizarov method can effectively address long bone and soft tissue defects by distraction osteogenesis through bone transport procedure that filling the defect gradually without bone graft and simultaneously enhancing soft tissue closure without tertiary soft tissue procedure subsequently followed with bone lengthening procedure to correct the limb length discrepancy.,,,human,,,True,False,,,,,False,True,False,False,0.0,False
34485099.0,PMC8384611,10.5312/wjo.v12.i8.515,International recognition of the Ilizarov bone reconstruction techniques: Current practice and research (dedicated to 100<sup>th</sup> birthday of G. A. Ilizarov).,2021.0,World journal of orthopedics,FULL_TEXT_VERIFIED,body,"It aims to correct bone loss, length and axis, reshape a limb segment and change its malposition so that to restore or improve its anatomy and functions.",,,human,,,True,False,,,,,False,True,False,False,0.0,False
34485099.0,PMC8384611,10.5312/wjo.v12.i8.515,International recognition of the Ilizarov bone reconstruction techniques: Current practice and research (dedicated to 100<sup>th</sup> birthday of G. A. Ilizarov).,2021.0,World journal of orthopedics,FULL_TEXT_VERIFIED,body,"Although the induced membrane technique has gained much popularity in bone defect treatment, the Ilizarov bone transport remains the main tool in the situations with bone deformity and limb length discrepancy[31].",,,human,,,True,False,,,,,False,True,False,False,0.0,False
38516888.0,PMC11063944,10.1172/jci.insight.165226,Stimulation of skeletal stem cells in the growth plate promotes linear bone growth.,2024.0,JCI insight,FULL_TEXT_VERIFIED,body,Stimulation of the stem cells in the growth plate of long bones promotes bone growth and may correct for leg length differences.,,,mouse,in vivo,30-day-old; P10; P16; P18,True,False,,,,,False,True,False,False,0.0,False
38516888.0,PMC11063944,10.1172/jci.insight.165226,Stimulation of skeletal stem cells in the growth plate promotes linear bone growth.,2024.0,JCI insight,FULL_TEXT_VERIFIED,body,"To explore whether an enhancement of the number of stem cells leads to an increase in bone length, we first performed local temporal stimulation of epSSCs with SAG.",,,mouse,in vivo,30-day-old; P10; P16; P18,True,False,,,,,False,True,False,True,0.0,False
38516888.0,PMC11063944,10.1172/jci.insight.165226,Stimulation of skeletal stem cells in the growth plate promotes linear bone growth.,2024.0,JCI insight,FULL_TEXT_VERIFIED,body,The SAG beads increased femur length as early as 1 month after implantation (Figure 5B) and further elongated femurs after 2 and 6 months (Figure 5B).,,,mouse,in vivo,30-day-old; P10; P16; P18,True,False,,,,,False,True,False,True,0.0,False
38516888.0,PMC11063944,10.1172/jci.insight.165226,Stimulation of skeletal stem cells in the growth plate promotes linear bone growth.,2024.0,JCI insight,FULL_TEXT_VERIFIED,body,"In the experiments presented here, some compound is likely released into the bloodstream, since an increase not only in femoral length, where the SAG-containing beads were placed, but also in the tibia of the same leg was observed.",,,mouse,in vivo,30-day-old; P10; P16; P18,True,False,,,,,False,True,False,True,0.0,False
38516888.0,PMC11063944,10.1172/jci.insight.165226,Stimulation of skeletal stem cells in the growth plate promotes linear bone growth.,2024.0,JCI insight,FULL_TEXT_VERIFIED,body,"Thus, although proliferation in the region of stem cells is enhanced 1 week after implantation, augmented bone length is observed only 1 month and, most dramatically, 6 months after treatment (Figure 4B).",,,mouse,in vivo,30-day-old; P10; P16; P18,True,False,,,,,False,True,False,False,0.0,False
38516888.0,PMC11063944,10.1172/jci.insight.165226,Stimulation of skeletal stem cells in the growth plate promotes linear bone growth.,2024.0,JCI insight,FULL_TEXT_VERIFIED,caption,"Implantation of SAG-containing beads into the SOC of Wistar-Kyoto rats increases bone growth.(A) Schematic illustration of the experimental setup. (B–D) Length of the femur (B), tibia (C), and entire leg (D) 1 (n = 6), 2 (n = 9), or 6 months (n = 8) after implantation of the beads containing vehicle (DMSO) or SAG. (E) Representative image of the femur 2 months after implantation of beads containing DMSO (left) or SAG (right). (F) Representative calcein and xylenol labeling in DMSO- and SAG-treated rats 1 month after bead implantation. Scale bar: 50 μm. (G and H) Growth rate of the femur (G) and tibia (H) 1 week (n = 6) and 1 (n = 6) or 2 months (n = 9) following implantation of DMSO- or SAG-containing beads. (I) Representative Ki67 staining 1 week after bead implantation. (J and K) Quantification of Ki67+ cells in the uppermost 50 μm of the growth plate in the femur (J) and tibia (K) 1 w",,,mouse,in vivo,30-day-old; P10; P16; P18,True,False,,50 μm; 50 μm; 50 μm; 50 μm,,6; 9; 8,True,True,False,True,0.4,False
37216542.0,PMC10235998,10.1073/pnas.2220159120,Osteolectin increases bone elongation and body length by promoting growth plate chondrocyte proliferation.,2023.0,Proceedings of the National Academy of Sciences of the United States of America,FULL_TEXT_VERIFIED,body,"In the current study, we identified a function for Osteolectin in juvenile mice: the promotion of bone elongation by increasing growth plate chondrocyte proliferation, leading to increased body length.",,,mouse,in vivo,P1; P14; P4; postnatal day 4,True,False,,,,,False,True,False,False,0.0,False
37216542.0,PMC10235998,10.1073/pnas.2220159120,Osteolectin increases bone elongation and body length by promoting growth plate chondrocyte proliferation.,2023.0,Proceedings of the National Academy of Sciences of the United States of America,FULL_TEXT_VERIFIED,body,"Second, we describe a human genetic variant that suggests Osteolectin also promotes bone elongation in humans.",,,mouse,in vivo,P1; P14; P4; postnatal day 4,True,False,,,,,False,True,False,False,0.0,False
37216542.0,PMC10235998,10.1073/pnas.2220159120,Osteolectin increases bone elongation and body length by promoting growth plate chondrocyte proliferation.,2023.0,Proceedings of the National Academy of Sciences of the United States of America,FULL_TEXT_VERIFIED,body,"In this study, we tested whether Osteolectin promotes bone elongation and found that Osteolectin-deficient mice have shorter bones than those of sex-matched littermate controls.",,,mouse,in vivo,P1; P14; P4; postnatal day 4,True,True,,,,,False,True,False,False,0.0,False
37216542.0,PMC10235998,10.1073/pnas.2220159120,Osteolectin increases bone elongation and body length by promoting growth plate chondrocyte proliferation.,2023.0,Proceedings of the National Academy of Sciences of the United States of America,FULL_TEXT_VERIFIED,body,Integrin α11 deficiency in limb mesenchymal progenitors or chondrocytes reduced growth plate chondrocyte proliferation and bone elongation.,,,mouse,in vivo,P1; P14; P4; postnatal day 4,False,True,,,,,False,True,False,False,0.0,False
37216542.0,PMC10235998,10.1073/pnas.2220159120,Osteolectin increases bone elongation and body length by promoting growth plate chondrocyte proliferation.,2023.0,Proceedings of the National Academy of Sciences of the United States of America,FULL_TEXT_VERIFIED,body,Recombinant Osteolectin injections increased femur length in juvenile mice.,,,mouse,in vivo,P1; P14; P4; postnatal day 4,True,False,,,,,False,True,False,False,0.0,False
37216542.0,PMC10235998,10.1073/pnas.2220159120,Osteolectin increases bone elongation and body length by promoting growth plate chondrocyte proliferation.,2023.0,Proceedings of the National Academy of Sciences of the United States of America,FULL_TEXT_VERIFIED,body,"Based on these observations, we set out to test whether Osteolectin promotes bone elongation.",,,mouse,in vivo,P1; P14; P4; postnatal day 4,True,False,,,,,False,True,False,False,0.0,False
37216542.0,PMC10235998,10.1073/pnas.2220159120,Osteolectin increases bone elongation and body length by promoting growth plate chondrocyte proliferation.,2023.0,Proceedings of the National Academy of Sciences of the United States of America,FULL_TEXT_VERIFIED,body,"Osteolectin promoted growth plate chondrocyte proliferation and longitudinal bone growth in juvenile mice. (A and B) Body mass, femur length, and LS3 vertebra length in Osteolectin-deficient (Oln−/−) and sex-matched littermate control (Oln+/+) mice at 4 week (4W, A) and 8 week of age (8W, B).",,,mouse,in vivo,P1; P14; P4; postnatal day 4,True,False,,,,,False,True,False,False,0.0,False
37216542.0,PMC10235998,10.1073/pnas.2220159120,Osteolectin increases bone elongation and body length by promoting growth plate chondrocyte proliferation.,2023.0,Proceedings of the National Academy of Sciences of the United States of America,FULL_TEXT_VERIFIED,body,"Since growth plate chondrocytes differentiate into osteoblasts (26, 27), this raised the possibility that the decrease in chondrocyte proliferation in Osteolectin-deficient mice at 4 wk of age led to reduced osteogenesis and reduced bone elongation.",,,mouse,in vivo,P1; P14; P4; postnatal day 4,False,True,,,,,False,True,False,False,0.0,False
37216542.0,PMC10235998,10.1073/pnas.2220159120,Osteolectin increases bone elongation and body length by promoting growth plate chondrocyte proliferation.,2023.0,Proceedings of the National Academy of Sciences of the United States of America,FULL_TEXT_VERIFIED,body,"Integrin α11 promoted growth plate chondrocyte proliferation and longitudinal bone growth in juvenile mice. (A and B) Body mass, femur length, and LS3 vertebra length in Prx1Cre;Itga11fl/fl and sex-matched littermate control (Itga11fl/fl) mice at 4 wk (A) and 8 wk (B) of age (Eight mice per sex per age per genotype in five independent experiments per age). (C–J) Prx1Cre;Itga11fl/fl and littermate control (Itga11fl/fl) mice were administered pulses of EdU for 4 h (P4), 1 d (P14), or 2 d (4W and 8W).",,,mouse,in vivo,P1; P14; P4; postnatal day 4,True,False,,,,,False,True,True,False,0.0,False
37216542.0,PMC10235998,10.1073/pnas.2220159120,Osteolectin increases bone elongation and body length by promoting growth plate chondrocyte proliferation.,2023.0,Proceedings of the National Academy of Sciences of the United States of America,FULL_TEXT_VERIFIED,body,This suggested that Osteolectin/Integrin α11 signaling promotes bone elongation by increasing growth plate chondrocyte proliferation around 4 wk of age.,,,mouse,in vivo,P1; P14; P4; postnatal day 4,True,False,,,,,False,True,False,False,0.0,False
37216542.0,PMC10235998,10.1073/pnas.2220159120,Osteolectin increases bone elongation and body length by promoting growth plate chondrocyte proliferation.,2023.0,Proceedings of the National Academy of Sciences of the United States of America,FULL_TEXT_VERIFIED,body,Integrin α11 thus acted within chondrocytes to promote bone elongation.,,,mouse,in vivo,P1; P14; P4; postnatal day 4,True,False,,,,,False,True,False,False,0.0,False
37216542.0,PMC10235998,10.1073/pnas.2220159120,Osteolectin increases bone elongation and body length by promoting growth plate chondrocyte proliferation.,2023.0,Proceedings of the National Academy of Sciences of the United States of America,FULL_TEXT_VERIFIED,body,"Integrin α11 cell-autonomously promoted the proliferation of growth plate chondrocytes. (A and B) AcanCreER;Itga11fl/fl and sex-matched littermate control (Itga11fl/fl) mice were treated with tamoxifen at 2 wk of age, then body mass, femur length, and LS3 vertebra length were measured at 4 wk (A) and 8 wk (B) of age.",,,mouse,in vivo,P1; P14; P4; postnatal day 4,True,False,,,,,False,True,False,True,0.0,False
37216542.0,PMC10235998,10.1073/pnas.2220159120,Osteolectin increases bone elongation and body length by promoting growth plate chondrocyte proliferation.,2023.0,Proceedings of the National Academy of Sciences of the United States of America,FULL_TEXT_VERIFIED,body,"To test whether Integrin α11 promoted bone elongation by promoting the proliferation of growth plate chondrocytes, we analyzed AcanCreER;Itga11fl/fl mice and sex-matched Itga11fl/fl littermate controls at 4 and 8 wk of age.",,,mouse,in vivo,P1; P14; P4; postnatal day 4,True,False,,,,,False,True,False,False,0.0,False
37216542.0,PMC10235998,10.1073/pnas.2220159120,Osteolectin increases bone elongation and body length by promoting growth plate chondrocyte proliferation.,2023.0,Proceedings of the National Academy of Sciences of the United States of America,FULL_TEXT_VERIFIED,body,Itga11fl/fl mice had a significantly shorter length of Tomato+ cortical bone as compared to AcanCreER;,,,mouse,in vivo,P1; P14; P4; postnatal day 4,False,True,,,,,False,True,False,False,0.0,False
37216542.0,PMC10235998,10.1073/pnas.2220159120,Osteolectin increases bone elongation and body length by promoting growth plate chondrocyte proliferation.,2023.0,Proceedings of the National Academy of Sciences of the United States of America,FULL_TEXT_VERIFIED,body,This suggested that Integrin α11 signaling promoted bone elongation by increasing growth plate chondrocyte proliferation and cortical bone generation.,,,mouse,in vivo,P1; P14; P4; postnatal day 4,True,False,,,,,False,True,False,False,0.0,False
37216542.0,PMC10235998,10.1073/pnas.2220159120,Osteolectin increases bone elongation and body length by promoting growth plate chondrocyte proliferation.,2023.0,Proceedings of the National Academy of Sciences of the United States of America,FULL_TEXT_VERIFIED,body,This transient increase in Osteolectin expression within the growth plate at 3 to 4 wk of age may be part of the reason why bone elongation occurs more rapidly in juvenile as compared to adult mice.,,,mouse,in vivo,P1; P14; P4; postnatal day 4,True,False,,,,,False,True,False,False,0.0,False
37216542.0,PMC10235998,10.1073/pnas.2220159120,Osteolectin increases bone elongation and body length by promoting growth plate chondrocyte proliferation.,2023.0,Proceedings of the National Academy of Sciences of the United States of America,FULL_TEXT_VERIFIED,body,"With the goal of testing whether increased Osteolectin levels are sufficient to promote bone elongation in vivo, we first identified an effective dose of recombinant Osteolectin by injecting 8-wk-old male wild-type mice with 50 µg/kg/d, 100 µg/kg/d, 200 µg/kg/d, or 400 µg/kg/d Osteolectin for 1 mo.",,,mouse,in vivo,P1; P14; P4; postnatal day 4,True,False,,,50 µg/kg; 100 µg/kg; 200 µg/kg; 400 µg/kg,,False,True,False,False,0.1,False
37216542.0,PMC10235998,10.1073/pnas.2220159120,Osteolectin increases bone elongation and body length by promoting growth plate chondrocyte proliferation.,2023.0,Proceedings of the National Academy of Sciences of the United States of America,FULL_TEXT_VERIFIED,body,"Oln injections did not affect body mass (A), femur length (B), LS3 vertebra length (C), but 200 or 400 µg/kg/d significantly increased cortical bone volume/total volume and cortical thickness in the mid-femur diaphysis (D).",,,mouse,in vivo,P1; P14; P4; postnatal day 4,True,False,,,400 µg/kg,,False,True,False,False,0.1,False
37216542.0,PMC10235998,10.1073/pnas.2220159120,Osteolectin increases bone elongation and body length by promoting growth plate chondrocyte proliferation.,2023.0,Proceedings of the National Academy of Sciences of the United States of America,FULL_TEXT_VERIFIED,body,"Oln also significantly increased trabecular bone volume/total volume, connectivity density, number, and reduced trabecular spacing in the distal femur metaphysis (E) (Five mice per group in three independent experiments). (F and G) Wild-type mice were administered daily injections of PBS or recombinant Osteolectin (Oln) from 2 to 8 wk of age, then body mass, femur length, and LS3 vertebra length were measured at 8 wk of age (F), and Oln injection significantly increased trabecular bone volume/total volume and trabecular number and reducing trabecular spacing (G) (Six mice per sex per group in three independent experiments). (H and I) Percentages of Aggrecan+ growth plate chondrocytes that incorporated a 2-d pulse of EdU at 4 (H) or 8 (I) wk of age (Three mice per sex per age per group in three or four independent experiments per age). (J) AcanCreER;Rosa26loxp-tdTomato/+ mice were adminis",,,mouse,in vivo,P1; P14; P4; postnatal day 4,True,True,,,,,False,True,True,True,0.0,False
37216542.0,PMC10235998,10.1073/pnas.2220159120,Osteolectin increases bone elongation and body length by promoting growth plate chondrocyte proliferation.,2023.0,Proceedings of the National Academy of Sciences of the United States of America,FULL_TEXT_VERIFIED,body,Osteolectin treatment also significantly increased the length of cortical bone formed by chondrocytes in AcanCreER;,,,mouse,in vivo,P1; P14; P4; postnatal day 4,True,False,,,,,False,True,False,False,0.0,False
37216542.0,PMC10235998,10.1073/pnas.2220159120,Osteolectin increases bone elongation and body length by promoting growth plate chondrocyte proliferation.,2023.0,Proceedings of the National Academy of Sciences of the United States of America,FULL_TEXT_VERIFIED,body,Recombinant Osteolectin is thus sufficient to promote bone elongation in juvenile mice and appeared to do so by increasing the proliferation of growth plate chondrocytes.,,,mouse,in vivo,P1; P14; P4; postnatal day 4,True,False,,,,,False,True,False,False,0.0,False
37216542.0,PMC10235998,10.1073/pnas.2220159120,Osteolectin increases bone elongation and body length by promoting growth plate chondrocyte proliferation.,2023.0,Proceedings of the National Academy of Sciences of the United States of America,FULL_TEXT_VERIFIED,body,"A quantitative reduction in b-catenin levels within growth plate chondrocytes, thus, transiently reduced chondrocyte proliferation and bone elongation, just as observed in Osteolectin and Itga11 mutant mice.",,,mouse,in vivo,P1; P14; P4; postnatal day 4,False,True,,,,,False,True,False,False,0.0,False
37216542.0,PMC10235998,10.1073/pnas.2220159120,Osteolectin increases bone elongation and body length by promoting growth plate chondrocyte proliferation.,2023.0,Proceedings of the National Academy of Sciences of the United States of America,FULL_TEXT_VERIFIED,body,"The sections were stained with hematoxylin and eosin (F) or trichome (G) to identify bone (Two replicates per clone from two independent experiments). (H) Osteolectin produced in, and around, the growth plate activates Integrin α11 signaling in growth plate chondrocytes, promoting chondrocyte proliferation and bone elongation (image generated using BioRender). (I) Schematic summarizing mechanism.",,,mouse,in vivo,P1; P14; P4; postnatal day 4,True,False,,,,,False,True,False,False,0.0,False
37216542.0,PMC10235998,10.1073/pnas.2220159120,Osteolectin increases bone elongation and body length by promoting growth plate chondrocyte proliferation.,2023.0,Proceedings of the National Academy of Sciences of the United States of America,FULL_TEXT_VERIFIED,body,"In humans, the rs182722517 variant is associated with reduced height (22–24) and plasma Osteolectin levels (21), suggesting that Osteolectin promotes bone elongation in humans as well.",,,mouse,in vivo,P1; P14; P4; postnatal day 4,True,True,,,,,False,True,False,False,0.0,False
37216542.0,PMC10235998,10.1073/pnas.2220159120,Osteolectin increases bone elongation and body length by promoting growth plate chondrocyte proliferation.,2023.0,Proceedings of the National Academy of Sciences of the United States of America,FULL_TEXT_VERIFIED,body,"Taken together, the data suggest that Osteolectin/Integrin α11 signaling promotes bone elongation in mice and humans, revealing a function for Osteolectin/Integrin α11 as well as genetic evidence that this function is conserved among mice and humans.",,,mouse,in vivo,P1; P14; P4; postnatal day 4,True,False,,,,,False,True,False,False,0.0,False
37216542.0,PMC10235998,10.1073/pnas.2220159120,Osteolectin increases bone elongation and body length by promoting growth plate chondrocyte proliferation.,2023.0,Proceedings of the National Academy of Sciences of the United States of America,FULL_TEXT_VERIFIED,body,"Integrin α11 signaling promotes β-catenin activation, increasing the transcription of Wnt target genes, the division of growth plate chondrocytes, and bone elongation (Fig.",,,mouse,in vivo,P1; P14; P4; postnatal day 4,True,False,,,,,False,True,False,False,0.0,False
37216542.0,PMC10235998,10.1073/pnas.2220159120,Osteolectin increases bone elongation and body length by promoting growth plate chondrocyte proliferation.,2023.0,Proceedings of the National Academy of Sciences of the United States of America,FULL_TEXT_VERIFIED,body,"3 F–I), increasing growth plate chondrocyte proliferation and bone elongation starting before 4 wk of age and ending before 8 wk of age.",,,mouse,in vivo,P1; P14; P4; postnatal day 4,True,False,,,,,False,True,False,False,0.0,False
37216542.0,PMC10235998,10.1073/pnas.2220159120,Osteolectin increases bone elongation and body length by promoting growth plate chondrocyte proliferation.,2023.0,Proceedings of the National Academy of Sciences of the United States of America,FULL_TEXT_VERIFIED,body,A transient increase in Osteolectin/Integrin α11 signaling in growth plate chondrocytes thus appears to be part of the reason why bone elongation is more rapid in juvenile as compared to adult mice.,,,mouse,in vivo,P1; P14; P4; postnatal day 4,True,False,,,,,False,True,False,False,0.0,False
37216542.0,PMC10235998,10.1073/pnas.2220159120,Osteolectin increases bone elongation and body length by promoting growth plate chondrocyte proliferation.,2023.0,Proceedings of the National Academy of Sciences of the United States of America,FULL_TEXT_VERIFIED,caption,"Osteolectin promoted growth plate chondrocyte proliferation and longitudinal bone growth in juvenile mice. (A and B) Body mass, femur length, and LS3 vertebra length in Osteolectin-deficient (Oln−/−) and sex-matched littermate control (Oln+/+) mice at 4 week (4W, A) and 8 week of age (8W, B). Each square/circle represents a different mouse (seven to nine mice per sex per age per genotype in five or six independent experiments per age). (C–F) The percentages of Aggrecan+ growth plate chondrocytes that were EdU+ at P4 (C), P14 (D), 4W (E), and 8W (F) of age. (G–J) Numbers of Aggrecan+ chondrocytes per mm of growth plate in Oln−/− and sex-matched littermate control (Oln+/+) mice at P4 (G), P14 (H), 4W (I), and 8W (J) of age (Three mice per sex per genotype per age in three independent experiments per age for panels C–J). All statistical tests were two sided. All data represent mean ± SD. St",,,mouse,in vivo,P1; P14; P4; postnatal day 4,True,False,,,,,False,True,True,False,0.0,False
37216542.0,PMC10235998,10.1073/pnas.2220159120,Osteolectin increases bone elongation and body length by promoting growth plate chondrocyte proliferation.,2023.0,Proceedings of the National Academy of Sciences of the United States of America,FULL_TEXT_VERIFIED,caption,"Integrin α11 promoted growth plate chondrocyte proliferation and longitudinal bone growth in juvenile mice. (A and B) Body mass, femur length, and LS3 vertebra length in Prx1Cre;Itga11fl/fl and sex-matched littermate control (Itga11fl/fl) mice at 4 wk (A) and 8 wk (B) of age (Eight mice per sex per age per genotype in five independent experiments per age). (C–J) Prx1Cre;Itga11fl/fl and littermate control (Itga11fl/fl) mice were administered pulses of EdU for 4 h (P4), 1 d (P14), or 2 d (4W and 8W). The percentages of Aggrecan+ growth plate chondrocytes that were EdU+ at P4 (C), P14 (D), 4W (E), and 8W (F) of age. Numbers of Aggrecan+ chondrocytes per mm of growth plate in Prx1Cre;Itga11fl/fl and sex-matched littermate control (Itga11fl/fl) mice at P4 (G), P14 (H), 4W (I), and 8W (J) of age (Three mice per sex per genotype per age in three independent experiments per age for panels C–J). ",,,mouse,in vivo,P1; P14; P4; postnatal day 4,True,False,,,,,False,True,True,False,0.0,False
37216542.0,PMC10235998,10.1073/pnas.2220159120,Osteolectin increases bone elongation and body length by promoting growth plate chondrocyte proliferation.,2023.0,Proceedings of the National Academy of Sciences of the United States of America,FULL_TEXT_VERIFIED,caption,"Integrin α11 cell-autonomously promoted the proliferation of growth plate chondrocytes. (A and B) AcanCreER;Itga11fl/fl and sex-matched littermate control (Itga11fl/fl) mice were treated with tamoxifen at 2 wk of age, then body mass, femur length, and LS3 vertebra length were measured at 4 wk (A) and 8 wk (B) of age. Each square/circle represents a different mouse (Six to eight mice per sex per age per genotype in four or five independent experiments per age). (C and D) The percentages of Aggrecan+ growth plate chondrocytes that were EdU+ at 4 wk (C) and 8 wk (D) of age (Three mice per sex per genotype per age in four or three independent experiments per age). (E) The length of cortical bone that arose from chondrocytes since tamoxifen treatment (Three mice per sex per genotype in three independent experiments). (F–I) Representative images of distal femur growth plate from OsteolectinmTo",,,mouse,in vivo,P1; P14; P4; postnatal day 4,True,False,,,,,False,True,True,True,0.0,False
37216542.0,PMC10235998,10.1073/pnas.2220159120,Osteolectin increases bone elongation and body length by promoting growth plate chondrocyte proliferation.,2023.0,Proceedings of the National Academy of Sciences of the United States of America,FULL_TEXT_VERIFIED,caption,"Daily injections of recombinant Osteolectin increased bone formation in mice. (A–E) Eight-week-old male wild-type mice were administered daily injections of PBS or recombinant Osteolectin (Oln) at 50 µg/kg/d (50), 100 µg/kg/d (100), 200 µg/kg/d (200), or 400 µg/kg/d (400) for 4 wk. Oln injections did not affect body mass (A), femur length (B), LS3 vertebra length (C), but 200 or 400 µg/kg/d significantly increased cortical bone volume/total volume and cortical thickness in the mid-femur diaphysis (D). Oln also significantly increased trabecular bone volume/total volume, connectivity density, number, and reduced trabecular spacing in the distal femur metaphysis (E) (Five mice per group in three independent experiments). (F and G) Wild-type mice were administered daily injections of PBS or recombinant Osteolectin (Oln) from 2 to 8 wk of age, then body mass, femur length, and LS3 vertebra l",,,mouse,in vivo,P1; P14; P4; postnatal day 4,True,True,,,50 µg/kg; 100 µg/kg; 200 µg/kg; 400 µg/kg,,False,True,True,True,0.1,False
37216542.0,PMC10235998,10.1073/pnas.2220159120,Osteolectin increases bone elongation and body length by promoting growth plate chondrocyte proliferation.,2023.0,Proceedings of the National Academy of Sciences of the United States of America,FULL_TEXT_VERIFIED,caption,"The rs182722517 variant reduced Osteolectin expression and osteogenic differentiation by human bone marrow stromal cells. (A) ATAC sequencing of primary human bone marrow stromal cells (hBMSCs) showing a peak of accessible chromatin at chr19:50739310, where the rs182722517 variant is observed (these cells contained the common allele). (B) ATAC sequencing in heterozygous rs182722517 variant–containing or control hBMSCs determined the ratio of reads from the CRISPR-edited allele versus the endogenous allele in each clone. This revealed a significantly lower fraction of reads from the rs182722517 variant–containing allele as compared to the CRISPR-edited control allele, suggesting that the rs182722517 variant reduces chromatin accessibility (Three independently targeted clones per genotype). (C and D) Osteolectin levels were assessed in cell extracts and in culture medium from cultures of h",,,mouse,in vivo,P1; P14; P4; postnatal day 4,True,True,,,,,False,True,False,False,0.0,False
36811112.0,PMC9938638,10.1093/lifemedi/lnac048,"Skeletal stem cells: origins, definitions, and functions in bone development and disease.",2022.0,Life medicine,FULL_TEXT_VERIFIED,body,Induced death of Pthrp+ cells by diphtheria toxin can block bone elongation.,,,mouse,in vivo,p38,False,True,,,,,False,True,False,True,0.0,False
33262386.0,PMC7708468,10.1038/s41598-020-77345-y,Evaluation of FGFR inhibitor ASP5878 as a drug candidate for achondroplasia.,2020.0,Scientific reports,FULL_TEXT_VERIFIED,body,"The application of c-type natriuretic peptide (CNP)9, stabilized forms of CNP10,11, parathyroid hormone (PTH)12, FGFR3-binding peptides13, soluble FGFR314, meclizine15, statin16 and FGFR inhibitors17 could all decrease FGFR signals in cell models and elongated bone length in mouse models of FGFR3 chondrodysplasia.",,ASP5878,mouse,in vivo,21-day-old; 22-day-old; 23-day-old; 3-week-old,False,True,,,,,False,True,False,True,0.0,False
33262386.0,PMC7708468,10.1038/s41598-020-77345-y,Evaluation of FGFR inhibitor ASP5878 as a drug candidate for achondroplasia.,2020.0,Scientific reports,FULL_TEXT_VERIFIED,body,"Although we did not find a significant difference in the lengths of bone between the ASP5878 group and vehicle group in female Fgfr3Ach mice, the mean length tended to be longer in the ASP5878 group.",ASP5878,ASP5878,mouse,in vivo,21-day-old; 22-day-old; 23-day-old; 3-week-old,True,False,,,,,False,True,False,False,0.2,False
36261516.0,PMC9581903,10.1038/s41536-022-00256-1,A 3D printed mimetic composite for the treatment of growth plate injuries in a rabbit model.,2022.0,NPJ Regenerative medicine,FULL_TEXT_VERIFIED,body,"a Schematic of uniform bone elongation in a normal proximal tibial growth plate (left), which can be disrupted by a growth plate injury (center), and lead to partial or complete growth arrest due to bony bar formation (right). b Schematic of the implanted 3D printed growth plate mimetic composite (gel + 3D print) after resection of the bony bar.",,poly(ethylene glycol),mouse,in vivo,6-week-old; 9-week-old,False,True,,,,,False,True,False,False,0.0,False
36261516.0,PMC9581903,10.1038/s41536-022-00256-1,A 3D printed mimetic composite for the treatment of growth plate injuries in a rabbit model.,2022.0,NPJ Regenerative medicine,FULL_TEXT_VERIFIED,body,"In addition to the bony bar, the injured limb was shorter than the uninjured limb with a mean limb length difference of 2 mm and had a tibial angle difference of 6°.",,poly(ethylene glycol),mouse,in vivo,6-week-old; 9-week-old,False,True,,2 mm,,,False,True,False,False,0.0,False
36261516.0,PMC9581903,10.1038/s41536-022-00256-1,A 3D printed mimetic composite for the treatment of growth plate injuries in a rabbit model.,2022.0,NPJ Regenerative medicine,FULL_TEXT_VERIFIED,body,"Limb length difference between the uninjured (left) and injured (right) limbs was 7.5 ± 3.1 mm and 11.4 ± 3.1 mm for 4- and 8-weeks post treatment, respectively.",,poly(ethylene glycol),mouse,in vivo,6-week-old; 9-week-old,False,False,,3.1 mm; 3.1 mm,,,False,True,False,False,0.0,False
36261516.0,PMC9581903,10.1038/s41536-022-00256-1,A 3D printed mimetic composite for the treatment of growth plate injuries in a rabbit model.,2022.0,NPJ Regenerative medicine,FULL_TEXT_VERIFIED,body,Tibial length change was reduced compared to control limbs in all treatment limbs regardless of formulation.,,poly(ethylene glycol),mouse,in vivo,6-week-old; 9-week-old,False,True,,,,,False,True,False,False,0.0,False
36261516.0,PMC9581903,10.1038/s41536-022-00256-1,A 3D printed mimetic composite for the treatment of growth plate injuries in a rabbit model.,2022.0,NPJ Regenerative medicine,FULL_TEXT_VERIFIED,body,The average tibial length difference between the control and treatment limb increased from 4.5 ± 3.4 mm to 8.0 ± 4.4 mm and 10.0 ± 4.3 mm from 5-weeks to 8-weeks and finally 12-weeks post treatment.,,poly(ethylene glycol),mouse,in vivo,6-week-old; 9-week-old,True,False,,3.4 mm; 4.4 mm; 4.3 mm,,,False,True,False,False,0.0,False
36261516.0,PMC9581903,10.1038/s41536-022-00256-1,A 3D printed mimetic composite for the treatment of growth plate injuries in a rabbit model.,2022.0,NPJ Regenerative medicine,FULL_TEXT_VERIFIED,body,Impaired bone elongation is a major clinical concern with growth plate injury and bony bar formation.,,poly(ethylene glycol),mouse,in vivo,6-week-old; 9-week-old,False,True,,,,,False,True,False,False,0.0,False
36261516.0,PMC9581903,10.1038/s41536-022-00256-1,A 3D printed mimetic composite for the treatment of growth plate injuries in a rabbit model.,2022.0,NPJ Regenerative medicine,FULL_TEXT_VERIFIED,body,This increased bone elongation may be a result of the 3D print alone acting as an interpositional material limiting bony tethering and providing improved mechanical support compared to the other treatments.,,poly(ethylene glycol),mouse,in vivo,6-week-old; 9-week-old,True,False,,,,,False,True,False,False,0.0,False
36261516.0,PMC9581903,10.1038/s41536-022-00256-1,A 3D printed mimetic composite for the treatment of growth plate injuries in a rabbit model.,2022.0,NPJ Regenerative medicine,FULL_TEXT_VERIFIED,body,Future studies with earlier time points and an unfilled 3D print could help elucidate the origin of the cartilaginous tissue and the mechanism that led to greater bone elongation with the 3D printed growth plate mimetic composite.,,poly(ethylene glycol),mouse,in vivo,6-week-old; 9-week-old,True,False,,,,,False,True,False,False,0.0,False
36261516.0,PMC9581903,10.1038/s41536-022-00256-1,A 3D printed mimetic composite for the treatment of growth plate injuries in a rabbit model.,2022.0,NPJ Regenerative medicine,FULL_TEXT_VERIFIED,body,Tibial length was measured as the distance between the tibial distal growth plate and the proximal tibial plateau at 50% of the full width.,,poly(ethylene glycol),mouse,in vivo,6-week-old; 9-week-old,False,False,50,,,,False,True,False,False,0.3,False
36261516.0,PMC9581903,10.1038/s41536-022-00256-1,A 3D printed mimetic composite for the treatment of growth plate injuries in a rabbit model.,2022.0,NPJ Regenerative medicine,FULL_TEXT_VERIFIED,caption,"Overview of the clinical problem of growth plate injury and the use of a 3D printed growth plate mimetic composite as a solution.a Schematic of uniform bone elongation in a normal proximal tibial growth plate (left), which can be disrupted by a growth plate injury (center), and lead to partial or complete growth arrest due to bony bar formation (right). b Schematic of the implanted 3D printed growth plate mimetic composite (gel + 3D print) after resection of the bony bar. The composite contains a 3D print infilled with the MMP-sensitive, cartilage-mimetic, PEG-based hydrogel (Gel). The hydrogel components are shown on the right.",,poly(ethylene glycol),mouse,in vivo,6-week-old; 9-week-old,False,True,,,,,False,True,False,False,0.0,False
36261516.0,PMC9581903,10.1038/s41536-022-00256-1,A 3D printed mimetic composite for the treatment of growth plate injuries in a rabbit model.,2022.0,NPJ Regenerative medicine,FULL_TEXT_VERIFIED,caption,"3D printed growth plate mimetic composite promotes increased bone elongation.a Representative radiograph showing the method for measuring tibial length (L) and tibial angle (α). b Tibial length change for the control limbs (dashed) and treatment limbs (solid bars) at 4- and 8-weeks post treatment. While there was no difference in tibial length change amongst the control limbs, the gel + 3D print condition had significantly more tibial growth compared to other treatments. Data represent mean ± standard deviation (error bars). *Denotes significant difference in tibial length change of treatment limbs (*p < 0.05, ***p < 0.001; two-way ANOVA, Tukey’s HSD post hoc). c Tibial angle of control limbs (dashed) was similar, as were the tibial angles of the treatment limbs (solid bars) across groups. Data represent mean ± standard deviation (error bars).",,poly(ethylene glycol),mouse,in vivo,6-week-old; 9-week-old,True,False,,,,,True,True,False,False,0.4,False
37808400.0,PMC10556264,10.1002/jbm4.10802,"Substantially Delayed Maturation of Growth Plate Chondrocytes in ""Humanized"" <i>PTH1R</i> Mice with the H223R Mutation of Jansen's Disease.",2023.0,JBMR plus,FULL_TEXT_VERIFIED,body,"The PTH1R is a class B G protein‐coupled receptor (GPCR) that is abundantly expressed in kidney and bone and at very high levels in the metaphyseal growth plates.( 11 ) In the growth plates, paracrine activation of the PTH1R by PTHrP slows the differentiation of chondrocytes, thereby preventing premature growth plate closure and allowing normal bone elongation.( 12 ) In bone, endocrine activation of the PTH1R by PTH directly stimulates osteoblasts and osteocytes, which in turn regulates osteoclasts indirectly through the RANK/RANKL system,( 13 ) to promote bone resorption and, thus, calcium mobilization.",calcium,calcium; phosphate,mouse,in vivo,E14; postnatal day 1; postnatal day 12; postnatal day 27,True,False,,,,,False,True,False,True,0.2,False
37808400.0,PMC10556264,10.1002/jbm4.10802,"Substantially Delayed Maturation of Growth Plate Chondrocytes in ""Humanized"" <i>PTH1R</i> Mice with the H223R Mutation of Jansen's Disease.",2023.0,JBMR plus,FULL_TEXT_VERIFIED,body,"Treatment of these mice with a PTH inverse agonist reduces excess trabecular bone formation and moderately improves bone length and shape.( 23 ) A limitation of that prior study, however, is that C1‐HR mice express the H223R‐PTH1R mainly in bone‐forming osteoblasts and thus do not accurately recapitulate the main phenotypic hallmarks of JMC.",,calcium; phosphate,mouse,in vivo,E14; postnatal day 1; postnatal day 12; postnatal day 27,True,True,,,,,False,True,False,True,0.0,False
37808400.0,PMC10556264,10.1002/jbm4.10802,"Substantially Delayed Maturation of Growth Plate Chondrocytes in ""Humanized"" <i>PTH1R</i> Mice with the H223R Mutation of Jansen's Disease.",2023.0,JBMR plus,FULL_TEXT_VERIFIED,body,"A μCT image that was obtained of a femur from a 42‐day‐old male mouse with the H223R mutation showed a markedly reduced length and an abnormal shape, as compared to the same bone from a homozygous wt‐Pth1r/wt‐Pth1r male littermate of the same age (Fig.",,calcium; phosphate,mouse,in vivo,E14; postnatal day 1; postnatal day 12; postnatal day 27,False,True,,,,,False,True,False,True,0.0,False
35949366.0,PMC9354945,10.17925/ee.2022.18.1.49,Novel Insights Into the Genetic Causes of Short Stature in Children.,2022.0,TouchREVIEWS in endocrinology,FULL_TEXT_VERIFIED,body,Endochondral ossification occurs into the growth plate and promotes bone elongation.,,,human,,,True,False,,,,,False,True,False,False,0.0,False
35949366.0,PMC9354945,10.17925/ee.2022.18.1.49,Novel Insights Into the Genetic Causes of Short Stature in Children.,2022.0,TouchREVIEWS in endocrinology,FULL_TEXT_VERIFIED,body,"It also decreases proliferation of both the proliferative zone and the matrix.48 Therefore, the activation of FGFR-3 suppresses long-bone elongation, and consequently induces skeletal dysplasia (Figure 2).",,,human,,,False,True,,,,,False,True,False,False,0.0,False
30794654.0,PMC6386482,10.1371/journal.pone.0212680,ASB20123: A novel C-type natriuretic peptide derivative for treatment of growth failure and dwarfism.,2019.0,PloS one,FULL_TEXT_VERIFIED,body,These results indicated that the pharmacological effects of ASB20123 were specific to long bone elongation via stimulation of endochondral ossification.,ASB20123,ASB20123,mouse,in vivo,3-week-old; 7-week-old; 8-week-old,True,False,,,,,False,True,False,True,0.2,False
29199951.0,PMC5745078,10.7554/elife.31343,Dephosphorylation of the NPR2 guanylyl cyclase contributes to inhibition of bone growth by fibroblast growth factor.,2017.0,eLife,FULL_TEXT_VERIFIED,body,"Here, we show that bone elongation is increased when NPR2 cannot be dephosphorylated and thus produces more cyclic GMP.",cyclic GMP,cyclic GMP,mouse,in vivo,10 day old; 4 day old,True,False,,,,,False,True,False,True,0.2,False
29199951.0,PMC5745078,10.7554/elife.31343,Dephosphorylation of the NPR2 guanylyl cyclase contributes to inhibition of bone growth by fibroblast growth factor.,2017.0,eLife,FULL_TEXT_VERIFIED,body,"One such regulator is the natriuretic peptide-stimulated guanylyl cyclase, natriuretic peptide receptor 2 (NPR2), also known as guanylyl cyclase B, which is found in growth plate chondrocytes and promotes bone elongation (Yasoda et al., 1998;",,cyclic GMP,mouse,in vivo,10 day old; 4 day old,True,False,,,,,False,True,False,True,0.0,False
29199951.0,PMC5745078,10.7554/elife.31343,Dephosphorylation of the NPR2 guanylyl cyclase contributes to inhibition of bone growth by fibroblast growth factor.,2017.0,eLife,FULL_TEXT_VERIFIED,body,"Another essential regulator of bone elongation is FGF receptor 3 (FGFR3); activating mutations of FGFR3 inhibit bone growth, causing achondroplasia, in which human height is reduced by ~25% (Horton et al., 1978;",,cyclic GMP,mouse,in vivo,10 day old; 4 day old,False,True,25,,,,False,True,False,True,0.3,False
29199951.0,PMC5745078,10.7554/elife.31343,Dephosphorylation of the NPR2 guanylyl cyclase contributes to inhibition of bone growth by fibroblast growth factor.,2017.0,eLife,FULL_TEXT_VERIFIED,body,"Intriguingly, the greatly reduced bone length seen with activating mutations of FGFR3, resembles that seen with inactivating mutations of NPR2, and activation of NPR2 by increasing CNP opposes the decrease in bone growth caused by activating mutations of FGFR3 (Yasoda et al., 2004;",,cyclic GMP,mouse,in vivo,10 day old; 4 day old,True,True,,,,,False,True,False,True,0.0,False
29199951.0,PMC5745078,10.7554/elife.31343,Dephosphorylation of the NPR2 guanylyl cyclase contributes to inhibition of bone growth by fibroblast growth factor.,2017.0,eLife,FULL_TEXT_VERIFIED,body,"Likewise, the increased bone length seen with mice lacking FGFR3 resembles that seen with activating mutations of NPR2 (Miura et al., 2012;",,cyclic GMP,mouse,in vivo,10 day old; 4 day old,True,False,,,,,False,True,False,True,0.0,False
29199951.0,PMC5745078,10.7554/elife.31343,Dephosphorylation of the NPR2 guanylyl cyclase contributes to inhibition of bone growth by fibroblast growth factor.,2017.0,eLife,FULL_TEXT_VERIFIED,body,"The increases in body and bone length, which resulted from an inability of NPR2 to be inactivated by dephosphorylation, phenocopied those previously reported for mice in which NPR2 activity was increased by overexpression of the NPR2 agonist CNP or by an activating mutation in the NPR2 guanylyl cyclase domain (Yasoda et al., 2004;",,cyclic GMP,mouse,in vivo,10 day old; 4 day old,True,False,,,,,False,True,False,True,0.0,False
29199951.0,PMC5745078,10.7554/elife.31343,Dephosphorylation of the NPR2 guanylyl cyclase contributes to inhibition of bone growth by fibroblast growth factor.,2017.0,eLife,FULL_TEXT_VERIFIED,body,"However, when bones of newborn mice were placed in culture, the rate of bone elongation over a 6 day period was reduced if the Npr2 gene was disrupted (Tamura et al., 2004).",,cyclic GMP,mouse,in vivo,10 day old; 4 day old,False,True,,,,,False,True,False,True,0.0,False
29199951.0,PMC5745078,10.7554/elife.31343,Dephosphorylation of the NPR2 guanylyl cyclase contributes to inhibition of bone growth by fibroblast growth factor.,2017.0,eLife,FULL_TEXT_VERIFIED,body,"Correspondingly, when cultured in the presence of 1 μM CNP and measured over a period of 6 days, the rate of bone elongation was greater for Npr27E/7E compared with wild type tibia (Figure 2A,D;",,cyclic GMP,mouse,in vivo,10 day old; 4 day old,True,False,,1 μM,,,False,True,False,True,0.0,False
29199951.0,PMC5745078,10.7554/elife.31343,Dephosphorylation of the NPR2 guanylyl cyclase contributes to inhibition of bone growth by fibroblast growth factor.,2017.0,eLife,FULL_TEXT_VERIFIED,body,"44 wild type and 79 Npr27E/7E bones were measured. (D,E) Rates of bone elongation in the presence of 1 μM CNP. (D) shows the elongation rate of the entire bone, and E shows the elongation rate of the proximal epiphysis.",,cyclic GMP,mouse,in vivo,10 day old; 4 day old,False,False,,1 μM,,,False,True,False,True,0.0,False
29199951.0,PMC5745078,10.7554/elife.31343,Dephosphorylation of the NPR2 guanylyl cyclase contributes to inhibition of bone growth by fibroblast growth factor.,2017.0,eLife,FULL_TEXT_VERIFIED,body,"Firstly, our results indicate that phosphorylation of the NPR2 guanylyl cyclase promotes bone elongation; this conclusion is based on our finding that a mutation that prevents NPR2 dephosphorylation results in longer bones.",,cyclic GMP,mouse,in vivo,10 day old; 4 day old,True,False,,,,,False,True,False,True,0.0,False
29199951.0,PMC5745078,10.7554/elife.31343,Dephosphorylation of the NPR2 guanylyl cyclase contributes to inhibition of bone growth by fibroblast growth factor.,2017.0,eLife,FULL_TEXT_VERIFIED,body,"Secondly, our results indicate that part of the mechanism by which FGF signaling inhibits bone elongation is by decreasing NPR2 phosphorylation and activity.",,cyclic GMP,mouse,in vivo,10 day old; 4 day old,False,True,,,,,False,True,False,True,0.0,False
29199951.0,PMC5745078,10.7554/elife.31343,Dephosphorylation of the NPR2 guanylyl cyclase contributes to inhibition of bone growth by fibroblast growth factor.,2017.0,eLife,FULL_TEXT_VERIFIED,body,"Deng et al., 1996) show a greater increase in bone length (~7–40%) than we report here for mice with the mutation that prevents dephosphorylation of NPR2 (8–14%), consistent with previous studies identifying multiple mechanisms by which FGF signaling opposes bone elongation (Ornitz and Legeai-Mallet, 2017).",,cyclic GMP,mouse,in vivo,10 day old; 4 day old,True,False,40; 14,,,,False,True,False,True,0.3,False
29199951.0,PMC5745078,10.7554/elife.31343,Dephosphorylation of the NPR2 guanylyl cyclase contributes to inhibition of bone growth by fibroblast growth factor.,2017.0,eLife,FULL_TEXT_VERIFIED,body,"An important pathway by which FGFR3 signaling decreases bone elongation is by activation of MAP kinase (see Ornitz and Legeai-Mallet, 2017).",,cyclic GMP,mouse,in vivo,10 day old; 4 day old,False,True,,,,,False,True,False,True,0.0,False
29199951.0,PMC5745078,10.7554/elife.31343,Dephosphorylation of the NPR2 guanylyl cyclase contributes to inhibition of bone growth by fibroblast growth factor.,2017.0,eLife,FULL_TEXT_VERIFIED,body,"An important pathway by which NPR2 guanylyl cyclase activity increases bone elongation is by elevating cGMP and activating the cGMP-dependent protein kinase PRKG2 (Pfeifer et al., 1996;",,cyclic GMP,mouse,in vivo,10 day old; 4 day old,True,False,,,,,False,True,False,True,0.0,False
29199951.0,PMC5745078,10.7554/elife.31343,Dephosphorylation of the NPR2 guanylyl cyclase contributes to inhibition of bone growth by fibroblast growth factor.,2017.0,eLife,FULL_TEXT_VERIFIED,body,"One consequence of PRKG2 kinase activation is to inhibit MAPK (solid blue line), with the net effect of increasing bone elongation.",,cyclic GMP,mouse,in vivo,10 day old; 4 day old,True,True,,,,,False,True,False,True,0.0,False
29199951.0,PMC5745078,10.7554/elife.31343,Dephosphorylation of the NPR2 guanylyl cyclase contributes to inhibition of bone growth by fibroblast growth factor.,2017.0,eLife,FULL_TEXT_VERIFIED,body,"By causing dephosphorylation of NPR2, FGF signaling reduces cGMP production, thus opposing bone elongation.",,cyclic GMP,mouse,in vivo,10 day old; 4 day old,False,True,,,,,False,True,False,True,0.0,False
29199951.0,PMC5745078,10.7554/elife.31343,Dephosphorylation of the NPR2 guanylyl cyclase contributes to inhibition of bone growth by fibroblast growth factor.,2017.0,eLife,FULL_TEXT_VERIFIED,body,"Ongoing clinical trials have shown that in patients with achondroplasia, in which skeletal dysplasia is caused by a constitutively active form of FGFR3, stimulation of NPR2 by subcutaneous injection of a hydrolysis-resistant analog of CNP increases bone length (Klag and Horton, 2016).",,cyclic GMP,mouse,in vivo,10 day old; 4 day old,True,False,,,,,False,True,False,True,0.0,False
29199951.0,PMC5745078,10.7554/elife.31343,Dephosphorylation of the NPR2 guanylyl cyclase contributes to inhibition of bone growth by fibroblast growth factor.,2017.0,eLife,FULL_TEXT_VERIFIED,body,"Thus, part of the mechanism by which FGF signaling inhibits bone elongation is through decreasing NPR2 activity.",,cyclic GMP,mouse,in vivo,10 day old; 4 day old,False,True,,,,,False,True,False,True,0.0,False
29199951.0,PMC5745078,10.7554/elife.31343,Dephosphorylation of the NPR2 guanylyl cyclase contributes to inhibition of bone growth by fibroblast growth factor.,2017.0,eLife,FULL_TEXT_VERIFIED,body,"While the authors point out that mutations in NPR2 result in a human form of dwarfism, the effects on bone length that they see in the mouse with the NPR2 phospho mimic mutant (~8-14%) are perhaps smaller than one might expect if the mouse model recapitulates the human condition.",,cyclic GMP,mouse,in vivo,10 day old; 4 day old,False,False,14,,,,False,True,False,True,0.3,False
29199951.0,PMC5745078,10.7554/elife.31343,Dephosphorylation of the NPR2 guanylyl cyclase contributes to inhibition of bone growth by fibroblast growth factor.,2017.0,eLife,FULL_TEXT_VERIFIED,body,"Interesting that the tail length seems to dramatically increase between 3 and 6 weeks, does this mean there is normally a post-natal window during which cGMP levels matter? Authors indicate that NPR2 activity is not required for prenatal bone elongation, but do they have any idea what is happening during that first postnatal period?",,cyclic GMP,mouse,in vivo,10 day old; 4 day old,True,False,,,,,False,True,False,True,0.0,False
29199951.0,PMC5745078,10.7554/elife.31343,Dephosphorylation of the NPR2 guanylyl cyclase contributes to inhibition of bone growth by fibroblast growth factor.,2017.0,eLife,FULL_TEXT_VERIFIED,body,"While the authors point out that mutations in NPR2 result in a human form of dwarfism, the effects on bone length that they see in the mouse with the NPR2 phospho mimic mutant (~8-14%) are perhaps smaller than one might expect if the mouse model recapitulates the human condition.",,cyclic GMP,mouse,in vivo,10 day old; 4 day old,False,False,14,,,,False,True,False,True,0.3,False
29199951.0,PMC5745078,10.7554/elife.31343,Dephosphorylation of the NPR2 guanylyl cyclase contributes to inhibition of bone growth by fibroblast growth factor.,2017.0,eLife,FULL_TEXT_VERIFIED,body,"Like the human NPR2 mutation that increases NPR2 activity and bone growth, the Npr27E/7E genotype has a relatively modest effect on bone length.",,cyclic GMP,mouse,in vivo,10 day old; 4 day old,True,False,,,,,False,True,False,True,0.0,False
29199951.0,PMC5745078,10.7554/elife.31343,Dephosphorylation of the NPR2 guanylyl cyclase contributes to inhibition of bone growth by fibroblast growth factor.,2017.0,eLife,FULL_TEXT_VERIFIED,body,"Interesting that the tail length seems to dramatically increase between 3 and 6 weeks, does this mean there is normally a post-natal window during which cGMP levels matter? Authors indicate that NPR2 activity is not required for prenatal bone elongation, but do they have any idea what is happening during that first postnatal period?",,cyclic GMP,mouse,in vivo,10 day old; 4 day old,True,False,,,,,False,True,False,True,0.0,False
29199951.0,PMC5745078,10.7554/elife.31343,Dephosphorylation of the NPR2 guanylyl cyclase contributes to inhibition of bone growth by fibroblast growth factor.,2017.0,eLife,FULL_TEXT_VERIFIED,caption,"Mutation of the seven regulatory serines and threonines of NPR2 to glutamates increases bone length.(A) Regulation of NPR2 activity by the phosphorylation state of the seven juxtamembrane serines and threonines on each NPR2 monomer. Purple dots represent phosphates on these serines and threonines. Red lines represent glutamates that are substituted for the serines and threonines. (B) Npr27E/7E mice have longer tails. Measurements were made from 17 to 19 live mice of each genotype. (C) X-rays of representative tails from mice euthanized at 18 weeks of age. (D) Increased CA5 vertebra length in Npr27E/7E mice compared with wild type, determined from x-ray measurements of tails at 18 weeks of age (10–13 mice of each genotype). (E,F) Longer femurs (E) and tibias (F) in Npr27E/7E vs wild type mice. (G) Increased body length in Npr27E/7E vs wild type mice. (H) No difference in cranial width com",,cyclic GMP,mouse,in vivo,10 day old; 4 day old,True,False,,,,,False,True,False,True,0.0,False
29199951.0,PMC5745078,10.7554/elife.31343,Dephosphorylation of the NPR2 guanylyl cyclase contributes to inhibition of bone growth by fibroblast growth factor.,2017.0,eLife,FULL_TEXT_VERIFIED,caption,"Npr27E/7E mice have longer bones due to a direct effect on the bone.(A) Representative wild type and Npr27E/7E tibia from 3 to 4 day old mice, cultured in vitro for 6 days in the presence of 1 μM CNP. (B) Diagram showing the methods of measurement, and the position of the growth plates. Graphs C,D, and F depict measurements of the sum of the three indicated lengths: the proximal epiphysis (left), the calcified ossification center, and the distal epiphysis (right). Graphs E and G depict measurements of the length of the proximal epiphysis only. For graphs D-G, the elongation rate was determined by subtracting the length at day 0 from the length at day 6, and dividing by 6 days. (C) Tibia length immediately after dissection. 44 wild type and 79 Npr27E/7E bones were measured. (D,E) Rates of bone elongation in the presence of 1 μM CNP. (D) shows the elongation rate of the entire bone, and E ",,cyclic GMP,mouse,in vivo,10 day old; 4 day old,True,False,,1 μM; 1 μM,,,False,True,False,True,0.0,False
29199951.0,PMC5745078,10.7554/elife.31343,Dephosphorylation of the NPR2 guanylyl cyclase contributes to inhibition of bone growth by fibroblast growth factor.,2017.0,eLife,FULL_TEXT_VERIFIED,caption,"A working model of the crosstalk between NPR2 and FGFR3 signaling pathways in regulating bone elongation, emphasizing the dephosphorylation and inactivation of NPR2 in response to FGFR3 signaling (orange box).This diagram shows only some aspects of FGFR3 signaling in the growth plate; see Karuppaiah et al. (2016) and Ornitz and Legeai-Mallet (2017) for current models showing other components as well. Our findings indicate that FGF activation of its receptor FGFR3 acts by way of a PPP family phosphatase to decrease the phosphorylation and activity of the NPR2 guanylyl cyclase, thus reducing production of cGMP. Cyclic GMP increases bone growth by activating the cGMP-dependent protein kinase PRKG2. FGFR3 also acts by way of the mitogen-activated protein kinase (MAPK) to oppose bone elongation. One consequence of PRKG2 kinase activation is to inhibit MAPK (solid blue line), with the net effe",cyclic GMP,cyclic GMP,mouse,in vivo,10 day old; 4 day old,True,True,,,,,False,True,False,True,0.2,False
31371388.0,PMC6719459,10.1083/jcb.201906059,Metalloprotease inhibitor TIMP proteins control FGF-2 bioavailability and regulate skeletal growth.,2019.0,The Journal of cell biology,FULL_TEXT_VERIFIED,body,"In humans, the combined length of femur plus tibia is ∼50% of total stature, which is biomechanically efficient for a striding bipedal gait (Bogin and Varela-Silva, 2010).",,,mouse,tibia/femur organ culture,E13.5; E15; E15.5; E17.5,False,False,50,,,,False,True,False,False,0.3,False
31371388.0,PMC6719459,10.1083/jcb.201906059,Metalloprotease inhibitor TIMP proteins control FGF-2 bioavailability and regulate skeletal growth.,2019.0,The Journal of cell biology,FULL_TEXT_VERIFIED,body,TIMP-deficient groups showed a small reduction in rib cage and tibial length at embryonic day 17.5 (E17.5;,,,mouse,tibia/femur organ culture,E13.5; E15; E15.5; E17.5,False,True,,,,,False,True,False,False,0.0,False
31371388.0,PMC6719459,10.1083/jcb.201906059,Metalloprotease inhibitor TIMP proteins control FGF-2 bioavailability and regulate skeletal growth.,2019.0,The Journal of cell biology,FULL_TEXT_VERIFIED,body,"C-QT3+/− partially rescued the shortened QT3+/− femur length, but J-QT3+/− mice could not.",,,mouse,tibia/femur organ culture,E13.5; E15; E15.5; E17.5,True,False,,,,,False,True,False,False,0.0,False
31371388.0,PMC6719459,10.1083/jcb.201906059,Metalloprotease inhibitor TIMP proteins control FGF-2 bioavailability and regulate skeletal growth.,2019.0,The Journal of cell biology,FULL_TEXT_VERIFIED,body,"Surprisingly, the Jaffa mutation rescued the tibia but not the femur length (Fig.",,,mouse,tibia/femur organ culture,E13.5; E15; E15.5; E17.5,True,False,,,,,False,True,False,False,0.0,False
31371388.0,PMC6719459,10.1083/jcb.201906059,Metalloprotease inhibitor TIMP proteins control FGF-2 bioavailability and regulate skeletal growth.,2019.0,The Journal of cell biology,FULL_TEXT_VERIFIED,body,The differential rescue of chondrocyte organization by the Chloe and Jaffa mutations corresponded to the recovery in bone lengths in those mice (Fig.,,,mouse,tibia/femur organ culture,E13.5; E15; E15.5; E17.5,True,False,,,,,False,True,False,False,0.0,False
31371388.0,PMC6719459,10.1083/jcb.201906059,Metalloprotease inhibitor TIMP proteins control FGF-2 bioavailability and regulate skeletal growth.,2019.0,The Journal of cell biology,FULL_TEXT_VERIFIED,body,Scale bar = 10 mm. (B) Cartoon depicting the effect of aggrecan cleavage by MMPs on bone length.,,,mouse,tibia/femur organ culture,E13.5; E15; E15.5; E17.5,False,False,,10 mm,,,False,True,False,False,0.0,False
31371388.0,PMC6719459,10.1083/jcb.201906059,Metalloprotease inhibitor TIMP proteins control FGF-2 bioavailability and regulate skeletal growth.,2019.0,The Journal of cell biology,FULL_TEXT_VERIFIED,body,"The unleashed metalloproteases resulted in closure of both femoral and tibial growth plates through bone bridges, although a lower ratio of femur:tibia length indicated a greater sensitivity of the femur growth plate to metalloprotease degradation.",,,mouse,tibia/femur organ culture,E13.5; E15; E15.5; E17.5,True,False,,,,,False,True,False,False,0.0,False
31371388.0,PMC6719459,10.1083/jcb.201906059,Metalloprotease inhibitor TIMP proteins control FGF-2 bioavailability and regulate skeletal growth.,2019.0,The Journal of cell biology,FULL_TEXT_VERIFIED,body,"MMP-resistant aggrecan rescued chondrocyte/FGF2 organization, growth plate integrity, and bone length in both femur and tibia of C-QT3+/− mice, while only the tibial cartilage was rescued in the ADAMTS-resistant J-QT3+/− mice.",,,mouse,tibia/femur organ culture,E13.5; E15; E15.5; E17.5,True,False,,,,,False,True,True,False,0.0,False
31371388.0,PMC6719459,10.1083/jcb.201906059,Metalloprotease inhibitor TIMP proteins control FGF-2 bioavailability and regulate skeletal growth.,2019.0,The Journal of cell biology,FULL_TEXT_VERIFIED,caption,"Growth plate closure in different combination of TIMP knockouts. (A) Micro-CT images of 4-wk-old WT and QT knee joint. QT mice exhibit growth plate closure in the tibia and femur (upper and middle panels; cross section view; red arrow). High-resolution micro-CT images demonstrating growth plate closure in QT tibiae (yellow arrow; lower panel). (B) Femurs stained with H&E (right panel) and safranin-O (left panel) from 10-wk-old mice. WT mice retain an intact growth plate; QT3+/− cartilage is bridged by bone in several locations (black arrow), and only small islands of bone-encased cartilage remain in QT3+/− and QT bone (yellow arrow), as shown at higher magnification (*) on right panel. (C) H&E-stained tibiae of 16-d WT and QT mice. Upper panels indicate impaired secondary ossification center (arrow) and flattened growth plate (*) in QT tibia. Enlarged view in lower panels indicates that ",,,mouse,tibia/femur organ culture,E13.5; E15; E15.5; E17.5,False,True,,,,,False,True,False,False,0.0,False
31371388.0,PMC6719459,10.1083/jcb.201906059,Metalloprotease inhibitor TIMP proteins control FGF-2 bioavailability and regulate skeletal growth.,2019.0,The Journal of cell biology,FULL_TEXT_VERIFIED,caption,"Metalloprotease-resistant aggrecan rescues long bone proportionality. (A) Structure of aggrecan and the Chloe/Jaffa knock-in mutation. The aggrecan protein core (gray) contains three globular regions (G1–G3) and has ∼100 glycosaminoglycan chains (purple) attached. MMP and ADAMTS cleavage sites are indicated by black arrows. Disruption of specific cleavage sites by knock-in mutations are indicated by an x. Schematic of breeding strategies to generate J-QT3+/− and C-QT3+/− mice. CS1, chondroitin sulfate domain 1; CS2, chondroitin sulfate domain 2; KS, keratan sulfate. (B) Representative micro-CT images used to measure the length of sternum, the spine, and the leg bones of 8-wk old WT, QT3+/−, C-QT3+/−, and J-QT3+/−. Sternum (upper panel), spine (middle panel), and leg bones (lower panel). Arrows indicate measurements as described in legend of Fig. 1 H. (C) Quantification of axial and appen",,,mouse,tibia/femur organ culture,E13.5; E15; E15.5; E17.5,True,True,,50 µm,,5,True,True,False,False,0.4,False
31371388.0,PMC6719459,10.1083/jcb.201906059,Metalloprotease inhibitor TIMP proteins control FGF-2 bioavailability and regulate skeletal growth.,2019.0,The Journal of cell biology,FULL_TEXT_VERIFIED,caption,"Protease-mediated FGF-2 release and body stature. (A) Whole-body micro-CT images of 8-wk-old WT, QT, QT3+/−, J-QT3+/−, and C-QT3+/− mice. Images allow comparison of disproportion in the femur and tibia lengths, sternum, and spine curvature among different genotypes (yellow line, length of sternum; orange line, extent of kyphosis; blue line, femur length). Scale bar = 10 mm. (B) Cartoon depicting the effect of aggrecan cleavage by MMPs on bone length. The lack of MMP regulation by TIMPs (excess MMP activity) results in growth plate aberrations in the long bones, while the lack of MMP processing has the profound effect of shortening the sternum. (C) Distal femoral head explant culture to determine FGF-2 level by ELISA on the femoral distal head culture supernatant of WT (n = 10), QT3+/− (n = 4), J-QT3+/− (n = 3), and C-QT3+/− (n = 5) mice. Reduction of FGF-2 release from contralateral femo",,,mouse,tibia/femur organ culture,E13.5; E15; E15.5; E17.5,False,True,,10 mm,,10; 4; 3,True,True,False,False,0.4,False
39767569.0,PMC11727353,10.3390/biomedicines12122662,The Crosstalk Between Cartilage and Bone in Skeletal Growth.,2024.0,Biomedicines,FULL_TEXT_VERIFIED,body,"Through this coordinated effort between chondrocytes, osteoblasts, osteoclasts, and endothelial cells, the growth plate promotes bone elongation, ensuring proper skeletal development.",,,mouse,,p38,True,False,,,,,False,True,False,False,0.0,False
39767569.0,PMC11727353,10.3390/biomedicines12122662,The Crosstalk Between Cartilage and Bone in Skeletal Growth.,2024.0,Biomedicines,FULL_TEXT_VERIFIED,body,"This misalignment can result in abnormal bone elongation and potentially shorter bones, as the structure of the GP is essential for directional growth.",,,mouse,,p38,False,True,,,,,False,True,False,False,0.0,False
39767569.0,PMC11727353,10.3390/biomedicines12122662,The Crosstalk Between Cartilage and Bone in Skeletal Growth.,2024.0,Biomedicines,FULL_TEXT_VERIFIED,body,Osteoclasts break down the newly formed bone to open up the medullary cavity and trabecular formation promotes bone length.,,,mouse,,p38,True,False,,,,,False,True,False,False,0.0,False
39767569.0,PMC11727353,10.3390/biomedicines12122662,The Crosstalk Between Cartilage and Bone in Skeletal Growth.,2024.0,Biomedicines,FULL_TEXT_VERIFIED,body,"By regulating both cartilage expansion and bone remodeling, these pathways ensure that the growth plate functions effectively, converting cartilage into bone to promote longitudinal growth.",,,mouse,,p38,True,False,,,,,False,True,False,False,0.0,False
32144686.0,PMC7098936,10.1007/s10354-020-00741-6,New developments in the management of achondroplasia.,2020.0,Wiener medizinische Wochenschrift (1946),FULL_TEXT_VERIFIED,body,"BMN111 treatment in the Fgfr3(Y367C/+) mouse model led to a significant recovery of bone growth, with an increase in axial and appendicular skeleton lengths, improvements in dwarfism-related clinical features such as flattening of the skull, reduced crossbite, straightening of tibiae and femora, and correction of the growth plate defect.",,,mouse,in vivo,,True,True,,,,,False,True,False,True,0.0,False
34884458.0,PMC8658023,10.3390/ijms222312651,Bone Biomarkers in Mucopolysaccharidoses.,2021.0,International journal of molecular sciences,FULL_TEXT_VERIFIED,table,"Table 1Summary of GAG accumulation and bone findings in each type of MPS. Accumulating GAGsBone Finding in Previous Reports MPS I Heparan sulfate,Dermatan sulfate•Growth plate chondrocyte vacuolation•Failure of endochondral ossification [28]•Disorganized columnar structure [33] MPS II Heparan sulfate,Dermatan sulfate•Failure of endochondral ossification [28]•FGF signaling deregulation during bone development [31]•Reduced calcification [28] MPS IIIA Heparan sulfate•Reduced calcification [28]•Chondrocyte vacuolation [41] MPS IVA Keratan sulfateChondroitin-6 sulfate•Large, abnormal and vacuolated cartilage cells [28]•Failure of endochondral ossification [28]•Disorganized columnar structure [28]•Reduced calcification [28] MPS VI Dermatan sulfateChondroitin-4 sulfate•Growth plate chondrocyte vacuolation [34,35]•Failure of endochondral ossification [28]•Reduced calcification [28] MPS VII Hepar",GAGs,GAGs; glycosaminoglycans,mouse,,,False,True,,,,,False,True,False,False,0.2,False
34884458.0,PMC8658023,10.3390/ijms222312651,Bone Biomarkers in Mucopolysaccharidoses.,2021.0,International journal of molecular sciences,FULL_TEXT_VERIFIED,table,"Accumulating GAGsBone Finding in Previous Reports MPS I Heparan sulfate,Dermatan sulfate•Growth plate chondrocyte vacuolation•Failure of endochondral ossification [28]•Disorganized columnar structure [33] MPS II Heparan sulfate,Dermatan sulfate•Failure of endochondral ossification [28]•FGF signaling deregulation during bone development [31]•Reduced calcification [28] MPS IIIA Heparan sulfate•Reduced calcification [28]•Chondrocyte vacuolation [41] MPS IVA Keratan sulfateChondroitin-6 sulfate•Large, abnormal and vacuolated cartilage cells [28]•Failure of endochondral ossification [28]•Disorganized columnar structure [28]•Reduced calcification [28] MPS VI Dermatan sulfateChondroitin-4 sulfate•Growth plate chondrocyte vacuolation [34,35]•Failure of endochondral ossification [28]•Reduced calcification [28] MPS VII Heparan sulfate,Dermatan sulfate,Chondroitin-4 sulfateChondroitin-6 sulfate•Gro",GAGs,GAGs; glycosaminoglycans,mouse,,,False,True,,,,,False,True,False,False,0.2,False
26896819.0,PMC4992469,10.1002/jbmr.2820,Palovarotene Inhibits Heterotopic Ossification and Maintains Limb Mobility and Growth in Mice With the Human ACVR1(R206H) Fibrodysplasia Ossificans Progressiva (FOP) Mutation.,2016.0,Journal of bone and mineral research : the official journal of the American Society for Bone and Mineral Research,FULL_TEXT_VERIFIED,body,Long bone elongation was significantly impaired in Prrx1-R206H mice (Fig.,,Palovarotene; palovarotene,mouse,in vivo,14 day old; 14-day-old; 2-week-old; 30-day-old,False,True,,,,,False,True,False,False,0.0,False
26896819.0,PMC4992469,10.1002/jbmr.2820,Palovarotene Inhibits Heterotopic Ossification and Maintains Limb Mobility and Growth in Mice With the Human ACVR1(R206H) Fibrodysplasia Ossificans Progressiva (FOP) Mutation.,2016.0,Journal of bone and mineral research : the official journal of the American Society for Bone and Mineral Research,FULL_TEXT_VERIFIED,body,"Long bone elongation is impaired by expression of Acvr1cR206H in Prrx1+ cells. (A) Hindlimb skeletons from 5-day-old (P5) control and mutant mice were stained to detect cartilage (Alcian blue) and bone (Alizarin red) (n=3 mice per group). (B) Lengths of bones in forelimbs (humerus, radius) and hindlimbs (femur, tibia) were quantified in control (red bars) and mutant (blue bars) mice (n=3 mice per group). (C, D) Proximal region of P7 tibias from control (C, right panel) and mutant (C, left panel) mice were stained with Alcian blue, Orange G, and eosin.",,Palovarotene; palovarotene,mouse,in vivo,14 day old; 14-day-old; 2-week-old; 30-day-old,False,True,,,,3; 3,False,True,False,False,0.0,False
26896819.0,PMC4992469,10.1002/jbmr.2820,Palovarotene Inhibits Heterotopic Ossification and Maintains Limb Mobility and Growth in Mice With the Human ACVR1(R206H) Fibrodysplasia Ossificans Progressiva (FOP) Mutation.,2016.0,Journal of bone and mineral research : the official journal of the American Society for Bone and Mineral Research,FULL_TEXT_VERIFIED,caption,"Long bone elongation is impaired by expression of Acvr1cR206H in Prrx1+ cells. (A) Hindlimb skeletons from 5-day-old (P5) control and mutant mice were stained to detect cartilage (Alcian blue) and bone (Alizarin red) (n=3 mice per group). (B) Lengths of bones in forelimbs (humerus, radius) and hindlimbs (femur, tibia) were quantified in control (red bars) and mutant (blue bars) mice (n=3 mice per group). (C, D) Proximal region of P7 tibias from control (C, right panel) and mutant (C, left panel) mice were stained with Alcian blue, Orange G, and eosin. Epiphyseal zones (EZ; black line) and hypertrophic zones (HZ; yellow line) are indicated in (C) and quantified in (D) (n=3 mice per group). Scale bar, 200 μm. Data shown are mean±SEM; statistics compared control vs. mutant using an unpaired t-test; **p<0.01, *p<0.05.",,Palovarotene; palovarotene,mouse,in vivo,14 day old; 14-day-old; 2-week-old; 30-day-old,False,True,,200 μm,,3; 3; 3,True,True,False,False,0.4,False
26896819.0,PMC4992469,10.1002/jbmr.2820,Palovarotene Inhibits Heterotopic Ossification and Maintains Limb Mobility and Growth in Mice With the Human ACVR1(R206H) Fibrodysplasia Ossificans Progressiva (FOP) Mutation.,2016.0,Journal of bone and mineral research : the official journal of the American Society for Bone and Mineral Research,FULL_TEXT_VERIFIED,caption,"Palovarotene preserves long bone growth and growth plate organization in Prrx1-R206H mice. (A) Control and mutant mice were treated with Palovarotene (drug) or vehicle from birth (P1) to 30 days of age and then examined by μCT analysis to visualize skeletons and heterotopic bone (arrows) (n= 6 mice per group). The observed spinal curvatures are an artifact of sample position in μCT tubes, not the result of defects in the spine. (B) Quantification of femur and tibia lengths by μCT imaging (n=6 mice per group). (C) Proximal tibial growth plates were stained with Alcian blue, Orange G, and eosin. Note that Alcian blue staining cartilage matrix is markedly reduced in drug-treated controls (second panel from right) but is preserved in drug-treated mutants (leftmost panel) (n=4 mice per group). Scale bar, 100 μm. (D) Quantification of upper zones and hypertrophic zones from histological analys",Palovarotene; palovarotene,Palovarotene; palovarotene,mouse,in vivo,14 day old; 14-day-old; 2-week-old; 30-day-old,False,True,,100 μm,,6; 6; 4,True,True,False,False,0.6000000000000001,False
37176035.0,PMC10178897,10.3390/ijms24098324,Prospects and Advances in Adoptive Natural Killer Cell Therapy for Unmet Therapeutic Needs in Pediatric Bone Sarcomas.,2023.0,International journal of molecular sciences,FULL_TEXT_VERIFIED,body,"These therapies can have long-term effects on bone growth, such as decreased bone mineral density and reduced longitudinal growth.",,,mouse,in vivo,p53,False,True,,,,,False,True,False,False,0.0,False
37176035.0,PMC10178897,10.3390/ijms24098324,Prospects and Advances in Adoptive Natural Killer Cell Therapy for Unmet Therapeutic Needs in Pediatric Bone Sarcomas.,2023.0,International journal of molecular sciences,FULL_TEXT_VERIFIED,body,"Methotrexate causes growth plate dysfunction, reducing the proliferation of chondrocytes and the amount of type II collagen, leading to apoptosis, which affects bone elongation [52].",,,mouse,in vivo,p53,False,True,,,,,False,True,False,False,0.0,False
32078184.0,PMC8554682,10.1002/jbmr.3987,Glucocorticoids Disrupt Skeletal Angiogenesis Through Transrepression of NF-κB-Mediated Preosteoclast Pdgfb Transcription in Young Mice.,2020.0,Journal of bone and mineral research : the official journal of the American Society for Bone and Mineral Research,FULL_TEXT_VERIFIED,body,"These changes were associated with a reduction in type H vessels, bone formation rate, bone mass, and bone length at each time point.",,RU486; prednisolone,mouse,in vivo,2-week-old; 4-week-old; P65; p65,False,True,,,,,False,True,False,False,0.0,False
32078184.0,PMC8554682,10.1002/jbmr.3987,Glucocorticoids Disrupt Skeletal Angiogenesis Through Transrepression of NF-κB-Mediated Preosteoclast Pdgfb Transcription in Young Mice.,2020.0,Journal of bone and mineral research : the official journal of the American Society for Bone and Mineral Research,FULL_TEXT_VERIFIED,body,A trabecular bone region of interest (ROI) was drawn starting from 5% of femoral length proximal to the distal epiphyseal growth plate and extended proximally for a total of 5% of femoral length.,,RU486; prednisolone,mouse,in vivo,2-week-old; 4-week-old; P65; p65,False,False,5; 5,,,,False,True,False,False,0.3,False
32078184.0,PMC8554682,10.1002/jbmr.3987,Glucocorticoids Disrupt Skeletal Angiogenesis Through Transrepression of NF-κB-Mediated Preosteoclast Pdgfb Transcription in Young Mice.,2020.0,Journal of bone and mineral research : the official journal of the American Society for Bone and Mineral Research,FULL_TEXT_VERIFIED,body,"During skeletal growth, bone mass increases as assessed by bone mineral density and bone size (bone length or height).(25) GCs can impair both processes.",,RU486; prednisolone,mouse,in vivo,2-week-old; 4-week-old; P65; p65,True,True,,,,,False,True,False,False,0.0,False
32078184.0,PMC8554682,10.1002/jbmr.3987,Glucocorticoids Disrupt Skeletal Angiogenesis Through Transrepression of NF-κB-Mediated Preosteoclast Pdgfb Transcription in Young Mice.,2020.0,Journal of bone and mineral research : the official journal of the American Society for Bone and Mineral Research,FULL_TEXT_VERIFIED,body,Femur length was significantly decreased in prednisolone relative to vehicle groups at 4 and 6 weeks (Fig.,prednisolone,RU486; prednisolone,mouse,in vivo,2-week-old; 4-week-old; P65; p65,False,True,,,,,False,True,False,False,0.2,False
32078184.0,PMC8554682,10.1002/jbmr.3987,Glucocorticoids Disrupt Skeletal Angiogenesis Through Transrepression of NF-κB-Mediated Preosteoclast Pdgfb Transcription in Young Mice.,2020.0,Journal of bone and mineral research : the official journal of the American Society for Bone and Mineral Research,FULL_TEXT_VERIFIED,body,"Both the proliferative zone and hypertrophic zone in the growth plate play a critical role in endochondral bone formation and long bone elongation.(26) We found the height of the growth plate, specifically the hypertrophic and proliferative zone in prednisolone-treated mice decreased significantly compared to the control group at 2, 4, and 6 weeks (Fig.",prednisolone,RU486; prednisolone,mouse,in vivo,2-week-old; 4-week-old; P65; p65,False,True,,,,,False,True,False,False,0.2,False
32078184.0,PMC8554682,10.1002/jbmr.3987,Glucocorticoids Disrupt Skeletal Angiogenesis Through Transrepression of NF-κB-Mediated Preosteoclast Pdgfb Transcription in Young Mice.,2020.0,Journal of bone and mineral research : the official journal of the American Society for Bone and Mineral Research,FULL_TEXT_VERIFIED,body,"Bone mass acquisition impairments preceded longitudinal growth, with a decrease in bone volume noted within 2 weeks of GC exposure, whereas a significant difference in femur length was not noted until 4 weeks of GC relative to vehicle.",,RU486; prednisolone,mouse,in vivo,2-week-old; 4-week-old; P65; p65,False,True,,,,,False,True,False,False,0.0,False
32078184.0,PMC8554682,10.1002/jbmr.3987,Glucocorticoids Disrupt Skeletal Angiogenesis Through Transrepression of NF-κB-Mediated Preosteoclast Pdgfb Transcription in Young Mice.,2020.0,Journal of bone and mineral research : the official journal of the American Society for Bone and Mineral Research,FULL_TEXT_VERIFIED,body,"Prednisolone impairs bone volume and longitudinal bone growth. (a–e) Representative microcomputed tomography of mice distal femur after 2, 4, and 6 weeks (2 W, 4 W, and 6 W) of Veh or Pred 20 mg/m2/day beginning at 2 weeks of age (a) and quantitative analysis of trabecular BV/TV (b), Tb.N (c), Tb.Th (d), and Tb.Sp (e). (f) Images of wild-type mice injected with either Veh or Pred for 2 W, 4 W, or 6 W. (g,h) Representative photographs of femurs (g) and femur length (h). (i) Safranin orange and fast green staining of distal femoral growth plate.",prednisolone,RU486; prednisolone,mouse,in vivo,2-week-old; 4-week-old; P65; p65,False,True,,,,,False,True,False,False,0.2,False
32078184.0,PMC8554682,10.1002/jbmr.3987,Glucocorticoids Disrupt Skeletal Angiogenesis Through Transrepression of NF-κB-Mediated Preosteoclast Pdgfb Transcription in Young Mice.,2020.0,Journal of bone and mineral research : the official journal of the American Society for Bone and Mineral Research,FULL_TEXT_VERIFIED,caption,"Prednisolone impairs bone volume and longitudinal bone growth. (a–e) Representative microcomputed tomography of mice distal femur after 2, 4, and 6 weeks (2 W, 4 W, and 6 W) of Veh or Pred 20 mg/m2/day beginning at 2 weeks of age (a) and quantitative analysis of trabecular BV/TV (b), Tb.N (c), Tb.Th (d), and Tb.Sp (e). (f) Images of wild-type mice injected with either Veh or Pred for 2 W, 4 W, or 6 W. (g,h) Representative photographs of femurs (g) and femur length (h). (i) Safranin orange and fast green staining of distal femoral growth plate. Arrows denote RZ, PZ, and HZ. Scale bar = 50 μm. (j–l) Quantitative analysis of HZ (j), PZ (k), and RZ (l). n = 6 per group. Data are shown as mean ± SD. BV/TV = bone volume per tissue volume; HZ = hypertrophic zone; Pred = prednisolone; PZ = proliferative zone; RZ = resting zone; Tb.N = trabecular number; Tb.Sp = trabecular separation; Tb.Th = tra",prednisolone,RU486; prednisolone,mouse,in vivo,2-week-old; 4-week-old; P65; p65,False,True,,50 μm,,6,False,True,False,False,0.2,False
34793695.0,PMC8792248,10.1016/j.cub.2021.10.063,Interspecies transcriptomics identify genes that underlie disproportionate foot growth in jerboas.,2022.0,Current biology : CB,FULL_TEXT_VERIFIED,body,"Among these, Shox2, which is necessary for proximal limb elongation, has gained expression in jerboa metatarsals where it has not been detected in other vertebrates.",,,mouse,metatarsal organ culture,5 day old; P5; P7; postnatal day 5,True,False,,,,,False,True,False,False,0.0,False
34793695.0,PMC8792248,10.1016/j.cub.2021.10.063,Interspecies transcriptomics identify genes that underlie disproportionate foot growth in jerboas.,2022.0,Current biology : CB,FULL_TEXT_VERIFIED,body,"We show that Shox2 is sufficient to increase mouse distal limb length, and a nearby putative cis-regulatory region is preferentially accessible in jerboa metatarsals.",,,mouse,metatarsal organ culture,5 day old; P5; P7; postnatal day 5,True,False,,,,,False,True,False,False,0.0,False
34793695.0,PMC8792248,10.1016/j.cub.2021.10.063,Interspecies transcriptomics identify genes that underlie disproportionate foot growth in jerboas.,2022.0,Current biology : CB,FULL_TEXT_VERIFIED,body,We then intersected these data to identify disproportionate gene expression differences that are associated with disproportionately accelerated metatarsal elongation in the jerboa.,,,mouse,metatarsal organ culture,5 day old; P5; P7; postnatal day 5,True,False,,,,,False,True,False,False,0.0,False
34793695.0,PMC8792248,10.1016/j.cub.2021.10.063,Interspecies transcriptomics identify genes that underlie disproportionate foot growth in jerboas.,2022.0,Current biology : CB,FULL_TEXT_VERIFIED,body,"In addition to genes that are expected to directly increase the rate of limb bone elongation (e.g., Shox2), we found differentially expressed genes (e.g., Crabp1, Gdf10, and Mab21L2) that suggest latent growth potential in mouse metatarsals may be de-repressed in jerboa metatarsals.",,,mouse,metatarsal organ culture,5 day old; P5; P7; postnatal day 5,True,False,,,,,False,True,False,False,0.0,False
34793695.0,PMC8792248,10.1016/j.cub.2021.10.063,Interspecies transcriptomics identify genes that underlie disproportionate foot growth in jerboas.,2022.0,Current biology : CB,FULL_TEXT_VERIFIED,body,"At birth, the third metatarsal of jerboa measures already about 55% longer than mouse (3.1 mm versus 2.0 mm) while femur lengths are more similar.",,,mouse,metatarsal organ culture,5 day old; P5; P7; postnatal day 5,True,False,55,3.1 mm; 2.0 mm,,,False,True,False,False,0.3,False
34793695.0,PMC8792248,10.1016/j.cub.2021.10.063,Interspecies transcriptomics identify genes that underlie disproportionate foot growth in jerboas.,2022.0,Current biology : CB,FULL_TEXT_VERIFIED,body,"To identify genes associated with the disproportionately accelerated rate of jerboa metatarsal elongation, we focused here on mouse and jerboa postnatal day 5 (P5).",,,mouse,metatarsal organ culture,5 day old; P5; P7; postnatal day 5,True,False,,,,,False,True,False,False,0.0,False
34793695.0,PMC8792248,10.1016/j.cub.2021.10.063,Interspecies transcriptomics identify genes that underlie disproportionate foot growth in jerboas.,2022.0,Current biology : CB,FULL_TEXT_VERIFIED,body,"Thus, in total, we identified 1,755 genes that are associated with the disproportionate acceleration of jerboa metatarsal elongation, which provide the foundation for a mechanistic understanding of the modular nature of skeletal proportion.",,,mouse,metatarsal organ culture,5 day old; P5; P7; postnatal day 5,True,False,,,,,False,True,False,False,0.0,False
34793695.0,PMC8792248,10.1016/j.cub.2021.10.063,Interspecies transcriptomics identify genes that underlie disproportionate foot growth in jerboas.,2022.0,Current biology : CB,FULL_TEXT_VERIFIED,body,"Using our orthologous reference set as background for comparison to genes associated with the evolutionary acceleration of jerboa metatarsal elongation, we found significant correlation with genes associated with tibia maturation as well as genes that are differentially expressed by location (p=5.4E-03 and 3.6E-06, respectively;",,,mouse,metatarsal organ culture,5 day old; P5; P7; postnatal day 5,True,False,,,,,False,True,False,False,0.0,False
34793695.0,PMC8792248,10.1016/j.cub.2021.10.063,Interspecies transcriptomics identify genes that underlie disproportionate foot growth in jerboas.,2022.0,Current biology : CB,FULL_TEXT_VERIFIED,body,"Among all 1,755 differentially expressed genes that are associated with the disproportionate acceleration of jerboa metatarsal elongation, Ingenuity Pathway Analysis (IPA)44 revealed significant enrichment of annotations with relevance to cartilage biology.",,,mouse,metatarsal organ culture,5 day old; P5; P7; postnatal day 5,True,False,,,,,False,True,False,False,0.0,False
34793695.0,PMC8792248,10.1016/j.cub.2021.10.063,Interspecies transcriptomics identify genes that underlie disproportionate foot growth in jerboas.,2022.0,Current biology : CB,FULL_TEXT_VERIFIED,body,"Here, we see enrichment of genes associated with ‘hypertrophy of connective tissue’ among 1,755 genes that are associated with disproportionate acceleration of jerboa metatarsal elongation (Figures 2D and 3A).",,,mouse,metatarsal organ culture,5 day old; P5; P7; postnatal day 5,True,False,,,,,False,True,False,False,0.0,False
34793695.0,PMC8792248,10.1016/j.cub.2021.10.063,Interspecies transcriptomics identify genes that underlie disproportionate foot growth in jerboas.,2022.0,Current biology : CB,FULL_TEXT_VERIFIED,body,"Exogenous RA, a potent teratogen, inhibits skeletal elongation in juvenile rats, and pharmacological inhibition of RA signaling accelerates rat metatarsal elongation in vitro, suggesting that endogenous RA suppresses metatarsal growth64.",,,mouse,metatarsal organ culture,5 day old; P5; P7; postnatal day 5,True,True,,,,,False,True,False,False,0.0,False
34793695.0,PMC8792248,10.1016/j.cub.2021.10.063,Interspecies transcriptomics identify genes that underlie disproportionate foot growth in jerboas.,2022.0,Current biology : CB,FULL_TEXT_VERIFIED,body,"By retroviral misexpression in the developing chicken wing skeleton, we demonstrate a small but significant inhibition of bone elongation; in limbs that over-express Mab21L2 the humerus is 1.9% shorter on average, in contrast to the symmetric limbs of infected control embryos that overexpress eGFP (p=0.0221, Wilcoxon/Mann-Whitney nonparametric test, and Figure S5C).",,,mouse,metatarsal organ culture,5 day old; P5; P7; postnatal day 5,False,True,1.9,,,,True,True,False,False,0.7,False
34793695.0,PMC8792248,10.1016/j.cub.2021.10.063,Interspecies transcriptomics identify genes that underlie disproportionate foot growth in jerboas.,2022.0,Current biology : CB,FULL_TEXT_VERIFIED,body,The Shox2 transcription factor is a key example of genetic control that is likely to accelerate jerboa metatarsal elongation.,,,mouse,metatarsal organ culture,5 day old; P5; P7; postnatal day 5,True,False,,,,,False,True,False,False,0.0,False
34793695.0,PMC8792248,10.1016/j.cub.2021.10.063,Interspecies transcriptomics identify genes that underlie disproportionate foot growth in jerboas.,2022.0,Current biology : CB,FULL_TEXT_VERIFIED,body,"Resting (RZ), proliferative (PZ), and hypertrophic (HZ) zones in mouse and jerboa metatarsal are indicated to the right of each growth cartilage (scalebars = 100 μm). (D) Colored bars highlight increase in ulna and metatarsal whole bone lengths from P0 (n=3 mouse and 2 jerboas) to P5 (n=3 each).",,,mouse,metatarsal organ culture,5 day old; P5; P7; postnatal day 5,True,False,,100 μm,,3; 3,False,True,False,False,0.0,False
34793695.0,PMC8792248,10.1016/j.cub.2021.10.063,Interspecies transcriptomics identify genes that underlie disproportionate foot growth in jerboas.,2022.0,Current biology : CB,FULL_TEXT_VERIFIED,body,"A 139 bp region of open chromatin, preferentially accessible in jerboa metatarsals (orange), lies ~285 kb upstream of the Shox2 TSS in an Rsrc1 intron at a position orthologous to mouse chr3:67266489–67267716. (D,F) Metacarpal and (E,G) metatarsal lengths are increased in Prx1Cre;LSL-Shox2 (Shox2-overexpressing) mice at eight weeks of age compared to control littermates.",,,mouse,metatarsal organ culture,5 day old; P5; P7; postnatal day 5,True,False,,,,,False,True,False,False,0.0,False
34793695.0,PMC8792248,10.1016/j.cub.2021.10.063,Interspecies transcriptomics identify genes that underlie disproportionate foot growth in jerboas.,2022.0,Current biology : CB,FULL_TEXT_VERIFIED,table,"Table 1:Genes that are associated with the development and evolution of limb skeletal proportion.Gene SymbolGene NameKnown Skeletal/Body Size Phenotypes Alpl alkaline phosphatase, liver/bone/kidneyAbnormal long bone metaphysis morphology28 Decreased long bone epiphyseal plate size28 Decreased bone mineral density29 Increased bone resorption30 Decreased body size31 B2m beta-2 microglobulinNone reported Baiap2l2 BAI1-associated protein 2-like 2None reported Enpp2 ectonucleotide pyrophosphatase/phosphodiesterase 2None reported Ibsp integrin binding sialoproteinAbnormal trabecular bone morphology32 Decreased bone mineral density32 Increased bone resorption33 Decreased body size32 Short femur32 Lmcd1 LIM and cysteine-rich domains 1None reported Mcoln3 mucolipin 3Decreased body size34 Myh10 myosin, heavy polypeptide 10, non-muscleAbnormal body size35 Nlgn3 neuroligin 3None reported Npr3* natri",,,mouse,metatarsal organ culture,5 day old; P5; P7; postnatal day 5,True,True,,,,,False,True,True,False,0.0,False
34793695.0,PMC8792248,10.1016/j.cub.2021.10.063,Interspecies transcriptomics identify genes that underlie disproportionate foot growth in jerboas.,2022.0,Current biology : CB,FULL_TEXT_VERIFIED,table,"Gene SymbolGene NameKnown Skeletal/Body Size Phenotypes Alpl alkaline phosphatase, liver/bone/kidneyAbnormal long bone metaphysis morphology28 Decreased long bone epiphyseal plate size28 Decreased bone mineral density29 Increased bone resorption30 Decreased body size31 B2m beta-2 microglobulinNone reported Baiap2l2 BAI1-associated protein 2-like 2None reported Enpp2 ectonucleotide pyrophosphatase/phosphodiesterase 2None reported Ibsp integrin binding sialoproteinAbnormal trabecular bone morphology32 Decreased bone mineral density32 Increased bone resorption33 Decreased body size32 Short femur32 Lmcd1 LIM and cysteine-rich domains 1None reported Mcoln3 mucolipin 3Decreased body size34 Myh10 myosin, heavy polypeptide 10, non-muscleAbnormal body size35 Nlgn3 neuroligin 3None reported Npr3* natriuretic peptide receptor 3Increased width of hypertrophic chondrocyte zone36 Delayed endochondral ",,,mouse,metatarsal organ culture,5 day old; P5; P7; postnatal day 5,True,True,,,,,False,True,True,False,0.0,False
34793695.0,PMC8792248,10.1016/j.cub.2021.10.063,Interspecies transcriptomics identify genes that underlie disproportionate foot growth in jerboas.,2022.0,Current biology : CB,FULL_TEXT_VERIFIED,caption,"Jerboa metatarsals elongate disproportionately faster than mouse during neonatal development.(A) Postural reconstructions of adult jerboa and mouse skeletons adapted from Moore, et al. 2015 (arrowheads point to metatarsals, scalebars = 10 mm) (B) Postnatal (P0 to P28) growth trajectory of metatarsal or ulna (y-axis) relative to femur or humerus (x-axis), respectively. P0 and P7 hindlimb measurements are emphasized in blue for mouse and in red for jerboa (C) Histological sections of P5 distal ulna and metatarsal growth cartilages of mouse and jerboa. Resting (RZ), proliferative (PZ), and hypertrophic (HZ) zones in mouse and jerboa metatarsal are indicated to the right of each growth cartilage (scalebars = 100 μm). (D) Colored bars highlight increase in ulna and metatarsal whole bone lengths from P0 (n=3 mouse and 2 jerboas) to P5 (n=3 each). Individual (dots) and average (line) measuremen",,,mouse,metatarsal organ culture,5 day old; P5; P7; postnatal day 5,True,False,,10 mm; 100 μm,,3; 3,False,True,False,False,0.0,False
34793695.0,PMC8792248,10.1016/j.cub.2021.10.063,Interspecies transcriptomics identify genes that underlie disproportionate foot growth in jerboas.,2022.0,Current biology : CB,FULL_TEXT_VERIFIED,caption,"Gene expression profiling identifies 10% of orthologous genes that are associated with disproportionate jerboa metatarsal elongation.(A) Principal component analysis (PCA) shows that PC1 (species) explains 95% of the variance and PC2 (tissue-type) explains 2.2% of the variance (n=5 each). Black circles denote the three samples used in primary analyses. (B) 8,734 genes are differentially expressed in jerboa compared to mouse both in metatarsals (MT, y-axis) and in radius/ulna (RU, x-axis). Of these, 8,493 are equivalently differentially expressed between species in the MT and RU (grey points) and lie within the 99% confidence interval (dashed line) of the linear fit (solid black line, slope=0.977). 241 genes outside of the confidence interval are non-equivalently differentially expressed in the MT and RU. Eight genes with least-correlated expression differences in MT and RU are labeled. (",,,mouse,metatarsal organ culture,5 day old; P5; P7; postnatal day 5,False,True,10; 95; 2.2; 99,,,5,False,True,False,False,0.3,False
34793695.0,PMC8792248,10.1016/j.cub.2021.10.063,Interspecies transcriptomics identify genes that underlie disproportionate foot growth in jerboas.,2022.0,Current biology : CB,FULL_TEXT_VERIFIED,caption,"Derived Shox2 expression in jerboa metatarsals may have contributed to increased distal limb elongation.(A-B) Shox2 is expressed in the proliferative zone (PZ) of jerboa metatarsals (MT) where it is not present in mouse. (C) Open chromatin regions in P5 jerboa and mouse growth cartilage near the Shox2 transcription start site (TSS, green arrow). A 139 bp region of open chromatin, preferentially accessible in jerboa metatarsals (orange), lies ~285 kb upstream of the Shox2 TSS in an Rsrc1 intron at a position orthologous to mouse chr3:67266489–67267716. (D,F) Metacarpal and (E,G) metatarsal lengths are increased in Prx1Cre;LSL-Shox2 (Shox2-overexpressing) mice at eight weeks of age compared to control littermates. In (H), measurements are normalized to the skull length of each individual, which was not affected by Shox2-overexpression (Figure S6D). p-values are derived from a paired t-test",,,mouse,metatarsal organ culture,5 day old; P5; P7; postnatal day 5,True,False,23.6; 9.1,50 μm; 2 mm,,5,False,True,False,False,0.3,False
33737326.0,PMC8084574,10.1242/dmm.048272,An Fgfr3-activating mutation in immature murine osteoblasts affects the appendicular and craniofacial skeleton.,2021.0,Disease models & mechanisms,FULL_TEXT_VERIFIED,body,"The resulting increase in FGFR3 signaling perturbs the proliferation and differentiation of chondrocytes (CCs), alters the process of endochondral ossification and thus reduces bone elongation.",,,mouse,in vivo,3-week-old; 5-day-old,True,True,,,,,False,True,False,True,0.0,False
33737326.0,PMC8084574,10.1242/dmm.048272,An Fgfr3-activating mutation in immature murine osteoblasts affects the appendicular and craniofacial skeleton.,2021.0,Disease models & mechanisms,FULL_TEXT_VERIFIED,body,"It is well established that, in ACH, increased FGFR3 signaling in growth plate chondrocytes (CCs) perturbs their proliferation and differentiation, alters the endochondral ossification process and thus reduces bone elongation (Ornitz and Legeai-Mallet, 2016).",,,mouse,in vivo,3-week-old; 5-day-old,True,True,,,,,False,True,False,True,0.0,False
34991299.0,PMC8749028,10.6065/apem.2142208.104,"Balanced assessment of growth disorders using clinical, endocrinological, and genetic approaches.",2021.0,Annals of pediatric endocrinology & metabolism,FULL_TEXT_VERIFIED,body,"The FGF receptor 3, encoded by FGFR3, acts as a negative regulator of chondrogenesis, so heterozygous activating variants impair bone elongation resulting in short-limbed skeletal dysplasia [12].",,,human,,,False,True,,,,,False,True,False,True,0.0,False
28428364.0,PMC5527997,10.1530/joe-17-0103,Role of estrogen receptor signaling in skeletal response to leptin in female <i>ob/ob</i> mice.,2017.0,The Journal of endocrinology,FULL_TEXT_VERIFIED,body,"Leptin-deficient ob/ob mice and leptin receptor-deficient db/db mice have bone- and bone compartment-specific alterations in bone microarchitecture, reduced bone length, mass and density, and reduced bone quality (Jing, et al.",,"ICI 182,780",mouse,in vivo,,False,True,,,,,False,True,False,True,0.0,False
28428364.0,PMC5527997,10.1530/joe-17-0103,Role of estrogen receptor signaling in skeletal response to leptin in female <i>ob/ob</i> mice.,2017.0,The Journal of endocrinology,FULL_TEXT_VERIFIED,body,"GnRH-dependent oestrogen synthesis and release play an important role in regulating bone elongation, accrual and turnover, and growing oestrogen-deficient rodents exhibit skeletal abnormalities, including accelerated bone growth, increased bone turnover and cancellous bone loss (Burguera, et al.",,"ICI 182,780",mouse,in vivo,,True,False,,,,,False,True,False,True,0.0,False
28428364.0,PMC5527997,10.1530/joe-17-0103,Role of estrogen receptor signaling in skeletal response to leptin in female <i>ob/ob</i> mice.,2017.0,The Journal of endocrinology,FULL_TEXT_VERIFIED,body,Concurrent increases in longitudinal growth and bone formation rates is a plausible explanation for the higher cancellous bone volume fraction in leptin+ICI treated mice.,,"ICI 182,780",mouse,in vivo,,True,False,,,,,False,True,False,True,0.0,False
27987249.0,PMC5354942,10.1002/dvdy.24479,"Achondroplasia: Development, pathogenesis, and therapy.",2017.0,Developmental dynamics : an official publication of the American Association of Anatomists,FULL_TEXT_VERIFIED,body,"Paradoxically, increased FGFR3 signaling profoundly suppresses proliferation and maturation of growth plate chondrocytes resulting in decreased growth plate size, reduced trabecular bone volume, and resulting decreased bone elongation.",,,mouse,tibia/femur organ culture,21-day-old; 24 week-old; p38,True,True,,,,,False,True,False,True,0.0,False
27987249.0,PMC5354942,10.1002/dvdy.24479,"Achondroplasia: Development, pathogenesis, and therapy.",2017.0,Developmental dynamics : an official publication of the American Association of Anatomists,FULL_TEXT_VERIFIED,body,"This is consistent with chondrocyte hypertrophy contributing to bone elongation to a greater extent than chondrocyte proliferation (Murakami et al., 2004).",,,mouse,tibia/femur organ culture,21-day-old; 24 week-old; p38,True,False,,,,,False,True,False,False,0.0,False
25873947.0,PMC4383300,10.1155/2015/165215,The endocrine role of estrogens on human male skeleton.,2015.0,International journal of endocrinology,FULL_TEXT_VERIFIED,body,"Estrogen determines the acceleration of bone elongation at puberty, epiphyseal closure, harmonic skeletal proportions, the achievement of peak bone mass, and the maintenance of bone mass.",,estradiol; steroids,mouse,in vivo,,True,False,,,,,False,True,False,True,0.0,False
25873947.0,PMC4383300,10.1155/2015/165215,The endocrine role of estrogens on human male skeleton.,2015.0,International journal of endocrinology,FULL_TEXT_VERIFIED,body,"On the other hand, six months of treatment with high doses of T, given before the diagnosis of aromatase deficiency in an attempt to arrest continuous linear growth, had no effects on bone age in this patient [10, 38].",,estradiol; steroids,mouse,in vivo,,False,True,,,,,False,True,False,True,0.0,False
25873947.0,PMC4383300,10.1155/2015/165215,The endocrine role of estrogens on human male skeleton.,2015.0,International journal of endocrinology,FULL_TEXT_VERIFIED,body,"At the beginning of puberty, when circulating E2 is low, the prevailing effect of E2 consists in the promotion of chondrocytes proliferation within the growth plate, resulting in growth plate lengthening and accelerated bone elongation (Figure 1) (Table 1).",,estradiol; steroids,mouse,in vivo,,True,False,,,,,False,True,False,False,0.0,False
25873947.0,PMC4383300,10.1155/2015/165215,The endocrine role of estrogens on human male skeleton.,2015.0,International journal of endocrinology,FULL_TEXT_VERIFIED,body,"Actually, bone mass and strength are greater in men than in women; probably these differences are due to different length and bone structure among the two sexes (Figure 3) [76].",,estradiol; steroids,mouse,in vivo,,True,False,,,,,False,True,False,False,0.0,False
25873947.0,PMC4383300,10.1155/2015/165215,The endocrine role of estrogens on human male skeleton.,2015.0,International journal of endocrinology,FULL_TEXT_VERIFIED,body,"Direct and indirect effects of increasing circulating estrogens and their depletion on the growth plate (a), and effects of estrogen deprivation on bone elongation and epiphyseal status (b).",,estradiol; steroids,mouse,in vivo,,True,False,,,,,False,True,False,True,0.0,False
25873947.0,PMC4383300,10.1155/2015/165215,The endocrine role of estrogens on human male skeleton.,2015.0,International journal of endocrinology,FULL_TEXT_VERIFIED,table,Table 1Role of estrogens on male bone throughout lifespan.Life stagesEffects of estrogens on boneFetal lifePoorly investigated/unknown InfancyPoorly investigated/unknown Puberty Early puberty (detectable but low E2) Growth plate lengthening Rapid advancement of bone ageAccelerated linear bone growthIncrease in height velocity (growth spurt)Assurance of adequate target height attainment Late puberty (high E2) Thinning and progressive growth plate disappearance before epiphyseal closure Bone maturation Advancement of skeletal maturation Progression of bone age in late puberty Epiphyseal fusion and growth arrest Achievement of final height Allowance of skeletal body proportions Achievement of adequate peak bone mass Bone size Bone length Periosteal bone apposition (crosstalk with androgens) AdulthoodMaintenance of bone mass AgeingPrevention of bone lossE2: estradiol.,estradiol,estradiol; steroids,mouse,in vivo,,False,True,,,,,False,True,False,False,0.2,False
25873947.0,PMC4383300,10.1155/2015/165215,The endocrine role of estrogens on human male skeleton.,2015.0,International journal of endocrinology,FULL_TEXT_VERIFIED,table,Life stagesEffects of estrogens on boneFetal lifePoorly investigated/unknown InfancyPoorly investigated/unknown Puberty Early puberty (detectable but low E2) Growth plate lengthening Rapid advancement of bone ageAccelerated linear bone growthIncrease in height velocity (growth spurt)Assurance of adequate target height attainment Late puberty (high E2) Thinning and progressive growth plate disappearance before epiphyseal closure Bone maturation Advancement of skeletal maturation Progression of bone age in late puberty Epiphyseal fusion and growth arrest Achievement of final height Allowance of skeletal body proportions Achievement of adequate peak bone mass Bone size Bone length Periosteal bone apposition (crosstalk with androgens) AdulthoodMaintenance of bone mass AgeingPrevention of bone loss,,estradiol; steroids,mouse,in vivo,,False,True,,,,,False,True,False,False,0.0,False
25873947.0,PMC4383300,10.1155/2015/165215,The endocrine role of estrogens on human male skeleton.,2015.0,International journal of endocrinology,FULL_TEXT_VERIFIED,caption,"Direct and indirect effects of increasing circulating estrogens and their depletion on the growth plate (a), and effects of estrogen deprivation on bone elongation and epiphyseal status (b). AR: androgen receptor; E1: estrone; E2: estradiol; T: testosterone; ER-α: estrogen receptor alpha; ER-β: estrogen receptor beta; GPR30: membranous-G-protein-coupled estrogen receptor.",estradiol,estradiol; steroids,mouse,in vivo,,True,False,,,,,False,True,False,True,0.2,False
29915560.0,PMC5994414,10.3389/fendo.2018.00289,Heat-Induced Limb Length Asymmetry Has Functional Impact on Weight Bearing in Mouse Hindlimbs.,2018.0,Frontiers in endocrinology,FULL_TEXT_VERIFIED,body,Asymmetric weight bearing from a limb length discrepancy of less than 2% can have debilitating consequences such as back problems and early-onset osteoarthritis.,,,mouse,,12-week-old; 3-week-old; 4-week-old,False,False,2,,,,False,True,False,False,0.3,False
29915560.0,PMC5994414,10.3389/fendo.2018.00289,Heat-Induced Limb Length Asymmetry Has Functional Impact on Weight Bearing in Mouse Hindlimbs.,2018.0,Frontiers in endocrinology,FULL_TEXT_VERIFIED,body,"As a noninvasive alternative, we previously developed a once daily limb-heating model using targeted heat on one side of the body for 2 weeks to unilaterally increase bone length by up to 1.5% in growing mice.",,,mouse,,12-week-old; 3-week-old; 4-week-old,True,False,1.5,,,,False,True,False,False,0.3,False
29915560.0,PMC5994414,10.3389/fendo.2018.00289,Heat-Induced Limb Length Asymmetry Has Functional Impact on Weight Bearing in Mouse Hindlimbs.,2018.0,Frontiers in endocrinology,FULL_TEXT_VERIFIED,body,"Tibial elongation rate was over 6% greater (t = 5.19, p < 0.001).",,,mouse,,12-week-old; 3-week-old; 4-week-old,True,False,6,,,,True,True,False,False,0.7,False
29915560.0,PMC5994414,10.3389/fendo.2018.00289,Heat-Induced Limb Length Asymmetry Has Functional Impact on Weight Bearing in Mouse Hindlimbs.,2018.0,Frontiers in endocrinology,FULL_TEXT_VERIFIED,body,"Hindlimb weight bearing was nearly 20% greater (t = 11.9, p < 0.001) and significantly correlated with the increase in tibial elongation rate on the heat-treated side (R2 = 0.82, p < 0.01).",,,mouse,,12-week-old; 3-week-old; 4-week-old,True,False,20,,,,True,True,False,False,0.7,False
29915560.0,PMC5994414,10.3389/fendo.2018.00289,Heat-Induced Limb Length Asymmetry Has Functional Impact on Weight Bearing in Mouse Hindlimbs.,2018.0,Frontiers in endocrinology,FULL_TEXT_VERIFIED,body,"The increase in bone elongation rate generated by localized heat could be a way to equalize limb length and weight bearing asymmetry caused by disease or trauma, leading to new approaches with better outcomes by using heat to lengthen limbs and reduce costly side effects of more invasive interventions.",,,mouse,,12-week-old; 3-week-old; 4-week-old,True,True,,,,,False,True,False,False,0.0,False
29915560.0,PMC5994414,10.3389/fendo.2018.00289,Heat-Induced Limb Length Asymmetry Has Functional Impact on Weight Bearing in Mouse Hindlimbs.,2018.0,Frontiers in endocrinology,FULL_TEXT_VERIFIED,body,Kerr et al. (14) were among the first to reveal an association of limb length inequality with back pain when they found that 91% of 150 patients undergoing treatment for low back pain had ≥0.1 cm difference in lengths of their right and left limbs.,,,mouse,,12-week-old; 3-week-old; 4-week-old,False,False,91,,,,False,True,False,False,0.3,False
29915560.0,PMC5994414,10.3389/fendo.2018.00289,Heat-Induced Limb Length Asymmetry Has Functional Impact on Weight Bearing in Mouse Hindlimbs.,2018.0,Frontiers in endocrinology,FULL_TEXT_VERIFIED,body,"However, there is increasing evidence that weight bearing asymmetry from limb length discrepancies of as little as 0.5–1 cm may cause and/or accelerate the development of knee osteoarthritis and chronic back pain by adulthood (17, 20, 22, 34–41).",,,mouse,,12-week-old; 3-week-old; 4-week-old,True,False,,,,,False,True,False,False,0.0,False
29915560.0,PMC5994414,10.3389/fendo.2018.00289,Heat-Induced Limb Length Asymmetry Has Functional Impact on Weight Bearing in Mouse Hindlimbs.,2018.0,Frontiers in endocrinology,FULL_TEXT_VERIFIED,body,"For relative comparison, 2 cm is roughly equivalent to a 2.4% difference using a reference limb length of 85 cm for a young adult (total height minus sitting height) (44, 45), while 0.5–1 cm represent less than 0.6 and 1.2% discrepancies, respectively.",,,mouse,,12-week-old; 3-week-old; 4-week-old,False,False,2.4; 1.2,,,,False,True,False,False,0.3,False
29915560.0,PMC5994414,10.3389/fendo.2018.00289,Heat-Induced Limb Length Asymmetry Has Functional Impact on Weight Bearing in Mouse Hindlimbs.,2018.0,Frontiers in endocrinology,FULL_TEXT_VERIFIED,body,"Less invasive methodologies to correct limb length discrepancies are needed, particularly in light of compelling evidence that even mild limb length inequality (≥1 cm or 1.2% of 85 cm reference limb length) may be linked to the incidence and progression of knee osteoarthritis (22).",,,mouse,,12-week-old; 3-week-old; 4-week-old,False,False,1.2,,,,False,True,False,False,0.3,False
29915560.0,PMC5994414,10.3389/fendo.2018.00289,Heat-Induced Limb Length Asymmetry Has Functional Impact on Weight Bearing in Mouse Hindlimbs.,2018.0,Frontiers in endocrinology,FULL_TEXT_VERIFIED,body,"Building on the well-established concept of heat-enhanced limb elongation, we previously developed a noninvasive, once daily unilateral heating model using targeted heat to increase limb length on one side of the body of growing mice without surgical intervention.",,,mouse,,12-week-old; 3-week-old; 4-week-old,True,False,,,,,False,True,False,False,0.0,False
29915560.0,PMC5994414,10.3389/fendo.2018.00289,Heat-Induced Limb Length Asymmetry Has Functional Impact on Weight Bearing in Mouse Hindlimbs.,2018.0,Frontiers in endocrinology,FULL_TEXT_VERIFIED,body,"After heat-treating mice for 2 weeks during the active post-weaning growth period, we demonstrated that tibial elongation rate increased >12% on the heat-treated side with accompanying unilateral increases in femoral (1.3%) and tibial (1.5%) lengths (57).",,,mouse,,12-week-old; 3-week-old; 4-week-old,True,False,12; 1.3; 1.5,,,,False,True,False,False,0.3,False
29915560.0,PMC5994414,10.3389/fendo.2018.00289,Heat-Induced Limb Length Asymmetry Has Functional Impact on Weight Bearing in Mouse Hindlimbs.,2018.0,Frontiers in endocrinology,FULL_TEXT_VERIFIED,body,"Although the entire side of the mouse was heat-treated, we focused on changes in hindlimb length because our previous results have shown that this method of heat application does not impact forelimb (humeral) length but does increase length of the femur, tibia, and hindfoot (57).",,,mouse,,12-week-old; 3-week-old; 4-week-old,True,False,,,,,False,True,False,False,0.0,False
29915560.0,PMC5994414,10.3389/fendo.2018.00289,Heat-Induced Limb Length Asymmetry Has Functional Impact on Weight Bearing in Mouse Hindlimbs.,2018.0,Frontiers in endocrinology,FULL_TEXT_VERIFIED,body,The red segment of the line in the right heat-treated limb (bottom) indicates the increase in tibial length relative to the non-treated side (0.16 mm or 1.1% increase in this individual mouse).,,,mouse,,12-week-old; 3-week-old; 4-week-old,True,False,1.1,0.16 mm,,,False,True,False,False,0.3,False
29915560.0,PMC5994414,10.3389/fendo.2018.00289,Heat-Induced Limb Length Asymmetry Has Functional Impact on Weight Bearing in Mouse Hindlimbs.,2018.0,Frontiers in endocrinology,FULL_TEXT_VERIFIED,body,"After 1 week intermittent heat exposure, tibial length measured on x-rays (t = 7.7, p < 0.001) and endpoint femoral length measured on digitized bone scans (t = 11.5, p < 0.001) averaged ~1 and 1.4% greater, respectively, on the heat-treated side compared to the non-treated contralateral side (Figures 2 and 3A,B).",,,mouse,,12-week-old; 3-week-old; 4-week-old,True,False,1.4,,,,True,True,False,False,0.7,False
29915560.0,PMC5994414,10.3389/fendo.2018.00289,Heat-Induced Limb Length Asymmetry Has Functional Impact on Weight Bearing in Mouse Hindlimbs.,2018.0,Frontiers in endocrinology,FULL_TEXT_VERIFIED,body,"When animals were tracked individually over time, all mice showed increases in tibial length on the heat-treated side (Figure S1A in Supplementary Material), which averaged 0.13 mm longer than the non-treated side at the endpoint (Table S1 in Supplementary Material).",,,mouse,,12-week-old; 3-week-old; 4-week-old,True,False,,0.13 mm,,,False,True,False,False,0.0,False
29915560.0,PMC5994414,10.3389/fendo.2018.00289,Heat-Induced Limb Length Asymmetry Has Functional Impact on Weight Bearing in Mouse Hindlimbs.,2018.0,Frontiers in endocrinology,FULL_TEXT_VERIFIED,body,"The rate of tibial elongation measured by OTC labeling was over 6% greater on the heat-treated side (Figures 3C,D).",,,mouse,,12-week-old; 3-week-old; 4-week-old,True,False,6,,,,False,True,False,False,0.3,False
29915560.0,PMC5994414,10.3389/fendo.2018.00289,Heat-Induced Limb Length Asymmetry Has Functional Impact on Weight Bearing in Mouse Hindlimbs.,2018.0,Frontiers in endocrinology,FULL_TEXT_VERIFIED,body,"The growth acceleration averaged 10 µm/day (paired t = 5.19, p < 0.001) and the total difference in elongation of the proximal tibia averaged 0.08 mm over the 8-day labeling period.",,,mouse,,12-week-old; 3-week-old; 4-week-old,True,False,,10 µm; 0.08 mm,,,True,True,False,False,0.4,False
29915560.0,PMC5994414,10.3389/fendo.2018.00289,Heat-Induced Limb Length Asymmetry Has Functional Impact on Weight Bearing in Mouse Hindlimbs.,2018.0,Frontiers in endocrinology,FULL_TEXT_VERIFIED,body,Bone lengths and tibial elongation rate are increased on the heat-treated side. (A) Error bar plot shows a 1.4% (0.16 mm) increase in endpoint femoral length on the heat-treated side when compared to the non-treated contralateral side.,,,mouse,,12-week-old; 3-week-old; 4-week-old,True,False,1.4,0.16 mm,,,False,True,False,False,0.3,False
29915560.0,PMC5994414,10.3389/fendo.2018.00289,Heat-Induced Limb Length Asymmetry Has Functional Impact on Weight Bearing in Mouse Hindlimbs.,2018.0,Frontiers in endocrinology,FULL_TEXT_VERIFIED,body,"After 1-week heat-treatment, tibial length increased nearly 1% (0.13 mm) on the heat-treated side.",,,mouse,,12-week-old; 3-week-old; 4-week-old,True,False,1,0.13 mm,,,False,True,False,False,0.3,False
29915560.0,PMC5994414,10.3389/fendo.2018.00289,Heat-Induced Limb Length Asymmetry Has Functional Impact on Weight Bearing in Mouse Hindlimbs.,2018.0,Frontiers in endocrinology,FULL_TEXT_VERIFIED,body,Tibial elongation rate (C) increased >6% (10 µm/day) on the heat-treated side. (D) Left-right tibial slab sections from the same mouse labeled with oxytetracycline (OTC) show the increase in elongation rate on the heat-treated right side.,,,mouse,,12-week-old; 3-week-old; 4-week-old,True,False,6,10 µm,,,False,True,False,False,0.3,False
29915560.0,PMC5994414,10.3389/fendo.2018.00289,Heat-Induced Limb Length Asymmetry Has Functional Impact on Weight Bearing in Mouse Hindlimbs.,2018.0,Frontiers in endocrinology,FULL_TEXT_VERIFIED,body,"There was a significant positive linear relationship between the increase in weight bearing and increase in tibial elongation rate on the heat-treated side (R2 = 0.82, p < 0.01) (Figure 4B).",,,mouse,,12-week-old; 3-week-old; 4-week-old,True,False,,,,,True,True,False,False,0.4,False
29915560.0,PMC5994414,10.3389/fendo.2018.00289,Heat-Induced Limb Length Asymmetry Has Functional Impact on Weight Bearing in Mouse Hindlimbs.,2018.0,Frontiers in endocrinology,FULL_TEXT_VERIFIED,body,Increases in weight bearing and tibial elongation rate are correlated.,,,mouse,,12-week-old; 3-week-old; 4-week-old,True,False,,,,,False,True,False,False,0.0,False
29915560.0,PMC5994414,10.3389/fendo.2018.00289,Heat-Induced Limb Length Asymmetry Has Functional Impact on Weight Bearing in Mouse Hindlimbs.,2018.0,Frontiers in endocrinology,FULL_TEXT_VERIFIED,body,Scatter plot (B) shows a significant positive linear relationship between the increase in weight bearing and increase in tibial elongation rate after 1 week of daily intermittent limb heating (y = 14.23 + 0.9x).,,,mouse,,12-week-old; 3-week-old; 4-week-old,True,False,,,,,False,True,False,False,0.0,False
29915560.0,PMC5994414,10.3389/fendo.2018.00289,Heat-Induced Limb Length Asymmetry Has Functional Impact on Weight Bearing in Mouse Hindlimbs.,2018.0,Frontiers in endocrinology,FULL_TEXT_VERIFIED,body,"We used longitudinal x-ray imaging to show a 0.13 mm right-left difference, or nearly a 1% increase, in tibial length on the heat-treated side after 1 week of treatment.",,,mouse,,12-week-old; 3-week-old; 4-week-old,True,False,1,0.13 mm,,,False,True,False,False,0.3,False
29915560.0,PMC5994414,10.3389/fendo.2018.00289,Heat-Induced Limb Length Asymmetry Has Functional Impact on Weight Bearing in Mouse Hindlimbs.,2018.0,Frontiers in endocrinology,FULL_TEXT_VERIFIED,body,"Although we found a greater percentage increase in femoral length measured at endpoint (1.4%), the difference may be due to the larger sample sizes available for the femur (see Table S1 in Supplementary Material) and/or the difference in methodology since landmarks are more accurate in digitized images of dried mouse bones compared to radiographs.",,,mouse,,12-week-old; 3-week-old; 4-week-old,True,False,1.4,,,,False,True,False,False,0.3,False
29915560.0,PMC5994414,10.3389/fendo.2018.00289,Heat-Induced Limb Length Asymmetry Has Functional Impact on Weight Bearing in Mouse Hindlimbs.,2018.0,Frontiers in endocrinology,FULL_TEXT_VERIFIED,body,This is about 62% of the 0.13 mm difference we found in total tibial length measured using radiographic methods.,,,mouse,,12-week-old; 3-week-old; 4-week-old,False,False,62,0.13 mm,,,False,True,False,False,0.3,False
29915560.0,PMC5994414,10.3389/fendo.2018.00289,Heat-Induced Limb Length Asymmetry Has Functional Impact on Weight Bearing in Mouse Hindlimbs.,2018.0,Frontiers in endocrinology,FULL_TEXT_VERIFIED,body,"Although we only quantified percentage increases in femoral and tibial lengths in this study, we have previously shown that all heat-treated hindlimb elements, including the foot, are longer than those on the non-treated side (57).",,,mouse,,12-week-old; 3-week-old; 4-week-old,True,False,,,,,False,True,False,False,0.0,False
29915560.0,PMC5994414,10.3389/fendo.2018.00289,Heat-Induced Limb Length Asymmetry Has Functional Impact on Weight Bearing in Mouse Hindlimbs.,2018.0,Frontiers in endocrinology,FULL_TEXT_VERIFIED,body,It is important to consider that the additive effect of each limb element will produce a greater impact on total limb length than simply considering percent change of one single bone (see Figure 2).,,,mouse,,12-week-old; 3-week-old; 4-week-old,True,False,,,,,False,True,False,False,0.0,False
29915560.0,PMC5994414,10.3389/fendo.2018.00289,Heat-Induced Limb Length Asymmetry Has Functional Impact on Weight Bearing in Mouse Hindlimbs.,2018.0,Frontiers in endocrinology,FULL_TEXT_VERIFIED,body,These results suggest that the increase in bone elongation rate generated by targeted heat could be a non-surgical option for equalizing mild limb length and weight bearing inequality in children that could otherwise progress into more significant and chronic musculoskeletal problems such as back pain and early-onset osteoarthritis in adults.,,,mouse,,12-week-old; 3-week-old; 4-week-old,True,False,,,,,False,True,False,False,0.0,False
29915560.0,PMC5994414,10.3389/fendo.2018.00289,Heat-Induced Limb Length Asymmetry Has Functional Impact on Weight Bearing in Mouse Hindlimbs.,2018.0,Frontiers in endocrinology,FULL_TEXT_VERIFIED,body,The relatively small limb length asymmetry in our study was associated with a nearly 20% difference in weight bearing in young mice.,,,mouse,,12-week-old; 3-week-old; 4-week-old,False,False,20,,,,False,True,False,False,0.3,False
29915560.0,PMC5994414,10.3389/fendo.2018.00289,Heat-Induced Limb Length Asymmetry Has Functional Impact on Weight Bearing in Mouse Hindlimbs.,2018.0,Frontiers in endocrinology,FULL_TEXT_VERIFIED,body,"Our findings (Figure 4B) are also consistent with human studies that have shown gait asymmetry increases as the magnitude of limb length inequality increases (18, 41).",,,mouse,,12-week-old; 3-week-old; 4-week-old,True,False,,,,,False,True,False,False,0.0,False
29915560.0,PMC5994414,10.3389/fendo.2018.00289,Heat-Induced Limb Length Asymmetry Has Functional Impact on Weight Bearing in Mouse Hindlimbs.,2018.0,Frontiers in endocrinology,FULL_TEXT_VERIFIED,body,"Thus although the growth plate may be detected in adult mice, there is little potential for significant limb elongation and heat-enhanced bone growth beyond skeletal maturity.",,,mouse,,12-week-old; 3-week-old; 4-week-old,True,False,,,,,False,True,False,False,0.0,False
29915560.0,PMC5994414,10.3389/fendo.2018.00289,Heat-Induced Limb Length Asymmetry Has Functional Impact on Weight Bearing in Mouse Hindlimbs.,2018.0,Frontiers in endocrinology,FULL_TEXT_VERIFIED,body,Our results support the hypothesis that even a small bone length discrepancy (less than 1.5%) can cause imbalanced weight distribution (nearly 20%) in healthy mice.,,,mouse,,12-week-old; 3-week-old; 4-week-old,False,False,1.5; 20,,,,False,True,False,False,0.3,False
29915560.0,PMC5994414,10.3389/fendo.2018.00289,Heat-Induced Limb Length Asymmetry Has Functional Impact on Weight Bearing in Mouse Hindlimbs.,2018.0,Frontiers in endocrinology,FULL_TEXT_VERIFIED,body,"The increase in bone elongation rate generated by localized heat could help equalize minor limb length and weight bearing asymmetry in children caused by a spectrum of linear growth disorders, which could otherwise lead to painful chronic conditions such as scoliosis, back pain, and early-onset osteoarthritis.",,,mouse,,12-week-old; 3-week-old; 4-week-old,True,False,,,,,False,True,False,False,0.0,False
29915560.0,PMC5994414,10.3389/fendo.2018.00289,Heat-Induced Limb Length Asymmetry Has Functional Impact on Weight Bearing in Mouse Hindlimbs.,2018.0,Frontiers in endocrinology,FULL_TEXT_VERIFIED,caption,"Digital radiographs of the same mouse taken with an IVIS Lumina XRMS live animal imaging system before (3 weeks age) and after (4 weeks age) its right side was subject to daily intermittent limb heating. X-rays were taken in standardized position with the hindlimbs extended and taped down to ensure a true projection of the tibia. Images were rotated so that the spines were aligned at a 90° angle. There were no left-right differences in limb length before the experiments started (top). After 1 week (bottom), the heat-treated right limb was markedly longer than the non-treated left limb as shown by the position of the toes at the bottom of the image. Note that the difference in length is the result of an additive effect of all hindlimb elements. Tibial length was measured from the middle of the proximal articular surface to the distal-most projection of the medial malleolus, shown by the d",,,mouse,,12-week-old; 3-week-old; 4-week-old,True,False,1.1,0.16 mm,,,False,True,False,False,0.3,False
29915560.0,PMC5994414,10.3389/fendo.2018.00289,Heat-Induced Limb Length Asymmetry Has Functional Impact on Weight Bearing in Mouse Hindlimbs.,2018.0,Frontiers in endocrinology,FULL_TEXT_VERIFIED,caption,"Bone lengths and tibial elongation rate are increased on the heat-treated side. (A) Error bar plot shows a 1.4% (0.16 mm) increase in endpoint femoral length on the heat-treated side when compared to the non-treated contralateral side. When tracked longitudinally on x-rays, tibial length (B) did not show significant left-right differences before the experiments. After 1-week heat-treatment, tibial length increased nearly 1% (0.13 mm) on the heat-treated side. Femoral length was not measured on x-rays due to inconsistencies in proximal and distal landmarks and was, therefore, only measured from bones dissected and scanned at endpoint (see text). Tibial elongation rate (C) increased >6% (10 µm/day) on the heat-treated side. (D) Left-right tibial slab sections from the same mouse labeled with oxytetracycline (OTC) show the increase in elongation rate on the heat-treated right side. The meta",,,mouse,,12-week-old; 3-week-old; 4-week-old,True,False,1.4; 1; 6,0.16 mm; 0.13 mm; 10 µm,,,False,True,False,False,0.3,False
29915560.0,PMC5994414,10.3389/fendo.2018.00289,Heat-Induced Limb Length Asymmetry Has Functional Impact on Weight Bearing in Mouse Hindlimbs.,2018.0,Frontiers in endocrinology,FULL_TEXT_VERIFIED,caption,"Increases in weight bearing and tibial elongation rate are correlated. Error bar plot shows that hindlimb weight bearing measured with an incapacitance tester (A) did not show significant left-right differences before the experiments. After 1-week heat-treatment, hindlimb weight bearing increased nearly 20% (>1 g) on the heat-treated side. Mean ± 1 SE plotted. Scatter plot (B) shows a significant positive linear relationship between the increase in weight bearing and increase in tibial elongation rate after 1 week of daily intermittent limb heating (y = 14.23 + 0.9x). Individual mice are plotted.",,,mouse,,12-week-old; 3-week-old; 4-week-old,True,False,20,,,,False,True,False,False,0.3,False
36544157.0,PMC9768884,10.1186/s13023-022-02590-5,Growth hormone treatment improves final height in children with X-linked hypophosphatemia.,2022.0,Orphanet journal of rare diseases,FULL_TEXT_VERIFIED,body,"Impaired bone elongation in XLH resides at least partly in structural abnormalities of the growth plate, as it was described in a murine model of XLH (Hyp mice) by Fuente et al., which hinder normal endochondral ossification [28].",,phosphate; vitamin D,mouse,,,False,True,,,,,False,True,False,True,0.0,False
35250876.0,PMC8889571,10.3389/fendo.2022.820001,Clinical Characteristics of Short-Stature Patients With Collagen Gene Mutation and the Therapeutic Response to rhGH.,2022.0,Frontiers in endocrinology,FULL_TEXT_VERIFIED,body,"The cartilaginous growth plate consists of extracellular matrix (ECM) and linear columns of differentiated chondrocytes that are organized into resting, proliferating, mature, and hypertrophic zones, which are continuously replaced by trabecular bone with the increase in length (1, 18, 19).",,,human,metatarsal organ culture,,True,False,,,,,False,True,False,False,0.0,False
30864634.0,PMC10118839,10.20945/2359-3997000000105,Genetic causes of isolated short stature.,2019.0,Archives of endocrinology and metabolism,FULL_TEXT_VERIFIED,body,Endochondral ossification is a complex process which occurs in the growth plate to promote bone elongation and consequent increase in height.,,,human,,,True,False,,,,,False,True,False,False,0.0,False
30864634.0,PMC10118839,10.20945/2359-3997000000105,Genetic causes of isolated short stature.,2019.0,Archives of endocrinology and metabolism,FULL_TEXT_VERIFIED,body,"GH is secreted by the pituitary gland, and promotes bone elongation mainly through regulating synthesis of IGF-1, both circulating and peripheral.",,,human,,,True,False,,,,,False,True,False,True,0.0,False
34705504.0,PMC8550245,10.1126/sciadv.abj5018,A novel therapeutic strategy for skeletal disorders: Proof of concept of gene therapy for X-linked hypophosphatemia.,2021.0,Science advances,FULL_TEXT_VERIFIED,body,"Consistently with the amelioration of bone microarchitecture, we observed substantial improvement of the growth plate structure, responsible for bone elongation, as evidenced by Safranin O staining (Fig.",,phosphate; vitamin D,mouse,in vivo,4-week-old; 6-week-old,True,False,,,,,False,True,False,False,0.0,False
34705504.0,PMC8550245,10.1126/sciadv.abj5018,A novel therapeutic strategy for skeletal disorders: Proof of concept of gene therapy for X-linked hypophosphatemia.,2021.0,Science advances,FULL_TEXT_VERIFIED,body,AAV-cFGF23 injection promoted the elongation of femur and tibia in treated mice together with a general amelioration of the bone structure and a reduction of the distorted epiphysis and diaphysis typically observed in Hyp-Duk mice (Fig.,,phosphate; vitamin D,mouse,in vivo,4-week-old; 6-week-old,True,True,,,,,False,True,False,False,0.0,False
34705504.0,PMC8550245,10.1126/sciadv.abj5018,A novel therapeutic strategy for skeletal disorders: Proof of concept of gene therapy for X-linked hypophosphatemia.,2021.0,Science advances,FULL_TEXT_VERIFIED,body,"4, A to D), we observed a partial rescue of body and tail length in Hyp-Duk mice after AAV-cFGF23 treatment, suggestive of a general positive effect on the longitudinal bone elongation (Fig.",,phosphate; vitamin D,mouse,in vivo,4-week-old; 6-week-old,True,False,,,,,False,True,False,False,0.0,False
34705504.0,PMC8550245,10.1126/sciadv.abj5018,A novel therapeutic strategy for skeletal disorders: Proof of concept of gene therapy for X-linked hypophosphatemia.,2021.0,Science advances,FULL_TEXT_VERIFIED,body,Treatment with AAV-cFGF23 in 1-month-old mice resulted in complete rescue of bone structure but partially corrected bone length.,,phosphate; vitamin D,mouse,in vivo,4-week-old; 6-week-old,True,False,,,,,False,True,False,False,0.0,False
34705504.0,PMC8550245,10.1126/sciadv.abj5018,A novel therapeutic strategy for skeletal disorders: Proof of concept of gene therapy for X-linked hypophosphatemia.,2021.0,Science advances,FULL_TEXT_VERIFIED,body,"Although this age was selected because gene transfer to the liver results in stable expression of the transgene (45), we cannot exclude that AAV treatment at a younger age (i.e., 2 weeks) may still provide sufficient transgene expression and complete bone length restoration.",,phosphate; vitamin D,mouse,in vivo,4-week-old; 6-week-old,True,False,,,,,False,True,False,False,0.0,False
34705504.0,PMC8550245,10.1126/sciadv.abj5018,A novel therapeutic strategy for skeletal disorders: Proof of concept of gene therapy for X-linked hypophosphatemia.,2021.0,Science advances,FULL_TEXT_VERIFIED,body,"Since the femur length of Hyp-Duk mice is significantly shorter than in WT mice, the ROIs were adjusted according to the femur size (50).",,phosphate; vitamin D,mouse,in vivo,4-week-old; 6-week-old,False,True,,,,,False,True,False,False,0.0,False
34705504.0,PMC8550245,10.1126/sciadv.abj5018,A novel therapeutic strategy for skeletal disorders: Proof of concept of gene therapy for X-linked hypophosphatemia.,2021.0,Science advances,FULL_TEXT_VERIFIED,body,The average femur length of WT mouse in our study was equal to 15.3 mm.,,phosphate; vitamin D,mouse,in vivo,4-week-old; 6-week-old,False,False,,15.3 mm,,,False,True,False,False,0.0,False
34705504.0,PMC8550245,10.1126/sciadv.abj5018,A novel therapeutic strategy for skeletal disorders: Proof of concept of gene therapy for X-linked hypophosphatemia.,2021.0,Science advances,FULL_TEXT_VERIFIED,body,"Two hundred slices in each ROI (distal metaphysis of femur for trabecular bone and mid-diaphysis of femur for cortical bone) taken in analyses correspond to 2 mm, which is equal to 13.1% of total femur length (2 mm/15.3 mm × 100 = 13.1%).",,phosphate; vitamin D,mouse,in vivo,4-week-old; 6-week-old,False,False,13.1; 13.1,2 mm; 2 mm; 15.3 mm,,,False,True,False,False,0.3,False
34705504.0,PMC8550245,10.1126/sciadv.abj5018,A novel therapeutic strategy for skeletal disorders: Proof of concept of gene therapy for X-linked hypophosphatemia.,2021.0,Science advances,FULL_TEXT_VERIFIED,body,"Consequently, the ROIs for each femur were adjusted according to this calculation to obtain the 13.1% of total femur length.",,phosphate; vitamin D,mouse,in vivo,4-week-old; 6-week-old,False,False,13.1,,,,False,True,False,False,0.3,False
34705504.0,PMC8550245,10.1126/sciadv.abj5018,A novel therapeutic strategy for skeletal disorders: Proof of concept of gene therapy for X-linked hypophosphatemia.,2021.0,Science advances,FULL_TEXT_VERIFIED,caption,"AAV-cFGF23 increases bone growth at whole body level and rescues sacroiliac joint structure.One-month-old Hyp-Duk and WT mice were treated as described in Fig. 2. Mice were monthly measured starting from day zero to evaluate the morphometric parameters. (A to D) Micro-CT images of femur (A) and tibia (C) acquired 3 months after injection. Femur (B) and tibia (D) length as measured on the micro-CT images. (E) Picture of PBS-treated WT and Hyp-Duk mice treated with PBS or AAV-cFGF23 taken 3 months after the injection. The dashed line represents the beginning of the tail. Photo credit: Severine Charles, Genethon. (F to H) Morphometric parameters measured before and 1, 2, and 3 months after AAV-cFGF23 or PBS treatment in WT and Hyp-Duk animals. (F) Body weight. (G) Body size. (H) Tail length. (I) Micro-CT images of sacroiliac joint 3 months after the injection. Multiple erosions and irregula",,phosphate; vitamin D,mouse,in vivo,4-week-old; 6-week-old,True,False,,,,14,True,True,False,False,0.4,False
25639189.0,PMC6818498,10.1002/jor.22812,Unilateral heat accelerates bone elongation and lengthens extremities of growing mice.,2015.0,Journal of orthopaedic research : official publication of the Orthopaedic Research Society,FULL_TEXT_VERIFIED,body,"Exposure to warm ambient temperature during growth increases limb length, suggesting that targeted heat could noninvasively enhance bone elongation.",,,mouse,in vivo,12-week-old; 5-Week-Old; 5-week-old,True,False,,,,,False,True,False,False,0.0,False
25639189.0,PMC6818498,10.1002/jor.22812,Unilateral heat accelerates bone elongation and lengthens extremities of growing mice.,2015.0,Journal of orthopaedic research : official publication of the Orthopaedic Research Society,FULL_TEXT_VERIFIED,body,We tested the hypothesis that daily heat exposure on one side of the body unilaterally increases femoral and tibial lengths.,,,mouse,in vivo,12-week-old; 5-Week-Old; 5-week-old,True,False,,,,,False,True,False,False,0.0,False
25639189.0,PMC6818498,10.1002/jor.22812,Unilateral heat accelerates bone elongation and lengthens extremities of growing mice.,2015.0,Journal of orthopaedic research : official publication of the Orthopaedic Research Society,FULL_TEXT_VERIFIED,body,Tibial elongation rate was > 12% greater (15 μm/day) on the heat-treated side.,,,mouse,in vivo,12-week-old; 5-Week-Old; 5-week-old,True,False,12,15 μm,,,False,True,False,False,0.3,False
25639189.0,PMC6818498,10.1002/jor.22812,Unilateral heat accelerates bone elongation and lengthens extremities of growing mice.,2015.0,Journal of orthopaedic research : official publication of the Orthopaedic Research Society,FULL_TEXT_VERIFIED,body,"Ear area, hindfoot, femoral, and tibial lengths were still significantly increased ~6%, 3.5%, 1%, and 1%, respectively, on the heat-treated side.",,,mouse,in vivo,12-week-old; 5-Week-Old; 5-week-old,True,False,6; 3.5; 1; 1,,,,False,True,False,False,0.3,False
25639189.0,PMC6818498,10.1002/jor.22812,Unilateral heat accelerates bone elongation and lengthens extremities of growing mice.,2015.0,Journal of orthopaedic research : official publication of the Orthopaedic Research Society,FULL_TEXT_VERIFIED,body,"Data from our lab and others demonstrate that exposure to warm ambient temperature during growth increases bone blood supply and length in young mice.6,7 While continuous whole body heating does not effectively translate to the clinic, intermittent-targeted heating could be accomplished with a heating pad or temperature cuff.",,,mouse,in vivo,12-week-old; 5-Week-Old; 5-week-old,True,False,,,,,False,True,False,False,0.0,False
25639189.0,PMC6818498,10.1002/jor.22812,Unilateral heat accelerates bone elongation and lengthens extremities of growing mice.,2015.0,Journal of orthopaedic research : official publication of the Orthopaedic Research Society,FULL_TEXT_VERIFIED,body,We hypothesize that daily heat exposure on one side of the body will unilaterally increase femoral and tibial lengths on the heat-treated side.,,,mouse,in vivo,12-week-old; 5-Week-Old; 5-week-old,True,False,,,,,False,True,False,False,0.0,False
25639189.0,PMC6818498,10.1002/jor.22812,Unilateral heat accelerates bone elongation and lengthens extremities of growing mice.,2015.0,Journal of orthopaedic research : official publication of the Orthopaedic Research Society,FULL_TEXT_VERIFIED,body,"In addition to limb length, cartilaginous ears were measured to document a treatment effect because ear size increases with ambient temperature.7,18",,,mouse,in vivo,12-week-old; 5-Week-Old; 5-week-old,True,False,,,,,False,True,False,False,0.0,False
25639189.0,PMC6818498,10.1002/jor.22812,Unilateral heat accelerates bone elongation and lengthens extremities of growing mice.,2015.0,Journal of orthopaedic research : official publication of the Orthopaedic Research Society,FULL_TEXT_VERIFIED,body,Measurements were acquired from the scanned and calibrated images by drawing a line between proximal and distal landmarks on the articular ends: Femoral length was measured parallel to the shaft from the proximal-most point on the greater trochanter to the distal-most point on the medial condyle; tibial length was measured between the proximal articular surface and the distal-most point on the medial malleolus; and humeral length was the distance between the most proximal and distal articular surfaces.,,,mouse,in vivo,12-week-old; 5-Week-Old; 5-week-old,True,False,,,,,False,True,False,False,0.0,False
25639189.0,PMC6818498,10.1002/jor.22812,Unilateral heat accelerates bone elongation and lengthens extremities of growing mice.,2015.0,Journal of orthopaedic research : official publication of the Orthopaedic Research Society,FULL_TEXT_VERIFIED,body,Tibial elongation rate was over 12% greater on the heat-treated side (Figs.,,,mouse,in vivo,12-week-old; 5-Week-Old; 5-week-old,True,False,12,,,,False,True,False,False,0.3,False
25639189.0,PMC6818498,10.1002/jor.22812,Unilateral heat accelerates bone elongation and lengthens extremities of growing mice.,2015.0,Journal of orthopaedic research : official publication of the Orthopaedic Research Society,FULL_TEXT_VERIFIED,body,"The average increases in femoral length on the heat-treated side were 1% and 1.6%, respectively, in the left and right side groups.",,,mouse,in vivo,12-week-old; 5-Week-Old; 5-week-old,True,False,1; 1.6,,,,False,True,False,False,0.3,False
25639189.0,PMC6818498,10.1002/jor.22812,Unilateral heat accelerates bone elongation and lengthens extremities of growing mice.,2015.0,Journal of orthopaedic research : official publication of the Orthopaedic Research Society,FULL_TEXT_VERIFIED,body,Our data support the hypothesis that daily unilateral limb heating increases femoral and tibial lengths on the heat-treated side.,,,mouse,in vivo,12-week-old; 5-Week-Old; 5-week-old,True,False,,,,,False,True,False,False,0.0,False
25639189.0,PMC6818498,10.1002/jor.22812,Unilateral heat accelerates bone elongation and lengthens extremities of growing mice.,2015.0,Journal of orthopaedic research : official publication of the Orthopaedic Research Society,FULL_TEXT_VERIFIED,body,The rationale for the model is to develop methods for increasing bone length with minimally invasive methods that can apply to many different growth-limiting conditions.,,,mouse,in vivo,12-week-old; 5-Week-Old; 5-week-old,True,False,,,,,False,True,False,False,0.0,False
25639189.0,PMC6818498,10.1002/jor.22812,Unilateral heat accelerates bone elongation and lengthens extremities of growing mice.,2015.0,Journal of orthopaedic research : official publication of the Orthopaedic Research Society,FULL_TEXT_VERIFIED,body,Routine heat exposure developed in the model here could thus provide a method for augmenting drug-induced limb elongation.,,,mouse,in vivo,12-week-old; 5-Week-Old; 5-week-old,True,False,,,,,False,True,False,False,0.0,False
25639189.0,PMC6818498,10.1002/jor.22812,Unilateral heat accelerates bone elongation and lengthens extremities of growing mice.,2015.0,Journal of orthopaedic research : official publication of the Orthopaedic Research Society,FULL_TEXT_VERIFIED,body,"This could be tested by decreasing shoulder temperature with cold, which stunts limb elongation in a dose-dependent manner.32",,,mouse,in vivo,12-week-old; 5-Week-Old; 5-week-old,False,True,,,,,False,True,False,False,0.0,False
25639189.0,PMC6818498,10.1002/jor.22812,Unilateral heat accelerates bone elongation and lengthens extremities of growing mice.,2015.0,Journal of orthopaedic research : official publication of the Orthopaedic Research Society,FULL_TEXT_VERIFIED,body,Doyle and Smart34 used daily application of short-wave diathermy (heat generating treatment) near the growth plate in rats and showed an increase in femoral and tibial lengths.,,,mouse,in vivo,12-week-old; 5-Week-Old; 5-week-old,True,False,,,,,False,True,False,False,0.0,False
25639189.0,PMC6818498,10.1002/jor.22812,Unilateral heat accelerates bone elongation and lengthens extremities of growing mice.,2015.0,Journal of orthopaedic research : official publication of the Orthopaedic Research Society,FULL_TEXT_VERIFIED,body,"The distal femoral and proximal tibial growth plates contribute most to lower limb lengthening in humans.31 Use of a localized heating device around the knee could be a clinically useful tool to augment existing drug therapies (i.e., growth hormone injections) and to potentially avoid invasive surgical limb length correction.",,,mouse,in vivo,12-week-old; 5-Week-Old; 5-week-old,True,False,,,,,False,True,False,True,0.0,False
25639189.0,PMC6818498,10.1002/jor.22812,Unilateral heat accelerates bone elongation and lengthens extremities of growing mice.,2015.0,Journal of orthopaedic research : official publication of the Orthopaedic Research Society,FULL_TEXT_VERIFIED,body,Extremities are lengthened on the heat-treated side. (A) Error bar plots show > 12% increase in tibial elongation rate on the heat-treated side. (B) Right-left tibial slab sections from the same mouse labeled with OTC.,,,mouse,in vivo,12-week-old; 5-Week-Old; 5-week-old,True,False,12,,,,False,True,False,False,0.3,False
25639189.0,PMC6818498,10.1002/jor.22812,Unilateral heat accelerates bone elongation and lengthens extremities of growing mice.,2015.0,Journal of orthopaedic research : official publication of the Orthopaedic Research Society,FULL_TEXT_VERIFIED,body,Yellow segment of the vertical line on the heat-treated side shows the total difference in length measured over 7-days. (C) Ear area and (D) tibial length remain significantly increased on the heat-treated side in skeletally mature adults after only 14 days of juvenile heat exposure (see Fig.,,,mouse,in vivo,12-week-old; 5-Week-Old; 5-week-old,True,False,,,,,False,True,False,False,0.0,False
25639189.0,PMC6818498,10.1002/jor.22812,Unilateral heat accelerates bone elongation and lengthens extremities of growing mice.,2015.0,Journal of orthopaedic research : official publication of the Orthopaedic Research Society,FULL_TEXT_VERIFIED,body,"Paired comparisons of non-treated and heat-treated sides of mice that were treated on left (A) and right (B) show an average increase in femoral length on the heat-treated side of 1% and 1.6%, respectively.",,,mouse,in vivo,12-week-old; 5-Week-Old; 5-week-old,True,False,1; 1.6,,,,False,True,False,False,0.3,False
25639189.0,PMC6818498,10.1002/jor.22812,Unilateral heat accelerates bone elongation and lengthens extremities of growing mice.,2015.0,Journal of orthopaedic research : official publication of the Orthopaedic Research Society,FULL_TEXT_VERIFIED,caption,Extremities are lengthened on the heat-treated side. (A) Error bar plots show > 12% increase in tibial elongation rate on the heat-treated side. (B) Right-left tibial slab sections from the same mouse labeled with OTC. The metaphyseal chondro-osseous junction (COJ) is indicated by the single arrowheads. Double arrowheads show OTC band in metaphyseal bone. Growth rate was calculated by measuring the vertical distance between the arrowheads (gray lines). Yellow segment of the vertical line on the heat-treated side shows the total difference in length measured over 7-days. (C) Ear area and (D) tibial length remain significantly increased on the heat-treated side in skeletally mature adults after only 14 days of juvenile heat exposure (see Fig. 1). Mean ± 1 standard error plotted.,,,mouse,in vivo,12-week-old; 5-Week-Old; 5-week-old,True,False,12,,,,False,True,False,False,0.3,False
25639189.0,PMC6818498,10.1002/jor.22812,Unilateral heat accelerates bone elongation and lengthens extremities of growing mice.,2015.0,Journal of orthopaedic research : official publication of the Orthopaedic Research Society,FULL_TEXT_VERIFIED,caption,"Comparisons of individual mice treated on left and right sides versus non-treated control mice rule out potential side asymmetry. Paired comparisons of non-treated and heat-treated sides of mice that were treated on left (A) and right (B) show an average increase in femoral length on the heat-treated side of 1% and 1.6%, respectively. In contrast, left-right differences were absent in control mice (C).",,,mouse,in vivo,12-week-old; 5-Week-Old; 5-week-old,True,False,1; 1.6,,,,False,True,False,False,0.3,False
34282216.0,PMC8290032,10.1038/s41598-021-94146-z,Evaluating the results of long tubular bone distraction with an advanced rod monolateral external fixator for achondroplasia.,2021.0,Scientific reports,FULL_TEXT_VERIFIED,body,The average increase in bone length was 53 ± 5%.,,,human,,,True,False,5,,,,False,True,False,False,0.3,False
34282216.0,PMC8290032,10.1038/s41598-021-94146-z,Evaluating the results of long tubular bone distraction with an advanced rod monolateral external fixator for achondroplasia.,2021.0,Scientific reports,FULL_TEXT_VERIFIED,body,The average gain of the bone length made 52.0 ± 8.2%.,,,human,,,True,False,8.2,,,,False,True,False,False,0.3,False
34282216.0,PMC8290032,10.1038/s41598-021-94146-z,Evaluating the results of long tubular bone distraction with an advanced rod monolateral external fixator for achondroplasia.,2021.0,Scientific reports,FULL_TEXT_VERIFIED,body,The average growth of bone length was 30.0 ± 6%.,,,human,,,False,False,6,,,,False,True,False,False,0.3,False
34282216.0,PMC8290032,10.1038/s41598-021-94146-z,Evaluating the results of long tubular bone distraction with an advanced rod monolateral external fixator for achondroplasia.,2021.0,Scientific reports,FULL_TEXT_VERIFIED,body,"Paley, report that the elongation of the lower limbs up to 40 cm, or more than 50% of bone length in 3 or 4 steps, is possible to perform without subsequent complications14.",,,human,,,False,False,50,,,,False,True,False,False,0.3,False
34282216.0,PMC8290032,10.1038/s41598-021-94146-z,Evaluating the results of long tubular bone distraction with an advanced rod monolateral external fixator for achondroplasia.,2021.0,Scientific reports,FULL_TEXT_VERIFIED,body,"Others argue that no more than 50% of total bone length should be elongated (no more than 10 cm) due to abnormal growth rates after limb lengthening20,21.",,,human,,,False,False,50,,,,False,True,False,False,0.3,False
34539537.0,PMC8440883,10.3389/fneur.2021.653471,Hyoid Elongation May Be a Rare Cause of Recurrent Ischemic Stroke in Youth-A Case Report and Literature Review.,2021.0,Frontiers in neurology,FULL_TEXT_VERIFIED,body,"The length of the hyoid bone, presenting the distance from the middle of the anterior part of the body to a hypothetical line connecting the distal parts of the greater horns, was 36.38 ± 4.88 mm.",,antiplatelet,human,,,True,False,,4.88 mm,,,False,True,False,False,0.0,False
34539537.0,PMC8440883,10.3389/fneur.2021.653471,Hyoid Elongation May Be a Rare Cause of Recurrent Ischemic Stroke in Youth-A Case Report and Literature Review.,2021.0,Frontiers in neurology,FULL_TEXT_VERIFIED,body,"In our case, the width and length of the hyoid bone was 65 mm and 32 mm respectively, the width of the body was 24 mm, and the length of the greater horn was 37.9 mm.",,antiplatelet,human,,,True,False,,65 mm; 32 mm; 24 mm; 37.9 mm,,,False,True,False,False,0.0,False
26818783.0,PMC4912663,10.3109/03008207.2016.1140752,"The cast of clasts: catabolism and vascular invasion during bone growth, repair, and disease by osteoclasts, chondroclasts, and septoclasts.",2016.0,Connective tissue research,FULL_TEXT_VERIFIED,body,"The treatment blocked vascular invasion much as had the plastic sheets, and it led to a 3-to-6-fold thickening of the growth plate, a halving of limb bone growth in length, and failure to recruit TRAP-positive multinucleated cells to the mineralized cartilage trabeculae of the lower hypertrophic zone.",,,mouse,metatarsal organ culture,2-week-old; 4-week-old; embryonic day 19,False,True,,,,,False,True,False,False,0.0,False
35905390.0,PMC9547842,10.1002/adhm.202200471,Growing Pains: The Need for Engineered Platforms to Study Growth Plate Biology.,2022.0,Advanced healthcare materials,FULL_TEXT_VERIFIED,body,"In the hypertrophic zone, chondrocytes begin to separate from one another, become rounded, and expand in size.[ 50 , 52 , 57 ] Chondrocytes in this zone enlarge to four times the size of chondrocytes in the proliferative zone,[ 57 ] stop proliferating, and undergo apoptosis.[ 10 , 50 ] Terminal differentiation of chondrocytes is associated with an increase in cell volume, intracellular calcium concentration,[ 52 ] alkaline phosphatase enzyme activity, and synthesis and secretion of Collagen X.[ 9 , 50 ] Hypertrophic chondrocytes direct mineralization of the surrounding matrix[ 52 ] and attract blood vessels and chondroclasts from the metaphysis.[ 58 ] Blood vessels from the metaphysis invade the cartilage of the hypertrophic zone, form new vascular channels via angiogenesis, and provide access for other cell types involved in bone formation.[ 59 , 60 ] Differentiating osteoblasts and ost",,,mouse,in vivo,p65,True,False,,,,,False,True,True,False,0.0,False
35905390.0,PMC9547842,10.1002/adhm.202200471,Growing Pains: The Need for Engineered Platforms to Study Growth Plate Biology.,2022.0,Advanced healthcare materials,FULL_TEXT_VERIFIED,body,"IGF1 is the major regulator of growth and normal skeletal development does not occur without proper IGF1 activity.[ 132 ] IGF1 promotes chondrocyte proliferation and hypertrophy in the growth plates leading to bone elongation.[ 133 ] IGF1‐receptor signaling controls cell growth, survival, and differentiation in embryonic and postnatal growth plates by parathyroid hormone‐related protein suppression.[ 128 ] IGF1 and its receptor positively act on Wnt and PI3K/Akt signaling pathways,[ 133 ] which are both important pathways in chondrogenesis[ 134 ] and osteogenesis.[ 135 ]",,,mouse,in vivo,p65,True,True,,,,,False,True,False,True,0.0,False
35650194.0,PMC9160028,10.1038/s41467-022-30618-8,Mechanical forces couple bone matrix mineralization with inhibition of angiogenesis to limit adolescent bone growth.,2022.0,Nature communications,FULL_TEXT_VERIFIED,body,"Scale bar 500 µm. f Quantification of ossification front length to femur length ratio in control and Dmp1i∆OB mice. d, f Control n = 14, Dmp1i∆OB n = 13. g Quantification of bulges by measuring the total EMCN intensity in the central GP in control and Dmp1i∆OB mice.",,,mouse,in vivo,12-week-old; 4-week-old; 5-week-old; 6-week-old,False,False,,500 µm,,14; 13,False,True,False,False,0.0,False
35650194.0,PMC9160028,10.1038/s41467-022-30618-8,Mechanical forces couple bone matrix mineralization with inhibition of angiogenesis to limit adolescent bone growth.,2022.0,Nature communications,FULL_TEXT_VERIFIED,body,"Scale bar 500 µm. f Quantification of ossification front length to femur length ratio in control and Dmp1i∆OB mice. d, f Control n = 14, Dmp1i∆OB n = 13. g Quantification of bulges by measuring the total EMCN intensity in the central GP in control and Dmp1i∆OB mice.",,,mouse,in vivo,12-week-old; 4-week-old; 5-week-old; 6-week-old,False,False,,500 µm,,14; 13,False,True,False,False,0.0,False
35650194.0,PMC9160028,10.1038/s41467-022-30618-8,Mechanical forces couple bone matrix mineralization with inhibition of angiogenesis to limit adolescent bone growth.,2022.0,Nature communications,FULL_TEXT_VERIFIED,body,"7Molecular mechanism transforming type H into type L vessels to limit adolescent bone growth activity.At the age of preadolescence, body weight-associated mechanical loading at the OF-GP border is only moderate, thus allowing the tip cells of type H vessels to invade the GP and promote bone elongation.",,,mouse,in vivo,12-week-old; 4-week-old; 5-week-old; 6-week-old,True,False,,,,,False,True,False,False,0.0,False
35650194.0,PMC9160028,10.1038/s41467-022-30618-8,Mechanical forces couple bone matrix mineralization with inhibition of angiogenesis to limit adolescent bone growth.,2022.0,Nature communications,FULL_TEXT_VERIFIED,body,"At the age of preadolescence, body weight-associated mechanical loading at the OF-GP border is only moderate, thus allowing the tip cells of type H vessels to invade the GP and promote bone elongation.",,,mouse,in vivo,12-week-old; 4-week-old; 5-week-old; 6-week-old,True,False,,,,,False,True,False,False,0.0,False
35650194.0,PMC9160028,10.1038/s41467-022-30618-8,Mechanical forces couple bone matrix mineralization with inhibition of angiogenesis to limit adolescent bone growth.,2022.0,Nature communications,FULL_TEXT_VERIFIED,caption,"DMP1 transforms active type H vessels into quiescent type L in the OF and in subchondral bone.a EMCN and MMP9 immunostaining of femur. Dashed line shows the OF-GP border. White arrows point at type H vessels. Scale bar 50 µm. b Quantification of the contribution of the central and peripheral parts to the total EMCN intensity. At 4- and 5-weeks n = 7, 5.5–6 weeks n = 12, 8 weeks n = 6, 12–15 weeks n = 6. Pooled data from six independent experiments. P value shows the significance between the intensity in the centre versus periphery for every mouse (two-tailed paired t-test). Mean ± SD. c Experimental scheme to induce Dmp1 deletion by Tamoxifen injection. d Quantification of DMP1 amount in the OF centre of control and osteoblast-specific inducible Dmp1-deleted (Dmp1i∆OB) mice. Two-tailed Mann–Whitney test. e EMCN and MMP9 immunostaining of 6-week-old control and Dmp1i∆OB femurs. Scale bar ",,,mouse,in vivo,12-week-old; 4-week-old; 5-week-old; 6-week-old,False,False,,50 µm; 500 µm; 50 µm; 50 µm,,7; 12; 6,False,True,False,True,0.0,False
35650194.0,PMC9160028,10.1038/s41467-022-30618-8,Mechanical forces couple bone matrix mineralization with inhibition of angiogenesis to limit adolescent bone growth.,2022.0,Nature communications,FULL_TEXT_VERIFIED,caption,"Molecular mechanism transforming type H into type L vessels to limit adolescent bone growth activity.At the age of preadolescence, body weight-associated mechanical loading at the OF-GP border is only moderate, thus allowing the tip cells of type H vessels to invade the GP and promote bone elongation. During periadolescence, mechanical loading through increased body weight and/or muscle contractions triggers the mechanoreceptor PIEZO1 (1) to enhance the production of FAM20C kinase (2) in osteoblasts, which induces a burst in DMP1 secretion into extracellular matrix (3). Large amounts of extracellular DMP1 inhibit VEGF signalling in the OF by preventing the phosphorylation of VEGFR2 (4) and – presumably indirectly via reduced activation of VEFGR2 – the expression of VEGFR3 (5) on the tip cells of type H endothelium. Hence, highly-angiogenic type H vessels are transformed into quiescent ty",,,mouse,in vivo,12-week-old; 4-week-old; 5-week-old; 6-week-old,True,True,,,,,False,True,True,False,0.0,False
37072824.0,PMC10114380,10.1186/s13023-023-02664-y,Craniofacial growth and function in achondroplasia: a multimodal 3D study on 15 patients.,2023.0,Orphanet journal of rare diseases,FULL_TEXT_VERIFIED,body,"Activating FGFR3 mutations lead to disorganisation of growth plate cartilage, premature fusion of the skull base synchondroses and impaired bone elongation [3, 7–10].",,,mouse,,,False,True,,,,,False,True,False,True,0.0,False
35334960.0,PMC8951765,10.3390/nu14061303,Dietary Complex and Slow Digestive Carbohydrates Promote Bone Mass and Improve Bone Microarchitecture during Catch-Up Growth in Rats.,2022.0,Nutrients,FULL_TEXT_VERIFIED,body,"Similarly, subtle modifications in the fatty acid composition of catch-up diets may improve bone elongation and microstructure [12].",,Carbohydrates; SDC; carbohydrates,mouse,in vivo,,True,False,,,,,False,True,False,False,0.0,False
32962034.0,PMC7551862,10.3390/md18090472,Fermented Oyster Extract Promotes Insulin-Like Growth Factor-1-Mediated Osteogenesis and Growth Rate.,2020.0,Marine drugs,FULL_TEXT_VERIFIED,body,"Mice lacking GH and IGF-1 receptor (Gh−/− and IGF-1−/−) showed greater reduction in bone mass and length compared with the wild-type (Ghr+/+ and IGF-1+/+) mice, suggesting that GH and IGF-1 are important for bone formation [34].",,DOI hydrochloride; PPP; beta-glycerophosphate; calcium; picropodophyllin,mouse,,,True,True,,,,,False,True,False,True,0.0,False
33543731.0,PMC8052574,10.1530/ec-20-0585,Growth failure: 'idiopathic' only after a detailed diagnostic evaluation.,2021.0,Endocrine connections,FULL_TEXT_VERIFIED,body,"The FGF receptor 3, encoded by FGFR3, acts as a negative regulator of chondrogenesis, so heterozygous activating variants impair bone elongation resulting in short-limbed skeletal dysplasia (14).",,,human,,,False,True,,,,,False,True,False,True,0.0,False
30271858.0,PMC6147151,10.1016/j.reth.2017.08.001,"The role of Tsukushi (TSK), a small leucine-rich repeat proteoglycan, in bone growth.",2017.0,Regenerative therapy,FULL_TEXT_VERIFIED,body,"Biglycan-deficient mice exhibit decreased body and bone length, mineral density, and bone mass [11], [12], [13].",,,mouse,in vivo,20-week-old; 3-week-old; P0; P2,False,True,,,,,False,True,False,False,0.0,False
30271858.0,PMC6147151,10.1016/j.reth.2017.08.001,"The role of Tsukushi (TSK), a small leucine-rich repeat proteoglycan, in bone growth.",2017.0,Regenerative therapy,FULL_TEXT_VERIFIED,body,TSK−/− mice displayed a significant reduction in femur length revealing a delay in longitudinal bone growth when compared with that of WT littermates (Fig.,,,mouse,in vivo,20-week-old; 3-week-old; P0; P2,False,True,,,,,False,True,False,False,0.0,False
30271858.0,PMC6147151,10.1016/j.reth.2017.08.001,"The role of Tsukushi (TSK), a small leucine-rich repeat proteoglycan, in bone growth.",2017.0,Regenerative therapy,FULL_TEXT_VERIFIED,body,"WT littermates, n = 10). (D) Representative whole-body X-ray images showing reduced skeletal size in TSK−/− mice at 3 weeks of age compared with that of WT littermates. (E) Femur lengths of TSK−/− and WT mice, displaying a significant reduction in femur length in TSK−/− mice both at 3 and 20 weeks of age (*p < 0.05, **p < 0.01 vs.",,,mouse,in vivo,20-week-old; 3-week-old; P0; P2,False,True,,,,10,True,True,False,False,0.4,False
30271858.0,PMC6147151,10.1016/j.reth.2017.08.001,"The role of Tsukushi (TSK), a small leucine-rich repeat proteoglycan, in bone growth.",2017.0,Regenerative therapy,FULL_TEXT_VERIFIED,caption,"TSK−/− mice exhibited reduced body weight and shorter skeletons. (A) Representative whole-body macrograph images of WT and TSK−/− mice at 3 weeks of age showing reduced body size in TSK−/− mice compared with that of WT littermates. (B) Body length measurements recorded at 3 weeks of age from the top of the head to the base of the tail. TSK−/− mice showed a significant reduction in size (*p < 0.05 vs. WT littermates, n = 4). (C) Body weight measurements recorded during postnatal mouse development from 3 weeks to 10 weeks. TSK−/− mice weighed significantly less than their WT littermates at each age (*p < 0.05 vs. WT littermates, n = 10). (D) Representative whole-body X-ray images showing reduced skeletal size in TSK−/− mice at 3 weeks of age compared with that of WT littermates. (E) Femur lengths of TSK−/− and WT mice, displaying a significant reduction in femur length in TSK−/− mice both ",,,mouse,in vivo,20-week-old; 3-week-old; P0; P2,False,True,,,,4; 10; 4,True,True,False,False,0.4,False
33630953.0,PMC7906379,10.1371/journal.pone.0247718,"Effect of a high crude protein content diet during energy restriction and re-alimentation on animal performance, skeletal growth and metabolism of bone tissue in two genotypes of cattle.",2021.0,PloS one,FULL_TEXT_VERIFIED,body,The hypothesis of the current study was that a higher CP intake during energy restriction will increase the concentration of IGF-1 in plasma and stimulate bone elongation.,,HME; LME; crude protein; thyroxine; triiodothyronine,,,,True,False,,,,,False,True,False,True,0.0,False
33630953.0,PMC7906379,10.1371/journal.pone.0247718,"Effect of a high crude protein content diet during energy restriction and re-alimentation on animal performance, skeletal growth and metabolism of bone tissue in two genotypes of cattle.",2021.0,PloS one,FULL_TEXT_VERIFIED,body,"The results show a more severe retardation in terms of skeletal growth, as measured by trunk and tail length, tibial length, tibial width through the proximal epiphysis and the middle portion of the diaphysis, and width of the tibial proximal epiphyseal cartilage plate in rodents fed the low protein diets than pair-fed groups.",,HME; LME; crude protein; thyroxine; triiodothyronine,,,,False,True,,,,,False,True,False,False,0.0,False
27897169.0,PMC5477487,10.1038/ncomms13685,EZH1 and EZH2 promote skeletal growth by repressing inhibitors of chondrocyte proliferation and hypertrophy.,2016.0,Nature communications,FULL_TEXT_VERIFIED,caption,"Quantitative histology of proximal tibial growth plate.(a–f) Histological sections of proximal tibias of Ezh1−/− mice with cartilage-specific knockout for Ezh2 (b,d,f) or wild type for Ezh2 (a,c,e) at 3 days (a,b), 1 week (c,d) and 2 weeks (e,f) of age. HZ, hypertrophic zone (yellow bars); PZ, proliferative zone (blue bars); RZ, resting zone. (g,h) Higher magnification of hypertrophic chondrocytes of Ezh1−/− mice that are wild type (g) or with cartilage-specific knockout for Ezh2 (h) at 3 days old to illustrate the difference in terminal hypertrophic cell height (bracket). (i,j) Quantitative histological measurements of tibial length, PZ height and number of cells per proliferative column (i), and HZ height, number of cells per hypertrophic column and terminal hypertrophic cell height (j) in Ezh1−/− mice that are wild type (WT, N=6), heterozygous (Het, N=6) or with cartilage-specific kno",,,mouse,metatarsal organ culture,1-week-old; 2-week-old; 3-day-old; embryonic day 18,False,False,,50 μm,,6; 6; 8,True,True,False,False,0.4,False
27897169.0,PMC5477487,10.1038/ncomms13685,EZH1 and EZH2 promote skeletal growth by repressing inhibitors of chondrocyte proliferation and hypertrophy.,2016.0,Nature communications,FULL_TEXT_VERIFIED,caption,"Igfbp3/5 upregulation contributed to defects in chondrocyte hypertrophy.(a) Relative expression of Igfbp3 and 5 in different zones (RZ, PZ and HZ) isolated from proximal tibial growth plates of 3-day-old Ezh1/2 or wild-type mice. Tissue was isolated by laser capture microdissection, and messenger RNA levels were measured by real-time PCR; *P<0.05 between Ezh1/2 or wild-type mice within the same zone (N=6). (b) ChIP with H3K27me3 antibody (or IgG), followed by real-time PCR to compare levels of H3K27me3 near transcription start site of Igfbp3 and Igfbp5, in chondrocytes isolated from 1-week-old Ezh1/2 or wild-type mice. *P<0.05 between Ezh1/2 or wild-type mice for H3K27me3 (N=6). (c) Relative expression of Igfbp3 and Igfbp5 in monolayer primary chondrocytes isolated from 1-week-old wild-type mice treated with an Ezh1/2 inhibitor (UNC) or vehicle (DMSO). *P<0.05 (N=6). (d) Top panel: Alcia",,,mouse,metatarsal organ culture,1-week-old; 2-week-old; 3-day-old; embryonic day 18,False,True,,100 μm,,6; 6; 6,True,True,False,True,0.4,False
32871652.0,PMC7788345,10.6065/apem.1938198.099,Identification of a heterozygous ACAN mutation in a 15-year-old boy with short stature who presented with advanced bone age: a case report and review of the literature.,2020.0,Annals of pediatric endocrinology & metabolism,FULL_TEXT_VERIFIED,body,"Endochondral ossification is a complex phenomenon that promotes bone elongation and increasing height and involves proliferation, chondrocyte senescence and hypertrophy, and cartilage matrix synthesis [1].",,,mouse,,,True,False,,,,,False,True,False,False,0.0,False
31015371.0,PMC6522721,10.1042/bsr20190350,TGF-β prevents the denervation-induced reduction of bone formation and promotes the bone regeneration through inhibiting ubiquitin-proteasome pathway.,2019.0,Bioscience reports,FULL_TEXT_VERIFIED,body,"These animals grew rapidly, with distal femoral endochondral bone elongation rates of 28 μm/d for DNV-mice and 53 μm/d for Sham-mice at 3 weeks.",,,mouse,in vivo,6-week-old,False,False,,28 μm; 53 μm,,,False,True,False,False,0.0,False
27355317.0,PMC4971310,10.1210/er.2016-1036,A Track Record on SHOX: From Basic Research to Complex Models and Therapy.,2016.0,Endocrine reviews,FULL_TEXT_VERIFIED,body,"Conversely, Fgfr3 knockout mice have been shown to display long bone elongation that correlates with increased chondrocyte proliferation and an elongated growth plate hypertrophic zone (111, 112).",,,mouse,in vivo,E11.5; E12.5; E14.5; E17.5,True,False,,,,,False,True,False,True,0.0,False
27355317.0,PMC4971310,10.1210/er.2016-1036,A Track Record on SHOX: From Basic Research to Complex Models and Therapy.,2016.0,Endocrine reviews,FULL_TEXT_VERIFIED,body,"CNP-deficient mice exhibit severe dwarfism, with a 50–80% reduction in the length of endochondral bones such as the femur, tibia, and vertebrae.",,,mouse,in vivo,E11.5; E12.5; E14.5; E17.5,False,True,80,,,,False,True,False,True,0.3,False
39262574.0,PMC11388000,10.1210/jendso/bvae141,Anastrozole vs Letrozole to Augment Height in Pubertal Males With Idiopathic Short Stature: A 3-Year Randomized Trial.,2024.0,Journal of the Endocrine Society,FULL_TEXT_VERIFIED,body,"Criteria to discontinue therapy in the first 2 years included significant and/or persistent side effects, reduction in growth velocity to less than 3 cm/y while bone age (BA) was still mid-pubertal (< 15 y), or reduction in growth velocity to < 2 cm/y and advance in BA indicating the impending termination of pubertal growth.",,Anastrozole; Letrozole; anastrozole; estradiol; letrozole; testosterone,human,,,False,True,,,,,False,True,False,True,0.0,False
40150607.0,PMC11941739,10.3390/children12030325,Efficacy and Safety of Growth Hormone (GH) Therapy in Patients with SHOX Gene Variants.,2025.0,"Children (Basel, Switzerland)",FULL_TEXT_VERIFIED,body,"Short stature associated with SHOX deficiency can be suspected in patients with growth retardation and reduced growth velocity who exhibit distinctive bone features observed during bone age assessment [2,50].",,,human,,,False,True,,,,,False,True,False,True,0.0,False
40150607.0,PMC11941739,10.3390/children12030325,Efficacy and Safety of Growth Hormone (GH) Therapy in Patients with SHOX Gene Variants.,2025.0,"Children (Basel, Switzerland)",FULL_TEXT_VERIFIED,body,"GH therapy, although it does not normalize the bone abnormalities in the carpal region, improves growth velocity and promotes statural development in patients, also enhancing the bone proportions of various body segments [22].",,,human,,,True,False,,,,,False,True,False,True,0.0,False
37658251.0,PMC10859915,10.1007/s00247-023-05753-z,Diffusion tensor imaging of the physis: the ABC's.,2023.0,Pediatric radiology,FULL_TEXT_VERIFIED,body,"Chondrocyte proliferation and hypertrophy result in increased extremity length, or longitudinal bone growth which peaks during puberty.",,water,human,in vivo,16-week-old; 20-week-old,True,False,,,,,False,True,False,False,0.0,False
37658251.0,PMC10859915,10.1007/s00247-023-05753-z,Diffusion tensor imaging of the physis: the ABC's.,2023.0,Pediatric radiology,FULL_TEXT_VERIFIED,body,"Chondrocyte replication and hypertrophy result in added length at each column, which in turn increases the length of the bone (Fig.",,water,human,in vivo,16-week-old; 20-week-old,True,False,,,,,False,True,False,False,0.0,False
37658251.0,PMC10859915,10.1007/s00247-023-05753-z,Diffusion tensor imaging of the physis: the ABC's.,2023.0,Pediatric radiology,FULL_TEXT_VERIFIED,body,"Potential complications of physeal fractures are growth arrest, deformity, and limb-length discrepancy and can be evaluated by DTI tractography (Fig.",,water,human,in vivo,16-week-old; 20-week-old,False,True,,,,,False,True,False,False,0.0,False
37658251.0,PMC10859915,10.1007/s00247-023-05753-z,Diffusion tensor imaging of the physis: the ABC's.,2023.0,Pediatric radiology,FULL_TEXT_VERIFIED,caption,"Tractography of young adolescents during the growth spurt. Fiber tractography superimposed on conventional MR images, including the first three coronal T1 scans and a sagittal proton-density (PD) image, in children at peak growth: (a-d) 10-year-old females and (e-h) 12-year-old males. Femoral and tibial fiber tracts are elongated, thick, dense, and organized in parallel to the long axis of the bone. The males tend to have more numerous and longer tracts",,water,human,in vivo,16-week-old; 20-week-old,True,False,,,,,False,True,False,False,0.0,False
37158537.0,PMC10957205,10.1002/pbc.30410,Slipped capital femoral epiphyses: A major on-target adverse event associated with FGFR tyrosine kinase inhibitors in pediatric patients.,2023.0,Pediatric blood & cancer,FULL_TEXT_VERIFIED,body,"In a retrospective analysis of patients<18 years of age with recurrent/refractory FGFR altered gliomas treated with FGFR TKIs at MSKCC (n=7), we observed slipped capital femoral epiphyses (SCFE) in 3 of 7 patients along with increased linear growth velocity.",,,mouse,,P30,True,False,,,,7,False,True,False,False,0.0,False
39770498.0,PMC11728704,10.3390/ph17121655,Effects of Semaglutide and Tirzepatide on Bone Metabolism in Type 2 Diabetic Mice.,2024.0,"Pharmaceuticals (Basel, Switzerland)",FULL_TEXT_VERIFIED,body,"Compared to saline-treated diabetic mice, the mean femur length was shorter in the tirzepatide group.",,Glucose; fat; streptozotocin,mouse,in vivo,,False,True,,,,,False,True,False,False,0.0,False
39770498.0,PMC11728704,10.3390/ph17121655,Effects of Semaglutide and Tirzepatide on Bone Metabolism in Type 2 Diabetic Mice.,2024.0,"Pharmaceuticals (Basel, Switzerland)",FULL_TEXT_VERIFIED,body,"Compared to saline-treated diabetic mice, the mean femur length was shorter in the tirzepatide group (Figure 3).",,Glucose; fat; streptozotocin,mouse,in vivo,,False,True,,,,,False,True,False,False,0.0,False
39770498.0,PMC11728704,10.3390/ph17121655,Effects of Semaglutide and Tirzepatide on Bone Metabolism in Type 2 Diabetic Mice.,2024.0,"Pharmaceuticals (Basel, Switzerland)",FULL_TEXT_VERIFIED,body,"Although tirzepatide-treated diabetic mice had a shorter femur length compared to saline-treated diabetic mice, there were no significant differences in bone mass, bone microarchitecture, and bone strength between saline-treated and tirzepatide-treated diabetic mice.",,Glucose; fat; streptozotocin,mouse,in vivo,,False,True,,,,,False,True,False,False,0.0,False
36707864.0,PMC9881281,10.1186/s13018-023-03552-8,Intra- and interobserver reliability analysis of pediatric lower limb parameters on digital long leg radiographs.,2023.0,Journal of orthopaedic surgery and research,FULL_TEXT_VERIFIED,body,"First, does the analysis of full-length standing anteroposterior radiographs show a good intra- and interobserver reliability? Second, which parameter is most susceptible to observer-dependent errors? Third, what is the Standard Error of Measurement (SEM95%) of the absolute femoral and tibial length?",,,human,,,False,False,95,,,,False,True,False,False,0.3,False
36707864.0,PMC9881281,10.1186/s13018-023-03552-8,Intra- and interobserver reliability analysis of pediatric lower limb parameters on digital long leg radiographs.,2023.0,Journal of orthopaedic surgery and research,FULL_TEXT_VERIFIED,body,"Furthermore, the SEM95% for the absolute values of the femoral and tibial length was 4.53 mm for the femur and 3.12 mm for the tibia.",,,human,,,False,False,95,4.53 mm; 3.12 mm,,,False,True,False,False,0.3,False
36707864.0,PMC9881281,10.1186/s13018-023-03552-8,Intra- and interobserver reliability analysis of pediatric lower limb parameters on digital long leg radiographs.,2023.0,Journal of orthopaedic surgery and research,FULL_TEXT_VERIFIED,body,"For values of femur length and tibia length there are no standard values and therefore no accepted ranges, SEM95%Range or proportional errors are not applicable (N/A)",,,human,,,False,False,95,,,,False,True,False,False,0.3,False
36707864.0,PMC9881281,10.1186/s13018-023-03552-8,Intra- and interobserver reliability analysis of pediatric lower limb parameters on digital long leg radiographs.,2023.0,Journal of orthopaedic surgery and research,FULL_TEXT_VERIFIED,body,The mean femur length was 474.24 mm (SD ± 36.58 mm) for observer one and 474.20 mm (SD ± 36.28 mm) for observer two.,,,human,,,False,False,,474.24 mm; 36.58 mm; 474.20 mm; 36.28 mm,,,False,True,False,False,0.0,False
36707864.0,PMC9881281,10.1186/s13018-023-03552-8,Intra- and interobserver reliability analysis of pediatric lower limb parameters on digital long leg radiographs.,2023.0,Journal of orthopaedic surgery and research,FULL_TEXT_VERIFIED,body,The mean tibia length was 379.80 mm (SD ± 29.85 mm) for observer one and 378.38 mm (SD ± 29.67 mm) for observer two.,,,human,,,False,False,,379.80 mm; 29.85 mm; 378.38 mm; 29.67 mm,,,False,True,False,False,0.0,False
36707864.0,PMC9881281,10.1186/s13018-023-03552-8,Intra- and interobserver reliability analysis of pediatric lower limb parameters on digital long leg radiographs.,2023.0,Journal of orthopaedic surgery and research,FULL_TEXT_VERIFIED,body,The SEM95% for the absolute values of the femoral and tibial length were ± 4.53 mm (femur) and ± 3.12 mm (tibia) (Table 4).,,,human,,,False,False,95,4.53 mm; 3.12 mm,,,False,True,False,False,0.3,False
36707864.0,PMC9881281,10.1186/s13018-023-03552-8,Intra- and interobserver reliability analysis of pediatric lower limb parameters on digital long leg radiographs.,2023.0,Journal of orthopaedic surgery and research,FULL_TEXT_VERIFIED,body,"If the SEM95% of the respective bone is related to its absolute length, it can be shown that the SEM95% of ± 4.53 mm for the femur is about 1.92% of the length of the femur, and ± 3.12 mm for the tibia is about 1.64% of the length of the tibia in this collective.",,,human,,,False,False,95; 95; 1.92; 1.64,4.53 mm; 3.12 mm,,,False,True,False,False,0.3,False
36707864.0,PMC9881281,10.1186/s13018-023-03552-8,Intra- and interobserver reliability analysis of pediatric lower limb parameters on digital long leg radiographs.,2023.0,Journal of orthopaedic surgery and research,FULL_TEXT_VERIFIED,body,"Furthermore, SEM95% of tibial and femoral length was determined.",,,human,,,False,False,95,,,,False,True,False,False,0.3,False
36707864.0,PMC9881281,10.1186/s13018-023-03552-8,Intra- and interobserver reliability analysis of pediatric lower limb parameters on digital long leg radiographs.,2023.0,Journal of orthopaedic surgery and research,FULL_TEXT_VERIFIED,body,"Due to the slightly lower SEM95% in determining the tibial length, which were 1.64% of the total tibia length and ± 1.96% of the total femur length, the tibial length can be considered as precise as well.",,,human,,,False,False,95; 1.64; 1.96,,,,False,True,False,False,0.3,False
36707864.0,PMC9881281,10.1186/s13018-023-03552-8,Intra- and interobserver reliability analysis of pediatric lower limb parameters on digital long leg radiographs.,2023.0,Journal of orthopaedic surgery and research,FULL_TEXT_VERIFIED,body,"In addition, due to no significant difference in determining the femoral length between two different observers and a lower SEM95% for tibial length by two different observers, both femoral and tibial length may be considered precise when analyzing the residual growth and correction potential for the respective bone, for instance, with the multiplier method.",,,human,,,False,False,95,,,,False,True,False,False,0.3,False
36707864.0,PMC9881281,10.1186/s13018-023-03552-8,Intra- and interobserver reliability analysis of pediatric lower limb parameters on digital long leg radiographs.,2023.0,Journal of orthopaedic surgery and research,FULL_TEXT_VERIFIED,table,Table 2Lower limb measurement parameters (N = 144)MeasuresObserver oneObserver twop ValueMean ± SD (range)Median (25 – 75 percentiles)Mean ± SD (range)Median (25 – 75 percentiles)MFA (°) − 2 (− 5 to 0) − 3 (− 5 to − 1)p < 0.001MAD (mm) − 8.69 ± 11.17(− 38 to 22)-9.01 ± 10.60(− 37 to 22)p = 0.013mLPFA (°)88 (85–91)88 (85–92)p = 0.173mLDFA (°)86 (84–89)86 (84–89)p < 0.001mMPTA (°)90 (89–92)90 (89–91)p < 0.001mLDTA (°)87 (84–89)87 (85–89)p < 0.001JLCA (°)2 (1–2)1 (1–2)p < 0.001length of femur (mm)474.24 ± 36.58 (387–572)474.20 ± 36.28 (390–570)p = 0.067length of tibia (mm)379.5 (359–402)378 (358–401)p < 0.001Table 2 shows the mean measures from both analyses of both observers (SD = standard deviation) and the median with 25–75 percentilesMFA Mechanical Femorotibial Angle; MAD Mechanical Axis Deviation; negative values of MFA and MAD show valgus malalignment; mLPFA mechanical Lateral Proxima,,,human,,,False,False,75; 75; 75,,,144,True,True,False,False,0.7,False
36707864.0,PMC9881281,10.1186/s13018-023-03552-8,Intra- and interobserver reliability analysis of pediatric lower limb parameters on digital long leg radiographs.,2023.0,Journal of orthopaedic surgery and research,FULL_TEXT_VERIFIED,table,"Table 3Intraobserver reliability: Intraclass correlation coefficient ICC2,1 (95% confidence interval in parenthesis)MeasuresObserver oneObserver twoIntraobserver-ICC2,1Intraobserver-ICC2,1MFA (°)0.974 (0.963–0.981)0.982 (0.972–0.989)MAD (mm)0.994 (0.992–0.996)0.995 (0.993–0.996)mLPFA (°)0.977 (0.967–0.984)0.961 (0.946–0.972)mLDFA (°)0.972 (0.962–0.980)0.981 (0.974–0.987)mMPTA (°)0.889 (0.845–0.920)0.949 (0.929–0.963)mLDTA (°)0.849 (0.796–0.889)0.902 (0.866–0.929)JLCA (°)0.607 (0.492–0.701)0.676 (0.612–0.757)Femur length (mm)0.997 (0.996–0.998)0.999 (0.999–0.999)Tibia length (mm)0.997 (0.996–0.998)0.996 (0.994–0.997)Table 3 shows the intraobserver-ICC2,1 from both observersMFA Mechanical Femorotibial Angle, MAD Mechanical Axis Deviation, mLPFA mechanical Lateral Proximal Femur Angle, mLDFA mechanical Lateral Distal Femur Angle, mMPTA mechanical Medial Proximal Tibia Angle, mLDTA mechanica",,,human,,,False,False,95,,,,False,True,False,False,0.3,False
36707864.0,PMC9881281,10.1186/s13018-023-03552-8,Intra- and interobserver reliability analysis of pediatric lower limb parameters on digital long leg radiographs.,2023.0,Journal of orthopaedic surgery and research,FULL_TEXT_VERIFIED,table,"Table 4Standard values and the accepted range of each lower limb parameter [12, 18], interobserver-ICC2,1, Standard Error of Measurement (SEM) and proportional errorMeasuresStandard valueAccepted rangeInterobserver-ICC2,1SEM95%SEM95%RangeProportional error in %MFA (°)1.3 ± 360.949 (0.859–0.975) ± 1.392.7846.33MAD (mm)8 ± 7140.976 (0.966–0.983) ± 3.316.6247.29mLPFA (°)90 ± 5100.974 (0.964–0.981) ± 1.693.3833.80mLDFA (°)88 ± 2.550.969 (0.954–0.979) ± 1.062.1242.40mMPTA (°)87 ± 2.550.864 (0.816–0.901) ± 1.292.5851.60mLDTA (°)89 ± 360.876 (0.831–0.909) ± 2.174.3472.33JLCA (°)1 ± 120.488 (0.350–0.605) ± 1.382.76138.00Femur length (mm)N/AN/A0.996 (0.994–0.997) ± 4.53N/AN/ATibia length (mm)N/AN/A0.994 (0.990–0.998) ± 3.12N/AN/AInterobserver-ICC2,1 (95% confidence interval in parenthesis) with Standard Error of Measurement (SEM) with a 95% confidence interval. For interobserver-ICC2,1 first meas",,,human,,,False,False,95; 95; 95; 95,,,,False,True,False,False,0.3,False
38680706.0,PMC11045420,10.4239/wjd.v15.i4.724,Teneligliptin mitigates diabetic cardiomyopathy by inhibiting activation of the NLRP3 inflammasome.,2024.0,World journal of diabetes,FULL_TEXT_VERIFIED,body,"Marked increases in cardiomyocyte area and cardiac hypertrophy indicator heart weight/tibia length reductions in fractional shortening, ejection fraction, and heart rate; increases in creatine kinase-MB (CK-MB), aspartate transaminase (AST), and lactate dehydrogenase (LDH) levels; and upregulated NADPH oxidase 4 were observed in diabetic mice, all of which were significantly reversed by teneligliptin.",Teneligliptin; teneligliptin,AMP; Streptozotocin; Teneligliptin; compound C.; glucose; p-adenosine 5'-monophosphate; teneligliptin,mouse,in vivo,p10; p20,True,True,,,,,False,True,False,False,0.2,False
38680706.0,PMC11045420,10.4239/wjd.v15.i4.724,Teneligliptin mitigates diabetic cardiomyopathy by inhibiting activation of the NLRP3 inflammasome.,2024.0,World journal of diabetes,FULL_TEXT_VERIFIED,body,"Teneligliptin reversal markedly increased cardiomyocyte area and heart weight/tibia length, reduced fractional shortening, ejection fraction, and heart rate, increased creatine kinase-MB (CK-MB), aspartate transaminase (AST), and lactate dehydrogenase (LDH) levels, and upregulated NADPH oxidase 4 in streptozotocin-induced diabetic mice.",Streptozotocin; Teneligliptin; teneligliptin,AMP; Streptozotocin; Teneligliptin; compound C.; glucose; p-adenosine 5'-monophosphate; teneligliptin,mouse,in vivo,p10; p20,True,True,,,,,False,True,False,False,0.2,False
38680706.0,PMC11045420,10.4239/wjd.v15.i4.724,Teneligliptin mitigates diabetic cardiomyopathy by inhibiting activation of the NLRP3 inflammasome.,2024.0,World journal of diabetes,FULL_TEXT_VERIFIED,body,"Moreover, the heart weight/tibia length in STZ-treated mice increased from 6.4 mg/mm to 8.3 mg/mm and was decreased to 6.2 mg/mm by teneligliptin (Figure 1C).",Teneligliptin; teneligliptin,AMP; Streptozotocin; Teneligliptin; compound C.; glucose; p-adenosine 5'-monophosphate; teneligliptin,mouse,in vivo,p10; p20,True,True,,,,,False,True,False,False,0.2,False
38680706.0,PMC11045420,10.4239/wjd.v15.i4.724,Teneligliptin mitigates diabetic cardiomyopathy by inhibiting activation of the NLRP3 inflammasome.,2024.0,World journal of diabetes,FULL_TEXT_VERIFIED,body,"Marked increases in cardiomyocyte area and heart weight/tibia length; reductions in fractional shortening, ejection fraction, and heart rate; increases in CK-MB, AST, and LDH levels; and upregulated NADPH oxidase 4 were observed in diabetic mice, all of which were significantly reversed by teneligliptin.",Teneligliptin; teneligliptin,AMP; Streptozotocin; Teneligliptin; compound C.; glucose; p-adenosine 5'-monophosphate; teneligliptin,mouse,in vivo,p10; p20,True,True,,,,,False,True,False,False,0.2,False
40078882.0,PMC11897792,10.1093/rb/rbaf004,Up IGF-I via high-toughness adaptive hydrogels for remodeling growth plate of children.,2025.0,Regenerative biomaterials,FULL_TEXT_VERIFIED,body,"The growth plate cartilage perpetually generates healthy bone through chondrogenesis [1, 2], increasing bone length.",,Alg; DBNC; GelMA; Schiff base; aldehyde; bacterial cellulose; calcium; sodium alginate,rat,in vivo,5-week-old; p53,True,False,,,,,False,True,False,False,0.0,False
40078882.0,PMC11897792,10.1093/rb/rbaf004,Up IGF-I via high-toughness adaptive hydrogels for remodeling growth plate of children.,2025.0,Regenerative biomaterials,FULL_TEXT_VERIFIED,body,"However, the success rate of this procedure is <35% due to inadequate compatibility between the implant materials and the host tissue, often resulting in subsequent complications [1], such as limb length discrepancy, premature epiphyseal closure and limb valgus or varus deformities.",Alg,Alg; DBNC; GelMA; Schiff base; aldehyde; bacterial cellulose; calcium; sodium alginate,rat,in vivo,5-week-old; p53,False,False,35,,,,False,True,False,False,0.5,False
40078882.0,PMC11897792,10.1093/rb/rbaf004,Up IGF-I via high-toughness adaptive hydrogels for remodeling growth plate of children.,2025.0,Regenerative biomaterials,FULL_TEXT_VERIFIED,caption,"Hydrogels accelerate growth plate healing in vivo. New bone formation in the control, GD, GDA and GDAI hydrogel groups at 8 weeks observed by MRI (A), HE and TB (B) staining of the growth plate in the control, GD, GDA and GDAI groups. Quantification of bone bridge length and percentage of bone bridge, measured by ImageJ (C). The asterisk (*) represents a significant difference (*P < 0.05, **P < 0.01, ***P < 0.001, ****P < 0.0001).",,Alg; DBNC; GelMA; Schiff base; aldehyde; bacterial cellulose; calcium; sodium alginate,rat,in vivo,5-week-old; p53,True,False,,,,,True,True,False,False,0.4,False
34137454.0,PMC8678381,10.14670/hh-18-355,The hypertrophic chondrocyte: To be or not to be.,2021.0,Histology and histopathology,FULL_TEXT_VERIFIED,body,"Igf1 knockout mice display a 35% reduction in long bone growth due to specific reductions in the linear length of hypertrophic chondrocytes, suggesting that IGF-1 regulates chondrocyte hypertrophy (Wang et al., 1999a).",,,mouse,in vivo,E15.5; E17.5; P0; P10,False,True,35,,,,False,True,False,True,0.3,False
34137454.0,PMC8678381,10.14670/hh-18-355,The hypertrophic chondrocyte: To be or not to be.,2021.0,Histology and histopathology,FULL_TEXT_VERIFIED,body,"Inhibition of VEGF protein by chimeric VEGF–IgG decreases femur length and enhances Col10a1 expression in the hypertrophic zone, associated with disorganization of metaphyseal blood vessels (Gerber et al., 1999b).",,,mouse,in vivo,E15.5; E17.5; P0; P10,True,True,,,,,False,True,True,False,0.0,False
34805821.0,PMC8586806,10.1016/j.mbplus.2021.100088,Runx2 is required for hypertrophic chondrocyte mediated degradation of cartilage matrix during endochondral ossification.,2021.0,Matrix biology plus,FULL_TEXT_VERIFIED,body,"Similarly, the length of the ossified regions in the femur, tibia, and fibula is reduced by 15% and 14% respectively. (Fig.",,,mouse,metatarsal organ culture,3-day old; E15.5; E16.5,False,True,15; 14,,,,False,True,False,False,0.3,False
34805821.0,PMC8586806,10.1016/j.mbplus.2021.100088,Runx2 is required for hypertrophic chondrocyte mediated degradation of cartilage matrix during endochondral ossification.,2021.0,Matrix biology plus,FULL_TEXT_VERIFIED,body,"In contrast, the length of the bone region between the proximal and distal growth plate in the tibia is decreased by 32% in the Runx2HC/HC littermates (Fig.",,,mouse,metatarsal organ culture,3-day old; E15.5; E16.5,False,True,32,,,,False,True,False,False,0.3,False
34777239.0,PMC8586495,10.3389/fendo.2021.672394,Clinical Characteristics and Management of Patients With McCune-Albright Syndrome With GH Excess and Precocious Puberty: A Case Series and Literature Review.,2021.0,Frontiers in endocrinology,FULL_TEXT_VERIFIED,body,These patients had increased growth velocity Z-scores and bone age over chronological age ratios.,,,human,in vivo,P3; P4; P5; P6,True,False,,,,,False,True,False,True,0.0,False
34777239.0,PMC8586495,10.3389/fendo.2021.672394,Clinical Characteristics and Management of Patients With McCune-Albright Syndrome With GH Excess and Precocious Puberty: A Case Series and Literature Review.,2021.0,Frontiers in endocrinology,FULL_TEXT_VERIFIED,body,"After good control of both conditions, the growth velocity Z-score and bone age over chronological age ratio decreased significantly, and the predicted adult height Z-score increased.",,,human,in vivo,P3; P4; P5; P6,True,True,,,,,False,True,False,True,0.0,False
34777239.0,PMC8586495,10.3389/fendo.2021.672394,Clinical Characteristics and Management of Patients With McCune-Albright Syndrome With GH Excess and Precocious Puberty: A Case Series and Literature Review.,2021.0,Frontiers in endocrinology,FULL_TEXT_VERIFIED,body,"Patients have accelerated linear growth and advanced skeletal age, and early and good control of both conditions leads to a reduced growth velocity and stabilized bone age.",,,human,in vivo,P3; P4; P5; P6,True,True,,,,,False,True,False,True,0.0,False
34777239.0,PMC8586495,10.3389/fendo.2021.672394,Clinical Characteristics and Management of Patients With McCune-Albright Syndrome With GH Excess and Precocious Puberty: A Case Series and Literature Review.,2021.0,Frontiers in endocrinology,FULL_TEXT_VERIFIED,body,"MAS with GH excess and PP is rare, and these patients present with increased growth velocity and advanced bone age.",,,human,in vivo,P3; P4; P5; P6,True,False,,,,,False,True,False,True,0.0,False
34777239.0,PMC8586495,10.3389/fendo.2021.672394,Clinical Characteristics and Management of Patients With McCune-Albright Syndrome With GH Excess and Precocious Puberty: A Case Series and Literature Review.,2021.0,Frontiers in endocrinology,FULL_TEXT_VERIFIED,table,Table 2Clinical and biochemical characteristics and treatment outcomes of patients with PP from PUMCH.Patient IDPretreatmentTx for PPTx duration (y)PosttreatmentBA/CAPAHZ-scoreGV (cm/y)Z-scoreLH (IU/L)Peak LH(IU/L)FSH (IU/L)E2 (pg/ml)T(ng/ml)Mean testicular or ovarian volumn(mm3)BA/CAPAHZ-scorePredicted Ht (cm)Predicted HtZ-scoreFinal HtZ-scoreGV (cm/y)Z-scoreLH (IU/L)FSH(IU/L)E2(pg/ml)T (ng/ml)Mean testicular or ovarian volumn(mm3)11.44+4.9+8.990.212.22.1010.2<0.11.6None1.0157.5−0.5+3.3−2.1021.43−0.2NA2.6025.68.4021.11.394.2GnRHa0.25NANA171.0−0.2−0.3NA0.400.4626.300.21NA31.39+2.1+12.40<0.21.150.25216.0<0.11.8None1.02+2.6161.50.1−0.6<0.20.2511.05<0.12.651.53+0.41+13.38<0.20.980.78165.00.317.5Tamoxifen 5 mg bid5.251.24+2.1162.50.3+1.91<0.20.3133.000.221.761.98−0.3+11.721.141.200.7821.01.653.3Letrozole 2.5 mg qodMedroxyprogesterone 4 mg bid2.251.53+2.1174.50.3−0.94<0.20.32<51.124.471.40+0.,,,human,in vivo,P3; P4; P5; P6,True,False,,,,,False,True,False,True,0.0,False
36523598.0,PMC9744763,10.3389/fendo.2022.1072271,"Sex steroid priming in short stature children unresponsive to GH stimulation tests: Why, who, when and how.",2022.0,Frontiers in endocrinology,FULL_TEXT_VERIFIED,body,"If correlated with bone maturation, mean GH levels and pulse amplitude increased in girls beyond a bone age of 8 years, whereas a decrease in growth velocity was observed in boys till bone age of 11 years.",,steroid; steroids,human,in vivo,,True,True,,,,,False,True,False,True,0.0,False
36589818.0,PMC9794601,10.3389/fendo.2022.1085385,Gonadotropin-releasing hormone analogue and recombinant human growth hormone treatment for idiopathic central precocious puberty in girls.,2022.0,Frontiers in endocrinology,FULL_TEXT_VERIFIED,body,"Diagnostic criteria were as follows: (1) girls presenting with secondary sex characteristics before the age of 8 years; (2) accelerated linear growth, defined as annual growth rate higher than the mean value for age; (3) bone maturation more than 1 year above chronological age; (4) ultrasound showing enlarged ovaries and uterus and multiple ovarian follicles of diameter >4 mm; (5) HPG axis activation confirmed by peak luteinizing hormone (LH) >5 mIU/mL in response to gonadotropin-releasing hormone (GnRH) stimulation test and LH/follicle-stimulating hormone (FSH) ratio >0.6; (6) magnetic resonance imaging evaluation of the hypothalamus and pituitary gland was performed to exclude central organic pathology.",LH,GnRHa; Gonadotropin-releasing hormone analogue; LH; gonadotropin-releasing hormone analogue,human,,,True,False,,4 mm,,,False,True,False,True,0.2,False
36531464.0,PMC9757689,10.3389/fendo.2022.1008474,Final adult height in children with central precocious puberty - a retrospective study.,2022.0,Frontiers in endocrinology,FULL_TEXT_VERIFIED,body,Its effects are regression or stabilization of pubertal symptoms and prolongation of growth period by lowering growth velocity to prepubertal values and decreasing bone-age advancement (16).,,GnRHa; gonadotropin-releasing hormone analog,human,in vivo,,False,True,,,,,False,True,False,False,0.0,False
37919453.0,PMC10632131,10.1038/s41588-023-01527-3,An atlas of genetic determinants of forearm fracture.,2023.0,Nature genetics,FULL_TEXT_VERIFIED,body,"Cortical bone was determined with a mid-diaphyseal scan positioned distal from the proximal growth plate of the tibia, corresponding to 30% of the bone length.",,,mouse,in vivo,P1; P12; P2,False,False,30,,,,False,True,False,False,0.3,False
37919453.0,PMC10632131,10.1038/s41588-023-01527-3,An atlas of genetic determinants of forearm fracture.,2023.0,Nature genetics,FULL_TEXT_VERIFIED,body,Three-point bending was performed on the tibia with a span length of 5.0 mm and a loading speed of 0.155 mm s−1 using an Instron 3366 (Instron).,,,mouse,in vivo,P1; P12; P2,False,False,,5.0 mm; 0.155 mm,,,False,True,False,False,0.0,False
30959478.0,PMC6499918,10.1530/ec-19-0141,Gonadotropin-dependent pubertal disorders are common in patients with virilizing adrenocortical tumors in childhood.,2019.0,Endocrine connections,FULL_TEXT_VERIFIED,body,"In this context, androgen-secreting adrenocortical tumors (ACTs), which usually present with virilizing features, linear growth acceleration and bone age (BA) advancement (17), could also lead to secondary CPP.",,,human,,P53,True,False,,,,,False,True,False,False,0.0,False
32953135.0,PMC7484711,10.1302/2058-5241.5.190088,The growth plate: a physiologic overview.,2020.0,EFORT open reviews,FULL_TEXT_VERIFIED,body,"As the chondrocytes age, they coordinate their own death and secrete peptides that stimulate the ingrowth of blood vessels and the migration of osteoblasts and osteoclasts.7 Eventually, linear growth ceases and the process of ossification continues until all ECM is replaced by bone.",,,rat,,,True,False,,,,,False,True,False,False,0.0,False
32953135.0,PMC7484711,10.1302/2058-5241.5.190088,The growth plate: a physiologic overview.,2020.0,EFORT open reviews,FULL_TEXT_VERIFIED,body,"Achondroplasia has been linked to mutations in gene expressing fibroblast growth factor receptor (FGFR3).42 Overexpression of FGFR3 signalling inhibits another important physiological regulator of chondrocyte differentiation, Ihh, and this process involves an increase in downstream regulation of chondrogenesis by promoting apoptosis, causing a decrease in chondrocyte proliferation, and suppression of chondrocyte hypertrophy, resulting in dwarfism with a decrease in bone elongation.",,,rat,,,True,True,,,,,False,True,False,True,0.0,False
36980920.0,PMC10048758,10.3390/genes14030647,The Klinefelter Syndrome and Testicular Sperm Retrieval Outcomes.,2023.0,Genes,FULL_TEXT_VERIFIED,body,"The goal of T replacement therapy in young boys (early-to-mid-puberty) with KS is to promote linear growth, increase muscle mass, preserve bone density, and allow for the development of secondary sexual characteristics [206].",,,human,in vivo,,True,False,,,,,False,True,False,False,0.0,False
39483629.0,PMC11526471,10.3390/app11104439,Estrogen Signaling in Bone.,2021.0,"Applied sciences (Basel, Switzerland)",FULL_TEXT_VERIFIED,body,"Female mice in which G protein-coupled receptor was deleted using a global knockout approach, showed reduced crown-rump length and reduced femur length.",,,mouse,in vivo,18-week-old,False,True,,,,,False,True,False,True,0.0,False
22870295.0,PMC3411678,10.1371/journal.pone.0042180,An overgrowth disorder associated with excessive production of cGMP due to a gain-of-function mutation of the natriuretic peptide receptor 2 gene.,2012.0,PloS one,FULL_TEXT_VERIFIED,body,"In addition, naso-occipital length of the calvarium, femoral length, and tibial length were significantly longer in Tg.",,cGMP; cyclic guanosine monophosphate,mouse,metatarsal organ culture,18 week-old; 8-week-old; postnatal day 5,True,False,,,,,False,True,False,False,0.0,False
22870295.0,PMC3411678,10.1371/journal.pone.0042180,An overgrowth disorder associated with excessive production of cGMP due to a gain-of-function mutation of the natriuretic peptide receptor 2 gene.,2012.0,PloS one,FULL_TEXT_VERIFIED,caption,"Transgenic expression of the p.Val883Met mutant in chondrocytes reproduced the patients’ phenotype in mice.(A) Radiographs of transgenic founder No. 4 expressing the p.Val883Met mutant NPR2 with the severest phenotype (Tg. 4) and a wild-type mouse (Wt). Tg. 4 exhibited severe bone deformities including elongation of the spine with severe kyphosis, metatarsal bones and distal phalanges, and died at seven weeks of age. (B) The total amount of Npr2 mRNA in costal cartilage of line No. 28 offspring (Tg. 28) and wild-type littermates (Wt) at 5 days of age. The expression of Npr2 mRNA in Tg. 28 was 5.1 times that in Wt. Results are presented as the mean ± SD (N = 3, *p<0.05). (C) Concentration of cGMP in costal cartilage of Tg. 28 and Wt at 5 days of age. The cGMP concentration in Tg. 28 was 17.3 times that in Wt. Results are presented as the mean ± SD (N = 3, *p<0.05). (D–G) Radiographs of Tg",cGMP,cGMP; cyclic guanosine monophosphate,mouse,metatarsal organ culture,18 week-old; 8-week-old; postnatal day 5,True,False,,,,3; 3; 3,True,True,False,True,0.6000000000000001,False
26680582.0,PMC5345994,10.1159/000438895,Treatment of Peripheral Precocious Puberty.,2016.0,Endocrine development,FULL_TEXT_VERIFIED,body,One study followed 9 girls treated with letrozole for up to 36 months and noted a significant decrease in growth velocity SDS and bone age to chronological age ratio (BA/CA) [14].,,steroids,human,,,False,True,,,,,False,True,False,True,0.0,False
26680582.0,PMC5345994,10.1159/000438895,Treatment of Peripheral Precocious Puberty.,2016.0,Endocrine development,FULL_TEXT_VERIFIED,body,Growth velocity and bone maturation also significantly decreased.,,steroids,human,,,False,True,,,,,False,True,False,False,0.0,False
