pert_iname,clinical_phase,moa,target,mechanism_family,exclusion_reason,exclusion_match,excluded_because
A-1070722,Preclinical,glycogen synthase kinase inhibitor,GSK3A|GSK3B,kinase; metabolic,GSK3 inhibition,glycogen synthase kinase,hard exclusion: GSK3 inhibition
A-33903,Phase 2,,,other / unclassified,,,no annotated mechanism of action
abarelix,Phase 3,gonadotropin releasing factor hormone receptor antagonist,GNRHR,GPCR,systemic sex-steroid manipulation,gonadotropin,hard exclusion: systemic sex-steroid manipulation
ABT-072,Phase 2,RNA polymerase inhibitor,,other / unclassified,known to suppress chondrocyte proliferation,RNA polymerase inhibitor,hard exclusion: known to suppress chondrocyte proliferation
ABT-751,Phase 2,tubulin polymerization inhibitor,TUBB,mechanotransduction,broad cytotoxic chemotherapeutic,tubulin polymerization inhibitor,hard exclusion: broad cytotoxic chemotherapeutic
AC-186,Preclinical,estrogen receptor agonist,ESR2,GPCR,systemic sex-steroid manipulation,estrogen receptor,hard exclusion: systemic sex-steroid manipulation
AC-261066,Preclinical,retinoid receptor agonist,RARB,GPCR,known plate-fusion or premature-remodeling hazard,RARB,hard exclusion: known plate-fusion or premature-remodeling hazard
AC-55649,Preclinical,retinoid receptor agonist,RARA|RARB,GPCR,known plate-fusion or premature-remodeling hazard,RARA; RARB,hard exclusion: known plate-fusion or premature-remodeling hazard
acamprosate,Launched,glutamate receptor antagonist,GABRA1|GABRA2|GABRA3|GABRA4|GABRA5|GABRA6|GABRB1|GABRB2|GABRB3|GABRD|GABRE|GABRG1|GABRG2|GABRG3|GABRP|GABRQ|GRIN1|GRIN2A|GRIN2B|GRIN2C|GRIN2D|GRIN3A|GRIN3B|GRM5,GPCR,,,no orderable sample (no SMILES or catalogue number)
acedapsone,Launched,,,other / unclassified,,,no annotated mechanism of action
acedoben,Phase 2,,,other / unclassified,,,no annotated mechanism of action
aceglutamide,Launched,,,other / unclassified,,,no annotated mechanism of action
aceneuramic-acid,Phase 3,,CES1|SELE|SELP,other / unclassified,,,no annotated mechanism of action
acesulfame-potassium,Phase 3,,,other / unclassified,,,no annotated mechanism of action
acetarsol,Launched,,,other / unclassified,,,no annotated mechanism of action
acetohydroxamic-acid,Launched,urease inhibitor,MMP12,other / unclassified,,,no orderable sample (no SMILES or catalogue number)
acetriazoic-acid,Preclinical,,,other / unclassified,,,no annotated mechanism of action
acetyl-l-leucine,Launched,,,other / unclassified,,,no annotated mechanism of action
acetyl-11-keto-beta-boswellic-acid,Phase 2,lipoxygenase inhibitor,HSD11B1|HSD11B2,other / unclassified,systemic glucocorticoid manipulation,HSD11B1; HSD11B2,hard exclusion: systemic glucocorticoid manipulation
acexamic-acid,Launched,5 alpha reductase inhibitor,GAST,metabolic,systemic sex-steroid manipulation,5 alpha reductase,hard exclusion: systemic sex-steroid manipulation
acitretin,Launched,retinoid receptor agonist,RARA|RARB|RARG|RBP1|RXRA|RXRB|RXRG|STAT3,GPCR,known plate-fusion or premature-remodeling hazard,RARA; RARB; RARG,hard exclusion: known plate-fusion or premature-remodeling hazard
aclarubicin,Launched,topoisomerase inhibitor,TOP1|TOP2A,other / unclassified,broad cytotoxic chemotherapeutic,topoisomerase,hard exclusion: broad cytotoxic chemotherapeutic
acolbifene,Phase 3,estrogen receptor antagonist,,GPCR,systemic sex-steroid manipulation,estrogen receptor,hard exclusion: systemic sex-steroid manipulation
acrylate,Phase 3,mucus protecting agent,,other / unclassified,,,no orderable sample (no SMILES or catalogue number)
ACTB-1003,Phase 1,FGFR inhibitor|VEGFR inhibitor,KDR|TEK,growth factor / cytokine,anti-angiogenic with juvenile growth-plate toxicity,VEGFR,hard exclusion: anti-angiogenic with juvenile growth-plate toxicity
actinomycin-d,Launched,RNA polymerase inhibitor,,other / unclassified,known to suppress chondrocyte proliferation,RNA polymerase inhibitor,hard exclusion: known to suppress chondrocyte proliferation
actinoquinol,Preclinical,,,other / unclassified,,,no annotated mechanism of action
AC1NDSS5,Phase 1,,,other / unclassified,,,no annotated mechanism of action
adapalene,Launched,retinoid receptor agonist,RARA|RARB|RARG|RXRA|RXRB|RXRG,GPCR,known plate-fusion or premature-remodeling hazard,RARA; RARB; RARG,hard exclusion: known plate-fusion or premature-remodeling hazard
adarotene,Phase 1,retinoid receptor agonist,RARB|RARG,GPCR,known plate-fusion or premature-remodeling hazard,RARB; RARG,hard exclusion: known plate-fusion or premature-remodeling hazard
adrenosterone,Preclinical,11-beta hydroxysteroid dehydrogenase inhibitor,HSD11B1|HSD11B2,metabolic,systemic glucocorticoid manipulation,HSD11B1; HSD11B2,hard exclusion: systemic glucocorticoid manipulation
AEE788,Phase 1/Phase 2,EGFR inhibitor|VEGFR inhibitor,EGFR|ERBB2|ERBB4|FGFR2|FGFR3|KDR,growth factor / cytokine,anti-angiogenic with juvenile growth-plate toxicity,VEGFR,hard exclusion: anti-angiogenic with juvenile growth-plate toxicity
afimoxifene,Phase 2,estrogen receptor antagonist,ESR1|ESR2|ESRRG|PLD1|PRKCD|PRKCE|PRKCQ|PRKCZ,GPCR,systemic sex-steroid manipulation,estrogen receptor,hard exclusion: systemic sex-steroid manipulation
agmatine,Phase 3,nitric oxide synthase inhibitor,ADRA2C|ASIC3|CACNA1B|CHRNA1|GRIN1|KCNJ1|NISCH,metabolic,,,no orderable sample (no SMILES or catalogue number)
AGN-195183,Phase 1/Phase 2,retinoid receptor agonist,RARA,GPCR,known plate-fusion or premature-remodeling hazard,RARA,hard exclusion: known plate-fusion or premature-remodeling hazard
aklomide,Launched,,,other / unclassified,,,no annotated mechanism of action
alanine,Launched,,,other / unclassified,,,no annotated mechanism of action
alanosine,Phase 2,antimetabolite,,other / unclassified,broad cytotoxic chemotherapeutic,antimetabolite,hard exclusion: broad cytotoxic chemotherapeutic
alarelin,Launched,gonadotropin releasing factor hormone receptor antagonist,GNRH1,GPCR,systemic sex-steroid manipulation,gonadotropin,hard exclusion: systemic sex-steroid manipulation
albendazole,Launched,tubulin polymerization inhibitor,TUBA1A|TUBB|TUBB4B,mechanotransduction,broad cytotoxic chemotherapeutic,tubulin polymerization inhibitor,hard exclusion: broad cytotoxic chemotherapeutic
alclometasone-dipropionate,Launched,glucocorticoid receptor agonist,CYP3A4|NR3C1|SERPINA6,GPCR,systemic glucocorticoid manipulation,glucocorticoid receptor,hard exclusion: systemic glucocorticoid manipulation
aldoxorubicin,Phase 3,topoisomerase inhibitor,TOP2A,other / unclassified,broad cytotoxic chemotherapeutic,topoisomerase,hard exclusion: broad cytotoxic chemotherapeutic
alendronate,Launched,bone resorption inhibitor,ATP6V1A|FDPS|PTPN4|PTPRE|PTPRS,other / unclassified,direct V-ATPase poison,ATP6V1A,hard exclusion: direct V-ATPase poison
algestone-acetophenide,Launched,,,other / unclassified,,,no annotated mechanism of action
alisertib,Phase 3,Aurora kinase inhibitor,AURKA,kinase,Aurora inhibitor,Aurora,hard exclusion: Aurora inhibitor
alizarin,Preclinical,,,other / unclassified,,,no annotated mechanism of action
allicin,Phase 2,cytokine production inhibitor,TRPA1|TRPV1,other / unclassified,,,no orderable sample (no SMILES or catalogue number)
allylestrenol,Launched,steroidal progestin,ESR1|PGR|SLC6A9,transporter,systemic sex-steroid manipulation,ESR1; PGR,hard exclusion: systemic sex-steroid manipulation
allylisothiocyanate,Preclinical,TRPV agonist,TRPA1,ion channel,,,no orderable sample (no SMILES or catalogue number)
almitrine,Launched,neurotransmitter agonist,ATP1A1,other / unclassified,narrow-therapeutic-index cardiac glycoside,ATP1A1,hard exclusion: narrow-therapeutic-index cardiac glycoside
aloin,Preclinical,angiogenesis inhibitor,,other / unclassified,anti-angiogenic with juvenile growth-plate toxicity,angiogenesis inhibitor,hard exclusion: anti-angiogenic with juvenile growth-plate toxicity
aloperine,Preclinical,,,other / unclassified,,,no annotated mechanism of action
alpha-D-glucopyranose,Preclinical,,,other / unclassified,,,no annotated mechanism of action
ALS-8112,Phase 1,,,other / unclassified,,,no annotated mechanism of action
ALS-8176,Phase 1,RNA polymerase inhibitor,,other / unclassified,known to suppress chondrocyte proliferation,RNA polymerase inhibitor,hard exclusion: known to suppress chondrocyte proliferation
altiratinib,Phase 1,MET inhibitor|VEGFR inhibitor,KDR|MET|TEK,growth factor / cytokine,anti-angiogenic with juvenile growth-plate toxicity,VEGFR,hard exclusion: anti-angiogenic with juvenile growth-plate toxicity
altrenogest,Launched,progestogen hormone,PGR,other / unclassified,systemic sex-steroid manipulation,PGR,hard exclusion: systemic sex-steroid manipulation
altretamine,Launched,DNA synthesis inhibitor,,other / unclassified,broad cytotoxic chemotherapeutic,DNA synthesis inhibitor,hard exclusion: broad cytotoxic chemotherapeutic
alvocidib,Phase 2,CDK inhibitor,CDK1|CDK2|CDK4|CDK5|CDK6|CDK7|CDK8|CDK9|EGFR|PYGM,kinase,known to suppress chondrocyte proliferation,CDK1,hard exclusion: known to suppress chondrocyte proliferation
AM-580,Preclinical,retinoid receptor agonist,RARA,GPCR,known plate-fusion or premature-remodeling hazard,RARA,hard exclusion: known plate-fusion or premature-remodeling hazard
amcinonide,Launched,glucocorticoid receptor agonist,NR3C1,GPCR,systemic glucocorticoid manipulation,glucocorticoid receptor,hard exclusion: systemic glucocorticoid manipulation
AMG900,Phase 1,Aurora kinase inhibitor,AURKA|AURKB|AURKC,kinase,Aurora inhibitor,Aurora,hard exclusion: Aurora inhibitor
amifostine,Launched,reducing agent,ALPPL2|ENPP1,other / unclassified,,,no orderable sample (no SMILES or catalogue number)
aminoglutethimide,Launched,glucocorticoid receptor antagonist,CYP11A1|CYP19A1,GPCR,systemic sex-steroid manipulation,CYP19A1,hard exclusion: systemic sex-steroid manipulation
aminohydroxybutyric-acid,Launched,,,other / unclassified,,,no annotated mechanism of action
aminolevulinic-acid-benzyl-ester,Phase 1,,,other / unclassified,,,no annotated mechanism of action
aminopurvalanol-a,Preclinical,CDK inhibitor|tyrosine kinase inhibitor,CDK1|CDK2|CDK5,kinase,known to suppress chondrocyte proliferation,CDK1,hard exclusion: known to suppress chondrocyte proliferation
ammonium-glycyrrhizinate,Launched,thrombin inhibitor,HSD11B1|HSD11B2|SLCO1B1|SLCO1B3,other / unclassified,systemic glucocorticoid manipulation,HSD11B1; HSD11B2,hard exclusion: systemic glucocorticoid manipulation
ammonium-lactate,Launched,,HCAR1,other / unclassified,,,no orderable sample (no SMILES or catalogue number)
amonafide,Phase 3,topoisomerase inhibitor,TOP2A|TOP2B,other / unclassified,broad cytotoxic chemotherapeutic,topoisomerase,hard exclusion: broad cytotoxic chemotherapeutic
amrubicin,Launched,topoisomerase inhibitor,TOP2A|TOP2B,other / unclassified,broad cytotoxic chemotherapeutic,topoisomerase,hard exclusion: broad cytotoxic chemotherapeutic
amsacrine,Launched,topoisomerase inhibitor,KCNH2|TOP2A,other / unclassified,broad cytotoxic chemotherapeutic,topoisomerase,hard exclusion: broad cytotoxic chemotherapeutic
amylene-hydrate,Preclinical,local anesthetic,,other / unclassified,,,no orderable sample (no SMILES or catalogue number)
anastrozole,Launched,aromatase inhibitor,CYP19A1,other / unclassified,systemic sex-steroid manipulation,aromatase,hard exclusion: systemic sex-steroid manipulation
andarine,Phase 1,androgen receptor modulator,AR,other / unclassified,systemic sex-steroid manipulation,androgen receptor,hard exclusion: systemic sex-steroid manipulation
androsterone,Preclinical,androgen receptor agonist,,GPCR,systemic sex-steroid manipulation,androgen receptor,hard exclusion: systemic sex-steroid manipulation
anecortave-acetate,Launched,angiogenesis inhibitor,,other / unclassified,anti-angiogenic with juvenile growth-plate toxicity,angiogenesis inhibitor,hard exclusion: anti-angiogenic with juvenile growth-plate toxicity
anguidine,Phase 2,protein synthesis inhibitor,SLC5A1,transporter,known to suppress chondrocyte proliferation,protein synthesis inhibitor,hard exclusion: known to suppress chondrocyte proliferation
anisomycin,Preclinical,DNA synthesis inhibitor,NHP2L1|RPL10L|RPL11|RPL13A|RPL15|RPL19|RPL23|RPL23A|RPL26L1|RPL3|RPL37|RPL8|RSL24D1,other / unclassified,broad cytotoxic chemotherapeutic,DNA synthesis inhibitor,hard exclusion: broad cytotoxic chemotherapeutic
anlotinib,Launched,PDGFR tyrosine kinase receptor inhibitor|VEGFR inhibitor,KDR|PDGFRB,kinase; growth factor / cytokine,anti-angiogenic with juvenile growth-plate toxicity,VEGFR,hard exclusion: anti-angiogenic with juvenile growth-plate toxicity
anthralin,Launched,DNA synthesis inhibitor,,other / unclassified,broad cytotoxic chemotherapeutic,DNA synthesis inhibitor,hard exclusion: broad cytotoxic chemotherapeutic
antimony-potassium,Phase 2,,,other / unclassified,,,no annotated mechanism of action
antimonyl,Phase 1,,,other / unclassified,,,no orderable sample (no SMILES or catalogue number)
antioxine,Launched,,,other / unclassified,,,no annotated mechanism of action
apalutamide,Launched,androgen receptor antagonist,,GPCR,systemic sex-steroid manipulation,androgen receptor,hard exclusion: systemic sex-steroid manipulation
apatinib,Phase 3,RET tyrosine kinase inhibitor,CSK|KDR|KIT|RET,kinase,anti-angiogenic with juvenile growth-plate toxicity,KDR,hard exclusion: anti-angiogenic with juvenile growth-plate toxicity
APC-100,Phase 1/Phase 2,androgen receptor antagonist|anti-inflammatory agent,AR,GPCR,systemic sex-steroid manipulation,androgen receptor,hard exclusion: systemic sex-steroid manipulation
apigenin,Preclinical,casein kinase inhibitor|cell proliferation inhibitor,AKR1B1|AR|CDK6|CFTR|CYP19A1|CYP1B1|HSD17B1,kinase,systemic sex-steroid manipulation,AR; CYP19A1,hard exclusion: systemic sex-steroid manipulation
AP1903,Phase 1/Phase 2,,MTOR,kinase,,,no annotated mechanism of action
AP26113,Phase 2,ALK tyrosine kinase receptor inhibitor,ALK|EGFR,kinase,,,no orderable sample (no SMILES or catalogue number)
AR-A014418,Preclinical,glycogen synthase kinase inhibitor,GSK3B,kinase; metabolic,GSK3 inhibition,glycogen synthase kinase,hard exclusion: GSK3 inhibition
arsanilic-acid,Phase 1,,LYZ,other / unclassified,,,no annotated mechanism of action
artemether,Launched,antimalarial agent,ATP1A1,other / unclassified,narrow-therapeutic-index cardiac glycoside,ATP1A1,hard exclusion: narrow-therapeutic-index cardiac glycoside
artemisinin,Launched,DNA synthesis inhibitor,CYP2B6,other / unclassified,broad cytotoxic chemotherapeutic,DNA synthesis inhibitor,hard exclusion: broad cytotoxic chemotherapeutic
artemotil,Launched,,,other / unclassified,,,no annotated mechanism of action
artesunate,Launched,DNA synthesis inhibitor,,other / unclassified,broad cytotoxic chemotherapeutic,DNA synthesis inhibitor,hard exclusion: broad cytotoxic chemotherapeutic
ASA-404,Phase 3,angiogenesis inhibitor,,other / unclassified,anti-angiogenic with juvenile growth-plate toxicity,angiogenesis inhibitor,hard exclusion: anti-angiogenic with juvenile growth-plate toxicity
ASC-J9,Phase 2,androgen receptor enhancer,AR,other / unclassified,systemic sex-steroid manipulation,androgen receptor,hard exclusion: systemic sex-steroid manipulation
aspartame,Launched,,TAS1R2|TRPV1,other / unclassified,,,no annotated mechanism of action
AT-7519,Phase 2,CDK inhibitor,CDK1|CDK2|CDK4|CDK5|CDK6|CDK9,kinase,known to suppress chondrocyte proliferation,CDK1,hard exclusion: known to suppress chondrocyte proliferation
AT-9283,Phase 2,Aurora kinase inhibitor|JAK inhibitor,AURKA|AURKB|JAK2|JAK3|RPS6KA6|STK17A,kinase,Aurora inhibitor,Aurora,hard exclusion: Aurora inhibitor
AT7867,Preclinical,AKT inhibitor,AKT2|GSK3B|PKIA|PRKACA,other / unclassified,GSK3 inhibition,GSK3B,hard exclusion: GSK3 inhibition
aurora-a-inhibitor-i,Preclinical,Aurora kinase inhibitor,AURKA,kinase,Aurora inhibitor,Aurora,hard exclusion: Aurora inhibitor
axitinib,Launched,PDGFR tyrosine kinase receptor inhibitor|VEGFR inhibitor,CSF1|FLT1|FLT4|KDR|PLK4,kinase; growth factor / cytokine,PLK inhibitor,PLK4,hard exclusion: PLK inhibitor
azacitidine,Launched,DNA methyltransferase inhibitor,DNMT1|DNMT3A,epigenetic (selective probe),broad epigenetic poison,DNA methyltransferase inhibitor,hard exclusion: broad epigenetic poison
AZD1080,Phase 1,glycogen synthase kinase inhibitor,GSK3A|GSK3B,kinase; metabolic,GSK3 inhibition,glycogen synthase kinase,hard exclusion: GSK3 inhibition
AZD2858,Preclinical,glycogen synthase kinase inhibitor,GSK3B,kinase; metabolic,GSK3 inhibition,glycogen synthase kinase,hard exclusion: GSK3 inhibition
AZD3514,Phase 1,androgen receptor modulator,AR,other / unclassified,systemic sex-steroid manipulation,androgen receptor,hard exclusion: systemic sex-steroid manipulation
AZD4282,Phase 1,glutamate receptor antagonist,AGXT|AGXT2|ALAS1|ALAS2|BAAT|GARS|GATM|GCAT|GCSH|GLDC|GLRA1|GLRA2|GLRA3|GLRB|GLYAT|GLYATL1|GLYATL2|GNMT|GPR18|GPRC6A|GRIN1|GRIN2A|GRIN2B|GRIN2C|GRIN2D|GRIN3B|GSS|PIPOX|SHMT1|SHMT2|SLC32A1|SLC36A1|SLC6A5|SLC6A9,GPCR; transporter,,,no orderable sample (no SMILES or catalogue number)
AZD4547,Phase 2/Phase 3,FGFR inhibitor,FGFR1|FGFR2|FGFR3|FGFR4|IGF1R|KDR,growth factor / cytokine,anti-angiogenic with juvenile growth-plate toxicity,KDR,hard exclusion: anti-angiogenic with juvenile growth-plate toxicity
AZD7594,Phase 2,glucocorticoid receptor modulator,,other / unclassified,systemic glucocorticoid manipulation,glucocorticoid receptor,hard exclusion: systemic glucocorticoid manipulation
AZD9496,Phase 1,estrogen receptor agonist,ESR1,GPCR,systemic sex-steroid manipulation,estrogen receptor,hard exclusion: systemic sex-steroid manipulation
azelaic-acid,Launched,tyrosinase inhibitor,AKR1D1|SRD5A2|TYR,other / unclassified,systemic sex-steroid manipulation,SRD5A2,hard exclusion: systemic sex-steroid manipulation
azodicarbonamide,Phase 2,DNA synthesis inhibitor,,other / unclassified,broad cytotoxic chemotherapeutic,DNA synthesis inhibitor,hard exclusion: broad cytotoxic chemotherapeutic
azomycin-(2-nitroimidazole),Preclinical,protein synthesis inhibitor,,other / unclassified,known to suppress chondrocyte proliferation,protein synthesis inhibitor,hard exclusion: known to suppress chondrocyte proliferation
A0001,Phase 2,,,other / unclassified,,,no annotated mechanism of action
balapiravir,Phase 2,RNA polymerase inhibitor,,other / unclassified,known to suppress chondrocyte proliferation,RNA polymerase inhibitor,hard exclusion: known to suppress chondrocyte proliferation
banoxantrone,Phase 1/Phase 2,topoisomerase inhibitor,TOP2A,other / unclassified,broad cytotoxic chemotherapeutic,topoisomerase,hard exclusion: broad cytotoxic chemotherapeutic
barasertib,Phase 2/Phase 3,Aurora kinase inhibitor,AURKA|AURKB,kinase,Aurora inhibitor,Aurora,hard exclusion: Aurora inhibitor
barasertib-HQPA,Phase 2/Phase 3,Aurora kinase inhibitor,AURKB,kinase,Aurora inhibitor,Aurora,hard exclusion: Aurora inhibitor
barium-6-O-phosphonato-D-glucose,Preclinical,,,other / unclassified,,,no annotated mechanism of action
basic-fuchsin,Preclinical,,,other / unclassified,,,no annotated mechanism of action
BAY-85-8050,Phase 1,,,other / unclassified,,,no annotated mechanism of action
bazedoxifene,Launched,selective estrogen receptor modulator (SERM),ESR1|ESR2,other / unclassified,systemic sex-steroid manipulation,estrogen receptor,hard exclusion: systemic sex-steroid manipulation
beclomethasone,Launched,glucocorticoid receptor agonist,NR3C1|SERPINA6,GPCR,systemic glucocorticoid manipulation,glucocorticoid receptor,hard exclusion: systemic glucocorticoid manipulation
beclomethasone-dipropionate,Launched,glucocorticoid receptor agonist,GPR97|NR3C1,GPCR,systemic glucocorticoid manipulation,glucocorticoid receptor,hard exclusion: systemic glucocorticoid manipulation
befuraline,Phase 2,,,other / unclassified,,,no annotated mechanism of action
belotecan,Phase 3,topoisomerase inhibitor,,other / unclassified,broad cytotoxic chemotherapeutic,topoisomerase,hard exclusion: broad cytotoxic chemotherapeutic
bemotrizinol,Launched,,,other / unclassified,,,no annotated mechanism of action
benaxibine,Phase 1,,,other / unclassified,,,no annotated mechanism of action
benethamine,Preclinical,,,other / unclassified,,,no annotated mechanism of action
benfluralin,Phase 3,,CYP1A1|CYP1A2|CYP2B6|CYP3A4|ESR1|MMP1|SULT2A1|UGT1A1,other / unclassified,systemic sex-steroid manipulation,ESR1,hard exclusion: systemic sex-steroid manipulation
bentiromide,Launched,,HPN,other / unclassified,,,no annotated mechanism of action
"benzenemethanol,-2,5-dimethyl-[[(1-methylethyl)amino]methyl]",Preclinical,,,other / unclassified,,,no annotated mechanism of action
benznidazole,Launched,DNA synthesis inhibitor,,other / unclassified,broad cytotoxic chemotherapeutic,DNA synthesis inhibitor,hard exclusion: broad cytotoxic chemotherapeutic
benzo[d]thiazole-2(3H)-thione,Phase 1,,,other / unclassified,,,no annotated mechanism of action
benzoclidine,Preclinical,,,other / unclassified,,,no annotated mechanism of action
benzofenac,Phase 1,,,other / unclassified,,,no annotated mechanism of action
benzoin,Preclinical,,CES1,other / unclassified,,,no annotated mechanism of action
benzoylpas,Preclinical,,,other / unclassified,,,no annotated mechanism of action
benzyldimethyloctylammonium,Preclinical,,,other / unclassified,,,no annotated mechanism of action
bergapten,Phase 3,,,other / unclassified,,,no annotated mechanism of action
beta-carotene,Launched,,,other / unclassified,,,no annotated mechanism of action
beta-glycerophosphoric-acid,Preclinical,,,other / unclassified,,,no orderable sample (no SMILES or catalogue number)
beta-hydroxybutyrate,Phase 1,,HCAR2,other / unclassified,,,no orderable sample (no SMILES or catalogue number)
beta-lapachone,Phase 2,topoisomerase inhibitor,TOP1,other / unclassified,broad cytotoxic chemotherapeutic,topoisomerase,hard exclusion: broad cytotoxic chemotherapeutic
beta-naphthol,Preclinical,,,other / unclassified,,,no annotated mechanism of action
betaine,Launched,nitric oxide donor,,other / unclassified,,,no orderable sample (no SMILES or catalogue number)
betamethasone,Launched,glucocorticoid receptor agonist,NR3C1,GPCR,systemic glucocorticoid manipulation,glucocorticoid receptor,hard exclusion: systemic glucocorticoid manipulation
betamethasone-acetate,Launched,glucocorticoid receptor agonist,NR3C1,GPCR,systemic glucocorticoid manipulation,glucocorticoid receptor,hard exclusion: systemic glucocorticoid manipulation
betamethasone-butyrate-propionate,Launched,,,other / unclassified,,,no annotated mechanism of action
betamethasone-dipropionate,Launched,anti-inflammatory agent,NR3C1,other / unclassified,systemic glucocorticoid manipulation,NR3C1,hard exclusion: systemic glucocorticoid manipulation
betamethasone-phosphate,Launched,,,other / unclassified,,,no annotated mechanism of action
betamethasone-valerate,Launched,glucocorticoid receptor agonist,NR3C1,GPCR,systemic glucocorticoid manipulation,glucocorticoid receptor,hard exclusion: systemic glucocorticoid manipulation
BFH772,Phase 2,VEGFR inhibitor,,growth factor / cytokine,anti-angiogenic with juvenile growth-plate toxicity,VEGFR,hard exclusion: anti-angiogenic with juvenile growth-plate toxicity
BI-2536,Phase 2,PLK inhibitor,BRD4|PLK1|PLK2|PLK3,other / unclassified,PLK inhibitor,PLK,hard exclusion: PLK inhibitor
BI-847325,Phase 1,Aurora kinase inhibitor|MEK inhibitor,AURKA|AURKB|AURKC|MAP2K1|MAP2K2,kinase,Aurora inhibitor,Aurora,hard exclusion: Aurora inhibitor
bicalutamide,Launched,androgen receptor antagonist,AR,GPCR,systemic sex-steroid manipulation,androgen receptor,hard exclusion: systemic sex-steroid manipulation
bifendate,Launched,,,other / unclassified,,,no annotated mechanism of action
BIRT-377,Preclinical,lymphocyte function-associated antigen negative modulator,ICAM1,other / unclassified,,,no orderable sample (no SMILES or catalogue number)
bisantrene,Phase 2,topoisomerase inhibitor,,other / unclassified,broad cytotoxic chemotherapeutic,topoisomerase,hard exclusion: broad cytotoxic chemotherapeutic
bisindolylmaleimide-IX,Preclinical,PKC inhibitor,AKT1|GSK3B|LCK|MAPK1|MAPK11|MAPK12|MAPK14|MAPK8|PRKCA|ROCK1|RPS6KB1|SIRT1,other / unclassified,GSK3 inhibition,GSK3B,hard exclusion: GSK3 inhibition
bismuth-oxalate,Preclinical,,,other / unclassified,,,no orderable sample (no SMILES or catalogue number)
bismuth-subcitrate-potassium,Launched,,,other / unclassified,,,no annotated mechanism of action
bismuth-subgallate,Launched,nitric oxide synthase inhibitor,NOS1,metabolic,,,no orderable sample (no SMILES or catalogue number)
bisoctrizole,Phase 2,,,other / unclassified,,,no annotated mechanism of action
bisphenol-A,Phase 1,synthetic estrogen,AR|ESR1|ESR2|ESRRG|PPARG,other / unclassified,systemic sex-steroid manipulation,AR; ESR1; ESR2,hard exclusion: systemic sex-steroid manipulation
bithionol,Withdrawn,autotaxin inhibitor,ESR1|ESR2|MCL1,other / unclassified,systemic sex-steroid manipulation,ESR1; ESR2,hard exclusion: systemic sex-steroid manipulation
bleomycin,Launched,DNA synthesis inhibitor,,other / unclassified,broad cytotoxic chemotherapeutic,DNA synthesis inhibitor,hard exclusion: broad cytotoxic chemotherapeutic
BMS-265246,Preclinical,CDK inhibitor,CDK1|CDK2,kinase,known to suppress chondrocyte proliferation,CDK1,hard exclusion: known to suppress chondrocyte proliferation
BMS-536924,Preclinical,IGF-1 inhibitor,AKT1|CCNE1|CDK2|CYP3A4|ERBB2|IGF1R|KDR|LCK|MAPK1|MET|PDGFRA|PDGFRB,growth factor / cytokine,anti-angiogenic with juvenile growth-plate toxicity,KDR,hard exclusion: anti-angiogenic with juvenile growth-plate toxicity
BMS-690514,Phase 2,EGFR inhibitor|VEGFR inhibitor,EGFR|ERBB2|FLT3|KDR,growth factor / cytokine,anti-angiogenic with juvenile growth-plate toxicity,VEGFR,hard exclusion: anti-angiogenic with juvenile growth-plate toxicity
BMS-770767,Phase 2,11-beta-HSD1 inhibitor,,other / unclassified,systemic glucocorticoid manipulation,11-beta-HSD,hard exclusion: systemic glucocorticoid manipulation
BMS-817378,Phase 1,c-Met inhibitor|VEGFR inhibitor,KDR|MET,growth factor / cytokine,anti-angiogenic with juvenile growth-plate toxicity,VEGFR,hard exclusion: anti-angiogenic with juvenile growth-plate toxicity
BNC105,Phase 2,tubulin polymerization inhibitor,,mechanotransduction,broad cytotoxic chemotherapeutic,tubulin polymerization inhibitor,hard exclusion: broad cytotoxic chemotherapeutic
bonaphthone,Phase 3,,,other / unclassified,,,no annotated mechanism of action
bornyl-acetate,Preclinical,,,other / unclassified,,,no orderable sample (no SMILES or catalogue number)
boronophenylalanine,Phase 2,,,other / unclassified,,,no annotated mechanism of action
bortezomib,Launched,NFkB pathway inhibitor|proteasome inhibitor,PSMA1|PSMA2|PSMA3|PSMA4|PSMA5|PSMA6|PSMA7|PSMA8|PSMB1|PSMB10|PSMB11|PSMB2|PSMB3|PSMB4|PSMB5|PSMB6|PSMB7|PSMB8|PSMB9|PSMD1|PSMD2|RELA,other / unclassified,proteasome inhibitor,proteasome,hard exclusion: proteasome inhibitor
brefeldin-A,Preclinical,protein synthesis inhibitor,ARF1|CYTH2,other / unclassified,known to suppress chondrocyte proliferation,protein synthesis inhibitor,hard exclusion: known to suppress chondrocyte proliferation
bretylium,Launched,norepinephrine inhibitor,ATP1A1,other / unclassified,narrow-therapeutic-index cardiac glycoside,ATP1A1,hard exclusion: narrow-therapeutic-index cardiac glycoside
brilliant-green,Launched,,,other / unclassified,,,no annotated mechanism of action
brivanib,Phase 3,FGFR inhibitor|VEGFR inhibitor,CYP3A4|FGFR1|FLT1|KCNH2|KDR,growth factor / cytokine,anti-angiogenic with juvenile growth-plate toxicity,VEGFR,hard exclusion: anti-angiogenic with juvenile growth-plate toxicity
brivanib-alaninate,Phase 3,FGFR inhibitor|VEGFR inhibitor,FGFR3,growth factor / cytokine,anti-angiogenic with juvenile growth-plate toxicity,VEGFR,hard exclusion: anti-angiogenic with juvenile growth-plate toxicity
bromebric-acid,Preclinical,DNA synthesis inhibitor|purine antagonist,,other / unclassified,broad cytotoxic chemotherapeutic,DNA synthesis inhibitor,hard exclusion: broad cytotoxic chemotherapeutic
bronopol,Launched,,,other / unclassified,,,no orderable sample (no SMILES or catalogue number)
broxaldine,Preclinical,,,other / unclassified,,,no annotated mechanism of action
broxuridine,Phase 2,antimetabolite,,other / unclassified,broad cytotoxic chemotherapeutic,antimetabolite,hard exclusion: broad cytotoxic chemotherapeutic
bruceantin,Phase 2,protein synthesis inhibitor,,other / unclassified,known to suppress chondrocyte proliferation,protein synthesis inhibitor,hard exclusion: known to suppress chondrocyte proliferation
BTS,Preclinical,,,other / unclassified,,,no annotated mechanism of action
BTS-71321,Phase 2,,,other / unclassified,,,no annotated mechanism of action
bucillamine,Launched,immunosuppressant,,other / unclassified,,,no orderable sample (no SMILES or catalogue number)
budesonide,Launched,glucocorticoid receptor agonist,NR3C1,GPCR,systemic glucocorticoid manipulation,glucocorticoid receptor,hard exclusion: systemic glucocorticoid manipulation
buserelin,Launched,gonadotropin releasing factor hormone receptor agonist,,GPCR,systemic sex-steroid manipulation,gonadotropin,hard exclusion: systemic sex-steroid manipulation
butyl-paraben,Preclinical,DNA synthesis inhibitor,,other / unclassified,broad cytotoxic chemotherapeutic,DNA synthesis inhibitor,hard exclusion: broad cytotoxic chemotherapeutic
BX-795,Preclinical,IKK inhibitor,CDK2|CHEK1|GSK3B|KDR|PDK1|PDPK1,other / unclassified,anti-angiogenic with juvenile growth-plate toxicity,KDR,hard exclusion: anti-angiogenic with juvenile growth-plate toxicity
BX-912,Preclinical,pyruvate dehydrogenase kinase inhibitor,CDK2|CHEK1|GSK3B|KDR|PDK1|PDPK1,kinase; metabolic,anti-angiogenic with juvenile growth-plate toxicity,KDR,hard exclusion: anti-angiogenic with juvenile growth-plate toxicity
C-751,Preclinical,,,other / unclassified,,,no annotated mechanism of action
cabagin,Launched,,,other / unclassified,,,no orderable sample (no SMILES or catalogue number)
cabazitaxel,Launched,microtubule inhibitor,TUBA1A|TUBA1B|TUBA1C|TUBA3C|TUBA3D|TUBA3E|TUBA4A|TUBB|TUBB1|TUBB2A|TUBB2B|TUBB3|TUBB4A|TUBB4B|TUBB6|TUBB8,other / unclassified,broad cytotoxic chemotherapeutic,microtubule,hard exclusion: broad cytotoxic chemotherapeutic
cabozantinib,Launched,RET tyrosine kinase inhibitor|VEGFR inhibitor,KDR|MET|RET,kinase; growth factor / cytokine,anti-angiogenic with juvenile growth-plate toxicity,VEGFR,hard exclusion: anti-angiogenic with juvenile growth-plate toxicity
calcium-gluceptate,Launched,,,other / unclassified,,,no annotated mechanism of action
calcium-levofolinate,Launched,,,other / unclassified,,,no annotated mechanism of action
camphor-(+),Phase 2,,,other / unclassified,,,no annotated mechanism of action
camptothecin,Phase 3,topoisomerase inhibitor,TOP1,other / unclassified,broad cytotoxic chemotherapeutic,topoisomerase,hard exclusion: broad cytotoxic chemotherapeutic
camylofine-chlorhydrate,Launched,,,other / unclassified,,,no annotated mechanism of action
capecitabine,Launched,DNA synthesis inhibitor|thymidylate synthase inhibitor,TYMS,metabolic,broad cytotoxic chemotherapeutic,DNA synthesis inhibitor,hard exclusion: broad cytotoxic chemotherapeutic
capobenic-acid,Preclinical,,,other / unclassified,,,no annotated mechanism of action
capreomycin,Launched,protein synthesis inhibitor,,other / unclassified,known to suppress chondrocyte proliferation,protein synthesis inhibitor,hard exclusion: known to suppress chondrocyte proliferation
caprylic-acid,Launched,,,other / unclassified,,,no orderable sample (no SMILES or catalogue number)
captamine,Preclinical,,,other / unclassified,,,no orderable sample (no SMILES or catalogue number)
captan,Phase 1,,,other / unclassified,,,no annotated mechanism of action
caracemide,Phase 2,ribonucleotide reductase inhibitor,RRM1,metabolic,broad cytotoxic chemotherapeutic,ribonucleotide reductase,hard exclusion: broad cytotoxic chemotherapeutic
carbazochrome,Launched,,,other / unclassified,,,no annotated mechanism of action
carbendazim,Launched,microtubule inhibitor|tubulin polymerization inhibitor,TP53|TUBB,mechanotransduction,broad cytotoxic chemotherapeutic,tubulin polymerization inhibitor,hard exclusion: broad cytotoxic chemotherapeutic
carbenoxolone,Launched,11-beta hydroxysteroid dehydrogenase inhibitor,GJA1|GJA10|GJA3|GJA4|GJA5|GJA8|GJA9|GJB1|GJB2|GJB3|GJB4|GJB5|GJB6|GJB7|GJC1|GJC2|GJC3|GJD2|GJD3|GJD4|GJE1|HSD11B1|PANX1|PANX2|PANX3,metabolic,systemic glucocorticoid manipulation,HSD11B1,hard exclusion: systemic glucocorticoid manipulation
carboplatin,Launched,DNA alkylating agent|DNA inhibitor,,other / unclassified,broad cytotoxic chemotherapeutic,DNA alkylat,hard exclusion: broad cytotoxic chemotherapeutic
carboxypyridine-disulfide,Phase 2,,,other / unclassified,,,no annotated mechanism of action
carfilzomib,Launched,proteasome inhibitor,PSMA1|PSMA2|PSMA3|PSMA4|PSMA5|PSMA6|PSMA7|PSMA8|PSMB1|PSMB10|PSMB11|PSMB2|PSMB3|PSMB4|PSMB5|PSMB6|PSMB7|PSMB8|PSMB9,other / unclassified,proteasome inhibitor,proteasome,hard exclusion: proteasome inhibitor
carmofur,Launched,thymidylate synthase inhibitor,TYMS,metabolic,broad cytotoxic chemotherapeutic,thymidylate synthase,hard exclusion: broad cytotoxic chemotherapeutic
carmustine,Launched,DNA alkylating agent|DNA inhibitor,GSR,other / unclassified,broad cytotoxic chemotherapeutic,DNA alkylat,hard exclusion: broad cytotoxic chemotherapeutic
carnitine-(D/L),Phase 3,,,other / unclassified,,,no annotated mechanism of action
carzenide,Preclinical,,CA1|CA12|CA14|CA2|CA6|CA9,other / unclassified,,,no annotated mechanism of action
casanthranol-variant,Launched,,,other / unclassified,,,no annotated mechanism of action
catharanthine,Preclinical,tubulin polymerization inhibitor,,mechanotransduction,broad cytotoxic chemotherapeutic,tubulin polymerization inhibitor,hard exclusion: broad cytotoxic chemotherapeutic
CB-03-01,Phase 3,androgen receptor antagonist,AR,GPCR,systemic sex-steroid manipulation,androgen receptor,hard exclusion: systemic sex-steroid manipulation
CB-10-277,Phase 1,DNA synthesis inhibitor,,other / unclassified,broad cytotoxic chemotherapeutic,DNA synthesis inhibitor,hard exclusion: broad cytotoxic chemotherapeutic
CB-839,Phase 2,glutaminase inhibitor,GLS,metabolic,,,no orderable sample (no SMILES or catalogue number)
CCT129202,Preclinical,Aurora kinase inhibitor,AURKA|AURKB|AURKC,kinase,Aurora inhibitor,Aurora,hard exclusion: Aurora inhibitor
CCT137690,Preclinical,Aurora kinase inhibitor,AURKA|AURKB|AURKC,kinase,Aurora inhibitor,Aurora,hard exclusion: Aurora inhibitor
CD-1530,Preclinical,retinoid receptor agonist,RARG,GPCR,known plate-fusion or premature-remodeling hazard,RARG,hard exclusion: known plate-fusion or premature-remodeling hazard
CD-437,Preclinical,retinoid receptor agonist,RARG,GPCR,known plate-fusion or premature-remodeling hazard,RARG,hard exclusion: known plate-fusion or premature-remodeling hazard
CDBA,Phase 3,,,other / unclassified,,,no annotated mechanism of action
CDK1-5-inhibitor,Preclinical,CDK inhibitor|glycogen synthase kinase inhibitor,CDK1|CDK5|GSK3B,kinase; metabolic,GSK3 inhibition,glycogen synthase kinase,hard exclusion: GSK3 inhibition
cediranib,Phase 3,KIT inhibitor|VEGFR inhibitor,CSF1R|FLT1|FLT3|FLT4|KDR|KIT|PDGFRA|PDGFRB,growth factor / cytokine,anti-angiogenic with juvenile growth-plate toxicity,VEGFR,hard exclusion: anti-angiogenic with juvenile growth-plate toxicity
cedrol,Phase 2,,,other / unclassified,,,no annotated mechanism of action
cetrimonium,Launched,,,other / unclassified,,,no annotated mechanism of action
cetrorelix,Launched,gonadotropin releasing factor hormone receptor antagonist,GNRHR|LHCGR,GPCR,systemic sex-steroid manipulation,gonadotropin,hard exclusion: systemic sex-steroid manipulation
cetylpyridinium,Launched,,,other / unclassified,,,no annotated mechanism of action
cevipabulin,Phase 1,microtubule stimulant|tubulin polymerization inhibitor,TUBB,mechanotransduction,broad cytotoxic chemotherapeutic,tubulin polymerization inhibitor,hard exclusion: broad cytotoxic chemotherapeutic
CGP-37849,Phase 1,glutamate receptor antagonist,GRIN2A|GRIN2B|GRIN2C|GRIN2D,GPCR,,,no orderable sample (no SMILES or catalogue number)
CGP-57380,Preclinical,MAP kinase inhibitor,AURKB|LCK|MKNK1|MKNK2|SGK1,kinase,Aurora inhibitor,AURKB,hard exclusion: Aurora inhibitor
CGP-60474,Preclinical,CDK inhibitor,CDK1|CDK2,kinase,known to suppress chondrocyte proliferation,CDK1,hard exclusion: known to suppress chondrocyte proliferation
CGP-74514,Preclinical,CDK inhibitor,CDK1,kinase,known to suppress chondrocyte proliferation,CDK1,hard exclusion: known to suppress chondrocyte proliferation
CH-170,Phase 1,,,other / unclassified,,,no annotated mechanism of action
chenodeoxycholic-acid,Launched,11-beta hydroxysteroid dehydrogenase inhibitor|FXR agonist,HSD11B1|NR1H4,metabolic,systemic glucocorticoid manipulation,HSD11B1,hard exclusion: systemic glucocorticoid manipulation
CHIR-98014,Preclinical,glycogen synthase kinase inhibitor,GSK3A|GSK3B,kinase; metabolic,GSK3 inhibition,glycogen synthase kinase,hard exclusion: GSK3 inhibition
CHIR-99021,Preclinical,glycogen synthase kinase inhibitor,CDK1|GSK3A|GSK3B|MAPK1,kinase; metabolic,GSK3 inhibition,glycogen synthase kinase,hard exclusion: GSK3 inhibition
chloralose,Preclinical,,,other / unclassified,,,no annotated mechanism of action
chloramine-T,Launched,,,other / unclassified,,,no annotated mechanism of action
chloramphenicol-palmitate,Launched,protein synthesis inhibitor,,other / unclassified,known to suppress chondrocyte proliferation,protein synthesis inhibitor,hard exclusion: known to suppress chondrocyte proliferation
chloramphenicol-sodium-succinate,Launched,protein synthesis inhibitor,,other / unclassified,known to suppress chondrocyte proliferation,protein synthesis inhibitor,hard exclusion: known to suppress chondrocyte proliferation
chlorazanil,Preclinical,,,other / unclassified,,,no annotated mechanism of action
chlorindanol,Preclinical,,,other / unclassified,,,no annotated mechanism of action
chlorindione,Preclinical,,,other / unclassified,,,no annotated mechanism of action
chlormadinone-acetate,Launched,5 alpha reductase inhibitor,PGR,metabolic,systemic sex-steroid manipulation,5 alpha reductase,hard exclusion: systemic sex-steroid manipulation
chlorobutanol,Launched,,,other / unclassified,,,no orderable sample (no SMILES or catalogue number)
chlorophyllin,Preclinical,,,other / unclassified,,,no annotated mechanism of action
chloroprocaine,Launched,sodium channel blocker,ATP1A1|CHRNA10|GRIN3A|HTR3A|SCN10A|SLC6A3,ion channel; transporter,narrow-therapeutic-index cardiac glycoside,ATP1A1,hard exclusion: narrow-therapeutic-index cardiac glycoside
chlorothymol,Launched,,,other / unclassified,,,no annotated mechanism of action
chlorotrianisene,Launched,estrogenic hormone,ESR1|ESR2,other / unclassified,systemic sex-steroid manipulation,ESR1; ESR2,hard exclusion: systemic sex-steroid manipulation
chloroxoquinoline,Launched,,,other / unclassified,,,no annotated mechanism of action
chlortetracycline,Launched,protein synthesis inhibitor,,other / unclassified,known to suppress chondrocyte proliferation,protein synthesis inhibitor,hard exclusion: known to suppress chondrocyte proliferation
cholecalciferol,Launched,,VDR,other / unclassified,,,no annotated mechanism of action
cholesterol,Preclinical,,RORA,other / unclassified,,,no annotated mechanism of action
chrysin,Phase 1,breast cancer resistance protein inhibitor,AKR1B1|CDK6|CYP19A1|CYP1B1,other / unclassified,systemic sex-steroid manipulation,CYP19A1,hard exclusion: systemic sex-steroid manipulation
chuanxiongzine,Phase 2,,,other / unclassified,,,no annotated mechanism of action
CH55,Preclinical,retinoid receptor binder,RARA|RARB,other / unclassified,known plate-fusion or premature-remodeling hazard,RARA; RARB,hard exclusion: known plate-fusion or premature-remodeling hazard
CI-844,Phase 2,,,other / unclassified,,,no annotated mechanism of action
ciclesonide,Launched,glucocorticoid receptor agonist,NR3C1|SERPINA6,GPCR,systemic glucocorticoid manipulation,glucocorticoid receptor,hard exclusion: systemic glucocorticoid manipulation
ciclopirox,Launched,membrane integrity inhibitor,ATP1A1,other / unclassified,narrow-therapeutic-index cardiac glycoside,ATP1A1,hard exclusion: narrow-therapeutic-index cardiac glycoside
cinoctramide,Preclinical,,,other / unclassified,,,no annotated mechanism of action
cinoxacin,Launched,topoisomerase inhibitor,,other / unclassified,broad cytotoxic chemotherapeutic,topoisomerase,hard exclusion: broad cytotoxic chemotherapeutic
cinoxate,Launched,,,other / unclassified,,,no annotated mechanism of action
cinromide,Phase 3,,,other / unclassified,,,no annotated mechanism of action
cintriamide,Preclinical,,,other / unclassified,,,no annotated mechanism of action
ciprofloxacin,Launched,bacterial DNA gyrase inhibitor,TOP2A,other / unclassified,broad cytotoxic chemotherapeutic,TOP2A,hard exclusion: broad cytotoxic chemotherapeutic
cis-aconitic-acid,Preclinical,,ACO2,other / unclassified,,,no orderable sample (no SMILES or catalogue number)
"cis-9,trans-11-conjugated-linoleic-acid",Launched,,,other / unclassified,,,no annotated mechanism of action
cisplatin,Launched,DNA alkylating agent|DNA synthesis inhibitor,XIAP,other / unclassified,broad cytotoxic chemotherapeutic,DNA alkylat,hard exclusion: broad cytotoxic chemotherapeutic
CK-101,Preclinical,EGFR inhibitor,,other / unclassified,,,no orderable sample (no SMILES or catalogue number)
CL-225385,Phase 2,,,other / unclassified,,,no annotated mechanism of action
cladribine,Launched,adenosine deaminase inhibitor|ribonucleotide reductase inhibitor,ADA|PNP|POLA1|POLE|POLE2|POLE3|POLE4|RRM1|RRM2|RRM2B,metabolic,broad cytotoxic chemotherapeutic,ribonucleotide reductase,hard exclusion: broad cytotoxic chemotherapeutic
clindamycin,Launched,protein synthesis inhibitor,,other / unclassified,known to suppress chondrocyte proliferation,protein synthesis inhibitor,hard exclusion: known to suppress chondrocyte proliferation
clindamycin-phosphate,Launched,protein synthesis inhibitor,,other / unclassified,known to suppress chondrocyte proliferation,protein synthesis inhibitor,hard exclusion: known to suppress chondrocyte proliferation
clobetasol-propionate,Launched,glucocorticoid receptor agonist,NR3C1|PLA2G1B,GPCR,systemic glucocorticoid manipulation,glucocorticoid receptor,hard exclusion: systemic glucocorticoid manipulation
clobetasone-butyrate,Launched,corticosteroid agonist,NR3C1,other / unclassified,systemic glucocorticoid manipulation,corticosteroid,hard exclusion: systemic glucocorticoid manipulation
clocortolone-pivalate,Launched,steroid,NR3C1|PLA2G1B,other / unclassified,systemic glucocorticoid manipulation,NR3C1,hard exclusion: systemic glucocorticoid manipulation
clodronic-acid,Launched,bone resorption inhibitor,SLC25A4|SLC25A5|SLC25A6,transporter,,,no orderable sample (no SMILES or catalogue number)
clofarabine,Launched,ribonucleotide reductase inhibitor,POLA1|POLD1|POLE|RRM1|RRM2|RRM2B,metabolic,broad cytotoxic chemotherapeutic,ribonucleotide reductase,hard exclusion: broad cytotoxic chemotherapeutic
clofoctol,Launched,protein synthesis inhibitor,,other / unclassified,known to suppress chondrocyte proliferation,protein synthesis inhibitor,hard exclusion: known to suppress chondrocyte proliferation
clomifene,Launched,estrogen receptor antagonist,ESR1,GPCR,systemic sex-steroid manipulation,estrogen receptor,hard exclusion: systemic sex-steroid manipulation
clonixin-lysinate,Launched,cyclooxygenase inhibitor,,other / unclassified,,,no orderable sample (no SMILES or catalogue number)
clopidol,Launched,,,other / unclassified,,,no annotated mechanism of action
clotiapine,Launched,,,other / unclassified,,,no annotated mechanism of action
coenzyme-A,Launched,,ACAT2|CRAT|CS|DBI|HMGCR|KAT2A|KAT2B|KAT5,metabolic,,,no annotated mechanism of action
coenzyme-I,Phase 2,,AASS|ACADS|ADH1A|ADH1B|ADH1C|ADH4|ADH5|ADH7|AKR1B1|AKR1C1|AKR1C2|AKR1C3|AKR1C4|ALDH1A1|ALDH1A2|ALDH1A3|ALDH1B1|ALDH2|ALDH3A1|ALDH3A2|ALDH3B1|ALDH3B2|ALDH4A1|ALDH5A1|ALDH6A1|ALDH7A1|ALDH9A1|AMT|BDH1|BLVRA|BLVRB|CDO1|CYB5R3|CYP17A1|CYP4A11|DHCR7|DHFR|DLAT|DLD|EHHADH|GAPDH|GAPDHS|GLUD1|GLUD2|GPD1|GSR|H6PD|HADH|HADHA|HIBADH|HMGCR|HMOX1|HMOX2|HPGD|HSD11B1|HSD11B2|HSD17B1|HSD17B10|HSD17B2|HSD17B3|HSD17B4|HSD17B7|HSD17B8|HSD3B1|HSD3B2|IDH3A|IDH3B|IDH3G|IMPDH1|IMPDH2|LDHA|LDHAL6A|LDHAL6B|LDHB|LDHC|MDH1|MDH2|ME1|ME2|ME3|MSMO1|MT-ND1|MT-ND2|MT-ND3|MT-ND4|MT-ND4L|MT-ND5|MT-ND6|MTHFD1|MTHFD2|NDUFA1|NDUFA10|NDUFA11|NDUFA12|NDUFA13|NDUFA2|NDUFA3|NDUFA4|NDUFA4L2|NDUFA5|NDUFA6|NDUFA7|NDUFA8|NDUFA9|NDUFAB1|NDUFB1|NDUFB10|NDUFB2|NDUFB3|NDUFB4|NDUFB5|NDUFB6|NDUFB7|NDUFB8|NDUFB9|NDUFC1|NDUFC2|NDUFS1|NDUFS2|NDUFS3|NDUFS4|NDUFS5|NDUFS6|NDUFS7|NDUFS8|NDUFV1|NDUFV2|NDUFV3|NNT|NQO2|NSDHL|OGDH|PDHA1|PDHA2|PDHB|PHGDH|PYCR1|PYCR2|QDPR|RDH5|SORD|TSTA3|TYR|UGDH,metabolic,systemic glucocorticoid manipulation,HSD11B1; HSD11B2,hard exclusion: systemic glucocorticoid manipulation
coenzyme-Q10,Launched,,,other / unclassified,,,no annotated mechanism of action
COH29,Phase 1,ribonucleotide reductase inhibitor,,metabolic,broad cytotoxic chemotherapeutic,ribonucleotide reductase,hard exclusion: broad cytotoxic chemotherapeutic
colchicine,Launched,microtubule inhibitor,GLRA1|GLRA2|TUBA1A|TUBA1B|TUBA1C|TUBA3C|TUBA3D|TUBA3E|TUBA4A|TUBB|TUBB1|TUBB2A|TUBB2B|TUBB3|TUBB4A|TUBB4B|TUBB6|TUBB8,other / unclassified,broad cytotoxic chemotherapeutic,microtubule,hard exclusion: broad cytotoxic chemotherapeutic
combretastatin-A-4,Phase 2,tubulin polymerization inhibitor,,mechanotransduction,broad cytotoxic chemotherapeutic,tubulin polymerization inhibitor,hard exclusion: broad cytotoxic chemotherapeutic
compound-58112,Preclinical,,,other / unclassified,,,no annotated mechanism of action
convallatoxin,Preclinical,cardiac glycoside,,other / unclassified,narrow-therapeutic-index cardiac glycoside,cardiac glycoside,hard exclusion: narrow-therapeutic-index cardiac glycoside
copper-histidine,Phase 3,,SLC15A3|SLC15A4|SLC38A5,transporter,,,no annotated mechanism of action
corosolic-acid,Phase 2,PKC inhibitor|protein tyrosine kinase inhibitor,HSD11B1|PTPN1,kinase,systemic glucocorticoid manipulation,HSD11B1,hard exclusion: systemic glucocorticoid manipulation
CORT-108297,Preclinical,glucocorticoid receptor antagonist,,GPCR,systemic glucocorticoid manipulation,glucocorticoid receptor,hard exclusion: systemic glucocorticoid manipulation
corticosterone,Preclinical,mineralocorticoid receptor agonist,HSD11B1|NCOA1|NR3C2,GPCR,systemic glucocorticoid manipulation,HSD11B1,hard exclusion: systemic glucocorticoid manipulation
cortisone,Launched,glucocorticoid receptor agonist,NR3C1,GPCR,systemic glucocorticoid manipulation,glucocorticoid receptor,hard exclusion: systemic glucocorticoid manipulation
cortisone-acetate,Launched,glucocorticoid receptor agonist,NR3C1,GPCR,systemic glucocorticoid manipulation,glucocorticoid receptor,hard exclusion: systemic glucocorticoid manipulation
cortodoxone,Phase 3,androgen receptor antagonist,AR,GPCR,systemic sex-steroid manipulation,androgen receptor,hard exclusion: systemic sex-steroid manipulation
CQS,Preclinical,,,other / unclassified,,,no annotated mechanism of action
creatine,Launched,,CKB|CKM|CKMT1A|CKMT2|GAMT|SLC6A8,transporter,,,no annotated mechanism of action
creatinine,Preclinical,,,other / unclassified,,,no annotated mechanism of action
creatinol-phosphate,Launched,,,other / unclassified,,,no orderable sample (no SMILES or catalogue number)
cresol,Launched,,,other / unclassified,,,no annotated mechanism of action
cresopirine,Preclinical,,,other / unclassified,,,no annotated mechanism of action
cridanimod,Launched,progesterone receptor agonist,PGR,GPCR,systemic sex-steroid manipulation,progesterone receptor,hard exclusion: systemic sex-steroid manipulation
crolibulin,Phase 1/Phase 2,tubulin polymerization inhibitor,,mechanotransduction,broad cytotoxic chemotherapeutic,tubulin polymerization inhibitor,hard exclusion: broad cytotoxic chemotherapeutic
cromakalim,Phase 2,,KCNJ8,other / unclassified,,,no annotated mechanism of action
CRT0044876,Preclinical,,,other / unclassified,,,no annotated mechanism of action
curcumin,Launched,cyclooxygenase inhibitor|histone acetyltransferase inhibitor|lipoxygenase inhibitor|NFkB pathway inhibitor,APP|CA1|CA12|CA14|CA2|CA4|CA6|CA9|CHRM3|CYP3A4|DNMT3B|EP300|MMP13|MMP9|NOS2|PTGS1|PTGS2|XDH,epigenetic (selective probe),broad epigenetic poison,DNMT3B,hard exclusion: broad epigenetic poison
CX-5461,Phase 1,RNA polymerase inhibitor,,other / unclassified,known to suppress chondrocyte proliferation,RNA polymerase inhibitor,hard exclusion: known to suppress chondrocyte proliferation
cyacetacide,Preclinical,,,other / unclassified,,,no annotated mechanism of action
cyclamic-acid,Preclinical,,,other / unclassified,,,no annotated mechanism of action
cyclic-AMP,Preclinical,,CNGA3|TRPM7,other / unclassified,,,no annotated mechanism of action
cyclocytidine,Preclinical,DNA synthesis inhibitor|RNA synthesis inhibitor,,other / unclassified,broad cytotoxic chemotherapeutic,DNA synthesis inhibitor,hard exclusion: broad cytotoxic chemotherapeutic
cycloheximide,Preclinical,protein synthesis inhibitor,RPL3,other / unclassified,known to suppress chondrocyte proliferation,protein synthesis inhibitor,hard exclusion: known to suppress chondrocyte proliferation
cyclophosphamide,Launched,DNA alkylating agent,CYP2A6|CYP2B6|CYP2C18|CYP2C19|CYP2C8|CYP2C9|CYP2D6|CYP3A4|CYP3A5|CYP3A7,other / unclassified,broad cytotoxic chemotherapeutic,DNA alkylat,hard exclusion: broad cytotoxic chemotherapeutic
CycLuc1,Preclinical,,,other / unclassified,,,no annotated mechanism of action
CYC116,Phase 1,Aurora kinase inhibitor,AURKA|AURKB|KDR,kinase,Aurora inhibitor,Aurora,hard exclusion: Aurora inhibitor
cypermethrin,Launched,,,other / unclassified,,,no annotated mechanism of action
cyproterone-acetate,Launched,androgen receptor antagonist,ADORA1|AR,GPCR,systemic sex-steroid manipulation,androgen receptor,hard exclusion: systemic sex-steroid manipulation
cyromazine,Launched,,,other / unclassified,,,no annotated mechanism of action
cysteamine,Launched,tissue transglutaminase inhibitor,NPY2R|SST,metabolic,,,no orderable sample (no SMILES or catalogue number)
CYT-997,Phase 2,tubulin polymerization inhibitor,TUBB,mechanotransduction,broad cytotoxic chemotherapeutic,tubulin polymerization inhibitor,hard exclusion: broad cytotoxic chemotherapeutic
cytarabine,Launched,ribonucleotide reductase inhibitor,POLA1|POLB|POLD1|POLE,metabolic,broad cytotoxic chemotherapeutic,ribonucleotide reductase,hard exclusion: broad cytotoxic chemotherapeutic
cytidine,Launched,,,other / unclassified,,,no annotated mechanism of action
cytochalasin-B,Phase 2,microtubule inhibitor,ACTB,other / unclassified,broad cytotoxic chemotherapeutic,microtubule,hard exclusion: broad cytotoxic chemotherapeutic
cytochlor,Phase 1,,,other / unclassified,,,no annotated mechanism of action
C106,Phase 3,,,other / unclassified,,,no annotated mechanism of action
C11-Acetate,Phase 3,,ABAT|ACE|AKR1C3|CA2|CELA1|ESR2|FFAR2|FFAR3|HPRT1|LTA4H|MMP12|NOS1|NOS3|PLA2G1B|PTPN1|SOD1|TXN,other / unclassified,systemic sex-steroid manipulation,ESR2,hard exclusion: systemic sex-steroid manipulation
"D,L-mevalonic-acid-lactone",Preclinical,,,other / unclassified,,,no orderable sample (no SMILES or catalogue number)
D-(+)-maltose,Preclinical,,MGAM,other / unclassified,,,no annotated mechanism of action
D-alpha-tocopheryl-succinate,Launched,,,other / unclassified,,,no annotated mechanism of action
D-delta-tocopherol,Launched,,,other / unclassified,,,no annotated mechanism of action
D-limonene,Phase 1,,,other / unclassified,,,no annotated mechanism of action
D-64131,Preclinical,microtubule inhibitor,TUBB,other / unclassified,broad cytotoxic chemotherapeutic,microtubule,hard exclusion: broad cytotoxic chemotherapeutic
D-7193,Phase 2,,,other / unclassified,,,no orderable sample (no SMILES or catalogue number)
dacarbazine,Launched,DNA alkylating agent,PGD|POLA2,other / unclassified,broad cytotoxic chemotherapeutic,DNA alkylat,hard exclusion: broad cytotoxic chemotherapeutic
dactinomycin,Launched,RNA polymerase inhibitor,POLR2A,other / unclassified,known to suppress chondrocyte proliferation,RNA polymerase inhibitor,hard exclusion: known to suppress chondrocyte proliferation
daidzein,Phase 2,estrogen receptor agonist,ESRRA|ESRRB|ESRRG|TRPC5,GPCR,systemic sex-steroid manipulation,estrogen receptor,hard exclusion: systemic sex-steroid manipulation
danazol,Launched,estrogen receptor antagonist|progesterone receptor agonist,AR|CCL2|ESR1|GNRHR|GNRHR2|PGR,GPCR,systemic sex-steroid manipulation,estrogen receptor,hard exclusion: systemic sex-steroid manipulation
danusertib,Phase 2,Aurora kinase inhibitor|growth factor receptor inhibitor,AURKA|AURKB|AURKC|FGFR1|NTRK1|RET|SLK,kinase; growth factor / cytokine,Aurora inhibitor,Aurora,hard exclusion: Aurora inhibitor
darolutamide,Launched,androgen receptor antagonist,AR,GPCR,systemic sex-steroid manipulation,androgen receptor,hard exclusion: systemic sex-steroid manipulation
daunorubicin,Launched,RNA synthesis inhibitor|topoisomerase inhibitor,TOP2A|TOP2B,other / unclassified,broad cytotoxic chemotherapeutic,topoisomerase,hard exclusion: broad cytotoxic chemotherapeutic
deazaguanine,Preclinical,DNA synthesis inhibitor,,other / unclassified,broad cytotoxic chemotherapeutic,DNA synthesis inhibitor,hard exclusion: broad cytotoxic chemotherapeutic
decitabine,Launched,DNA methyltransferase inhibitor,DNMT1|DNMT3A,epigenetic (selective probe),broad epigenetic poison,DNA methyltransferase inhibitor,hard exclusion: broad epigenetic poison
deferasirox-iron-chelate,Launched,,,other / unclassified,,,no annotated mechanism of action
deflazacort,Launched,glucocorticoid receptor agonist,NR3C1,GPCR,systemic glucocorticoid manipulation,glucocorticoid receptor,hard exclusion: systemic glucocorticoid manipulation
degarelix,Launched,gonadotropin releasing factor hormone receptor antagonist,GNRHR,GPCR,systemic sex-steroid manipulation,gonadotropin,hard exclusion: systemic sex-steroid manipulation
dehydroacetic-acid,Preclinical,,,other / unclassified,,,no annotated mechanism of action
dehydrocholate,Preclinical,,,other / unclassified,,,no annotated mechanism of action
dehydrocholate-acid,Preclinical,,,other / unclassified,,,no annotated mechanism of action
dehydroepiandrosterone,Launched,protein synthesis stimulant,ESR1|ESR2|G6PD|GABRA1|GABRA2|GABRA3|GABRA4|GABRA5|GABRA6|GABRB1|GABRB2|GABRB3|GABRD|GABRE|GABRG1|GABRG2|GABRG3|GABRP|GABRQ|GRIN1|GRIN2A|GRIN2B|GRIN2C|GRIN2D|GRIN3A|GRIN3B|HSD17B1|NR1I2|NR1I3|PPARA|SIGMAR1|SULT2A1|SULT2B1,other / unclassified,systemic sex-steroid manipulation,ESR1; ESR2,hard exclusion: systemic sex-steroid manipulation
dehydroepiandrosterone-sulfate,Launched,androgen receptor agonist|estrogen receptor agonist,AR|ESR1|ESR2,GPCR,systemic sex-steroid manipulation,estrogen receptor,hard exclusion: systemic sex-steroid manipulation
delanzomib,Phase 1/Phase 2,proteasome inhibitor,CMA1|CTSG|CYP3A4|ELANE,other / unclassified,proteasome inhibitor,proteasome,hard exclusion: proteasome inhibitor
denatonium-benzoate,Preclinical,,,other / unclassified,,,no annotated mechanism of action
deslanoside,Launched,Na/K-ATPase inhibitor,ATP1A1|ATP1A2|ATP1A3|ATP1A4|ATP1B1|ATP1B2|ATP1B3|FXYD2,other / unclassified,narrow-therapeutic-index cardiac glycoside,ATP1A1; ATP1A2; ATP1A3,hard exclusion: narrow-therapeutic-index cardiac glycoside
deslorelin,Phase 2,gonadotropin releasing factor hormone receptor agonist,,GPCR,systemic sex-steroid manipulation,gonadotropin,hard exclusion: systemic sex-steroid manipulation
desogestrel,Launched,progesterone receptor agonist,ESR1|PGR,GPCR,systemic sex-steroid manipulation,progesterone receptor,hard exclusion: systemic sex-steroid manipulation
desonide,Launched,glucocorticoid receptor agonist,NR3C1|PLA2G1B,GPCR,systemic glucocorticoid manipulation,glucocorticoid receptor,hard exclusion: systemic glucocorticoid manipulation
desoximetasone,Launched,glucocorticoid receptor agonist,NR3C1|PLA2G1B,GPCR,systemic glucocorticoid manipulation,glucocorticoid receptor,hard exclusion: systemic glucocorticoid manipulation
desoxycorticosterone-pivalate,Launched,corticosteroid agonist,NR3C2,other / unclassified,systemic glucocorticoid manipulation,corticosteroid,hard exclusion: systemic glucocorticoid manipulation
desoxycortone,Preclinical,mineralocorticoid receptor agonist,NR3C1|NR3C2,GPCR,systemic glucocorticoid manipulation,NR3C1,hard exclusion: systemic glucocorticoid manipulation
dexamethasone,Launched,glucocorticoid receptor agonist,ANXA1|NOS2|NR0B1|NR3C1|NR3C2,GPCR,systemic glucocorticoid manipulation,glucocorticoid receptor,hard exclusion: systemic glucocorticoid manipulation
dexamethasone-acetate,Launched,glucocorticoid receptor agonist,,GPCR,systemic glucocorticoid manipulation,glucocorticoid receptor,hard exclusion: systemic glucocorticoid manipulation
dexfosfoserine,Preclinical,membrane integrity inhibitor,CFTR|GRM4|GRM6|GRM7|GRM8|KCNC4|PDPK1|PIM1|PRKACA|PRKCQ|PYGL|PYGM|REG1A|RHO|SERPINB3|SMAD2|TAOK2,mechanotransduction,,,no orderable sample (no SMILES or catalogue number)
dexpanthenol,Launched,,,other / unclassified,,,no annotated mechanism of action
dexrazoxane,Launched,chelating agent|topoisomerase inhibitor,TOP2A|TOP2B,other / unclassified,broad cytotoxic chemotherapeutic,topoisomerase,hard exclusion: broad cytotoxic chemotherapeutic
dextran,Launched,,,other / unclassified,,,no annotated mechanism of action
dextrose,Launched,,,other / unclassified,,,no annotated mechanism of action
diacetamate,Preclinical,,,other / unclassified,,,no annotated mechanism of action
dianhydrogalactitol,Phase 3,DNA alkylating agent,,other / unclassified,broad cytotoxic chemotherapeutic,DNA alkylat,hard exclusion: broad cytotoxic chemotherapeutic
diarylpropionitrile,Preclinical,estrogen receptor agonist,ESR2,GPCR,systemic sex-steroid manipulation,estrogen receptor,hard exclusion: systemic sex-steroid manipulation
diatrizoic-acid,Launched,,,other / unclassified,,,no annotated mechanism of action
diazoxide,Launched,potassium channel activator,ATP1A1|CA1|CA2|KCNJ11|KCNJ8|KCNMA1|SLC12A3,ion channel; transporter,narrow-therapeutic-index cardiac glycoside,ATP1A1,hard exclusion: narrow-therapeutic-index cardiac glycoside
dibenzothiophene,Preclinical,,,other / unclassified,,,no annotated mechanism of action
dibutyl-phthalate,Preclinical,,TRPA1,other / unclassified,,,no annotated mechanism of action
dichlorisone-acetate,Phase 2,,,other / unclassified,,,no annotated mechanism of action
dichloroacetate,Phase 3,pyruvate dehydrogenase kinase inhibitor,,kinase; metabolic,,,no orderable sample (no SMILES or catalogue number)
dichlorvos,Launched,acetylcholinesterase inhibitor,,other / unclassified,,,no orderable sample (no SMILES or catalogue number)
dicloralurea,Preclinical,,,other / unclassified,,,no orderable sample (no SMILES or catalogue number)
dicyclohexylamine,Preclinical,,,other / unclassified,,,no annotated mechanism of action
didox,Launched,ribonucleotide reductase inhibitor,RRM1,metabolic,broad cytotoxic chemotherapeutic,ribonucleotide reductase,hard exclusion: broad cytotoxic chemotherapeutic
dienestrol,Launched,estrogen receptor agonist,ESR1,GPCR,systemic sex-steroid manipulation,estrogen receptor,hard exclusion: systemic sex-steroid manipulation
dienogest,Launched,progesterone receptor agonist,PGR,GPCR,systemic sex-steroid manipulation,progesterone receptor,hard exclusion: systemic sex-steroid manipulation
diethylstilbestrol,Withdrawn,estrogen receptor agonist,ESR1|ESR2|ESRRB|ESRRG,GPCR,systemic sex-steroid manipulation,estrogen receptor,hard exclusion: systemic sex-steroid manipulation
diflorasone-diacetate,Launched,glucocorticoid receptor agonist,NR3C1,GPCR,systemic glucocorticoid manipulation,glucocorticoid receptor,hard exclusion: systemic glucocorticoid manipulation
difluprednate,Launched,glucocorticoid receptor agonist,NR3C1,GPCR,systemic glucocorticoid manipulation,glucocorticoid receptor,hard exclusion: systemic glucocorticoid manipulation
digitoxigenin,Preclinical,ATPase inhibitor,ATP1A1,other / unclassified,narrow-therapeutic-index cardiac glycoside,ATP1A1,hard exclusion: narrow-therapeutic-index cardiac glycoside
digitoxin,Launched,ATPase inhibitor,ATP1A1|ATP1A2|ATP1A3|ATP1A4|ATP1B1|ATP1B2|ATP1B3|FXYD2,other / unclassified,narrow-therapeutic-index cardiac glycoside,ATP1A1; ATP1A2; ATP1A3,hard exclusion: narrow-therapeutic-index cardiac glycoside
digoxin,Launched,ATPase inhibitor,ATP1A1,other / unclassified,narrow-therapeutic-index cardiac glycoside,ATP1A1,hard exclusion: narrow-therapeutic-index cardiac glycoside
dihydromyricetin,Preclinical,,,other / unclassified,,,no annotated mechanism of action
dihydroxyacetone,Launched,,,other / unclassified,,,no orderable sample (no SMILES or catalogue number)
diloxanide,Launched,protein synthesis inhibitor,,other / unclassified,known to suppress chondrocyte proliferation,protein synthesis inhibitor,hard exclusion: known to suppress chondrocyte proliferation
dimercaprol,Launched,chelating agent,,other / unclassified,,,no orderable sample (no SMILES or catalogue number)
dimercaptosuccinic-acid,Launched,chelating agent,DNMT1,other / unclassified,broad epigenetic poison,DNMT1,hard exclusion: broad epigenetic poison
dimesna,Phase 3,tubulin polymerization inhibitor,,mechanotransduction,broad cytotoxic chemotherapeutic,tubulin polymerization inhibitor,hard exclusion: broad cytotoxic chemotherapeutic
dimethicone,Launched,,,other / unclassified,,,no annotated mechanism of action
dinaciclib,Phase 3,CDK inhibitor,CDK1|CDK2|CDK5|CDK9,kinase,known to suppress chondrocyte proliferation,CDK1,hard exclusion: known to suppress chondrocyte proliferation
dinitolmide,Launched,,,other / unclassified,,,no annotated mechanism of action
dipeptamin,Launched,,,other / unclassified,,,no orderable sample (no SMILES or catalogue number)
diphenylguanidine,Preclinical,,,other / unclassified,,,no annotated mechanism of action
disodium-sebacate,Phase 1,,HBB,other / unclassified,,,no annotated mechanism of action
disulfiram,Launched,aldehyde dehydrogenase inhibitor|DNA methyltransferase inhibitor|TRPV agonist,ALDH2|DBH,ion channel; metabolic; epigenetic (selective probe),broad epigenetic poison,DNA methyltransferase inhibitor,hard exclusion: broad epigenetic poison
dithranol,Launched,DNA synthesis inhibitor,,other / unclassified,broad cytotoxic chemotherapeutic,DNA synthesis inhibitor,hard exclusion: broad cytotoxic chemotherapeutic
ditiocarb-sodium-trihydrate,Phase 3,immunostimulant,CA1|CA2|CA4,other / unclassified,,,no orderable sample (no SMILES or catalogue number)
dixanthogen,Preclinical,,,other / unclassified,,,no orderable sample (no SMILES or catalogue number)
DMH4,Preclinical,VEGFR inhibitor,KDR,growth factor / cytokine,anti-angiogenic with juvenile growth-plate toxicity,VEGFR,hard exclusion: anti-angiogenic with juvenile growth-plate toxicity
DMPS,Phase 1,chelating agent,,other / unclassified,,,no orderable sample (no SMILES or catalogue number)
docetaxel,Launched,tubulin polymerization inhibitor,BCL2|MAP2|MAP4|MAPT|NR1I2|TUBA1A|TUBA1B|TUBA1C|TUBA3C|TUBA3D|TUBA3E|TUBA4A|TUBB|TUBB1|TUBB2A|TUBB2B|TUBB3|TUBB4A|TUBB4B|TUBB6|TUBB8,mechanotransduction,broad cytotoxic chemotherapeutic,tubulin polymerization inhibitor,hard exclusion: broad cytotoxic chemotherapeutic
doconexent-ethyl-ester,Launched,omega 3 fatty acid stimulant,,metabolic,,,no orderable sample (no SMILES or catalogue number)
docosanol,Launched,lipase clearing factor inhibitor,TLR7,other / unclassified,,,no orderable sample (no SMILES or catalogue number)
dodecyl-sulfate,Preclinical,,LYZ,other / unclassified,,,no annotated mechanism of action
dolastatin-10,Phase 2,tubulin polymerization inhibitor,TUBB,mechanotransduction,broad cytotoxic chemotherapeutic,tubulin polymerization inhibitor,hard exclusion: broad cytotoxic chemotherapeutic
domiphen,Preclinical,,,other / unclassified,,,no annotated mechanism of action
doramectin,Launched,,,other / unclassified,,,no annotated mechanism of action
dorsomorphin,Preclinical,AMPK inhibitor,ACVR1|BMPR1A|BMPR1B|EPHA2|FKBP1A|FLT1|FLT3|KDR|LCK|MKNK1|PRKAA1|RPS6KA1|SRC,metabolic,anti-angiogenic with juvenile growth-plate toxicity,FLT1; KDR,hard exclusion: anti-angiogenic with juvenile growth-plate toxicity
DOTMP,Preclinical,,,other / unclassified,,,no annotated mechanism of action
dovitinib,Phase 3,EGFR inhibitor|FGFR inhibitor|FLT3 inhibitor|PDGFR tyrosine kinase receptor inhibitor|VEGFR inhibitor,CSF1R|EGFR|FGFR1|FGFR2|FGFR3|FLT1|FLT3|FLT4|INSR|KDR|KIT|PDGFRA|PDGFRB,kinase; growth factor / cytokine,anti-angiogenic with juvenile growth-plate toxicity,VEGFR,hard exclusion: anti-angiogenic with juvenile growth-plate toxicity
doxifluridine,Launched,thymidylate synthase inhibitor,TYMS,metabolic,broad cytotoxic chemotherapeutic,thymidylate synthase,hard exclusion: broad cytotoxic chemotherapeutic
doxorubicin,Launched,topoisomerase inhibitor,TOP2A,other / unclassified,broad cytotoxic chemotherapeutic,topoisomerase,hard exclusion: broad cytotoxic chemotherapeutic
DpC,Phase 1,,,other / unclassified,,,no annotated mechanism of action
drofenine,Launched,,,other / unclassified,,,no annotated mechanism of action
droloxifene,Phase 3,selective estrogen receptor modulator (SERM),ESR1,other / unclassified,systemic sex-steroid manipulation,estrogen receptor,hard exclusion: systemic sex-steroid manipulation
dromostanolone-propionate,Launched,androgen receptor modulator,AR,other / unclassified,systemic sex-steroid manipulation,androgen receptor,hard exclusion: systemic sex-steroid manipulation
drospirenone,Launched,mineralocorticoid receptor antagonist,AR|NR3C2|PGR,GPCR,systemic sex-steroid manipulation,AR; PGR,hard exclusion: systemic sex-steroid manipulation
DSPC,Preclinical,,,other / unclassified,,,no annotated mechanism of action
DS2-(806622),Preclinical,,,other / unclassified,,,no annotated mechanism of action
dutasteride,Launched,5 alpha reductase inhibitor,SRD5A1|SRD5A2|SRD5A3,metabolic,systemic sex-steroid manipulation,5 alpha reductase,hard exclusion: systemic sex-steroid manipulation
DVD-111,Phase 2,,,other / unclassified,,,no annotated mechanism of action
dydrogesterone,Launched,progesterone receptor agonist,PGR,GPCR,systemic sex-steroid manipulation,progesterone receptor,hard exclusion: systemic sex-steroid manipulation
EC-23,Preclinical,retinoid receptor agonist,RARA|RARB|RARG,GPCR,known plate-fusion or premature-remodeling hazard,RARA; RARB; RARG,hard exclusion: known plate-fusion or premature-remodeling hazard
ecabapide,Phase 3,,,other / unclassified,,,no annotated mechanism of action
ecamsule-triethanolamine,Launched,,,other / unclassified,,,no annotated mechanism of action
echinomycin,Phase 2,DNA intercalating agent,,other / unclassified,broad cytotoxic chemotherapeutic,DNA intercalat,hard exclusion: broad cytotoxic chemotherapeutic
editol,Preclinical,,,other / unclassified,,,no annotated mechanism of action
elacestrant,Phase 3,estrogen receptor degrader,,other / unclassified,systemic sex-steroid manipulation,estrogen receptor,hard exclusion: systemic sex-steroid manipulation
elacytarabine,Phase 3,antineoplastic agent,DCK,other / unclassified,broad cytotoxic chemotherapeutic,antineoplastic,hard exclusion: broad cytotoxic chemotherapeutic
elagolix,Launched,gonadotropin releasing factor hormone receptor antagonist,GNRHR,GPCR,systemic sex-steroid manipulation,gonadotropin,hard exclusion: systemic sex-steroid manipulation
elemene,Phase 3,VEGFR inhibitor,,growth factor / cytokine,anti-angiogenic with juvenile growth-plate toxicity,VEGFR,hard exclusion: anti-angiogenic with juvenile growth-plate toxicity
ellagic-acid,Phase 2,glutathione transferase inhibitor|non-nucleoside reverse transcriptase inhibitor,CA1|CA12|CA14|CA2|CA3|CA4|CA5A|CA5B|CA6|CA7|CA9|CSNK2A1|GSK3B|PRKACA|PRKCA|PRKCB|SQLE|SYK,kinase,GSK3 inhibition,GSK3B,hard exclusion: GSK3 inhibition
emetine,Phase 2,protein synthesis inhibitor,RPS2,other / unclassified,known to suppress chondrocyte proliferation,protein synthesis inhibitor,hard exclusion: known to suppress chondrocyte proliferation
emoxipin,Phase 3,,,other / unclassified,,,no annotated mechanism of action
enbucrilate,Launched,,,other / unclassified,,,no annotated mechanism of action
endoxifen,Phase 2,estrogen receptor antagonist,ESR1,GPCR,systemic sex-steroid manipulation,estrogen receptor,hard exclusion: systemic sex-steroid manipulation
enflurane,Launched,membrane permeability inhibitor,GABRA1|GABRA2|GABRA3|GABRA4|GABRA5|GABRA6|GABRB1|GABRB2|GABRB3|GABRD|GABRE|GABRG1|GABRG2|GABRG3|GABRP|GABRQ|GLRA1|GLRB|KCNK10|KCNK18|KCNK2|KCNK3|KCNK9,other / unclassified,,,no orderable sample (no SMILES or catalogue number)
enilconazole,Launched,sterol demethylase inhibitor,CYP19A1|CYP1A2|CYP2B6|CYP2C9|CYP2J2|CYP3A4|CYP3A5|NR1I2|PPARA|PTGER2,epigenetic (selective probe),systemic sex-steroid manipulation,CYP19A1,hard exclusion: systemic sex-steroid manipulation
enisamium-iodide,Launched,,,other / unclassified,,,no annotated mechanism of action
ENMD-2076,Phase 2,Aurora kinase inhibitor|FLT3 inhibitor|VEGFR inhibitor,AURKA|FLT3|KDR|PDGFRA|PTK2|SRC,kinase; growth factor / cytokine,Aurora inhibitor,Aurora,hard exclusion: Aurora inhibitor
enocitabine,Launched,DNA synthesis inhibitor,CMPK1|RRM1|TYMS,other / unclassified,broad cytotoxic chemotherapeutic,DNA synthesis inhibitor,hard exclusion: broad cytotoxic chemotherapeutic
enoxacin,Launched,topoisomerase inhibitor,TOP2A,other / unclassified,broad cytotoxic chemotherapeutic,topoisomerase,hard exclusion: broad cytotoxic chemotherapeutic
enoxolone,Launched,gap junction modulator,HSD11B1,other / unclassified,systemic glucocorticoid manipulation,HSD11B1,hard exclusion: systemic glucocorticoid manipulation
entasobulin,Preclinical,tubulin polymerization inhibitor,,mechanotransduction,broad cytotoxic chemotherapeutic,tubulin polymerization inhibitor,hard exclusion: broad cytotoxic chemotherapeutic
enzalutamide,Launched,androgen receptor antagonist,AR,GPCR,systemic sex-steroid manipulation,androgen receptor,hard exclusion: systemic sex-steroid manipulation
enzastaurin,Phase 3,PKC inhibitor,AKT1|GSK3B|PRKCA|PRKCB|PRKCD|PRKCG,other / unclassified,GSK3 inhibition,GSK3B,hard exclusion: GSK3 inhibition
epiestriol,Preclinical,,,other / unclassified,,,no annotated mechanism of action
epigallocatechin-(-),Phase 2,,,other / unclassified,,,no annotated mechanism of action
epirubicin,Launched,topoisomerase inhibitor,CHD1|TOP2A,other / unclassified,broad cytotoxic chemotherapeutic,topoisomerase,hard exclusion: broad cytotoxic chemotherapeutic
epitiostanol,Launched,androgen receptor agonist,AR,GPCR,systemic sex-steroid manipulation,androgen receptor,hard exclusion: systemic sex-steroid manipulation
epothilone-A,Preclinical,microtubule stabilizing agent,,other / unclassified,broad cytotoxic chemotherapeutic,microtubule,hard exclusion: broad cytotoxic chemotherapeutic
epothilone-B,Phase 3,microtubule stabilizing agent|tubulin polymerization inhibitor,TUBB,mechanotransduction,broad cytotoxic chemotherapeutic,tubulin polymerization inhibitor,hard exclusion: broad cytotoxic chemotherapeutic
epothilone-D,Phase 2,microtubule stabilizing agent|tubulin polymerization inhibitor,TUBB,mechanotransduction,broad cytotoxic chemotherapeutic,tubulin polymerization inhibitor,hard exclusion: broad cytotoxic chemotherapeutic
epristeride,Preclinical,5 alpha reductase inhibitor,,metabolic,systemic sex-steroid manipulation,5 alpha reductase,hard exclusion: systemic sex-steroid manipulation
equilin,Preclinical,estrogen receptor agonist,HSD17B1,GPCR,systemic sex-steroid manipulation,estrogen receptor,hard exclusion: systemic sex-steroid manipulation
equol,Launched,estrogen receptor agonist,ESR1|ESR2,GPCR,systemic sex-steroid manipulation,estrogen receptor,hard exclusion: systemic sex-steroid manipulation
ER-50891,Preclinical,retinoid receptor antagonist,RARA,GPCR,known plate-fusion or premature-remodeling hazard,RARA,hard exclusion: known plate-fusion or premature-remodeling hazard
eribulin,Launched,microtubule inhibitor,,other / unclassified,broad cytotoxic chemotherapeutic,microtubule,hard exclusion: broad cytotoxic chemotherapeutic
erteberel,Phase 2,estrogen receptor agonist,ESR1|ESR2,GPCR,systemic sex-steroid manipulation,estrogen receptor,hard exclusion: systemic sex-steroid manipulation
erythritol,Launched,,,other / unclassified,,,no annotated mechanism of action
erythromycin-ethylsuccinate,Launched,cytochrome P450 inhibitor|protein synthesis inhibitor,ABCB1|ALB|CYP3A4|CYP51A1|KCNH2|MLNR|SLC47A1,transporter,known to suppress chondrocyte proliferation,protein synthesis inhibitor,hard exclusion: known to suppress chondrocyte proliferation
esaprazole,Phase 2,,,other / unclassified,,,no annotated mechanism of action
estetrol,Phase 3,selective estrogen receptor modulator (SERM),ESR1,other / unclassified,systemic sex-steroid manipulation,estrogen receptor,hard exclusion: systemic sex-steroid manipulation
estradiol,Launched,estrogen receptor agonist,ESR1|ESR2|GPER1|KCNMA1|NR1I2,GPCR,systemic sex-steroid manipulation,estrogen receptor,hard exclusion: systemic sex-steroid manipulation
estradiol-acetate,Launched,estrogen receptor agonist,ESR1,GPCR,systemic sex-steroid manipulation,estrogen receptor,hard exclusion: systemic sex-steroid manipulation
estradiol-benzoate,Preclinical,contraceptive agent,ESR1,other / unclassified,systemic sex-steroid manipulation,ESR1,hard exclusion: systemic sex-steroid manipulation
estradiol-cypionate,Launched,estrogen receptor agonist,ESR1,GPCR,systemic sex-steroid manipulation,estrogen receptor,hard exclusion: systemic sex-steroid manipulation
estradiol-valerate,Launched,estrogen receptor agonist,ESR1,GPCR,systemic sex-steroid manipulation,estrogen receptor,hard exclusion: systemic sex-steroid manipulation
estramustine,Launched,DNA alkylating agent,ESR1|ESR2|MAP1A|MAP2,other / unclassified,broad cytotoxic chemotherapeutic,DNA alkylat,hard exclusion: broad cytotoxic chemotherapeutic
estramustine-phosphate,Launched,DNA synthesis inhibitor|microtubule inhibitor,ESR1|ESR2|MAP1A|MAP2,other / unclassified,broad cytotoxic chemotherapeutic,microtubule,hard exclusion: broad cytotoxic chemotherapeutic
estriol,Launched,estrogen receptor agonist,ESR1|ESR2,GPCR,systemic sex-steroid manipulation,estrogen receptor,hard exclusion: systemic sex-steroid manipulation
estrone,Launched,estrogen receptor agonist|estrogenic hormone,ESR1|ESR2,GPCR,systemic sex-steroid manipulation,estrogen receptor,hard exclusion: systemic sex-steroid manipulation
estropipate,Launched,estrogen receptor agonist,ESR1|ESR2,GPCR,systemic sex-steroid manipulation,estrogen receptor,hard exclusion: systemic sex-steroid manipulation
etacrynic-acid,Launched,sodium/potassium/chloride transporter inhibitor,ATP1A1|SLC12A1,transporter,narrow-therapeutic-index cardiac glycoside,ATP1A1,hard exclusion: narrow-therapeutic-index cardiac glycoside
ethacridine-lactate-monohydrate,Preclinical,DNA intercalating agent,,other / unclassified,broad cytotoxic chemotherapeutic,DNA intercalat,hard exclusion: broad cytotoxic chemotherapeutic
ethanolamine-oleate,Launched,immunostimulant,F12|FABP4|FFAR1|FFAR4|PLD2,other / unclassified,,,no orderable sample (no SMILES or catalogue number)
ethimizol,Phase 1,,,other / unclassified,,,no annotated mechanism of action
ethinyl-estradiol,Launched,estrogen receptor agonist|estrogenic hormone,ESR1|ESR2|NR1I2,GPCR,systemic sex-steroid manipulation,estrogen receptor,hard exclusion: systemic sex-steroid manipulation
ethyl-paraben,Preclinical,,,other / unclassified,,,no annotated mechanism of action
ethyl-vanillin,Preclinical,,,other / unclassified,,,no annotated mechanism of action
ethyl-2-(carbamoyloxy)benzoate,Phase 1,,,other / unclassified,,,no annotated mechanism of action
ethynodiol-diacetate,Launched,,ESR1|PGR,other / unclassified,systemic sex-steroid manipulation,ESR1; PGR,hard exclusion: systemic sex-steroid manipulation
ethynylcytidine,Preclinical,antimetabolite,,other / unclassified,broad cytotoxic chemotherapeutic,antimetabolite,hard exclusion: broad cytotoxic chemotherapeutic
etidronic-acid,Launched,bone resorption inhibitor,ATP6V1A|PTPRS,other / unclassified,direct V-ATPase poison,ATP6V1A,hard exclusion: direct V-ATPase poison
etonogestrel,Launched,progesterone receptor agonist,ESR1|PGR,GPCR,systemic sex-steroid manipulation,progesterone receptor,hard exclusion: systemic sex-steroid manipulation
etoposide,Launched,topoisomerase inhibitor,TOP2A|TOP2B,other / unclassified,broad cytotoxic chemotherapeutic,topoisomerase,hard exclusion: broad cytotoxic chemotherapeutic
etoposide-phosphate,Launched,topoisomerase inhibitor,TOP2A,other / unclassified,broad cytotoxic chemotherapeutic,topoisomerase,hard exclusion: broad cytotoxic chemotherapeutic
etoxybamide,Phase 2,,,other / unclassified,,,no annotated mechanism of action
etretinate,Withdrawn,protein synthesis inhibitor,RARA|RXRG,other / unclassified,known to suppress chondrocyte proliferation,protein synthesis inhibitor,hard exclusion: known to suppress chondrocyte proliferation
eugenol,Launched,androgen receptor antagonist,AR,GPCR,systemic sex-steroid manipulation,androgen receptor,hard exclusion: systemic sex-steroid manipulation
EUK-134,Preclinical,catalase stimulant,APP|SOD2,other / unclassified,,,no orderable sample (no SMILES or catalogue number)
exatecan-mesylate,Phase 3,topoisomerase inhibitor,TOP1,other / unclassified,broad cytotoxic chemotherapeutic,topoisomerase,hard exclusion: broad cytotoxic chemotherapeutic
exemestane,Launched,aromatase inhibitor,CYP19A1,other / unclassified,systemic sex-steroid manipulation,aromatase,hard exclusion: systemic sex-steroid manipulation
E7820,Phase 2,angiogenesis inhibitor,,other / unclassified,anti-angiogenic with juvenile growth-plate toxicity,angiogenesis inhibitor,hard exclusion: anti-angiogenic with juvenile growth-plate toxicity
F-16915,Preclinical,,,other / unclassified,,,no annotated mechanism of action
fadrozole,Launched,aromatase inhibitor,CYP11B1|CYP19A1,other / unclassified,systemic sex-steroid manipulation,aromatase,hard exclusion: systemic sex-steroid manipulation
favipiravir,Phase 3,RNA polymerase inhibitor,,other / unclassified,known to suppress chondrocyte proliferation,RNA polymerase inhibitor,hard exclusion: known to suppress chondrocyte proliferation
fdcyd,Phase 2,DNA methyltransferase inhibitor,,epigenetic (selective probe),broad epigenetic poison,DNA methyltransferase inhibitor,hard exclusion: broad epigenetic poison
fenaclon,Preclinical,,,other / unclassified,,,no annotated mechanism of action
fenbendazole,Launched,tubulin polymerization inhibitor,TUBB,mechanotransduction,broad cytotoxic chemotherapeutic,tubulin polymerization inhibitor,hard exclusion: broad cytotoxic chemotherapeutic
fenoxaprop-p-ethyl,Preclinical,,NOS3,other / unclassified,,,no annotated mechanism of action
fenretinide,Phase 3,apoptosis stimulant|retinoid receptor agonist,RARA,GPCR,known plate-fusion or premature-remodeling hazard,RARA,hard exclusion: known plate-fusion or premature-remodeling hazard
fexinidazole,Phase 3,,,other / unclassified,,,no annotated mechanism of action
fiacitabine,Phase 2,DNA synthesis inhibitor,,other / unclassified,broad cytotoxic chemotherapeutic,DNA synthesis inhibitor,hard exclusion: broad cytotoxic chemotherapeutic
fidaxomicin,Launched,RNA polymerase inhibitor,,other / unclassified,known to suppress chondrocyte proliferation,RNA polymerase inhibitor,hard exclusion: known to suppress chondrocyte proliferation
finasteride,Launched,5 alpha reductase inhibitor,AKR1D1|SRD5A1|SRD5A2,metabolic,systemic sex-steroid manipulation,5 alpha reductase,hard exclusion: systemic sex-steroid manipulation
fisetin,Preclinical,Aurora kinase inhibitor,CDK6|FASN,kinase,Aurora inhibitor,Aurora,hard exclusion: Aurora inhibitor
flavin-adenine-dinucleotide,Preclinical,,ACAD8|ACADM|ACADS|ACOX1|AIFM1|CYB5R1|CYB5R3|DAO|DLD|DPYD|ERO1LB|FDXR|GCDH|GFER|GSR|IL4I1|IVD|MAOA|MAOB|NOS1|NQO1|NQO2|POR|TXNRD1|XDH,other / unclassified,,,no annotated mechanism of action
fleroxacin,Launched,topoisomerase inhibitor,TOP2A,other / unclassified,broad cytotoxic chemotherapeutic,topoisomerase,hard exclusion: broad cytotoxic chemotherapeutic
florfenicol,Launched,protein synthesis inhibitor,,other / unclassified,known to suppress chondrocyte proliferation,protein synthesis inhibitor,hard exclusion: known to suppress chondrocyte proliferation
floxuridine,Launched,DNA synthesis inhibitor,TYMS,other / unclassified,broad cytotoxic chemotherapeutic,DNA synthesis inhibitor,hard exclusion: broad cytotoxic chemotherapeutic
flubendazole,Launched,tubulin polymerization inhibitor,TUBB,mechanotransduction,broad cytotoxic chemotherapeutic,tubulin polymerization inhibitor,hard exclusion: broad cytotoxic chemotherapeutic
flucytosine,Launched,other antifungal,DNMT1,other / unclassified,broad epigenetic poison,DNMT1,hard exclusion: broad epigenetic poison
fludarabine,Launched,ribonucleotide reductase inhibitor,ADA|DCK|POLA1|RRM1|RRM2,metabolic,broad cytotoxic chemotherapeutic,ribonucleotide reductase,hard exclusion: broad cytotoxic chemotherapeutic
fludarabine-phosphate,Launched,ribonucleotide reductase inhibitor,POLA1|POLD1|POLE|RRM1|RRM2|RRM2B,metabolic,broad cytotoxic chemotherapeutic,ribonucleotide reductase,hard exclusion: broad cytotoxic chemotherapeutic
fludrocortisone-acetate,Launched,,NR3C2,other / unclassified,,,no annotated mechanism of action
fludroxycortide,Launched,glucocorticoid receptor agonist,NR3C1|SERPINA6,GPCR,systemic glucocorticoid manipulation,glucocorticoid receptor,hard exclusion: systemic glucocorticoid manipulation
flufenamic-acid,Preclinical,chloride channel blocker,AKR1C3|ANO1|AR|GJA1|GJA10|GJA3|GJA4|GJA5|GJA8|GJA9|GJB1|GJB2|GJB3|GJB4|GJB5|GJB6|GJB7|GJC1|GJC2|GJC3|GJD2|GJD3|GJD4|GJE1|PANX1|PANX2|PANX3|PKD2L1|PTGS1|PTGS2|TRPC5|TRPM2|TRPM5,ion channel,systemic sex-steroid manipulation,AR,hard exclusion: systemic sex-steroid manipulation
flumecinol,Launched,,,other / unclassified,,,no annotated mechanism of action
flumequine,Launched,topoisomerase inhibitor,,other / unclassified,broad cytotoxic chemotherapeutic,topoisomerase,hard exclusion: broad cytotoxic chemotherapeutic
flumethasone,Launched,glucocorticoid receptor agonist,NR3C1|PLA2G1B,GPCR,systemic glucocorticoid manipulation,glucocorticoid receptor,hard exclusion: systemic glucocorticoid manipulation
flumethasone-pivalate,Launched,glucocorticoid receptor agonist,NR3C1|SERPINA6,GPCR,systemic glucocorticoid manipulation,glucocorticoid receptor,hard exclusion: systemic glucocorticoid manipulation
flumexadol,Preclinical,,,other / unclassified,,,no annotated mechanism of action
flunisolide,Launched,cytochrome P450 inhibitor,NR3C1,other / unclassified,systemic glucocorticoid manipulation,NR3C1,hard exclusion: systemic glucocorticoid manipulation
fluocinolone-acetonide,Launched,glucocorticoid receptor agonist,NR3C1|SERPINA6,GPCR,systemic glucocorticoid manipulation,glucocorticoid receptor,hard exclusion: systemic glucocorticoid manipulation
fluocinonide,Launched,glucocorticoid receptor agonist,NR3C1|SERPINA6|SMO,GPCR,systemic glucocorticoid manipulation,glucocorticoid receptor,hard exclusion: systemic glucocorticoid manipulation
fluorescein,Launched,,SLC22A6,transporter,,,no annotated mechanism of action
fluorometholone,Launched,glucocorticoid receptor agonist,NR3C1,GPCR,systemic glucocorticoid manipulation,glucocorticoid receptor,hard exclusion: systemic glucocorticoid manipulation
fluorometholone-acetate,Launched,,NR3C1,other / unclassified,systemic glucocorticoid manipulation,NR3C1,hard exclusion: systemic glucocorticoid manipulation
fluoromethylcholine,Launched,,,other / unclassified,,,no annotated mechanism of action
flurothyl,Preclinical,,,other / unclassified,,,no orderable sample (no SMILES or catalogue number)
fluroxene,Preclinical,local anesthetic,,other / unclassified,,,no orderable sample (no SMILES or catalogue number)
flutamide,Launched,androgen receptor antagonist,AHR|AR,GPCR,systemic sex-steroid manipulation,androgen receptor,hard exclusion: systemic sex-steroid manipulation
fluticasone-propionate,Launched,glucocorticoid receptor agonist,NR3C1|NR3C2|PGR|PLA2G4A,GPCR,systemic sex-steroid manipulation,PGR,hard exclusion: systemic sex-steroid manipulation
foretinib,Phase 2,VEGFR inhibitor,FLT1|FLT4|KDR|MET,growth factor / cytokine,anti-angiogenic with juvenile growth-plate toxicity,VEGFR,hard exclusion: anti-angiogenic with juvenile growth-plate toxicity
formestane,Launched,aromatase inhibitor,CYP19A1,other / unclassified,systemic sex-steroid manipulation,aromatase,hard exclusion: systemic sex-steroid manipulation
fosbretabulin,Phase 3,tubulin polymerization inhibitor|VE-cadherin antagonist,CDH5,mechanotransduction,broad cytotoxic chemotherapeutic,tubulin polymerization inhibitor,hard exclusion: broad cytotoxic chemotherapeutic
foscarnet,Launched,DNA polymerase inhibitor,,other / unclassified,,,no orderable sample (no SMILES or catalogue number)
fosfestrol,Launched,synthetic estrogen,ESR1|ESR2,other / unclassified,systemic sex-steroid manipulation,ESR1; ESR2,hard exclusion: systemic sex-steroid manipulation
FPA-124,Preclinical,AKT inhibitor,,other / unclassified,,,no orderable sample (no SMILES or catalogue number)
fruquintinib,Launched,VEGFR inhibitor,KDR,growth factor / cytokine,anti-angiogenic with juvenile growth-plate toxicity,VEGFR,hard exclusion: anti-angiogenic with juvenile growth-plate toxicity
ftaxilide,Preclinical,,,other / unclassified,,,no annotated mechanism of action
ftorafur,Launched,thymidylate synthase inhibitor,TYMS,metabolic,broad cytotoxic chemotherapeutic,thymidylate synthase,hard exclusion: broad cytotoxic chemotherapeutic
fulvestrant,Launched,estrogen receptor antagonist,ESR1|ESR2|GPER1,GPCR,systemic sex-steroid manipulation,estrogen receptor,hard exclusion: systemic sex-steroid manipulation
fumonisin-B1,Preclinical,,CERS1,other / unclassified,,,no annotated mechanism of action
G-15,Preclinical,estrogen receptor antagonist,GPER1,GPCR,systemic sex-steroid manipulation,estrogen receptor,hard exclusion: systemic sex-steroid manipulation
GABA-linoleamide,Phase 2,benzodiazepine receptor agonist,,GPCR,,,no orderable sample (no SMILES or catalogue number)
galeterone,Phase 3,androgen receptor modulator,AR|CYP17A1,other / unclassified,systemic sex-steroid manipulation,androgen receptor,hard exclusion: systemic sex-steroid manipulation
gallium-triquinolin-8-olate,Phase 1,,,other / unclassified,,,no orderable sample (no SMILES or catalogue number)
garenoxacin,Launched,topoisomerase inhibitor,TOP2A,other / unclassified,broad cytotoxic chemotherapeutic,topoisomerase,hard exclusion: broad cytotoxic chemotherapeutic
gastrodin,Phase 2,,,other / unclassified,,,no annotated mechanism of action
GDC-0810,Phase 2,selective estrogen receptor destabilizer,ESR1,other / unclassified,systemic sex-steroid manipulation,estrogen receptor,hard exclusion: systemic sex-steroid manipulation
GDC-0927,Phase 1,estrogen receptor antagonist,,GPCR,systemic sex-steroid manipulation,estrogen receptor,hard exclusion: systemic sex-steroid manipulation
gemcitabine,Launched,ribonucleotide reductase inhibitor,CMPK1|RRM1|RRM2|TYMS,metabolic,broad cytotoxic chemotherapeutic,ribonucleotide reductase,hard exclusion: broad cytotoxic chemotherapeutic
gemcitabine-elaidate,Phase 1,apoptosis inhibitor|DNA synthesis inhibitor,CMPK1|RRM1|TYMS,other / unclassified,broad cytotoxic chemotherapeutic,DNA synthesis inhibitor,hard exclusion: broad cytotoxic chemotherapeutic
genistein,Phase 2/Phase 3,tyrosine kinase inhibitor,CFTR|ESR1|ESR2|ESRRA|ESRRB|ESRRG|NCOA1|NCOA2|PPARG|PTK2B|TOP2A|TRPC5,kinase,broad cytotoxic chemotherapeutic,TOP2A,hard exclusion: broad cytotoxic chemotherapeutic
genz-644282,Phase 1,topoisomerase inhibitor,TOP1,other / unclassified,broad cytotoxic chemotherapeutic,topoisomerase,hard exclusion: broad cytotoxic chemotherapeutic
gepon,Phase 1,,,other / unclassified,,,no annotated mechanism of action
gepotidacin,Phase 2,topoisomerase inhibitor,,other / unclassified,broad cytotoxic chemotherapeutic,topoisomerase,hard exclusion: broad cytotoxic chemotherapeutic
gestrinone,Launched,progesterone receptor antagonist,AR|ESR1|PGR,GPCR,systemic sex-steroid manipulation,progesterone receptor,hard exclusion: systemic sex-steroid manipulation
ginsenoside-RE3,Launched,angiogenesis inhibitor|apoptosis stimulant,KCNH2,other / unclassified,anti-angiogenic with juvenile growth-plate toxicity,angiogenesis inhibitor,hard exclusion: anti-angiogenic with juvenile growth-plate toxicity
GLPG0492,Phase 1,androgen receptor modulator,AR,other / unclassified,systemic sex-steroid manipulation,androgen receptor,hard exclusion: systemic sex-steroid manipulation
GLPG0492-R-enantiomer,Phase 1,androgen receptor modulator,AR,other / unclassified,systemic sex-steroid manipulation,androgen receptor,hard exclusion: systemic sex-steroid manipulation
glucaric-acid,Phase 1,,,other / unclassified,,,no annotated mechanism of action
gluconolactone,Launched,,LCT,other / unclassified,,,no annotated mechanism of action
glutathione,Phase 3,antioxidant,ESD|GGT1|GLO1|GLRX|GLRX2|GPX1|GPX2|GPX3|GPX4|GPX5|GPX6|GPX7|GPX8|GSR|GSS|GSTA1|GSTA2|GSTA3|GSTA4|GSTA5|GSTK1|GSTM1|GSTM2|GSTM3|GSTM4|GSTM5|GSTO1|GSTO2|GSTP1|GSTT1|GSTZ1|HAGH|HPGDS|LTC4S|MGST1|MGST2|MGST3|TXNDC12,other / unclassified,,,no orderable sample (no SMILES or catalogue number)
gly-gln,Phase 2,,,other / unclassified,,,no annotated mechanism of action
golvatinib,Phase 2,VEGFR inhibitor,KDR|MET,growth factor / cytokine,anti-angiogenic with juvenile growth-plate toxicity,VEGFR,hard exclusion: anti-angiogenic with juvenile growth-plate toxicity
gonadorelin,Launched,gonadotropin releasing factor hormone receptor agonist,GNRHR,GPCR,systemic sex-steroid manipulation,gonadotropin,hard exclusion: systemic sex-steroid manipulation
goserelin-acetate,Launched,gonadotropin releasing factor hormone receptor agonist,GNRHR|LHCGR,GPCR,systemic sex-steroid manipulation,gonadotropin,hard exclusion: systemic sex-steroid manipulation
GR-235,Launched,estrogen receptor agonist|FXR antagonist|progesterone receptor agonist,NR1H4,GPCR,systemic sex-steroid manipulation,estrogen receptor,hard exclusion: systemic sex-steroid manipulation
griseofulvin,Launched,tubulin polymerization inhibitor,KRT12,mechanotransduction,broad cytotoxic chemotherapeutic,tubulin polymerization inhibitor,hard exclusion: broad cytotoxic chemotherapeutic
GSK-3-inhibitor-IX,Preclinical,glycogen synthase kinase inhibitor|lipoxygenase inhibitor,GSK3A|GSK3B,kinase; metabolic,GSK3 inhibition,glycogen synthase kinase,hard exclusion: GSK3 inhibition
GSK1070916,Phase 1,Aurora kinase inhibitor,AURKA|AURKB|AURKC|CYP2D6|CYP3A4,kinase,Aurora inhibitor,Aurora,hard exclusion: Aurora inhibitor
GSK2334470,Preclinical,phosphoinositide dependent kinase inhibitor,AURKA|AURKB|PDPK1,kinase,Aurora inhibitor,AURKA; AURKB,hard exclusion: Aurora inhibitor
GSK2881078,Phase 2,androgen receptor modulator,,other / unclassified,systemic sex-steroid manipulation,androgen receptor,hard exclusion: systemic sex-steroid manipulation
GSK461364,Phase 1,PLK inhibitor,PLK1,other / unclassified,PLK inhibitor,PLK,hard exclusion: PLK inhibitor
GSK9027,Preclinical,glucocorticoid receptor agonist,NR3C1,GPCR,systemic glucocorticoid manipulation,glucocorticoid receptor,hard exclusion: systemic glucocorticoid manipulation
guadecitabine,Phase 3,DNA methyltransferase inhibitor,,epigenetic (selective probe),broad epigenetic poison,DNA methyltransferase inhibitor,hard exclusion: broad epigenetic poison
guanidinoethyldisulfide-bicarbonate,Phase 2,nitric oxide synthase inhibitor,NOS2,metabolic,,,no orderable sample (no SMILES or catalogue number)
guanosine,Preclinical,,PNP,other / unclassified,,,no annotated mechanism of action
GW-843682X,Preclinical,PLK inhibitor,PLK1|PLK3,other / unclassified,PLK inhibitor,PLK,hard exclusion: PLK inhibitor
halazone,Launched,,,other / unclassified,,,no annotated mechanism of action
halcinonide,Launched,glucocorticoid receptor agonist,NR3C1,GPCR,systemic glucocorticoid manipulation,glucocorticoid receptor,hard exclusion: systemic glucocorticoid manipulation
halobetasol-propionate,Launched,glucocorticoid receptor agonist,NR3C1|PLA2G1B,GPCR,systemic glucocorticoid manipulation,glucocorticoid receptor,hard exclusion: systemic glucocorticoid manipulation
halothane,Launched,glutamate receptor antagonist,GABRA1|GABRA2|GABRA3|GABRA4|GABRA5|GABRA6|GABRB1|GABRB2|GABRB3|GABRD|GABRE|GABRG1|GABRG2|GABRG3|GABRP|GABRQ|GLRA1|GLRB|KCNK10|KCNK12|KCNK13|KCNK15|KCNK18|KCNK2|KCNK3|KCNK9,GPCR,,,no orderable sample (no SMILES or catalogue number)
harringtonine,Phase 3,protein synthesis inhibitor,,other / unclassified,known to suppress chondrocyte proliferation,protein synthesis inhibitor,hard exclusion: known to suppress chondrocyte proliferation
hematoporphyrin,Launched,,,other / unclassified,,,no annotated mechanism of action
hematoxylin,Preclinical,,,other / unclassified,,,no annotated mechanism of action
hemomex-s,Launched,,PPARG,other / unclassified,,,no annotated mechanism of action
hesperadin,Preclinical,Aurora kinase inhibitor,AURKB,kinase,Aurora inhibitor,Aurora,hard exclusion: Aurora inhibitor
hesperidin,Launched,flavanone glycoside,AURKB|CACNA1B,other / unclassified,Aurora inhibitor,AURKB,hard exclusion: Aurora inhibitor
hexaminolevulinate,Launched,,,other / unclassified,,,no annotated mechanism of action
hexasodium-phytate,Phase 2,,,other / unclassified,,,no annotated mechanism of action
hexestrol,Launched,synthetic estrogen,AKR1C1|ESR1|ESR2,other / unclassified,systemic sex-steroid manipulation,ESR1; ESR2,hard exclusion: systemic sex-steroid manipulation
hexonic-acid,Preclinical,,,other / unclassified,,,no annotated mechanism of action
hexylene-glycol,Preclinical,,AKR1C3|CTPS1|DLG4|HSP90AA1|NOS3|PGF|PLA2G1B|PTPN1|SELP,other / unclassified,,,no annotated mechanism of action
hippuric-acid,Preclinical,,,other / unclassified,,,no annotated mechanism of action
HMN-214,Phase 1,PLK inhibitor,PLK1,other / unclassified,PLK inhibitor,PLK,hard exclusion: PLK inhibitor
homidium,Preclinical,,,other / unclassified,,,no annotated mechanism of action
homoharringtonine,Launched,protein synthesis inhibitor,RPL3,other / unclassified,known to suppress chondrocyte proliferation,protein synthesis inhibitor,hard exclusion: known to suppress chondrocyte proliferation
hordenine,Preclinical,,,other / unclassified,,,no annotated mechanism of action
HQK-1001,Phase 2,,,other / unclassified,,,no orderable sample (no SMILES or catalogue number)
hyaluronic-acid,Launched,,C1QBP|CD44|HABP2|HAPLN1|HAPLN3|HAPLN4|HMMR|ICAM1|NCAN|VCAN,other / unclassified,,,no annotated mechanism of action
hydrocortisone,Launched,glucocorticoid receptor agonist,ANXA1|NOS2|NR3C1|NR3C2,GPCR,systemic glucocorticoid manipulation,glucocorticoid receptor,hard exclusion: systemic glucocorticoid manipulation
hydrocortisone-acetate,Launched,glucocorticoid receptor agonist,NR3C1,GPCR,systemic glucocorticoid manipulation,glucocorticoid receptor,hard exclusion: systemic glucocorticoid manipulation
hydrocortisone-butyrate,Launched,glucocorticoid receptor agonist,NR3C1,GPCR,systemic glucocorticoid manipulation,glucocorticoid receptor,hard exclusion: systemic glucocorticoid manipulation
hydrocortisone-hemisuccinate,Phase 2/Phase 3,,,other / unclassified,,,no annotated mechanism of action
hydrocortisone-phosphate,Launched,,,other / unclassified,,,no annotated mechanism of action
hydrocortisone-valerate,Launched,glucocorticoid receptor agonist,NR3C1,GPCR,systemic glucocorticoid manipulation,glucocorticoid receptor,hard exclusion: systemic glucocorticoid manipulation
hydroflumethiazide,Launched,sodium/potassium/chloride transporter inhibitor,ATP1A1|CA1|CA12|CA2|CA4|CA9|KCNMA1|SLC12A1|SLC12A3,transporter,narrow-therapeutic-index cardiac glycoside,ATP1A1,hard exclusion: narrow-therapeutic-index cardiac glycoside
hydroxyprogesterone,Launched,progesterone receptor agonist,PGR,GPCR,systemic sex-steroid manipulation,progesterone receptor,hard exclusion: systemic sex-steroid manipulation
hydroxyprogesterone-acetate,Launched,progesterone receptor agonist,PGR,GPCR,systemic sex-steroid manipulation,progesterone receptor,hard exclusion: systemic sex-steroid manipulation
hydroxypropyl-beta-cyclodextrin,Phase 2/Phase 3,,,other / unclassified,,,no annotated mechanism of action
hydroxystilbamidine,Launched,,,other / unclassified,,,no annotated mechanism of action
hydroxytoluic-acid,Preclinical,,,other / unclassified,,,no annotated mechanism of action
hydroxyurea,Launched,ribonucleotide reductase inhibitor,RRM1|RRM2|RRM2B,metabolic,broad cytotoxic chemotherapeutic,ribonucleotide reductase,hard exclusion: broad cytotoxic chemotherapeutic
I-BZA,Phase 2,,,other / unclassified,,,no annotated mechanism of action
I-BZA2,Phase 3,,,other / unclassified,,,no annotated mechanism of action
ibandronate,Launched,bone resorption inhibitor,FDPS,other / unclassified,,,no orderable sample (no SMILES or catalogue number)
ICA-121431,Preclinical,sodium channel blocker,SCN1A|SCN3A,ion channel,,,no orderable sample (no SMILES or catalogue number)
ID-8,Preclinical,,,other / unclassified,,,no annotated mechanism of action
idarubicin,Launched,topoisomerase inhibitor,TOP2A,other / unclassified,broad cytotoxic chemotherapeutic,topoisomerase,hard exclusion: broad cytotoxic chemotherapeutic
idoxuridine,Launched,DNA directed DNA polymerase inhibitor|DNA synthesis inhibitor,,other / unclassified,broad cytotoxic chemotherapeutic,DNA synthesis inhibitor,hard exclusion: broad cytotoxic chemotherapeutic
idramantone,Preclinical,,,other / unclassified,,,no annotated mechanism of action
ifosfamide,Launched,DNA alkylating agent,CYP2A6|CYP2B6|CYP2C18|CYP2C19|CYP2C8|CYP2C9|CYP3A4|CYP3A5|CYP3A7|PTGS1,other / unclassified,broad cytotoxic chemotherapeutic,DNA alkylat,hard exclusion: broad cytotoxic chemotherapeutic
imexon,Phase 2,apoptosis stimulant|ribonucleotide reductase inhibitor,,metabolic,broad cytotoxic chemotherapeutic,ribonucleotide reductase,hard exclusion: broad cytotoxic chemotherapeutic
IMREG-1,Phase 3,,,other / unclassified,,,no annotated mechanism of action
indibulin,Phase 1/Phase 2,tubulin polymerization inhibitor,,mechanotransduction,broad cytotoxic chemotherapeutic,tubulin polymerization inhibitor,hard exclusion: broad cytotoxic chemotherapeutic
indirubin,Phase 2/Phase 3,CDK inhibitor|glycogen synthase kinase inhibitor,CDK1|CDK5|GSK3A,kinase; metabolic,GSK3 inhibition,glycogen synthase kinase,hard exclusion: GSK3 inhibition
indirubin-3-monoxime,Preclinical,CDK inhibitor|glycogen synthase kinase inhibitor,CDK1|CDK2|CDK5|CDK5R1|GSK3B,kinase; metabolic,GSK3 inhibition,glycogen synthase kinase,hard exclusion: GSK3 inhibition
indium(III)-isopropoxide,Preclinical,,,other / unclassified,,,no orderable sample (no SMILES or catalogue number)
indium-tri(2-propanolate),Preclinical,,,other / unclassified,,,no annotated mechanism of action
inositol-hexanicotinate,Launched,,,other / unclassified,,,no annotated mechanism of action
iobenguane,Launched,antineoplastic agent,,other / unclassified,broad cytotoxic chemotherapeutic,antineoplastic,hard exclusion: broad cytotoxic chemotherapeutic
iodoantipyrine,Preclinical,,,other / unclassified,,,no annotated mechanism of action
iopodic-acid,Launched,,,other / unclassified,,,no annotated mechanism of action
IPAG,Preclinical,,,other / unclassified,,,no annotated mechanism of action
irinotecan,Launched,topoisomerase inhibitor,TOP1|TOP1MT,other / unclassified,broad cytotoxic chemotherapeutic,topoisomerase,hard exclusion: broad cytotoxic chemotherapeutic
isepamicin,Launched,protein synthesis inhibitor,,other / unclassified,known to suppress chondrocyte proliferation,protein synthesis inhibitor,hard exclusion: known to suppress chondrocyte proliferation
isobutyramide,Phase 2,gene expression stimulant,HBE1|HBG1,other / unclassified,,,no orderable sample (no SMILES or catalogue number)
isoflupredone-acetate,Preclinical,,NR3C1,other / unclassified,systemic glucocorticoid manipulation,NR3C1,hard exclusion: systemic glucocorticoid manipulation
isoflurane,Launched,inhaled anaesthetic,GABRA1|GABRA2|GABRA3|GABRA4|GABRA5|GABRA6|GABRB1|GABRB2|GABRB3|GABRD|GABRE|GABRG1|GABRG2|GABRG3|GABRP|GABRQ|GLRA1|GLRB|KCNK10|KCNK18|KCNK2|KCNK3|KCNK9,other / unclassified,,,no orderable sample (no SMILES or catalogue number)
isoflurophate,Launched,cholinesterase inhibitor,ACHE|BCHE,other / unclassified,,,no orderable sample (no SMILES or catalogue number)
isoleucine,Launched,,,other / unclassified,,,no annotated mechanism of action
isometheptene-mucate,Launched,,,other / unclassified,,,no annotated mechanism of action
isopentyl-4-methoxycinnamate,Launched,,,other / unclassified,,,no annotated mechanism of action
isopropyl-myristate,Launched,,,other / unclassified,,,no orderable sample (no SMILES or catalogue number)
isopropyl-palmitate,Launched,cosmetic moisturizer,,other / unclassified,,,no orderable sample (no SMILES or catalogue number)
"Isoquinoline,-6,7-dimethoxy-1-methyl-1,2,3,4-tetrahydro,",Preclinical,,,other / unclassified,,,no annotated mechanism of action
isosteviol,Phase 2,,,other / unclassified,,,no annotated mechanism of action
isotiquimide,Phase 1,,,other / unclassified,,,no annotated mechanism of action
isotretinoin,Launched,retinoid receptor agonist,RARA|RARB|RARG,GPCR,known plate-fusion or premature-remodeling hazard,RARA; RARB; RARG,hard exclusion: known plate-fusion or premature-remodeling hazard
istaroxime,Phase 2,ATPase inhibitor,ATP1A1,other / unclassified,narrow-therapeutic-index cardiac glycoside,ATP1A1,hard exclusion: narrow-therapeutic-index cardiac glycoside
ixabepilone,Launched,microtubule stabilizing agent,TUBB,other / unclassified,broad cytotoxic chemotherapeutic,microtubule,hard exclusion: broad cytotoxic chemotherapeutic
ixazomib,Launched,proteasome inhibitor,,other / unclassified,proteasome inhibitor,proteasome,hard exclusion: proteasome inhibitor
ixazomib-citrate,Launched,proteasome inhibitor,,other / unclassified,proteasome inhibitor,proteasome,hard exclusion: proteasome inhibitor
JNJ-7706621,Preclinical,CDK inhibitor,AURKA|AURKB|CDK1|CDK2,kinase,Aurora inhibitor,AURKA; AURKB,hard exclusion: Aurora inhibitor
JW-67,Preclinical,WNT pathway inhibitor,APC|AXIN1|GSK3B,other / unclassified,GSK3 inhibition,GSK3B,hard exclusion: GSK3 inhibition
K-MAP,Phase 2,,,other / unclassified,,,no annotated mechanism of action
K-strophanthidin,Phase 2,ATPase inhibitor,ATP1A1,other / unclassified,narrow-therapeutic-index cardiac glycoside,ATP1A1,hard exclusion: narrow-therapeutic-index cardiac glycoside
K-247,Phase 1,,,other / unclassified,,,no annotated mechanism of action
kaempferol,Preclinical,bone resorption inhibitor|estrogen-related receptor inverse agonist,AKR1B1|ALOX15B|ALOX5|AR|CYP1B1|GLO1|HSD17B1|UGT3A1,other / unclassified,systemic sex-steroid manipulation,AR,hard exclusion: systemic sex-steroid manipulation
karenitecin,Phase 3,topoisomerase inhibitor,TOP1,other / unclassified,broad cytotoxic chemotherapeutic,topoisomerase,hard exclusion: broad cytotoxic chemotherapeutic
kenpaullone,Preclinical,CDK inhibitor|glycogen synthase kinase inhibitor,CCNB1|CDK1|CDK5|GSK3B,kinase; metabolic,GSK3 inhibition,glycogen synthase kinase,hard exclusion: GSK3 inhibition
KI-20227,Preclinical,c-Fms inhibitor,CSF1R|KDR|KIT|PDGFRB,growth factor / cytokine,anti-angiogenic with juvenile growth-plate toxicity,KDR,hard exclusion: anti-angiogenic with juvenile growth-plate toxicity
KI-8751,Preclinical,KIT inhibitor|PDGFR tyrosine kinase receptor inhibitor|VEGFR inhibitor,KDR,kinase; growth factor / cytokine,anti-angiogenic with juvenile growth-plate toxicity,VEGFR,hard exclusion: anti-angiogenic with juvenile growth-plate toxicity
KL-001,Preclinical,proteasome inhibitor,CRY1|CRY2,other / unclassified,proteasome inhibitor,proteasome,hard exclusion: proteasome inhibitor
KP-1212,Phase 2,,,other / unclassified,,,no annotated mechanism of action
KRN-633,Preclinical,VEGFR inhibitor,FLT1|FLT4|KDR,growth factor / cytokine,anti-angiogenic with juvenile growth-plate toxicity,VEGFR,hard exclusion: anti-angiogenic with juvenile growth-plate toxicity
KW-2449,Phase 1,Abl kinase inhibitor|Aurora kinase inhibitor|FLT3 inhibitor,ABL1|AURKA|AURKB|FLT3,kinase,Aurora inhibitor,Aurora,hard exclusion: Aurora inhibitor
KX2-391,Phase 3,SRC inhibitor|tubulin polymerization inhibitor,SRC,mechanotransduction,broad cytotoxic chemotherapeutic,tubulin polymerization inhibitor,hard exclusion: broad cytotoxic chemotherapeutic
L-(+)-rhamnose-monohydrate,Preclinical,,,other / unclassified,,,no annotated mechanism of action
L-alanine,Launched,,AARS|AARS2|ABAT|AGXT|AGXT2|GPRC6A|GPT|GPT2|KYNU|NFS1|PHYKPL|SLC1A4|SLC36A1|SLC7A8,transporter,,,no orderable sample (no SMILES or catalogue number)
L-ascorbyl-6-palmitate,Preclinical,,,other / unclassified,,,no annotated mechanism of action
L-asparagine,Phase 3,,ASNS|ASRGL1|NARS|NARS2|SLC1A5|SLC38A3,transporter,,,no annotated mechanism of action
L-asparagine-N-hydroxy,Preclinical,,,other / unclassified,,,no annotated mechanism of action
L-cysteine,Launched,,CARS|CARS2|CBS|CDO-1|CDO1|CSAD|CTH|GCLC|GCLM|GOT1|GSS|MGMT|NFS1|SLC19A3,transporter,,,no annotated mechanism of action
L-cysteinesulfinic-acid,Preclinical,glutamate receptor agonist,GRM1|GRM5|GSR|HMGCS2|PAPOLA|PRDX2,GPCR,,,no orderable sample (no SMILES or catalogue number)
L-cystine,Launched,,CTNS|SLC3A1|SLC7A11|SLC7A9,transporter,,,no annotated mechanism of action
L-glutamine,Launched,,CTPS1|GLUL|GPRC6A|PPAT,other / unclassified,,,no annotated mechanism of action
L-hydroxyproline,Launched,,,other / unclassified,,,no orderable sample (no SMILES or catalogue number)
L-leucine,Phase 3,,BCAT1|BCAT2|LARS|LARS2|LCMT1|LCMT2,other / unclassified,,,no annotated mechanism of action
L-phenylisopropyladenosine,Preclinical,,,other / unclassified,,,no annotated mechanism of action
L-threonine,Phase 2,,TARS|TARS2|THNSL1,other / unclassified,,,no annotated mechanism of action
L-valine,Phase 2,,,other / unclassified,,,no annotated mechanism of action
lanatoside-C,Preclinical,cardiac glycoside,,other / unclassified,narrow-therapeutic-index cardiac glycoside,cardiac glycoside,hard exclusion: narrow-therapeutic-index cardiac glycoside
lasofoxifene,Launched,selective estrogen receptor modulator (SERM),ESR1|ESR2,other / unclassified,systemic sex-steroid manipulation,estrogen receptor,hard exclusion: systemic sex-steroid manipulation
lauric-diethanolamide,Preclinical,,,other / unclassified,,,no annotated mechanism of action
laurocapram,Phase 3,,,other / unclassified,,,no annotated mechanism of action
LE-135,Preclinical,retinoid receptor agonist,RARB,GPCR,known plate-fusion or premature-remodeling hazard,RARB,hard exclusion: known plate-fusion or premature-remodeling hazard
lenvatinib,Launched,FGFR inhibitor|KIT inhibitor|PDGFR tyrosine kinase receptor inhibitor|VEGFR inhibitor,FLT4|KDR,kinase; growth factor / cytokine,anti-angiogenic with juvenile growth-plate toxicity,VEGFR,hard exclusion: anti-angiogenic with juvenile growth-plate toxicity
letrozole,Launched,aromatase inhibitor,CYP19A1,other / unclassified,systemic sex-steroid manipulation,aromatase,hard exclusion: systemic sex-steroid manipulation
leucylleucine-methyl-ester,Phase 2,,,other / unclassified,,,no annotated mechanism of action
leuprolide,Launched,gonadotropin releasing factor hormone receptor agonist,GNRHR,GPCR,systemic sex-steroid manipulation,gonadotropin,hard exclusion: systemic sex-steroid manipulation
levocarnitine,Launched,,CRAT|CROT,other / unclassified,,,no annotated mechanism of action
levofloxacin,Launched,bacterial DNA gyrase inhibitor,TOP2A,other / unclassified,broad cytotoxic chemotherapeutic,TOP2A,hard exclusion: broad cytotoxic chemotherapeutic
levomenol,Launched,,,other / unclassified,,,no annotated mechanism of action
levomenthol,Launched,,OPRK1|TRPA1|TRPM8|TRPV3,other / unclassified,,,no annotated mechanism of action
levonorgestrel,Launched,estrogen receptor agonist|glucocorticoid receptor antagonist|progesterone receptor agonist|progesterone receptor antagonist,PGR,GPCR,systemic sex-steroid manipulation,estrogen receptor,hard exclusion: systemic sex-steroid manipulation
levothyroxine,Launched,thyroid hormone stimulant,THRA|THRB,other / unclassified,known plate-fusion or premature-remodeling hazard,THRA; THRB,hard exclusion: known plate-fusion or premature-remodeling hazard
liarozole,Phase 2/Phase 3,cytochrome P450 inhibitor,CYP19A1|CYP26A1,other / unclassified,systemic sex-steroid manipulation,CYP19A1,hard exclusion: systemic sex-steroid manipulation
licochalcone-A,Phase 3,topoisomerase inhibitor,PTPN1,other / unclassified,broad cytotoxic chemotherapeutic,topoisomerase,hard exclusion: broad cytotoxic chemotherapeutic
lindane,Launched,,GABRB1|GLRA1|GLRA2|GLRA3|GLRB,other / unclassified,,,no annotated mechanism of action
linifanib,Phase 3,PDGFR tyrosine kinase receptor inhibitor|VEGFR inhibitor,CSF1|CSF1R|FLT1|FLT3|FLT4|KDR|KIT|PDGFRB|RET|TEK,kinase; growth factor / cytokine,anti-angiogenic with juvenile growth-plate toxicity,VEGFR,hard exclusion: anti-angiogenic with juvenile growth-plate toxicity
liothyronine,Launched,thyroid hormone stimulant,THRA|THRB,other / unclassified,known plate-fusion or premature-remodeling hazard,THRA; THRB,hard exclusion: known plate-fusion or premature-remodeling hazard
liothyronine-(isomer),Preclinical,,,other / unclassified,,,no annotated mechanism of action
lipoamide,Preclinical,,,other / unclassified,,,no annotated mechanism of action
lithium-acetoacetate,Preclinical,,FAH,other / unclassified,,,no orderable sample (no SMILES or catalogue number)
lithium-citrate,Launched,,,other / unclassified,,,no orderable sample (no SMILES or catalogue number)
lomustine,Launched,DNA synthesis inhibitor,,other / unclassified,broad cytotoxic chemotherapeutic,DNA synthesis inhibitor,hard exclusion: broad cytotoxic chemotherapeutic
loteprednol,Launched,glucocorticoid receptor agonist|phospholipase inhibitor,NR3C1,GPCR,systemic glucocorticoid manipulation,glucocorticoid receptor,hard exclusion: systemic glucocorticoid manipulation
LSZ-102,Phase 1,selective estrogen receptor modulator (SERM),,other / unclassified,systemic sex-steroid manipulation,estrogen receptor,hard exclusion: systemic sex-steroid manipulation
LTA,Phase 2,,,other / unclassified,,,no annotated mechanism of action
lucanthone,Phase 2,endonuclease inhibitor,APEX1|TOP1|TOP2A,other / unclassified,broad cytotoxic chemotherapeutic,TOP1; TOP2A,hard exclusion: broad cytotoxic chemotherapeutic
lucitanib,Phase 2,FGFR inhibitor|VEGFR inhibitor,FGFR1|FLT1|KDR|KIT|PDGFRA|PDGFRB|RET,growth factor / cytokine,anti-angiogenic with juvenile growth-plate toxicity,VEGFR,hard exclusion: anti-angiogenic with juvenile growth-plate toxicity
lumefantrine,Launched,antimalarial agent,ATP1A1,other / unclassified,narrow-therapeutic-index cardiac glycoside,ATP1A1,hard exclusion: narrow-therapeutic-index cardiac glycoside
luteolin,Phase 2,glucosidase inhibitor,TOP1,other / unclassified,broad cytotoxic chemotherapeutic,TOP1,hard exclusion: broad cytotoxic chemotherapeutic
LXR-623,Phase 1,LXR agonist,AR|NR1H2|NR1H3|NR1I2|NR3C1,nuclear receptor,systemic sex-steroid manipulation,AR,hard exclusion: systemic sex-steroid manipulation
lycopene,Launched,free radical scavenger,,other / unclassified,,,no orderable sample (no SMILES or catalogue number)
LY2090314,Phase 2,glycogen synthase kinase inhibitor,GSK3B,kinase; metabolic,GSK3 inhibition,glycogen synthase kinase,hard exclusion: GSK3 inhibition
LY2334737,Phase 1,antitumor agent|ribonucleotide reductase inhibitor,,metabolic,broad cytotoxic chemotherapeutic,ribonucleotide reductase,hard exclusion: broad cytotoxic chemotherapeutic
LY2452473,Phase 2,androgen receptor modulator,AR,other / unclassified,systemic sex-steroid manipulation,androgen receptor,hard exclusion: systemic sex-steroid manipulation
LY2874455,Phase 1,FGFR antagonist,FGFR1|FGFR2|FGFR3|FGFR4|KDR,growth factor / cytokine,anti-angiogenic with juvenile growth-plate toxicity,KDR,hard exclusion: anti-angiogenic with juvenile growth-plate toxicity
LY294002,Preclinical,DNA dependent protein kinase inhibitor|mTOR inhibitor|phosphodiesterase inhibitor|PI3K inhibitor|PLK inhibitor,AKT1|CHEK1|GSK3B|LCK|MAPK1|MAPK11|MAPK12|MAPK14|MAPK8|MTOR|PIK3CA|PIK3CB|PIK3CD|PIK3CG|PIM1|PLK1|PRKCA|PRKDC|ROCK1|RPS6KB1|SGK1,kinase,PLK inhibitor,PLK,hard exclusion: PLK inhibitor
LY3295668,Phase 1/Phase 2,Aurora kinase inhibitor,,kinase,Aurora inhibitor,Aurora,hard exclusion: Aurora inhibitor
m-THP,Phase 1,,,other / unclassified,,,no annotated mechanism of action
M-14157,Phase 2,ATP-sensitive potassium channel antagonist,KCNQ1,ion channel,,,no orderable sample (no SMILES or catalogue number)
malic-acid,Launched,,PKD2L1,other / unclassified,,,no orderable sample (no SMILES or catalogue number)
mandelic-acid,Launched,,,other / unclassified,,,no annotated mechanism of action
maytansinol-isobutyrate,Preclinical,,,other / unclassified,,,no annotated mechanism of action
MC-1,Phase 3,,AADAT|ABAT|AGXT|AGXT2|ALAS1|AZIN2|BCAT1|BCAT2|CBS|CCBL1|CCBL2|CSAD|CTH|DDC|FTCD|GAD1|GAD2|GADL1|GCAT|GLDC|GOT1|GOT2|GPT|GPT2|HDC|IGSF10|KYNU|MOCOS|NFS1|OAT|ODC1|PDXDC1|PDXP|PHYKPL|PNPO|PROSC|PSAT1|PYGB|PYGL|PYGM|SCLY|SDS|SDSL|SEPSECS|SGPL1|SHMT1|SHMT2|SPTLC1|SPTLC2|SPTLC3|SRR|TAT|THNSL1,other / unclassified,,,no annotated mechanism of action
mebendazole,Launched,tubulin polymerization inhibitor,TUBA1A|TUBB|TUBB4B,mechanotransduction,broad cytotoxic chemotherapeutic,tubulin polymerization inhibitor,hard exclusion: broad cytotoxic chemotherapeutic
mebrofenin,Launched,,,other / unclassified,,,no annotated mechanism of action
mecarbinate,Preclinical,,,other / unclassified,,,no annotated mechanism of action
medorinone,Phase 1,,,other / unclassified,,,no annotated mechanism of action
medroxyprogesterone,Launched,progesterone receptor agonist,PGR,GPCR,systemic sex-steroid manipulation,progesterone receptor,hard exclusion: systemic sex-steroid manipulation
medroxyprogesterone-acetate,Launched,progesterone receptor agonist,ESR1|PGR,GPCR,systemic sex-steroid manipulation,progesterone receptor,hard exclusion: systemic sex-steroid manipulation
medrysone,Launched,glucocorticoid receptor agonist,NR3C1,GPCR,systemic glucocorticoid manipulation,glucocorticoid receptor,hard exclusion: systemic glucocorticoid manipulation
megestrol,Launched,progesterone receptor agonist,,GPCR,systemic sex-steroid manipulation,progesterone receptor,hard exclusion: systemic sex-steroid manipulation
megestrol-acetate,Launched,progesterone receptor agonist,NR3C1|PGR,GPCR,systemic sex-steroid manipulation,progesterone receptor,hard exclusion: systemic sex-steroid manipulation
meglutol,Launched,HMGCR inhibitor,HMGCR,metabolic,,,no orderable sample (no SMILES or catalogue number)
melatonin,Launched,melatonin receptor agonist|nitric oxide synthase inhibitor,ASMT|CALM1|CALR|EPX|ESR1|HTR2B|MPO|MTNR1A|MTNR1B|NQO2|RORB,GPCR; metabolic,systemic sex-steroid manipulation,ESR1,hard exclusion: systemic sex-steroid manipulation
melengestrol-acetate,Preclinical,progesterone receptor agonist,,GPCR,systemic sex-steroid manipulation,progesterone receptor,hard exclusion: systemic sex-steroid manipulation
melphalan,Launched,DNA alkylating agent|DNA inhibitor,,other / unclassified,broad cytotoxic chemotherapeutic,DNA alkylat,hard exclusion: broad cytotoxic chemotherapeutic
meluadrine,Preclinical,,,other / unclassified,,,no annotated mechanism of action
menbutone,Launched,,,other / unclassified,,,no annotated mechanism of action
meparfylon,Preclinical,,,other / unclassified,,,no orderable sample (no SMILES or catalogue number)
mepiroxol,Preclinical,,,other / unclassified,,,no annotated mechanism of action
meprednisone,Launched,,NR3C1,other / unclassified,systemic glucocorticoid manipulation,NR3C1,hard exclusion: systemic glucocorticoid manipulation
mequinol,Launched,,TYR,other / unclassified,,,no annotated mechanism of action
merbarone,Phase 2,topoisomerase inhibitor,TOP2A,other / unclassified,broad cytotoxic chemotherapeutic,topoisomerase,hard exclusion: broad cytotoxic chemotherapeutic
merbromin,Launched,antiseptic,,other / unclassified,,,no orderable sample (no SMILES or catalogue number)
mercaptopurine,Launched,immunosuppressant|protein synthesis inhibitor|purine antagonist,HPRT1|IMPDH1|IMPDH2|PPAT,other / unclassified,known to suppress chondrocyte proliferation,protein synthesis inhibitor,hard exclusion: known to suppress chondrocyte proliferation
mercaptosuccinic-acid,Launched,,,other / unclassified,,,no annotated mechanism of action
mertansine,Phase 2,microtubule inhibitor,,other / unclassified,broad cytotoxic chemotherapeutic,microtubule,hard exclusion: broad cytotoxic chemotherapeutic
mestranol,Launched,estrogen receptor agonist,ESR1,GPCR,systemic sex-steroid manipulation,estrogen receptor,hard exclusion: systemic sex-steroid manipulation
meta-cresyl-acetate,Preclinical,,,other / unclassified,,,no annotated mechanism of action
metacresol,Launched,,INS,other / unclassified,,,no annotated mechanism of action
metafolin,Launched,,,other / unclassified,,,no annotated mechanism of action
methacycline,Preclinical,protein synthesis inhibitor,,other / unclassified,known to suppress chondrocyte proliferation,protein synthesis inhibitor,hard exclusion: known to suppress chondrocyte proliferation
methanesulfonyl-fluoride,Phase 2,acetylcholinesterase inhibitor,ACHE,other / unclassified,,,no orderable sample (no SMILES or catalogue number)
methionine,Launched,,METAP2,other / unclassified,,,no annotated mechanism of action
methoprene-(s),Preclinical,,,other / unclassified,,,no annotated mechanism of action
methoxsalen,Launched,DNA synthesis inhibitor,CYP1A1|CYP1A2|CYP2A13|CYP2A6|CYP3A4,other / unclassified,broad cytotoxic chemotherapeutic,DNA synthesis inhibitor,hard exclusion: broad cytotoxic chemotherapeutic
methoxyamine,Phase 2,DNA repair enzyme inhibitor,APEX1,other / unclassified,,,no orderable sample (no SMILES or catalogue number)
methoxyflurane,Launched,membrane permeability inhibitor,ATP2C1|ATP5D|GABRA1|GABRA2|GABRA3|GABRA4|GABRA5|GABRA6|GABRB1|GABRB2|GABRB3|GABRD|GABRE|GABRG1|GABRG2|GABRG3|GABRP|GABRQ|GLRA1|GLRB|GRIA1|KCNA1|MT-ND1,other / unclassified,,,no orderable sample (no SMILES or catalogue number)
methyl-aminolevulinate,Launched,oxidizing agent,FCGR1A|FECH,other / unclassified,,,no orderable sample (no SMILES or catalogue number)
methyl-nicotinate,Phase 2,,,other / unclassified,,,no annotated mechanism of action
methyl-salicylate,Launched,,,other / unclassified,,,no annotated mechanism of action
methyl-5-hydroxytryptamine,Preclinical,,,other / unclassified,,,no annotated mechanism of action
methyldopate,Launched,,,other / unclassified,,,no annotated mechanism of action
methylprednisolone,Launched,glucocorticoid receptor agonist,NR3C1,GPCR,systemic glucocorticoid manipulation,glucocorticoid receptor,hard exclusion: systemic glucocorticoid manipulation
methylprednisolone-aceponate,Launched,anti-inflammatory agent|glucocorticoid receptor agonist,NR3C1,GPCR,systemic glucocorticoid manipulation,glucocorticoid receptor,hard exclusion: systemic glucocorticoid manipulation
methylprednisolone-sodium-succinate,Launched,glucocorticoid receptor agonist,,GPCR,systemic glucocorticoid manipulation,glucocorticoid receptor,hard exclusion: systemic glucocorticoid manipulation
methylthiouracil,Launched,,,other / unclassified,,,no annotated mechanism of action
mexeneone,Preclinical,,,other / unclassified,,,no annotated mechanism of action
MF-101,Phase 3,estrogen receptor agonist,CYP19A1|XDH,GPCR,systemic sex-steroid manipulation,estrogen receptor,hard exclusion: systemic sex-steroid manipulation
MG-132,Preclinical,proteasome inhibitor,PSMB1,other / unclassified,proteasome inhibitor,proteasome,hard exclusion: proteasome inhibitor
MGCD-265,Preclinical,VEGFR inhibitor,AXL|MET,growth factor / cytokine,anti-angiogenic with juvenile growth-plate toxicity,VEGFR,hard exclusion: anti-angiogenic with juvenile growth-plate toxicity
micronomicin,Launched,protein synthesis inhibitor,,other / unclassified,known to suppress chondrocyte proliferation,protein synthesis inhibitor,hard exclusion: known to suppress chondrocyte proliferation
midecamycin,Launched,protein synthesis inhibitor,,other / unclassified,known to suppress chondrocyte proliferation,protein synthesis inhibitor,hard exclusion: known to suppress chondrocyte proliferation
mifepristone,Launched,glucocorticoid receptor antagonist|progesterone receptor antagonist,AR|NR1I2|NR3C1|PGR,GPCR,systemic sex-steroid manipulation,progesterone receptor,hard exclusion: systemic sex-steroid manipulation
miriplatin,Launched,DNA synthesis inhibitor,,other / unclassified,broad cytotoxic chemotherapeutic,DNA synthesis inhibitor,hard exclusion: broad cytotoxic chemotherapeutic
misonidazole,Phase 3,,,other / unclassified,,,no annotated mechanism of action
mitomycin-C,Launched,DNA alkylating agent|DNA synthesis inhibitor,,other / unclassified,broad cytotoxic chemotherapeutic,DNA alkylat,hard exclusion: broad cytotoxic chemotherapeutic
mitotane,Launched,antineoplastic agent,CYP11A1|CYP11B1|ESR1,other / unclassified,broad cytotoxic chemotherapeutic,antineoplastic,hard exclusion: broad cytotoxic chemotherapeutic
mitoxantrone,Launched,topoisomerase inhibitor,TOP2A,other / unclassified,broad cytotoxic chemotherapeutic,topoisomerase,hard exclusion: broad cytotoxic chemotherapeutic
mivobulin,Phase 2,microtubule inhibitor,,other / unclassified,broad cytotoxic chemotherapeutic,microtubule,hard exclusion: broad cytotoxic chemotherapeutic
MK-0773,Phase 2,androgen receptor modulator,AR,other / unclassified,systemic sex-steroid manipulation,androgen receptor,hard exclusion: systemic sex-steroid manipulation
MK-2461,Phase 1/Phase 2,FGFR inhibitor|VEGFR inhibitor,FGFR1|FGFR2|FGFR3|FLT1|FLT3|FLT4|KDR|MERTK|MET|MST1R|NTRK1|NTRK2|PDGFRB,growth factor / cytokine,anti-angiogenic with juvenile growth-plate toxicity,VEGFR,hard exclusion: anti-angiogenic with juvenile growth-plate toxicity
MK-5108,Phase 1,Aurora kinase inhibitor,AURKA|AURKB|AURKC,kinase,Aurora inhibitor,Aurora,hard exclusion: Aurora inhibitor
MK-8745,Preclinical,Aurora kinase inhibitor,AURKA,kinase,Aurora inhibitor,Aurora,hard exclusion: Aurora inhibitor
MLN8054,Phase 1,Aurora kinase inhibitor,AURKA,kinase,Aurora inhibitor,Aurora,hard exclusion: Aurora inhibitor
MLN9708,Phase 3,proteasome inhibitor,,other / unclassified,proteasome inhibitor,proteasome,hard exclusion: proteasome inhibitor
MM-11253,Preclinical,retinoid receptor antagonist,RARG,GPCR,known plate-fusion or premature-remodeling hazard,RARG,hard exclusion: known plate-fusion or premature-remodeling hazard
modaline,Preclinical,,,other / unclassified,,,no annotated mechanism of action
mometasone,Launched,glucocorticoid receptor agonist,NR3C1,GPCR,systemic glucocorticoid manipulation,glucocorticoid receptor,hard exclusion: systemic glucocorticoid manipulation
mometasone-furoate,Launched,glucocorticoid receptor agonist,NR3C1,GPCR,systemic glucocorticoid manipulation,glucocorticoid receptor,hard exclusion: systemic glucocorticoid manipulation
monoctanoin,Launched,,,other / unclassified,,,no annotated mechanism of action
monomethyl-fumarate,Launched,,,other / unclassified,,,no annotated mechanism of action
monosodium-alpha-luminol,Launched,,,other / unclassified,,,no annotated mechanism of action
monostearin,Preclinical,,,other / unclassified,,,no annotated mechanism of action
morin,Preclinical,cytochrome P450 inhibitor,ADORA2A|ESR2|FASN|MCL1|SLC22A12,transporter,systemic sex-steroid manipulation,ESR2,hard exclusion: systemic sex-steroid manipulation
motesanib,Phase 3,KIT inhibitor|PDGFR tyrosine kinase receptor inhibitor|VEGFR inhibitor,FLT1|FLT4|KDR|KIT,kinase; growth factor / cytokine,anti-angiogenic with juvenile growth-plate toxicity,VEGFR,hard exclusion: anti-angiogenic with juvenile growth-plate toxicity
moxifloxacin,Launched,bacterial DNA gyrase inhibitor,TOP2A,other / unclassified,broad cytotoxic chemotherapeutic,TOP2A,hard exclusion: broad cytotoxic chemotherapeutic
myricetin,Preclinical,androgen receptor agonist|cytochrome P450 inhibitor,PIK3CG,GPCR,systemic sex-steroid manipulation,androgen receptor,hard exclusion: systemic sex-steroid manipulation
N-(2-chlorophenyl)-2-({(2E)-2-[1-(2-pyridinyl)ethylidene]hydrazino}carbothioyl)hydrazinecarbothioamide,Preclinical,,,other / unclassified,,,no annotated mechanism of action
N-acetyl-D-glucosamine,Phase 2/Phase 3,,B4GALT1|B4GALT2|B4GALT3|B4GALT4|NAGK|NAGLU|NAGPA|RENBP,other / unclassified,,,no annotated mechanism of action
N-acetyl-tyrosine,Launched,,,other / unclassified,,,no annotated mechanism of action
N-acetylcarnosine,Launched,,,other / unclassified,,,no annotated mechanism of action
N-acetylmannosamine,Phase 2,,,other / unclassified,,,no annotated mechanism of action
N-cyclohexyl-2-benzothiazolesulfenamide,Preclinical,,,other / unclassified,,,no annotated mechanism of action
N-hydroxynicotinamide,Preclinical,,,other / unclassified,,,no annotated mechanism of action
"N-methyl-(-)ephedrine-[1R,2S]",Preclinical,,,other / unclassified,,,no annotated mechanism of action
N-methylformamide,Phase 2,,,other / unclassified,,,no orderable sample (no SMILES or catalogue number)
N-methylpyrrolidone,Phase 1,,,other / unclassified,,,no annotated mechanism of action
N-oxydiethylenebenzothiazole-2-sulfenamide,Preclinical,,,other / unclassified,,,no annotated mechanism of action
N-salicoylaminophenol,Phase 1/Phase 2,ribonucleotide reductase inhibitor,,metabolic,broad cytotoxic chemotherapeutic,ribonucleotide reductase,hard exclusion: broad cytotoxic chemotherapeutic
NADPH,Preclinical,,DRD2|DRD3|DRD4|GHSR|HTR2A|HTR2C,other / unclassified,,,no annotated mechanism of action
naloxone,Launched,opioid receptor antagonist,CREB1|ESR1|OPRD1|OPRK1|OPRM1|TLR4,GPCR,systemic sex-steroid manipulation,ESR1,hard exclusion: systemic sex-steroid manipulation
Nampt-IN-1,Preclinical,,,other / unclassified,,,no annotated mechanism of action
naringenin,Phase 1,aromatase inhibitor|TRPV antagonist,CYP19A1|CYP1B1|ESR2|GLO1|HSD17B1,ion channel,systemic sex-steroid manipulation,aromatase,hard exclusion: systemic sex-steroid manipulation
naringeninic-acid,Phase 1,,HCAR2|PTGR1,other / unclassified,,,no annotated mechanism of action
NDD-094,Preclinical,,,other / unclassified,,,no annotated mechanism of action
nedaplatin,Launched,DNA inhibitor,,other / unclassified,,,no orderable sample (no SMILES or catalogue number)
nelarabine,Launched,DNA synthesis inhibitor|T cell inhibitor,POLA1,other / unclassified,broad cytotoxic chemotherapeutic,DNA synthesis inhibitor,hard exclusion: broad cytotoxic chemotherapeutic
nemiralisib,Phase 2,,,other / unclassified,,,no annotated mechanism of action
nemorubicin,Phase 2,topoisomerase inhibitor,TOP1|TOP2A,other / unclassified,broad cytotoxic chemotherapeutic,topoisomerase,hard exclusion: broad cytotoxic chemotherapeutic
neo-gilurytmal,Launched,,,other / unclassified,,,no annotated mechanism of action
neohesperidin,Preclinical,,,other / unclassified,,,no annotated mechanism of action
neohesperidin-dihydrochalcone,Preclinical,,,other / unclassified,,,no annotated mechanism of action
neratinib,Launched,EGFR inhibitor,EGFR|ERBB2|KDR,other / unclassified,anti-angiogenic with juvenile growth-plate toxicity,KDR,hard exclusion: anti-angiogenic with juvenile growth-plate toxicity
neridronic-acid,Launched,bone resorption inhibitor,FDPS,other / unclassified,,,no orderable sample (no SMILES or catalogue number)
nesbuvir,Phase 2,RNA polymerase inhibitor,,other / unclassified,known to suppress chondrocyte proliferation,RNA polymerase inhibitor,hard exclusion: known to suppress chondrocyte proliferation
netilmicin,Launched,protein synthesis inhibitor,,other / unclassified,known to suppress chondrocyte proliferation,protein synthesis inhibitor,hard exclusion: known to suppress chondrocyte proliferation
nicotine,Launched,acetylcholine receptor agonist,CHAT|CHRNA10|CHRNA2|CHRNA3|CHRNA4|CHRNA5|CHRNA6|CHRNA7|CHRNA9|CHRNB2|CHRNB3|CHRNB4|CYP19A1|TBXAS1|TRPA1,GPCR,systemic sex-steroid manipulation,CYP19A1,hard exclusion: systemic sex-steroid manipulation
nicotinyl-alcohol-tartrate,Launched,,,other / unclassified,,,no annotated mechanism of action
niguldipine-(R)-(-),Preclinical,,,other / unclassified,,,no annotated mechanism of action
nilutamide,Launched,androgen receptor antagonist,AR,GPCR,systemic sex-steroid manipulation,androgen receptor,hard exclusion: systemic sex-steroid manipulation
nimustine,Launched,DNA alkylating agent,,other / unclassified,broad cytotoxic chemotherapeutic,DNA alkylat,hard exclusion: broad cytotoxic chemotherapeutic
nintedanib,Launched,FGFR inhibitor|PDGFR tyrosine kinase receptor inhibitor|VEGFR inhibitor,FGFR1|FGFR2|FGFR3|FGFR4|FLT1|FLT4|KDR|PDGFRA|PDGFRB,kinase; growth factor / cytokine,anti-angiogenic with juvenile growth-plate toxicity,VEGFR,hard exclusion: anti-angiogenic with juvenile growth-plate toxicity
nitarsone,Launched,,,other / unclassified,,,no annotated mechanism of action
nitenpyram,Launched,,,other / unclassified,,,no annotated mechanism of action
nitromide,Launched,,,other / unclassified,,,no annotated mechanism of action
nitrosodimethylurea,Preclinical,DNA synthesis inhibitor,,other / unclassified,broad cytotoxic chemotherapeutic,DNA synthesis inhibitor,hard exclusion: broad cytotoxic chemotherapeutic
NMS-1286937,Phase 2,PLK inhibitor,FLT3|PLK1|PLK2|PLK3,other / unclassified,PLK inhibitor,PLK,hard exclusion: PLK inhibitor
NM107,Phase 2,RNA polymerase inhibitor,,other / unclassified,known to suppress chondrocyte proliferation,RNA polymerase inhibitor,hard exclusion: known to suppress chondrocyte proliferation
nocodazole,Preclinical,tubulin polymerization inhibitor,HPGDS,mechanotransduction,broad cytotoxic chemotherapeutic,tubulin polymerization inhibitor,hard exclusion: broad cytotoxic chemotherapeutic
nolatrexed,Phase 3,thymidylate synthase inhibitor,TYMS,metabolic,broad cytotoxic chemotherapeutic,thymidylate synthase,hard exclusion: broad cytotoxic chemotherapeutic
nomegestrol-acetate,Launched,progesterone receptor agonist,PGR,GPCR,systemic sex-steroid manipulation,progesterone receptor,hard exclusion: systemic sex-steroid manipulation
norelgestromin,Launched,,PGR,other / unclassified,systemic sex-steroid manipulation,PGR,hard exclusion: systemic sex-steroid manipulation
norethindrone,Launched,progesterone receptor agonist,PGR,GPCR,systemic sex-steroid manipulation,progesterone receptor,hard exclusion: systemic sex-steroid manipulation
norethindrone-acetate,Launched,progesterone receptor agonist,PGR,GPCR,systemic sex-steroid manipulation,progesterone receptor,hard exclusion: systemic sex-steroid manipulation
noretynodrel,Launched,progestogen hormone,PGR,other / unclassified,systemic sex-steroid manipulation,PGR,hard exclusion: systemic sex-steroid manipulation
norfloxacin,Launched,bacterial DNA gyrase inhibitor,TOP2A,other / unclassified,broad cytotoxic chemotherapeutic,TOP2A,hard exclusion: broad cytotoxic chemotherapeutic
norgestimate,Launched,progesterone receptor agonist,ESR1|PGR,GPCR,systemic sex-steroid manipulation,progesterone receptor,hard exclusion: systemic sex-steroid manipulation
norgestrel,Launched,progesterone receptor agonist,AR|ESR1|PGR|SRD5A1,GPCR,systemic sex-steroid manipulation,progesterone receptor,hard exclusion: systemic sex-steroid manipulation
norvancomycin,Preclinical,,,other / unclassified,,,no annotated mechanism of action
noscapine,Launched,bradykinin receptor antagonist|tubulin polymerization inhibitor,SIGMAR1,GPCR; mechanotransduction,broad cytotoxic chemotherapeutic,tubulin polymerization inhibitor,hard exclusion: broad cytotoxic chemotherapeutic
NOV-002,Phase 3,,GSR,other / unclassified,,,no annotated mechanism of action
NS-1643,Preclinical,voltage-gated potassium channel activator,KCNH2|KCNH6|KCNMA1,ion channel,,,no orderable sample (no SMILES or catalogue number)
NS-3623,Preclinical,voltage-gated potassium channel activator,KCNH2,ion channel,,,no orderable sample (no SMILES or catalogue number)
NVP-BGJ398,Phase 3,FGFR inhibitor,FGFR1|FGFR2|FGFR3|FGFR4|KDR,growth factor / cytokine,anti-angiogenic with juvenile growth-plate toxicity,KDR,hard exclusion: anti-angiogenic with juvenile growth-plate toxicity
N6-methyladenosine,Preclinical,,,other / unclassified,,,no annotated mechanism of action
O-acetyl-L-serine,Preclinical,,PTGS1,other / unclassified,,,no annotated mechanism of action
o-mercapto-benzoic-acid,Preclinical,,,other / unclassified,,,no annotated mechanism of action
octadecan-1-ol,Preclinical,,,other / unclassified,,,no orderable sample (no SMILES or catalogue number)
octamethyltrisiloxane,Preclinical,,,other / unclassified,,,no annotated mechanism of action
octinoxate,Launched,,,other / unclassified,,,no annotated mechanism of action
octisalate,Launched,,,other / unclassified,,,no annotated mechanism of action
octocrylene,Launched,,,other / unclassified,,,no annotated mechanism of action
oleuropein,Phase 2,estrogen receptor agonist,GPER1,GPCR,systemic sex-steroid manipulation,estrogen receptor,hard exclusion: systemic sex-steroid manipulation
olomoucine,Preclinical,CDK inhibitor,CDK1|CDK2|CDK5|MAPK1,kinase,known to suppress chondrocyte proliferation,CDK1,hard exclusion: known to suppress chondrocyte proliferation
ombrabulin,Phase 3,tubulin polymerization inhibitor,,mechanotransduction,broad cytotoxic chemotherapeutic,tubulin polymerization inhibitor,hard exclusion: broad cytotoxic chemotherapeutic
omega-(4-iodophenyl)pentadecanoic-acid,Preclinical,,,other / unclassified,,,no annotated mechanism of action
ONX-0914,Preclinical,proteasome inhibitor,,other / unclassified,proteasome inhibitor,proteasome,hard exclusion: proteasome inhibitor
oprozomib,Phase 1/Phase 2,proteasome inhibitor,,other / unclassified,proteasome inhibitor,proteasome,hard exclusion: proteasome inhibitor
orantinib,Phase 3,FGFR inhibitor|PDGFR tyrosine kinase receptor inhibitor|VEGFR inhibitor,AURKA|AURKB|EGFR|FGFR1|FGFR2|KDR|PDGFRA|PDGFRB,kinase; growth factor / cytokine,Aurora inhibitor,AURKA; AURKB,hard exclusion: Aurora inhibitor
ormeloxifene,Launched,selective estrogen receptor modulator (SERM),,other / unclassified,systemic sex-steroid manipulation,estrogen receptor,hard exclusion: systemic sex-steroid manipulation
orotic-acid,Phase 2,,DHODH,other / unclassified,,,no annotated mechanism of action
orteronel,Phase 3,androgen biosynthesis inhibitor|androgen receptor antagonist|cytochrome P450 inhibitor,CYP17A1,GPCR,systemic sex-steroid manipulation,androgen receptor,hard exclusion: systemic sex-steroid manipulation
OSI-930,Phase 1,KIT inhibitor|VEGFR inhibitor,FLT1|KDR|KIT,growth factor / cytokine,anti-angiogenic with juvenile growth-plate toxicity,VEGFR,hard exclusion: anti-angiogenic with juvenile growth-plate toxicity
ospemifene,Launched,selective estrogen receptor modulator (SERM),ESR1|ESR2,other / unclassified,systemic sex-steroid manipulation,estrogen receptor,hard exclusion: systemic sex-steroid manipulation
ostarine,Phase 3,androgen receptor modulator,AR,other / unclassified,systemic sex-steroid manipulation,androgen receptor,hard exclusion: systemic sex-steroid manipulation
ouabain,Launched,ATPase inhibitor,ATP1A1,other / unclassified,narrow-therapeutic-index cardiac glycoside,ATP1A1,hard exclusion: narrow-therapeutic-index cardiac glycoside
oxaloacetate,Phase 2/Phase 3,glutamate release inhibitor,,other / unclassified,,,no orderable sample (no SMILES or catalogue number)
oxibendazole,Launched,tubulin polymerization inhibitor,TUBB|TUBB4B,mechanotransduction,broad cytotoxic chemotherapeutic,tubulin polymerization inhibitor,hard exclusion: broad cytotoxic chemotherapeutic
oxiniacic-acid,Preclinical,,,other / unclassified,,,no annotated mechanism of action
oxyclozanide,Launched,,,other / unclassified,,,no annotated mechanism of action
oxymatrine,Launched,,,other / unclassified,,,no annotated mechanism of action
p-dimethylinamyl-benzoate,Preclinical,,,other / unclassified,,,no annotated mechanism of action
paclitaxel,Launched,tubulin polymerization inhibitor,BCL2|MAP2|MAP4|MAPT|NR1I2|TLR4|TUBA1A|TUBA1B|TUBA1C|TUBA3C|TUBA3D|TUBA3E|TUBA4A|TUBB|TUBB1|TUBB2A|TUBB2B|TUBB3|TUBB4A|TUBB4B|TUBB6|TUBB8,mechanotransduction,broad cytotoxic chemotherapeutic,tubulin polymerization inhibitor,hard exclusion: broad cytotoxic chemotherapeutic
PACOCF3,Preclinical,phospholipase inhibitor,PLA2G4A,other / unclassified,,,no orderable sample (no SMILES or catalogue number)
pafuramidine,Phase 3,DNA synthesis inhibitor,,other / unclassified,broad cytotoxic chemotherapeutic,DNA synthesis inhibitor,hard exclusion: broad cytotoxic chemotherapeutic
palifosfamide,Phase 3,DNA alkylating agent,,other / unclassified,broad cytotoxic chemotherapeutic,DNA alkylat,hard exclusion: broad cytotoxic chemotherapeutic
palmitoleic-acid,Preclinical,,,other / unclassified,,,no annotated mechanism of action
palovarotene,Phase 3,retinoid receptor agonist,RARG,GPCR,known plate-fusion or premature-remodeling hazard,RARG,hard exclusion: known plate-fusion or premature-remodeling hazard
pamabrom,Launched,diuretic,,other / unclassified,,,no orderable sample (no SMILES or catalogue number)
pamidronate,Launched,bone resorption inhibitor,FDPS,other / unclassified,,,no orderable sample (no SMILES or catalogue number)
para-toluenesulfonamide,Phase 3,,CA12|CA2|CA6|CA9,other / unclassified,,,no annotated mechanism of action
parbendazole,Preclinical,tubulin polymerization inhibitor,TUBB,mechanotransduction,broad cytotoxic chemotherapeutic,tubulin polymerization inhibitor,hard exclusion: broad cytotoxic chemotherapeutic
paroxypropione,Launched,gonadotropin inhibitor,,other / unclassified,systemic sex-steroid manipulation,gonadotropin,hard exclusion: systemic sex-steroid manipulation
pazopanib,Launched,KIT inhibitor|PDGFR tyrosine kinase receptor inhibitor|VEGFR inhibitor,CSF1R|FGF1|FGFR1|FGFR3|FLT1|FLT4|ITK|KDR|KIT|PDGFRA|PDGFRB|SH2B3,kinase; growth factor / cytokine,anti-angiogenic with juvenile growth-plate toxicity,VEGFR,hard exclusion: anti-angiogenic with juvenile growth-plate toxicity
pazufloxacin,Launched,topoisomerase inhibitor,,other / unclassified,broad cytotoxic chemotherapeutic,topoisomerase,hard exclusion: broad cytotoxic chemotherapeutic
PD-153035,Phase 1,EGFR inhibitor,EGFR|KDR,other / unclassified,anti-angiogenic with juvenile growth-plate toxicity,KDR,hard exclusion: anti-angiogenic with juvenile growth-plate toxicity
PD-173074,Preclinical,FGFR inhibitor|VEGFR inhibitor,FGFR1|FGFR2|FGFR3|FGFR4|FLT1|FLT4|KDR|PDGFRA|PDGFRB,growth factor / cytokine,anti-angiogenic with juvenile growth-plate toxicity,VEGFR,hard exclusion: anti-angiogenic with juvenile growth-plate toxicity
PD-98059,Preclinical,MEK inhibitor,AKT1|CHEK1|GSK3B|LCK|MAP2K1|MAPK1|MAPK11|MAPK12|MAPK14|MAPK8|PRKCA|RAF1|ROCK1|RPS6KB1|SGK1,kinase,GSK3 inhibition,GSK3B,hard exclusion: GSK3 inhibition
pefloxacin,Launched,bacterial DNA gyrase inhibitor,TOP2A,other / unclassified,broad cytotoxic chemotherapeutic,TOP2A,hard exclusion: broad cytotoxic chemotherapeutic
pemetrexed,Launched,dihydrofolate reductase inhibitor|thymidylate synthase inhibitor,ATIC|DHFR|GART|TYMS,metabolic,broad cytotoxic chemotherapeutic,thymidylate synthase,hard exclusion: broad cytotoxic chemotherapeutic
penicillamine-(D),Launched,chelating agent,,other / unclassified,,,no orderable sample (no SMILES or catalogue number)
penicillamine-(racemic),Launched,,,other / unclassified,,,no annotated mechanism of action
pentacosanoic-acid,Preclinical,,,other / unclassified,,,no annotated mechanism of action
pentostatin,Launched,adenosine deaminase inhibitor|ribonucleotide reductase inhibitor,ADA,metabolic,broad cytotoxic chemotherapeutic,ribonucleotide reductase,hard exclusion: broad cytotoxic chemotherapeutic
perchlozone,Launched,,,other / unclassified,,,no annotated mechanism of action
perfluamine,Launched,,,other / unclassified,,,no orderable sample (no SMILES or catalogue number)
perflubron,Launched,contrast agent,,other / unclassified,,,no orderable sample (no SMILES or catalogue number)
perfluorodecalin,Launched,,,other / unclassified,,,no annotated mechanism of action
perfluorohexyloctane,Launched,,,other / unclassified,,,no annotated mechanism of action
perillyl-alcohol,Phase 2,apoptosis stimulant|farnesyltransferase inhibitor,FNTA,other / unclassified,,,no orderable sample (no SMILES or catalogue number)
permethrin,Launched,,,other / unclassified,,,no annotated mechanism of action
peruvoside,Phase 1,cardiac glycoside,,other / unclassified,narrow-therapeutic-index cardiac glycoside,cardiac glycoside,hard exclusion: narrow-therapeutic-index cardiac glycoside
PF-02413873,Phase 1,progesterone receptor antagonist,,GPCR,systemic sex-steroid manipulation,progesterone receptor,hard exclusion: systemic sex-steroid manipulation
PF-03814735,Phase 1,Aurora kinase inhibitor,AURKA|AURKB,kinase,Aurora inhibitor,Aurora,hard exclusion: Aurora inhibitor
PF-06260414,Phase 1,androgen receptor modulator,,other / unclassified,systemic sex-steroid manipulation,androgen receptor,hard exclusion: systemic sex-steroid manipulation
PF-573228,Preclinical,focal adhesion kinase inhibitor,CDK1|CDK2|CDK7|GSK3B|IKBKB,kinase,GSK3 inhibition,GSK3B,hard exclusion: GSK3 inhibition
PF-915275,Phase 1,11-beta hydroxysteroid dehydrogenase inhibitor,HSD11B1,metabolic,systemic glucocorticoid manipulation,HSD11B1,hard exclusion: systemic glucocorticoid manipulation
PHA-680632,Preclinical,Aurora kinase inhibitor,AURKA|AURKB|AURKC,kinase,Aurora inhibitor,Aurora,hard exclusion: Aurora inhibitor
PHA-767491,Preclinical,CDC inhibitor,CDK1|RPS6KB1,other / unclassified,known to suppress chondrocyte proliferation,CDK1,hard exclusion: known to suppress chondrocyte proliferation
PHA-793887,Phase 1,CDK inhibitor,CDK1|CDK2|CDK4|CDK5|CDK7|CDK9,kinase,known to suppress chondrocyte proliferation,CDK1,hard exclusion: known to suppress chondrocyte proliferation
phenol,Preclinical,,CA1|CA12|CA14|CA2|CA4|CA9,other / unclassified,,,no annotated mechanism of action
phenolsulfonphthalein,Launched,,,other / unclassified,,,no annotated mechanism of action
phenothrin,Launched,,,other / unclassified,,,no annotated mechanism of action
phenyl-aminosalicylate,Launched,,,other / unclassified,,,no annotated mechanism of action
phenylacetylglutamine,Phase 2,DNA methylase inhibitor|protein synthesis inhibitor,,other / unclassified,known to suppress chondrocyte proliferation,protein synthesis inhibitor,hard exclusion: known to suppress chondrocyte proliferation
phenylbenzimidazole-sulfonic-acid,Launched,,,other / unclassified,,,no annotated mechanism of action
phenylethyl-alcohol,Preclinical,,,other / unclassified,,,no annotated mechanism of action
phenylmercuric-acetate,Preclinical,other antifungal,,other / unclassified,,,no orderable sample (no SMILES or catalogue number)
phenylmethylsulfonyl-fluoride,Preclinical,serine protease inhibitor,,protease,,,no orderable sample (no SMILES or catalogue number)
phloroglucin,Launched,,,other / unclassified,,,no annotated mechanism of action
phosphatidylcholine,Launched,,,other / unclassified,,,no orderable sample (no SMILES or catalogue number)
phthalylsulfacetamide,Preclinical,,,other / unclassified,,,no annotated mechanism of action
PHTPP,Preclinical,estrogen receptor antagonist,ESR2,GPCR,systemic sex-steroid manipulation,estrogen receptor,hard exclusion: systemic sex-steroid manipulation
phytonadione,Launched,,BGLAP|GGCX,other / unclassified,,,no annotated mechanism of action
phytosphingosine,Phase 1,,,other / unclassified,,,no annotated mechanism of action
picolamine,Preclinical,,,other / unclassified,,,no annotated mechanism of action
piconol,Preclinical,,,other / unclassified,,,no annotated mechanism of action
pidolic-acid,Launched,,ADAM28|AMY1A|AMY2A|AMY2B|ANG|CCL8|HCRT|IGLC1|KRTAP5-2|TFF2|VEGFA,growth factor / cytokine,,,no annotated mechanism of action
pikamilone,Phase 1,,,other / unclassified,,,no annotated mechanism of action
pimonidazole,Phase 3,,,other / unclassified,,,no annotated mechanism of action
pinanediol,Preclinical,,,other / unclassified,,,no annotated mechanism of action
pipemidic-acid,Launched,topoisomerase inhibitor,,other / unclassified,broad cytotoxic chemotherapeutic,topoisomerase,hard exclusion: broad cytotoxic chemotherapeutic
piperazinedione,Phase 2,DNA synthesis inhibitor,,other / unclassified,broad cytotoxic chemotherapeutic,DNA synthesis inhibitor,hard exclusion: broad cytotoxic chemotherapeutic
pipobroman,Launched,DNA alkylating agent,,other / unclassified,broad cytotoxic chemotherapeutic,DNA alkylat,hard exclusion: broad cytotoxic chemotherapeutic
pirarubicin,Launched,topoisomerase inhibitor,TOP2A,other / unclassified,broad cytotoxic chemotherapeutic,topoisomerase,hard exclusion: broad cytotoxic chemotherapeutic
piretanide,Launched,glucocorticoid receptor agonist,SLC12A1|SLC12A2,GPCR; transporter,systemic glucocorticoid manipulation,glucocorticoid receptor,hard exclusion: systemic glucocorticoid manipulation
piroctone-olamine,Launched,,,other / unclassified,,,no annotated mechanism of action
pirodavir,Phase 2,,,other / unclassified,,,no annotated mechanism of action
pixantrone,Launched,topoisomerase inhibitor,TOP2A,other / unclassified,broad cytotoxic chemotherapeutic,topoisomerase,hard exclusion: broad cytotoxic chemotherapeutic
pleconaril,Phase 3,,,other / unclassified,,,no annotated mechanism of action
plinabulin,Phase 3,tubulin polymerization inhibitor,,mechanotransduction,broad cytotoxic chemotherapeutic,tubulin polymerization inhibitor,hard exclusion: broad cytotoxic chemotherapeutic
plovamer-acetate,Phase 2,,TAT|TH|YARS|YARS2,other / unclassified,,,no annotated mechanism of action
PLX4720,Preclinical,RAF inhibitor,BRAF|KDR,kinase,anti-angiogenic with juvenile growth-plate toxicity,KDR,hard exclusion: anti-angiogenic with juvenile growth-plate toxicity
PMPA,Preclinical,glutamate receptor antagonist,FOLH1,GPCR,,,no orderable sample (no SMILES or catalogue number)
podophyllotoxin,Launched,microtubule inhibitor|tubulin polymerization inhibitor,IGF1R|TOP2A|TUBA4A|TUBB,mechanotransduction; growth factor / cytokine,broad cytotoxic chemotherapeutic,tubulin polymerization inhibitor,hard exclusion: broad cytotoxic chemotherapeutic
pomalidomide,Launched,angiogenesis inhibitor|tumor necrosis factor production inhibitor,,other / unclassified,anti-angiogenic with juvenile growth-plate toxicity,angiogenesis inhibitor,hard exclusion: anti-angiogenic with juvenile growth-plate toxicity
ponatinib,Launched,Bcr-Abl kinase inhibitor|FLT3 inhibitor|PDGFR tyrosine kinase receptor inhibitor,ABL1|BCR|FGFR1|FGFR2|FGFR3|FGFR4|FLT3|KDR|KIT|LCK|LYN|PDGFRA|RET|SRC|TEK,kinase; growth factor / cytokine,anti-angiogenic with juvenile growth-plate toxicity,KDR,hard exclusion: anti-angiogenic with juvenile growth-plate toxicity
potassium-iodide,Launched,,,other / unclassified,,,no orderable sample (no SMILES or catalogue number)
potassium-p-aminobenzoate,Launched,,,other / unclassified,,,no annotated mechanism of action
PP-121,Preclinical,protein tyrosine kinase inhibitor,ABL1|EGFR|HCK|KDR|MTOR|PDGFRA|PIK3CA|PIK3CB|PIK3CD|PIK3CG|PRKDC|SRC,kinase; growth factor / cytokine,anti-angiogenic with juvenile growth-plate toxicity,KDR,hard exclusion: anti-angiogenic with juvenile growth-plate toxicity
PPT,Preclinical,estrogen receptor agonist,ESR1,GPCR,systemic sex-steroid manipulation,estrogen receptor,hard exclusion: systemic sex-steroid manipulation
prasterone-acetate,Preclinical,,,other / unclassified,,,no annotated mechanism of action
prednisolone,Launched,glucocorticoid receptor agonist,NR3C1|NR3C2|SERPINA6,GPCR,systemic glucocorticoid manipulation,glucocorticoid receptor,hard exclusion: systemic glucocorticoid manipulation
prednisolone-acetate,Launched,glucocorticoid receptor agonist,NR3C1,GPCR,systemic glucocorticoid manipulation,glucocorticoid receptor,hard exclusion: systemic glucocorticoid manipulation
prednisolone-hemisuccinate,Preclinical,glucocorticoid receptor agonist,NR3C1,GPCR,systemic glucocorticoid manipulation,glucocorticoid receptor,hard exclusion: systemic glucocorticoid manipulation
prednisolone-sodium-phosphate,Launched,glucocorticoid receptor agonist,NR3C1,GPCR,systemic glucocorticoid manipulation,glucocorticoid receptor,hard exclusion: systemic glucocorticoid manipulation
prednisone,Launched,glucocorticoid receptor agonist,HSD11B1|NR3C1,GPCR,systemic glucocorticoid manipulation,glucocorticoid receptor,hard exclusion: systemic glucocorticoid manipulation
prinaberel,Phase 2,estrogen receptor agonist,ESR2|NCOA1,GPCR,systemic sex-steroid manipulation,estrogen receptor,hard exclusion: systemic sex-steroid manipulation
prisotinol,Phase 2,,,other / unclassified,,,no annotated mechanism of action
procainamide,Launched,sodium channel blocker,DNMT1|SCN5A,ion channel,broad epigenetic poison,DNMT1,hard exclusion: broad epigenetic poison
procyanidin-B-2,Phase 2,,,other / unclassified,,,no annotated mechanism of action
progesterone,Launched,progesterone receptor agonist,CATSPER1|CATSPER2|CATSPER3|CATSPER4|CYP17A1|ESR1|NR3C2|OPRK1|PGR|TRPC5,GPCR,systemic sex-steroid manipulation,progesterone receptor,hard exclusion: systemic sex-steroid manipulation
promestriene,Launched,estrogen receptor agonist,ESR1,GPCR,systemic sex-steroid manipulation,estrogen receptor,hard exclusion: systemic sex-steroid manipulation
propagermanium,Launched,CCR agonist|interferon receptor agonist,CCR2,GPCR,,,no orderable sample (no SMILES or catalogue number)
propatylnitrate,Launched,,,other / unclassified,,,no annotated mechanism of action
propidium-iodide,Preclinical,,ACHE,other / unclassified,,,no annotated mechanism of action
propiolactone,Launched,,,other / unclassified,,,no annotated mechanism of action
propoxur,Launched,,,other / unclassified,,,no annotated mechanism of action
propyl-benzoate,Launched,,,other / unclassified,,,no annotated mechanism of action
propylene-glycol,Launched,,,other / unclassified,,,no orderable sample (no SMILES or catalogue number)
propylparaben,Launched,,,other / unclassified,,,no annotated mechanism of action
proscillaridin-A,Launched,,,other / unclassified,,,no annotated mechanism of action
protionamide,Launched,,,other / unclassified,,,no annotated mechanism of action
Proxyphylline,Launched,,,other / unclassified,,,no annotated mechanism of action
PSI-6130,Phase 1,RNA polymerase inhibitor,,other / unclassified,known to suppress chondrocyte proliferation,RNA polymerase inhibitor,hard exclusion: known to suppress chondrocyte proliferation
psoralen,Launched,,MAOA|MAOB,other / unclassified,,,no annotated mechanism of action
PS178990,Phase 1,androgen receptor modulator,AR,other / unclassified,systemic sex-steroid manipulation,androgen receptor,hard exclusion: systemic sex-steroid manipulation
puromycin,Preclinical,protein synthesis inhibitor,NHP2L1|RPL10L|RPL11|RPL13A|RPL15|RPL19|RPL23|RPL23A|RPL26L1|RPL3|RPL37|RPL8|RSL24D1,other / unclassified,known to suppress chondrocyte proliferation,protein synthesis inhibitor,hard exclusion: known to suppress chondrocyte proliferation
purvalanol-A,Preclinical,CDK inhibitor,CDK1|CDK2|CDK4|CDK5|CSNK1G3|RPS6KA1|SRC,kinase,known to suppress chondrocyte proliferation,CDK1,hard exclusion: known to suppress chondrocyte proliferation
putrescine,Phase 2,tissue transglutaminase inhibitor,AMD1|KCNJ4|ODC1,metabolic,,,no orderable sample (no SMILES or catalogue number)
pyrazoloacridine,Phase 2,topoisomerase inhibitor,TOP1|TOP2A,other / unclassified,broad cytotoxic chemotherapeutic,topoisomerase,hard exclusion: broad cytotoxic chemotherapeutic
pyrethrins,Launched,,,other / unclassified,,,no annotated mechanism of action
pyridoxal,Launched,,PDXK,other / unclassified,,,no annotated mechanism of action
pyrithione-zinc,Launched,ATP synthase inhibitor,KCNQ1|KCNQ2|KCNQ4|KCNQ5,metabolic,,,no orderable sample (no SMILES or catalogue number)
pyritinol,Launched,,,other / unclassified,,,no annotated mechanism of action
pyrrolidine-dithiocarbamate,Preclinical,NFkB pathway inhibitor,HSD11B1|RELA,other / unclassified,systemic glucocorticoid manipulation,HSD11B1,hard exclusion: systemic glucocorticoid manipulation
pyrvinium-pamoate,Launched,androgen receptor antagonist,AR,GPCR,systemic sex-steroid manipulation,androgen receptor,hard exclusion: systemic sex-steroid manipulation
P276-00,Phase 2,CDK inhibitor,CDK1|CDK4|CDK9,kinase,known to suppress chondrocyte proliferation,CDK1,hard exclusion: known to suppress chondrocyte proliferation
quinestrol,Launched,estrogen receptor agonist,ESR1|ESR2,GPCR,systemic sex-steroid manipulation,estrogen receptor,hard exclusion: systemic sex-steroid manipulation
quinine-ethyl-carbonate,Launched,,,other / unclassified,,,no annotated mechanism of action
RAD140,Phase 1,androgen receptor modulator,,other / unclassified,systemic sex-steroid manipulation,androgen receptor,hard exclusion: systemic sex-steroid manipulation
RAF265,Phase 2,RAF inhibitor|VEGFR inhibitor,BRAF,kinase; growth factor / cytokine,anti-angiogenic with juvenile growth-plate toxicity,VEGFR,hard exclusion: anti-angiogenic with juvenile growth-plate toxicity
raloxifene,Launched,estrogen receptor antagonist|selective estrogen receptor modulator (SERM),ESR1|ESR2,GPCR,systemic sex-steroid manipulation,estrogen receptor,hard exclusion: systemic sex-steroid manipulation
raltitrexed,Launched,thymidylate synthase inhibitor,FPGS|TYMS,metabolic,broad cytotoxic chemotherapeutic,thymidylate synthase,hard exclusion: broad cytotoxic chemotherapeutic
rebastinib,Phase 1/Phase 2,Bcr-Abl kinase inhibitor|TIE tyrosine kinase inhibitor|VEGFR inhibitor,ABL1|BCR|FGR|FLT3|HCK|LYN|SRC,kinase; growth factor / cytokine,anti-angiogenic with juvenile growth-plate toxicity,VEGFR,hard exclusion: anti-angiogenic with juvenile growth-plate toxicity
regorafenib,Launched,FGFR inhibitor|KIT inhibitor|PDGFR tyrosine kinase receptor inhibitor|RAF inhibitor|RET tyrosine kinase inhibitor|VEGFR inhibitor,ABL1|BRAF|DDR2|EPHA2|FGFR1|FGFR2|FLT1|FLT4|FRK|KDR|KIT|MAPK11|NTRK1|PDGFRA|PDGFRB|RAF1|RET|TEK,kinase; growth factor / cytokine,anti-angiogenic with juvenile growth-plate toxicity,VEGFR,hard exclusion: anti-angiogenic with juvenile growth-plate toxicity
relugolix,Phase 3,gonadotropin releasing factor hormone receptor antagonist,,GPCR,systemic sex-steroid manipulation,gonadotropin,hard exclusion: systemic sex-steroid manipulation
resmetirom,Phase 3,thyroid hormone receptor agonist,,GPCR; nuclear receptor,known plate-fusion or premature-remodeling hazard,thyroid hormone receptor agonist,hard exclusion: known plate-fusion or premature-remodeling hazard
retapamulin,Launched,protein synthesis inhibitor,,other / unclassified,known to suppress chondrocyte proliferation,protein synthesis inhibitor,hard exclusion: known to suppress chondrocyte proliferation
retinaldehyde,Launched,,,other / unclassified,,,no annotated mechanism of action
retinyl-acetate,Launched,,,other / unclassified,,,no annotated mechanism of action
retinyl-palmitate,Launched,,,other / unclassified,,,no annotated mechanism of action
reversine,Preclinical,Aurora kinase inhibitor,AURKB|INCENP|MAP2K1,kinase,Aurora inhibitor,Aurora,hard exclusion: Aurora inhibitor
RGB-286638,Phase 1,CDK inhibitor,CDK1|CDK2|CDK3|CDK4|CDK5|CDK6|CDK7|CDK9|FLT3|GSK3B|JAK2|MAP3K7|MAPK9,kinase,GSK3 inhibition,GSK3B,hard exclusion: GSK3 inhibition
RG108,Preclinical,DNA methyltransferase inhibitor,DNMT1|DNMT3B,epigenetic (selective probe),broad epigenetic poison,DNA methyltransferase inhibitor,hard exclusion: broad epigenetic poison
RG1530,Phase 1,FGFR inhibitor|PDGFR tyrosine kinase receptor inhibitor|VEGFR inhibitor,FGFR1|FGFR2,kinase; growth factor / cytokine,anti-angiogenic with juvenile growth-plate toxicity,VEGFR,hard exclusion: anti-angiogenic with juvenile growth-plate toxicity
rhein,Phase 1,,HSP90AA1,other / unclassified,,,no annotated mechanism of action
rhodamine-123,Phase 1,,,other / unclassified,,,no annotated mechanism of action
RI-1,Preclinical,,RAD51,other / unclassified,,,no annotated mechanism of action
ribitol,Preclinical,,,other / unclassified,,,no annotated mechanism of action
riboflavin-5-phosphate-sodium,Launched,,BLVRB|DHODH|DPYD|HAO1|HAO2|MT-ND1|NOS1|PNPO|POR|PPCDC|RFK|RPS6KA4|SGK1,other / unclassified,,,no annotated mechanism of action
rifabutin,Launched,protein synthesis inhibitor,,other / unclassified,known to suppress chondrocyte proliferation,protein synthesis inhibitor,hard exclusion: known to suppress chondrocyte proliferation
rifampin,Launched,RNA polymerase inhibitor,NR1I2|SLCO1A2|SLCO1B1|SLCO1B3,other / unclassified,known to suppress chondrocyte proliferation,RNA polymerase inhibitor,hard exclusion: known to suppress chondrocyte proliferation
rifamycin,Launched,DNA directed RNA polymerase inhibitor,SLCO1A2|SLCO1B1|SLCO1B3|SLCO2B1,other / unclassified,known to suppress chondrocyte proliferation,RNA polymerase inhibitor,hard exclusion: known to suppress chondrocyte proliferation
rifapentine,Launched,RNA polymerase inhibitor,CYP2C8|CYP2C9|CYP3A4,other / unclassified,known to suppress chondrocyte proliferation,RNA polymerase inhibitor,hard exclusion: known to suppress chondrocyte proliferation
rigosertib,Phase 3,cell cycle inhibitor|PLK inhibitor,PLK1,other / unclassified,PLK inhibitor,PLK,hard exclusion: PLK inhibitor
rimexolone,Launched,glucocorticoid receptor agonist,NR3C1|SERPINA6,GPCR,systemic glucocorticoid manipulation,glucocorticoid receptor,hard exclusion: systemic glucocorticoid manipulation
riodoxol,Launched,other antibiotic,,other / unclassified,,,no orderable sample (no SMILES or catalogue number)
risedronate,Launched,osteoclast inhibitor,FDPS,other / unclassified,,,no orderable sample (no SMILES or catalogue number)
RLX,Preclinical,,,other / unclassified,,,no annotated mechanism of action
Ro-3306,Preclinical,CDK inhibitor,CDK1,kinase,known to suppress chondrocyte proliferation,CDK1,hard exclusion: known to suppress chondrocyte proliferation
roluperidone,Phase 2,,,other / unclassified,,,no annotated mechanism of action
rolziracetam,Phase 2,,,other / unclassified,,,no annotated mechanism of action
roquinimex,Phase 3,angiogenesis inhibitor|tumor necrosis factor production inhibitor,,other / unclassified,anti-angiogenic with juvenile growth-plate toxicity,angiogenesis inhibitor,hard exclusion: anti-angiogenic with juvenile growth-plate toxicity
rosamicin,Phase 2,protein synthesis inhibitor,,other / unclassified,known to suppress chondrocyte proliferation,protein synthesis inhibitor,hard exclusion: known to suppress chondrocyte proliferation
rosoxacin,Launched,topoisomerase inhibitor,,other / unclassified,broad cytotoxic chemotherapeutic,topoisomerase,hard exclusion: broad cytotoxic chemotherapeutic
rostafuroxine,Phase 2,ATPase inhibitor,ATP1A1,other / unclassified,narrow-therapeutic-index cardiac glycoside,ATP1A1,hard exclusion: narrow-therapeutic-index cardiac glycoside
RP67580,Preclinical,,,other / unclassified,,,no annotated mechanism of action
RU-58841,Phase 2,androgen receptor antagonist,AR,GPCR,systemic sex-steroid manipulation,androgen receptor,hard exclusion: systemic sex-steroid manipulation
rubitecan,Phase 3,topoisomerase inhibitor,TOP1,other / unclassified,broad cytotoxic chemotherapeutic,topoisomerase,hard exclusion: broad cytotoxic chemotherapeutic
RX-3117,Phase 1/Phase 2,CDK inhibitor|DNA synthesis inhibitor,CDK2|DNMT1,kinase,broad cytotoxic chemotherapeutic,DNA synthesis inhibitor,hard exclusion: broad cytotoxic chemotherapeutic
R547,Phase 1,CDK inhibitor,CDK1|CDK2|CDK4|CDK7,kinase,known to suppress chondrocyte proliferation,CDK1,hard exclusion: known to suppress chondrocyte proliferation
S-methylcysteine,Phase 1,,CTSD|MGMT,other / unclassified,,,no orderable sample (no SMILES or catalogue number)
salazodine,Phase 2,,,other / unclassified,,,no annotated mechanism of action
salicyl-alcohol,Preclinical,,,other / unclassified,,,no annotated mechanism of action
salinomycin,Launched,,,other / unclassified,,,no annotated mechanism of action
salsolinol-1-carboxylic-acid,Preclinical,,,other / unclassified,,,no annotated mechanism of action
sanazole,Phase 1,,,other / unclassified,,,no annotated mechanism of action
sapacitabine,Phase 3,DNA synthesis inhibitor,,other / unclassified,broad cytotoxic chemotherapeutic,DNA synthesis inhibitor,hard exclusion: broad cytotoxic chemotherapeutic
sari-59-801,Phase 1,,,other / unclassified,,,no annotated mechanism of action
SAR131675,Preclinical,VEGFR inhibitor,FLT4,growth factor / cytokine,anti-angiogenic with juvenile growth-plate toxicity,VEGFR,hard exclusion: anti-angiogenic with juvenile growth-plate toxicity
satraplatin,Phase 3,DNA alkylating agent,,other / unclassified,broad cytotoxic chemotherapeutic,DNA alkylat,hard exclusion: broad cytotoxic chemotherapeutic
SB-202190,Preclinical,p38 MAPK inhibitor,AKT1|ALOX5|CHEK1|GSK3B|LCK|MAPK1|MAPK11|MAPK12|MAPK14|MAPK8|PRKCA|ROCK1|RPS6KB1|SGK1,other / unclassified,GSK3 inhibition,GSK3B,hard exclusion: GSK3 inhibition
SB-203580,Preclinical,p38 MAPK inhibitor,AKT1|ALOX5|CHEK1|CYP2D6|CYP3A4|GAK|GSK3B|LCK|MAPK1|MAPK10|MAPK11|MAPK12|MAPK14|MAPK8|MAPK9|PRKCA|RAF1|RIPK2|ROCK1|RPS6KB1|SGK1|SRC|TNF,growth factor / cytokine,GSK3 inhibition,GSK3B,hard exclusion: GSK3 inhibition
SB-216763,Preclinical,glycogen synthase kinase inhibitor,CCNA2|CDK2|GSK3A|GSK3B,kinase; metabolic,GSK3 inhibition,glycogen synthase kinase,hard exclusion: GSK3 inhibition
SB-415286,Preclinical,glycogen synthase kinase inhibitor,GSK3A|GSK3B|RPS6KB1,kinase; metabolic,GSK3 inhibition,glycogen synthase kinase,hard exclusion: GSK3 inhibition
SBE-13,Preclinical,PLK inhibitor,PLK1,other / unclassified,PLK inhibitor,PLK,hard exclusion: PLK inhibitor
sclareol,Preclinical,,,other / unclassified,,,no annotated mechanism of action
SCMC-Lys,Launched,mucolytic agent,GSTP1,other / unclassified,,,no orderable sample (no SMILES or catalogue number)
scopine,Launched,,,other / unclassified,,,no annotated mechanism of action
SCS,Preclinical,,,other / unclassified,,,no annotated mechanism of action
Se-methylselenocysteine,Phase 2,,,other / unclassified,,,no orderable sample (no SMILES or catalogue number)
secnidazole,Launched,acetylcholinesterase inhibitor|microtubule inhibitor,,other / unclassified,broad cytotoxic chemotherapeutic,microtubule,hard exclusion: broad cytotoxic chemotherapeutic
secoisolariciresinol-(-),Phase 2,,,other / unclassified,,,no annotated mechanism of action
segesterone-acetate,Launched,progesterone receptor agonist,PGR,GPCR,systemic sex-steroid manipulation,progesterone receptor,hard exclusion: systemic sex-steroid manipulation
selenomethionine,Launched,,,other / unclassified,,,no orderable sample (no SMILES or catalogue number)
semaxanib,Phase 3,VEGFR inhibitor,FGFR1|FLT1|KDR|KIT|PDGFRA|PDGFRB|RET,growth factor / cytokine,anti-angiogenic with juvenile growth-plate toxicity,VEGFR,hard exclusion: anti-angiogenic with juvenile growth-plate toxicity
semustine,Phase 3,DNA alkylating agent,,other / unclassified,broad cytotoxic chemotherapeutic,DNA alkylat,hard exclusion: broad cytotoxic chemotherapeutic
sennoside-protonated,Preclinical,,,other / unclassified,,,no annotated mechanism of action
sevoflurane,Launched,membrane integrity inhibitor,ATP2C1|ATP5D|GABRA1|GABRA2|GABRA3|GABRA4|GABRA5|GABRA6|GABRB1|GABRB2|GABRB3|GABRD|GABRE|GABRG1|GABRG2|GABRG3|GABRP|GABRQ|GLRA1|GLRB|GRIA1|KCNA1|KCNK10|KCNK18|KCNK2|KCNK3|KCNK9|MT-ND1,other / unclassified,,,no orderable sample (no SMILES or catalogue number)
SGI-1027,Preclinical,DNA methyltransferase inhibitor,DNMT1|DNMT3A|DNMT3B,epigenetic (selective probe),broad epigenetic poison,DNA methyltransferase inhibitor,hard exclusion: broad epigenetic poison
shikimic-acid,Preclinical,,,other / unclassified,,,no annotated mechanism of action
silymarin,Launched,,,other / unclassified,,,no annotated mechanism of action
sinefungin,Preclinical,DNA methyltransferase inhibitor|RNA synthesis inhibitor,CARM1,epigenetic (selective probe),broad epigenetic poison,DNA methyltransferase inhibitor,hard exclusion: broad epigenetic poison
sinomenine,Preclinical,angiogenesis inhibitor,,other / unclassified,anti-angiogenic with juvenile growth-plate toxicity,angiogenesis inhibitor,hard exclusion: anti-angiogenic with juvenile growth-plate toxicity
sisomicin,Launched,protein synthesis inhibitor,,other / unclassified,known to suppress chondrocyte proliferation,protein synthesis inhibitor,hard exclusion: known to suppress chondrocyte proliferation
sitosterol,Preclinical,,,other / unclassified,,,no annotated mechanism of action
SJG-136,Phase 2,DNA intercalating agent,,other / unclassified,broad cytotoxic chemotherapeutic,DNA intercalat,hard exclusion: broad cytotoxic chemotherapeutic
SKLB1002,Preclinical,VEGFR inhibitor,KDR,growth factor / cytokine,anti-angiogenic with juvenile growth-plate toxicity,VEGFR,hard exclusion: anti-angiogenic with juvenile growth-plate toxicity
SM-108,Phase 2,,,other / unclassified,,,no annotated mechanism of action
SN-38,Launched,topoisomerase inhibitor,TOP1,other / unclassified,broad cytotoxic chemotherapeutic,topoisomerase,hard exclusion: broad cytotoxic chemotherapeutic
SNAP,Phase 2,nitric oxide donor,PTPN1,other / unclassified,,,no orderable sample (no SMILES or catalogue number)
SNAP-94847,Preclinical,,ADRA1A|DRD2,other / unclassified,,,no annotated mechanism of action
SNC-80,Preclinical,,OPRD1,other / unclassified,,,no annotated mechanism of action
SNG-1153,Preclinical,selective estrogen receptor modulator (SERM),ESR1,other / unclassified,systemic sex-steroid manipulation,estrogen receptor,hard exclusion: systemic sex-steroid manipulation
SNS-314,Phase 1,Aurora kinase inhibitor,AURKA|AURKB|AURKC,kinase,Aurora inhibitor,Aurora,hard exclusion: Aurora inhibitor
sobetirome,Phase 1/Phase 2,thyroid hormone receptor agonist,THRA|THRB,GPCR; nuclear receptor,known plate-fusion or premature-remodeling hazard,thyroid hormone receptor agonist,hard exclusion: known plate-fusion or premature-remodeling hazard
soblidotin,Phase 2,microtubule inhibitor,,other / unclassified,broad cytotoxic chemotherapeutic,microtubule,hard exclusion: broad cytotoxic chemotherapeutic
sobuzoxane,Launched,topoisomerase inhibitor,,other / unclassified,broad cytotoxic chemotherapeutic,topoisomerase,hard exclusion: broad cytotoxic chemotherapeutic
sodium-ascorbate,Launched,,,other / unclassified,,,no orderable sample (no SMILES or catalogue number)
sodium-butyrate,Phase 2,HDAC inhibitor,BCHE|FFAR2|FFAR3|HDAC1|HDAC2|HDAC3|HDAC8,epigenetic (selective probe),,,no orderable sample (no SMILES or catalogue number)
sodium-danshensu,Preclinical,,,other / unclassified,,,no annotated mechanism of action
sodium-dodecyl-sulfate,Launched,,ALB,other / unclassified,,,no orderable sample (no SMILES or catalogue number)
sodium-gluconate,Launched,,,other / unclassified,,,no orderable sample (no SMILES or catalogue number)
sodium-monofluorophosphate,Launched,,PYGM,other / unclassified,,,no orderable sample (no SMILES or catalogue number)
sodium-nitrite,Launched,nitric oxide donor,,other / unclassified,,,no orderable sample (no SMILES or catalogue number)
sodium-orthovanadate,Preclinical,,,other / unclassified,,,no orderable sample (no SMILES or catalogue number)
sodium-picosulfate,Launched,,,other / unclassified,,,no annotated mechanism of action
sodium-tetradecyl-sulfate,Launched,,PROC,other / unclassified,,,no annotated mechanism of action
solithromycin,Phase 3,protein synthesis inhibitor,,other / unclassified,known to suppress chondrocyte proliferation,protein synthesis inhibitor,hard exclusion: known to suppress chondrocyte proliferation
sophocarpine,Phase 3,,,other / unclassified,,,no annotated mechanism of action
sorafenib,Launched,FLT3 inhibitor|KIT inhibitor|PDGFR tyrosine kinase receptor inhibitor|RAF inhibitor|RET tyrosine kinase inhibitor|VEGFR inhibitor,BRAF|DDR2|FGFR1|FLT1|FLT3|FLT4|KDR|KIT|PDGFRB|RAF1|RET,kinase; growth factor / cytokine,anti-angiogenic with juvenile growth-plate toxicity,VEGFR,hard exclusion: anti-angiogenic with juvenile growth-plate toxicity
sorbic-acid,Launched,,,other / unclassified,,,no annotated mechanism of action
sorbitan-monostearate,Preclinical,,,other / unclassified,,,no annotated mechanism of action
SP-420,Phase 1,,,other / unclassified,,,no annotated mechanism of action
sparfloxacin,Withdrawn,bacterial DNA gyrase inhibitor,TOP2A,other / unclassified,broad cytotoxic chemotherapeutic,TOP2A,hard exclusion: broad cytotoxic chemotherapeutic
sparteine-(+),Launched,,,other / unclassified,,,no annotated mechanism of action
sparteine-(-),Launched,,,other / unclassified,,,no annotated mechanism of action
sparteine-sulfate,Launched,,,other / unclassified,,,no annotated mechanism of action
spermine,Preclinical,,CA14|CA4|CA6|CA9|CASR|GRIN1|GRIN2A|KCNJ4|ODC1|SMOX|SMS|TRPM4|TRPM5,other / unclassified,,,no annotated mechanism of action
spirobromin,Phase 1,,,other / unclassified,,,no annotated mechanism of action
spironolactone,Launched,mineralocorticoid receptor antagonist,AR|CACNA1A|CACNA1B|CACNA1C|CACNA1D|CACNA1F|CACNA1G|CACNA1H|CACNA1I|CACNA1S|CACNA2D1|CACNA2D2|CACNA2D3|CACNB1|CACNB2|CACNB3|CACNB4|CACNG1|CYP11B2|NR3C1|NR3C2|PGR|SHBG,GPCR,systemic sex-steroid manipulation,AR; PGR,hard exclusion: systemic sex-steroid manipulation
spizofurone,Withdrawn,,,other / unclassified,,,no annotated mechanism of action
SR-11302,Preclinical,,,other / unclassified,,,no annotated mechanism of action
SSR128129E,Preclinical,,,other / unclassified,,,no annotated mechanism of action
stattic,Preclinical,,,other / unclassified,,,no annotated mechanism of action
stetaderm,Launched,,,other / unclassified,,,no annotated mechanism of action
STF-31,Preclinical,NAMPT inhibitor,NAMPT|SLC2A1,transporter,,,no orderable sample (no SMILES or catalogue number)
stigmasterol,Preclinical,,,other / unclassified,,,no annotated mechanism of action
streptozotocin,Launched,DNA alkylating agent,,other / unclassified,broad cytotoxic chemotherapeutic,DNA alkylat,hard exclusion: broad cytotoxic chemotherapeutic
succinic-acid,Launched,,ALDH5A1|ASPH|BBOX1|HSD17B6|OXCT1|OXCT2|P3H1|P3H2|P3H3|P4HA1|P4HA2|PLOD1|PLOD3|SDHA|SDHB|SDHC|SDHD|SLC13A1|SLC13A2|SLC13A3|SLC25A10|SUCLA2|SUCLG1|SUCLG2|SUCNR1|TMLHE,transporter,,,no annotated mechanism of action
succinylcholine-chloride,Launched,,CHRFAM7A|CHRM1|CHRM2|CHRM3|CHRNA1|CHRNA10,other / unclassified,,,no annotated mechanism of action
sucralose,Launched,,,other / unclassified,,,no annotated mechanism of action
sucrose,Launched,,ACTA1|ATOX1|C22orf28|LYZ,other / unclassified,,,no annotated mechanism of action
sucrose-octaacetate,Preclinical,,,other / unclassified,,,no annotated mechanism of action
sudan-IV,Preclinical,,,other / unclassified,,,no annotated mechanism of action
sufugolix,Preclinical,gonadotropin releasing factor hormone receptor antagonist,,GPCR,systemic sex-steroid manipulation,gonadotropin,hard exclusion: systemic sex-steroid manipulation
sulfacarbamide,Withdrawn,,,other / unclassified,,,no annotated mechanism of action
sulfanilate-zinc,Preclinical,,,other / unclassified,,,no annotated mechanism of action
sulfanitran,Launched,,,other / unclassified,,,no annotated mechanism of action
sulisobenzone,Launched,,,other / unclassified,,,no annotated mechanism of action
sunitinib,Launched,FLT3 inhibitor|KIT inhibitor|PDGFR tyrosine kinase receptor inhibitor|RET tyrosine kinase inhibitor|VEGFR inhibitor,CSF1R|FGFR1|FLT1|FLT3|FLT4|KDR|KIT|PDGFRA|PDGFRB|RET,kinase; growth factor / cytokine,anti-angiogenic with juvenile growth-plate toxicity,VEGFR,hard exclusion: anti-angiogenic with juvenile growth-plate toxicity
suramin,Launched,DNA synthesis inhibitor,F2|FSHR|P2RY1|P2RY11|P2RY13|P2RY2|PLA2G2A|RYR1|RYR2|SIRT5,other / unclassified,broad cytotoxic chemotherapeutic,DNA synthesis inhibitor,hard exclusion: broad cytotoxic chemotherapeutic
sutezolid,Phase 2,protein synthesis inhibitor,,other / unclassified,known to suppress chondrocyte proliferation,protein synthesis inhibitor,hard exclusion: known to suppress chondrocyte proliferation
SU014813,Phase 2,PDGFR tyrosine kinase receptor inhibitor|VEGFR inhibitor,KDR,kinase; growth factor / cytokine,anti-angiogenic with juvenile growth-plate toxicity,VEGFR,hard exclusion: anti-angiogenic with juvenile growth-plate toxicity
SU4312,Preclinical,PDGFR tyrosine kinase receptor inhibitor|tyrosine kinase inhibitor|VEGFR inhibitor,KDR|PDGFRB,kinase; growth factor / cytokine,anti-angiogenic with juvenile growth-plate toxicity,VEGFR,hard exclusion: anti-angiogenic with juvenile growth-plate toxicity
SU9516,Preclinical,CDK inhibitor,CDK1|CDK2|CDK4|CDK5,kinase,known to suppress chondrocyte proliferation,CDK1,hard exclusion: known to suppress chondrocyte proliferation
SY-640,Phase 2,,,other / unclassified,,,no annotated mechanism of action
SYM-2081,Preclinical,kainate receptor antagonist,GRIK1|GRIK2|GRIK3|GRIK4|GRIK5|SLC1A2,GPCR; transporter,,,no orderable sample (no SMILES or catalogue number)
symclosene,Preclinical,,,other / unclassified,,,no annotated mechanism of action
T-025,Preclinical,CLK inhibitor,,other / unclassified,,,no orderable sample (no SMILES or catalogue number)
TAK-593,Phase 1,VEGFR inhibitor,PDGFRA,growth factor / cytokine,anti-angiogenic with juvenile growth-plate toxicity,VEGFR,hard exclusion: anti-angiogenic with juvenile growth-plate toxicity
TAK-901,Phase 1,Aurora kinase inhibitor,AURKB,kinase,Aurora inhibitor,Aurora,hard exclusion: Aurora inhibitor
TAK-960,Phase 1,PLK inhibitor,PLK1,other / unclassified,PLK inhibitor,PLK,hard exclusion: PLK inhibitor
taltobulin,Phase 1,tubulin polymerization inhibitor,,mechanotransduction,broad cytotoxic chemotherapeutic,tubulin polymerization inhibitor,hard exclusion: broad cytotoxic chemotherapeutic
TAME,Preclinical,,,other / unclassified,,,no annotated mechanism of action
tamibarotene,Launched,retinoid receptor agonist,RARA|RARB,GPCR,known plate-fusion or premature-remodeling hazard,RARA; RARB,hard exclusion: known plate-fusion or premature-remodeling hazard
tamoxifen,Launched,estrogen receptor antagonist|selective estrogen receptor modulator (SERM),EBP|ESR1|ESR2|GPER1|PRKCA|PRKCB|PRKCD|PRKCE|PRKCG|PRKCI|PRKCQ|PRKCZ,GPCR,systemic sex-steroid manipulation,estrogen receptor,hard exclusion: systemic sex-steroid manipulation
tanaproget,Phase 2,progesterone receptor agonist,PGR,GPCR,systemic sex-steroid manipulation,progesterone receptor,hard exclusion: systemic sex-steroid manipulation
tartaric-acid,Launched,antioxidant,,other / unclassified,,,no orderable sample (no SMILES or catalogue number)
TAS-103,Phase 1,topoisomerase inhibitor,TOP1,other / unclassified,broad cytotoxic chemotherapeutic,topoisomerase,hard exclusion: broad cytotoxic chemotherapeutic
tasquinimod,Phase 3,angiogenesis inhibitor|S100A9 inhibitor,HDAC4,other / unclassified,anti-angiogenic with juvenile growth-plate toxicity,angiogenesis inhibitor,hard exclusion: anti-angiogenic with juvenile growth-plate toxicity
tazarotene,Launched,retinoid receptor agonist,RARA|RARB|RARG|RXRB,GPCR,known plate-fusion or premature-remodeling hazard,RARA; RARB; RARG,hard exclusion: known plate-fusion or premature-remodeling hazard
TBA-354,Phase 1,,,other / unclassified,,,no annotated mechanism of action
TC-A-2317,Preclinical,Aurora kinase inhibitor,AURKA,kinase,Aurora inhibitor,Aurora,hard exclusion: Aurora inhibitor
TC-S-7005,Preclinical,PLK inhibitor,PLK2,other / unclassified,PLK inhibitor,PLK,hard exclusion: PLK inhibitor
TCID,Preclinical,,,other / unclassified,,,no annotated mechanism of action
TCS-2002,Preclinical,glycogen synthase kinase inhibitor,GSK3B,kinase; metabolic,GSK3 inhibition,glycogen synthase kinase,hard exclusion: GSK3 inhibition
tedizolid-phosphate,Launched,protein synthesis inhibitor,,other / unclassified,known to suppress chondrocyte proliferation,protein synthesis inhibitor,hard exclusion: known to suppress chondrocyte proliferation
telaprevir,Launched,HCV inhibitor,CTSA|PGR,other / unclassified,systemic sex-steroid manipulation,PGR,hard exclusion: systemic sex-steroid manipulation
telatinib,Phase 2,KIT inhibitor|PDGFR tyrosine kinase receptor inhibitor|VEGFR inhibitor,KDR,kinase; growth factor / cytokine,anti-angiogenic with juvenile growth-plate toxicity,VEGFR,hard exclusion: anti-angiogenic with juvenile growth-plate toxicity
temozolomide,Launched,DNA alkylating agent,MGMT,other / unclassified,broad cytotoxic chemotherapeutic,DNA alkylat,hard exclusion: broad cytotoxic chemotherapeutic
teniposide,Launched,topoisomerase inhibitor,TOP2A|TOP2B,other / unclassified,broad cytotoxic chemotherapeutic,topoisomerase,hard exclusion: broad cytotoxic chemotherapeutic
tenylidone,Preclinical,,,other / unclassified,,,no annotated mechanism of action
terameprocol,Phase 1/Phase 2,lipoxygenase inhibitor,BIRC5|CDK1,other / unclassified,survivin inhibitor,BIRC5,hard exclusion: survivin inhibitor
terciprazine,Phase 1,,,other / unclassified,,,no annotated mechanism of action
terpene,Preclinical,,,other / unclassified,,,no annotated mechanism of action
tetrahydrofolic-acid,Launched,,FOLR2,other / unclassified,,,no annotated mechanism of action
tetrahydropapaverine,Preclinical,,,other / unclassified,,,no annotated mechanism of action
tetramethylthiuram-monosulfide,Preclinical,,,other / unclassified,,,no annotated mechanism of action
tetroquinone,Preclinical,,,other / unclassified,,,no annotated mechanism of action
TG-02,Phase 1/Phase 2,CDK inhibitor|FLT3 inhibitor|JAK inhibitor,CDK1|CDK2|CDK7|CDK9|FLT3|JAK2,kinase,known to suppress chondrocyte proliferation,CDK1,hard exclusion: known to suppress chondrocyte proliferation
TG-100572,Preclinical,SRC inhibitor|VEGFR inhibitor,KDR|SRC,growth factor / cytokine,anti-angiogenic with juvenile growth-plate toxicity,VEGFR,hard exclusion: anti-angiogenic with juvenile growth-plate toxicity
TG-100801,Phase 2,SRC inhibitor|VEGFR inhibitor,CSK|FGFR1|FLT1|FLT4|KDR|SRC,growth factor / cytokine,anti-angiogenic with juvenile growth-plate toxicity,VEGFR,hard exclusion: anti-angiogenic with juvenile growth-plate toxicity
TH-302,Phase 3,DNA alkylating agent,,other / unclassified,broad cytotoxic chemotherapeutic,DNA alkylat,hard exclusion: broad cytotoxic chemotherapeutic
thiamine-pyrophosphate,Launched,,,other / unclassified,,,no annotated mechanism of action
thiodiglycol,Preclinical,,,other / unclassified,,,no annotated mechanism of action
thiophanate,Preclinical,,,other / unclassified,,,no annotated mechanism of action
thiostrepton,Launched,FOXM1 inhibitor|protein synthesis inhibitor,FOXM1,other / unclassified,known to suppress chondrocyte proliferation,protein synthesis inhibitor,hard exclusion: known to suppress chondrocyte proliferation
thiram,Launched,,JAK2,other / unclassified,,,no annotated mechanism of action
thymol-iodide,Preclinical,,,other / unclassified,,,no annotated mechanism of action
tiabendazole,Launched,angiogenesis inhibitor,,other / unclassified,anti-angiogenic with juvenile growth-plate toxicity,angiogenesis inhibitor,hard exclusion: anti-angiogenic with juvenile growth-plate toxicity
tibolone,Launched,androgen receptor agonist|estrogen receptor agonist|progesterone receptor agonist,ESR1,GPCR,systemic sex-steroid manipulation,estrogen receptor,hard exclusion: systemic sex-steroid manipulation
tideglusib,Phase 2,glycogen synthase kinase inhibitor,GSK3B,kinase; metabolic,GSK3 inhibition,glycogen synthase kinase,hard exclusion: GSK3 inhibition
tie2-kinase-inhibitor,Preclinical,TIE tyrosine kinase inhibitor,KDR|MAPK14,kinase,anti-angiogenic with juvenile growth-plate toxicity,KDR,hard exclusion: anti-angiogenic with juvenile growth-plate toxicity
tiludronate,Launched,bone resorption inhibitor|osteoclast inhibitor,ATP6V1A|MMP2|PTPN1,other / unclassified,direct V-ATPase poison,ATP6V1A,hard exclusion: direct V-ATPase poison
tiratricol,Launched,thyroid hormone stimulant,THRA|THRB,other / unclassified,known plate-fusion or premature-remodeling hazard,THRA; THRB,hard exclusion: known plate-fusion or premature-remodeling hazard
tivozanib,Launched,VEGFR inhibitor,FLT1|FLT4|KDR|KIT|PDGFRA|PDGFRB,growth factor / cytokine,anti-angiogenic with juvenile growth-plate toxicity,VEGFR,hard exclusion: anti-angiogenic with juvenile growth-plate toxicity
TMC647055,Phase 2,RNA polymerase inhibitor,,other / unclassified,known to suppress chondrocyte proliferation,RNA polymerase inhibitor,hard exclusion: known to suppress chondrocyte proliferation
TMPH,Preclinical,,,other / unclassified,,,no annotated mechanism of action
TMS,Preclinical,,,other / unclassified,,,no annotated mechanism of action
toceranib,Launched,protein tyrosine kinase inhibitor,FLT1|FLT3|KDR|PDGFRA|PDGFRB,kinase; growth factor / cytokine,anti-angiogenic with juvenile growth-plate toxicity,FLT1; KDR,hard exclusion: anti-angiogenic with juvenile growth-plate toxicity
tolonium,Launched,,,other / unclassified,,,no annotated mechanism of action
topilutamide,Preclinical,androgen receptor antagonist,,GPCR,systemic sex-steroid manipulation,androgen receptor,hard exclusion: systemic sex-steroid manipulation
topotecan,Launched,topoisomerase inhibitor,TOP1|TOP1MT,other / unclassified,broad cytotoxic chemotherapeutic,topoisomerase,hard exclusion: broad cytotoxic chemotherapeutic
toremifene,Launched,estrogen receptor antagonist|selective estrogen receptor modulator (SERM),ESR1,GPCR,systemic sex-steroid manipulation,estrogen receptor,hard exclusion: systemic sex-steroid manipulation
tozasertib,Phase 2,Aurora kinase inhibitor|Bcr-Abl kinase inhibitor|FLT3 inhibitor|JAK inhibitor,AURKA|AURKB|AURKC|LCK,kinase,Aurora inhibitor,Aurora,hard exclusion: Aurora inhibitor
TPPS4,Phase 1,,,other / unclassified,,,no annotated mechanism of action
tranilast,Launched,angiogenesis inhibitor,HPGDS|HRH1,other / unclassified,anti-angiogenic with juvenile growth-plate toxicity,angiogenesis inhibitor,hard exclusion: anti-angiogenic with juvenile growth-plate toxicity
"trans-10,cis-12-conjugated-linoleic-acid",Launched,,,other / unclassified,,,no annotated mechanism of action
trans-2-undecenoic-acid,Preclinical,,,other / unclassified,,,no annotated mechanism of action
"trans-4-[8-(3-fluorophenyl)-1,7-naphthyridin-6-yl]cyclohexanecarboxylic-acid",Preclinical,,,other / unclassified,,,no annotated mechanism of action
trans-4-hydroxycrotonic-acid,Preclinical,gamma hydroxybutyric acid ligand,,other / unclassified,,,no orderable sample (no SMILES or catalogue number)
trans-4-methoxycinnamic-acid,Preclinical,,,other / unclassified,,,no annotated mechanism of action
trebenzomine,Phase 2,,,other / unclassified,,,no annotated mechanism of action
treosulfan,Launched,DNA synthesis inhibitor,,other / unclassified,broad cytotoxic chemotherapeutic,DNA synthesis inhibitor,hard exclusion: broad cytotoxic chemotherapeutic
tretinoin,Launched,retinoid receptor agonist|retinoid receptor ligand,ALDH1A1|ALDH1A2|GPRC5A|NR0B1|NR2C2|PPARD|RARA|RARB|RARG|RARRES1|RORB|RORC|RXRB|RXRG,GPCR,known plate-fusion or premature-remodeling hazard,RARA; RARB; RARG,hard exclusion: known plate-fusion or premature-remodeling hazard
triacetin,Launched,,,other / unclassified,,,no annotated mechanism of action
triamcinolone,Launched,glucocorticoid receptor agonist,NR3C1,GPCR,systemic glucocorticoid manipulation,glucocorticoid receptor,hard exclusion: systemic glucocorticoid manipulation
triamcinolone-acetonide,Launched,glucocorticoid receptor agonist|immunosuppressant,NR3C1|SERPINA6,GPCR,systemic glucocorticoid manipulation,glucocorticoid receptor,hard exclusion: systemic glucocorticoid manipulation
triapine,Phase 2,ribonucleotide reductase inhibitor,RRM1|RRM2,metabolic,broad cytotoxic chemotherapeutic,ribonucleotide reductase,hard exclusion: broad cytotoxic chemotherapeutic
tribomsalan,Preclinical,,,other / unclassified,,,no annotated mechanism of action
tribromoethanol,Preclinical,analgesic agent,,other / unclassified,,,no orderable sample (no SMILES or catalogue number)
tricaprylin,Launched,,,other / unclassified,,,no annotated mechanism of action
trichloroacetic-acid,Launched,,,other / unclassified,,,no orderable sample (no SMILES or catalogue number)
trichloroethylene,Preclinical,,,other / unclassified,,,no orderable sample (no SMILES or catalogue number)
triclabendazole,Launched,microtubule inhibitor,DNMT1,other / unclassified,broad cytotoxic chemotherapeutic,microtubule,hard exclusion: broad cytotoxic chemotherapeutic
triclosan,Launched,antibacterial agent,DNMT1,other / unclassified,broad epigenetic poison,DNMT1,hard exclusion: broad epigenetic poison
trifluridine,Launched,DNA directed DNA polymerase inhibitor|thymidylate synthase inhibitor,TYMS,metabolic,broad cytotoxic chemotherapeutic,thymidylate synthase,hard exclusion: broad cytotoxic chemotherapeutic
trigonelline,Phase 1,,,other / unclassified,,,no annotated mechanism of action
TRIM,Preclinical,,,other / unclassified,,,no annotated mechanism of action
trimethoprim,Launched,dihydrofolate reductase inhibitor,DHFR|TYMS,metabolic,broad cytotoxic chemotherapeutic,TYMS,hard exclusion: broad cytotoxic chemotherapeutic
trimethylolpropane-triacrylate,Preclinical,,,other / unclassified,,,no annotated mechanism of action
trioxsalen,Launched,DNA synthesis inhibitor,,other / unclassified,broad cytotoxic chemotherapeutic,DNA synthesis inhibitor,hard exclusion: broad cytotoxic chemotherapeutic
triptolide,Phase 3,RNA polymerase inhibitor,RELA,other / unclassified,known to suppress chondrocyte proliferation,RNA polymerase inhibitor,hard exclusion: known to suppress chondrocyte proliferation
triptorelin,Launched,gonadotropin releasing factor hormone receptor agonist,GNRHR,GPCR,systemic sex-steroid manipulation,gonadotropin,hard exclusion: systemic sex-steroid manipulation
troclosene,Launched,,,other / unclassified,,,no annotated mechanism of action
trofosfamide,Launched,DNA alkylating agent,,other / unclassified,broad cytotoxic chemotherapeutic,DNA alkylat,hard exclusion: broad cytotoxic chemotherapeutic
troleandomycin,Launched,protein synthesis inhibitor,,other / unclassified,known to suppress chondrocyte proliferation,protein synthesis inhibitor,hard exclusion: known to suppress chondrocyte proliferation
trometamol,Launched,,AMD1|CANT1|DCN|NEIL1|VEGFA,growth factor / cytokine,,,no annotated mechanism of action
trovafloxacin,Withdrawn,bacterial DNA gyrase inhibitor,TOP2A,other / unclassified,broad cytotoxic chemotherapeutic,TOP2A,hard exclusion: broad cytotoxic chemotherapeutic
troventol,Phase 1,,,other / unclassified,,,no annotated mechanism of action
TTNPB,Phase 1,retinoid receptor agonist,RARA|RARB|RARG,GPCR,known plate-fusion or premature-remodeling hazard,RARA; RARB; RARG,hard exclusion: known plate-fusion or premature-remodeling hazard
TU-2100,Phase 2,,,other / unclassified,,,no annotated mechanism of action
tuaminoheptane,Launched,,,other / unclassified,,,no annotated mechanism of action
TWS-119,Preclinical,glycogen synthase kinase inhibitor,GSK3B|JUN|MYC,kinase; metabolic,GSK3 inhibition,glycogen synthase kinase,hard exclusion: GSK3 inhibition
tylosin,Launched,protein synthesis inhibitor,,other / unclassified,known to suppress chondrocyte proliferation,protein synthesis inhibitor,hard exclusion: known to suppress chondrocyte proliferation
tymazoline,Launched,,,other / unclassified,,,no annotated mechanism of action
tyrphostin-AG-879,Preclinical,tyrosine kinase inhibitor,ERBB2|KDR|NTRK1,kinase,anti-angiogenic with juvenile growth-plate toxicity,KDR,hard exclusion: anti-angiogenic with juvenile growth-plate toxicity
U-0126,Preclinical,MEK inhibitor,AKT1|CHEK1|GSK3B|LCK|MAP2K1|MAP2K2|MAP2K7|MAPK1|MAPK11|MAPK12|MAPK14|MAPK8|PRKCA|RAF1|ROCK1|RPS6KB1|SGK1,kinase,GSK3 inhibition,GSK3B,hard exclusion: GSK3 inhibition
ulifloxacin,Launched,,,other / unclassified,,,no annotated mechanism of action
ulipristal,Launched,progesterone receptor antagonist,PGR,GPCR,systemic sex-steroid manipulation,progesterone receptor,hard exclusion: systemic sex-steroid manipulation
undecylenic-acid,Launched,other antifungal,,other / unclassified,,,no orderable sample (no SMILES or catalogue number)
uracil,Launched,,DPYD|UCKL1,other / unclassified,,,no annotated mechanism of action
uracil-mustard,Launched,DNA synthesis inhibitor,,other / unclassified,broad cytotoxic chemotherapeutic,DNA synthesis inhibitor,hard exclusion: broad cytotoxic chemotherapeutic
urethane,Preclinical,local anesthetic,,other / unclassified,,,no orderable sample (no SMILES or catalogue number)
uric-acid,Phase 3,,PYGL,other / unclassified,,,no annotated mechanism of action
uridine-triacetate,Launched,,,other / unclassified,,,no annotated mechanism of action
ursolic-acid,Phase 2/Phase 3,ATPase inhibitor|NFkB pathway inhibitor|STAT inhibitor,HSD11B1|PLA2G1B|PTPN1|PYGM,other / unclassified,systemic glucocorticoid manipulation,HSD11B1,hard exclusion: systemic glucocorticoid manipulation
valganciclovir,Launched,DNA synthesis inhibitor,,other / unclassified,broad cytotoxic chemotherapeutic,DNA synthesis inhibitor,hard exclusion: broad cytotoxic chemotherapeutic
valrocemide,Phase 2,,,other / unclassified,,,no annotated mechanism of action
valrubicin,Launched,DNA inhibitor|topoisomerase inhibitor,TOP2A,other / unclassified,broad cytotoxic chemotherapeutic,topoisomerase,hard exclusion: broad cytotoxic chemotherapeutic
vandetanib,Launched,EGFR inhibitor|RET tyrosine kinase inhibitor|VEGFR inhibitor,EGFR|EPHA1|EPHA10|EPHA2|EPHA3|EPHA4|EPHA5|EPHA6|EPHA7|EPHA8|EPHB1|EPHB2|EPHB3|EPHB4|EPHB6|ERBB2|ERBB3|ERBB4|FLT1|FLT4|KDR|PTK6|RET|SRC|TEK|VEGFA,kinase; growth factor / cytokine,anti-angiogenic with juvenile growth-plate toxicity,VEGFR,hard exclusion: anti-angiogenic with juvenile growth-plate toxicity
vanillin,Preclinical,,ABAT|ALDH5A1,other / unclassified,,,no annotated mechanism of action
vanillylacetone,Preclinical,,,other / unclassified,,,no annotated mechanism of action
vanitiolide,Preclinical,,,other / unclassified,,,no annotated mechanism of action
vatalanib,Phase 3,KIT inhibitor|PDGFR tyrosine kinase receptor inhibitor|VEGFR inhibitor,EGFR|FLT1|FLT4|KDR|PDGFRB,kinase; growth factor / cytokine,anti-angiogenic with juvenile growth-plate toxicity,VEGFR,hard exclusion: anti-angiogenic with juvenile growth-plate toxicity
velaresol,Preclinical,,,other / unclassified,,,no annotated mechanism of action
verubulin,Phase 2,tubulin polymerization inhibitor,TUBB,mechanotransduction,broad cytotoxic chemotherapeutic,tubulin polymerization inhibitor,hard exclusion: broad cytotoxic chemotherapeutic
vinblastine,Launched,microtubule inhibitor|tubulin polymerization inhibitor,JUN|TUBA1A|TUBB|TUBD1|TUBE1|TUBG1,mechanotransduction,broad cytotoxic chemotherapeutic,tubulin polymerization inhibitor,hard exclusion: broad cytotoxic chemotherapeutic
vincristine,Launched,tubulin polymerization inhibitor,TUBA4A|TUBB,mechanotransduction,broad cytotoxic chemotherapeutic,tubulin polymerization inhibitor,hard exclusion: broad cytotoxic chemotherapeutic
vindesine,Launched,tubulin polymerization inhibitor,TUBB|TUBB1,mechanotransduction,broad cytotoxic chemotherapeutic,tubulin polymerization inhibitor,hard exclusion: broad cytotoxic chemotherapeutic
vinflunine,Launched,microtubule inhibitor,,other / unclassified,broad cytotoxic chemotherapeutic,microtubule,hard exclusion: broad cytotoxic chemotherapeutic
vinorelbine,Launched,tubulin polymerization inhibitor,TUBA1A|TUBA1B|TUBA1C|TUBA3C|TUBA3D|TUBA3E|TUBA4A|TUBB|TUBB1|TUBB2A|TUBB2B|TUBB3|TUBB4A|TUBB4B|TUBB6|TUBB8,mechanotransduction,broad cytotoxic chemotherapeutic,tubulin polymerization inhibitor,hard exclusion: broad cytotoxic chemotherapeutic
viomycin,Launched,protein synthesis inhibitor,,other / unclassified,known to suppress chondrocyte proliferation,protein synthesis inhibitor,hard exclusion: known to suppress chondrocyte proliferation
vitamin-B12,Launched,,,other / unclassified,,,no annotated mechanism of action
volasertib,Phase 3,PLK inhibitor,PLK1,other / unclassified,PLK inhibitor,PLK,hard exclusion: PLK inhibitor
voreloxin,Phase 3,topoisomerase inhibitor,TOP2A,other / unclassified,broad cytotoxic chemotherapeutic,topoisomerase,hard exclusion: broad cytotoxic chemotherapeutic
WAY-200070,Preclinical,estrogen receptor agonist,ERBB2|ERBB3|ERBB4|ESR2,GPCR,systemic sex-steroid manipulation,estrogen receptor,hard exclusion: systemic sex-steroid manipulation
WAY-207024,Preclinical,gonadotropin releasing factor hormone receptor antagonist,GNRHR|HRH2|TACR2,GPCR,systemic sex-steroid manipulation,gonadotropin,hard exclusion: systemic sex-steroid manipulation
WAY-255348,Preclinical,progesterone receptor antagonist,,GPCR,systemic sex-steroid manipulation,progesterone receptor,hard exclusion: systemic sex-steroid manipulation
wortmannin,Preclinical,PI3K inhibitor,PI4KA|PI4KB|PIK3CA|PIK3CD|PIK3CG|PIK3R1|PLK1|PRKDC,kinase,PLK inhibitor,PLK1,hard exclusion: PLK inhibitor
WP921,Preclinical,,,other / unclassified,,,no annotated mechanism of action
WR99210,Preclinical,dihydrofolate reductase inhibitor,TYMS,metabolic,broad cytotoxic chemotherapeutic,TYMS,hard exclusion: broad cytotoxic chemotherapeutic
xenalipin,Phase 2,,,other / unclassified,,,no annotated mechanism of action
xilobam,Phase 1,,,other / unclassified,,,no annotated mechanism of action
XL647,Phase 3,EGFR inhibitor|VEGFR inhibitor,EGFR|EPHB4|ERBB2|FLT4|KDR,growth factor / cytokine,anti-angiogenic with juvenile growth-plate toxicity,VEGFR,hard exclusion: anti-angiogenic with juvenile growth-plate toxicity
XMD8-92,Preclinical,MAP kinase inhibitor,DCLK2|MAPK7|PLK4|TNK1,kinase,PLK inhibitor,PLK4,hard exclusion: PLK inhibitor
xylose,Launched,,,other / unclassified,,,no annotated mechanism of action
Y-134,Preclinical,estrogen receptor antagonist,ESR1|ESR2,GPCR,systemic sex-steroid manipulation,estrogen receptor,hard exclusion: systemic sex-steroid manipulation
YM-155,Phase 2,survivin inhibitor,BIRC5,other / unclassified,survivin inhibitor,survivin,hard exclusion: survivin inhibitor
YM-511,Phase 2,aromatase inhibitor,CYP19A1,other / unclassified,systemic sex-steroid manipulation,aromatase,hard exclusion: systemic sex-steroid manipulation
ZAMI-633,Phase 3,urease inhibitor,,other / unclassified,,,no orderable sample (no SMILES or catalogue number)
ZAPA,Preclinical,,,other / unclassified,,,no orderable sample (no SMILES or catalogue number)
zeatin,Phase 1,,,other / unclassified,,,no annotated mechanism of action
zebularine,Preclinical,DNA methyltransferase inhibitor,CDA|DNMT1,epigenetic (selective probe),broad epigenetic poison,DNA methyltransferase inhibitor,hard exclusion: broad epigenetic poison
zinc-undecylenate,Launched,other antifungal,,other / unclassified,,,no orderable sample (no SMILES or catalogue number)
ZK-164015,Preclinical,estrogen receptor antagonist,ESR1|ESR2,GPCR,systemic sex-steroid manipulation,estrogen receptor,hard exclusion: systemic sex-steroid manipulation
ZLN005,Preclinical,,,other / unclassified,,,no annotated mechanism of action
ZM-306416,Preclinical,Abl kinase inhibitor|SRC inhibitor|VEGFR inhibitor,EGFR|FLT1|FLT4|KDR,kinase; growth factor / cytokine,anti-angiogenic with juvenile growth-plate toxicity,VEGFR,hard exclusion: anti-angiogenic with juvenile growth-plate toxicity
ZM-323881,Preclinical,VEGFR inhibitor,KDR,growth factor / cytokine,anti-angiogenic with juvenile growth-plate toxicity,VEGFR,hard exclusion: anti-angiogenic with juvenile growth-plate toxicity
ZM-447439,Preclinical,Aurora kinase inhibitor,AURKA|AURKB,kinase,Aurora inhibitor,Aurora,hard exclusion: Aurora inhibitor
zoledronic-acid,Launched,bone resorption inhibitor,FDPS|GGPS1,other / unclassified,,,no orderable sample (no SMILES or catalogue number)
zometapine,Phase 2,,,other / unclassified,,,no annotated mechanism of action
zopolrestat,Phase 2,,AKR1B1|AKR1B10,other / unclassified,,,no annotated mechanism of action
"1,4-butanediol",Phase 1,benzodiazepine receptor agonist|gamma hydroxybutyric acid agonist,MAN1B1|PLA2G2A|PLA2G2E,GPCR,,,no orderable sample (no SMILES or catalogue number)
"1,5-dicaffeoylquinic-acid",Phase 1,,,other / unclassified,,,no annotated mechanism of action
"1-((Z)-3-chloroallyl)-1,3,5,7-tetraazaadamantan-1-ium",Preclinical,,,other / unclassified,,,no annotated mechanism of action
1-(2-chloro-5-methylphenoxy)-3-(isopropylamino)-2-propanol,Preclinical,,,other / unclassified,,,no annotated mechanism of action
1-azakenpaullone,Preclinical,glycogen synthase kinase inhibitor,CCNB1|CDK1|CDK5|GSK3B,kinase; metabolic,GSK3 inhibition,glycogen synthase kinase,hard exclusion: GSK3 inhibition
1-hexadecanol,Launched,,,other / unclassified,,,no orderable sample (no SMILES or catalogue number)
1-octacosanol,Phase 2,,,other / unclassified,,,no annotated mechanism of action
1-octanol,Phase 2,,GJA1|GJA10|GJA3|GJA4|GJA5|GJA8|GJA9|GJB1|GJB2|GJB3|GJB4|GJB5|GJB6|GJB7|GJC1|GJC2|GJC3|GJD2|GJD3|GJD4|GJE1,other / unclassified,,,no orderable sample (no SMILES or catalogue number)
1E-1-(2-hydroxy-5-methylphenyl)-1-dodecanone-oxime,Preclinical,,,other / unclassified,,,no annotated mechanism of action
10-hydroxycamptothecin,Preclinical,topoisomerase inhibitor,TOP1,other / unclassified,broad cytotoxic chemotherapeutic,topoisomerase,hard exclusion: broad cytotoxic chemotherapeutic
17-hydroxyprogesterone-caproate,Launched,progesterone receptor agonist,AR|ESR1|ESR2|NR1H4|NR1I2|NR3C1|PGR,GPCR,systemic sex-steroid manipulation,progesterone receptor,hard exclusion: systemic sex-steroid manipulation
17-PA,Preclinical,glucocorticoid receptor agonist,,GPCR,systemic glucocorticoid manipulation,glucocorticoid receptor,hard exclusion: systemic glucocorticoid manipulation
"2,3-cis/exo-camphanediol",Phase 1,,,other / unclassified,,,no annotated mechanism of action
"2,3-cis/exo-pinanediol",Phase 1,,,other / unclassified,,,no annotated mechanism of action
"2,6-dimethylpiperidine",Preclinical,,,other / unclassified,,,no orderable sample (no SMILES or catalogue number)
"2-(chloromethyl)-5,6,7,8-tetrahydro[1]benzothieno[2,3-d]pyrimidin-4(3H)-one",Preclinical,,,other / unclassified,,,no annotated mechanism of action
2-(1-adamantylamino)benzoic-acid,Preclinical,,,other / unclassified,,,no annotated mechanism of action
2-chloropyrazine,Preclinical,,,other / unclassified,,,no annotated mechanism of action
2-deoxy-2-([methyl(nitroso)carbamoyl]amino)hexose,Preclinical,,,other / unclassified,,,no annotated mechanism of action
"2-ethyl-1,3-hexanediol",Preclinical,,,other / unclassified,,,no orderable sample (no SMILES or catalogue number)
2-fluoro-2-deoxy-D-galactose,Phase 1,,LCT,other / unclassified,,,no annotated mechanism of action
2-fluorofucose,Phase 1,,,other / unclassified,,,no annotated mechanism of action
"2-hydroxy-4-((E)-3-(4-hydroxyphenyl)acryloyl)-2-((2R,3R,4S,5S,6R)-3,4,5-trihydroxy-6-(hydroxymethyl)tetrahydro-2H-pyran-2-yl)-6-((2S,3R,4R,5S,6R)-3,4,5-trihydroxy-6-(hydroxymethyl)tetrahydro-2H-pyran-2-yl)cyclohexane-1,3,5-trione",Preclinical,,,other / unclassified,,,no annotated mechanism of action
2-hydroxyethyl-salicylate,Launched,,,other / unclassified,,,no annotated mechanism of action
2-hydroxyflutamide,Phase 2,androgen receptor antagonist,AR,GPCR,systemic sex-steroid manipulation,androgen receptor,hard exclusion: systemic sex-steroid manipulation
2-iodohippuric-acid,Preclinical,,,other / unclassified,,,no annotated mechanism of action
2-methoxyestradiol,Phase 2,hypoxia inducible factor inhibitor,COMT|CYP19A1|CYP1A1|CYP1B1|HIF1A|TUBB,other / unclassified,systemic sex-steroid manipulation,CYP19A1,hard exclusion: systemic sex-steroid manipulation
2-methyl-5-nitrophenol,Preclinical,,,other / unclassified,,,no annotated mechanism of action
2-octyldodecan-1-ol,Preclinical,,,other / unclassified,,,no orderable sample (no SMILES or catalogue number)
2-oxoglutaric-acid,Preclinical,,OXGR1,other / unclassified,,,no orderable sample (no SMILES or catalogue number)
2-thiouracil,Preclinical,,,other / unclassified,,,no annotated mechanism of action
"3,3'-diindolylmethane",Phase 3,"CHK inhibitor|cytochrome P450 activator|indoleamine 2,3-dioxygenase inhibitor",AR|HIF1A|IFNG|PI3,other / unclassified,systemic sex-steroid manipulation,AR,hard exclusion: systemic sex-steroid manipulation
3-alpha-hydroxy-5-beta-androstan-17-one,Preclinical,,HSD17B11|IGHG2|SULT2A1,other / unclassified,,,no annotated mechanism of action
3-anilinopropan-1-ol,Preclinical,,,other / unclassified,,,no annotated mechanism of action
3-bromocamphor,Launched,,,other / unclassified,,,no annotated mechanism of action
3-indolebutyric-acid,Preclinical,,B2M|HLA-A|TRAC|TRBC1,other / unclassified,,,no annotated mechanism of action
"4,4'-DDT",Preclinical,,,other / unclassified,,,no annotated mechanism of action
"4,5,6,7-tetrabromobenzotriazole",Preclinical,casein kinase inhibitor,AKT1|CHEK1|CSNK2A1|GSK3B|LCK|MAP2K1|MAPK1|MAPK11|MAPK12|MAPK14|MAPK8|PRKCA|ROCK1|RPS6KB1|SGK1,kinase,GSK3 inhibition,GSK3B,hard exclusion: GSK3 inhibition
4-aminohippuric-acid,Launched,,SLC22A6,transporter,,,no annotated mechanism of action
4-galactosyllactose,Preclinical,,,other / unclassified,,,no annotated mechanism of action
4-hydroxy-phenazone,Preclinical,,,other / unclassified,,,no annotated mechanism of action
4-iodo-L-phenylalanine,Preclinical,,DPP4,other / unclassified,,,no annotated mechanism of action
4-methylgenistein,Preclinical,protein tyrosine kinase inhibitor,CYP19A1|ESRRA|ESRRB|ESRRG|FASN,kinase,systemic sex-steroid manipulation,CYP19A1,hard exclusion: systemic sex-steroid manipulation
4-phenolsulfonic-acid,Preclinical,,,other / unclassified,,,no annotated mechanism of action
4-propylbenzoic-acid,Preclinical,,,other / unclassified,,,no annotated mechanism of action
4-pyrimidinecarbonitrile,Preclinical,,,other / unclassified,,,no annotated mechanism of action
4-tert-butylphenol,Preclinical,,,other / unclassified,,,no annotated mechanism of action
4EGI-1,Preclinical,protein synthesis inhibitor,EIF4E,other / unclassified,known to suppress chondrocyte proliferation,protein synthesis inhibitor,hard exclusion: known to suppress chondrocyte proliferation
4E1RCat,Preclinical,protein synthesis inhibitor,EIF4E|EIF4G1,other / unclassified,known to suppress chondrocyte proliferation,protein synthesis inhibitor,hard exclusion: known to suppress chondrocyte proliferation
"5-(4chlorophenyl)-4-ethyl-2,4-dihydro-3H-1,2,4-triazol-3-one",Preclinical,,,other / unclassified,,,no annotated mechanism of action
"5-amino-3-D-ribofuranosylthiazolo[4,5-d]pyrimidin-2,7(3H,6H)-dione",Preclinical,,TLR7,other / unclassified,,,no annotated mechanism of action
5-fluoro-3-pyridyl-methanol,Preclinical,,,other / unclassified,,,no annotated mechanism of action
5-fluorouracil,Launched,thymidylate synthase inhibitor,DPYD|TYMS,metabolic,broad cytotoxic chemotherapeutic,thymidylate synthase,hard exclusion: broad cytotoxic chemotherapeutic
5-FP,Phase 1,thymidylate synthase inhibitor,TYMS,metabolic,broad cytotoxic chemotherapeutic,thymidylate synthase,hard exclusion: broad cytotoxic chemotherapeutic
5-HMF,Phase 2,,,other / unclassified,,,no annotated mechanism of action
5-hydroxydecanoic-acid,Preclinical,,,other / unclassified,,,no annotated mechanism of action
5-hydroxyectoine,Preclinical,,,other / unclassified,,,no annotated mechanism of action
5-methylhydantoin-(D),Preclinical,,,other / unclassified,,,no annotated mechanism of action
5-methylhydantoin-(L),Preclinical,,,other / unclassified,,,no annotated mechanism of action
6-aminopenicillanic-acid,Preclinical,,,other / unclassified,,,no annotated mechanism of action
"7,8,9,10-tetrahydroazepino[2,1-b]quinazolin-12(6H)-one",Preclinical,,,other / unclassified,,,no annotated mechanism of action
7-hydroxystaurosporine,Phase 2,CDK inhibitor|CHK inhibitor|PKC inhibitor,CDK1|CHEK1|CHEK2|GSK3B|LCK|MAPK14|MARK1|MARK3|PDPK1|PRKCA|PRKCB|PRKCD|PRKCE|PRKCG,kinase,GSK3 inhibition,GSK3B,hard exclusion: GSK3 inhibition
80841-78-7,Preclinical,,,other / unclassified,,,no annotated mechanism of action
9-aminoacridine,Preclinical,,,other / unclassified,,,no annotated mechanism of action
9-aminocamptothecin,Phase 2,topoisomerase inhibitor,TOP1,other / unclassified,broad cytotoxic chemotherapeutic,topoisomerase,hard exclusion: broad cytotoxic chemotherapeutic
9-anthracenecarboxylic-acid,Preclinical,,ANO1|CLCN1,other / unclassified,,,no annotated mechanism of action
