pert_iname,broad_id,InChIKey,pubchem_cid,chembl_id,smiles,clinical_phase,chembl_max_phase,moa,chembl_mechanisms,chembl_action_types,target,primary_target,n_targets,mechanism_family,family_primary,role,canonical_pathway,gtopdb_ligand_id,gtopdb_top_affinity,gtopdb_affinity_parameter,gtopdb_species,expected_mass,vendor,catalog_no,vendor_name,purity,pubmed_total,cartilage_bone_records,metatarsal_records,known_cartilage_evidence,lit_proliferation,lit_apoptosis,lit_matrix_secretion,lit_hypertrophy,lit_angiogenesis,lit_developmental_toxicity,known_effect_proliferation,known_effect_apoptosis,known_effect_matrix,known_effect_hypertrophy,known_effect_angiogenesis,known_developmental_toxicity,human_exposure_precedent,orthogonal_compound_available,close_analogue_different_target,mechanism_already_represented,disease_area,indication
abacavir,BRD-K17443395-065-02-2,MCGSCOLBFJQGHM-SCZZXKLOSA-N,441300.0,CHEMBL4303288,Nc1nc(NC2CC2)c2ncn([C@@H]3C[C@H](CO)C=C3)c2n1 |c:18|,Launched,4.0,nucleoside reverse transcriptase inhibitor,Human immunodeficiency virus type 1 reverse transcriptase inhibitor [INHIBITOR],INHIBITOR,,,0,other / unclassified,other / unclassified,discovery compound,,11152.0,,,,286.154,MicroSource,1502410,ABACAVIR SULFATE,98.81,13995,151,28,True,1710,1673,540,5,2122,345,True,True,True,True,True,True,True,True,False,False,infectious disease,human immunodeficiency virus (HIV-1)
acitazanolast,BRD-K74236708-001-02-7,VWQZJJZGISNFOE-UHFFFAOYSA-N,2006.0,CHEMBL2104654,OC(=O)C(=O)Nc1cccc(c1)-c1nn[nH]n1,Launched,2.0,mediator release inhibitor,,,,,0,other / unclassified,other / unclassified,discovery compound,,,,,,233.055,LifeChem,F2119-0003,oxo[3-(1H-tetraazol-5-yl)anilino]acetic acid,96.68,13,0,0,False,0,0,0,0,2,0,False,False,False,False,True,False,True,True,False,True,allergy,allergic rhinitis
acrisorcin,BRD-M49658242-001-04-1,YZODJQFXMFEJRM-UHFFFAOYSA-N,24144.0,CHEMBL1201038,CCCCCCc1ccc(O)cc1O.Nc1c2ccccc2nc2ccccc12,Launched,4.0,other antifungal,Unknown [None],,,,0,other / unclassified,other / unclassified,discovery compound,,,,,,388.215,MicroSource,1504218,ACRISORCIN,61.47,22,0,1,False,9,11,3,0,3,0,True,True,True,False,True,False,True,True,False,True,infectious disease,fungal infection
actarit,BRD-K33483813-001-10-0,MROJXXOCABQVEF-UHFFFAOYSA-N,2018.0,CHEMBL1885632,CC(=O)Nc1ccc(CC(O)=O)cc1,Launched,2.0,interleukin receptor agonist,,,,,0,GPCR; growth factor / cytokine,GPCR,discovery compound,,,,,,193.074,MicroSource,1502413,ACTARIT,96.94,107,14,0,True,26,22,13,0,27,1,True,True,True,False,True,True,True,True,False,True,rheumatology,rheumatoid arthritis
adefovir,BRD-K77484724-001-03-8,SUPKOOSCJHTBAH-UHFFFAOYSA-N,60172.0,CHEMBL922,Nc1ncnc2n(CCOCP(O)(O)=O)cnc12,Launched,4.0,DNA polymerase inhibitor,DNA polymerase/reverse transcriptase inhibitor [INHIBITOR],INHIBITOR,,,0,other / unclassified,other / unclassified,discovery compound,,,,,,273.063,Sigma,MFCD00866943,[2-(6-amino-9H-purin-9-yl)ethoxy]methylphosphonic acid,99.1,7080,74,19,True,1155,1006,427,2,770,161,True,True,True,True,True,True,True,True,False,True,infectious disease,hepatitis B
adefovir-dipivoxil,BRD-K96159438-001-08-9,WOZSCQDILHKSGG-UHFFFAOYSA-N,60871.0,CHEMBL922,CC(C)(C)C(=O)OCOP(=O)(COCCn1cnc2c(N)ncnc12)OCOC(=O)C(C)(C)C,Launched,4.0,DNA polymerase inhibitor,DNA polymerase/reverse transcriptase inhibitor [INHIBITOR],INHIBITOR,,,0,other / unclassified,other / unclassified,discovery compound,,,,,,501.199,MedChemEx,HY-B0255,Adefovir dipivoxil,90.59,2653,22,6,True,403,338,139,0,256,56,True,True,True,False,True,True,True,True,False,True,infectious disease,hepatitis B
adelmidrol,BRD-K78097265-001-02-9,PAHZPHDAJQIETD-UHFFFAOYSA-N,176874.0,CHEMBL2105967,OCCNC(=O)CCCCCCCC(=O)NCCO,Launched,2.0,anti-inflammatory agent,,,,,0,other / unclassified,other / unclassified,discovery compound,,,,,,274.189,MedChemEx,HY-B1026,Adelmidrol,88.06,97,11,6,True,36,28,35,0,35,0,True,True,True,False,True,False,True,True,False,True,dermatology,dermatitis
ademetionine,BRD-K78185697-001-02-5,MEFKEPWMEQBLKI-AIRLBKTGSA-O,34756.0,CHEMBL1088977,C[S+](CC[C@H](N)C(O)=O)C[C@H]1O[C@H]([C@H](O)[C@@H]1O)n1cnc2c(N)ncnc12,Launched,3.0,methyltransferase stimulant|phosphodiesterase inhibitor,,,,,0,epigenetic (selective probe),epigenetic (selective probe),discovery compound,,4786.0,,,,399.145,MedChemEx,HY-B0617,Ademetionine,0.0,329,6,0,True,76,56,24,0,90,8,True,True,True,False,True,True,True,True,False,True,neurology/psychiatry,depression|attention-deficit/hyperactivity disorder (ADHD)
adrafinil,BRD-A90926615-001-02-7,CGNMLOKEMNBUAI-HXUWFJFHSA-N,25271624.0,CHEMBL93077,ONC(=O)C[S@@](=O)C(c1ccccc1)c1ccccc1 |r|,Launched,2.0,adrenergic receptor agonist,,,,,0,GPCR,GPCR,discovery compound,,,,,,289.077,MedChemEx,HY-17549,Adrafinil,96.69,90,1,0,True,0,3,3,0,13,1,False,True,True,False,True,True,True,True,False,True,neurology/psychiatry,fatigue
afamelanotide,BRD-K00003330-001-01-9,UAHFGYDRQSXQEB-LEBBXHLNSA-N,91898441.0,CHEMBL4297213,CCCC[C@H](NC(=O)[C@H](CO)NC(=O)[C@H](Cc1ccc(O)cc1)NC(=O)[C@H](CO)NC(C)=O)C(=O)N[C@@H](CCC(O)=O)C(=O)N[C@@H](Cc1cnc[nH]1)C(=O)N[C@H](Cc1ccccc1)C(=O)N[C@@H](CCCNC(N)=N)C(=O)N[C@@H](Cc1c[nH]c2ccccc12)C(=O)NCC(=O)N[C@@H](CCCCN)C(=O)N1CCC[C@H]1C(=O)N[C@@H](C(C)C)C(N)=O,Launched,4.0,melanocyte-stimulating hormone mimetic,Melanocortin receptor 1 agonist [AGONIST],AGONIST,,,0,other / unclassified,other / unclassified,discovery compound,,1324.0,10.0,pIC50,Human,1645.837,MedChemEx,HY-N2466,Melanotan I,78.21,397,14,2,True,117,105,61,0,97,12,True,True,True,False,True,True,True,True,False,True,,
afloqualone,BRD-K69247067-001-01-8,VDOSWXIDETXFET-UHFFFAOYSA-N,2040.0,CHEMBL2105918,Cc1ccccc1-n1c(CF)nc2ccc(N)cc2c1=O,Launched,2.0,acetylcholine receptor antagonist,,,,,0,GPCR,GPCR,discovery compound,,,,,,283.112,AKSci,67719,,97.87,107,1,0,True,14,13,8,0,23,1,True,True,True,False,True,True,True,True,False,True,neurology/psychiatry,sedative
afobazole,BRD-K37793595-003-01-7,WWNUCVSRRUDYPP-UHFFFAOYSA-N,9862937.0,CHEMBL3707307,CCOc1ccc2nc(SCCN3CCOCC3)[nH]c2c1,Launched,3.0,anxiolytic,,,,,0,other / unclassified,other / unclassified,discovery compound,,,,,,307.135,MedChemEx,HY-14895A,Afobazole (hydrochloride),98.16,163,0,0,False,27,42,6,0,28,3,True,True,True,False,True,True,True,True,False,True,neurology/psychiatry,anxiety
AGP-103,BRD-K91495480-001-03-9,UKMSUNONTOPOIO-UHFFFAOYSA-N,8215.0,CHEMBL3663409,CCCCCCCCCCCCCCCCCCCCCC(O)=O,Launched,,membrane permeability inhibitor,,,,,0,other / unclassified,other / unclassified,discovery compound,,,,,,340.334,Sigma,MFCD00002807,Behenic acid,100.0,2,0,0,False,0,0,0,0,0,0,False,False,False,False,False,False,True,True,False,True,,
ajmaline,BRD-K00005347-001-01-9,CJDRUOGAGYHKKD-BDXZSHBPSA-N,98054312.0,CHEMBL5314404,[H][C@]12C[C@]34[C@H](O)[C@@]1([H])[C@]1([H])C[C@]([H])(N2[C@H](O)[C@@]1([H])CC)[C@]3([H])N(C)c1ccccc41,Launched,3.0,sodium channel blocker,,,,,0,ion channel,ion channel,discovery compound,,,,,,326.199,Toronto,a448000,ajmaline,93.33,2656,17,7,True,165,149,124,1,343,22,True,True,True,True,True,True,True,True,False,True,cardiology,Wolff-Parkinson-White Syndrome (WPW)
albendazole-oxide,BRD-A67060370-001-02-9,VXTGHWHFYNYFFV-LJQANCHMSA-N,13805917.0,CHEMBL1665,CCC[S@@](=O)c1ccc2nc(NC(=O)OC)[nH]c2c1 |r|,Launched,2.0,anthelmintic agent,,,,,0,other / unclassified,other / unclassified,discovery compound,,,,,,281.083,Selleck,S1836,Albendazole Oxide,97.13,16,1,0,True,4,1,0,0,1,2,True,True,False,False,True,True,True,True,False,True,infectious disease,cystic hydatid disease|parenchymal neurocysticercosis
alibendol,BRD-K60102752-001-02-2,UMJHTFHIQDEGKB-UHFFFAOYSA-N,71916.0,CHEMBL2105999,COc1cc(CC=C)cc(C(=O)NCCO)c1O,Launched,2.0,antispasmodic,,,,,0,other / unclassified,other / unclassified,discovery compound,,,,,,251.116,Selleck,S1928,Alibendol,97.28,14,1,0,True,1,0,0,0,2,0,True,False,False,False,True,False,True,True,False,True,gastroenterology,bile stimulation
alizapride,BRD-K00003607-003-01-9,KSEYRUGYKHXGFW-LLVKDONJSA-N,25323018.0,CHEMBL290194,"COc1cc2[nH]nnc2cc1C(=O)NC[C@H]1CCCN1CC=C |&1:15,r|",Launched,3.0,dopamine receptor antagonist,Dopamine D2 receptor antagonist [ANTAGONIST],ANTAGONIST,,,0,GPCR,GPCR,discovery compound,,11141.0,,,,315.17,MedChemEx,HY-A0125A,Alizapride hydrochloride,97.78,272,9,0,True,27,29,14,0,54,8,True,True,True,False,True,True,True,True,False,True,gastroenterology,nausea
allantoin,BRD-A96407378-001-15-1,POJWUDADGALRAB-SFOWXEAESA-N,439714.0,CHEMBL593429,NC(=O)N[C@H]1NC(=O)NC1=O |r|,Launched,2.0,cosmetic,,,,,0,other / unclassified,other / unclassified,discovery compound,,,,,,158.044,MicroSource,1500801,ALLANTOIN,97.81,8821,297,47,True,1972,1530,1091,8,1737,82,True,True,True,True,True,True,True,True,False,True,dermatology,skin protectant
alpha-tochopherol,BRD-A82892199-001-04-1,GVJHHUAWPYXKBD-QLVXXPONSA-N,1548900.0,CHEMBL49563,"CC(C)CCC[C@@H](C)CCC[C@@H](C)CCC[C@@]1(C)CCc2c(C)c(O)c(C)c(C)c2O1 |&1:6,&2:11,&3:16,r|",Launched,,antioxidant,,,,,0,other / unclassified,other / unclassified,discovery compound,,,,,,430.381,MicroSource,310039,alpha-TOCHOPHEROL [4 mM],65.25,34,0,0,False,6,8,4,0,5,0,True,True,True,False,True,False,True,True,False,True,endocrinology,vitamin E deficiency
alpha-tochopheryl-acetate,BRD-A61850409-001-10-7,ZAKOWWREFLAJOT-PKIAKLFDSA-N,9804881.0,CHEMBL247481,"CC(C)CCC[C@@H](C)CCC[C@@H](C)CCC[C@@]1(C)CCc2c(C)c(OC(C)=O)c(C)c(C)c2O1 |&1:6,&2:11,&3:16,r|",Launched,,antioxidant,,,,,0,other / unclassified,other / unclassified,discovery compound,,,,,,472.392,MicroSource,310040,alpha-TOCHOPHERYL ACETATE [4mM],93.36,4,0,0,False,3,2,0,0,1,0,True,True,False,False,True,False,True,True,False,True,endocrinology,vitamin E deficiency
althiazide,BRD-A56675431-001-12-3,VGLGVJVUHYTIIU-LLVKDONJSA-N,6604323.0,CHEMBL599870,"NS(=O)(=O)c1cc2c(N[C@@H](CSCC=C)NS2(=O)=O)cc1Cl |&1:9,r|",Launched,2.0,diuretic,,,,,0,other / unclassified,other / unclassified,discovery compound,,,,,,382.983,MicroSource,1500804,ALTHIAZIDE,99.56,62,2,0,True,2,2,1,0,8,2,True,True,True,False,True,True,True,True,False,True,cardiology,hypertension
amdinocillin,BRD-K41051431-001-02-4,BWWVAEOLVKTZFQ-ISVUSNJMSA-N,,CHEMBL530,CC1(C)S[C@@H]2[C@H](\N=C\N3CCCCCC3)C(=O)N2[C@H]1C(O)=O,Launched,4.0,bacterial cell wall synthesis inhibitor,Bacterial penicillin-binding protein 2 inhibitor [INHIBITOR],INHIBITOR,,,0,other / unclassified,other / unclassified,discovery compound,,12813.0,,,,325.146,Sigma,MFCD00056869,"(2S,5R,6R)-6-{[(E)-1-azepanylmethylidene]amino}-3,3-dimethyl-7-oxo-4-thia-1-azabicyclo[3.2.0]heptane-2-carboxylic acid",61.16,887,3,2,True,64,45,15,0,17,3,True,True,True,False,True,True,True,True,False,True,infectious disease,urinary tract infections|gram-negative bacterial infections
amidopyrine,BRD-K12568846-001-17-9,RMMXTBMQSGEXHJ-UHFFFAOYSA-N,6009.0,CHEMBL288470,CN(C)c1c(C)n(C)n(-c2ccccc2)c1=O,Launched,4.0,analgesic agent,Unknown [None],,,,0,other / unclassified,other / unclassified,discovery compound,,,,,,231.137,MedChemEx,HY-B0533,Amidopyrine,95.76,930,37,5,True,64,27,47,0,162,21,True,True,True,False,True,True,True,True,False,True,dermatology,dermatitis herpetiformis (DH)
amifampridine,BRD-K80262108-001-08-9,OYTKINVCDFNREN-UHFFFAOYSA-N,5918.0,CHEMBL3301611,Nc1ccncc1N,Launched,4.0,potassium channel blocker,Voltage-gated potassium channel blocker [BLOCKER],BLOCKER,,,0,ion channel,ion channel,discovery compound,,8032.0,,,,109.064,MedChemEx,HY-14946,"Pyridine-3,4-diamine",100.0,1307,9,10,True,97,100,47,0,202,19,True,True,True,False,True,True,True,True,False,True,neurology/psychiatry,Lambert-Eaton myasthenic syndrome (LEMS)
amikacin,BRD-K88043978-002-08-9,LKCWBDHBTVXHDL-RMDFUYIESA-N,37768.0,CHEMBL4208954,NCC[C@H](O)C(=O)N[C@@H]1C[C@H](N)[C@@H](O[C@H]2O[C@H](CN)[C@@H](O)[C@H](O)[C@H]2O)[C@H](O)[C@H]1O[C@H]1O[C@H](CO)[C@@H](O)[C@H](N)[C@H]1O,Launched,4.0,bacterial 30S ribosomal subunit inhibitor,Bacterial 70S ribosome inhibitor [INHIBITOR],INHIBITOR,,,0,other / unclassified,other / unclassified,discovery compound,,10894.0,,,,585.286,MicroSource,1500111,AMIKACIN HYDRATE,100.0,169768,4761,1099,True,34289,29503,18480,153,23564,843,True,True,True,True,True,True,True,True,False,True,infectious disease,gram-negative bacterial infections
amorolfine,BRD-A37390343-003-04-3,MQHLMHIZUIDKOO-KURKYZTESA-N,25790581.0,CHEMBL489411,"CCC(C)(C)c1ccc(C[C@@H](C)CN2C[C@H](C)O[C@H](C)C2)cc1 |a:15,18,&1:10|",Launched,4.0,membrane integrity inhibitor,,,,,0,other / unclassified,other / unclassified,discovery compound,,14013.0,4.0,pIC50,Human,317.272,Selleck,S1676,Amorolfine Hydrochloride,97.1,935,14,1,True,137,135,72,1,113,21,True,True,True,True,True,True,True,True,False,True,infectious disease,onychomycosis
amphotericin-b,BRD-K27352494-001-03-6,APKFDSVGJQXUKY-ZNVUZQDLSA-N,91827561.0,CHEMBL267345,"C[C@H]1O[C@@H](O[C@@H]2C[C@@H]3O[C@@](O)(C[C@H](O)[C@H]3C(O)=O)C[C@@H](O)C[C@@H](O)[C@H](O)CC[C@@H](O)C[C@@H](O)CC(=O)O[C@@H](C)[C@H](C)[C@H](O)[C@@H](C)\C=C\C=C\C=C\C=C\C=C\C=C\C=C\2)[C@@H](O)[C@@H](N)[C@@H]1O |t:46,48,50,52,54,56,58|",Launched,4.0,membrane permeability enhancer,Ergosterol sequestering agent [SEQUESTERING AGENT],SEQUESTERING AGENT,,,0,other / unclassified,other / unclassified,discovery compound,,,,,,923.488,Selleck,S1636,Amphotericin B,74.84,100661,4598,950,True,27216,21881,14788,222,19076,1309,True,True,True,True,True,True,True,True,False,True,infectious disease,fungal infection
ampicillin,BRD-K68432770-236-24-9,AVKUERGKIZMTKX-NJBDSQKTSA-N,7048611.0,CHEMBL1200758,CC1(C)S[C@@H]2[C@H](NC(=O)[C@H](N)c3ccccc3)C(=O)N2[C@H]1C(O)=O,Launched,4.0,bacterial cell wall synthesis inhibitor,Bacterial penicillin-binding protein inhibitor [INHIBITOR],INHIBITOR,,,0,other / unclassified,other / unclassified,discovery compound,,10896.0,,,,349.11,MedChemEx,HY-B0522A,Ampicillin (sodium),84.41,231664,3052,577,True,35214,28025,14754,74,19784,1144,True,True,True,True,True,True,True,True,False,True,infectious disease,respiratory tract infections|meningitis|bacterial septicemia|endocarditis|urinary tract infections|gastrointestinal infections
amprenavir,BRD-K47827687-001-02-2,YMARZQAQMVYCKC-OEMFJLHTSA-N,65016.0,CHEMBL116,CC(C)CN(C[C@@H](O)[C@H](Cc1ccccc1)NC(=O)O[C@H]1CCOC1)S(=O)(=O)c1ccc(N)cc1,Launched,4.0,HIV protease inhibitor,Human immunodeficiency virus type 1 protease inhibitor [INHIBITOR],INHIBITOR,,,0,protease,protease,discovery compound,,12681.0,,,,505.225,Selleck,S1639,Amprenavir,95.63,3172,24,6,True,477,474,138,1,416,97,True,True,True,True,True,True,True,True,False,True,infectious disease,human immunodeficiency virus (HIV-1)
amprolium,BRD-K90027121-003-01-7,IPZFPROOBOUEIG-UHFFFAOYSA-N,2178.0,CHEMBL1179735,CCCc1ncc(C[n+]2ccccc2C)c(N)n1,Launched,2.0,thiamine uptake blocker,,,,,0,other / unclassified,other / unclassified,discovery compound,,,,,,243.161,MicroSource,1500124,AMPROLIUM,95.82,926,32,9,True,142,105,38,0,91,27,True,True,True,False,True,True,True,True,False,True,infectious disease,coccidiosis
anethole,BRD-K49060658-001-05-6,RUVINXPYWBROJD-ONEGZZNKSA-N,637563.0,CHEMBL452630,COc1ccc(\C=C\C)cc1,Launched,-1.0,glutathione transferase stimulant,,,,,0,other / unclassified,other / unclassified,discovery compound,,,,,,148.089,MicroSource,1503705,ANETHOLE,0.0,3956,73,12,True,922,973,396,0,672,90,True,True,True,False,True,True,True,True,False,True,,
anethole-trithione,BRD-K92490248-001-06-6,KYLIZBIRMBGUOP-UHFFFAOYSA-N,2194.0,CHEMBL178862,COc1ccc(cc1)-c1cc(=S)ss1,Launched,-1.0,glutathione transferase stimulant,,,,,0,other / unclassified,other / unclassified,discovery compound,,,,,,239.974,MedChemEx,HY-B1223,Anethole (trithione),97.57,185,0,0,False,42,48,25,0,41,2,True,True,True,False,True,True,True,True,False,True,dental,xerostomia
anidulafungin,BRD-K00003560-001-01-9,JHVAMHSQVVQIOT-MFAJLEFUSA-N,166548.0,CHEMBL264241,CCCCCOc1ccc(cc1)-c1ccc(cc1)-c1ccc(cc1)C(=O)N[C@H]1C[C@@H](O)[C@@H](O)NC(=O)[C@@H]2[C@@H](O)[C@@H](C)CN2C(=O)[C@@H](NC(=O)[C@@H](NC(=O)[C@@H]2C[C@@H](O)CN2C(=O)[C@@H](NC1=O)[C@@H](C)O)[C@H](O)[C@@H](O)c1ccc(O)cc1)[C@@H](C)O |r|,Launched,4.0,"fungal 1,3-beta-D-glucan synthase inhibitor","1,3-beta-glucan synthase inhibitor [INHIBITOR]",INHIBITOR,,,0,metabolic,metabolic,discovery compound,,,,,,1139.506,MedChemEx,HY-13553,Anidulafungin,97.45,5904,98,20,True,729,792,446,1,973,76,True,True,True,True,True,True,True,True,False,True,infectious disease,candidemia|fungal infection|esophageal candidiasis
anisotropine,BRD-K71125570-004-15-6,XGGHHHBGPSNXFE-ZSHCYNCHSA-N,,CHEMBL1578,CCCC(CCC)C(=O)O[C@@H]1C[C@@H]2CC[C@H](C1)[N+]2(C)C,Launched,4.0,acetylcholine receptor antagonist,Muscarinic acetylcholine receptor M3 antagonist [ANTAGONIST]; Muscarinic acetylcholine receptor M1 antagonist [ANTAGONIST],ANTAGONIST,,,0,GPCR,GPCR,discovery compound,,,,,,282.243,Oakwood,103172,Anisotropine methylbromide,100.0,215,4,2,True,22,19,16,0,30,2,True,True,True,False,True,True,True,True,False,True,gastroenterology,peptic ulcer disease (PUD)
apramycin,BRD-K96737756-065-02-9,XZNUGFQTQHRASN-XQENGBIVSA-N,3081545.0,CHEMBL1230961,CN[C@H]1[C@@H](O)[C@H]2O[C@H](O[C@@H]3[C@@H](N)C[C@@H](N)[C@H](O)[C@H]3O)[C@H](N)C[C@@H]2O[C@@H]1O[C@H]1O[C@H](CO)[C@@H](N)[C@H](O)[C@H]1O,Launched,,bacterial 30S ribosomal subunit inhibitor,,,,,0,other / unclassified,other / unclassified,discovery compound,,10760.0,,,,539.28,MedChemEx,HY-B1329,Apramycin (sulfate),22.8,5076,22,8,True,608,596,209,0,124,15,True,True,True,False,True,True,True,True,False,True,infectious disease,gram-negative bacterial infections
aripiprazole-lauroxil,BRD-K00004574-001-01-9,DDINXHAORAAYAD-UHFFFAOYSA-N,49831411.0,CHEMBL2219425,CCCCCCCCCCCC(=O)OCN1C(=O)CCc2ccc(OCCCCN3CCN(CC3)c3cccc(Cl)c3Cl)cc12,Launched,4.0,serotonin receptor agonist,Dopamine D2 receptor partial agonist [PARTIAL AGONIST]; Serotonin 2a (5-HT2a) receptor antagonist [ANTAGONIST]; Serotonin 1a (5-HT1a) receptor partial agonist [PARTIAL AGONIST],ANTAGONIST; PARTIAL AGONIST,,,0,GPCR,GPCR,discovery compound,,,,,,659.326,Astatech,42552,ARIPIPRAZOLE LAUROXIL,73.03,299,3,0,True,34,33,25,0,57,11,True,True,True,False,True,True,True,True,False,True,neurology/psychiatry,schizophrenia
articaine,BRD-A70514680-003-12-9,QTGIAADRBBLJGA-VIFPVBQESA-N,6604377.0,CHEMBL1200819,CCCN[C@@H](C)C(=O)Nc1c(C)csc1C(=O)OC |&1:4|,Launched,4.0,local anesthetic,Sodium channel alpha subunit blocker [BLOCKER],BLOCKER,,,0,other / unclassified,other / unclassified,discovery compound,,,,,,284.119,MedChemEx,HY-B0516,Articaine (hydrochloride),91.48,3159,339,8,True,442,143,657,2,743,23,True,True,True,True,True,True,True,True,False,True,neurology/psychiatry,local anesthetic
astaxanthin,BRD-K51832961-001-01-4,MQZIGYBFDRPAKN-UWFIBFSHSA-N,5281224.0,CHEMBL1255871,"C\C(\C=C\C=C(/C)\C=C\C1=C(C)C(=O)[C@@H](O)CC1(C)C)=C/C=C/C=C(\C)/C=C/C=C(\C)/C=C/C1=C(C)C(=O)[C@@H](O)CC1(C)C |c:9,34|",Launched,3.0,antioxidant,"Antioxidant, anti-inflammatory and antiapoptotic activities [None]",,,,0,other / unclassified,other / unclassified,discovery compound,,,,,,596.387,Cayman,70685,,26.68,13871,523,29,True,3748,4282,2076,17,2929,202,True,True,True,True,True,True,True,True,False,True,,
atazanavir,BRD-K09757388-065-05-9,AXRYRYVKAWYZBR-GASGPIRDSA-N,148192.0,CHEMBL1200678,COC(=O)N[C@H](C(=O)N[C@@H](Cc1ccccc1)[C@@H](O)CN(Cc1ccc(cc1)-c1ccccn1)NC(=O)[C@@H](NC(=O)OC)C(C)(C)C)C(C)(C)C,Launched,4.0,HIV protease inhibitor,Human immunodeficiency virus type 1 protease inhibitor [INHIBITOR],INHIBITOR,,,0,protease,protease,discovery compound,,11138.0,,,,704.39,MedChemEx,HY-17367A,Atazanavir (sulfate),97.98,10005,106,13,True,1180,1252,455,2,1736,319,True,True,True,True,True,True,True,True,False,True,infectious disease,human immunodeficiency virus (HIV-1)
atenolol-(-),BRD-K44993696-001-13-1,METKIMKYRPQLGS-LBPRGKRZSA-N,175540.0,CHEMBL24,CC(C)NC[C@H](O)COc1ccc(CC(N)=O)cc1,Launched,4.0,adrenergic receptor antagonist,Beta-1 adrenergic receptor antagonist [ANTAGONIST],ANTAGONIST,,,0,GPCR,GPCR,discovery compound,,548.0,6.7 - 7.6,pKi,Human,266.163,Sigma,MFCD00074918,2-(4-{[(2S)-2-hydroxy-3-(isopropylamino)propyl]oxy}phenyl)acetamide,92.98,24037,353,104,True,2264,1952,1815,10,9307,502,True,True,True,True,True,True,True,True,False,True,cardiology,hypertension
atipamezole,BRD-K39252998-003-01-5,HSWPZIDYAHLZDD-UHFFFAOYSA-N,71310.0,CHEMBL353972,CCC1(Cc2ccccc2C1)c1cnc[nH]1,Launched,2.0,adrenergic receptor antagonist,,,,,0,GPCR,GPCR,discovery compound,,12576.0,8.5 - 8.7,pKi,Human,212.131,MedChemEx,HY-12380,Atipamezole (hydrochloride),99.36,5336,271,69,True,988,901,721,7,1568,32,True,True,True,True,True,True,True,True,False,True,neurology/psychiatry,reverse sedative
atovaquone,BRD-A19795905-001-08-0,UYFLKEIEOREOFC-ZXYWRSMDSA-N,,CHEMBL1450,"Clc1ccc(cc1)[C@H]1CC[C@@H](CC1)[C@H]1C(=O)C(=O)c2ccccc2C1=O |a:7,10,&1:13,wU:7.7,wD:10.14,13.15,(-11.75,6.01,;-10.68,5.39,;-10.68,3.85,;-9.35,3.08,;-8.02,3.85,;-8.01,5.39,;-9.35,6.16,;-6.68,3.08,;-5.35,3.85,;-4.01,3.08,;-4.01,1.54,;-5.35,.77,;-6.68,1.54,;-2.68,.77,;-2.68,-.77,;-3.75,-1.39,;-1.33,-1.54,;-1.33,-2.77,;,-.77,;1.33,-1.54,;2.66,-.77,;2.66,.77,;1.33,1.54,;,.77,;-1.33,1.54,;-1.33,2.77,)|",Launched,4.0,mitochondrial electron transport inhibitor,Cytochrome b inhibitor [INHIBITOR],INHIBITOR,,,0,metabolic,metabolic,discovery compound,,9695.0,9.2,pIC50,Plasmodium falciparum NF54,366.102,MicroSource,1504210,ATOVAQUONE,97.44,7681,126,23,True,1979,1437,505,0,1294,293,True,True,True,False,True,True,True,True,False,True,infectious disease,pneumonia
atracurium,BRD-K01826774-344-07-9,YXSLJKQTIDHPOT-MWAPPURBSA-N,73416109.0,CHEMBL1200527,"COc1ccc(C[C@H]2c3cc(OC)c(OC)cc3CC[N@@+]2(C)CCC(=O)OCCCCCOC(=O)CC[N@@+]2(C)CCc3cc(OC)c(OC)cc3[C@@H]2Cc2ccc(OC)c(OC)c2)cc1OC |&1:7,&2:20,&3:37,&4:51|",Launched,4.0,acetylcholine receptor antagonist,Muscle-type nicotinic acetylcholine receptor antagonist [ANTAGONIST],ANTAGONIST,,,0,GPCR,GPCR,discovery compound,,9537.0,7.0,pIC50,Human,928.509,MedChemEx,HY-B0292A,Atracurium (besylate),68.11,8844,239,17,True,365,384,238,0,2333,56,True,True,True,False,True,True,True,True,True,True,critical care|neurology/psychiatry,endotracheal intubation|muscle relaxant
avapritinib,BRD-K00003419-001-01-9,DWYRIWUZIJHQKQ-SANMLTNESA-N,118023034.0,CHEMBL4204794,Cn1cc(cn1)-c1cc2c(ncnn2c1)N1CCN(CC1)c1ncc(cn1)[C@@](C)(N)c1ccc(F)cc1,Launched,4.0,KIT inhibitor,Stem cell growth factor receptor inhibitor [INHIBITOR]; Platelet-derived growth factor receptor alpha inhibitor [INHIBITOR],INHIBITOR,,,0,other / unclassified,other / unclassified,discovery compound,,10368.0,7.1,pIC50,Human,498.24,MedChemEx,HY-101561,Avapritinib,96.7,1137,27,3,True,602,393,130,1,387,23,True,True,True,True,True,True,True,True,False,True,,
avibactam,BRD-K85882401-323-01-5,NDCUAPJVLWFHHB-UHNVWZDZSA-N,9835049.0,CHEMBL1689063,NC(=O)[C@@H]1CC[C@@H]2CN1C(=O)N2OS(O)(=O)=O,Launched,4.0,beta lactamase inhibitor,,,,,0,other / unclassified,other / unclassified,discovery compound,,10761.0,,,,265.037,MedChemEx,HY-14879B,Avibactam (sodium hydrate),100.0,10156,54,13,True,625,632,313,0,883,50,True,True,True,False,True,True,True,True,False,True,infectious disease,intra-abdominal infections|urinary tract infections|pyelonephritis
avobenzone,BRD-K14401183-001-10-7,LKIIIESDXWZZRE-UHFFFAOYSA-N,,CHEMBL1200522,COc1ccc(cc1)C(=O)C=C(O)c1ccc(cc1)C(C)(C)C,Launched,4.0,topical sunscreen agent,,,,,0,other / unclassified,other / unclassified,discovery compound,,,,,,310.157,Selleck,S1904,Avobenzone,90.89,891,12,3,True,131,132,127,0,67,32,True,True,True,False,True,True,True,True,False,True,dermatology,cosmetic|sunscreen lotion
azlocillin,BRD-K60663764-236-03-9,JTWOMNBEOCYFNV-NFFDBFGFSA-N,6479523.0,CHEMBL1201041,CC1(C)S[C@@H]2[C@H](NC(=O)[C@H](NC(=O)N3CCNC3=O)c3ccccc3)C(=O)N2[C@H]1C(O)=O,Launched,4.0,bacterial cell wall synthesis inhibitor,Penicillin-binding protein inhibitor [INHIBITOR],INHIBITOR,,,0,other / unclassified,other / unclassified,discovery compound,,12260.0,,,,461.137,Selleck,S3195,Azlocillin sodium salt,85.42,2840,63,20,True,286,208,119,1,224,29,True,True,True,True,True,True,True,True,False,True,infectious disease,gram-positive bacterial infections|gram-negative bacterial infections
aztreonam,BRD-K62607865-001-09-7,WZPBZJONDBGPKJ-VEHQQRBSSA-N,5742832.0,CHEMBL158,C[C@H]1[C@H](NC(=O)C(=N/OC(C)(C)C(O)=O)\c2csc(N)n2)C(=O)N1S(O)(=O)=O,Launched,4.0,bacterial cell wall synthesis inhibitor,Bacterial penicillin-binding protein inhibitor [INHIBITOR],INHIBITOR,,,0,other / unclassified,other / unclassified,discovery compound,,10763.0,,,,435.052,Selleck,S1505,"Aztreonam (Azactam, Cayston)",90.6,22849,256,47,True,1768,1379,877,0,2025,112,True,True,True,False,True,True,True,True,False,True,infectious disease,urinary tract infections|respiratory tract infections|bacterial septicemia|skin infections|intra-abdominal infections|gynecologic infections
bacampicillin,BRD-A41698174-003-12-0,PFOLLRNADZZWEX-XIJZRVNUSA-N,66586207.0,CHEMBL1583,"CCOC(=O)O[C@@H](C)OC(=O)[C@@H]1N2[C@H](SC1(C)C)[C@H](NC(=O)[C@H](N)c1ccccc1)C2=O |a:11,13,18,22,&1:6|",Launched,4.0,bacterial cell wall synthesis inhibitor,,,,,0,other / unclassified,other / unclassified,discovery compound,,12292.0,,,,465.157,MedChemEx,HY-B1149A,Bacampicillin (hydrochloride),81.26,510,11,3,True,38,23,12,0,47,7,True,True,True,False,True,True,True,True,False,True,infectious disease,gram-positive bacterial infections|gram-negative bacterial infections
bacitracin-zinc,BRD-K00003625-001-01-9,UCRLQOPRDMGYOA-PIGMFEANSA-L,,CHEMBL4303492,CC[C@H](C)[C@H](N)C1=N[C@@H](CS1)C(=O)N[C@@H](CC(C)C)C(=O)N[C@@H]1CCC(=O)O[Zn]OC(=O)C[C@H]2NC(=O)[C@H](Cc3c[nH]cn3)NC(=O)[C@@H](Cc3ccccc3)NC(=O)[C@@H](NC(=O)[C@@H](CCCN)NC(=O)[C@H](CCCCNC(=O)[C@H](CC(N)=O)NC2=O)NC(=O)[C@@H](NC1=O)[C@@H](C)CC)[C@@H](C)CC |t:6|,Launched,,bacterial cell wall synthesis inhibitor,,,,,0,other / unclassified,other / unclassified,discovery compound,,,,,,1483.662,MedChemEx,HY-B0278,Bacitracin (Zinc),51.16,571,17,2,True,123,106,99,0,137,4,True,True,True,False,True,True,True,True,False,True,infectious disease,first-aid antibiotic
balofloxacin,BRD-A47790386-001-03-6,MGQLHRYJBWGORO-NSHDSACASA-N,40490624.0,CHEMBL1210954,"CN[C@H]1CCCN(C1)c1c(F)cc2c(c1OC)n(cc(C(O)=O)c2=O)C1CC1 |&1:2,r|",Launched,2.0,bacterial DNA gyrase inhibitor,,,,,0,other / unclassified,other / unclassified,discovery compound,,13105.0,,,,389.175,Selleck,S2064,Balofloxacin,97.5,160,4,1,True,10,19,6,0,8,4,True,True,True,False,True,True,True,True,False,True,infectious disease,gram-negative bacterial infections
baloxavir-marboxil,BRD-K00003495-001-01-9,RZVPBGBYGMDSBG-GGAORHGYSA-N,124081896.0,CHEMBL4297503,[H][C@@]12COCCN1C(=O)c1c(OCOC(=O)OC)c(=O)ccn1N2[C@H]1c2ccc(F)c(F)c2CSc2ccccc12,Launched,4.0,endonuclease inhibitor,Polymerase acidic protein inhibitor [INHIBITOR]; Polymerase acidic protein inhibitor [INHIBITOR],INHIBITOR,,,0,other / unclassified,other / unclassified,discovery compound,,,,,,571.122,MedChemEx,HY-109025,Baloxavir marboxil,98.17,1329,11,2,True,230,212,46,0,158,99,True,True,True,False,True,True,True,True,False,True,infectious disease,influenza A virus infection
barnidipine,BRD-K78781788-003-01-9,VXMOONUMYLCFJD-DHLKQENFSA-N,443869.0,CHEMBL2103761,"COC(=O)C1=C(C)NC(C)=C([C@H]1c1cccc(c1)[N+]([O-])=O)C(=O)O[C@H]1CCN(Cc2ccccc2)C1 |c:4,9|",Launched,2.0,calcium channel blocker,Voltage-gated L-type calcium channel blocker [BLOCKER],BLOCKER,,,0,ion channel,ion channel,discovery compound,,,,,,491.206,AKSci,O375,,92.07,481,3,0,True,45,54,29,1,201,11,True,True,True,True,True,True,True,True,True,True,cardiology,hypertension
beclamide,BRD-K44824027-001-02-1,JPYQFYIEOUVJDU-UHFFFAOYSA-N,10391.0,CHEMBL64195,ClCCC(=O)NCc1ccccc1,Launched,2.0,anticonvulsant,Unknown [None],,,,0,other / unclassified,other / unclassified,discovery compound,,,,,,197.061,MicroSource,1505827,BECLAMIDE,96.76,77,0,0,False,2,5,5,0,16,2,True,True,True,False,True,True,True,True,False,True,neurology/psychiatry,sedative|seizures
bedaquiline,BRD-K90817094-001-05-9,QUIJNHUBAXPXFS-XLJNKUFUSA-N,5388906.0,CHEMBL2105700,COc1nc2ccc(Br)cc2cc1[C@@H](c1ccccc1)[C@@](O)(CCN(C)C)c1cccc2ccccc12,Launched,4.0,ATPase inhibitor,ATP synthase inhibitor [INHIBITOR],INHIBITOR,,,0,other / unclassified,other / unclassified,discovery compound,,11171.0,,,,554.157,MedChemEx,HY-14881,Bedaquiline,92.56,31833,707,43,True,7285,6382,2814,30,4545,285,True,True,True,True,True,True,True,True,False,True,infectious disease,tuberculosis
bekanamycin,BRD-K73425385-065-04-8,SKKLOUVUUNMCJE-FQSMHNGLSA-N,439318.0,CHEMBL1237048,NC[C@H]1O[C@H](O[C@@H]2[C@@H](N)C[C@@H](N)[C@H](O[C@H]3O[C@H](CO)[C@@H](O)[C@H](N)[C@H]3O)[C@H]2O)[C@H](N)[C@@H](O)[C@@H]1O,Launched,,bacterial 30S ribosomal subunit inhibitor,,,,,0,other / unclassified,other / unclassified,discovery compound,,12182.0,,,,483.254,MicroSource,1500812,BEKANAMYCIN SULFATE,100.0,120,1,1,True,6,14,1,0,6,5,True,True,True,False,True,True,True,True,False,True,infectious disease,gram-negative bacterial infections
bendamustine,BRD-K17068645-003-04-2,YTKUWDBFDASYHO-UHFFFAOYSA-N,65628.0,CHEMBL487253,Cn1c(CCCC(O)=O)nc2cc(ccc12)N(CCCl)CCCl,Launched,4.0,DNA inhibitor,,,,,0,other / unclassified,other / unclassified,discovery compound,,7478.0,,,,357.101,Selleck,S1212,Bendamustine HCl,88.19,9890,104,10,True,3597,3132,601,1,1855,105,True,True,True,True,True,True,True,True,False,True,hematologic malignancy,chronic lymphocytic leukemia (CLL)|non-Hodgkin lymphoma (NHL)
bendazol,BRD-K60379054-001-09-9,YTLQFZVCLXFFRK-UHFFFAOYSA-N,12132.0,CHEMBL355063,C(c1nc2ccccc2[nH]1)c1ccccc1,Launched,2.0,nitric oxide synthase stimulant,,,,,0,metabolic,metabolic,discovery compound,,,,,,208.1,MedChemEx,HY-B2141,Bendazol,98.22,133,1,0,True,14,11,2,0,11,1,True,True,True,False,True,True,True,True,False,True,,
benzalkonium,BRD-K34234316-003-05-4,VVZBFOKBSDGVGZ-UHFFFAOYSA-N,2330.0,CHEMBL502109,CCCCCCCCCCCCC[N+](C)(C)Cc1ccccc1,Launched,2.0,cationic surfactant,,,,,0,other / unclassified,other / unclassified,discovery compound,,,,,,318.316,Selleck,S5626,BENZALKONIUM CHLORIDE,0.0,34796,731,135,True,4308,3869,3021,1,3942,541,True,True,True,True,True,True,True,True,False,True,dermatology,abrasions|superficial cuts
benzoyl-peroxide,BRD-K59986511-001-06-4,OMPJBNCRMGITSC-UHFFFAOYSA-N,7187.0,CHEMBL1200370,O=C(OOC(=O)c1ccccc1)c1ccccc1,Launched,4.0,oxidizing agent,Releases active oxygen [None],,,,0,other / unclassified,other / unclassified,discovery compound,,,,,,242.058,Sigma,MFCD00003071,diphenylperoxyanhydride,0.0,7950,412,18,True,1407,702,925,3,980,325,True,True,True,True,True,True,True,True,False,True,dermatology,acne vulgaris (AV)
benzydamine,BRD-K28542495-003-13-5,CNBGNNVCVSKAQZ-UHFFFAOYSA-N,12555.0,CHEMBL12610,CN(C)CCCOc1nn(Cc2ccccc2)c2ccccc12,Launched,4.0,prostanoid receptor antagonist,Cyclooxygenase inhibitor [INHIBITOR],INHIBITOR,,,0,GPCR,GPCR,discovery compound,,,,,,309.184,MicroSource,1505975,BENZYDAMINE HYDROCHLORIDE,98.35,1854,60,5,True,344,275,204,0,335,32,True,True,True,False,True,True,True,True,False,True,dental|otolaryngology,mouth inflammation|throat inflammation
benzyl-alcohol,BRD-K98494274-001-05-1,WVDDGKGOMKODPV-UHFFFAOYSA-N,244.0,CHEMBL720,OCc1ccccc1,Launched,4.0,local anesthetic,Unknown [None],,,,0,other / unclassified,other / unclassified,discovery compound,,,,,,108.058,Sigma,V800080,phenylmethanol,0.0,22359,530,84,True,3328,2615,1751,27,2552,290,True,True,True,True,True,True,True,True,False,True,infectious disease,virus herpes simplex (HSV)
benzylpenicillin,BRD-K55191674-237-18-3,JGSARLDLIJGVTE-MBNYWOFBSA-N,5904.0,CHEMBL1628385,CC1(C)S[C@@H]2[C@H](NC(=O)Cc3ccccc3)C(=O)N2[C@H]1C(O)=O,Launched,4.0,penicillin binding protein inhibitor,,,,,0,other / unclassified,other / unclassified,discovery compound,,4796.0,,,,334.099,MicroSource,1500465,PENICILLIN G POTASSIUM,97.54,13357,360,80,True,1407,1036,728,5,1839,169,True,True,True,True,True,True,True,True,False,True,infectious disease,celluitis|meningitis|endocarditis|syphilis|pneumonia|bacterial septicemia
bephenium-hydroxynaphthoate,BRD-K47878171-086-06-0,AVWWVJUMXRXPNF-UHFFFAOYSA-N,19667.0,CHEMBL1673148,C[N+](C)(CCOc1ccccc1)Cc1ccccc1,Launched,2.0,anthelmintic agent,Unknown [None],,,,0,other / unclassified,other / unclassified,discovery compound,,,,,,256.17,MicroSource,1505778,BEPHENIUM HYDROXYNAPTHOATE,97.09,131,1,0,True,7,4,2,0,7,2,True,True,True,False,True,True,True,True,False,True,infectious disease,ascariasis
besifloxacin,BRD-K10196357-003-02-0,QFFGVLORLPOAEC-SNVBAGLBSA-N,10178705.0,CHEMBL1201760,N[C@@H]1CCCCN(C1)c1c(F)cc2c(c1Cl)n(cc(C(O)=O)c2=O)C1CC1,Launched,4.0,bacterial DNA gyrase inhibitor,,,,,0,other / unclassified,other / unclassified,discovery compound,,12877.0,,,,393.126,Selleck,S3055,Besifloxacin HCl (Besivance),93.81,427,15,1,True,73,80,96,0,104,5,True,True,True,False,True,True,True,True,False,True,ophthalmology,conjunctivitis
betamipron,BRD-K82142815-001-20-9,CWXYHOHYCJXYFQ-UHFFFAOYSA-N,71651.0,CHEMBL1231530,OC(=O)CCNC(=O)c1ccccc1,Launched,2.0,panipenem uptake inhibitor,,,,,0,other / unclassified,other / unclassified,discovery compound,,12184.0,,,,193.074,MedChemEx,HY-B1127,Betamipron,96.28,296,4,2,True,14,13,7,0,48,0,True,True,True,False,True,False,True,True,False,True,nephrology,renal toxicity
bevantolol,BRD-K01825622-003-02-9,HXLAFSUPPDYFEO-QGZVFWFLSA-N,36690919.0,CHEMBL2106060,COc1ccc(CCNC[C@@H](O)COc2cccc(C)c2)cc1OC |&1:10|,Launched,2.0,adrenergic receptor antagonist,,,,,0,GPCR,GPCR,discovery compound,,,,,,381.171,AKSci,69996,,94.05,229,3,1,True,21,19,18,3,89,3,True,True,True,True,True,True,True,True,False,True,cardiology,angina pectoris|hypertension
biapenem,BRD-A80321291-001-03-2,MRMBZHPJVKCOMA-YJFSRANCSA-O,71340.0,CHEMBL285347,"C[C@@H](O)[C@@H]1[C@H]2[C@@H](C)C(SC3Cn4cnc[n+]4C3)=C(N2C1=O)C(O)=O |a:1,3,4,5,&1:9,c:18|",Launched,2.0,bacterial cell wall synthesis inhibitor,,,,,0,other / unclassified,other / unclassified,discovery compound,,12022.0,,,,351.113,Selleck,S1370,Biapenem,74.7,1115,9,1,True,98,91,30,0,135,4,True,True,True,False,True,True,True,True,False,True,infectious disease,bacterial septicemia|pneumonia|urinary tract infections
bictegravir,BRD-K00003247-001-01-9,SOLUWJRYJLAZCX-LYOVBCGYSA-N,90311989.0,CHEMBL3989867,[H][C@@]12CC[C@@]([H])(C1)N1C(=O)c3c(O)c(=O)c(cn3C[C@@]1([H])O2)C(=O)NCc1c(F)cc(F)cc1F,Launched,4.0,HIV integrase inhibitor,Human immunodeficiency virus type 1 integrase inhibitor [INHIBITOR],INHIBITOR,,,0,other / unclassified,other / unclassified,discovery compound,,11575.0,,,,449.12,MedChemEx,HY-17605,Bictegravir,100.0,3248,21,7,True,394,298,106,1,529,85,True,True,True,True,True,True,True,True,False,True,infectious disease,human immunodeficiency virus (HIV-1)
bifonazole,BRD-A94543220-001-26-9,OCAPBUJLXMYKEJ-QFIPXVFZSA-N,5459391.0,CHEMBL277535,"c1cn(cn1)[C@@H](c1ccccc1)c1ccc(cc1)-c1ccccc1 |&1:5,r|",Launched,4.0,sterol demethylase inhibitor,Lanosterol 14-alpha demethylase inhibitor [INHIBITOR]; HMG-CoA reductase inhibitor [INHIBITOR],INHIBITOR,,,0,epigenetic (selective probe),epigenetic (selective probe),discovery compound,,,,,,310.147,MedChemEx,HY-B0301,Bifonazole,99.27,1128,11,3,True,189,178,64,0,126,33,True,True,True,False,True,True,True,True,False,True,infectious disease,tinea pedis|tinea cruris
bisacodyl,BRD-K39987650-001-24-1,KHOITXIGCFIULA-UHFFFAOYSA-N,2391.0,CHEMBL942,CC(=O)Oc1ccc(cc1)C(c1ccc(OC(C)=O)cc1)c1ccccn1,Launched,4.0,laxative,Unknown [None],,,,0,other / unclassified,other / unclassified,discovery compound,,,,,,361.131,MicroSource,1500147,BISACODYL,96.97,3223,54,28,True,269,206,158,0,602,45,True,True,True,False,True,True,True,True,False,True,gastroenterology,constipation
bismuth-subsalicylate,BRD-K80528473-001-08-9,ZREIPSZUJIFJNP-UHFFFAOYSA-K,53629521.0,CHEMBL1120,O[Bi]1OC(=O)c2ccccc2O1,Launched,4.0,antacid,Cyclooxygenase inhibitor [INHIBITOR],INHIBITOR,,,0,other / unclassified,other / unclassified,discovery compound,,,,,,361.999,MedChemEx,HY-B0550,Bismuth Subsalicylate,0.0,3141,72,14,True,310,255,234,0,384,47,True,True,True,False,True,True,True,True,False,True,gastroenterology,diarrhea
bleomycetin,BRD-K00004533-001-01-9,QYOAUOAXCQAEMW-DDZPZTJXSA-N,92135919.0,CHEMBL4303482,C[C@@H](O)[C@H](NC(=O)[C@@H](C)[C@H](O)[C@@H](C)NC(=O)[C@@H](NC(=O)c1nc(nc(N)c1C)[C@H](CC(N)=O)NC[C@H](N)C(N)=O)[C@@H](O[C@@H]1O[C@@H](CO)[C@@H](O)[C@H](O)[C@@H]1O[C@@H]1O[C@H](CO)[C@@H](O)[C@H](OC(N)=O)[C@@H]1O)c1c[nH]cn1)C(=O)NCCc1nc(cs1)-c1nc(cs1)C(=O)NCCCNCCCCN,Launched,,EGFR expression inhibitor,,,,,0,other / unclassified,other / unclassified,discovery compound,,,,,,1439.592,InterBioScreen,STOCK1N-47291,Bleomycin,69.56,299,3,0,True,47,40,27,0,65,0,True,True,True,False,True,False,True,True,False,True,,
bopindolol,BRD-K01825685-035-01-9,UUOJIACWOAYWEZ-GOSISDBHSA-N,13302097.0,CHEMBL5483028,Cc1cc2c(OC[C@@H](CNC(C)(C)C)OC(=O)c3ccccc3)cccc2[nH]1 |&1:7|,Launched,,adrenergic receptor antagonist,,,,,0,GPCR,GPCR,discovery compound,,,,,,484.221,Enzo,AR100,Bopindolol  malonate,91.96,8228,48,18,True,1137,1342,343,3,757,38,True,True,True,True,True,True,True,True,False,True,cardiology,hypertension|coronary artery disease (CAD)
brivudine,BRD-A63675168-001-01-6,ODZBBRURCPAEIQ-PIXDULNESA-N,446727.0,CHEMBL3794299,"OC[C@H]1O[C@H](C[C@@H]1O)n1cc(\C=C\Br)c(=O)[nH]c1=O |a:2,4,&1:6|",Launched,,DNA directed DNA polymerase inhibitor,,,,,0,other / unclassified,other / unclassified,discovery compound,,,,,,332.001,TCI,B3404,,95.52,852,10,8,True,156,133,34,0,116,25,True,True,True,False,True,True,True,True,False,True,infectious disease,shingles
bromantan,BRD-K86358349-001-02-0,LWJALJDRFBXHKX-UHFFFAOYSA-N,4660557.0,CHEMBL4303520,Brc1ccc(NC2C3CC4CC(C3)CC2C4)cc1,Launched,,dopamine reuptake inhibitor|serotonin reuptake inhibitor,,,,,0,transporter,transporter,discovery compound,,,,,,305.078,Enamine,Z1736662073,"(1R,3S,5r,7r)-N-(4-bromophenyl)adamantan-2-amine",86.43,25,1,0,True,0,0,1,0,2,0,False,False,True,False,True,False,True,True,False,True,neurology/psychiatry,neurasthenia
bromhexine,BRD-K47631482-003-08-9,OJGDCBLYJGHCIH-UHFFFAOYSA-N,2442.0,CHEMBL253376,CN(Cc1cc(Br)cc(Br)c1N)C1CCCCC1,Launched,4.0,mucolytic agent,Unknown [None],,,,0,other / unclassified,other / unclassified,discovery compound,,11218.0,,,,373.999,MedChemEx,HY-B0372A,Bromhexine (hydrochloride),99.28,1870,46,9,True,254,233,134,2,341,48,True,True,True,True,True,True,True,True,False,True,pulmonary,chest congestion
buparvaquone,BRD-A07947329-001-01-4,OMMKCJLAGTXGLC-MQBCKMQZSA-N,,CHEMBL292009,"CC(C)(C)C1CCC(C[C@H]2C(=O)C(=O)c3ccccc3C2=O)CC1 |&1:9,r|",Launched,2.0,antiprotozoal agent,,,,,0,other / unclassified,other / unclassified,discovery compound,,,,,,326.188,MedChemEx,HY-17581,Buparvaquone,96.77,522,10,2,True,216,146,34,0,46,32,True,True,True,False,True,True,True,True,False,True,infectious disease,protozoan infection
busulfan,BRD-K23204545-001-16-4,COVZYZSDYWQREU-UHFFFAOYSA-N,2478.0,CHEMBL820,CS(=O)(=O)OCCCCOS(C)(=O)=O,Launched,4.0,DNA inhibitor,DNA inhibitor [INHIBITOR],INHIBITOR,,,0,other / unclassified,other / unclassified,discovery compound,,7136.0,,,,246.023,MicroSource,1500152,BUSULFAN,89.78,19891,556,116,True,5542,4100,1420,13,3635,335,True,True,True,True,True,True,True,True,False,True,hematologic malignancy,chronic myeloid leukemia (CML)
butacaine,BRD-K99622919-001-23-0,HQFWVSGBVLEQGA-UHFFFAOYSA-N,2480.0,CHEMBL129529,CCCCN(CCCC)CCCOC(=O)c1ccc(N)cc1,Launched,2.0,local anesthetic,,,,,0,other / unclassified,other / unclassified,discovery compound,,,,,,306.231,MicroSource,1503914,BUTACAINE,95.48,132,4,2,True,16,22,9,0,20,3,True,True,True,False,True,True,True,True,False,True,neurology/psychiatry,local anesthetic
butoconazole,BRD-K01824994-001-02-9,SWLMUYACZKCSHZ-INIZCTEOSA-N,476417.0,CHEMBL1295,"Clc1ccc(CC[C@@H](Cn2ccnc2)Sc2c(Cl)cccc2Cl)cc1 |&1:7,r|",Launched,4.0,bacterial cell wall synthesis inhibitor,,,,,0,other / unclassified,other / unclassified,discovery compound,,,,,,410.018,MicroSource,1504140,BUTOCONAZOLE,99.34,323,10,2,True,66,61,27,0,39,22,True,True,True,False,True,True,True,True,False,True,infectious disease,vulvovaginal candidiasis
butylscopolamine-bromide,BRD-K01825841-004-02-9,YBCNXCRZPWQOBR-FRNBUXIHSA-N,,CHEMBL1618102,"CCCC[N@@+]1(C)[C@H]2C[C@@H](C[C@@H]1[C@H]1O[C@@H]21)OC(=O)[C@H](CO)c1ccccc1 |a:6,8,10,11,13,17,&1:4,TLB:3:4:7.8.9:11.13,12:11:4:7.8.9,12:13:4:7.8.9,THB:5:4:7.8.9:11.13,14:8:4:11.13|",Launched,3.0,cholinergic receptor antagonist,,,,,0,GPCR,GPCR,discovery compound,,,,,,360.217,MedChemEx,HY-N0340,Scopolamine butylbromide,97.31,273,2,0,True,26,12,9,0,58,0,True,True,True,False,True,False,True,False,False,True,gastroenterology,abdominal pain
cadralazine,BRD-A78134170-001-01-3,QLTVVOATEHFXLT-SECBINFHSA-N,76968745.0,CHEMBL2106561,"CCOC(=O)NNc1ccc(nn1)N(CC)C[C@@H](C)O |&1:17,r|",Launched,2.0,adrenergic receptor antagonist,,,,,0,GPCR,GPCR,discovery compound,,,,,,283.164,Key,KS-1435,ethyl 2-{6-[ethyl(2-hydroxypropyl)amino]-3-pyridazinyl}hydrazinecarboxylate,57.47,106,0,0,False,5,5,3,0,31,2,True,True,True,False,True,True,True,True,False,True,cardiology,hypertension
cafestol,BRD-K46741531-001-02-4,DNJVYWXIDISQRD-HWUKTEKMSA-N,108052.0,CHEMBL1407645,C[C@@]12CCc3occc3[C@H]1CC[C@@]13C[C@@H](CC[C@@H]21)[C@@](O)(CO)C3,Launched,,pregnane X receptor agonist,,,,,0,GPCR,GPCR,discovery compound,,,,,,316.204,Enzo,NP418,Cafestol,95.32,1068,29,5,True,289,334,137,1,323,12,True,True,True,True,True,True,True,True,False,True,,
calcitonin,BRD-K00005332-019-01-9,JDJALSWDQPEHEJ-XXZWWZJQSA-N,,CHEMBL4594242,[H]N[C@H]1CSSC[C@H](NC(=O)[C@@H](NC(=O)[C@H](CO)NC(=O)[C@H](CC(C)C)NC(=O)[C@H](CC(N)=O)NC(=O)[C@H](CO)NC1=O)[C@@H](C)O)C(=O)N[C@@H](C(C)C)C(=O)N[C@@H](CC(C)C)C(=O)NCC(=O)N[C@@H](CCCCN)C(=O)N[C@@H](CC(C)C)C(=O)N[C@@H](CO)C(=O)N[C@@H](CCC(N)=O)C(=O)N[C@@H](CCC(O)=O)C(=O)N[C@@H](CC(C)C)C(=O)N[C@@H](Cc1c[nH]cn1)C(=O)N[C@@H](CCCCN)C(=O)N[C@@H](CC(C)C)C(=O)N[C@@H](CCC(N)=O)C(=O)N[C@@H]([C@@H](C)O)C(=O)N[C@@H](Cc1ccc(O)cc1)C(=O)N1CCC[C@H]1C(=O)N[C@@H](CCCNC(N)=N)C(=O)N[C@@H]([C@@H](C)O)C(=O)N[C@@H](CC(O)=O)C(=O)N[C@@H](C(C)C)C(=O)NCC(=O)N[C@@H](C)C(=O)NCC(=O)N[C@@H]([C@@H](C)O)C(=O)N1CCC[C@H]1C(N)=O |r|,Launched,4.0,calcitonin agonist,Calcitonin receptor agonist [AGONIST],AGONIST,,,0,other / unclassified,other / unclassified,discovery compound,,685.0,11.4,pEC50,Human,3412.723,MedChemEx,HY-P1463A,"Calcitonin, eel (TFA)",93.78,81400,7261,1076,True,17621,13185,12199,282,23485,612,True,True,True,True,True,True,True,True,False,True,orthopedics,osteoporosis
candesartan-cilexetil,BRD-A65671304-001-09-9,GHOSNRCGJFBJIB-OAQYLSRUSA-N,51399532.0,CHEMBL1014,"CCOc1nc2cccc(C(=O)O[C@@H](C)OC(=O)OC3CCCCC3)c2n1Cc1ccc(cc1)-c1ccccc1-c1nn[nH]n1 |&1:13,r|",Launched,4.0,angiotensin receptor antagonist,Type-1 angiotensin II receptor antagonist [ANTAGONIST],ANTAGONIST,,,0,GPCR,GPCR,discovery compound,,,,,,610.254,MedChemEx,HY-17505,Candesartan (Cilexetil),98.63,1868,10,3,True,225,209,200,1,630,20,True,True,True,True,True,True,True,True,False,True,cardiology,hypertension|congestive heart failure|hypertension
candicidin,BRD-A37348498-015-01-4,HYIZCDMXFDRDFE-RGXQRFNASA-N,,CHEMBL1200647,"C[C@@H](C[C@@H](C)[C@H]1OC(=O)CC(=O)CCCC(=O)C[C@@H](O)C[C@@H](O)C[C@@H](O)CC(=O)C[C@@H](O)[C@@H]([C@@H](O)C[C@@H](O[C@@H]2O[C@H](C)[C@H](O)[C@@H](O)[C@@H]2N)\C=C\C=C\C=C\C=C\C=C\C=C\C=C\[C@@H]1C)C(O)=O)[C@@H](O)CC(=O)c1ccc(N)cc1 |a:38,40,42,44,46,&1:1,&2:3,&3:5,&4:18,&5:21,&6:24,&7:30,&8:32,&9:33,&10:36,&11:62,&12:67,t:49,51,53,55,57,59,61|",Launched,,fungal ergosterol inhibitor,,,,,0,other / unclassified,other / unclassified,discovery compound,,,,,,1108.572,MicroSource,1503867,CANDICIDIN,0.0,1079,13,6,True,167,175,65,0,91,6,True,True,True,False,True,True,True,True,False,True,infectious disease,vulvovaginal candidiasis
cangrelor,BRD-K00004669-001-01-9,PAEBIVWUMLRPSK-IDTAVKCVSA-N,9854012.0,CHEMBL334966,CSCCNc1nc(SCCC(F)(F)F)nc2n(cnc12)[C@@H]1O[C@H](COP(O)(=O)OP(O)(=O)C(Cl)(Cl)P(O)(O)=O)[C@@H](O)[C@H]1O,Launched,4.0,purinergic receptor antagonist,Purinergic receptor P2Y12 inhibitor [INHIBITOR],INHIBITOR,,,0,GPCR,GPCR,discovery compound,,1776.0,8.0,pIC50,Human,774.948,Adooq,A12843,AR-C 69931,94.41,2329,35,5,True,311,339,521,1,1440,22,True,True,True,True,True,True,True,True,False,True,cardiology,myocardial infarction
cantharidin,BRD-K80684056-001-05-1,DHZBEENLJMYSHQ-XCVPVQRUSA-N,5944.0,CHEMBL48449,C[C@]12[C@@H]3CC[C@@H](O3)[C@@]1(C)C(=O)OC2=O,Launched,4.0,protein phosphatase inhibitor,,,,,0,phosphatase,phosphatase,discovery compound,,13081.0,6.7,pIC50,Human,196.074,Sigma,MFCD00134968,"(3aR,4S,7R,7aS)-3a,7a-dimethylhexahydro-4,7-epoxyisobenzofuran-1,3-dione",47.3,3735,128,33,True,1445,1382,440,7,911,60,True,True,True,True,True,True,True,True,False,True,dermatology,blisters
carbadox,BRD-K56735750-001-07-6,OVGGLBAWFMIPPY-WUXMJOGZSA-N,135511839.0,CHEMBL13779,COC(=O)N\N=C\c1c[n+]([O-])c2ccccc2[n+]1[O-],Launched,2.0,other antibiotic,,,,,0,other / unclassified,other / unclassified,discovery compound,,,,,,262.07,Selleck,S4312,carbadox,99.18,748,7,5,True,101,69,20,0,31,14,True,True,True,False,True,True,True,True,False,True,infectious disease|gastroenterology,dysentry|enteritis
carbaril,BRD-K54208592-001-10-9,CVXBEEMKQHEXEN-UHFFFAOYSA-N,6129.0,CHEMBL46917,CNC(=O)Oc1cccc2ccccc12,Launched,4.0,acetylcholinesterase inhibitor,,,,,0,other / unclassified,other / unclassified,discovery compound,,,,,,201.079,Sigma,MFCD00021467,1-Naphthyl-N-methylcarbamate,94.61,19,0,0,False,2,3,0,0,3,0,True,True,False,False,True,False,True,True,False,True,,
carbarsone,BRD-K94848716-001-12-9,WWXBHTZSYYGCSG-UHFFFAOYSA-N,8480.0,CHEMBL1331366,NC(=O)Nc1ccc(cc1)[As](O)(O)=O,Launched,,antiprotozoal agent,,,,,0,other / unclassified,other / unclassified,discovery compound,,,,,,259.978,FrontierSci,500055484,[4-(carbamoylamino)phenyl]arsonic acid,100.0,299,7,2,True,21,11,4,0,41,5,True,True,True,False,True,True,True,True,False,True,infectious disease,amebiasis
carbenicillin,BRD-A13078313-304-09-9,FPPNZSSZRUTDAP-BBGACYKPSA-N,12877824.0,CHEMBL1095283,"CC1(C)S[C@@H]2[C@H](NC(=O)[C@@H](C(O)=O)c3ccccc3)C(=O)N2[C@H]1C(O)=O |a:4,5,22,&1:9|",Launched,2.0,bacterial cell wall synthesis inhibitor,Unknown [None],,,,0,other / unclassified,other / unclassified,discovery compound,,10768.0,,,,378.089,MedChemEx,HY-B0525A,Carbenicillin (disodium),0.0,25466,218,53,True,3528,3138,1666,0,1479,75,True,True,True,False,True,True,True,True,False,True,infectious disease,gram-negative bacterial infections
carumonam,BRD-K71026158-304-01-0,UIMOJFJSJSIGLV-JNHMLNOCSA-N,6540466.0,CHEMBL1614658,NC(=O)OC[C@@H]1[C@H](NC(=O)C(=N/OCC(O)=O)\c2csc(N)n2)C(=O)N1S(O)(=O)=O,Launched,2.0,bacterial cell wall synthesis inhibitor,,,,,0,other / unclassified,other / unclassified,discovery compound,,12296.0,,,,466.021,Sigma,MFCD00875847,"disodium ({[(Z)-2-[((2S,3S)-2-{[(aminocarbonyl)oxy]methyl}-4-oxo-1-sulfonato-3-azetidinyl)amino]-1-(2-amino-1,3-thiazol-4-yl)-2-oxoethylidene]amino}oxy)acetate",97.4,264,3,1,True,13,11,4,0,14,2,True,True,True,False,True,True,True,True,False,True,infectious disease,urinary tract infections|gram-negative bacterial infections
caspofungin,BRD-K00002625-402-02-9,JYIKNQVWKBUSNH-WVDDFWQHSA-N,16119814.0,CHEMBL1630575,[H][C@@]12C[C@@H](O)CN1C(=O)[C@@H](NC(=O)[C@H](C[C@@H](O)[C@@H](NCCN)NC(=O)[C@@H]1[C@@H](O)CCN1C(=O)[C@@H](NC(=O)[C@@H](NC2=O)[C@H](O)[C@@H](O)c1ccc(O)cc1)[C@H](O)CCN)NC(=O)CCCCCCCC[C@@H](C)C[C@@H](C)CC)[C@@H](C)O,Launched,4.0,"bacterial cell wall synthesis inhibitor|fungal 1,3-beta-D-glucan synthase inhibitor",,,,,0,metabolic,metabolic,discovery compound,,,,,,1092.643,MedChemEx,HY-17006,Caspofungin (Acetate),100.0,15112,242,48,True,2282,2079,1133,2,2360,167,True,True,True,True,True,True,True,True,False,True,infectious disease,candidemia|esophageal candidiasis|aspergillosis|peritonitis|fungal infection
cefaclor,BRD-K20338176-001-17-7,QYIYFLOTGYLRGG-GPCCPHFNSA-N,7048572.0,CHEMBL680,N[C@@H](C(=O)N[C@H]1[C@H]2SCC(Cl)=C(N2C1=O)C(O)=O)c1ccccc1 |c:10|,Launched,4.0,bacterial cell wall synthesis inhibitor,,,,,0,other / unclassified,other / unclassified,discovery compound,,10897.0,,,,367.039,MicroSource,1500771,CEFACLOR,89.07,5148,96,15,True,417,311,258,2,514,59,True,True,True,True,True,True,True,True,False,True,infectious disease|otolaryngology,pneumonia|skin infections|urinary tract infections|respiratory tract infections|tonsillitis|pharyngitis
cefalonium,BRD-K15514357-002-06-9,FMZXNVLFJHCSAF-DNVCBOLYSA-O,21744.0,CHEMBL2105567,NC(=O)c1cc[n+](CC2=C(N3[C@H](SC2)[C@H](NC(=O)Cc2cccs2)C3=O)C(O)=O)cc1 |t:8|,Launched,2.0,bacterial cell wall synthesis inhibitor,,,,,0,other / unclassified,other / unclassified,discovery compound,,13609.0,,,,459.08,Toronto,c236800,cefalonium hydrate,58.98,104,1,1,True,12,15,10,0,9,5,True,True,True,False,True,True,True,True,False,True,infectious disease,gram-positive bacterial infections
cefamandole,BRD-K27130738-236-15-8,OLVCFLKTBJRLHI-AXAPSJFSSA-N,456255.0,CHEMBL1360024,Cn1nnnc1SCC1=C(N2[C@H](SC1)[C@H](NC(=O)[C@H](O)c1ccccc1)C2=O)C(O)=O |t:9|,Launched,-1.0,bacterial cell wall synthesis inhibitor,,,,,0,other / unclassified,other / unclassified,discovery compound,,12210.0,,,,462.078,MicroSource,1502038,CEFAMANDOLE SODIUM,32.02,3704,47,9,True,185,111,116,0,358,18,True,True,True,False,True,True,True,True,False,True,infectious disease,skin infections|urinary tract infections|respiratory tract infections
cefamandole-nafate,BRD-K17903788-236-02-7,RRJHESVQVSRQEX-SUYBPPKGSA-N,5284527.0,CHEMBL1618,Cn1nnnc1SCC1=C(N2[C@H](SC1)[C@H](NC(=O)[C@H](OC=O)c1ccccc1)C2=O)C(O)=O |t:9|,Launched,4.0,bacterial cell wall synthesis inhibitor,Bacterial penicillin-binding protein inhibitor [INHIBITOR],INHIBITOR,,,0,other / unclassified,other / unclassified,discovery compound,,,,,,490.073,MedChemEx,HY-B1166,Cefamandole (nafate),43.32,240,5,0,True,22,14,23,0,43,2,True,True,True,False,True,True,True,True,False,True,infectious disease,skin infections|urinary tract infections|respiratory tract infections
cefathiamidine,BRD-K63835048-001-01-0,JYXACOFERDBGGQ-RHSMWYFYSA-N,44537522.0,CHEMBL4303356,CC(C)N\C(SCC(=O)N[C@H]1[C@H]2SCC(COC(C)=O)=C(N2C1=O)C(O)=O)=N/C(C)C |c:19|,Launched,,bacterial cell wall synthesis inhibitor,,,,,0,other / unclassified,other / unclassified,discovery compound,,,,,,472.145,AKSci,S023,,68.39,152,10,1,True,11,7,6,0,27,1,True,True,True,False,True,True,True,True,False,True,infectious disease,gram-positive bacterial infections
cefcapene-pivoxil,BRD-K27515606-003-01-3,WVPAABNYMHNFJG-QDVBXLKVSA-N,5282438.0,CHEMBL2431072,CC\C=C(/C(=O)N[C@H]1[C@H]2SCC(COC(N)=O)=C(N2C1=O)C(=O)OCOC(=O)C(C)(C)C)c1csc(N)n1 |c:16|,Launched,,bacterial cell wall synthesis inhibitor,,,,,0,other / unclassified,other / unclassified,discovery compound,,,,,,567.146,Astatech,83157,"(pivaloyloxy)methyl (6R,7R)-7-((Z)-2-(2-aminothiazol-4-yl)pent-2-enamido)-3-((carbamoyloxy)methyl)-8-oxo-5-thia-1-azabicyclo[4.2.0]oct-2-ene-2-carboxylate hydrochloride",90.61,301,8,1,True,24,13,21,0,69,4,True,True,True,False,True,True,True,True,False,True,infectious disease,skin infections|pneumonia|urinary tract infections
cefditoren-pivoxil,BRD-K72167406-001-06-9,AFZFFLVORLEPPO-UVYJNCLZSA-N,6437877.0,CHEMBL454446,CO\N=C(/C(=O)N[C@H]1[C@H]2SCC(\C=C/c3scnc3C)=C(N2C1=O)C(=O)OCOC(=O)C(C)(C)C)c1csc(N)n1 |c:20|,Launched,4.0,bacterial cell wall synthesis inhibitor,Bacterial penicillin-binding protein inhibitor [INHIBITOR],INHIBITOR,,,0,other / unclassified,other / unclassified,discovery compound,,,,,,620.118,MedChemEx,HY-17452A,Cefditoren (Pivoxil),90.31,433,6,1,True,25,19,21,0,54,4,True,True,True,False,True,True,True,True,False,True,infectious disease|pulmonary|otolaryngology,pneumonia|bronchitis|skin infections|tonsillitis|pharyngitis
cefepime,BRD-A12077521-003-01-5,HVFLCNVBZFFHBT-FKULVZFESA-O,5464263.0,CHEMBL186,"CO\N=C(\C(=O)N[C@H]1[C@H]2SCC(C[N+]3(C)CCCC3)=C(N2C1=O)C(O)=O)c1csc(N)n1 |&1:7,&2:8,c:19|",Launched,4.0,bacterial cell wall synthesis inhibitor,,,,,0,other / unclassified,other / unclassified,discovery compound,,10772.0,,,,481.133,MicroSource,1502420,CEFEPIME HYDROCHLORIDE,96.32,34004,399,103,True,2464,1895,1234,0,4656,159,True,True,True,False,True,True,True,True,False,True,infectious disease,pneumonia|urinary tract infections|skin infections|intra-abdominal infections
cefetamet,BRD-K27798832-001-02-9,MQLRYUCJDNBWMV-GHXIOONMSA-N,5487888.0,CHEMBL2103764,CO\N=C(/C(=O)N[C@H]1[C@H]2SCC(C)=C(N2C1=O)C(O)=O)c1csc(N)n1 |c:12|,Launched,2.0,bacterial cell wall synthesis inhibitor,,,,,0,other / unclassified,other / unclassified,discovery compound,,12416.0,,,,397.051,Sigma,MFCD00864836,"(6R,7R)-7-{[(2Z)-2-(2-amino-1,3-thiazol-4-yl)-2-(methoxyimino)ethanoyl]amino}-3-methyl-8-oxo-5-thia-1-azabicyclo[4.2.0]oct-2-ene-2-carboxylic acid",94.12,340,6,1,True,15,10,7,0,15,5,True,True,True,False,True,True,True,True,False,True,infectious disease|otolaryngology|pulmonary,ear infections|pneumonia|otitis|sinusitis|bronchitis|urinary tract infections
cefetamet-pivoxil,BRD-K21372554-003-02-5,DASYMCLQENWCJG-XUKDPADISA-N,5486182.0,CHEMBL4303443,CO\N=C(/C(=O)N[C@H]1[C@H]2SCC(C)=C(N2C1=O)C(=O)OCOC(=O)C(C)(C)C)c1csc(N)n1 |c:12|,Launched,,bacterial cell wall synthesis inhibitor,,,,,0,other / unclassified,other / unclassified,discovery compound,,,,,,511.12,MedChemEx,HY-B1894A,Cefetamet pivoxil (hydrochloride),87.11,134,2,0,True,4,4,3,0,7,2,True,True,True,False,True,True,True,True,False,True,infectious disease,gram-positive bacterial infections
cefiderocol,BRD-K00003257-001-01-9,DBPPRLRVDVJOCL-FQRUVTKNSA-O,46195832.0,CHEMBL4297211,[H][C@]12SCC(C[N+]3(CCNC(=O)c4ccc(O)c(O)c4Cl)CCCC3)=C(N1C(=O)[C@H]2NC(=O)C(=N/OC(C)(C)C(O)=O)\c1csc(N)n1)C(O)=O |c:26|,Launched,4.0,antibacterial ,Bacterial penicillin-binding protein inhibitor [INHIBITOR],INHIBITOR,,,0,other / unclassified,other / unclassified,discovery compound,,10776.0,,,,752.158,MedChemEx,HY-17628,Cefiderocol,62.5,4105,26,7,True,280,343,175,0,363,20,True,True,True,False,True,True,True,True,False,True,,
cefixime,BRD-K71059170-341-02-5,OKBVVJOGVLARMR-QSWIMTSFSA-N,5362065.0,CHEMBL1541,Nc1nc(cs1)C(=N\OCC(O)=O)\C(=O)N[C@H]1[C@H]2SCC(C=C)=C(N2C1=O)C(O)=O |c:23|,Launched,4.0,bacterial cell wall synthesis inhibitor,Bacterial penicillin-binding protein inhibitor [INHIBITOR],INHIBITOR,,,0,other / unclassified,other / unclassified,discovery compound,,10898.0,,,,453.041,Sigma,MFCD03788802,"(6R,7R)-7-({(2Z)-2-(2-amino-1,3-thiazol-4-yl)-2-[(carboxymethoxy)imino]ethanoyl}amino)-8-oxo-3-vinyl-5-thia-1-azabicyclo[4.2.0]oct-2-ene-2-carboxylic acid trihydrate",93.65,9939,173,34,True,874,624,365,0,923,108,True,True,True,False,True,True,True,True,False,True,infectious disease|otolaryngology|pulmonary,urinary tract infections|otitis|pharyngitis|tonsillitis|gonorrhea|bronchitis
cefmenoxime,BRD-K00003661-003-01-9,HJJDBAOLQAWBMH-YCRCPZNHSA-N,9570757.0,CHEMBL1201224,[H][C@]12SCC(CSc3nnnn3C)=C(N1C(=O)[C@H]2NC(=O)C(=N/OC)\c1csc(N)n1)C(O)=O |c:13|,Launched,4.0,bacterial cell wall synthesis inhibitor,,,,,0,other / unclassified,other / unclassified,discovery compound,,12024.0,,,,511.051,MedChemEx,HY-B0875,Cefmenoxime (hydrochloride),90.8,925,10,4,True,53,31,20,0,50,7,True,True,True,False,True,True,True,True,False,True,infectious disease,gram-negative bacterial infections
cefmetazole,BRD-K48470486-236-11-6,SNBUBQHDYVFSQF-HIFRSBDPSA-N,42008.0,CHEMBL1201195,CO[C@]1(NC(=O)CSCC#N)[C@H]2SCC(CSc3nnnn3C)=C(N2C1=O)C(O)=O |c:23|,Launched,4.0,bacterial cell wall synthesis inhibitor,,,,,0,other / unclassified,other / unclassified,discovery compound,,12215.0,,,,471.045,MedChemEx,HY-B1257,Cefmetazole (sodium),89.48,2765,42,9,True,191,115,101,0,421,16,True,True,True,False,True,True,True,True,False,True,infectious disease,urinary tract infections|skin infections
cefminox,BRD-K77073709-435-01-2,JSDXOWVAHXDYCU-VXSYNFHWSA-N,71141.0,CHEMBL1276342,CO[C@]1(NC(=O)CSC[C@@H](N)C(O)=O)[C@H]2SCC(CSc3nnnn3C)=C(N2C1=O)C(O)=O |c:26|,Launched,2.0,bacterial cell wall synthesis inhibitor,,,,,0,other / unclassified,other / unclassified,discovery compound,,12255.0,,,,519.066,Key,KS-1224,"sodium (6R,7S)-7-[({[(2S)-2-amino-2-carboxyethyl]sulfanyl}acetyl)amino]-7-methoxy-3-{[(1-methyl-1H-tetraazol-5-yl)sulfanyl]methyl}-8-oxo-5-thia-1-azabicyclo[4.2.0]oct-2-ene-2-carboxylate heptahydrate",83.7,354,5,2,True,32,17,14,0,49,3,True,True,True,False,True,True,True,True,False,True,infectious disease,gram-negative bacterial infections
cefodizime,BRD-K22641081-304-01-8,XDZKBRJLTGRPSS-BGZQYGJUSA-N,5361871.0,CHEMBL2303613,CO\N=C(/C(=O)N[C@H]1[C@H]2SCC(CSc3nc(C)c(CC(O)=O)s3)=C(N2C1=O)C(O)=O)c1csc(N)n1 |c:24|,Launched,2.0,bacterial cell wall synthesis inhibitor,Bacterial penicillin-binding protein inhibitor [INHIBITOR],INHIBITOR,,,0,other / unclassified,other / unclassified,discovery compound,,12032.0,,,,584.028,Kemprotec,69739-16-8,"disodium (6R,7R)-7-{[(2E)-2-(2-amino-1,3-thiazol-4-yl)-2-(methoxyimino)ethanoyl]amino}-3-({[4-methyl-5-(2-oxido-2-oxoethyl)-1,3-thiazol-2-yl]sulfanyl}methyl)-8-oxo-5-thia-1-azabicyclo[4.2.0]oct-2-ene-;2-carboxylate",73.75,533,8,2,True,39,28,17,0,46,4,True,True,True,False,True,True,True,True,False,True,infectious disease,respiratory tract infections|skin infections|gonorrhea
cefonicid,BRD-K34058848-304-03-1,DYAIAHUQIPBDIP-AXAPSJFSSA-N,43594.0,CHEMBL1601,O[C@@H](C(=O)N[C@H]1[C@H]2SCC(CSc3nnnn3CS(O)(=O)=O)=C(N2C1=O)C(O)=O)c1ccccc1 |c:22|,Launched,4.0,bacterial cell wall synthesis inhibitor,,,,,0,other / unclassified,other / unclassified,discovery compound,,12217.0,,,,542.035,MicroSource,1505474,CEFONICID SODIUM,83.1,622,13,3,True,33,28,24,0,64,5,True,True,True,False,True,True,True,True,False,True,infectious disease,gram-positive bacterial infections
cefoperazone,BRD-K02292852-001-06-9,GCFBRXLSHGKWDP-XCGNWRKASA-N,44187.0,CHEMBL1200482,CCN1CCN(C(=O)N[C@@H](C(=O)N[C@H]2[C@H]3SCC(CSc4nnnn4C)=C(N3C2=O)C(O)=O)c2ccc(O)cc2)C(=O)C1=O |c:26|,Launched,4.0,bacterial cell wall synthesis inhibitor,Bacterial penicillin-binding protein inhibitor [INHIBITOR],INHIBITOR,,,0,other / unclassified,other / unclassified,discovery compound,,12025.0,,,,645.142,MedChemEx,HY-B0210,Cefoperazone,97.29,13789,178,25,True,1424,960,573,3,1806,85,True,True,True,True,True,True,True,True,False,True,infectious disease,gram-negative bacterial infections
ceforanide,BRD-K37848908-001-05-6,SLAYUXIURFNXPG-CRAIPNDOSA-N,43507.0,CHEMBL1201046,NCc1ccccc1CC(=O)N[C@H]1[C@H]2SCC(CSc3nnnn3CC(O)=O)=C(N2C1=O)C(O)=O |c:29|,Launched,4.0,penicillin binding protein inhibitor,Bacterial penicillin-binding protein inhibitor [INHIBITOR],INHIBITOR,,,0,other / unclassified,other / unclassified,discovery compound,,12218.0,,,,519.099,AvaChem,2438,"(6R,7R)-7-({[2-(aminomethyl)phenyl]acetyl}amino)-3-({[1-(carboxymethyl)-1H-tetraazol-5-yl]sulfanyl}methyl)-8-oxo-5-thia-1-azabicyclo[4.2.0]oct-2-ene-2-carboxylic acid",90.8,243,9,2,True,28,26,12,0,28,3,True,True,True,False,True,True,True,True,False,True,infectious disease,gram-negative bacterial infections
cefoselis,BRD-K72339976-065-03-9,ZINFAXPQMLDEEJ-GFVOIPPFSA-N,9830520.0,CHEMBL2105940,CO\N=C(/C(=O)N[C@H]1[C@H]2SCC(Cn3ccc(=N)n3CCO)=C(N2C1=O)C(O)=O)c1csc(N)n1 |c:22|,Launched,2.0,bacterial cell wall synthesis inhibitor,,,,,0,other / unclassified,other / unclassified,discovery compound,,12034.0,,,,522.11,Selleck,S1371,Cefoselis sulfate,99.54,134,3,1,True,9,13,4,0,11,1,True,True,True,False,True,True,True,True,False,True,infectious disease,gram-negative bacterial infections|gram-positive bacterial infections
cefotaxime,BRD-K78364995-236-18-3,GPRBEKHLDVQUJE-QSWIMTSFSA-N,5742673.0,CHEMBL1010,CO\N=C(/C(=O)N[C@H]1[C@H]2SCC(COC(C)=O)=C(N2C1=O)C(O)=O)c1csc(N)n1 |c:16|,Launched,4.0,bacterial cell wall synthesis inhibitor,Bacterial penicillin-binding protein inhibitor [INHIBITOR],INHIBITOR,,,0,other / unclassified,other / unclassified,discovery compound,,10893.0,,,,455.057,MedChemEx,HY-A0088,Cefotaxime (sodium salt),95.77,47753,556,112,True,4043,2720,1700,2,4739,232,True,True,True,True,True,True,True,True,False,True,infectious disease,respiratory tract infections|bone and joint infections|pelvic inflammatory disease|intra-abdominal infections|skin infections|meningitis|urinary tract infections|bacterial septicemia|gynecologic infections
cefotetan,BRD-A78723049-001-01-2,SRZNHPXWXCNNDU-IXOPCIAXSA-N,,CHEMBL474579,"CO[C@]1(NC(=O)C2SC(S2)=C(C(N)=O)C(O)=O)[C@H]2SCC(CSc3nnnn3C)=C(N2C1=O)C(O)=O |a:2,&1:17,c:30|",Launched,4.0,bacterial cell wall synthesis inhibitor,,,,,0,other / unclassified,other / unclassified,discovery compound,,10936.0,,,,575.002,MicroSource,1502424,CEFOTETAN,88.4,2866,51,13,True,225,144,106,0,381,43,True,True,True,False,True,True,True,True,False,True,infectious disease,urinary tract infections|respiratory tract infections|skin infections|gynecologic infections|chlamydia|intra-abdominal infections|bone and joint infections|surgical prophylaxis
cefotiam,BRD-K02275692-300-02-6,QYQDKDWGWDOFFU-IUODEOHRSA-N,43708.0,CHEMBL4303232,CN(C)CCn1nnnc1SCC1=C(N2[C@H](SC1)[C@H](NC(=O)Cc1csc(N)n1)C2=O)C(O)=O |t:13|,Launched,4.0,bacterial cell wall synthesis inhibitor,Bacterial penicillin-binding protein inhibitor [INHIBITOR],INHIBITOR,,,0,other / unclassified,other / unclassified,discovery compound,,12254.0,,,,525.104,MedChemEx,HY-B0734A,Cefotiam (hydrochloride),88.63,1771,36,8,True,116,92,72,0,225,30,True,True,True,False,True,True,True,True,False,True,infectious disease,bacterial septicemia|bone and joint infections|respiratory tract infections|skin infections|urinary tract infections
cefotiam-cilexetil,BRD-A76661185-300-01-6,VVFDMWZLBPUKTD-XLHILCRZSA-N,,CHEMBL2104038,"C[C@@H](OC(=O)OC1CCCCC1)OC(=O)C1=C(CSc2nnnn2CCN(C)C)CS[C@H]2[C@@H](NC(=O)Cc3csc(N)n3)C(=O)N12 |&1:1,&2:31,&3:32,c:16|",Launched,3.0,bacterial cell wall synthesis inhibitor,,,,,0,other / unclassified,other / unclassified,discovery compound,,,,,,695.198,SantaCruz,sc-211042,,23.99,0,0,0,False,0,0,0,0,0,0,False,False,False,False,False,False,True,True,False,True,infectious disease,gram-negative bacterial infections|gram-positive bacterial infections
cefoxitin,BRD-K70976396-236-27-8,WZOZEZRFJCJXNZ-ZBFHGGJFSA-N,441199.0,CHEMBL1200530,CO[C@]1(NC(=O)Cc2cccs2)[C@H]2SCC(COC(N)=O)=C(N2C1=O)C(O)=O |c:21|,Launched,4.0,bacterial cell wall synthesis inhibitor,Bacterial penicillin-binding protein inhibitor [INHIBITOR],INHIBITOR,,,0,other / unclassified,other / unclassified,discovery compound,,10937.0,,,,427.051,MedChemEx,HY-B1117,Cefoxitin (sodium),98.36,25691,258,68,True,1973,1448,1171,1,1863,101,True,True,True,True,True,True,True,True,False,True,infectious disease,respiratory tract infections|urinary tract infections|intra-abdominal infections|gynecologic infections|bacterial septicemia|bone and joint infections|skin infections
cefozopran,BRD-K46970505-003-01-9,QDUIJCOKQCCXQY-WHJQOFBOSA-O,5491955.0,CHEMBL1276663,CO\N=C(/C(=O)N[C@H]1[C@H]2SCC(C[n+]3ccn4ncccc34)=C(N2C1=O)C(O)=O)c1nsc(N)n1 |c:23|,Launched,2.0,bacterial cell wall synthesis inhibitor,,,,,0,other / unclassified,other / unclassified,discovery compound,,12054.0,,,,516.087,MedChemEx,HY-B0771A,Cefozopran (hydrochloride),90.83,528,3,1,True,27,19,18,0,54,3,True,True,True,False,True,True,True,True,False,True,infectious disease,gram-negative bacterial infections|gram-positive bacterial infections
cefpiramide,BRD-K92872987-001-01-1,PWAUCHMQEXVFJR-PMAPCBKXSA-N,636405.0,CHEMBL1201204,Cc1cc(=O)c(c[nH]1)C(=O)N[C@@H](C(=O)N[C@H]1[C@H]2SCC(CSc3nnnn3C)=C(N2C1=O)C(O)=O)c1ccc(O)cc1 |c:29|,Launched,4.0,bacterial cell wall synthesis inhibitor,,,,,0,other / unclassified,other / unclassified,discovery compound,,12027.0,,,,612.121,Sigma,MFCD00864893,"(6R,7R)-7-{[(2R)-2-{[(4-hydroxy-6-methyl-3-pyridinyl)carbonyl]amino}-2-(4-hydroxyphenyl)ethanoyl]amino}-3-{[(1-methyl-1H-tetraazol-5-yl)sulfanyl]methyl}-8-oxo-5-thia-1-azabicyclo[4.2.0]oct-2-ene-2-car",86.38,393,8,2,True,29,27,14,0,39,1,True,True,True,False,True,True,True,True,False,True,infectious disease,gram-negative bacterial infections
cefpirome,BRD-K56542719-065-01-4,DKOQGJHPHLTOJR-PUIFZAHNSA-O,6917675.0,CHEMBL2106076,CO\N=C(\C(=O)N[C@H]1[C@H]2SCC(C[n+]3cccc4CCCc34)=C(N2C1=O)C(O)=O)c1csc(N)n1 |c:23|,Launched,4.0,bacterial cell wall synthesis inhibitor,,,,,0,other / unclassified,other / unclassified,discovery compound,,12033.0,,,,515.117,ChemImpex,15154,,91.01,1777,15,2,True,87,70,47,0,121,12,True,True,True,False,True,True,True,True,False,True,infectious disease,gram-negative bacterial infections
cefpodoxime,BRD-A34205213-001-03-9,LTINZAODLRIQIX-OLEGMKQCSA-N,51546414.0,CHEMBL1672,"COCC1=C(N2[C@H](SC1)[C@H](NC(=O)C(=N/OC)\c1csc(N)n1)C2=O)C(=O)O[C@@H](C)OC(=O)OC(C)C |a:6,9,&1:28,t:3|",Launched,4.0,bacterial cell wall synthesis inhibitor,Bacterial penicillin-binding protein inhibitor [INHIBITOR],INHIBITOR,,,0,other / unclassified,other / unclassified,discovery compound,,10780.0,,,,557.125,Key,KS-1149,"1-[(isopropoxycarbonyl)oxy]ethyl (6R,7R)-7-{[(2Z)-2-(2-amino-1,3-thiazol-4-yl)-2-(methoxyimino)ethanoyl]amino}-3-(methoxymethyl)-8-oxo-5-thia-1-azabicyclo[4.2.0]oct-2-ene-2-carboxylate",49.13,4977,102,21,True,368,243,158,0,447,51,True,True,True,False,True,True,True,True,False,True,otolaryngology|infectious disease|pulmonary,pharyngitis|pneumonia|bronchitis|gonorrhea|skin infections|urinary tract infections|sinusitis|tonsillitis
cefprozil,BRD-K24871708-002-04-6,WDLWHQDACQUCJR-ZAMMOSSLSA-N,5281006.0,CHEMBL3301800,C\C=C\C1=C(N2[C@H](SC1)[C@H](NC(=O)[C@H](N)c1ccc(O)cc1)C2=O)C(O)=O |t:3|,Launched,,bacterial cell wall synthesis inhibitor,,,,,0,other / unclassified,other / unclassified,discovery compound,,12219.0,,,,389.105,MedChemEx,HY-B0458,Cefprozil (monohydrate),76.4,1125,23,2,True,77,65,49,1,125,14,True,True,True,True,True,True,True,True,False,True,otolaryngology|infectious disease|pulmonary,pharyngitis|tonsillitis|otitis|sinusitis|respiratory tract infections|skin infections|bronchitis
cefsulodin,BRD-K03907181-236-07-6,SYLKGLMBLAAGSC-QLVMHMETSA-O,656576.0,CHEMBL3351077,NC(=O)c1cc[n+](CC2=C(N3[C@H](SC2)[C@H](NC(=O)[C@@H](c2ccccc2)S(O)(=O)=O)C3=O)C(O)=O)cc1 |t:8|,Launched,2.0,bacterial cell wall synthesis inhibitor,Bacterial penicillin-binding protein inhibitor [INHIBITOR],INHIBITOR,,,0,other / unclassified,other / unclassified,discovery compound,,10783.0,,,,533.08,MicroSource,1502029,CEFSULODIN SODIUM,29.68,2113,21,6,True,260,224,77,0,112,12,True,True,True,False,True,True,True,True,False,True,infectious disease,gram-negative bacterial infections
ceftaroline-fosamil,BRD-K37252028-349-01-8,ZCCUWMICIWSJIX-XHNDKCDBSA-O,10033059.0,CHEMBL501122,CCO\N=C(\C(=O)N[C@H]1[C@H]2SCC(Sc3nc(cs3)-c3cc[n+](C)cc3)=C(N2C1=O)C(O)=O)c1nc(=NP(O)(O)=O)s[nH]1 |c:27|,Launched,4.0,bacterial cell wall synthesis inhibitor,Penicillin-binding protein 2a inhibitor [INHIBITOR]; Penicillin-binding protein 2x inhibitor [INHIBITOR]; Bacterial penicillin-binding protein inhibitor [INHIBITOR],INHIBITOR,,,0,other / unclassified,other / unclassified,discovery compound,,,,,,685.018,GLSyntech,JN-0957,"4-(2-(((6R,7R)-2-carboxy-7-((E)-2-(ethoxyimino)-2-(5-(phosphonoamino)-1,2,4-thiadiazol-3-yl)acetamido)-8-oxo-5-thia-1-azabicyclo[4.2.0]oct-2-en-3-yl)thio)thiazol-4-yl)-1-methylpyridin-1-ium acetate hy;drate",63.93,717,16,3,True,62,77,29,0,106,10,True,True,True,False,True,True,True,True,False,True,infectious disease,skin infections|pneumonia
ceftazidime,BRD-K52117081-345-04-9,ORFOPKXBNMVMKC-DWVKKRMSSA-O,6321415.0,CHEMBL44354,CC(C)(O\N=C(/C(=O)N[C@H]1[C@H]2SCC(C[n+]3ccccc3)=C(N2C1=O)C(O)=O)c1csc(N)n1)C(O)=O |c:21|,Launched,4.0,bacterial cell wall synthesis inhibitor,Bacterial penicillin-binding protein inhibitor [INHIBITOR],INHIBITOR,,,0,other / unclassified,other / unclassified,discovery compound,,10762.0,,,,547.107,Selleck,S4314,,78.15,54729,688,139,True,4046,3242,2324,4,5812,240,True,True,True,True,True,True,True,True,False,True,infectious disease,respiratory tract infections|skin infections|bacterial septicemia|bone and joint infections|gynecologic infections|intra-abdominal infections|meningitis
ceftibuten,BRD-K11124378-002-01-0,UNJFKXSSGBWRBZ-BJCIPQKHSA-N,5282242.0,CHEMBL1605,Nc1nc(cs1)C(=C\CC(O)=O)\C(=O)N[C@H]1[C@H]2SCC=C(N2C1=O)C(O)=O |c:20|,Launched,4.0,bacterial cell wall synthesis inhibitor,Bacterial penicillin-binding protein inhibitor [INHIBITOR],INHIBITOR,,,0,other / unclassified,other / unclassified,discovery compound,,12029.0,,,,410.035,Sigma,MFCD20488049,"(6R,7R)-7-{[(2Z)-2-(2-amino-1,3-thiazol-4-yl)-4-carboxy-2-butenoyl]amino}-8-oxo-5-thia-1-azabicyclo[4.2.0]oct-2-ene-2-carboxylic acid hydrate",95.4,1054,19,3,True,75,69,31,0,90,17,True,True,True,False,True,True,True,True,False,True,pulmonary|otolaryngology,bronchitis|otitis|pharyngitis|tonsillitis
ceftiofur,BRD-K82960980-003-02-7,ZBHXIWJRIFEVQY-IHMPYVIRSA-N,6328657.0,CHEMBL222913,CO\N=C(/C(=O)N[C@H]1[C@H]2SCC(CSC(=O)c3ccco3)=C(N2C1=O)C(O)=O)c1csc(N)n1 |c:21|,Launched,2.0,bacterial cell wall synthesis inhibitor,Bacterial penicillin-binding protein inhibitor [INHIBITOR],INHIBITOR,,,0,other / unclassified,other / unclassified,discovery compound,,13653.0,,,,523.029,Selleck,S2543,Ceftiofur hydrochloride,93.8,5922,241,49,True,754,429,416,0,528,56,True,True,True,False,True,True,True,True,False,True,infectious disease,pneumonia|respiratory tract infections
ceftizoxim,BRD-K04301924-236-03-2,NNULBSISHYWZJU-LLKWHZGFSA-N,6533629.0,CHEMBL1201019,CO\N=C(/C(=O)N[C@H]1[C@H]2SCC=C(N2C1=O)C(O)=O)c1csc(N)n1 |c:11|,Launched,4.0,bacterial cell wall synthesis inhibitor,Bacterial penicillin-binding protein inhibitor [INHIBITOR],INHIBITOR,,,0,other / unclassified,other / unclassified,discovery compound,,10785.0,,,,383.036,MedChemEx,HY-B1596A,Ceftizoxime (sodium),88.85,44,3,1,True,9,3,2,0,8,3,True,True,True,False,True,True,True,True,False,True,infectious disease,respiratory tract infections|urinary tract infections|gonorrhea|pelvic inflammatory disease|intra-abdominal infections|bacterial septicemia|skin infections|bone and joint infections|meningitis
ceftriaxone,BRD-K96734425-304-01-7,VAAUVRVFOQPIGI-SPQHTLEESA-N,5479530.0,CHEMBL6067656,CO\N=C(/C(=O)N[C@H]1[C@H]2SCC(CSc3nc(=O)c(O)nn3C)=C(N2C1=O)C(O)=O)c1csc(N)n1 |c:23|,Launched,4.0,bacterial cell wall synthesis inhibitor,Bacterial penicillin-binding protein inhibitor [INHIBITOR],INHIBITOR,,,0,other / unclassified,other / unclassified,discovery compound,,5326.0,,,,554.046,MedChemEx,HY-B0712B,Ceftriaxone (sodium salt),85.48,84065,1599,250,True,6874,5183,3507,9,15793,577,True,True,True,True,True,True,True,True,False,True,infectious disease|otolaryngology,gonorrhea|pneumonia|otitis|skin infections|urinary tract infections|pelvic inflammatory disease|bacterial septicemia|bone and joint infections|intra-abdominal infections|meningitis|surgical prophylaxis
cefuroxime,BRD-K02733959-236-06-9,JFPVXVDWJQMJEE-IZRZKJBUSA-N,5479529.0,CHEMBL2146124,CO\N=C(/C(=O)N[C@H]1[C@H]2SCC(COC(N)=O)=C(N2C1=O)C(O)=O)c1ccco1 |c:16|,Launched,4.0,bacterial cell wall synthesis inhibitor,Bacterial penicillin-binding protein inhibitor [INHIBITOR],INHIBITOR,,,0,other / unclassified,other / unclassified,discovery compound,,10900.0,,,,424.069,MedChemEx,HY-B1256,Cefuroxime (sodium),86.53,27442,848,125,True,2131,1336,1380,3,4379,205,True,True,True,True,True,True,True,True,False,True,infectious disease,gram-negative bacterial infections
cefuroxime-axetil,BRD-A22303829-001-01-6,KEJCWVGMRLCZQQ-QFDKGRJDSA-N,9806360.0,CHEMBL1095930,"CO\N=C(/C(=O)N[C@H]1[C@H]2SCC(COC(N)=O)=C(N2C1=O)C(=O)O[C@@H](C)OC(C)=O)c1ccco1 |a:7,8,&1:24,c:16|",Launched,4.0,bacterial cell wall synthesis inhibitor,Bacterial penicillin-binding protein inhibitor [INHIBITOR],INHIBITOR,,,0,other / unclassified,other / unclassified,discovery compound,,,,,,510.106,Sigma,A4237,"1-(acetyloxy)ethyl (6R,7R)-3-{[(aminocarbonyl)oxy]methyl}-7-{[(2Z)-2-(2-furyl)-2-(methoxyimino)ethanoyl]amino}-8-oxo-5-thia-1-azabicyclo[4.2.0]oct-2-ene-2-carboxylate",56.52,2218,75,9,True,185,98,131,0,259,32,True,True,True,False,True,True,True,True,False,True,otolaryngology,pharyngitis|tonsillitis|otitis|sinusitis
cenobamate,BRD-K00003249-001-01-9,GFHAXPJGXSQLPT-VIFPVBQESA-N,11962412.0,CHEMBL3989949,NC(=O)O[C@@H](Cn1ncnn1)c1ccccc1Cl,Launched,4.0,GABA receptor modulator|voltage-gated sodium channel blocker,GABA-A receptor; anion channel positive allosteric modulator [POSITIVE ALLOSTERIC MODULATOR]; Sodium channel alpha subunit inhibitor [INHIBITOR],INHIBITOR; POSITIVE ALLOSTERIC MODULATOR,,,0,ion channel,ion channel,discovery compound,,10773.0,4.4,pEC50,Human,267.052,MedChemEx,HY-17607,Cenobamate,100.0,732,5,1,True,57,66,22,0,150,71,True,True,True,False,True,True,True,True,False,True,,
cephalexin,BRD-K90733503-001-08-7,ZAIPMKNFIOOWCQ-UEKVPHQBSA-N,6560168.0,CHEMBL1200366,CC1=C(N2[C@H](SC1)[C@H](NC(=O)[C@H](N)c1ccccc1)C2=O)C(O)=O |t:1|,Launched,4.0,bacterial cell wall synthesis inhibitor,Bacterial penicillin-binding protein inhibitor [INHIBITOR],INHIBITOR,,,0,other / unclassified,other / unclassified,discovery compound,,4832.0,,,,347.094,MedChemEx,HY-B0200,Cephalexin,75.26,17654,599,111,True,1986,1243,976,3,2348,261,True,True,True,True,True,True,True,True,False,True,infectious disease|otolaryngology,respiratory tract infections|otitis|skin infections|bone and joint infections|genitourinary tract infections
cephalothin,BRD-K28210218-236-08-1,XIURVHNZVLADCM-IUODEOHRSA-N,6024.0,CHEMBL617,CC(=O)OCC1=C(N2[C@H](SC1)[C@H](NC(=O)Cc1cccs1)C2=O)C(O)=O |t:5|,Launched,4.0,bacterial cell wall synthesis inhibitor,,,,,0,other / unclassified,other / unclassified,discovery compound,,8798.0,7.6,pIC50,Human,396.045,MicroSource,1500166,CEPHALOTHIN SODIUM,92.86,12936,148,32,True,790,572,395,0,812,53,True,True,True,False,True,True,True,True,False,True,infectious disease,skin infections|surgical prophylaxis
cephapirin,BRD-K49880111-236-11-8,UQLLWWBDSUHNEB-CZUORRHYSA-N,30699.0,CHEMBL1201043,CC(=O)OCC1=C(N2[C@H](SC1)[C@H](NC(=O)CSc1ccncc1)C2=O)C(O)=O |t:5|,Launched,4.0,bacterial cell wall synthesis inhibitor,Bacterial penicillin-binding protein inhibitor [INHIBITOR],INHIBITOR,,,0,other / unclassified,other / unclassified,discovery compound,,12191.0,,,,423.056,Selleck,S4393,CEPHAPIRIN SODIUM,88.36,1146,15,6,True,62,42,21,0,72,15,True,True,True,False,True,True,True,True,False,True,obstetrics/gynecology,mastitis
cephradine,BRD-A90807417-001-04-5,RDLPVSKMFDYCOR-HFAKWTLXSA-N,12876371.0,CHEMBL1604,"CC1=C(N2[C@@H](SC1)[C@H](NC(=O)[C@H](N)C1=CCC=CC1)C2=O)C(O)=O |a:7,11,&1:4,c:17,t:1,14|",Launched,4.0,bacterial cell wall synthesis inhibitor,Bacterial penicillin-binding protein inhibitor [INHIBITOR],INHIBITOR,,,0,other / unclassified,other / unclassified,discovery compound,,4830.0,,,,349.11,MicroSource,1500168,CEPHRADINE,5.47,2207,42,6,True,177,116,83,0,219,23,True,True,True,False,True,True,True,True,False,True,infectious disease,skin infections|respiratory tract infections|urinary tract infections
ceramide,BRD-K41707108-001-05-6,BLTCBVOJNNKFKC-QUDYQQOWSA-N,5497136.0,CHEMBL155886,CCCCCCCCCCCCC\C=C\[C@@H](O)[C@H](CO)NC(C)=O,Launched,2.0,phosphoenolpyruvate carboxylase activator|serine/threonine protein phosphatase activator,,,,,0,phosphatase; metabolic,phosphatase,discovery compound,,,,,,341.293,Tocris,744,Ceramide,100.0,67973,2410,293,True,27906,34086,13206,98,20516,568,True,True,True,True,True,True,True,True,False,True,dermatology,cosmetic
chiniofon,BRD-K52284881-001-03-9,ZBJWWKFMHOAPNS-UHFFFAOYSA-N,1550821.0,CHEMBL2104146,Oc1c(I)cc(c2cccnc12)S(O)(=O)=O,Launched,2.0,antiprotozoal agent,,,,,0,other / unclassified,other / unclassified,discovery compound,,,,,,350.906,Sigma,MFCD00006793,8-Hydroxy-7-iodo-5-quinolinesulfonic acid,97.33,119,4,0,True,1,1,2,0,16,0,True,True,True,False,True,False,True,True,False,True,infectious disease,amebiasis
chlorambucil,BRD-K29458283-001-29-9,JCKYGMPEJWAADB-UHFFFAOYSA-N,2708.0,CHEMBL515,OC(=O)CCCc1ccc(cc1)N(CCCl)CCCl,Launched,4.0,DNA inhibitor,DNA inhibitor [INHIBITOR],INHIBITOR,,,0,other / unclassified,other / unclassified,discovery compound,,7143.0,,,,303.079,MicroSource,1500171,CHLORAMBUCIL,94.93,13454,287,57,True,3904,3232,1077,2,2631,330,True,True,True,True,True,True,True,True,False,True,hematologic malignancy,chronic lymphocytic leukemia (CLL)|Hodgkin's lymphoma
chlorcyclizine,BRD-A57133233-003-11-0,WFNAKBGANONZEQ-SFHVURJKSA-N,688437.0,CHEMBL22150,CN1CCN(CC1)[C@@H](c1ccccc1)c1ccc(Cl)cc1 |&1:7|,Launched,2.0,histamine receptor antagonist,,,,,0,GPCR,GPCR,discovery compound,,,,,,300.139,Enzo,AC2340,Chlorcyclizine hydrochloride,97.82,353,10,8,True,54,37,30,0,49,26,True,True,True,False,True,True,True,True,False,True,allergy,allergic rhinitis
chlorhexidine,BRD-K52256627-300-05-8,"InChI=1S/C22H30Cl2N10/c23-15-5-9-17(10-6-15)31-21(27)33-19(25)29-13-3-1-2-4-14-30-20(26)34-22(28)32-18-11-7-16(24)8-12-18/h5-12H,1-4,13-14H2,(H5,25,27,29,31,33)(H5,26,28,30,32,34)",9552079.0,CHEMBL1628,NC(Nc1ccc(Cl)cc1)=NC(=N)NCCCCCCNC(=N)N=C(N)Nc1ccc(Cl)cc1,Launched,,membrane integrity inhibitor,,,,,0,other / unclassified,other / unclassified,discovery compound,,14052.0,,,,504.203,InterBioScreen,STOCK1S-18831,,97.82,65910,4285,367,True,11521,7118,11674,60,15023,406,True,True,True,True,True,True,True,True,False,True,dermatology|infectious disease|dental,cosmetic|skin infections|gingivitis
chlormidazole,BRD-K60443845-001-08-6,WNAQOLSMVPFGTE-UHFFFAOYSA-N,71821.0,CHEMBL152649,Cc1nc2ccccc2n1Cc1ccc(Cl)cc1,Launched,2.0,fungal lanosterol demethylase inhibitor,,,,,0,epigenetic (selective probe),epigenetic (selective probe),discovery compound,,,,,,256.077,MicroSource,1503733,CHLORMIDAZOLE,94.26,588,1,0,True,68,93,33,0,76,6,True,True,True,False,True,True,True,True,False,True,infectious disease,fungal infection
chlorocresol,BRD-K89056082-001-07-7,CFKMVGJGLGKFKI-UHFFFAOYSA-N,1732.0,CHEMBL1230222,Cc1cc(O)ccc1Cl,Launched,2.0,ryanodine receptor activator,,,,,0,other / unclassified,other / unclassified,discovery compound,,,,,,142.019,MicroSource,1500178,CHLOROCRESOL,94.58,568,4,0,True,44,36,34,0,56,9,True,True,True,False,True,True,True,True,False,True,infectious disease,first-aid antiseptic
chloroxylenol,BRD-K17223896-001-10-0,OSDLLIBGSJNGJE-UHFFFAOYSA-N,2723.0,CHEMBL398440,Cc1cc(O)cc(C)c1Cl,Launched,2.0,ATP synthase inhibitor,Unknown [None],,,,0,metabolic,metabolic,discovery compound,,,,,,156.034,MicroSource,1500182,CHLOROXYLENOL,95.32,813,15,4,True,99,82,57,0,77,22,True,True,True,False,True,True,True,True,False,True,infectious disease,skin infections
chlorphenamine,BRD-K01826567-050-16-9,SOYKEARSMXGVTM-HNNXBMFYSA-N,33036.0,CHEMBL505,CN(C)CC[C@@H](c1ccc(Cl)cc1)c1ccccn1 |&1:5|,Launched,4.0,histamine receptor antagonist,,,,,0,GPCR,GPCR,discovery compound,,1210.0,8.3 - 8.6,pKi,Human,274.124,MedChemEx,HY-B0286A,Chlorpheniramine (maleate),95.63,1665,23,4,True,151,133,72,0,302,26,True,True,True,False,True,True,True,True,False,True,allergy,allergic rhinitis|urticaria
chlorphenesin,BRD-A92262698-001-02-5,MXOAEAUPQDYUQM-MRVPVSSYSA-N,6918886.0,CHEMBL607710,"OC[C@@H](O)COc1ccc(Cl)cc1 |&1:2,r|",Launched,4.0,muscle relaxant,Unknown [None],,,,0,other / unclassified,other / unclassified,discovery compound,,,,,,202.04,Sigma,MFCD00021990,"3-(4-chlorophenoxy)-1,2-propanediol",98.16,819,15,7,True,95,76,57,0,86,15,True,True,True,False,True,True,True,True,False,True,neurology/psychiatry,muscle relaxant|sedative
chlorphensin-carbamate,BRD-A39230911-001-10-2,SKPLBLUECSEIFO-QMMMGPOBSA-N,73416025.0,CHEMBL607710,"NC(=O)OC[C@@H](O)COc1ccc(Cl)cc1 |&1:5,r|",Launched,4.0,muscle relaxant,Unknown [None],,,,0,other / unclassified,other / unclassified,discovery compound,,,,,,245.045,Prestwick,Prestw-234,Chlorphensin carbamate,98.03,4,0,0,False,2,2,1,0,3,0,True,True,True,False,True,False,True,True,False,True,neurology/psychiatry,spasms
chlorquinaldol,BRD-K90374350-001-09-2,GPTXWRGISTZRIO-UHFFFAOYSA-N,6301.0,CHEMBL224325,Cc1ccc2c(Cl)cc(Cl)c(O)c2n1,Launched,2.0,other antibiotic,Unknown [None],,,,0,other / unclassified,other / unclassified,discovery compound,,,,,,226.99,Selleck,S4192,Chlorquinaldol,96.93,270,4,2,True,39,40,17,0,25,3,True,True,True,False,True,True,True,True,False,True,infectious disease,fungal infection
choline-alfoscerate,BRD-K00003587-001-01-9,SUHOQUVVVLNYQR-MRVPVSSYSA-O,58381695.0,CHEMBL6067974,C[N+](C)(C)CCOP(O)(=O)OC[C@H](O)CO,Launched,3.0,acetylcholine precursor,,,,,0,other / unclassified,other / unclassified,discovery compound,,,,,,258.111,MedChemEx,HY-17552,sn-Glycero-3-phosphocholine,100.0,343,4,1,True,52,66,19,0,149,3,True,True,True,False,True,True,True,True,False,True,,
chromium-picolinate,BRD-K01029106-001-01-4,CBDQOLKNTOMMTL-UHFFFAOYSA-K,56840998.0,CHEMBL3185022,O=C(O[Cr](OC(=O)c1ccccn1)OC(=O)c1ccccn1)c1ccccn1,Launched,1.0,insulin sensitizer,,,,,0,other / unclassified,other / unclassified,discovery compound,,,,,,418.013,Vitas-M,STL146656,,99.23,1143,32,1,True,169,195,99,0,227,25,True,True,True,False,True,True,True,True,False,True,endocrinology,diabetes mellitus
chromocarb,BRD-K94720315-001-11-9,RVMGXWBCQGAWBR-UHFFFAOYSA-N,2741.0,CHEMBL83628,OC(=O)c1cc(=O)c2ccccc2o1,Launched,2.0,antispasmodic,,,,,0,other / unclassified,other / unclassified,discovery compound,,,,,,190.027,MedChemEx,HY-B1182,Chromocarb,97.98,24,0,0,False,3,1,1,0,2,0,True,True,True,False,True,False,True,True,False,True,,
cibenzoline,BRD-A20742938-036-03-7,IPOBOOXFSRWSHL-INIZCTEOSA-N,57357423.0,CHEMBL4303367,"C1[C@@H](C2=NCCN2)C1(c1ccccc1)c1ccccc1 |r,t:2|",Launched,,sodium channel blocker,,,,,0,ion channel,ion channel,discovery compound,,,,,,262.147,Sigma,C1618,"2-(2,2-diphenylcyclopropyl)-4,5-dihydro-1H-imidazole succinate",98.93,690,6,3,True,25,25,26,0,138,6,True,True,True,False,True,True,True,True,False,True,cardiology,cardiac arrythmia
cidofovir,BRD-K96153583-001-05-1,VWFCHDSQECPREK-LURJTMIESA-N,60613.0,CHEMBL152,Nc1ccn(C[C@@H](CO)OCP(O)(O)=O)c(=O)n1,Launched,4.0,DNA polymerase inhibitor,,,,,0,other / unclassified,other / unclassified,discovery compound,,11556.0,,,,279.062,Selleck,S1516,Cidofovir (Vistide),100.0,8533,170,51,True,1990,1523,470,3,1571,338,True,True,True,True,True,True,True,True,False,True,infectious disease,acquired immunodeficiency syndrome (AIDS)|cytomegalovirus retinitis
cinchophen,BRD-K72915123-001-18-1,YTRMTPPVNRALON-UHFFFAOYSA-N,8593.0,CHEMBL348000,OC(=O)c1cc(nc2ccccc12)-c1ccccc1,Launched,4.0,analgesic agent,,,,,0,other / unclassified,other / unclassified,discovery compound,,,,,,249.079,MicroSource,1504508,CINCHOPHEN,99.45,524,40,6,True,50,15,29,0,75,5,True,True,True,False,True,True,True,True,False,True,rheumatology,gout
cinnarazine,BRD-K07220430-001-20-9,DERZBLKQOCDDDZ-JLHYYAGUSA-N,1547484.0,CHEMBL1370236,C(\C=C\c1ccccc1)N1CCN(CC1)C(c1ccccc1)c1ccccc1,Launched,,calcium channel blocker,,,,,0,ion channel,ion channel,discovery compound,,,,,,368.225,MedChemEx,HY-B1090,Cinnarizine,98.35,32,1,0,True,3,3,1,0,4,0,True,True,True,False,True,False,True,True,False,True,neurology/psychiatry|gastroenterology|ophthalmology,Meniere's disease|nausea|vomiting|Cogan's syndrome
clopamide,BRD-K15567837-001-19-5,LBXHRAWDUMTPSE-AOOOYVTPSA-N,12492.0,CHEMBL1605650,C[C@H]1CCC[C@@H](C)N1NC(=O)c1ccc(Cl)c(c1)S(N)(=O)=O,Launched,2.0,sodium/chloride cotransporter inhibitor,,,,,0,transporter,transporter,discovery compound,,,,,,345.091,Selleck,S4316,CLOPAMIDE,98.33,440,3,1,True,15,17,7,0,58,5,True,True,True,False,True,True,True,True,False,True,cardiology,hypertension
clorsulon,BRD-K97521363-001-16-1,QOVTVIYTBRHADL-UHFFFAOYSA-N,43231.0,CHEMBL1474129,Nc1cc(C(Cl)=C(Cl)Cl)c(cc1S(N)(=O)=O)S(N)(=O)=O,Launched,2.0,glycolysis inhibitor,,,,,0,metabolic,metabolic,discovery compound,,,,,,378.902,MicroSource,1505115,CLORSULON,99.05,258,5,2,True,49,33,13,0,21,12,True,True,True,False,True,True,True,True,False,True,infectious disease,gastrointestinal roundworms|lungworms|liver flukes|lice|mites
cyclandelate,BRD-A27370296-001-04-8,WZHCOOQXZCIUNC-QEJZJMRPSA-N,41097974.0,CHEMBL1480987,"C[C@H]1C[C@@H](CC(C)(C)C1)OC(=O)[C@@H](O)c1ccccc1 |&1:1,&2:3,&3:12,r|",Launched,4.0,calcium channel blocker,Unknown [None],,,,0,ion channel,ion channel,discovery compound,,,,,,276.173,Selleck,S4189,Cyclandelate,96.1,355,2,1,True,18,11,13,0,119,15,True,True,True,False,True,True,True,True,False,True,cardiology|rheumatology,claudication|arteriosclerosis|Raynaud's disease
cyclopentolate,BRD-A77291778-003-22-0,SKYSRIRYMSLOIN-OAHLLOKOSA-N,6604325.0,CHEMBL1201338,CN(C)CCOC(=O)[C@@H](c1ccccc1)C1(O)CCCC1 |&1:8|,Launched,4.0,acetylcholine receptor antagonist,,,,,0,GPCR,GPCR,discovery compound,,7153.0,,,,291.183,MicroSource,1500212,CYCLOPENTOLATE HYDROCHLORIDE,94.68,4837,48,11,True,414,405,413,1,1026,42,True,True,True,True,True,True,True,True,False,True,ophthalmology,mydriasis|cycloplegia
denopamine,BRD-K00004656-001-01-9,VHSBBVZJABQOSG-INIZCTEOSA-N,5311064.0,CHEMBL493682,COc1ccc(CCNC[C@H](O)c2ccc(O)cc2)cc1OC,Launched,2.0,adrenergic receptor agonist,,,,,0,GPCR,GPCR,discovery compound,,534.0,5.8 - 6.1,pKi,Human,317.163,Sigma,D7815,"4-((1R)-2-{[2-(3,4-dimethoxyphenyl)ethyl]amino}-1-hydroxyethyl)phenol",89.63,276,3,1,True,28,25,21,0,84,1,True,True,True,False,True,True,True,True,False,True,cardiology,angina pectoris
dexchlorpheniramine,BRD-K39462424-050-10-9,SOYKEARSMXGVTM-HNNXBMFYSA-N,33036.0,CHEMBL1200927,CN(C)CC[C@@H](c1ccc(Cl)cc1)c1ccccn1,Launched,4.0,histamine receptor antagonist,Histamine H1 receptor antagonist [ANTAGONIST],ANTAGONIST,,,0,GPCR,GPCR,discovery compound,,,,,,274.124,MedChemEx,HY-B1062,Dexchlorpheniramine (maleate),99.06,1250,23,3,True,113,102,60,0,284,30,True,True,True,False,True,True,True,True,False,True,allergy|cardiology,allergic conjunctivitis|allergic rhinitis|urticaria|angioedema
diaveridine,BRD-K97464279-001-03-5,LDBTVAXGKYIFHO-UHFFFAOYSA-N,21453.0,CHEMBL19633,COc1ccc(Cc2cnc(N)nc2N)cc1OC,Launched,2.0,dihydrofolate reductase inhibitor,,,,,0,metabolic,metabolic,discovery compound,,,,,,260.127,MicroSource,1502300,DIAVERIDINE,99.41,114,1,0,True,14,8,2,0,4,5,True,True,True,False,True,True,True,True,False,True,infectious disease,coccidiosis
dipivefrine,BRD-A47494775-003-11-3,OCUJLLGVOUDECM-CYBMUJFWSA-N,969492.0,CHEMBL1201262,CNC[C@@H](O)c1ccc(OC(=O)C(C)(C)C)c(OC(=O)C(C)(C)C)c1 |&1:3|,Launched,4.0,adrenergic receptor agonist,,,,,0,GPCR,GPCR,discovery compound,,7166.0,,,,351.205,Prestwick,Prestw-632,Dipivefrin hydrochloride,94.37,85,1,0,True,14,11,10,0,25,2,True,True,True,False,True,True,True,True,False,True,ophthalmology,glaucoma|intraocular pressure
doxapram,BRD-K01825594-311-02-9,XFDJYSQDBULQSI-JOCHJYFZSA-N,28248394.0,CHEMBL1754,CCN1C[C@@H](CCN2CCOCC2)C(C1=O)(c1ccccc1)c1ccccc1 |&1:4|,Launched,4.0,potassium channel blocker,,,,,0,ion channel,ion channel,discovery compound,,7169.0,,,,432.218,Selleck,S4037,Doxapram HCl,97.8,1454,48,13,True,110,106,68,1,274,19,True,True,True,True,True,True,True,True,False,True,pulmonary|neurology/psychiatry,respiratory depression|central nervous system depression|acute hypercapnia (AHC)
efonidipine,BRD-K00004292-003-02-9,NSVFSAJIGAJDMR-HKBQPEDESA-N,11764616.0,CHEMBL2074922,"CC1=C([C@@H](C(=C(C)N1)P1(=O)OCC(C)(C)CO1)c1cccc(c1)[N+]([O-])=O)C(=O)OCCN(Cc1ccccc1)c1ccccc1 |&1:3,r,t:1,4|",Launched,2.0,calcium channel blocker,,,,,0,ion channel,ion channel,discovery compound,,12565.0,6.4,pIC50,Human,631.245,MedChemEx,HY-12502A,Efonidipine hydrochloride monoethanolate,97.16,475,5,2,True,70,90,54,1,213,3,True,True,True,True,True,True,True,True,False,True,cardiology,hypertension
eprinomectin,BRD-K00003555-001-01-9,ZKWQQXZUCOBISE-NQMKODOQSA-N,86289908.0,CHEMBL3989594,"[H][C@@]12OC\C3=C/C=C/[C@]([H])(C)[C@]([H])(O[C@@]4([H])C[C@H](OC)[C@@H](O[C@@]5([H])C[C@H](OC)[C@@H](NC(C)=O)[C@H](C)O5)[C@H](C)O4)\C(C)=C\C[C@]4([H])C[C@@]([H])(C[C@]5(O4)O[C@]([H])([C@@H](C)CC)[C@@]([H])(C)C=C5)OC(=O)[C@]([H])(C=C(C)[C@@]1([H])O)[C@@]23O |c:4,64,t:6,42,72|",Launched,2.0,benzodiazepine receptor agonist,,,,,0,GPCR,GPCR,discovery compound,,,,,,913.519,MedChemEx,HY-12643,Eprinomectin,66.82,862,11,5,True,86,64,29,0,57,25,True,True,True,False,True,True,True,True,False,True,infectious disease,gastrointestinal roundworms|lungworms
escin,BRD-K00010936-001-01-9,AXNVHPCVMSNXNP-FDGZCRRKSA-N,441903.0,CHEMBL4594473,CC=C(C)C(=O)O[C@H]1[C@H](OC(C)=O)[C@]2(CO)[C@H](O)C[C@]3(C)C(=CC[C@@H]4[C@@]5(C)CC[C@H](O[C@@H]6O[C@@H]([C@@H](O[C@@H]7O[C@H](CO)[C@@H](O)[C@H](O)[C@H]7O)[C@H](O)[C@H]6O[C@@H]6O[C@H](CO)[C@@H](O)[C@H](O)[C@H]6O)C(O)=O)[C@](C)(CO)[C@@H]5CC[C@@]34C)[C@@H]2CC1(C)C |c:21|,Launched,2.0,nitric oxide synthase stimulant,,,,,0,metabolic,metabolic,discovery compound,,14008.0,5.8,pIC50,Human,1130.551,Sigma,none,escin,34.39,1966,68,22,True,484,484,271,3,638,20,True,True,True,True,True,True,True,True,False,True,dermatology,varicose veins
etafenone,BRD-K84971356-001-01-4,OEGDFSLNGABBKJ-UHFFFAOYSA-N,3275.0,CHEMBL1736151,CCN(CC)CCOc1ccccc1C(=O)CCc1ccccc1,Launched,2.0,calcium channel blocker,,,,,0,ion channel,ion channel,discovery compound,,,,,,325.204,Vitas-M,STK321191,1-{2-[2-(diethylamino)ethoxy]phenyl}-3-phenyl-1-propanone,98.74,47,1,1,True,1,0,4,1,24,1,True,False,True,True,True,True,True,True,False,True,,
ethaverine,BRD-K36756879-003-08-7,ZOWYFYXTIWQBEP-UHFFFAOYSA-N,3280.0,CHEMBL1555736,CCOc1ccc(Cc2nccc3cc(OCC)c(OCC)cc23)cc1OCC,Launched,2.0,calcium channel blocker,,,,,0,ion channel,ion channel,discovery compound,,,,,,395.21,MicroSource,1501000,ETHAVERINE HYDROCHLORIDE,99.19,92,2,1,True,20,22,9,0,26,1,True,True,True,False,True,True,True,True,False,True,neurology/psychiatry,muscle relaxant|spasms
fenoverine,BRD-K77564118-001-03-1,UBAJTZKNDCEGKL-UHFFFAOYSA-N,72098.0,CHEMBL1512949,O=C(CN1CCN(Cc2ccc3OCOc3c2)CC1)N1c2ccccc2Sc2ccccc12,Launched,3.0,acetylcholine receptor antagonist,,,,,0,GPCR,GPCR,discovery compound,,,,,,459.162,Vitas-M,STK210707,"10-{[4-(1,3-benzodioxol-5-ylmethyl)-1-piperazinyl]acetyl}-10H-phenothiazine",94.91,47,2,0,True,6,3,3,0,12,1,True,True,True,False,True,True,True,True,False,True,neurology/psychiatry,spasms
fipronil,BRD-A50675702-001-08-9,ZOCSXAVNDGMNBV-AREMUKBSSA-N,15278226.0,CHEMBL101326,"Nc1c(c(nn1-c1c(Cl)cc(cc1Cl)C(F)(F)F)C#N)[S@@](=O)C(F)(F)F |&1:20,r|",Launched,-1.0,chloride channel blocker|GABA gated chloride channel blocker,,,,,0,ion channel,ion channel,discovery compound,,,,,,435.939,Sigma,MFCD00867812,Fipronil,97.11,5246,46,10,True,492,516,132,1,328,186,True,True,True,True,True,True,True,True,False,True,infectious disease,flea control
flunixin-meglumin,BRD-K99984802-100-13-5,NOOCSNJCXJYGPE-UHFFFAOYSA-N,38081.0,CHEMBL1733447,Cc1c(Nc2ncccc2C(O)=O)cccc1C(F)(F)F,Launched,-1.0,prostanoid receptor antagonist,,,,,0,GPCR,GPCR,discovery compound,,,,,,296.077,MicroSource,1505113,FLUNIXIN MEGLUMINE,99.53,62,9,1,True,16,10,10,0,23,1,True,True,True,False,True,True,True,True,False,True,pulmonary,bovine respiratory disease (BRD)
flutrimazole,BRD-A00218260-001-03-4,QHMWCHQXCUNUAK-UHFFFAOYSA-N,3401.0,CHEMBL2107430,Fc1ccc(cc1)C(c1ccccc1)(c1ccccc1F)n1ccnc1 |&1:7|,Launched,4.0,sterol demethylase inhibitor,,,,,0,epigenetic (selective probe),epigenetic (selective probe),discovery compound,,,,,,346.128,SantaCruz,sc-358236,,99.39,81,3,0,True,9,12,3,0,8,3,True,True,True,False,True,True,True,True,False,True,infectious disease,mycosis
fomocaine,BRD-K44942188-001-09-1,CVHGCWVMTZWGAY-UHFFFAOYSA-N,71693.0,CHEMBL1407844,C(CN1CCOCC1)Cc1ccc(COc2ccccc2)cc1,Launched,2.0,voltage-gated sodium channel modulator,,,,,0,ion channel,ion channel,discovery compound,,,,,,311.189,ChemDiv,1822-0278,,96.22,57,2,1,True,2,3,2,0,10,0,True,True,True,False,True,False,True,True,False,True,neurology/psychiatry,local anesthetic
fosamprenavir,BRD-K59110290-238-02-9,MLBVMOWEQCZNCC-OEMFJLHTSA-N,131536.0,CHEMBL1664,CC(C)CN(C[C@@H](OP(O)(O)=O)[C@H](Cc1ccccc1)NC(=O)O[C@H]1CCOC1)S(=O)(=O)c1ccc(N)cc1,Launched,4.0,HIV protease inhibitor,,,,,0,protease,protease,discovery compound,,12682.0,,,,585.191,MedChemEx,HY-17431,Fosamprenavir (Calcium Salt),96.18,2071,24,4,True,256,271,72,0,355,111,True,True,True,False,True,True,True,True,False,True,infectious disease,human immunodeficiency virus (HIV-1)
gemigliptin,BRD-K00003182-001-01-9,ZWPRRQZNBDYKLH-VIFPVBQESA-N,11953153.0,CHEMBL3707235,N[C@H](CN1CC(F)(F)CCC1=O)CC(=O)N1CCc2c(C1)nc(nc2C(F)(F)F)C(F)(F)F,Launched,3.0,dipeptidyl peptidase inhibitor,Dipeptidyl peptidase IV inhibitor [INHIBITOR],INHIBITOR,,,0,protease,protease,discovery compound,,,,,,489.141,MedChemEx,HY-14892,Gemigliptin,23.21,487,25,4,True,167,194,118,0,262,6,True,True,True,False,True,True,True,True,False,True,,
gepefrine,BRD-A04447196-001-01-8,WTDGMHYYGNJEKQ-SSDOTTSWSA-N,10057685.0,CHEMBL3989731,"C[C@@H](N)Cc1cccc(O)c1 |&1:1,r|",Launched,2.0,adrenergic receptor agonist,,,,,0,GPCR,GPCR,discovery compound,,,,,,151.1,Sigma,MFCD00047912,3-(2-aminopropyl)phenol,84.77,7,0,0,False,1,1,1,0,1,0,True,True,True,False,True,False,True,True,False,True,cardiology,hypotension
glecaprevir,BRD-K00003260-001-01-9,MLSQGNCUYAMAHD-ITNVBOSISA-N,66828839.0,CHEMBL3545363,[H]\C1=C([H])/C(F)(F)c2nc3ccccc3nc2O[C@@]2([H])CN(C(=O)[C@@]([H])(NC(=O)O[C@]3([H])CCC[C@@]3([H])OC1)C(C)(C)C)[C@@]([H])(C2)C(=O)N[C@@]1(C[C@@]1([H])C(F)F)C(=O)NS(=O)(=O)C1(C)CC1 |t:1|,Launched,4.0,serine protease inhibitor,"Hepatitis C virus serine protease, NS3/NS4A inhibitor [INHIBITOR]",INHIBITOR,,,0,protease,protease,discovery compound,,11267.0,,,,838.298,MedChemEx,HY-17634,Glecaprevir,96.9,2427,18,2,True,251,198,106,0,336,62,True,True,True,False,True,True,True,True,False,True,infectious disease,hepatitis C
gliclazide,BRD-A61154809-001-15-9,BOVGTQGAOIONJV-CHWSQXEVSA-N,931837.0,CHEMBL427216,"Cc1ccc(cc1)S(=O)(=O)NC(=O)NN1C[C@H]2CCC[C@@H]2C1 |&1:16,&2:20,r|",Launched,4.0,ATP channel blocker|insulin secretagogue,"Sulfonylurea receptor 1, Kir6.2 blocker [BLOCKER]",BLOCKER,,,0,ion channel,ion channel,discovery compound,,,,,,323.13,MicroSource,1504145,GLICLAZIDE,88.04,6166,110,28,True,858,925,485,4,2362,61,True,True,True,True,True,True,True,True,False,True,endocrinology,diabetes mellitus
guanadrel,BRD-A14262390-065-01-8,HPBNRIOWIXYZFK-QMMMGPOBSA-N,45356255.0,CHEMBL1037,NC(=N)NC[C@H]1COC2(CCCCC2)O1 |&1:5|,Launched,4.0,adrenergic inhibitor,,,,,0,GPCR,GPCR,discovery compound,,7193.0,,,,213.148,MicroSource,1505544,GUANADREL SULFATE,100.0,101,0,0,False,13,11,4,0,42,1,True,True,True,False,True,True,True,True,False,True,cardiology,hypertension
idebenone,BRD-K37516142-001-10-5,JGPMMRGNQUBGND-UHFFFAOYSA-N,3686.0,CHEMBL252556,"COC1=C(OC)C(=O)C(CCCCCCCCCCO)=C(C)C1=O |c:2,t:19|",Launched,4.0,calcium channel modulator,Antioxidant and mitochondrial electron carrier [None],,,,0,ion channel,ion channel,discovery compound,,,,,,338.209,MicroSource,1505755,IDEBENONE,95.71,2903,81,7,True,834,1388,406,0,1005,32,True,True,True,False,True,True,True,True,False,True,neurology/psychiatry|ophthalmology,Alzheimer's disease|Friedreich's ataxia|Leber hereditary optic neuropathy (LHON)
imidacloprid,BRD-K76609936-001-08-4,YWTYJOPNNQFBPC-UHFFFAOYSA-N,86418.0,CHEMBL406819,[O-][N+](=O)N=C1NCCN1Cc1ccc(Cl)nc1,Launched,,acetylcholine receptor antagonist,,,,,0,GPCR,GPCR,discovery compound,,,,,,255.052,SantaCruz,sc-211632,Imidacloprid,99.22,11751,83,12,True,978,1012,227,1,604,350,True,True,True,True,True,True,True,True,False,True,,
isoetharine,BRD-A24587114-066-23-3,HUYWAWARQUIQLE-MFKMUULPSA-N,71466.0,CHEMBL1201213,"CC[C@@H](NC(C)C)[C@@H](O)c1ccc(O)c(O)c1 |&1:2,&2:7|",Launched,4.0,adrenergic receptor agonist,,,,,0,GPCR,GPCR,discovery compound,,7205.0,,,,239.152,Selleck,S4330,isoetharine mesylate,94.7,379,7,0,True,40,27,14,0,68,5,True,True,True,False,True,True,True,True,False,True,pulmonary,bronchospasm|asthma
L-theanine,BRD-K04843140-001-04-9,DATAGRPVKZEWHA-YFKPBYRVSA-N,439378.0,CHEMBL4303298,CCNC(=O)CC[C@H](N)C(O)=O,Launched,,glutamate receptor antagonist,,,,,0,GPCR,GPCR,discovery compound,,,,,,174.1,LKT,T2816,N-Ethyl-L-glutamine,100.0,1859,40,2,True,402,450,146,1,395,18,True,True,True,True,True,True,True,True,False,True,,
lanoconazole,BRD-A54275602-001-01-0,ZRTQSJFIDWNVJW-MNWMYKRDSA-N,40729546.0,CHEMBL1555126,"Clc1ccccc1[C@H]1CS\C(S1)=C(\C#N)n1ccnc1 |&1:7,r|",Launched,2.0,sterol demethylase inhibitor,,,,,0,epigenetic (selective probe),epigenetic (selective probe),discovery compound,,,,,,319,AKSci,71613,,96.68,160,2,0,True,18,18,8,0,17,3,True,True,True,False,True,True,True,True,False,True,infectious disease,fungal infection
lasmiditan,BRD-K00003178-003-01-9,XEDHVZKDSYZQBF-UHFFFAOYSA-N,11610526.0,CHEMBL3039520,CN1CCC(CC1)C(=O)c1cccc(NC(=O)c2c(F)cc(F)cc2F)n1,Launched,4.0,serotonin receptor agonist,Serotonin 1f (5-HT1f) receptor agonist [AGONIST],AGONIST,,,0,GPCR,GPCR,discovery compound,,3928.0,8.7,pKi,Human,377.135,MedChemEx,HY-14861A,Lasmiditan (hydrochloride),93.04,641,10,1,True,56,60,31,0,287,27,True,True,True,False,True,True,True,True,False,True,,
LCZ696,BRD-M31057929-385-01-9,XTKIDERFOUYBDE-QEPKIHTBSA-N,24755620.0,CHEMBL5272027,CCOC(=O)[C@H](C)C[C@@H](Cc1ccc(cc1)-c1ccccc1)NC(=O)CCC(O)=O.CCCCC(=O)N(Cc1ccc(cc1)-c1ccccc1-c1nn[nH]n1)[C@@H](C(C)C)C(O)=O,Launched,,angiotensin receptor antagonist,,,,,0,GPCR,GPCR,discovery compound,,,,,,846.432,MedChemEx,HY-18204A,LCZ696,61.98,1158,32,1,True,252,334,297,0,666,16,True,True,True,False,True,True,True,True,False,True,cardiology,angioedema|hypotension
levamlodipine,BRD-K00005329-074-01-9,HTIQEAQVCYTUBX-KRWDZBQOSA-N,9822750.0,CHEMBL2111097,"CCOC(=O)C1=C(COCCN)NC(C)=C([C@@H]1c1ccccc1Cl)C(=O)OC |c:5,14|",Launched,4.0,calcium channel blocker,,,,,0,ion channel,ion channel,discovery compound,,,,,,408.145,MedChemEx,HY-14744A,Levamlodipine besylate,96.68,221,2,1,True,40,25,16,0,121,4,True,True,True,False,True,True,True,True,True,True,cardiology,hypertension
lidamidine,BRD-K68693535-001-03-4,RRHJHSBDJDZUGL-UHFFFAOYSA-N,47510.0,CHEMBL1490570,CNC(=N)NC(=O)Nc1c(C)cccc1C,Launched,-1.0,adrenergic receptor agonist,,,,,0,GPCR,GPCR,discovery compound,,,,,,220.132,ChemDiv,8009-0514,,93.96,108,2,4,True,15,11,9,0,18,3,True,True,True,False,True,True,True,True,False,True,gastroenterology,diarrhea
liranaftate,BRD-K35775715-001-04-9,VPHPQNGOVQYUMG-UHFFFAOYSA-N,3936.0,CHEMBL1591365,COc1cccc(n1)N(C)C(=S)Oc1ccc2CCCCc2c1,Launched,2.0,fungal squalene epoxidase inhibitor,Squalene monooxygenase inhibitor [INHIBITOR],INHIBITOR,,,0,metabolic,metabolic,discovery compound,,,,,,328.125,MedChemEx,HY-B0348,Liranaftate,99.2,48,1,0,True,8,10,2,0,5,1,True,True,True,False,True,True,True,True,False,True,infectious disease,fungal infection
lodoxamide,BRD-K66937583-001-01-2,RVGLGHVJXCETIO-UHFFFAOYSA-N,44564.0,CHEMBL1201266,OC(=O)C(=O)Nc1cc(cc(NC(=O)C(O)=O)c1Cl)C#N,Launched,4.0,histamine receptor antagonist,,,,,0,GPCR,GPCR,discovery compound,,9743.0,9.0,pEC50,Human,310.995,Prestwick,Prestw-1746,Lodoxamide,94.05,319,4,3,True,75,47,45,0,91,4,True,True,True,False,True,True,True,True,False,True,ophthalmology,vernal keratoconjunctivitis (VKC)
lofexidine,BRD-A02990301-003-06-6,KSMAGQUYOIHWFS-SSDOTTSWSA-N,3038503.0,CHEMBL17860,"C[C@@H](Oc1c(Cl)cccc1Cl)C1=NCCN1 |r,t:12|",Launched,4.0,adrenergic receptor agonist,,,,,0,GPCR,GPCR,discovery compound,,9868.0,7.2,pKi,Human,258.033,MicroSource,1502357,LOFEXIDINE  HYDROCHLORIDE,97.02,847,7,0,True,64,59,26,0,124,16,True,True,True,False,True,True,True,True,False,True,neurology/psychiatry,opioid withdrawal
lopinavir,BRD-K99451608-001-08-9,KJHKTHWMRKYKJE-SUGCFTRWSA-N,92727.0,CHEMBL729,CC(C)[C@H](N1CCCNC1=O)C(=O)N[C@H](C[C@H](O)[C@H](Cc1ccccc1)NC(=O)COc1c(C)cccc1C)Cc1ccccc1,Launched,4.0,HIV protease inhibitor,Human immunodeficiency virus type 1 protease inhibitor [INHIBITOR],INHIBITOR,,,0,protease,protease,discovery compound,,11504.0,,,,628.362,MedChemEx,HY-14588,Lopinavir,98.9,29824,254,43,True,3848,4068,1264,3,6482,791,True,True,True,True,True,True,True,True,False,True,infectious disease,human immunodeficiency virus (HIV-1)
luliconazole,BRD-K71058253-001-02-9,YTAOBBFIOAEMLL-REQDGWNSSA-N,3003141.0,CHEMBL2105689,Clc1ccc([C@@H]2CS\C(S2)=C(\C#N)n2ccnc2)c(Cl)c1,Launched,4.0,sterol demethylase inhibitor,Cytochrome P450 51 inhibitor [INHIBITOR],INHIBITOR,,,0,epigenetic (selective probe),epigenetic (selective probe),discovery compound,,7366.0,,,,352.961,MedChemEx,HY-14283,Luliconazole,98.72,679,11,0,True,100,99,77,0,95,20,True,True,True,False,True,True,True,True,False,True,infectious disease,tinea pedis|tinea cruris|tinea corporis
lusutrombopag,BRD-K93228461-001-02-9,NOZIJMHMKORZBA-KJCUYJGMSA-N,49843517.0,CHEMBL2107831,CCCCCCO[C@@H](C)c1cccc(-c2csc(NC(=O)c3cc(Cl)c(\C=C(/C)C(O)=O)c(Cl)c3)n2)c1OC,Launched,4.0,thrombopoietin receptor agonist,Thrombopoietin receptor agonist [AGONIST],AGONIST,,,0,GPCR,GPCR,discovery compound,,10032.0,,,,590.141,MedChemEx,HY-19883,Lusutrombopag,97.11,386,10,0,True,135,71,52,0,131,5,True,True,True,False,True,True,True,True,False,True,,
maltobionic-acid,BRD-K01624185-001-05-7,JYTUSYBCFIZPBE-AMTLMPIISA-N,7314.0,CHEMBL3039602,OC[C@@H](O)[C@@H](O[C@@H]1O[C@H](CO)[C@H](O)[C@H](O)[C@H]1O)[C@H](O)[C@@H](O)C(O)=O,Launched,,matrix metalloprotease inhibitor,,,,,0,protease,protease,discovery compound,,,,,,358.111,CombiBlocks,QA-2870,,100.0,67,3,1,True,13,15,18,0,16,0,True,True,True,False,True,False,True,True,False,True,dermatology,cosmetic
mefloquine,BRD-K40645748-003-17-9,XEEQGYMUWCZPDN-DOMZBBRYSA-N,40692.0,CHEMBL172,O[C@H]([C@H]1CCCCN1)c1cc(nc2c(cccc12)C(F)(F)F)C(F)(F)F,Launched,,adenosine receptor antagonist|hemoglobin antagonist,,,,,0,GPCR,GPCR,discovery compound,,4252.0,8.0,pIC50,Plasmodium falciparum NF54,378.117,MedChemEx,HY-17437A,Mefloquine (hydrochloride),97.93,12122,134,29,True,1877,1634,483,3,1386,313,True,True,True,True,True,True,True,True,False,True,infectious disease,malaria
melanotan-ii,BRD-K75989555-001-02-9,JDKLPDJLXHXHNV-VEUPWBLKSA-N,134812787.0,CHEMBL3735690,CCCC[C@H](NC(C)=O)C(=O)N[C@H]1CC(=O)NCCCC[C@H](NC(=O)[C@H](Cc2c[nH]c3ccccc23)NC(=O)[C@H](CCCNC(N)=N)NC(=O)[C@@H](Cc2ccccc2)NC(=O)[C@H](Cc2cnc[nH]2)NC1=O)C(N)=O,Launched,,melanocortin receptor agonist,,,,,0,GPCR,GPCR,discovery compound,,,,,,1023.54,MedChemEx,HY-P0267,Melanotan (MT)-II,95.58,646,14,1,True,86,78,34,0,92,4,True,True,True,False,True,True,True,True,False,True,,
memantine,BRD-K91938660-003-10-9,BUGYDGFZZOZRHP-CDECOKDKSA-N,,CHEMBL807,C[C@@]12C[C@H]3C[C@@](C)(C1)C[C@](N)(C3)C2,Launched,4.0,glutamate receptor antagonist,,,,,0,GPCR,GPCR,discovery compound,,4253.0,6.2,pKi,Rat,179.167,Tocris,773,Memantine hydrochloride,100.0,20853,260,68,True,3646,6432,1376,7,8464,232,True,True,True,True,True,True,True,True,False,True,neurology/psychiatry,Alzheimer's disease|senile dementia
mepenzolate,BRD-A62421304-004-18-9,GKNPSSNBBWDAGH-IBGZPJMESA-N,13981865.0,CHEMBL524004,C[N+]1(C)CCC[C@@H](C1)OC(=O)C(O)(c1ccccc1)c1ccccc1 |&1:6|,Launched,4.0,acetylcholine receptor antagonist,,,,,0,GPCR,GPCR,discovery compound,,10470.0,9.4,pKi,Human,340.191,MicroSource,1500383,MEPENZOLATE BROMIDE,99.17,128,4,2,True,36,41,17,1,31,2,True,True,True,True,True,True,True,True,False,True,gastroenterology,peptic ulcer disease (PUD)
mepivacaine,BRD-A03216249-003-24-3,INWLQCZOYSRPNW-CYBMUJFWSA-N,6918904.0,CHEMBL1087,CN1CCCC[C@@H]1C(=O)Nc1c(C)cccc1C |&1:6|,Launched,4.0,potassium channel blocker|sodium channel blocker,,,,,0,ion channel,ion channel,discovery compound,,7224.0,,,,246.173,MicroSource,1504148,MEPIVACAINE HYDROCHLORIDE,97.82,7845,528,82,True,681,459,659,5,1855,54,True,True,True,True,True,True,True,True,False,True,neurology/psychiatry,local anesthetic
methoxyphenamine,BRD-A21474126-001-01-6,OEHAYUOVELTAPG-VIFPVBQESA-N,6918906.0,CHEMBL2010507,"CN[C@@H](C)Cc1ccccc1OC |&1:2,r|",Launched,2.0,adrenergic receptor agonist,,,,,0,GPCR,GPCR,discovery compound,,,,,,179.131,Sigma,PH011732,1-(2-methoxyphenyl)-N-methyl-2-propanamine,98.67,5968,109,12,True,1615,1354,580,6,1022,39,True,True,True,True,True,True,True,True,False,True,pulmonary,asthma
micafungin,BRD-K40407248-001-04-9,PIEUQSKUWLMALL-YABMTYFHSA-N,477468.0,CHEMBL457547,CCCCCOc1ccc(cc1)-c1cc(no1)-c1ccc(cc1)C(=O)N[C@H]1C[C@@H](O)[C@@H](O)NC(=O)[C@@H]2[C@@H](O)[C@@H](C)CN2C(=O)[C@@H](NC(=O)[C@@H](NC(=O)[C@@H]2C[C@@H](O)CN2C(=O)[C@@H](NC1=O)[C@@H](C)O)[C@H](O)[C@@H](O)c1ccc(O)c(OS(O)(=O)=O)c1)[C@H](O)CC(N)=O,Launched,4.0,"fungal 1,3-beta-D-glucan synthase inhibitor",,,,,0,metabolic,metabolic,discovery compound,,,,,,1269.438,MedChemEx,HY-16321,Micafungin (sodium),94.45,9909,170,29,True,1236,1215,664,2,1685,128,True,True,True,True,True,True,True,True,False,True,infectious disease,candidemia|peritonitis|esophageal candidiasis
midodrine,BRD-A79981887-003-16-4,PTKSEFOSCHHMPD-JTQLQIEISA-N,13589226.0,CHEMBL1201212,COc1ccc(OC)c(c1)[C@@H](O)CNC(=O)CN |&1:10|,Launched,4.0,adrenergic receptor agonist,,,,,0,GPCR,GPCR,discovery compound,,7240.0,,,,254.127,MicroSource,1503257,MIDODRINE HYDROCHLORIDE,96.09,3604,50,21,True,257,297,227,0,1883,48,True,True,True,False,True,True,True,True,False,True,cardiology,hypotension
moprolol,BRD-A51747092-003-03-0,LFTFGCDECFPSQD-NSHDSACASA-N,3034006.0,CHEMBL2106030,COc1ccccc1OC[C@@H](O)CNC(C)C |&1:10|,Launched,2.0,adrenergic receptor antagonist,,,,,0,GPCR,GPCR,discovery compound,,,,,,239.152,LifeChem,F3314-0163,,95.27,74,0,0,False,3,3,8,2,32,1,True,True,True,True,True,True,True,True,False,True,cardiology|ophthalmology|neurology/psychiatry,hypertension|glaucoma|anxiety
morantel,BRD-K71454870-046-01-8,NVEPPWDVLBMNMB-SNAWJCMRSA-N,5353792.0,CHEMBL1240978,CN1CCCN=C1\C=C\c1sccc1C |c:5|,Launched,2.0,acetylcholine receptor agonist,,,,,0,GPCR,GPCR,discovery compound,,,,,,220.103,Selleck,S5747,Morantel tartrate,94.05,541,10,7,True,45,45,25,0,35,15,True,True,True,False,True,True,True,True,False,True,infectious disease,tapeworm
moxidectin,BRD-K00003660-001-01-9,YZBLFMPOMVTDJY-LSGXYNIPSA-N,9832912.0,CHEMBL2104415,"[H][C@@]12OC\C3=C/C=C/[C@H](C)C\C(C)=C\C[C@]4([H])C[C@@]([H])(C[C@]5(C\C(=N/OC)[C@H](C)[C@H](O5)C(\C)=C\C(C)C)O4)OC(=O)[C@]([H])(C=C(C)[C@H]1O)[C@@]23O |c:4,t:6,12,45|",Launched,4.0,chloride channel antagonist,Unknown [None],,,,0,ion channel,ion channel,discovery compound,,,,,,639.377,MedChemEx,HY-B0777,Moxidectin,89.94,3149,48,13,True,296,185,101,0,253,62,True,True,True,False,True,True,True,True,False,True,infectious disease,gastrointestinal parasites
mupirocin,BRD-K15262564-001-15-0,MINDHVHHQZYEEK-HBBNESRFSA-N,446596.0,CHEMBL3989715,C[C@H](O)[C@H](C)[C@@H]1O[C@H]1C[C@H]1CO[C@@H](C\C(C)=C\C(=O)OCCCCCCCCC(O)=O)[C@H](O)[C@@H]1O,Launched,4.0,isoleucyl-tRNA synthetase inhibitor,Isoleucyl-tRNA synthetase inhibitor [INHIBITOR]; Isoleucyl-tRNA synthetase inhibitor [INHIBITOR],INHIBITOR,,,0,metabolic,metabolic,discovery compound,,10916.0,7.2,pIC50,Plasmodium falciparum 3D7,500.299,MedChemEx,HY-B0958,Mupirocin,93.41,10044,297,43,True,1524,1082,1240,2,1920,104,True,True,True,True,True,True,True,True,False,True,infectious disease,impetigo
naftidrofuryl,BRD-A67862938-034-15-9,KBAFPSLPKGSANY-FGZHOGPDSA-N,12898282.0,CHEMBL1443491,"CCN(CC)CCOC(=O)[C@@H](C[C@H]1CCCO1)Cc1cccc2ccccc12 |&1:10,&2:12|",Launched,,adrenergic receptor antagonist,,,,,0,GPCR,GPCR,discovery compound,,,,,,383.246,MedChemEx,HY-B1107,Naftidrofuryl (oxalate),94.28,774,18,6,True,52,66,47,0,398,18,True,True,True,False,True,True,True,True,False,True,cardiology,claudication
naftifine,BRD-K74141488-003-12-9,OZGNYLLQHRPOBR-DHZHZOJOSA-N,47641.0,CHEMBL626,CN(C\C=C\c1ccccc1)Cc1cccc2ccccc12,Launched,4.0,fungal squalene epoxidase inhibitor,,,,,0,metabolic,metabolic,discovery compound,,,,,,287.167,MedChemEx,HY-B0518A,Naftifine (hydrochloride),99.05,756,9,3,True,130,151,64,0,94,24,True,True,True,False,True,True,True,True,False,True,infectious disease,tinea pedis|tinea cruris|tinea corporis
nifekalant,BRD-K32311154-001-01-0,OEBPANQZQGQPHF-UHFFFAOYSA-N,4486.0,CHEMBL360861,Cn1c(NCCN(CCO)CCCc2ccc(cc2)[N+]([O-])=O)cc(=O)n(C)c1=O,Launched,3.0,potassium channel blocker,,,,,0,ion channel,ion channel,discovery compound,,,,,,405.201,Prestwick,Prestw-1774,Nifekalant,94.25,365,8,2,True,24,23,22,1,67,5,True,True,True,True,True,True,True,True,False,True,cardiology,ventricular arrhythmias|ventricular tachycardia (VT)
nitazoxanide,BRD-K96471533-001-11-6,YQNQNVDNTFHQSW-UHFFFAOYSA-N,41684.0,CHEMBL1401,CC(=O)Oc1ccccc1C(=O)Nc1ncc(s1)[N+]([O-])=O,Launched,4.0,pyruvate ferredoxin oxidoreductase inhibitor,Pyruvate:ferredoxin oxidoreductase inhibitor [INHIBITOR]; Pyruvate:ferredoxin oxidoreductase inhibitor [INHIBITOR],INHIBITOR,,,0,metabolic,metabolic,discovery compound,,,,,,307.026,MedChemEx,HY-B0217,Nitazoxanide,87.36,4874,81,16,True,1324,1236,318,1,860,230,True,True,True,True,True,True,True,True,False,True,gastroenterology,diarrhea
nizofenone,BRD-K84011460-051-01-7,WZGBZLHGOVJDET-UHFFFAOYSA-N,4514.0,CHEMBL2106822,CCN(CC)Cc1nccn1-c1ccc(cc1C(=O)c1ccccc1Cl)[N+]([O-])=O,Launched,2.0,ion channel antagonist,,,,,0,ion channel,ion channel,discovery compound,,,,,,412.13,AKSci,67653,,99.4,251,11,1,True,57,49,15,0,55,10,True,True,True,False,True,True,True,True,False,True,neurology/psychiatry,stroke
omega-3-acid-esters,BRD-K31139048-001-03-2,SSQPWTVBQMWLSZ-AAQCHOMXSA-N,9831415.0,CHEMBL1200711,CCOC(=O)CCC\C=C/C\C=C/C\C=C/C\C=C/C\C=C/CC,Launched,4.0,cholesterol inhibitor,Unknown [None],,,,0,metabolic,metabolic,discovery compound,,,,,,330.256,MedChemEx,HY-B0747,Eicosapentaenoic acid (ethyl ester),71.9,4,0,0,False,1,1,0,0,0,0,True,True,False,False,False,False,True,True,False,True,,
opipramol,BRD-K43786866-300-02-3,YNZFUWZUGRBMHL-UHFFFAOYSA-N,9417.0,CHEMBL370753,OCCN1CCN(CCCN2c3ccccc3C=Cc3ccccc23)CC1 |c:18|,Launched,3.0,sigma receptor agonist,,,,,0,GPCR,GPCR,discovery compound,,11247.0,9.7,pKi,Guinea pig,363.231,Prestwick,Prestw-1456,Opipramol dihydrochloride,97.22,727,8,3,True,42,37,20,0,106,21,True,True,True,False,True,True,True,True,False,True,neurology/psychiatry,generalized anxiety disorder (GAD)
orphenadrine,BRD-A53576514-048-14-3,QVYRGXJJSLMXQH-SFHVURJKSA-N,736041.0,CHEMBL900,CN(C)CCO[C@@H](c1ccccc1)c1ccccc1C |&1:6|,Launched,4.0,acetylcholine receptor antagonist,,,,,0,GPCR,GPCR,discovery compound,,7251.0,,,,269.178,MicroSource,1500447,ORPHENADRINE CITRATE,98.55,1891,26,7,True,108,127,66,0,324,30,True,True,True,False,True,True,True,True,False,True,neurology/psychiatry,muscle pain
oxiracetam,BRD-K50677762-001-02-9,IHLAQQPQKRMGSS-SCSAIBSYSA-N,3051965.0,CHEMBL4303394,NC(=O)CN1C[C@H](O)CC1=O,Launched,,acetylcholine receptor agonist,,,,,0,GPCR,GPCR,discovery compound,,,,,,158.069,MedChemEx,HY-17554,(R)-Oxiracetam,100.0,502,5,2,True,60,112,24,0,201,6,True,True,True,False,True,True,True,True,False,True,neurology/psychiatry,senile dementia
oxyfedrine,BRD-K73027814-003-01-0,GDYUVHBMFVMBAF-LIRRHRJNSA-N,5489013.0,CHEMBL1651913,COc1cccc(c1)C(=O)CCN[C@@H](C)[C@H](O)c1ccccc1,Launched,2.0,adrenergic receptor agonist,,,,,0,GPCR,GPCR,discovery compound,,,,,,313.168,Kemprotec,16777-42-7,"3-{[(1S,2R)-2-hydroxy-1-methyl-2-phenylethyl]amino}-1-(3-methoxyphenyl)-1-propanone hydrochloride",94.49,282,3,0,True,16,17,16,0,53,4,True,True,True,False,True,True,True,True,False,True,cardiology,angina pectoris
oxyphencyclimine,BRD-A58193911-003-18-7,DUDKAZCAISNGQN-FQEVSTJZSA-N,688541.0,CHEMBL1200891,"CN1CCCN=C1COC(=O)[C@@](O)(C1CCCCC1)c1ccccc1 |&1:11,c:5|",Launched,4.0,cholinergic receptor antagonist,Muscarinic acetylcholine receptor M3 antagonist [ANTAGONIST]; Muscarinic acetylcholine receptor M1 antagonist [ANTAGONIST],ANTAGONIST,,,0,GPCR,GPCR,discovery compound,,7256.0,,,,344.21,MicroSource,1503932,OXYPHENCYCLIMINE HYDROCHLORIDE,97.02,286,2,0,True,20,19,12,0,28,2,True,True,True,False,True,True,True,True,False,True,gastroenterology,peptic ulcer disease (PUD)
phthalylsulfathiazole,BRD-K64659768-001-12-8,PBMSWVPMRUJMPE-UHFFFAOYSA-N,4806.0,CHEMBL1524273,OC(=O)c1ccccc1C(=O)Nc1ccc(cc1)S(=O)(=O)Nc1nccs1,Launched,4.0,dihydropteroate synthetase inhibitor,,,,,0,metabolic,metabolic,discovery compound,,13907.0,,,,403.03,MicroSource,1502021,PHTHALYLSULFATHIAZOLE,83.45,191,4,2,True,24,17,6,0,20,4,True,True,True,False,True,True,True,True,False,True,infectious disease|gastroenterology,dysentry|colitis
pidotimod,BRD-K44442813-001-13-9,UUTKICFRNVKFRG-WDSKDSINSA-N,65944.0,CHEMBL1488165,OC(=O)[C@@H]1CSCN1C(=O)[C@@H]1CCC(=O)N1,Launched,2.0,interferon receptor agonist|interleukin receptor agonist,,,,,0,GPCR; growth factor / cytokine,GPCR,discovery compound,,,,,,244.052,MedChemEx,HY-B0944,Pidotimod,94.03,295,4,1,True,73,52,12,0,31,4,True,True,True,False,True,True,True,True,False,True,infectious disease,immune adjuvant
pimecrolimus,BRD-K92107055-001-02-9,KASDHRXLYQOAKZ-YFMQXNBHSA-N,133659920.0,CHEMBL1200686,CC[C@@H]1\C=C(C)\C[C@H](C)C[C@H](OC)[C@H]2O[C@](O)([C@H](C)C[C@@H]2OC)C(=O)C(=O)N2CCCC[C@H]2C(=O)O[C@@H]([C@H](C)[C@@H](O)CC1=O)C(\C)=C\[C@@H]1CC[C@H](Cl)[C@@H](C1)OC |c:3|,Launched,4.0,calcineurin inhibitor,FK506-binding protein 1A inhibitor [INHIBITOR],INHIBITOR,,,0,phosphatase,phosphatase,discovery compound,,6783.0,8.2,pIC50,Rat,809.448,MedChemEx,HY-13723,Pimecrolimus,95.57,3326,65,12,True,838,597,476,2,693,175,True,True,True,True,True,True,True,True,True,True,dermatology,eczema
piperacetazine,BRD-K16277217-001-10-9,BTFMCMVEUCGQDX-UHFFFAOYSA-N,19675.0,CHEMBL1584,CC(=O)c1ccc2Sc3ccccc3N(CCCN3CCC(CCO)CC3)c2c1,Launched,4.0,dopamine receptor antagonist,Dopamine D2 receptor antagonist [ANTAGONIST],ANTAGONIST,,,0,GPCR,GPCR,discovery compound,,,,,,410.203,MicroSource,1503874,PIPERACETAZINE,94.04,102,2,1,True,17,15,6,0,17,3,True,True,True,False,True,True,True,True,False,True,neurology/psychiatry,schizophrenia
plicamycin,BRD-K36368047-001-02-9,CFCUWKMKBJTWLW-BGLFSJPPSA-N,457831.0,CHEMBL509846,CO[C@@H]([C@@H]1Cc2cc3cc(O[C@H]4C[C@@H](O[C@H]5C[C@@H](O)[C@H](O)[C@@H](C)O5)[C@@H](O)[C@@H](C)O4)c(C)c(O)c3c(O)c2C(=O)[C@H]1O[C@H]1C[C@@H](O[C@H]2C[C@@H](O[C@H]3C[C@](C)(O)[C@H](O)[C@@H](C)O3)[C@H](O)[C@@H](C)O2)[C@H](O)[C@@H](C)O1)C(=O)[C@@H](O)[C@@H](C)O,Launched,,alcohol dehydrogenase inhibitor,,,,,0,metabolic,metabolic,discovery compound,,8394.0,,,,1084.473,Sigma,M6891,Mithramycin A Streptomyces plicatus,68.85,1320,30,8,True,312,285,94,1,172,9,True,True,True,True,True,True,True,True,False,True,oncology|endocrinology,testicular carcinoma|Paget's disease|hypercalcemia
pramiracetam,BRD-K21123171-001-03-9,ZULJGOSFKWFVRX-UHFFFAOYSA-N,51712.0,CHEMBL159776,CC(C)N(CCNC(=O)CN1CCCC1=O)C(C)C,Launched,2.0,acetylcholine receptor agonist,,,,,0,GPCR,GPCR,discovery compound,,,,,,269.21,MedChemEx,HY-17455,Pramiracetam,93.06,93,1,1,True,5,8,3,0,25,3,True,True,True,False,True,True,True,True,False,True,neurology/psychiatry,senile dementia
procarbazine,BRD-K13032584-003-19-3,CPTBDICYNRMXFX-UHFFFAOYSA-N,4915.0,CHEMBL1321,CNNCc1ccc(cc1)C(=O)NC(C)C,Launched,4.0,monoamine oxidase inhibitor,,,,,0,metabolic,metabolic,discovery compound,,7278.0,,,,221.153,Selleck,S1995,Procarbazine hydrochloride (Matulane),47.77,10623,160,42,True,2490,1844,629,0,2127,199,True,True,True,False,True,True,True,True,False,True,hematologic malignancy,Hodgkin's lymphoma
procyclidine,BRD-K01826750-003-15-9,INDBQLZJXZLFIT-NSHDSACASA-N,3044369.0,CHEMBL86715,COc1cc(N[C@@H](C)CCCN)c2ncccc2c1 |&1:6|,Launched,4.0,acetylcholine receptor antagonist,,,,,0,GPCR,GPCR,discovery compound,,7280.0,,,,259.168,MedChemEx,HY-B1487,Procyclidine (hydrochloride),92.08,1288,10,2,True,88,102,49,0,213,22,True,True,True,False,True,True,True,True,False,True,neurology/psychiatry,parkinsonism|Parkinson's Disease|akathisia|dystonia
propylhexedrine,BRD-K01825844-001-01-9,JCRIVQIOJSSCQD-VIFPVBQESA-N,71197.0,CHEMBL2105275,"CN[C@@H](C)CC1CCCCC1 |&1:2,r|",Launched,4.0,adrenergic receptor agonist,,,,,0,GPCR,GPCR,discovery compound,,,,,,155.167,PrincetonBio,OSSL_312908,1-cyclohexyl-N-methyl-2-propanamine,76.33,120,3,0,True,12,8,4,0,30,5,True,True,True,False,True,True,True,True,False,True,otolaryngology|endocrinology|allergy,nasal congestion|fever|allergic rhinitis
proxodolol,BRD-A29944538-003-08-3,CEDZURSVVKNCSL-ZDUSSCGKSA-N,940099.0,CHEMBL1621528,Cc1noc(COc2ccccc2OC[C@@H](O)CNC(C)(C)C)n1 |&1:15|,Launched,,adrenergic receptor antagonist,,,,,0,GPCR,GPCR,discovery compound,,,,,,335.185,InterBioScreen,STOCK3S-35298,,97.24,54,0,0,False,0,0,6,2,30,1,False,False,True,True,True,True,True,True,False,True,,
pyrantel,BRD-K82118441-001-03-7,WLJNZVDCPSBLRP-UHFFFAOYSA-N,8546.0,CHEMBL1626223,OC(=O)c1cc2ccccc2c(Cc2c(O)c(cc3ccccc23)C(O)=O)c1O,Launched,4.0,acetylcholine receptor agonist|nicotinic receptor agonist,,,,,0,GPCR,GPCR,discovery compound,,,,,,388.095,Sigma,MFCD00004079,"4,4'-methylenebis(3-hydroxy-2-naphthoic acid)",97.74,2636,51,11,True,254,140,101,0,220,77,True,True,True,False,True,True,True,True,False,True,infectious disease,gastrointestinal roundworms
ractopamine,BRD-K01825837-003-02-9,YJQZYXCXBBCEAQ-SCLBCKFNSA-N,9862660.0,CHEMBL2105358,"C[C@@H](CCc1ccc(O)cc1)NC[C@@H](O)c1ccc(O)cc1 |&1:1,&2:13,r|",Launched,-1.0,adrenergic receptor agonist,,,,,0,GPCR,GPCR,discovery compound,,10455.0,4.8,pEC50,Mouse,301.168,Tocris,5252,Ractopamine hydrochloride,93.86,1358,22,2,True,98,68,44,0,71,19,True,True,True,False,True,True,True,True,False,True,endocrinology,weight-gain aid
revefenacin,BRD-K00003198-001-01-9,FYDWDCIFZSGNBU-UHFFFAOYSA-N,11753673.0,CHEMBL3833319,CN(CCN1CCC(CC1)OC(=O)Nc1ccccc1-c1ccccc1)C(=O)c1ccc(CN2CCC(CC2)C(N)=O)cc1,Launched,4.0,cholinergic receptor antagonist,Muscarinic acetylcholine receptor M3 antagonist [ANTAGONIST],ANTAGONIST,,,0,GPCR,GPCR,discovery compound,,10129.0,9.4,pKi,Human,597.332,MedChemEx,HY-15851,Revefenacin,97.72,130,1,0,True,19,17,12,0,22,3,True,True,True,False,True,True,True,True,False,True,,
sertaconazole,BRD-K01825659-001-01-9,JLGKQTAYUIMGRK-LJQANCHMSA-N,25273617.0,CHEMBL1201196,"Clc1ccc([C@@H](Cn2ccnc2)OCc2csc3c(Cl)cccc23)c(Cl)c1 |&1:5,r|",Launched,4.0,sterol demethylase inhibitor,,,,,0,epigenetic (selective probe),epigenetic (selective probe),discovery compound,,,,,,435.997,Selleck,S3161,Sertaconazole nitrate,98.39,583,11,0,True,113,117,48,0,73,16,True,True,True,False,True,True,True,True,False,True,infectious disease,tinea pedis
solriamfetol,BRD-K00004707-001-01-9,UCTRAOBQFUDCSR-SECBINFHSA-N,10130337.0,CHEMBL4297620,N[C@@H](COC(N)=O)Cc1ccccc1,Launched,4.0,dopamine reuptake inhibitor,,,,,0,transporter,transporter,discovery compound,,10342.0,4.8,pKi,Human,194.106,AMS,Q69522,(R)-2-amino-3-phenylpropyl carbamate,84.07,403,4,0,True,30,33,12,0,111,19,True,True,True,False,True,True,True,True,False,True,neurology/psychiatry,narcolepsy
sulbutiamine,BRD-K12539416-001-01-4,CKHJPWQVLKHBIH-GPAWKIAZSA-N,3002120.0,CHEMBL1874002,CC(C)C(=O)OCC\C(SS\C(CCOC(=O)C(C)C)=C(/C)N(Cc1cnc(C)nc1N)C=O)=C(\C)N(Cc1cnc(C)nc1N)C=O,Launched,2.0,acetylcholine receptor antagonist,,,,,0,GPCR,GPCR,discovery compound,,,,,,702.298,AKSci,O483,,97.93,111,4,2,True,32,44,12,1,31,3,True,True,True,True,True,True,True,True,False,True,neurology/psychiatry,asthenia
sulconazole,BRD-A70649075-008-30-8,AFNXATANNDIXLG-SFHVURJKSA-N,6604421.0,CHEMBL1221,Clc1ccc(CS[C@@H](Cn2ccnc2)c2ccc(Cl)cc2Cl)cc1 |&1:7|,Launched,4.0,sterol demethylase inhibitor,,,,,0,epigenetic (selective probe),epigenetic (selective probe),discovery compound,,,,,,396.002,MicroSource,1501148,SULCONAZOLE NITRATE,99.7,438,8,3,True,138,126,52,0,68,16,True,True,True,False,True,True,True,True,False,True,infectious disease,tinea pedis|tinea cruris|tinea corporis
sulfadoxine,BRD-K55250441-001-13-0,PJSFRIWCGOHTNF-UHFFFAOYSA-N,17134.0,CHEMBL1539,COc1ncnc(NS(=O)(=O)c2ccc(N)cc2)c1OC,Launched,4.0,dihydropteroate synthase inhibitor,Dihydropteroate synthetase inhibitor [INHIBITOR],INHIBITOR,,,0,metabolic,metabolic,discovery compound,,10173.0,7.1,pIC50,Plasmodium falciparum 3D7,310.074,MicroSource,1506086,SULFADOXINE,96.8,10895,78,10,True,790,397,131,0,562,288,True,True,True,False,True,True,True,True,False,True,infectious disease,malaria
sulfathiazole,BRD-K14705039-001-16-4,JNMRHUJNCSQMMB-UHFFFAOYSA-N,5340.0,CHEMBL437,Nc1ccc(cc1)S(=O)(=O)Nc1nccs1,Launched,4.0,dihydropteroate synthase inhibitor,Bacterial dihydropteroate synthase inhibitor [INHIBITOR],INHIBITOR,,,0,metabolic,metabolic,discovery compound,,12699.0,,,,255.014,MicroSource,1500553,SULFATHIAZOLE,98.28,3772,56,10,True,377,218,131,0,339,57,True,True,True,False,True,True,True,True,False,True,infectious disease,gram-negative bacterial infections|gram-positive bacterial infections
sulphadimethoxine,BRD-K71125014-001-31-9,ZZORFUFYDOWNEF-UHFFFAOYSA-N,5323.0,,COc1cc(NS(=O)(=O)c2ccc(N)cc2)nc(OC)n1,Launched,,dihydropteroate synthetase inhibitor,,,,,0,metabolic,metabolic,discovery compound,,12638.0,,,,310.074,MedChemEx,HY-B0337,Sulfadimethoxine,99.08,264,8,2,True,24,8,15,0,16,6,True,True,True,False,True,True,True,True,False,True,infectious disease,gram-negative bacterial infections|gram-positive bacterial infections
sulpiride,BRD-A55272860-001-16-1,BGRJTUBHPOOWDU-LLVKDONJSA-N,643497.0,CHEMBL26,"CCN1CCC[C@@H]1CNC(=O)c1cc(ccc1OC)S(N)(=O)=O |&1:6,r|",Launched,4.0,dopamine receptor antagonist,Dopamine D2 receptor antagonist [ANTAGONIST],ANTAGONIST,,,0,GPCR,GPCR,discovery compound,,5501.0,6.8 - 7.8,pKi,Human,341.141,Tocris,894,(RS)-(+/-)-Sulpiride,98.91,11529,99,71,True,662,604,330,4,1310,105,True,True,True,True,True,True,True,True,False,True,neurology/psychiatry,schizophrenia
tavaborole,BRD-K76713213-001-02-1,LFQDNHWZDQTITF-UHFFFAOYSA-N,11499245.0,CHEMBL443052,OB1OCc2cc(F)ccc12,Launched,4.0,leucyl-tRNA synthetase inhibitor,Leucine-tRNA ligase inhibitor [INHIBITOR],INHIBITOR,,,0,metabolic,metabolic,discovery compound,,,,,,152.044,MedChemEx,HY-10980,AN-2690,91.53,501,8,0,True,89,106,38,0,83,16,True,True,True,False,True,True,True,True,False,True,infectious disease,onychomycosis
tenapanor,BRD-K00003201-001-01-9,DNHPDWGIXIMXSA-CXNSMIOJSA-N,71587953.0,CHEMBL3304485,CN1C[C@@H](c2cccc(c2)S(=O)(=O)NCCOCCOCCNC(=O)NCCCCNC(=O)NCCOCCOCCNS(=O)(=O)c2cccc(c2)[C@@H]2CN(C)Cc3c(Cl)cc(Cl)cc23)c2cc(Cl)cc(Cl)c2C1,Launched,4.0,sodium/hydrogen exchanger inhibitor,,,,,0,transporter,transporter,discovery compound,,8449.0,7.0,pIC50,Rat,1142.31,MedChemEx,HY-15991,Tenapanor,82.6,481,17,4,True,78,61,55,3,170,2,True,True,True,True,True,True,True,True,False,True,,
terconazole,BRD-K86204871-001-17-9,BLSQLHNBWJLIBQ-OZXSUGGESA-N,441383.0,CHEMBL1714574,CC(C)N1CCN(CC1)c1ccc(OC[C@H]2CO[C@@](Cn3cncn3)(O2)c2ccc(Cl)cc2Cl)cc1,Launched,4.0,sterol demethylase inhibitor,Cytochrome P450 51 inhibitor [INHIBITOR],INHIBITOR,,,0,epigenetic (selective probe),epigenetic (selective probe),discovery compound,,,,,,531.18,MedChemEx,HY-B1790,Terconazole,95.98,761,15,4,True,123,112,54,0,83,42,True,True,True,False,True,True,True,True,False,True,infectious disease,vulvovaginal candidiasis
tetrahydrozoline,BRD-A28856712-003-26-0,BYJAVTDNIXVSPW-LBPRGKRZSA-N,716128.0,CHEMBL1200413,"C1CN=C(N1)[C@H]1CCCc2ccccc12 |&1:5,c:2|",Launched,4.0,adrenergic receptor agonist,Adrenergic receptor alpha agonist [AGONIST],AGONIST,,,0,GPCR,GPCR,discovery compound,,,,,,200.131,MicroSource,1500567,,97.41,1420,16,2,True,164,145,69,0,205,10,True,True,True,False,True,True,True,True,False,True,ophthalmology,eye irritation
tinazoline,BRD-K00004663-001-01-9,JENBDJGHNIOHAJ-UHFFFAOYSA-N,68818.0,CHEMBL2107015,C1CN=C(N1)Sc1c[nH]c2ccccc12 |c:2|,Launched,2.0,adrenergic receptor agonist,,,,,0,GPCR,GPCR,discovery compound,,,,,,217.067,Enamine,Z2306534731,"3-(4,5-dihydro-1H-imidazol-2-ylsulfanyl)-1H-indole",44.23,45,0,0,False,7,5,2,0,5,0,True,True,True,False,True,False,True,True,False,True,,
tioconazole,BRD-K00003630-001-01-9,QXHHHPZILQDDPS-HNNXBMFYSA-N,28125518.0,CHEMBL1200438,Clc1sccc1CO[C@@H](Cn1ccnc1)c1ccc(Cl)cc1Cl |&1:8|,Launched,4.0,sterol demethylase inhibitor,Cytochrome P450 51 inhibitor [INHIBITOR],INHIBITOR,,,0,epigenetic (selective probe),epigenetic (selective probe),discovery compound,,13859.0,6.7,pKd,Human,385.981,MedChemEx,HY-B0319,Tioconazole,98.21,1054,15,2,True,208,208,81,0,128,48,True,True,True,False,True,True,True,True,False,True,infectious disease,yeast infection
tipranavir,BRD-A10039652-001-02-0,MYXACKZCYFKMTE-WWKQIGMOSA-N,,CHEMBL222559,"CCC[C@@]1(CCc2ccccc2)CC(=O)[C@@H]([C@H](CC)c2cccc(NS(=O)(=O)c3ccc(cn3)C(F)(F)F)c2)C(=O)O1 |a:3,16,&1:15|",Launched,4.0,HIV protease inhibitor,Human immunodeficiency virus type 1 protease inhibitor [INHIBITOR],INHIBITOR,,,0,protease,protease,discovery compound,,12685.0,,,,602.206,MedChemEx,HY-15148,Tipranavir,88.06,2631,28,2,True,297,322,84,0,356,100,True,True,True,False,True,True,True,True,False,True,infectious disease,human immunodeficiency virus (HIV-1)
tiquizium,BRD-K77552740-004-01-0,ZGSDGGRVFIYKKE-OXQOHEQNSA-N,72160.0,CHEMBL4297146,C[N@+]12CCCC[C@@H]1CCC(C2)=C(c1cccs1)c1cccs1,Launched,2.0,acetylcholine receptor antagonist,,,,,0,GPCR,GPCR,discovery compound,,,,,,330.135,AKSci,R610,,97.14,36,0,0,False,4,4,1,0,6,0,True,True,True,False,True,False,True,True,False,True,neurology/psychiatry,spasms
tolfenamic-acid,BRD-K50133271-001-20-9,YEZNLOUZAIOMLT-UHFFFAOYSA-N,610479.0,CHEMBL121626,Cc1c(Cl)cccc1Nc1ccccc1C(O)=O,Launched,2.0,cyclooxygenase inhibitor|prostanoid receptor antagonist,,,,,0,GPCR,GPCR,discovery compound,,,,,,261.056,MedChemEx,HY-B0335,Tolfenamic Acid,99.01,1274,36,5,True,364,358,102,0,342,32,True,True,True,False,True,True,True,True,False,True,neurology/psychiatry,migraine headache
tolnaftate,BRD-K44273375-001-25-0,FUSNMLFNXJSCDI-UHFFFAOYSA-N,5510.0,CHEMBL83668,CN(C(=S)Oc1ccc2ccccc2c1)c1cccc(C)c1,Launched,3.0,fungal squalene epoxidase inhibitor,,,,,0,metabolic,metabolic,discovery compound,,,,,,307.103,MicroSource,1500583,TOLNAFTATE,99.91,699,17,3,True,100,78,42,0,57,19,True,True,True,False,True,True,True,True,False,True,infectious disease,tinea pedis|tinea corporis
tridihexethyl,BRD-A22152765-003-10-0,NPRHVSBSZMAEIN-NRFANRHFSA-N,6604470.0,CHEMBL1201354,CC[N+](CC)(CC)CC[C@@](O)(C1CCCCC1)c1ccccc1 |&1:9|,Launched,4.0,acetylcholine receptor antagonist,,,,,0,GPCR,GPCR,discovery compound,,,,,,318.28,Prestwick,Prestw-1042,Tridihexethyl chloride,94.0,53,6,1,True,8,7,6,0,12,3,True,True,True,False,True,True,True,True,False,True,gastroenterology|ophthalmology,peptic ulcer disease (PUD)|nystagmus
trilostane,BRD-A04497688-001-03-4,RLQVKDVIBJCQGE-PORJLZOZSA-N,5311487.0,CHEMBL1200907,"C[C@]12CC[C@H]3[C@@H](CC[C@@]45O[C@@H]4C(=O)[C@@H](C[C@]35C)C#N)[C@@H]1CC[C@@H]2O |a:1,4,5,8,10,15,19,22,&1:13|",Launched,4.0,3beta-hydroxy-delta5-steroid dehydrogenase inhibitor,3-beta-hydroxysteroid dehydrogenase/delta 5-->4-isomerase type II inhibitor [INHIBITOR],INHIBITOR,,,0,metabolic,metabolic,discovery compound,,6850.0,8.4,pIC50,None,329.199,MedChemEx,HY-14281,Trilostane,99.44,1150,37,27,True,226,189,91,0,226,19,True,True,True,False,True,True,True,True,False,True,endocrinology,Cushing's syndrome
tromaril,BRD-K91422571-001-01-8,HLNLBEFKHHCAMV-UHFFFAOYSA-N,31635.0,CHEMBL2106178,OC(=O)c1ccccc1NCCc1ccccc1,Launched,2.0,prostanoid receptor antagonist,,,,,0,GPCR,GPCR,discovery compound,,,,,,241.11,Enamine,Z381346304,,99.33,10,0,0,False,0,1,0,0,0,0,False,True,False,False,False,False,True,True,False,True,ophthalmology,eye inflammation
troxipide,BRD-A68589262-001-06-9,YSIITVVESCNIPR-NSHDSACASA-N,40467000.0,CHEMBL1566956,"COc1cc(cc(OC)c1OC)C(=O)N[C@H]1CCCNC1 |&1:15,r|",Launched,2.0,glucosamine synthetase stimulant,,,,,0,metabolic,metabolic,discovery compound,,,,,,294.158,MedChemEx,HY-B0758,Troxipide,91.95,60,0,0,False,5,9,1,0,6,0,True,True,True,False,True,False,True,True,False,True,gastroenterology,gastroesophageal reflux disease (GERD)
upadacitinib,BRD-K00003286-001-01-9,WYQFJHHDOKWSHR-MNOVXSKESA-N,58557659.0,CHEMBL3622821,CC[C@@H]1CN(C[C@@H]1c1cnc2cnc3[nH]ccc3n12)C(=O)NCC(F)(F)F,Launched,4.0,JAK inhibitor,,,,,0,kinase,kinase,discovery compound,,9246.0,6.9,pIC50,Human,380.157,MedChemEx,HY-19569,Upadacitinib,91.62,6269,357,28,True,1508,1163,733,4,1640,232,True,True,True,True,True,True,True,True,False,True,,
valbenazine,BRD-K00003233-001-01-9,GEJDGVNQKABXKG-CFKGEZKQSA-N,24795069.0,CHEMBL2364639,[H][C@]12C[C@@H](OC(=O)[C@@H](N)C(C)C)[C@H](CC(C)C)CN1CCc1cc(OC)c(OC)cc21,Launched,4.0,vesicular monoamine transporter inhibitor,Synaptic vesicular amine transporter inhibitor [INHIBITOR],INHIBITOR,,,0,transporter,transporter,discovery compound,,8694.0,6.7,pKi,Rat,418.283,MedChemEx,HY-16771,Valbenazine,88.74,548,9,0,True,59,57,35,2,98,15,True,True,True,True,True,True,True,True,False,True,neurology/psychiatry,dyskinesia
valnoctamide,BRD-A96644976-001-01-5,QRCJOCOSPZMDJY-RNFRBKRXSA-N,36689722.0,CHEMBL1075733,"CC[C@@H](C)[C@@H](CC)C(N)=O |&1:2,&2:4,r|",Launched,3.0,arachidonic acid acylation inhibitor|benzodiazepine receptor agonist,,,,,0,GPCR,GPCR,discovery compound,,,,,,143.131,Sigma,V4765,2-ethyl-3-methylpentanamide,61.43,156,4,2,True,25,30,6,0,27,55,True,True,True,False,True,True,True,True,False,True,neurology/psychiatry,sleeplessness
zanubrutinib,BRD-K00003413-001-01-9,RNOAOAWBMHREKO-QFIPXVFZSA-N,135565884.0,CHEMBL3936761,NC(=O)c1c2NCC[C@@H](C3CCN(CC3)C(=O)C=C)n2nc1-c1ccc(Oc2ccccc2)cc1,Launched,4.0,Bruton's tyrosine kinase (BTK) inhibitor,Tyrosine-protein kinase BTK inhibitor [INHIBITOR],INHIBITOR,,,0,kinase,kinase,discovery compound,,9861.0,8.7,pIC50,Human,471.227,MedChemEx,HY-101474A,Zanubrutinib,92.97,2535,24,3,True,1183,911,260,0,631,35,True,True,True,False,True,True,True,True,False,True,,
acalabrutinib,BRD-K64034691-001-01-9,WDENQIQQYWYTPO-IBGZPJMESA-N,71226662.0,CHEMBL4747506,CC#CC(=O)N1CCC[C@H]1c1nc(-c2ccc(cc2)C(=O)Nc2ccccn2)c2c(N)nccn12,Launched,,Bruton's tyrosine kinase (BTK) inhibitor,,,BTK,BTK,1,kinase,kinase,discovery compound,,8912.0,6.0,pEC50,Human,465.191,MedChemEx,HY-17600,Acalabrutinib,88.47,3857,66,6,True,1916,1628,473,1,1072,50,True,True,True,True,True,True,True,True,False,False,hematologic malignancy,mantle cell lymphoma (MCL)
acebutolol,BRD-A29260609-003-26-0,GOEMGAFJFRBGGG-UHFFFAOYSA-N,657184.0,CHEMBL642,CCCC(=O)Nc1ccc(OCC(O)CNC(C)C)c(c1)C(C)=O,Launched,4.0,adrenergic receptor antagonist,,,ADRB1,ADRB1,1,GPCR,GPCR,discovery compound,,7107.0,6.4 - 6.5,pKi,Human,336.205,MicroSource,1500665,ACEBUTOLOL HYDROCHLORIDE,98.29,2524,24,2,True,182,156,129,3,767,73,True,True,True,True,True,True,True,True,False,False,cardiology,hypertension|ventricular arrhythmias
aceclofenac,BRD-K68538666-001-12-3,MNIPYSSQXLZQLJ-UHFFFAOYSA-N,71771.0,CHEMBL93645,OC(=O)COC(=O)Cc1ccccc1Nc1c(Cl)cccc1Cl,Launched,2.0,prostanoid receptor antagonist,Cyclooxygenase-2 inhibitor [INHIBITOR],INHIBITOR,PTGS2,PTGS2,1,GPCR,GPCR,discovery compound,,,,,,353.022,MicroSource,1502375,ACECLOFENAC,98.5,1938,211,7,True,280,231,268,8,488,25,True,True,True,True,True,True,True,False,False,False,rheumatology,rheumatoid arthritis|ankylosing spondylitis|osteoarthritis|periarthritis|lumbago|ischiadynia
acefylline,BRD-K44004064-001-07-3,HCYFGRCYSCXKNQ-UHFFFAOYSA-N,69550.0,CHEMBL2106660,Cn1c2ncn(CC(O)=O)c2c(=O)n(C)c1=O,Launched,4.0,adenosine receptor agonist,Unknown [None],,ADORA1,ADORA1,1,GPCR,GPCR,discovery compound,,,,,,238.07,Prestwick,Prestw-1507,Acefylline,97.34,56,1,1,True,8,8,4,0,7,0,True,True,True,False,True,False,True,True,False,False,pulmonary,asthma
acetyl-farnesyl-cysteine,BRD-K79437791-001-05-7,XTURYZYJYQRJDO-BNAHBJSTSA-N,6438381.0,CHEMBL4303274,CC(C)=CCC\C(C)=C\CC\C(C)=C\CSC[C@H](NC(C)=O)C(O)=O,Launched,,methyltransferase inhibitor,,,PPARG,PPARG,1,epigenetic (selective probe),epigenetic (selective probe),discovery compound,,,,,,367.218,Enzo,G200,Acetyl-farnesyl-cysteine,81.86,134,1,0,True,19,25,7,0,11,1,True,True,True,False,True,True,True,True,False,False,dermatology,acne vulgaris (AV)
acipimox,BRD-K63736853-001-04-8,DJQOOSBJCLSSEY-UHFFFAOYSA-N,5310993.0,CHEMBL345714,Cc1cnc(c[n+]1[O-])C(O)=O,Launched,4.0,cholesterol inhibitor,Unknown [None],,HCAR2,HCAR2,1,metabolic,metabolic,discovery compound,,1596.0,5.2 - 5.6,pEC50,Human,154.038,MicroSource,1504831,ACIPIMOX,98.26,952,25,6,True,176,202,96,1,294,8,True,True,True,True,True,True,True,True,False,False,endocrinology,hyperlipidemia
acrivastine,BRD-K50163129-001-01-4,PWACSDKDOHSSQD-IUTFFREVSA-N,5284514.0,CHEMBL1224,Cc1ccc(cc1)C(=C/CN1CCCC1)\c1cccc(\C=C\C(O)=O)n1,Launched,4.0,histamine receptor antagonist,Histamine H1 receptor antagonist [ANTAGONIST],ANTAGONIST,HRH1,HRH1,1,GPCR,GPCR,discovery compound,,,,,,348.184,Enzo,AC3005,ACRIVASTINE,100.0,294,13,1,True,25,18,11,0,49,10,True,True,True,False,True,True,True,True,False,False,allergy,allergic rhinitis
adiphenine,BRD-K60907894-003-24-9,JGOAIQNSOGZNBX-UHFFFAOYSA-N,2031.0,CHEMBL353846,CCN(CC)CCOC(=O)C(c1ccccc1)c1ccccc1,Launched,2.0,acetylcholine receptor antagonist,,,CHRNA1,CHRNA1,1,GPCR,GPCR,discovery compound,,,,,,311.189,MedChemEx,HY-B0379A,Adiphenine (hydrochloride),95.9,208,1,0,True,50,36,18,0,43,9,True,True,True,False,True,True,True,False,False,False,neurology/psychiatry,spasms
adrenalone,BRD-K82343404-003-06-9,PZMVOUYYNKPMSI-UHFFFAOYSA-N,7436.0,CHEMBL2103996,CNCC(=O)c1ccc(O)c(O)c1,Launched,2.0,adrenergic receptor agonist,,,ADRA1A,ADRA1A,1,GPCR,GPCR,discovery compound,,,,,,181.074,MedChemEx,HY-B1308,Adrenalone (hydrochloride),96.6,272,7,1,True,52,39,13,0,46,1,True,True,True,False,True,True,True,True,False,False,hematology,hemorrhage
albuterol,BRD-K01825118-065-04-9,NDAUXUAQIAJITI-GFCCVEGCSA-N,182176.0,CHEMBL1201026,CC(C)(C)NC[C@@H](O)c1ccc(O)c(CO)c1 |&1:6|,Launched,,adrenergic receptor agonist,,,ADRB2,ADRB2,1,GPCR,GPCR,discovery compound,,9816.0,4.7,pKi,Human,337.12,Selleck,S2507,Salbutamol sulfate (Albuterol),90.96,21503,291,56,True,1226,894,832,2,3164,144,True,True,True,True,True,True,True,True,False,False,pulmonary,asthma
alcaftadine,BRD-K55991142-001-01-6,MWTBKTRZPHJQLH-UHFFFAOYSA-N,19371515.0,CHEMBL1201747,CN1CCC(CC1)=C1c2ncc(C=O)n2CCc2ccccc12,Launched,4.0,histamine receptor antagonist,Histamine H1 receptor antagonist [ANTAGONIST],ANTAGONIST,HRH1,HRH1,1,GPCR,GPCR,discovery compound,,7587.0,,,,307.168,MedChemEx,HY-17039,"11-(1-methyl-4-piperidinylidene)-6,11-dihydro-5H-imidazo[2,1-b][3]benzazepine-3-carbaldehyde",99.28,113,5,0,True,33,13,16,0,38,1,True,True,True,False,True,True,True,True,False,True,allergy,allergic conjunctivitis
alimemazine,BRD-K01827280-046-11-9,ZZHLYYDVIOPZBE-AWEZNQCLSA-N,6604496.0,CHEMBL829,C[C@@H](CN(C)C)CN1c2ccccc2Sc2ccccc12 |&3:1|,Launched,4.0,histamine receptor agonist|histamine receptor antagonist,,,HRH1,HRH1,1,GPCR,GPCR,discovery compound,,7237.0,9.1,pKi,Bovine,298.15,MedChemEx,HY-12752A,Alimemazine hemitartrate,92.88,435,11,2,True,33,31,16,0,66,10,True,True,True,False,True,True,True,True,False,True,neurology/psychiatry|allergy|pulmonary,sedative|urticaria|itching|cough suppressant
allopurinol,BRD-K86307448-001-19-1,OFCNXPDARWKPPY-UHFFFAOYSA-N,135401907.0,CHEMBL1467,O=c1nc[nH]c2n[nH]cc12,Launched,4.0,xanthine oxidase inhibitor,Xanthine dehydrogenase inhibitor [INHIBITOR],INHIBITOR,XDH,XDH,1,metabolic,metabolic,discovery compound,,6795.0,5.4,pIC50,Human,136.039,Selleck,S1630,Allopurinol (Zyloprim),100.0,29722,958,256,True,4866,5276,2527,17,8555,514,True,True,True,True,True,True,True,True,False,False,rheumatology|urology,gout|kidney stones
alogliptin,BRD-K83003151-057-01-6,ZSBOMTDTBDDKMP-OAHLLOKOSA-N,11450633.0,CHEMBL376359,Cn1c(=O)cc(N2CCC[C@@H](N)C2)n(Cc2ccccc2C#N)c1=O,Launched,4.0,dipeptidyl peptidase inhibitor,,,DPP4,DPP4,1,protease,protease,discovery compound,,6319.0,8.5,pIC50,Human,339.17,Selleck,S2868,Alogliptin,93.62,4148,102,33,True,940,1078,639,1,2187,36,True,True,True,True,True,True,True,True,False,False,endocrinology,diabetes mellitus
ambroxol,BRD-K56558538-003-15-9,JBDGDEWWOUBZPM-XYPYZODXSA-N,,CHEMBL153479,Nc1c(Br)cc(Br)cc1CN[C@H]1CC[C@H](O)CC1 |r|,Launched,3.0,sodium channel blocker,,,CYP3A4,CYP3A4,1,ion channel,ion channel,discovery compound,,10692.0,,,,375.979,Tocris,2404,Ambroxol hydrochloride,97.58,3283,84,13,True,506,638,225,1,619,50,True,True,True,True,True,True,True,True,False,False,pulmonary,bronchitis
amezinium,BRD-K51387999-067-01-6,VXROHTDSRBRJLN-UHFFFAOYSA-O,71927.0,CHEMBL2106667,COc1cc(N)cn[n+]1-c1ccccc1,Launched,2.0,adrenergic receptor agonist,,,ADRB2,ADRB2,1,GPCR,GPCR,discovery compound,,,,,,202.098,CombiBlocks,QH-7299,4-amino-6-methoxy-1-phenylpyridazin-1-ium methyl sulfate,74.42,171,4,1,True,6,8,7,0,53,4,True,True,True,False,True,True,True,True,False,True,cardiology,hypotension
aminopentamide,BRD-A69917777-065-02-2,NARHAGIVSFTMIG-UHFFFAOYSA-N,176163.0,CHEMBL3561133,CC(CC(C(N)=O)(c1ccccc1)c1ccccc1)N(C)C,Launched,,acetylcholine receptor antagonist,,,CHRM1,CHRM1,1,GPCR,GPCR,discovery compound,,,,,,296.189,MicroSource,1505650,AMINOPENTAMIDE SULFATE,97.37,31,2,0,True,8,10,3,0,12,0,True,True,True,False,True,False,True,True,False,False,gastroenterology,acute abdominal visceral spasm|hypertrophic gastritis (GHG)|nausea
amisulpride,BRD-A60197193-001-14-6,NTJOBXMMWNYJFB-GFCCVEGCSA-N,5746246.0,CHEMBL243712,"CCN1CCC[C@@H]1CNC(=O)c1cc(c(N)cc1OC)S(=O)(=O)CC |&1:6,r|",Launched,4.0,dopamine receptor antagonist,Serotonin (5-HT) receptor antagonist [ANTAGONIST]; Dopamine receptors; D2 & D3 antagonist [ANTAGONIST],ANTAGONIST,DRD2,DRD2,1,GPCR,GPCR,discovery compound,,963.0,7.9 - 8.0,pKi,Human,369.172,Tocris,2132,Amisulpride,94.44,5690,45,8,True,363,351,128,0,757,101,True,True,True,False,True,True,True,True,False,False,neurology/psychiatry,psychosis|bipolar disorder|schizophrenia
amodiaquine,BRD-K91290917-300-01-8,OVCDSSHSILBFBN-UHFFFAOYSA-N,3647519.0,CHEMBL682,CCN(CC)Cc1cc(Nc2ccnc3cc(Cl)ccc23)ccc1O,Launched,4.0,histamine receptor agonist,,,HNMT,HNMT,1,GPCR,GPCR,discovery compound,,10018.0,8.4,pIC50,Plasmodium falciparum NF54,355.145,MicroSource,1500119,AMODIAQUINE DIHYDROCHLORIDE,98.24,7852,76,12,True,1000,808,315,0,670,206,True,True,True,False,True,True,True,True,False,False,infectious disease,malaria
anagliptin,BRD-K05355328-001-02-9,LDXYBEHACFJIEL-HNNXBMFYSA-N,44513473.0,CHEMBL1929396,Cc1cc2ncc(cn2n1)C(=O)NCC(C)(C)NCC(=O)N1CCC[C@H]1C#N,Launched,4.0,dipeptidyl peptidase inhibitor,Dipeptidyl peptidase IV inhibitor [INHIBITOR],INHIBITOR,DPP4,DPP4,1,protease,protease,discovery compound,,11582.0,8.4,pIC50,Human,383.207,MedChemEx,HY-14877,Anagliptin,82.68,601,20,2,True,198,206,148,0,315,1,True,True,True,False,True,True,True,True,False,True,endocrinology,diabetes mellitus
arotinolol,BRD-A28044053-001-01-7,BHIAIPWSVYSKJS-SECBINFHSA-N,12797283.0,CHEMBL93298,"CC(C)(C)NC[C@@H](O)CSc1nc(cs1)-c1ccc(s1)C(N)=O |&1:6,r|",Launched,3.0,adrenergic receptor antagonist,,,ADRB3,ADRB3,1,GPCR,GPCR,discovery compound,,,,,,371.08,AKSci,K136,,96.65,287,4,0,True,30,26,32,2,130,3,True,True,True,True,True,True,True,False,False,False,cardiology|neurology/psychiatry,hypertension|tremors
avatrombopag,BRD-K68544925-001-01-1,OFZJKCQENFPZBH-UHFFFAOYSA-N,9852519.0,CHEMBL2103883,OC(=O)C1CCN(CC1)c1ncc(cc1Cl)C(=O)Nc1nc(-c2cc(Cl)cs2)c(s1)N1CCN(CC1)C1CCCCC1,Launched,4.0,thrombopoietin receptor agonist,Thrombopoietin receptor agonist [AGONIST],AGONIST,MPL,MPL,1,GPCR,GPCR,discovery compound,,9953.0,,,,648.151,MedChemEx,HY-13463,Avatrombopag,95.01,717,16,1,True,230,146,81,0,234,18,True,True,True,False,True,True,True,False,False,False,hematology,thrombocytopenia
azatadine,BRD-K77821588-332-02-9,SEBMTIQKRHYNIT-UHFFFAOYSA-N,19861.0,CHEMBL3544908,CN1CCC(CC1)=C1c2ccccc2CCc2cccnc12,Launched,4.0,histamine receptor antagonist,Histamine H1 receptor antagonist [ANTAGONIST],ANTAGONIST,HRH1,HRH1,1,GPCR,GPCR,discovery compound,,7119.0,,,,290.178,MedChemEx,HY-B0170A,Azatadine (dimaleate),95.55,277,18,0,True,43,33,34,0,54,5,True,True,True,False,True,True,True,True,False,True,allergy,allergic rhinitis
azelastine,BRD-A68888262-003-17-9,MBUVEWMHONZEQD-SFHVURJKSA-N,12831281.0,CHEMBL1200809,CN1CCC[C@@H](CC1)n1nc(Cc2ccc(Cl)cc2)c2ccccc2c1=O |&1:5|,Launched,4.0,histamine receptor antagonist,Histamine H1 receptor antagonist [ANTAGONIST],ANTAGONIST,HRH1,HRH1,1,GPCR,GPCR,discovery compound,,7121.0,8.9,pKi,Human,381.161,MedChemEx,HY-B0462,Azelastine (hydrochloride),98.0,1998,57,6,True,320,244,172,0,423,42,True,True,True,False,True,True,True,True,False,True,ophthalmology,conjunctivitis
azelnidipine,BRD-A01098288-001-06-0,ZKFQEACEUNWPMT-MUUNZHRXSA-N,9873077.0,CHEMBL1275868,"CC(C)OC(=O)C1=C(C)NC(N)=C([C@@H]1c1cccc(c1)[N+]([O-])=O)C(=O)OC1CN(C1)C(c1ccccc1)c1ccccc1 |r,c:6,11|",Launched,3.0,calcium channel blocker,Voltage-gated L-type calcium channel blocker [BLOCKER],BLOCKER,CACNA1C,CACNA1C,1,ion channel,ion channel,discovery compound,,,,,,582.248,MedChemEx,HY-B0023,Azelnidipine,95.94,708,9,2,True,137,132,111,0,364,5,True,True,True,False,True,True,True,True,False,False,cardiology,hypertension
bemegride,BRD-K14993104-001-05-9,ORRZGUBHBVWWOP-UHFFFAOYSA-N,2310.0,CHEMBL1214192,CCC1(C)CC(=O)NC(=O)C1,Launched,2.0,chemoreceptor agonist,,,GABRA1,GABRA1,1,GPCR,GPCR,discovery compound,,,,,,155.095,Selleck,S4197,Bemegride,90.86,738,9,3,True,14,7,11,0,48,10,True,True,True,False,True,True,True,True,False,False,critical care,poison antidote
bempedoic-acid,BRD-K63177377-001-01-8,HYHMLYSLQUKXKP-UHFFFAOYSA-N,10472693.0,CHEMBL3545313,CC(C)(CCCCCC(O)CCCCCC(C)(C)C(O)=O)C(O)=O,Launched,4.0,AMPK inhibitor,ATP-citrate synthase inhibitor [INHIBITOR],INHIBITOR,ACLY,ACLY,1,metabolic,metabolic,discovery compound,,,,,,344.256,MedChemEx,HY-12357,ETC-1002,98.6,1984,31,2,True,351,365,259,0,1213,63,True,True,True,False,True,True,True,False,False,False,,
benperidol,BRD-K79425933-001-11-9,FEBOTPHFXYHVPL-UHFFFAOYSA-N,16363.0,CHEMBL297302,Fc1ccc(cc1)C(=O)CCCN1CCC(CC1)n1c2ccccc2[nH]c1=O,Launched,4.0,dopamine receptor antagonist,Dopamine D2 receptor antagonist [ANTAGONIST],ANTAGONIST,DRD2,DRD2,1,GPCR,GPCR,discovery compound,,9215.0,10.6,pKi,Human,381.185,Sigma,MFCD00866672,"1-{1-[4-(4-fluorophenyl)-4-oxobutyl]-4-piperidinyl}-1,3-dihydro-2H-benzimidazol-2-one",96.81,1061,5,0,True,31,32,15,0,89,9,True,True,True,False,True,True,True,True,False,True,neurology/psychiatry,schizophrenia
benserazide,BRD-A61194565-003-27-0,BNQDCRGUHNALGH-UHFFFAOYSA-N,657280.0,CHEMBL1096979,NC(CO)C(=O)NNCc1ccc(O)c(O)c1O,Launched,3.0,DOPA decarboxylase inhibitor,DOPA decarboxylase inhibitor [INHIBITOR],INHIBITOR,DDC,DDC,1,metabolic,metabolic,discovery compound,,5150.0,4.5,pIC50,Human,257.101,Selleck,S2453,Benserazide HCl,93.52,4306,52,22,True,459,653,200,2,822,50,True,True,True,True,True,True,True,True,False,False,neurology/psychiatry,Parkinson's Disease
benzbromarone,BRD-K11717138-001-31-9,WHQCHUCQKNIQEC-UHFFFAOYSA-N,2333.0,CHEMBL388590,CCc1oc2ccccc2c1C(=O)c1cc(Br)c(O)c(Br)c1,Launched,4.0,chloride channel blocker,Solute carrier family 22 member 12 inhibitor [INHIBITOR],INHIBITOR,ABCC1,ABCC1,1,ion channel; transporter,ion channel,discovery compound,,14007.0,5.4,pIC50,Human,421.915,Tocris,5420,Benzbromarone,96.33,2603,175,37,True,536,564,256,2,804,26,True,True,True,True,True,True,True,True,False,False,rheumatology,gout
benzethonium,BRD-K72723676-003-17-8,SIYLLGKDQZGJHK-UHFFFAOYSA-N,2335.0,CHEMBL221753,CC(C)(C)CC(C)(C)c1ccc(OCCOCC[N+](C)(C)Cc2ccccc2)cc1,Launched,2.0,sodium channel blocker,,,SCN10A,SCN10A,1,ion channel,ion channel,discovery compound,,,,,,412.322,MicroSource,1500138,BENZETHONIUM CHLORIDE,99.48,2147,60,7,True,513,514,225,0,374,41,True,True,True,False,True,True,True,True,False,False,infectious disease,first-aid antiseptic
benzocaine,BRD-K75466013-001-14-4,BLFLLBZGZJTVJG-UHFFFAOYSA-N,2337.0,CHEMBL278172,CCOC(=O)c1ccc(N)cc1,Launched,3.0,sodium channel blocker,Unknown [None],,SCN10A,SCN10A,1,ion channel,ion channel,discovery compound,,,,,,165.079,MicroSource,1500139,BENZOCAINE,99.51,6404,365,90,True,865,621,485,7,857,97,True,True,True,True,True,True,True,True,False,True,infectious disease,first-aid antiseptic
bepotastine,BRD-K98624455-074-03-6,YWGDOWXRIALTES-NRFANRHFSA-N,25273609.0,CHEMBL1201758,OC(=O)CCCN1CCC(CC1)O[C@@H](c1ccc(Cl)cc1)c1ccccn1,Launched,4.0,histamine receptor antagonist,,,HRH1,HRH1,1,GPCR,GPCR,discovery compound,,7466.0,,,,388.155,Selleck,S3037,Bepotastine Besilate,99.09,324,7,0,True,54,33,32,0,78,4,True,True,True,False,True,True,True,True,False,True,ophthalmology,conjunctivitis
bepridil,BRD-A91008255-003-25-5,UIEATEWHFDRYRU-UHFFFAOYSA-N,50088.0,CHEMBL1200382,CC(C)COCC(CN(Cc1ccccc1)c1ccccc1)N1CCCC1,Launched,4.0,calcium channel blocker,Voltage-gated calcium channel blocker [BLOCKER],BLOCKER,KCNQ4,KCNQ4,1,ion channel,ion channel,discovery compound,,2337.0,5.0 - 6.0,pIC50,Rat,366.267,Sigma,MFCD00065498,N-benzyl-N-[3-isobutoxy-2-(1-pyrrolidinyl)propyl]aniline hydrochloride,96.17,2363,23,9,True,303,351,202,5,625,31,True,True,True,True,True,True,True,False,False,False,cardiology,angina pectoris
beta-hydroxy-beta-methylbutyrate,BRD-M02899238-238-01-6,KORPMXSVHOHPMS-UHFFFAOYSA-N,129010087.0,CHEMBL4303673,CC(C)(O)CC(O)=O.CC(C)(O)CC(O)=O,Launched,,protein synthesis stimulant,,,MTOR,MTOR,1,kinase,kinase,discovery compound,,,,,,118.063,CombiBlocks,QC-1944,calcium bis(3-hydroxy-3-methylbutanoate),97.1,525,25,1,True,114,94,82,1,97,4,True,True,True,True,True,True,True,True,False,False,,
betazole,BRD-K20075662-300-04-0,JXDFEQONERDKSS-UHFFFAOYSA-N,7741.0,CHEMBL1201323,NCCc1ccn[nH]1,Launched,4.0,histamine receptor agonist,,,HRH2,HRH2,1,GPCR,GPCR,discovery compound,,7126.0,,,,111.08,Prestwick,Prestw-43,Betazole hydrochloride,97.19,322,11,11,True,40,20,17,0,39,13,True,True,True,False,True,True,True,False,False,False,gastroenterology,gastric hypersecretion diagnostic
bilastine,BRD-K51937257-001-01-4,ACCMWZWAEFYUGZ-UHFFFAOYSA-N,40467029.0,CHEMBL1742423,CCOCCn1c(nc2ccccc12)C1CCN(CCc2ccc(cc2)C(C)(C)C(O)=O)CC1,Launched,4.0,histamine receptor antagonist,Histamine H1 receptor inverse agonist [INVERSE AGONIST],INVERSE AGONIST,HRH1,HRH1,1,GPCR,GPCR,discovery compound,,11579.0,7.2,pKi,Human,463.283,MedChemEx,HY-14447,Bilastine,99.77,645,15,0,True,75,63,52,0,142,23,True,True,True,False,True,True,True,True,False,True,ophthalmology,conjunctivitis
bisoprolol,BRD-A89175223-051-16-3,VHYCDWMUTMEGQY-QGZVFWFLSA-N,6604464.0,CHEMBL645,CC(C)NC[C@@H](O)COc1ccc(COCCOC(C)C)cc1 |&1:5|,Launched,4.0,adrenergic receptor antagonist,,,ADRB1,ADRB1,1,GPCR,GPCR,discovery compound,,7129.0,7.6 - 7.9,pKi,Human,325.225,Selleck,S1206,Bisoprolol,95.41,13432,153,37,True,1155,1233,992,4,6266,231,True,True,True,True,True,True,True,True,False,True,cardiology,hypertension
brexpiprazole,BRD-K00911143-001-02-9,ZKIAIYBUSXZPLP-UHFFFAOYSA-N,11978813.0,CHEMBL2105760,O=c1ccc2ccc(OCCCCN3CCN(CC3)c3cccc4sccc34)cc2[nH]1,Launched,4.0,dopamine receptor partial agonist,Dopamine D2 receptor partial agonist [PARTIAL AGONIST]; Serotonin 1a (5-HT1a) receptor partial agonist [PARTIAL AGONIST]; Serotonin 2a (5-HT2a) receptor antagonist [ANTAGONIST],ANTAGONIST; PARTIAL AGONIST,DRD2,DRD2,1,GPCR,GPCR,discovery compound,,7672.0,9.5,pKi,Human,433.182,MedChemEx,HY-15780,Brexpiprazole,95.38,2188,16,2,True,206,244,81,0,417,51,True,True,True,False,True,True,True,True,False,True,neurology/psychiatry,depression|schizophrenia
bromopride,BRD-K73642618-001-14-9,GIYAQDDTCWHPPL-UHFFFAOYSA-N,2446.0,CHEMBL399510,CCN(CC)CCNC(=O)c1cc(Br)c(N)cc1OC,Launched,3.0,dopamine receptor antagonist,Dopamine D2 receptor antagonist [ANTAGONIST],ANTAGONIST,DRD2,DRD2,1,GPCR,GPCR,discovery compound,,,,,,343.09,Key,HS-0004,4-amino-5-bromo-N-[2-(diethylamino)ethyl]-2-methoxybenzamide,97.86,181,2,0,True,18,12,18,0,27,7,True,True,True,False,True,True,True,True,False,True,gastroenterology,nausea|vomiting|gastroesophageal reflux disease (GERD)
bromperidol,BRD-K78643075-001-11-6,RKLNONIVDFXQRX-UHFFFAOYSA-N,2448.0,CHEMBL28218,OC1(CCN(CCCC(=O)c2ccc(F)cc2)CC1)c1ccc(Br)cc1,Launched,4.0,dopamine receptor antagonist,Dopamine D2 receptor antagonist [ANTAGONIST],ANTAGONIST,DRD2,DRD2,1,GPCR,GPCR,discovery compound,,,,,,419.09,MicroSource,1505972,BROMPERIDOL,98.85,414,6,0,True,36,39,18,0,57,11,True,True,True,False,True,True,True,True,False,True,neurology/psychiatry,schizophrenia
brompheniramine,BRD-K01825159-050-02-9,ZDIGNSYAACHWNL-HNNXBMFYSA-N,16960.0,CHEMBL1200961,CN(C)CC[C@@H](c1ccc(Br)cc1)c1ccccn1 |&1:5|,Launched,4.0,histamine receptor antagonist,Histamine H1 receptor antagonist [ANTAGONIST],ANTAGONIST,HRH1,HRH1,1,GPCR,GPCR,discovery compound,,7133.0,,,,318.073,MedChemEx,HY-B0480,Brompheniramine (maleate),85.77,908,15,5,True,59,57,36,1,150,19,True,True,True,True,True,True,True,True,False,True,allergy|otolaryngology,allergic rhinitis|common cold
bucladesine,BRD-A94624445-236-17-0,CJGYSWNGNKCJSB-YVLZZHOMSA-N,9687.0,CHEMBL1522836,"CCCC(=O)Nc1ncnc2n(cnc12)[C@@H]1O[C@@H]2CO[P@](O)(=O)O[C@H]2[C@H]1OC(=O)CCC |a:15,17,24,25,&1:20|",Launched,,adenosine receptor agonist|cAMP stimulant,,,PRKACA,PRKACA,1,GPCR,GPCR,discovery compound,,5485.0,,,,469.136,Tocris,1141,"Dibutyryl-cAMP, sodium salt",98.02,9906,105,228,True,874,344,393,1,515,8,True,True,True,True,True,True,True,False,False,False,dermatology,skin ulcer
buclizine,BRD-A91444184-300-01-9,MOYGZHXDRJNJEP-MHZLTWQESA-N,3246096.0,CHEMBL1201271,CC(C)(C)c1ccc(CN2CCN(CC2)[C@@H](c2ccccc2)c2ccc(Cl)cc2)cc1 |&1:15|,Launched,4.0,histamine receptor antagonist,,,HRH1,HRH1,1,GPCR,GPCR,discovery compound,,7134.0,,,,432.233,Key,KS-1250,1-(4-tert-butylbenzyl)-4-[(4-chlorophenyl)(phenyl)methyl]piperazine dihydrochloride,99.32,164,6,1,True,26,21,5,0,26,13,True,True,True,False,True,True,True,True,False,True,neurology/psychiatry,migraine headache
budipine,BRD-K18324993-001-01-6,QIHLUZAFSSMXHQ-UHFFFAOYSA-N,68778.0,CHEMBL334491,CC(C)(C)N1CCC(CC1)(c1ccccc1)c1ccccc1,Launched,2.0,glutamate receptor antagonist,,,GRIN1,GRIN1,1,GPCR,GPCR,discovery compound,,,,,,293.214,AQBioPharma,ABP10516,BUDIPINE,94.36,172,1,2,True,14,21,8,0,31,3,True,True,True,False,True,True,True,True,False,False,neurology/psychiatry,Parkinson's Disease
buflomedil,BRD-K19462402-003-24-6,OWYLAEYXIQKAOL-UHFFFAOYSA-N,2467.0,CHEMBL188921,COc1cc(OC)c(C(=O)CCCN2CCCC2)c(OC)c1,Launched,4.0,adrenergic receptor antagonist|calcium channel blocker,,,ADRA1A,ADRA1A,1,GPCR; ion channel,GPCR,discovery compound,,,,,,307.178,MicroSource,1505992,BUFLOMEDIL HYDROCHLORIDE,98.69,538,14,6,True,60,50,52,0,236,7,True,True,True,False,True,True,True,True,False,True,cardiology,peripheral artery disease (PAD)
bunazosin,BRD-K35034482-001-01-8,RHLJLALHBZGAFM-UHFFFAOYSA-N,2472.0,CHEMBL3182014,CCCC(=O)N1CCCN(CC1)c1nc(N)c2cc(OC)c(OC)cc2n1,Launched,,adrenergic receptor antagonist,,,ADRA1A,ADRA1A,1,GPCR,GPCR,discovery compound,,,,,,373.211,Enamine,Z1172912933,,97.77,465,3,0,True,29,25,24,2,164,7,True,True,True,True,True,True,True,True,False,True,ophthalmology,glaucoma|intraocular pressure
buphenine,BRD-A36267905-003-19-2,PTGXAUBQBSGPKF-UHFFFAOYSA-N,657392.0,CHEMBL114655,CC(CCc1ccccc1)NC(C)C(O)c1ccc(O)cc1,Launched,2.0,adrenergic receptor agonist,,,ADRB2,ADRB2,1,GPCR,GPCR,discovery compound,,,,,,299.189,MedChemEx,HY-B1404,Nylidrin (hydrochloride),89.35,54,1,1,True,3,4,4,0,20,2,True,True,True,False,True,True,True,True,False,True,rheumatology,Raynaud's disease
butenafine,BRD-K90630139-003-06-9,ABJKWBDEJIDSJZ-UHFFFAOYSA-N,2484.0,CHEMBL990,CN(Cc1ccc(cc1)C(C)(C)C)Cc1cccc2ccccc12,Launched,4.0,fungal squalene epoxidase inhibitor,,,SQLE,SQLE,1,metabolic,metabolic,discovery compound,,,,,,317.214,MedChemEx,HY-17396,Butenafine (Hydrochloride),99.5,446,9,2,True,83,90,38,0,67,28,True,True,True,False,True,True,True,False,False,False,infectious disease,tinea pedis|tinea cruris|tinea corporis
butylphthalide,BRD-A59378440-001-01-3,HJXMNVQARNZTEE-LLVKDONJSA-N,9990075.0,CHEMBL248594,"CCCC[C@H]1OC(=O)c2ccccc12 |&1:4,r|",Launched,3.0,potassium channel antagonist,,,KCNK2,KCNK2,1,ion channel,ion channel,discovery compound,,,,,,190.099,MedChemEx,HY-B0647,Butylphthalide,94.43,2050,52,5,True,589,1036,241,4,1237,17,True,True,True,True,True,True,True,False,False,False,neurology/psychiatry,stroke
calcifediol,BRD-K77175907-002-01-3,JWUBBDSIWDLEOM-DTOXIADCSA-N,5283731.0,CHEMBL3544909,C[C@H](CCCC(C)(C)O)[C@H]1CC[C@H]2\C(CCC[C@]12C)=C\C=C1\C[C@@H](O)CCC1=C,Launched,4.0,vitamin D receptor agonist,Vitamin D receptor agonist [AGONIST],AGONIST,VDR,VDR,1,GPCR; nuclear receptor,GPCR,discovery compound,,6921.0,,,,400.334,MedChemEx,HY-32351A,Calcifediol (monohydrate),93.66,6773,309,37,True,964,656,517,12,1018,25,True,True,True,True,True,True,True,False,False,False,endocrinology,hyperparathyroidism
calcipotriol,BRD-K56429665-001-09-6,LWQQLNNNIPYSNX-UROSTWAQSA-N,5288783.0,CHEMBL4563773,C[C@H](\C=C\[C@@H](O)C1CC1)[C@H]1CC[C@H]2\C(CCC[C@]12C)=C\C=C1\C[C@@H](O)C[C@H](O)C1=C,Launched,,vitamin D receptor agonist,,,VDR,VDR,1,GPCR; nuclear receptor,GPCR,discovery compound,,2778.0,9.3,pKd,Human,412.298,MedChemEx,HY-10001,Calcipotriol,92.24,4536,186,32,True,1831,1215,941,7,1228,172,True,True,True,True,True,True,True,False,False,True,dermatology,psoriasis
calcitriol,BRD-K27316855-001-15-8,GMRQFYUYWCNGIN-NKMMMXOESA-N,5280453.0,CHEMBL4068172,C[C@H](CCCC(C)(C)O)[C@H]1CC[C@H]2\C(CCC[C@]12C)=C\C=C1\C[C@@H](O)C[C@H](O)C1=C,Launched,,vitamin D receptor agonist,,,VDR,VDR,1,GPCR; nuclear receptor,GPCR,discovery compound,,2786.0,7.5,pKd,Human,416.329,Selleck,S1466,Calcitriol,96.4,41241,3149,437,True,10761,7297,5296,121,9086,347,True,True,True,True,True,True,True,False,False,True,endocrinology|orthopedics,hypocalcemia|hypoparathyroidism|osteoporosis
camostat-mesilate,BRD-K43806473-066-04-9,XASIMHXSUQUHLV-UHFFFAOYSA-N,2536.0,CHEMBL85164,CN(C)C(=O)COC(=O)Cc1ccc(OC(=O)c2ccc(NC(N)=N)cc2)cc1,Launched,3.0,protease inhibitor,,,PRSS1,PRSS1,1,protease,protease,discovery compound,,,,,,398.159,Tocris,3193,Camostat mesylate,96.48,443,4,8,True,131,150,83,0,154,11,True,True,True,False,True,True,True,False,False,False,gastroenterology,pancreatitis
candesartan,BRD-K84091759-001-07-1,HTQMVQVXFRQIKW-UHFFFAOYSA-N,2541.0,CHEMBL1016,CCOc1nc2cccc(C(O)=O)c2n1Cc1ccc(cc1)-c1ccccc1-c1nn[nH]n1,Launched,3.0,angiotensin receptor antagonist,Type-1 angiotensin II receptor antagonist [ANTAGONIST],ANTAGONIST,AGTR1,AGTR1,1,GPCR,GPCR,discovery compound,,587.0,9.5 - 9.7,pIC50,Human,440.16,Selleck,S1578,Candesartan,98.75,12165,155,49,True,2252,2260,1898,7,6339,213,True,True,True,True,True,True,True,False,False,False,cardiology,hypertension|congestive heart failure
carbetapentane,BRD-K06181161-048-15-1,CFJMRBQWBDQYMK-UHFFFAOYSA-N,2562.0,CHEMBL1256696,CCN(CC)CCOCCOC(=O)C1(CCCC1)c1ccccc1,Launched,4.0,acetylcholine receptor antagonist,Sigma opioid receptor agonist [AGONIST],AGONIST,CHRM2,CHRM2,1,GPCR,GPCR,discovery compound,,,,,,333.23,Tocris,454,Carbetapentane citrate,93.21,1752,56,3,True,231,204,137,2,214,28,True,True,True,True,True,True,True,False,False,False,otolaryngology|pulmonary,common cold|nasal congestion|bronchitis
carbetocin,BRD-K56107812-001-01-7,NSTRIRCPWQHTIA-CPWZVOFUSA-N,,CHEMBL3301668,CC[C@H](C)[C@@H]1NC(=O)[C@H](Cc2ccc(OC)cc2)NC(=O)CCCSC[C@H](NC(=O)[C@H](CC(N)=O)NC(=O)[C@H](CCC(N)=O)NC1=O)C(=O)N1CCC[C@H]1C(=O)N[C@@H](CC(C)C)C(=O)NCC(N)=O,Launched,4.0,oxytocin receptor agonist,Oxytocin receptor agonist [AGONIST],AGONIST,OXTR,OXTR,1,GPCR,GPCR,discovery compound,,11169.0,8.0,pEC50,Human,987.485,MedChemEx,HY-17573,Carbetocin,93.12,1100,23,2,True,81,68,38,1,247,21,True,True,True,True,True,True,True,False,False,False,hematology,hemorrhage
carbidopa,BRD-K78712176-001-13-3,TZFNLOMSOLWIDK-JTQLQIEISA-N,34359.0,CHEMBL1200748,C[C@@](Cc1ccc(O)c(O)c1)(NN)C(O)=O,Launched,4.0,aromatic L-amino acid decarboxylase inhibitor,DOPA decarboxylase inhibitor [INHIBITOR],INHIBITOR,DDC,DDC,1,metabolic,metabolic,discovery compound,,5159.0,,,,226.095,MicroSource,1502150,CARBIDOPA,0.0,11241,133,44,True,879,1286,408,5,2425,115,True,True,True,True,True,True,True,True,False,True,neurology/psychiatry,Parkinson's Disease
carbinoxamine,BRD-K01826745-050-08-9,OJFSXZCBGQGRNV-INIZCTEOSA-N,170336.0,CHEMBL864,CN(C)CCO[C@@H](c1ccc(Cl)cc1)c1ccccn1 |&1:6|,Launched,4.0,histamine receptor antagonist,,,HRH1,HRH1,1,GPCR,GPCR,discovery compound,,7139.0,,,,290.119,MedChemEx,HY-B1589A,Carbinoxamine maleate salt,94.11,417,7,1,True,55,54,21,0,80,7,True,True,True,False,True,True,True,True,False,True,allergy|ophthalmology|otolaryngology|dermatology,allergic rhinitis|conjunctivitis|vasomotor rhinitis|dermatographism
carglumic-acid,BRD-K60240222-001-01-4,LCQLHJZYVOQKHU-VKHMYHEASA-N,121396.0,CHEMBL1201780,NC(=O)N[C@@H](CCC(O)=O)C(O)=O,Launched,4.0,carbamoyl phosphate synthase activator,"Carbamoyl-phosphate synthase [ammonia], mitochondrial positive allosteric modulator [POSITIVE ALLOSTERIC MODULATOR]",POSITIVE ALLOSTERIC MODULATOR,CPS1,CPS1,1,metabolic,metabolic,discovery compound,,,,,,190.059,MicroSource,1506153,CARGLUMIC ACID,100.0,348,4,0,True,47,54,25,0,77,10,True,True,True,False,True,True,True,False,False,False,metabolism,hyperammonemia
cerulenin,BRD-K52075040-001-09-7,GVEZIHKRYBHEFX-NQQPLRFYSA-N,5282054.0,CHEMBL45627,C\C=C\C\C=C\CCC(=O)[C@H]1O[C@H]1C(N)=O,Launched,,fatty acid synthase inhibitor,,,FASN,FASN,1,metabolic,metabolic,discovery compound,,,,,,223.121,Enzo,G237,Cerulenin,41.25,2894,54,9,True,1123,1017,302,3,532,25,True,True,True,True,True,True,True,True,False,False,infectious disease,fungal infection
cetirizine,BRD-K01826520-300-10-9,ZKLPARSLTMPFCP-NRFANRHFSA-N,28145930.0,CHEMBL1607273,OC(=O)COCCN1CCN(CC1)[C@@H](c1ccccc1)c1ccc(Cl)cc1 |&1:13|,Launched,4.0,histamine receptor antagonist,Histamine H1 receptor antagonist [ANTAGONIST],ANTAGONIST,HRH1,HRH1,1,GPCR,GPCR,discovery compound,,1222.0,8.2,pKi,Human,460.109,Tocris,2577,Cetirizine dihydrochloride,98.06,8760,200,43,True,1151,846,594,5,1890,225,True,True,True,True,True,True,True,True,False,True,allergy,allergic rhinitis
cevimeline,BRD-K00004291-003-01-9,WUTYZMFRCNBCHQ-WPRPVWTQSA-N,18642481.0,CHEMBL168815,"C[C@H]1O[C@]2(CS1)CN1CCC2CC1 |&1:1,3|",Launched,4.0,acetylcholine receptor agonist,,,CHRM3,CHRM3,1,GPCR,GPCR,discovery compound,,9658.0,5.3,pKi,Human,199.103,Tocris,3689,Cevimeline hydrochloride,100.0,837,33,11,True,213,220,135,1,245,11,True,True,True,True,True,True,True,False,False,False,rheumatology,sjogren's syndrome
chlorogenic-acid,BRD-K47114202-001-14-6,CWVRJTMFETXNAD-JUHZACGLSA-N,1794427.0,CHEMBL284616,O[C@@H]1C[C@](O)(C[C@@H](OC(=O)\C=C\c2ccc(O)c(O)c2)[C@@H]1O)C(O)=O,Launched,2.0,antioxidant,,,SLC37A4,SLC37A4,1,transporter,transporter,discovery compound,,,,,,354.095,Selleck,S2280,Chlorogenic acid,95.33,35386,893,107,True,9507,9947,3890,13,7366,379,True,True,True,True,True,True,True,False,False,False,neurology/psychiatry|pulmonary|allergy,headache|chest congestion|allergic rhinitis
chloropyramine,BRD-K83257731-003-25-9,ICKFFNBDFNZJSX-UHFFFAOYSA-N,25295.0,CHEMBL1194287,CN(C)CCN(Cc1ccc(Cl)cc1)c1ccccn1,Launched,2.0,histamine receptor antagonist,,,HRH1,HRH1,1,GPCR,GPCR,discovery compound,,,,,,289.135,MedChemEx,HY-B1305,Chloropyramine hydrochloride,97.32,212,7,1,True,58,53,31,0,63,8,True,True,True,False,True,True,True,True,False,True,cardiology|ophthalmology|allergy|pulmonary,edema|conjunctivitis|allergic rhinitis|asthma
chloroxine,BRD-K17075857-001-18-4,WDFKMLRRRCGAKS-UHFFFAOYSA-N,2722.0,CHEMBL1200596,Oc1c(Cl)cc(Cl)c2cccnc12,Launched,4.0,opioid receptor antagonist,DNA inhibitor [INHIBITOR],INHIBITOR,OPRK1,OPRK1,1,GPCR,GPCR,discovery compound,,,,,,212.975,Selleck,S1839,Chloroxine,99.48,187,5,0,True,58,57,26,0,30,4,True,True,True,False,True,True,True,False,False,False,gastroenterology|infectious disease|dermatology,diarrhea|inflammatory bowel disease|giardiasis|dandruff
chlorproguanil,BRD-K25494650-003-01-8,ISZNZKHCRKXXAU-UHFFFAOYSA-N,9571037.0,CHEMBL1213553,CC(C)NC(=N)N=C(N)Nc1ccc(Cl)c(Cl)c1,Launched,3.0,dihydrofolate reductase inhibitor,,,DHFR,DHFR,1,metabolic,metabolic,discovery compound,,,,,,287.07,AMS,A000012202,,97.98,415,2,0,True,25,19,7,0,30,24,True,True,True,False,True,True,True,True,False,False,infectious disease,malaria
cilastatin,BRD-K85518562-236-09-7,DHSUYTOATWAVLW-WFVMDLQDSA-N,6435415.0,CHEMBL1201057,CC1(C)C[C@@H]1C(=O)N\C(=C/CCCCSC[C@H](N)C(O)=O)C(O)=O,Launched,4.0,dehydropeptidase inhibitor,Renal dipeptidase inhibitor [INHIBITOR],INHIBITOR,DPEP1,DPEP1,1,protease,protease,discovery compound,,5166.0,6.0,pKi,Unknown,358.156,Tocris,2709,Cilastatin sodium,0.0,10710,242,46,True,952,904,508,2,1914,100,True,True,True,True,True,True,True,False,False,False,,
cilnidipine,BRD-K00004281-001-01-9,KJEBULYHNRNJTE-HGJFNOKFSA-N,28248392.0,CHEMBL452076,"COCCOC(=O)C1=C(C)NC(C)=C([C@@H]1c1cccc(c1)[N+]([O-])=O)C(=O)OC\C=C\c1ccccc1 |&1:14,r,c:7,12|",Launched,3.0,calcium channel blocker,Voltage-gated L-type calcium channel blocker [BLOCKER],BLOCKER,CACNA1B,CACNA1B,1,ion channel,ion channel,discovery compound,,7767.0,6.7,pIC50,Rat,492.19,Tocris,2629,Cilnidipine,96.47,1016,23,4,True,146,159,103,1,463,23,True,True,True,True,True,True,True,True,False,False,cardiology,hypertension
cimetropium,BRD-A99899486-004-01-9,QVVOZYKELHAIPX-IGDPVYPXSA-N,,CHEMBL2110773,"C[N@@+]1(CC2CC2)[C@H]2C[C@@H](C[C@@H]1[C@H]1O[C@@H]21)OC(=O)[C@H](CO)c1ccccc1 |a:6,8,10,11,13,17,&1:1,TLB:0:1:7.8.9:11.13,THB:2:1:7.8.9:11.13,12:11:1:7.8.9,12:13:1:7.8.9,14:8:1:11.13|",Launched,3.0,acetylcholine receptor antagonist,,,CHRM1,CHRM1,1,GPCR,GPCR,discovery compound,,,,,,358.202,Sigma,MFCD00869708,"(1R,2R,4S,5S)-9-(cyclopropylmethyl)-7-{[(2S)-3-hydroxy-2-phenylpropanoyl]oxy}-9-methyl-3-oxa-9-azoniatricyclo[3.3.1.0~2,4~]nonane bromide",93.27,212,4,2,True,15,7,10,0,30,7,True,True,True,False,True,True,True,False,False,True,gastroenterology,irritable bowel syndrome
cinacalcet,BRD-K73838513-003-05-5,VDHAWDNDOKGFTD-MRXNPFEDSA-N,156419.0,CHEMBL1201284,C[C@@H](NCCCc1cccc(c1)C(F)(F)F)c1cccc2ccccc12,Launched,4.0,calcium channel activator,,,CASR,CASR,1,ion channel,ion channel,discovery compound,,3308.0,4.3,pKi,Rat,357.17,Selleck,S1260,Cinacalcet HCl,98.81,5510,396,49,True,927,642,617,23,2257,61,True,True,True,True,True,True,True,False,False,False,endocrinology|nephrology|oncology,hyperparathyroidism|chronic kidney disease (CKD)|parathyroid carcinoma|hypercalcemia
ciprofibrate,BRD-A49358627-001-14-6,KPSRODZRAIWAKH-SNVBAGLBSA-N,9882424.0,CHEMBL557555,"CC(C)(Oc1ccc(cc1)[C@H]1CC1(Cl)Cl)C(O)=O |&1:10,r|",Launched,4.0,PPAR receptor agonist,Peroxisome proliferator-activated receptor alpha agonist [AGONIST],AGONIST,PPARA,PPARA,1,GPCR; nuclear receptor,GPCR,discovery compound,,3438.0,6.1,pEC50,Human,288.032,MicroSource,1502008,CIPROFIBRATE,96.78,1356,34,5,True,507,274,161,0,379,28,True,True,True,False,True,True,True,True,False,False,endocrinology,hyperlipidemia
cisatracurium,BRD-K17498618-344-02-6,YXSLJKQTIDHPOT-LJCJQEJUSA-N,62887.0,CHEMBL1201248,COc1ccc(C[C@@H]2c3cc(OC)c(OC)cc3CC[N@+]2(C)CCC(=O)OCCCCCOC(=O)CC[N@@+]2(C)CCc3cc(OC)c(OC)cc3[C@H]2Cc2ccc(OC)c(OC)c2)cc1OC,Launched,4.0,acetylcholine receptor antagonist,,,CHRNA2,CHRNA2,1,GPCR,GPCR,discovery compound,,,,,,928.509,Selleck,S2113,Cisatracurium Besylate,88.16,5912,162,7,True,351,487,172,1,2131,36,True,True,True,True,True,True,True,True,True,False,neurology/psychiatry|critical care,muscle relaxant|endotracheal intubation
clemastine,BRD-K30240666-051-15-9,YNNUSGIPVFPVBX-NHCUHLMSSA-N,26987.0,CHEMBL1626,CN1CCC[C@@H]1CCO[C@](C)(c1ccccc1)c1ccc(Cl)cc1,Launched,4.0,histamine receptor antagonist,,,HRH1,HRH1,1,GPCR,GPCR,discovery compound,,6063.0,10.3,pKi,Human,343.17,MicroSource,1500191,CLEMASTINE FUMARATE,96.36,2371,53,14,True,694,616,291,1,674,49,True,True,True,True,True,True,True,True,False,True,allergy,allergic rhinitis|urticaria
clofedanol,BRD-A15687940-001-05-6,WRCHFMBCVFFYEQ-QGZVFWFLSA-N,688422.0,CHEMBL1870961,"CN(C)CC[C@@](O)(c1ccccc1)c1ccccc1Cl |&1:5,r|",Launched,,histamine receptor antagonist,,,HRH1,HRH1,1,GPCR,GPCR,discovery compound,,7324.0,,,,289.123,Sigma,PH010350,1-(2-chlorophenyl)-3-(dimethylamino)-1-phenyl-1-propanol,97.05,20,0,0,False,0,1,1,0,1,0,False,True,True,False,True,False,True,True,False,True,pulmonary,cough suppressant
clofibric-acid,BRD-K19111024-001-20-9,TXCGAZHTZHNUAI-UHFFFAOYSA-N,2797.0,CHEMBL683,CC(C)(Oc1ccc(Cl)cc1)C(O)=O,Launched,2.0,PPAR receptor agonist,,,PPARA,PPARA,1,GPCR; nuclear receptor,GPCR,discovery compound,,,,,,214.04,MicroSource,1500195,CLOFIBRIC ACID,98.95,3379,29,8,True,560,280,154,0,629,47,True,True,True,False,True,True,True,True,False,True,endocrinology,hyperlipidemia
clomethiazole,BRD-K50422030-001-05-3,PCLITLDOTJTVDJ-UHFFFAOYSA-N,10783.0,CHEMBL315795,Cc1ncsc1CCCl,Launched,4.0,GABA receptor antagonist|GABA receptor modulator,GABA-A receptor; anion channel positive allosteric modulator [POSITIVE ALLOSTERIC MODULATOR],POSITIVE ALLOSTERIC MODULATOR,GABRA1,GABRA1,1,GPCR,GPCR,discovery compound,,,,,,161.007,Enamine,EN300-60459,,94.39,643,6,2,True,67,114,43,0,186,9,True,True,True,False,True,True,True,True,False,True,neurology/psychiatry,Parkinson's Disease|sedative|muscle relaxant
cobimetinib,BRD-K03390685-001-03-9,BSMCAPRUBJMWDF-KRWDZBQOSA-N,16222096.0,CHEMBL2146883,OC1(CN(C1)C(=O)c1ccc(F)c(F)c1Nc1ccc(I)cc1F)[C@@H]1CCCCN1,Launched,4.0,MEK inhibitor,Dual specificity mitogen-activated protein kinase kinase 1 inhibitor [INHIBITOR]; Dual specificity mitogen-activated protein kinase kinase 2 inhibitor [INHIBITOR],INHIBITOR,MAP2K1,MAP2K1,1,kinase,kinase,discovery compound,,7626.0,5.0,pIC50,Human,531.063,MedChemEx,HY-13064,Cobimetinib,95.46,5366,106,10,True,3470,3110,958,3,2230,61,True,True,True,True,True,True,True,True,False,False,oncology,melanoma
cyclovalone,BRD-K59866480-001-07-3,DHKKONBXGAAFTB-OTYYAQKOSA-N,1550234.0,CHEMBL17205,COc1cc(\C=C2/CCC\C(=C/c3ccc(O)c(OC)c3)C2=O)ccc1O,Launched,2.0,breast cancer resistance protein inhibitor,,,ABCG2,ABCG2,1,transporter,transporter,discovery compound,,,,,,366.147,Sigma,MFCD00019515,"(2E,6E)-2,6-bis(4-hydroxy-3-methoxybenzylidene)cyclohexanone",97.7,21,2,0,True,7,5,1,0,4,0,True,True,True,False,True,False,True,False,False,False,gastroenterology,bile stimulation
darunavir,BRD-K84986517-001-01-8,CJBJHOAVZSMMDJ-HEXNFIEUSA-N,213039.0,CHEMBL1201127,CC(C)CN(C[C@@H](O)[C@H](Cc1ccccc1)NC(=O)O[C@H]1CO[C@H]2OCC[C@@H]12)S(=O)(=O)c1ccc(N)cc1,Launched,4.0,HIV protease inhibitor,Human immunodeficiency virus type 1 protease inhibitor [INHIBITOR],INHIBITOR,CYP3A4,CYP3A4,1,protease,protease,discovery compound,,11243.0,,,,547.235,Selleck,S1620,Darunavir Ethanolate,98.7,11907,109,16,True,1451,1439,449,2,1904,409,True,True,True,True,True,True,True,True,False,True,infectious disease,human immunodeficiency virus (HIV-1)
diacerein,BRD-K69122748-001-10-1,TYNLGDBUJLVSMA-UHFFFAOYSA-N,26248.0,CHEMBL41286,CC(=O)Oc1cccc2C(=O)c3cc(cc(OC(C)=O)c3C(=O)c12)C(O)=O,Launched,3.0,interleukin inhibitor,Unknown [None],,IL1B,IL1B,1,growth factor / cytokine,growth factor / cytokine,discovery compound,,10800.0,,,,368.053,MicroSource,1502010,DIACERIN,95.35,1396,541,15,True,441,498,494,33,392,17,True,True,True,True,True,True,True,True,False,False,rheumatology,osteoarthritis
dilazep,BRD-K48722258-300-10-2,QVZCXCJXTMIDME-UHFFFAOYSA-N,3074.0,CHEMBL126075,COc1cc(cc(OC)c1OC)C(=O)OCCCN1CCCN(CCCOC(=O)c2cc(OC)c(OC)c(OC)c2)CC1,Launched,2.0,adenosine reuptake inhibitor,,,SLC29A1,SLC29A1,1,transporter,transporter,discovery compound,,4717.0,9.0,pKi,Human,604.3,Tocris,481,Dilazep,92.84,743,12,4,True,137,100,57,1,201,4,True,True,True,True,True,True,True,False,False,False,cardiology,coronary heart disease
doxycycline,BRD-K01825679-311-02-9,JBIWCJUYHHGXTC-AKNGSSGZSA-N,,CHEMBL1256723,"C[C@@H]1[C@H]2[C@H](O)[C@H]3[C@H](N(C)C)C(O)=C(C(N)=O)C(=O)[C@@]3(O)C(O)=C2C(=O)c2c(O)cccc12 |a:1,2,3,5,6,18,&1:12,&2:22,c:22,t:11|",Launched,3.0,bacterial 30S ribosomal subunit inhibitor|metalloproteinase inhibitor,,,MMP8,MMP8,1,protease,protease,discovery compound,,6464.0,7.3,pIC50,Plasmodium falciparum 3D7,498.141,Selleck,S4163,Doxycycline hyclate,99.0,110053,4129,537,True,38152,29488,15665,163,22748,1266,True,True,True,True,True,True,True,True,False,False,dental,periodontitis
efinaconazole,BRD-A30774155-001-01-2,NFEZZTICAUWDHU-KDOFPFPSSA-N,9819704.0,CHEMBL2103877,"C[C@@H](N1CCC(=C)CC1)[C@@](O)(Cn1cncn1)c1ccc(F)cc1F |a:1,&1:9|",Launched,4.0,lanosterol demethylase inhibitor,Lanosterol 14-alpha demethylase inhibitor [INHIBITOR],INHIBITOR,CYP51A1,CYP51A1,1,epigenetic (selective probe),epigenetic (selective probe),discovery compound,,,,,,348.176,MedChemEx,HY-15660,Efinaconazole,92.45,554,9,1,True,52,69,41,0,93,16,True,True,True,False,True,True,True,False,False,False,infectious disease,onychomycosis
enasidenib,BRD-K70601687-001-01-3,DYLUUSLLRIQKOE-UHFFFAOYSA-N,89683805.0,CHEMBL3989908,CC(C)(O)CNc1nc(Nc2ccnc(c2)C(F)(F)F)nc(n1)-c1cccc(n1)C(F)(F)F,Launched,4.0,isocitrate dehydrogenase inhibitor,,,IDH1,IDH1,1,metabolic,metabolic,discovery compound,,8960.0,,,,473.14,MedChemEx,HY-18690,Enasidenib,97.57,2549,62,2,True,1503,1307,307,9,765,25,True,True,True,True,True,True,True,True,False,False,hematologic malignancy,acute myeloid leukemia (AML)
encorafenib,BRD-K00003576-001-01-9,CMJCXYNUCSMDBY-ZDUSSCGKSA-N,50922675.0,CHEMBL4303479,COC(=O)N[C@@H](C)CNc1nccc(n1)-c1cn(nc1-c1cc(Cl)cc(NS(C)(=O)=O)c1F)C(C)C,Launched,,RAF inhibitor,,,BRAF,BRAF,1,kinase,kinase,discovery compound,,7908.0,,,,539.152,MedChemEx,HY-15605,Encorafenib,97.1,3667,46,5,True,2169,1885,501,1,1482,36,True,True,True,True,True,True,True,True,False,False,oncology,melanoma
entacapone,BRD-K83636919-001-05-5,JRURYQJSLYLRLN-BJMVGYQFSA-N,5281081.0,CHEMBL953,CCN(CC)C(=O)C(=C\c1cc(O)c(O)c(c1)[N+]([O-])=O)\C#N,Launched,4.0,catechol O methyltransferase inhibitor,Catechol O-methyltransferase inhibitor [INHIBITOR],INHIBITOR,COMT,COMT,1,epigenetic (selective probe),epigenetic (selective probe),discovery compound,,6647.0,9.5,pKi,Human,305.101,Selleck,S3147,Entacapone,97.02,3607,54,9,True,466,682,186,2,850,35,True,True,True,True,True,True,True,True,False,False,neurology/psychiatry,Parkinson's Disease
epalrestat,BRD-K98054437-001-09-9,CHNUOJQWGUIOLD-NFZZJPOKSA-N,1549120.0,CHEMBL56337,C\C(\C=C1/SC(=S)N(CC(O)=O)C1=O)=C/c1ccccc1,Launched,4.0,aldose reductase inhibitor,Aldose reductase inhibitor [INHIBITOR],INHIBITOR,AKR1B1,AKR1B1,1,metabolic,metabolic,discovery compound,,11371.0,5.7,pIC50,Human,319.034,Selleck,S2035,Epalrestat,81.25,1049,40,15,True,330,379,194,1,424,10,True,True,True,True,True,True,True,True,False,False,nephrology,diabetic nephropathy
epomediol,BRD-A59329714-001-01-5,JSNQSLSBBZFGBM-XAKJDZQGSA-N,,CHEMBL3707255,"CC1(C)OC2(C)[C@@H](O)C[C@H]1C[C@@H]2O |&1:11,&2:9,&3:6,r,THB:12:11:1.3:8.6,7:6:1.3:11.10|",Launched,-1.0,cholesterol inhibitor,,,CYP7A1,CYP7A1,1,metabolic,metabolic,discovery compound,,,,,,186.126,TimTec,ST50983621,"1,3,3-trimethyl-2-oxabicyclo[2.2.2]octane-6,7-diol",0.0,48,0,0,False,2,1,2,0,2,3,True,True,True,False,True,True,True,False,False,False,neurology/psychiatry,itching
eprobemide,BRD-K17979676-001-01-2,YYFGRAGNYHYWEZ-UHFFFAOYSA-N,65659.0,CHEMBL2104298,Clc1ccc(cc1)C(=O)NCCCN1CCOCC1,Launched,2.0,monoamine oxidase inhibitor,,,MAOA,MAOA,1,metabolic,metabolic,discovery compound,,,,,,282.114,MicroSource,1503886,EPROBEMIDE,96.11,2,0,0,False,0,0,0,0,1,0,False,False,False,False,True,False,True,True,False,False,neurology/psychiatry,depression
ertugliflozin,BRD-K00003574-001-01-9,MCIACXAZCBVDEE-CUUWFGFTSA-N,44814423.0,CHEMBL5315054,CCOc1ccc(Cc2cc(ccc2Cl)[C@]23OC[C@](CO)(O2)[C@@H](O)[C@H](O)[C@H]3O)cc1,Launched,4.0,sodium/glucose cotransporter inhibitor,Sodium/glucose cotransporter 2 inhibitor [INHIBITOR],INHIBITOR,SLC5A2,SLC5A2,1,transporter,transporter,discovery compound,,8376.0,5.7,pIC50,Human,436.129,MedChemEx,HY-15461,Ertugliflozin,97.81,2453,94,61,True,413,504,363,1,1416,26,True,True,True,True,True,True,True,True,False,False,endocrinology,diabetes mellitus
escitalopram,BRD-K70301876-034-14-5,WSEQXVZVJXJVFP-FQEVSTJZSA-N,146570.0,CHEMBL1200322,CN(C)CCC[C@]1(OCc2cc(ccc12)C#N)c1ccc(F)cc1,Launched,4.0,selective serotonin reuptake inhibitor (SSRI),Serotonin transporter inhibitor [INHIBITOR],INHIBITOR,SLC6A4,SLC6A4,1,transporter,transporter,discovery compound,,7177.0,8.7,pKd,Human,324.164,Tocris,4796,Escitalopram oxalate,98.5,18620,169,34,True,1513,1604,568,4,3769,413,True,True,True,True,True,True,True,True,True,False,neurology/psychiatry,depression|generalized anxiety disorder (GAD)
everolimus,BRD-K13514097-001-04-6,HKVAMNSJSFKALM-FLOWVUKKSA-N,,CHEMBL1908360,"CO[C@@H]1C[C@H](C[C@@H](C)[C@@H]2CC(=O)[C@H](C)\C=C(C)\[C@@H](O)[C@@H](OC)C(=O)[C@H](C)C[C@H](C)\C=C\C=C\C=C(C)\[C@H](C[C@@H]3CC[C@@H](C)[C@@](O)(O3)C(=O)C(=O)N3CCCC[C@H]3C(=O)O2)OC)CC[C@H]1OCCO |c:14,33,t:29,31|",Launched,4.0,mTOR inhibitor,FK506-binding protein 1A inhibitor [INHIBITOR],INHIBITOR,MTOR,MTOR,1,kinase,kinase,discovery compound,,5889.0,8.7,pIC50,Human,957.581,Selleck,S1120,Everolimus,95.59,39399,837,94,True,19530,14437,5072,27,19562,465,True,True,True,True,True,True,True,True,True,True,oncology|neurology/psychiatry|genetics|urology,breast cancer|neuroendocrine tumors of pancreatic origin (PNET)|renal cell carcinoma (RCC)|subependymal giant cell astrocytoma (SEGA)|tuberous sclerosis complex (TSC)|renal angiomyolipoma
febuxostat,BRD-K48367671-001-05-9,BQSJTQLCZDPROO-UHFFFAOYSA-N,134018.0,CHEMBL1164729,CC(C)COc1ccc(cc1C#N)-c1nc(C)c(s1)C(O)=O,Launched,4.0,xanthine oxidase inhibitor,Xanthine dehydrogenase inhibitor [INHIBITOR],INHIBITOR,XDH,XDH,1,metabolic,metabolic,discovery compound,,6817.0,8.9,pIC50,Human,316.088,Selleck,S1547,Febuxostat,98.36,5228,328,73,True,919,975,467,6,1799,61,True,True,True,True,True,True,True,True,False,True,nephrology,hyperuricemia
felodipine,BRD-A30815329-001-10-5,RZTAMFZIAATZDJ-HNNXBMFYSA-N,941699.0,CHEMBL1480,"CCOC(=O)C1=C(C)NC(C)=C([C@@H]1c1cccc(Cl)c1Cl)C(=O)OC |&1:12,r,c:5,10|",Launched,4.0,calcium channel blocker,Mineralocorticoid receptor antagonist [ANTAGONIST]; Voltage-gated L-type calcium channel blocker [BLOCKER],ANTAGONIST; BLOCKER,CFTR,CFTR,1,ion channel,ion channel,discovery compound,,4190.0,8.4,pKi,Human,383.069,MicroSource,1505887,FELODIPINE,98.85,5036,81,12,True,592,497,415,4,1969,106,True,True,True,True,True,True,True,True,False,False,cardiology,hypertension
fluconazole,BRD-K05977355-001-19-0,RFHAOTPXVQNOHP-UHFFFAOYSA-N,3365.0,CHEMBL106,OC(Cn1cncn1)(Cn1cncn1)c1ccc(F)cc1F,Launched,4.0,sterol demethylase inhibitor,Cytochrome P450 51 inhibitor [INHIBITOR],INHIBITOR,CYP51A1,CYP51A1,1,epigenetic (selective probe),epigenetic (selective probe),discovery compound,,,,,,306.104,MicroSource,1503975,FLUCONAZOLE,97.95,52507,860,179,True,7741,6549,3419,11,7737,907,True,True,True,True,True,True,True,False,False,True,infectious disease,esophageal candidiasis|meningitis
fluvastatin,BRD-K66296774-236-11-3,FJLGEFLZQAZZCD-MCBHFWOFSA-N,446155.0,CHEMBL2220442,CC(C)n1c(\C=C\[C@@H](O)C[C@@H](O)CC(O)=O)c(-c2ccc(F)cc2)c2ccccc12,Launched,4.0,HMGCR inhibitor,,,HMGCR,HMGCR,1,metabolic,metabolic,discovery compound,,2951.0,8.4,pIC50,Rat,411.185,Selleck,S1909,Fluvastatin sodium (Lescol),97.47,10046,261,32,True,2772,2675,1289,7,4838,189,True,True,True,True,True,True,True,True,False,False,endocrinology|cardiology,hypercholesterolemia|congenital heart defects
fluvoxamine,BRD-K53517854-050-22-9,CJOFXWAVKWHTFT-XSFVSMFZSA-N,5324346.0,CHEMBL814,COCCCC\C(=N/OCCN)c1ccc(cc1)C(F)(F)F,Launched,4.0,selective serotonin reuptake inhibitor (SSRI),,,SLC6A4,SLC6A4,1,transporter,transporter,discovery compound,,7189.0,7.4,pKi,Human,318.156,Tocris,1033,Fluvoxamine maleate,95.13,13668,127,23,True,1259,1303,489,5,2224,325,True,True,True,True,True,True,True,True,False,True,neurology/psychiatry,obsessive compulsive disorder (OCD)
fosphenytoin,BRD-K53809807-304-02-4,XWLUWCNOOVRFPX-UHFFFAOYSA-N,56339.0,CHEMBL1201336,OP(O)(=O)OCN1C(=O)NC(C1=O)(c1ccccc1)c1ccccc1,Launched,4.0,sodium channel blocker,,,SCN5A,SCN5A,1,ion channel,ion channel,discovery compound,,7190.0,,,,362.067,CombiBlocks,QA-8988,"sodium (2,5-dioxo-4,4-diphenylimidazolidin-1-yl)methyl phosphate",94.91,2229,32,4,True,166,262,82,1,777,105,True,True,True,True,True,True,True,True,False,False,neurology/psychiatry,epilepsy|seizures
fostamatinib,BRD-K85178109-001-03-1,GKDRMWXFWHEQQT-UHFFFAOYSA-N,11671467.0,CHEMBL2103830,COc1cc(Nc2ncc(F)c(Nc3ccc4OC(C)(C)C(=O)N(COP(O)(O)=O)c4n3)n2)cc(OC)c1OC,Launched,4.0,SYK inhibitor,Tyrosine-protein kinase SYK inhibitor [INHIBITOR],INHIBITOR,SYK,SYK,1,kinase,kinase,discovery compound,,7796.0,,,,580.148,Selleck,S2625,R788 (Fostamatinib),92.92,2047,123,5,True,1108,996,485,3,825,46,True,True,True,True,True,True,True,True,False,False,hematology,chronic immune thrombocytopenia (ITP)
fumagillin,BRD-A99367815-001-04-9,NGGMYCMLYOUNGM-FKSJYSFPSA-N,12015870.0,CHEMBL1522710,"CO[C@@H]1[C@@H](CC[C@]2(CO2)[C@@H]1[C@@]1(C)O[C@@H]1CC=C(C)C)OC(=O)\C=C\C=C\C=C\C=C\C(O)=O |a:2,3,6,10,13,&1:9|",Launched,,methionine aminopeptidase inhibitor,,,METAP2,METAP2,1,protease,protease,discovery compound,,,,,,458.23,MedChemEx,HY-B0751,Fumagillin,86.8,1995,100,16,True,819,624,373,3,858,72,True,True,True,True,True,True,True,True,False,False,infectious disease,microsporidiosis
gallopamil,BRD-A52922642-001-04-5,XQLWNAFCTODIRK-UHFFFAOYSA-N,1234.0,CHEMBL1256940,COc1ccc(CCN(C)CCCC(C#N)(C(C)C)c2cc(OC)c(OC)c(OC)c2)cc1OC |&1:13|,Launched,,L-type calcium channel blocker,,,ATP2A2,ATP2A2,1,ion channel,ion channel,discovery compound,,,,,,484.294,Sigma,M5644-50MG,(+/-)-Methoxyverapamil hydrochloride,99.13,1465,18,9,True,66,62,52,2,279,13,True,True,True,True,True,True,True,False,True,False,cardiology,hypertension|cardiac arrythmia
gimeracil,BRD-K35687421-001-03-3,ZPLQIPFOCGIIHV-UHFFFAOYSA-N,54679224.0,CHEMBL1730601,Oc1cc(=O)[nH]cc1Cl,Launched,3.0,dihydropyrimidine dehydrogenase inhibitor,Dihydropyrimidine dehydrogenase inhibitor [INHIBITOR],INHIBITOR,DPYD,DPYD,1,metabolic,metabolic,discovery compound,,,,,,144.993,Selleck,S2055,Gimeracil,98.28,2784,15,1,True,650,647,175,0,918,14,True,True,True,False,True,True,True,False,False,False,oncology,gastric adenocarcinoma
hexylcaine,BRD-A97730597-003-11-5,DKLKMKYDWHYZTD-ZDUSSCGKSA-N,6604266.0,CHEMBL1197,C[C@@H](CNC1CCCCC1)OC(=O)c1ccccc1 |&1:1|,Launched,4.0,sodium channel blocker,,,SCN5A,SCN5A,1,ion channel,ion channel,discovery compound,,7196.0,,,,261.173,Prestwick,Prestw-788,Hexylcaine hydrochloride,96.16,843,17,7,True,185,177,165,0,270,2,True,True,True,False,True,True,True,True,False,True,neurology/psychiatry,local anesthetic
ipragliflozin-L-proline,BRD-K51247865-001-01-2,AHFWIQIYAXSLBA-RQXATKFSSA-N,10453870.0,CHEMBL4297658,OC[C@H]1O[C@H]([C@H](O)[C@@H](O)[C@@H]1O)c1ccc(F)c(Cc2cc3ccccc3s2)c1,Launched,3.0,sodium/glucose cotransporter inhibitor,Sodium/glucose cotransporter 2 inhibitor [INHIBITOR],INHIBITOR,SLC5A2,SLC5A2,1,transporter,transporter,discovery compound,,,,,,404.109,MedChemEx,HY-14894,Ipragliflozin,98.3,38,1,0,True,3,4,2,0,11,0,True,True,True,False,True,False,True,True,False,True,endocrinology,diabetes mellitus
isoconazole,BRD-K01825590-008-03-9,MPIPASJGOJYODL-GOSISDBHSA-N,25273632.0,CHEMBL1571863,Clc1ccc([C@@H](Cn2ccnc2)OCc2c(Cl)cccc2Cl)c(Cl)c1 |&1:5|,Launched,4.0,fungal lanosterol demethylase inhibitor,,,CYP17A1,CYP17A1,1,epigenetic (selective probe),epigenetic (selective probe),discovery compound,,,,,,413.986,MedChemEx,HY-B1444,Isoconazole (nitrate),99.12,445,5,0,True,56,60,22,0,47,18,True,True,True,False,True,True,True,False,False,False,infectious disease,gram-positive bacterial infections
ivosidenib,BRD-K93073858-001-01-1,WIJZXSAJMHAVGX-DHLKQENFSA-N,71657455.0,CHEMBL3989958,Fc1cncc(c1)N([C@H](C(=O)NC1CC(F)(F)C1)c1ccccc1Cl)C(=O)[C@@H]1CCC(=O)N1c1cc(ccn1)C#N,Launched,4.0,isocitrate dehydrogenase inhibitor,Isocitrate dehydrogenase [NADP] cytoplasmic inhibitor [INHIBITOR],INHIBITOR,IDH1,IDH1,1,metabolic,metabolic,discovery compound,,9217.0,,,,582.139,MedChemEx,HY-18767,Ivosidenib,97.39,3072,103,3,True,1758,1544,431,17,1066,27,True,True,True,True,True,True,True,True,False,True,hematologic malignancy,acute myeloid leukemia (AML)
ketoconazole,BRD-K29113274-001-30-9,XMAYWYJOQHXEEK-ZEQKJWHPSA-N,47576.0,CHEMBL295698,"CC(=O)N1CCN(CC1)c1ccc(OC[C@@H]2CO[C@](Cn3ccnc3)(O2)c2ccc(Cl)cc2Cl)cc1 |&1:15,18|",Launched,4.0,sterol demethylase inhibitor,Cytochrome P450 11B1 inhibitor [INHIBITOR]; Cytochrome P450 11B2 inhibitor [INHIBITOR]; Cytochrome P450 17A1 inhibitor [INHIBITOR]; Cytochrome P450 11A1 inhibitor [INHIBITOR],INHIBITOR,KCNA10,KCNA10,1,epigenetic (selective probe),epigenetic (selective probe),discovery compound,,2568.0,7.0,pKi,Human,530.149,Tocris,1103,Ketoconazole,96.08,29270,533,148,True,5331,4412,2078,8,5255,886,True,True,True,True,True,True,True,False,False,False,dermatology,seborrheic dermatitis
lacidipine,BRD-K43586850-001-04-9,GKQPCPXONLDCMU-CCEZHUSRSA-N,5311217.0,CHEMBL460291,"CCOC(=O)C1=C(C)NC(C)=C(C1c1ccccc1\C=C\C(=O)OC(C)(C)C)C(=O)OCC |c:5,10|",Launched,3.0,calcium channel blocker,Voltage-gated L-type calcium channel blocker [BLOCKER],BLOCKER,CACNA1C,CACNA1C,1,ion channel,ion channel,discovery compound,,11740.0,,,,455.231,MedChemEx,HY-B0347,Lacidipine,96.37,1105,29,10,True,167,148,117,1,516,15,True,True,True,True,True,True,True,True,False,True,cardiology,hypertension
lenalidomide,BRD-A17883755-001-06-1,GOTYRUGSSMKFNF-JTQLQIEISA-N,12044976.0,CHEMBL848,"Nc1cccc2C(=O)N(Cc12)[C@H]1CCC(=O)NC1=O |&1:11,r|",Launched,4.0,anticancer agent,CRL4(CRBN) E3 ubiquitin ligase inhibitor [INHIBITOR],INHIBITOR,TNF,TNF,1,growth factor / cytokine,growth factor / cytokine,discovery compound,,7331.0,5.8,pIC50,Human,259.096,Selleck,S1029,Lenalidomide (CC-5013),98.9,32304,604,35,True,14333,12106,2774,27,8531,865,True,True,True,True,True,True,True,True,False,False,hematologic malignancy,multiple myeloma|mantle cell lymphoma (MCL)|myelodysplastic diseases (MDS)
lercanidipine,BRD-A18992208-003-02-7,ZDXUKAKRHYTAKV-MGBGTMOVSA-N,9809926.0,CHEMBL250270,"COC(=O)C1=C(C)NC(C)=C([C@@H]1c1cccc(c1)[N+]([O-])=O)C(=O)OC(C)(C)CN(C)CCC(c1ccccc1)c1ccccc1 |r,c:4,9|",Launched,3.0,calcium channel blocker,,,CACNA2D1,CACNA2D1,1,ion channel,ion channel,discovery compound,,,,,,611.3,Sigma,MFCD07773089,"3-{2-[(3,3-diphenylpropyl)(methyl)amino]-1,1-dimethylethyl} 5-methyl 2,6-dimethyl-4-(3-nitrophenyl)-1,4-dihydro-3,5-pyridinedicarboxylate hydrochloride",98.03,1563,22,4,True,209,182,122,1,659,27,True,True,True,True,True,True,True,False,False,False,cardiology,hypertension
lesinurad,BRD-K75024268-001-02-9,FGQFOYHRJSUHMR-UHFFFAOYSA-N,53465279.0,CHEMBL2105720,OC(=O)CSc1nnc(Br)n1-c1ccc(C2CC2)c2ccccc12,Launched,4.0,uric acid diuretic,Solute carrier family 22 member 12 inhibitor [INHIBITOR],INHIBITOR,SLC22A12,SLC22A12,1,transporter,transporter,discovery compound,,7673.0,,,,402.999,MedChemEx,HY-15258,Lesinurad,99.19,568,53,9,True,74,89,46,1,141,7,True,True,True,True,True,True,True,True,False,False,rheumatology,gout
linagliptin,BRD-K96550715-001-06-9,LTXREWYXXSTFRX-QGZVFWFLSA-N,10096344.0,CHEMBL4747683,CC#CCn1c(nc2n(C)c(=O)n(Cc3nc(C)c4ccccc4n3)c(=O)c12)N1CCC[C@@H](N)C1,Launched,,dipeptidyl peptidase inhibitor,,,DPP4,DPP4,1,protease,protease,discovery compound,,6318.0,9.0,pKi,Human,472.234,MedChemEx,HY-10284,Linagliptin,95.25,5712,158,46,True,1342,1470,965,6,2889,49,True,True,True,True,True,True,True,True,False,True,endocrinology,diabetes mellitus
lorlatinib,BRD-K99879819-001-02-1,IIXWYSCJSQVBQM-UHFFFAOYSA-N,78162481.0,CHEMBL3286830,C[C@H]1Oc2cc(cnc2N)-c2c(CN(C)C(=O)c3ccc(F)cc13)nn(C)c2C#N,Launched,4.0,ALK tyrosine kinase receptor inhibitor,ALK tyrosine kinase receptor inhibitor [INHIBITOR]; EML4-ALK inhibitor [INHIBITOR],INHIBITOR,ALK,ALK,1,kinase,kinase,discovery compound,,7476.0,11.3,pKi,Human,406.155,MedChemEx,HY-12215,"(R)-2(6)-amino-5(5)-fluoro-1(1),4,7-trimethyl-6-oxo-1(1)H-3-oxa-7-aza-2(3,5)-pyridina-1(4,3)-pyrazola-5(1,2)-benzenacyclooctaphane-1(5)-carbonitrile",98.73,6353,130,12,True,3144,2437,797,3,2004,52,True,True,True,True,True,True,True,True,False,False,oncology,non-small cell lung cancer (NSCLC)
lubiprostone,BRD-K33814251-001-01-4,DBVFKLAGQHYVGQ-BFYDXBDKSA-N,9800568.0,CHEMBL1201134,CCCCC(F)(F)C(=O)CC[C@H]1[C@H](O)CC(=O)[C@@H]1CCCCCCC(O)=O,Launched,4.0,chloride channel activator,Chloride channel protein 2 opener [OPENER],OPENER,CLCN2,CLCN2,1,ion channel,ion channel,discovery compound,,4242.0,,,,390.222,Selleck,S1675,Lubiprostone,98.91,1603,22,9,True,178,159,108,1,295,23,True,True,True,True,True,True,True,False,False,False,gastroenterology,constipation|irritable bowel syndrome
maprotiline,BRD-K03319035-003-18-9,QSLMDECMDJKHMQ-GSXCWMCISA-N,,CHEMBL21731,CNCCC[C@@]12CC[C@@H](c3ccccc13)c1ccccc21 |r|,Launched,4.0,norepinephrine reputake inhibitor|tricyclic antidepressant,,,SLC6A2,SLC6A2,1,transporter,transporter,discovery compound,,2402.0,5.8,pIC50,Human,277.183,Tocris,935,Maprotiline hydrochloride,98.66,3176,30,5,True,263,273,109,2,533,62,True,True,True,True,True,True,True,True,False,False,neurology/psychiatry,depression|dysthymic disorder
methotrexate,BRD-K59456551-001-22-6,FBOZXECLQNJBKD-ZDUSSCGKSA-N,126941.0,CHEMBL2074969,CN(Cc1cnc2nc(N)nc(N)c2n1)c1ccc(cc1)C(=O)N[C@@H](CCC(O)=O)C(O)=O,Launched,,dihydrofolate reductase inhibitor,,,DHFR,DHFR,1,metabolic,metabolic,discovery compound,,4815.0,5.3,pKi,Human,454.171,Selleck,S1210,Abitrexate (Methotrexate),98.9,183220,9918,903,True,44331,34237,19647,130,45035,3112,True,True,True,True,True,True,True,True,False,True,oncology|hematologic malignancy|dermatology|rheumatology,gestational choriocarcinoma|hydatidiform mole|acute lymphoblastic leukemia (ALL)|psoriasis|rheumatoid arthritis
metolazone,BRD-A61793559-001-17-9,AQCHWTWZEMGIFD-JTQLQIEISA-N,28125490.0,CHEMBL878,"C[C@H]1Nc2cc(Cl)c(cc2C(=O)N1c1ccccc1C)S(N)(=O)=O |&1:1,r|",Launched,4.0,carbonic anhydrase inhibitor,Thiazide-sensitive sodium-chloride cotransporter inhibitor [INHIBITOR],INHIBITOR,SLC12A3,SLC12A3,1,transporter,transporter,discovery compound,,4838.0,,,,365.06,MedChemEx,HY-B0209,Metolazone,97.76,1765,24,6,True,164,129,107,3,812,40,True,True,True,True,True,True,True,True,False,False,cardiology,edema|hypertension
mizoribine,BRD-K88061624-001-21-4,OPMVDWXPLVKNQN-AAXBYFMASA-N,11949547.0,CHEMBL245019,NC(=O)C1N=CN([C@@H]2O[C@H](CO)[C@@H](O)[C@H]2O)C1=O |c:4|,Launched,3.0,immunosuppressant|inosine monophosphate dehydrogenase inhibitor,Inosine-5'-monophosphate dehydrogenase (IMPDH) inhibitor [INHIBITOR]; GMP synthase [glutamine-hydrolyzing] inhibitor [INHIBITOR],INHIBITOR,IMPDH1,IMPDH1,1,metabolic,metabolic,discovery compound,,,,,,259.08,Selleck,S1384,Mizoribine (Bredinin),100.0,2021,50,12,True,589,315,196,4,512,31,True,True,True,True,True,True,True,True,False,False,transplant|rheumatology,organ rejection|nephrotic syndrome
nicardipine,BRD-A26711594-003-10-6,ZBBHBTPTTSWHBA-XMMPIXPASA-N,6603948.0,CHEMBL1200326,"COC(=O)C1=C(C)NC(C)=C([C@@H]1c1cccc(c1)[N+]([O-])=O)C(=O)OCCN(C)Cc1ccccc1 |r,c:4,9|",Launched,4.0,calcium channel blocker,Voltage-gated L-type calcium channel blocker [BLOCKER],BLOCKER,ADORA3,ADORA3,1,ion channel,ion channel,discovery compound,,2559.0,5.5,pKi,Human,479.206,MicroSource,1501135,NICARDIPINE HYDROCHLORIDE,97.24,10242,139,66,True,1071,1014,720,4,4906,170,True,True,True,True,True,True,True,False,False,False,cardiology,chronic stable angina|hypertension
nicorandil,BRD-K97752965-001-16-4,LBHIOVVIQHSOQN-UHFFFAOYSA-N,47528.0,CHEMBL284906,[O-][N+](=O)OCCNC(=O)c1cccnc1,Launched,4.0,nitric oxide donor|potassium channel activator,,,KCNJ11,KCNJ11,1,ion channel,ion channel,discovery compound,,2411.0,,,,211.059,Selleck,S1971,Nicorandil (Ikorel),93.0,4771,110,30,True,669,875,493,4,2684,38,True,True,True,True,True,True,True,False,False,False,cardiology,angina pectoris
nitroxoline,BRD-K97534525-001-23-5,RJIWZDNTCBHXAL-UHFFFAOYSA-N,19910.0,CHEMBL1454910,Oc1ccc([N+]([O-])=O)c2cccnc12,Launched,4.0,cathepsin inhibitor,,,METAP2,METAP2,1,protease; lysosomal / autophagy,protease,discovery compound,,13964.0,7.3,pIC50,Human,190.038,MicroSource,1506173,NITROXOLINE,62.54,673,14,2,True,208,234,90,0,135,13,True,True,True,False,True,True,True,True,False,True,infectious disease,urinary tract infections
nonivamide,BRD-K05907307-001-07-1,RGOVYLWUIBMPGK-UHFFFAOYSA-N,2998.0,CHEMBL75124,CCCCCCCCC(=O)NCc1ccc(O)c(OC)c1,Launched,3.0,TRPV agonist,,,TRPV1,TRPV1,1,ion channel,ion channel,discovery compound,,,,,,293.199,MicroSource,1506172,NONIVAMIDE,92.0,324,10,0,True,59,80,33,0,60,4,True,True,True,False,True,True,True,False,False,False,rheumatology|neurology/psychiatry,rheumatoid arthritis|muscle pain
omarigliptin,BRD-K14171291-001-02-2,MKMPWKUAHLTIBJ-ISTRZQFTSA-N,46209133.0,CHEMBL2105762,CS(=O)(=O)n1cc2CN(Cc2n1)[C@H]1CO[C@@H]([C@@H](N)C1)c1cc(F)ccc1F,Launched,4.0,dipeptidyl peptidase inhibitor,Dipeptidyl peptidase IV inhibitor [INHIBITOR],INHIBITOR,DPP4,DPP4,1,protease,protease,discovery compound,,8402.0,9.1,pKi,Human,398.122,MedChemEx,HY-15981,Omarigliptin,94.52,376,8,1,True,94,108,62,1,167,3,True,True,True,True,True,True,True,True,False,True,endocrinology,diabetes mellitus
ozagrel,BRD-K53061490-003-15-9,SHZKQBHERIJWAO-AATRIKPKSA-N,5282440.0,CHEMBL542549,OC(=O)\C=C\c1ccc(Cn2ccnc2)cc1,Launched,,thromboxane synthase inhibitor,,,TBXAS1,TBXAS1,1,metabolic,metabolic,discovery compound,,9866.0,8.2,pIC50,Human,228.09,Tocris,1510,Ozagrel hydrochloride,97.74,1132,11,2,True,131,128,104,0,611,14,True,True,True,False,True,True,True,True,False,False,neurology/psychiatry,stroke
penfluridol,BRD-K15409150-001-07-4,MDLAAYDRRZXJIF-UHFFFAOYSA-N,33630.0,CHEMBL47050,OC1(CCN(CCCC(c2ccc(F)cc2)c2ccc(F)cc2)CC1)c1ccc(Cl)c(c1)C(F)(F)F,Launched,2.0,T-type calcium channel blocker,,,CACNA1G,CACNA1G,1,ion channel,ion channel,discovery compound,,,,,,523.17,MicroSource,1505691,PENFLURIDOL,96.94,781,18,1,True,230,222,84,0,162,30,True,True,True,False,True,True,True,True,False,False,neurology/psychiatry,schizophrenia
phenylbutyrate,BRD-K67102207-236-07-7,OBKXEAXTFZPCHS-UHFFFAOYSA-N,4775.0,CHEMBL1746,OC(=O)CCCc1ccccc1,Launched,4.0,HDAC inhibitor,Glutamine sequestering agent [SEQUESTERING AGENT],SEQUESTERING AGENT,HDAC1,HDAC1,1,epigenetic (selective probe),epigenetic (selective probe),discovery compound,,8480.0,,,,164.084,Tocris,2682,Sodium 4-Phenylbutyrate,97.03,7091,314,35,True,2618,3175,1067,16,1904,94,True,True,True,True,True,True,True,True,False,False,metabolism,urea cycle disorders
pilsicainide,BRD-K83245588-001-01-4,BCQTVJKBTWGHCX-UHFFFAOYSA-N,4820.0,CHEMBL163238,Cc1cccc(C)c1NC(=O)CC12CCCN1CCC2,Launched,2.0,sodium channel blocker,,,SCN5A,SCN5A,1,ion channel,ion channel,discovery compound,,,,,,272.189,AKSci,H671,,99.35,727,7,2,True,21,19,34,0,166,4,True,True,True,False,True,True,True,True,False,True,cardiology,cardiac arrythmia
pinaverium,BRD-A13175897-004-01-0,DDHUTBKXLWCZCO-CEMLEFRQSA-N,73416161.0,CHEMBL1909324,"COc1cc(Br)c(C[N+]2(CCOCC[C@H]3CC[C@@H]4C[C@H]3C4(C)C)CCOCC2)cc1OC |&1:17,19,&2:14,r|",Launched,4.0,T-type calcium channel blocker,,,CACNA1C,CACNA1C,1,ion channel,ion channel,discovery compound,,,,,,510.222,CombiBlocks,QE-3811,,99.42,493,12,7,True,49,48,25,0,71,15,True,True,True,False,True,True,True,True,False,True,gastroenterology,irritable bowel syndrome
pirlindole,BRD-K01826702-066-07-9,IWVRVEIKCBFZNF-ZDUSSCGKSA-N,667444.0,CHEMBL1713992,Cc1ccc2n3CCN[C@H]4CCCc(c34)c2c1 |&1:9|,Launched,,monoamine oxidase inhibitor,,,MAOA,MAOA,1,metabolic,metabolic,discovery compound,,6638.0,,,,226.147,Tocris,724,Pirlindole mesylate,90.0,271,1,1,True,34,35,10,0,32,4,True,True,True,False,True,True,True,True,False,True,neurology/psychiatry,depression
pitavastatin,BRD-K75958547-238-03-9,VGYFMXBACGZSIL-MCBHFWOFSA-N,5282452.0,CHEMBL1201753,O[C@H](C[C@H](O)\C=C\c1c(nc2ccccc2c1-c1ccc(F)cc1)C1CC1)CC(O)=O,Launched,4.0,HMGCR inhibitor,,,HMGCR,HMGCR,1,metabolic,metabolic,discovery compound,,3035.0,5.1,pKi,Rat,421.169,Tocris,4942,Pitavastatin calcium,96.93,5969,167,16,True,1614,1615,880,3,3172,103,True,True,True,True,True,True,True,True,False,True,endocrinology,hyperlipidemia
polythiazide,BRD-A15739803-001-01-0,CYLWJCABXYDINA-JTQLQIEISA-N,12876779.0,CHEMBL1587,"CN1[C@@H](CSCC(F)(F)F)Nc2cc(Cl)c(cc2S1(=O)=O)S(N)(=O)=O |&1:2,r|",Launched,4.0,sodium/chloride cotransporter inhibitor,Thiazide-sensitive sodium-chloride cotransporter inhibitor [INHIBITOR],INHIBITOR,SLC12A3,SLC12A3,1,transporter,transporter,discovery compound,,7274.0,,,,438.971,Kemprotec,346-18-9,"6-chloro-2-methyl-3-{[(2,2,2-trifluoroethyl)sulfanyl]methyl}-3,4-dihydro-2H-1,2,4-benzothiadiazine-7-sulfonamide 1,1-dioxide",98.56,482,6,2,True,16,22,11,2,82,5,True,True,True,True,True,True,True,True,False,True,cardiology|gastroenterology|rheumatology|nephrology,edema|congestive heart failure|hepatic cirrhosis|nephrotic syndrome|acute glomerulonephritis (AGN)|chronic renal failure|hypertension
posaconazole,BRD-K06222852-001-05-7,RAGOYPUPXAKGKH-XAKZXMRKSA-N,468595.0,CHEMBL1397,CC[C@@H]([C@H](C)O)n1ncn(-c2ccc(cc2)N2CCN(CC2)c2ccc(OC[C@@H]3CO[C@](Cn4cncn4)(C3)c3ccc(F)cc3F)cc2)c1=O,Launched,4.0,sterol demethylase inhibitor,Cytochrome P450 51 inhibitor [INHIBITOR],INHIBITOR,CYP3A4,CYP3A4,1,epigenetic (selective probe),epigenetic (selective probe),discovery compound,,11428.0,,,,700.33,Selleck,S1257,Posaconazole,94.29,15076,279,56,True,1987,1707,822,0,2600,269,True,True,True,False,True,True,True,True,False,True,infectious disease,oropharyngeal candidiasis
pralatrexate,BRD-A74914197-001-01-1,"InChI=1S/C23H23N7O5/c1-2-3-14(10-15-11-26-20-18(27-15)19(24)29-23(25)30-20)12-4-6-13(7-5-12)21(33)28-16(22(34)35)8-9-17(31)32/h1,4-7,11,14,16H,3,8-10H2,(H,28,33)(H,31,32)(H,34,35)(H4,24,25,26,29,30)/t14-,16+/m1/s1",11155808.0,CHEMBL1201746,"Nc1nc(N)c2nc(C[C@@H](CC#C)c3ccc(cc3)C(=O)N[C@@H](CCC(O)=O)C(O)=O)cnc2n1 |a:22,&1:9|",Launched,4.0,dihydrofolate reductase inhibitor,Dihydrofolate reductase inhibitor [INHIBITOR],INHIBITOR,DHFR,DHFR,1,metabolic,metabolic,discovery compound,,6840.0,7.3,pKi,Human,477.176,Selleck,S1497,Pralatrexate(Folotyn),94.49,1193,21,2,True,608,554,97,1,291,25,True,True,True,True,True,True,True,True,False,True,hematologic malignancy,peripheral T-cell lymphoma (PTCL)
proguanil,BRD-K28183345-003-11-4,SSOLNOMRVKKSON-UHFFFAOYSA-N,6178111.0,CHEMBL1377,CC(C)NC(=N)N=C(N)Nc1ccc(Cl)cc1,Launched,4.0,dihydrofolate reductase inhibitor,,,DHFR,DHFR,1,metabolic,metabolic,discovery compound,,9676.0,,,,253.109,MicroSource,1504211,CHLOROGUANIDE HYDROCHLORIDE,92.08,4704,50,8,True,458,309,105,0,427,180,True,True,True,False,True,True,True,True,False,True,infectious disease,malaria
propentofylline,BRD-K59273480-001-10-6,RBQOQRRFDPXAGN-UHFFFAOYSA-N,4938.0,CHEMBL1079905,CCCn1cnc2n(C)c(=O)n(CCCCC(C)=O)c(=O)c12,Launched,2.0,adenosine reuptake inhibitor|phosphodiesterase inhibitor,,,PDE1A,PDE1A,1,transporter,transporter,discovery compound,,,,,,306.169,Enzo,AC648,Propentofylline,95.57,880,24,7,True,237,244,102,0,298,7,True,True,True,False,True,True,True,True,False,False,neurology/psychiatry,stroke
pyrazinamide,BRD-K28667793-001-28-1,IPEHBUMCGVEMRF-UHFFFAOYSA-N,1046.0,CHEMBL614,NC(=O)c1cnccn1,Launched,4.0,fatty acid synthase inhibitor,Fatty acid synthase inhibitor [INHIBITOR]; 70S ribosome inhibitor [INHIBITOR],INHIBITOR,FASN,FASN,1,metabolic,metabolic,discovery compound,,7287.0,,,,123.043,MicroSource,1500518,PYRAZINAMIDE,98.54,25327,640,125,True,2330,1959,909,3,3023,317,True,True,True,True,True,True,True,True,False,True,infectious disease,tuberculosis
ropivacaine,BRD-K50938786-003-11-8,ZKMNUMMKYBVTFN-HNNXBMFYSA-N,175805.0,CHEMBL1077896,CCCN1CCCC[C@H]1C(=O)Nc1c(C)cccc1C,Launched,4.0,sodium channel blocker,,,SCN10A,SCN10A,1,ion channel,ion channel,discovery compound,,7602.0,4.6,pIC50,Human,274.205,Selleck,S4058,Ropivacaine HCl,97.16,18508,1016,126,True,1058,1134,727,11,5010,74,True,True,True,True,True,True,True,True,True,True,neurology/psychiatry,anesthetic
rosuvastatin,BRD-K82941592-238-06-9,BPRHUIZQVSMCRT-VEUZHWNKSA-N,446157.0,CHEMBL1744447,CC(C)c1nc(nc(-c2ccc(F)cc2)c1\C=C\[C@@H](O)C[C@@H](O)CC(O)=O)N(C)S(C)(=O)=O,Launched,4.0,HMGCR inhibitor,HMG-CoA reductase inhibitor [INHIBITOR],INHIBITOR,HMGCR,HMGCR,1,metabolic,metabolic,discovery compound,,2954.0,9.8,pIC50,Rat,481.168,Tocris,6343,Rosuvastatin calcium,95.14,23248,530,59,True,4415,4500,2890,11,12125,336,True,True,True,True,True,True,True,True,False,True,endocrinology|cardiology,hyperlipidemia|dyslipidemia|hypertriglyceridemia|hypercholesterolemia|atherosclerosis
safinamide,BRD-K92613113-066-02-7,NEMGRZFTLSKBAP-LBPRGKRZSA-N,131682.0,CHEMBL396778,C[C@H](NCc1ccc(OCc2cccc(F)c2)cc1)C(N)=O,Launched,4.0,dopamine reuptake inhibitor|glutamate inhibitor|monoamine oxidase inhibitor,Monoamine oxidase B inhibitor [INHIBITOR],INHIBITOR,MAOB,MAOB,1,transporter; metabolic,transporter,discovery compound,,8291.0,6.3,pKi,Human,302.143,Selleck,S1472,Safinamide Mesylate,97.9,1292,11,3,True,176,307,70,1,320,20,True,True,True,True,True,True,True,True,False,False,neurology/psychiatry,Parkinson's Disease
saquinavir,BRD-K09963420-066-13-9,QWAXKHKRTORLEM-UGJKXSETSA-N,441243.0,CHEMBL4575419,CC(C)(C)NC(=O)[C@@H]1C[C@@H]2CCCC[C@@H]2CN1C[C@@H](O)[C@H](Cc1ccccc1)NC(=O)[C@H](CC(N)=O)NC(=O)c1ccc2ccccc2n1,Launched,,HIV protease inhibitor,,,CYP3A4,CYP3A4,1,protease,protease,discovery compound,,4813.0,,,,670.384,MedChemEx,HY-17003,Saquinavir (Mesylate),97.88,8049,81,30,True,1404,1387,428,2,1319,274,True,True,True,True,True,True,True,True,False,True,infectious disease,human immunodeficiency virus (HIV-1)
saxagliptin,BRD-K00003546-001-01-9,QGJUIPDUBHWZPV-YQBUGCKMSA-N,,CHEMBL2103745,N[C@H](C(=O)N1[C@H]2C[C@H]2C[C@H]1C#N)[C@]12C[C@H]3C[C@H](C[C@](O)(C3)C1)C2,Launched,3.0,dipeptidyl peptidase inhibitor,,,DPP4,DPP4,1,protease,protease,discovery compound,,6316.0,9.2,pKi,Human,315.195,MedChemEx,HY-10285,Saxagliptin,100.0,4939,117,39,True,1108,1260,701,2,2563,61,True,True,True,True,True,True,True,True,False,True,endocrinology,diabetes mellitus
sitagliptin,BRD-K19416115-001-05-3,MFFMDFFZMYYVKS-SECBINFHSA-N,4369359.0,CHEMBL1201174,N[C@@H](CC(=O)N1CCn2c(C1)nnc2C(F)(F)F)Cc1cc(F)c(F)cc1F,Launched,4.0,dipeptidyl peptidase inhibitor,Dipeptidyl peptidase IV inhibitor [INHIBITOR],INHIBITOR,DPP4,DPP4,1,protease,protease,discovery compound,,6286.0,8.1,pIC50,Human,407.118,Selleck,S4002,Sitagliptin phosphate monohydrate,92.63,14367,333,79,True,3172,3431,1830,7,6085,137,True,True,True,True,True,True,True,True,False,True,endocrinology,diabetes mellitus
sodium-stibogluconate,BRD-K00003543-412-01-9,RPOBPHCDIPHDQL-XCCFGPONSA-L,,CHEMBL3764926,[H][C@@]1(O[Sb]2(O)(O[Sb]34(O)O[C@H]([C@@H](O3)[C@]([H])(O4)[C@H](O)CO)C(O)=O)O[C@H]([C@H]1O2)C(O)=O)[C@H](O)CO,Launched,,tyrosine phosphatase inhibitor,,,PTPN6,PTPN6,1,phosphatase,phosphatase,discovery compound,,,,,,677.878,MedChemEx,HY-100595,Stibogluconate (sodium),0.0,11282,779,30,True,2369,1755,1673,22,1612,337,True,True,True,True,True,True,True,False,False,False,infectious disease,leishmaniasis
sulfameter,BRD-K87492696-001-18-9,GPTONYMQFTZPKC-UHFFFAOYSA-N,5326.0,CHEMBL1200359,COc1cnc(NS(=O)(=O)c2ccc(N)cc2)nc1,Launched,4.0,dihydrofolate reductase inhibitor,Bacterial dihydropteroate synthase inhibitor [INHIBITOR],INHIBITOR,DHFR,DHFR,1,metabolic,metabolic,discovery compound,,12641.0,,,,280.063,MedChemEx,HY-B0213,Sulfameter,99.1,235,5,2,True,20,21,6,0,10,7,True,True,True,False,True,True,True,True,False,True,infectious disease,urinary tract infections
sulfaphenazole,BRD-K10671814-001-14-8,QWCJHSGMANYXCW-UHFFFAOYSA-N,5335.0,CHEMBL1109,Nc1ccc(cc1)S(=O)(=O)Nc1ccnn1-c1ccccc1,Launched,4.0,dihydropteroate synthetase inhibitor,Bacterial dihydropteroate synthase inhibitor [INHIBITOR],INHIBITOR,DHPS,DHPS,1,metabolic,metabolic,discovery compound,,11352.0,6.5,pKi,Human,314.084,MicroSource,1501143,SULFAPHENAZOLE,95.81,1487,10,6,True,193,222,89,0,251,28,True,True,True,False,True,True,True,False,False,False,infectious disease,urinary tract infections
tacrolimus,BRD-K69608737-001-08-6,QJJXYPPXXYFBGM-LFZNUXCKSA-N,445643.0,CHEMBL3989887,CO[C@@H]1C[C@@H](CC[C@H]1O)\C=C(/C)[C@H]1OC(=O)[C@@H]2CCCCN2C(=O)C(=O)[C@]2(O)O[C@@H]([C@H](C[C@H]2C)OC)[C@H](C[C@@H](C)C\C(C)=C\[C@@H](CC=C)C(=O)C[C@H](O)[C@H]1C)OC |t:45|,Launched,4.0,calcineurin inhibitor,FK506-binding protein 1A inhibitor [INHIBITOR],INHIBITOR,FKBP1A,FKBP1A,1,phosphatase,phosphatase,discovery compound,,6784.0,9.4,pKi,Human,803.482,MedChemEx,HY-13756,tacrolimus,97.24,83917,1773,294,True,17341,12835,7427,38,22521,1421,True,True,True,True,True,True,True,True,False,False,transplant,organ rejection
tazemetostat,BRD-K11215326-001-03-7,NSQSAUGJQHDYNO-UHFFFAOYSA-N,66558664.0,CHEMBL4594260,CCN(C1CCOCC1)c1cc(cc(C(=O)NCc2c(C)cc(C)[nH]c2=O)c1C)-c1ccc(CN2CCOCC2)cc1,Launched,4.0,histone lysine methyltransferase inhibitor,Histone-lysine N-methyltransferase EZH2 inhibitor [INHIBITOR],INHIBITOR,EZH2,EZH2,1,epigenetic (selective probe),epigenetic (selective probe),discovery compound,,7011.0,8.0,pIC50,Human,572.336,Selleck,S7128,EPZ-6438 (E7438),93.46,2801,118,4,True,2158,1827,578,12,1118,27,True,True,True,True,True,True,True,True,False,False,,
temsirolimus,BRD-K08177763-001-05-9,CBPNZQVSJQDFBE-NRNHWJPGSA-N,134812825.0,CHEMBL1201182,"CO[C@@H]1C[C@H](C[C@@H](C)[C@@H]2CC(=O)[C@H](C)\C=C(C)\[C@@H](O)[C@@H](OC)C(=O)[C@H](C)C[C@H](C)\C=C\C=C\C=C(C)\[C@H](C[C@@H]3CC[C@@H](C)[C@@](O)(O3)C(=O)C(=O)N3CCCC[C@H]3C(=O)O2)OC)CC[C@H]1OC(=O)C(C)(CO)CO |c:14,33,t:29,31|",Launched,4.0,mTOR inhibitor,FK506-binding protein 1A inhibitor [INHIBITOR],INHIBITOR,MTOR,MTOR,1,kinase,kinase,discovery compound,,5892.0,5.8,pIC50,Human,1029.602,Tocris,5264,Temsirolimus,96.7,10968,293,22,True,7202,6177,1775,9,6289,124,True,True,True,True,True,True,True,True,False,True,oncology,renal cell carcinoma (RCC)
teneligliptin,BRD-K48068743-001-01-6,WGRQANOPCQRCME-PMACEKPBSA-N,11949652.0,CHEMBL2147777,Cc1cc(N2CCN(CC2)[C@@H]2CN[C@@H](C2)C(=O)N2CCSC2)n(n1)-c1ccccc1,Launched,4.0,dipeptidyl peptidase inhibitor,Dipeptidyl peptidase IV inhibitor [INHIBITOR],INHIBITOR,DPP4,DPP4,1,protease,protease,discovery compound,,9906.0,6.3,pIC50,Human,426.22,MedChemEx,HY-14806,Teneligliptin,96.62,1028,28,4,True,246,289,185,1,477,8,True,True,True,True,True,True,True,True,False,True,endocrinology,diabetes mellitus
terbinafine,BRD-K68132782-003-13-8,DOMXUEMWDBAQBQ-WEVVVXLNSA-N,1549008.0,CHEMBL1200832,CN(C\C=C\C#CC(C)(C)C)Cc1cccc2ccccc12,Launched,4.0,fungal squalene epoxidase inhibitor,Squalene monooxygenase inhibitor [INHIBITOR],INHIBITOR,SQLE,SQLE,1,metabolic,metabolic,discovery compound,,,,,,291.199,Selleck,S2557,Terbinafine HCl,98.76,9854,193,53,True,1470,1348,667,2,1180,184,True,True,True,True,True,True,True,False,False,True,infectious disease,tinea pedis|tinea cruris|tinea corporis
teriflunomide,BRD-A42699921-001-03-6,NABQBYDEMLGCEO-SNVBAGLBSA-N,,CHEMBL973,"CC(=O)[C@@H](C#N)C(=O)Nc1ccc(cc1)C(F)(F)F |&1:3,r|",Launched,4.0,dihydroorotate dehydrogenase inhibitor,Dihydroorotate dehydrogenase inhibitor [INHIBITOR],INHIBITOR,DHODH,DHODH,1,metabolic,metabolic,discovery compound,,6844.0,7.5,pKi,Human,270.062,Selleck,S4169,Teriflunomide,99.84,5507,112,11,True,1493,1206,332,0,1277,314,True,True,True,False,True,True,True,True,False,False,neurology/psychiatry,multiple sclerosis
thalidomide,BRD-A93255169-001-28-3,UEJJHQNACJXSKW-VIFPVBQESA-N,92142.0,CHEMBL426123,"O=C1N([C@H]2CCC(=O)NC2=O)C(=O)c2ccccc12 |&1:3,r|",Launched,,tumor necrosis factor production inhibitor,,,TNF,TNF,1,growth factor / cytokine,growth factor / cytokine,discovery compound,,7327.0,8.1,pKd,Human,258.064,Tocris,652,Thalidomide,99.0,37967,1144,202,True,12116,9644,3747,28,12417,4360,True,True,True,True,True,True,True,True,False,True,oncology,myeloma
tiagabine,BRD-K60160658-003-11-2,PBJUNZJWGZTSKL-MRXNPFEDSA-N,60648.0,CHEMBL1027,Cc1ccsc1C(=CCCN1CCC[C@H](C1)C(O)=O)c1sccc1C,Launched,4.0,GABA uptake inhibitor,,,SLC6A1,SLC6A1,1,transporter,transporter,discovery compound,,4818.0,7.2,pIC50,Human,375.133,Enzo,AC3267,TIAGABINE HYDROCHLORIDE,95.06,4417,42,30,True,372,528,154,0,876,257,True,True,True,False,True,True,True,False,False,False,neurology/psychiatry,seizures
tocainide,BRD-K01826767-001-05-9,BUJAGSGYPOAWEI-SECBINFHSA-N,3080825.0,CHEMBL1762,"C[C@@H](N)C(=O)Nc1c(C)cccc1C |&1:1,r|",Launched,4.0,sodium channel blocker,,,SCN5A,SCN5A,1,ion channel,ion channel,discovery compound,,7309.0,,,,192.126,Sigma,MFCD00072010,TOCAINIDE,95.34,916,18,6,True,74,57,59,0,171,19,True,True,True,False,True,True,True,True,False,True,cardiology,cardiac arrythmia
tofogliflozin,BRD-K96344439-002-02-7,VWVKUNOPTJGDOB-BDHVOXNPSA-N,46908929.0,CHEMBL2105711,CCc1ccc(Cc2ccc3CO[C@]4(O[C@H](CO)[C@@H](O)[C@H](O)[C@H]4O)c3c2)cc1,Launched,4.0,sodium/glucose cotransporter inhibitor,Sodium/glucose cotransporter 2 inhibitor [INHIBITOR],INHIBITOR,GCK,GCK,1,transporter,transporter,discovery compound,,9395.0,5.1,pIC50,Human,386.173,MedChemEx,HY-13413,Tofogliflozin (hydrate),95.64,1167,34,16,True,254,332,251,0,630,7,True,True,True,False,True,True,True,False,False,False,endocrinology,diabetes mellitus
topiroxostat,BRD-K77561571-001-01-1,UBVZQGOVTLIHLH-UHFFFAOYSA-N,5288320.0,CHEMBL1078685,N#Cc1cc(ccn1)-c1nnc([nH]1)-c1ccncc1,Launched,2.0,xanthine oxidase inhibitor,Xanthine dehydrogenase inhibitor [INHIBITOR],INHIBITOR,XDH,XDH,1,metabolic,metabolic,discovery compound,,10592.0,,,,248.081,MedChemEx,HY-14874,Topiroxostat,99.78,370,14,4,True,73,74,37,0,167,2,True,True,True,False,True,True,True,True,False,True,rheumatology|nephrology,gout|hyperuricemia
trapidil,BRD-K95763993-001-20-9,GSNOZLZNQMLSKJ-UHFFFAOYSA-N,5531.0,CHEMBL132767,CCN(CC)c1cc(C)nc2ncnn12,Launched,2.0,PDGFR tyrosine kinase receptor inhibitor,,,PDGFRA,PDGFRA,1,kinase; growth factor / cytokine,kinase,discovery compound,,,,,,205.133,MedChemEx,HY-B1016,Trapidil,98.72,519,10,3,True,140,74,81,2,193,4,True,True,True,True,True,True,True,False,False,False,cardiology,coronary artery disease (CAD)
trelagliptin,BRD-K36407194-001-02-9,IWYJYHUNXVAVAA-OAHLLOKOSA-N,15983988.0,CHEMBL4303381,Cn1c(=O)cc(N2CCC[C@@H](N)C2)n(Cc2cc(F)ccc2C#N)c1=O,Launched,,dipeptidyl peptidase inhibitor,,,DPP4,DPP4,1,protease,protease,discovery compound,,,,,,357.16,MedChemEx,HY-15408,Trelagliptin,78.61,299,12,0,True,92,96,52,1,132,1,True,True,True,True,True,True,True,True,False,True,endocrinology,diabetes mellitus
vernakalant,BRD-K19741547-003-01-7,VBHQKCBVWWUUKN-KZNAEPCWSA-N,9930049.0,CHEMBL2111112,COc1ccc(CCO[C@@H]2CCCC[C@H]2N2CC[C@@H](O)C2)cc1OC,Launched,4.0,potassium channel blocker,,,KCNA5,KCNA5,1,ion channel,ion channel,discovery compound,,,,,,349.225,MedChemEx,HY-14183,Vernakalant (Hydrochloride),97.82,603,3,0,True,60,58,69,0,277,8,True,True,True,False,True,True,True,True,False,False,cardiology,atrial fibrillation (AF)
vildagliptin,BRD-K00003565-001-01-9,SYOKIDBDQMKNDQ-NHMCJKAESA-N,,CHEMBL142703,O[C@]12C[C@@H]3C[C@H](C1)C[C@@](C3)(C2)NCC(=O)N1CCC[C@H]1C#N,Launched,4.0,dipeptidyl peptidase inhibitor,Dipeptidyl peptidase IV inhibitor [INHIBITOR],INHIBITOR,DPP4,DPP4,1,protease,protease,discovery compound,,6310.0,7.8,pKi,Human,303.195,MedChemEx,HY-14291,Vildagliptin,85.64,5507,140,28,True,1352,1537,797,6,2475,60,True,True,True,True,True,True,True,True,False,True,endocrinology,diabetes mellitus
viloxazine,BRD-A59198242-003-02-9,YWPHCCPCQOJSGZ-LLVKDONJSA-N,12226596.0,CHEMBL306700,CCOc1ccccc1OC[C@H]1CNCCO1 |&1:11|,Launched,4.0,norepinephrine reuptake inhibitor,,,SLC6A2,SLC6A2,1,transporter,transporter,discovery compound,,11502.0,,,,237.136,Prestwick,Prestw-1361,Viloxazine hydrochloride,98.75,858,6,0,True,41,37,27,0,101,23,True,True,True,False,True,True,True,True,False,True,neurology/psychiatry,depression
xipamide,BRD-K27393415-001-01-0,MTZBBNMLMNBNJL-UHFFFAOYSA-N,26618.0,CHEMBL517199,Cc1cccc(C)c1NC(=O)c1cc(c(Cl)cc1O)S(N)(=O)=O,Launched,2.0,carbonic anhydrase inhibitor,,,SLC12A3,SLC12A3,1,transporter,transporter,discovery compound,,7900.0,,,,354.044,OxChem,AX8031911,,99.61,262,3,1,True,8,8,4,0,63,5,True,True,True,False,True,True,True,True,False,True,cardiology,edema|hypertension
zotarolimus,BRD-K46843573-001-01-9,CGTADGCBEXYWNE-GYKXXMIGSA-N,,CHEMBL219410,"CO[C@@H]1C[C@H](C[C@@H](C)[C@@H]2CC(=O)[C@H](C)\C=C(C)\[C@@H](O)[C@@H](OC)C(=O)[C@H](C)C[C@H](C)\C=C\C=C\C=C(C)\[C@H](C[C@@H]3CC[C@@H](C)[C@@](O)(O3)C(=O)C(=O)N3CCCC[C@H]3C(=O)O2)OC)CC[C@@H]1n1cnnn1 |c:14,33,t:29,31|",Launched,3.0,mTOR inhibitor,FK506-binding protein 1A inhibitor [INHIBITOR],INHIBITOR,FKBP1A,FKBP1A,1,kinase,kinase,discovery compound,,7974.0,8.6,pIC50,Human,965.573,Adooq,A11950,,87.25,2408,23,7,True,626,211,268,0,1610,7,True,True,True,False,True,True,True,True,False,True,cardiology,coronary artery restenosis
abemaciclib,BRD-K33622447-066-01-9,UZWDCWONPYILKI-UHFFFAOYSA-N,46220502.0,CHEMBL3301610,CCN1CCN(Cc2ccc(Nc3ncc(F)c(n3)-c3cc(F)c4nc(C)n(C(C)C)c4c3)nc2)CC1,Launched,4.0,CDK inhibitor,Cyclin-dependent kinase 4 inhibitor [INHIBITOR]; Cyclin-dependent kinase 6 inhibitor [INHIBITOR],INHIBITOR,CDK4|CDK6,CDK4,2,kinase,kinase,discovery compound,,7382.0,8.7,pIC50,Human,506.272,Selleck,S7158,LY2835219,94.43,7404,135,4,True,5009,3561,979,6,2305,67,True,True,True,True,True,True,True,True,False,False,oncology,breast cancer
alectinib,BRD-K11267252-001-06-9,KDGFLJKFZUIJMX-UHFFFAOYSA-N,49806720.0,CHEMBL1738797,CCc1cc2C(=O)c3c([nH]c4cc(ccc34)C#N)C(C)(C)c2cc1N1CCC(CC1)N1CCOCC1,Launched,4.0,ALK tyrosine kinase receptor inhibitor,,,ALK|MET,ALK,2,kinase,kinase,discovery compound,,7739.0,8.7,pIC50,Human,482.268,Selleck,S2762,alectinib,98.17,10271,198,15,True,4619,3646,1317,2,3194,72,True,True,True,True,True,True,True,True,False,True,oncology,non-small cell lung cancer (NSCLC)
aprindine,BRD-K53236343-003-03-7,NZLBHDRPUJLHCE-UHFFFAOYSA-N,2218.0,CHEMBL2104501,CCN(CC)CCCN(C1Cc2ccccc2C1)c1ccccc1,Launched,-1.0,voltage-gated sodium channel blocker,,,CALM1|SCN5A,CALM1,2,ion channel,ion channel,discovery compound,,,,,,322.241,Sigma,A7606,"N~1~-(2,3-dihydro-1H-inden-2-yl)-N~3~,N~3~-diethyl-N~1~-phenyl-1,3-propanediamine hydrochloride",82.34,556,3,1,True,20,19,18,0,67,4,True,True,True,False,True,True,True,True,False,False,cardiology,cardiac arrythmia
ascorbic-acid,BRD-A85242401-001-12-3,KRGQEOSDQHTZMX-TXQLHFEISA-N,,CHEMBL196,"OC[C@H](O)[C@H]1OC(=O)C(=O)[C@@H]1O |a:2,4,&1:10|",Launched,4.0,antioxidant,Supplement [None],,SLC23A1|SLC23A2,SLC23A1,2,transporter,transporter,discovery compound,,,,,,176.032,MicroSource,1502230,ASCORBIC ACID,100.0,214724,21336,1840,True,57297,46626,39436,1553,41648,1896,True,True,True,True,True,True,True,False,False,False,endocrinology,scurvy
azosemide,BRD-K68770713-001-01-8,HMEDEBAJARCKCT-UHFFFAOYSA-N,2273.0,CHEMBL1097235,NS(=O)(=O)c1cc(-c2nn[nH]n2)c(NCc2cccs2)cc1Cl,Launched,3.0,electrolyte reabsorption inhibitor,Unknown [None],,SLC12A1|SLC12A2,SLC12A1,2,transporter,transporter,discovery compound,,,,,,370.007,AKSci,69592,,95.2,545,3,0,True,38,28,31,0,185,4,True,True,True,False,True,True,True,True,False,False,cardiology,edema
baricitinib,BRD-K53581288-001-02-9,XUZMWHLSFXCVMG-UHFFFAOYSA-N,44205240.0,CHEMBL2105759,CCS(=O)(=O)N1CC(CC#N)(C1)n1cc(cn1)-c1ncnc2[nH]ccc12,Launched,4.0,JAK inhibitor,Tyrosine-protein kinase JAK1 inhibitor [INHIBITOR]; Tyrosine-protein kinase JAK2 inhibitor [INHIBITOR],INHIBITOR,JAK1|JAK2,JAK1,2,kinase,kinase,discovery compound,,7792.0,8.2,pIC50,Human,371.116,Selleck,S2851,"Baricitinib (LY3009104, INCB028050)",97.36,13226,758,63,True,3849,3435,1791,18,4461,402,True,True,True,True,True,True,True,True,False,False,rheumatology,rheumatoid arthritis
bendroflumethiazide,BRD-A80017228-001-27-3,HDWIHXWEUNVBIY-CQSZACIVSA-N,9845085.0,CHEMBL1684,"NS(=O)(=O)c1cc2c(N[C@@H](Cc3ccccc3)NS2(=O)=O)cc1C(F)(F)F |&1:9,r|",Launched,4.0,sodium/potassium/chloride transporter inhibitor,Thiazide-sensitive sodium-chloride cotransporter inhibitor [INHIBITOR],INHIBITOR,SLC12A1|SLC12A3,SLC12A1,2,transporter,transporter,discovery compound,,7122.0,,,,421.038,Selleck,S4387,BENDROFUMETHIAZIDE,98.72,1937,29,8,True,116,91,82,2,672,24,True,True,True,True,True,True,True,True,False,True,cardiology,hypertension
benidipine,BRD-K97181463-003-02-9,QZVNQOLPLYWLHQ-ZEQKJWHPSA-N,656667.0,CHEMBL2074972,COC(=O)C1=C(C)NC(C)=C([C@@H]1c1cccc(c1)[N+]([O-])=O)C(=O)O[C@@H]1CCCN(Cc2ccccc2)C1,Launched,3.0,calcium channel blocker,Voltage-gated L-type calcium channel blocker [BLOCKER],BLOCKER,CACNA1C|CACNA1G,CACNA1C,2,ion channel,ion channel,discovery compound,,10159.0,5.3,pIC50,Human,505.221,Selleck,S2017,Benidipine hydrochloride,98.18,1070,24,4,True,210,204,123,1,536,17,True,True,True,True,True,True,True,True,True,True,cardiology,hypertension
binimetinib,BRD-K82244583-001-02-9,ACWZRVQXLIRSDF-UHFFFAOYSA-N,10288191.0,CHEMBL3187723,Cn1cnc2c(F)c(Nc3ccc(Br)cc3F)c(cc12)C(=O)NOCCO,Launched,4.0,MEK inhibitor,Dual specificity mitogen-activated protein kinase kinase 1 inhibitor [INHIBITOR]; Dual specificity mitogen-activated protein kinase kinase 2 inhibitor [INHIBITOR],INHIBITOR,MAP2K1|MAP2K2,MAP2K1,2,kinase,kinase,discovery compound,,7921.0,7.9,pIC50,Human,440.03,MedChemEx,HY-15202,Binimetinib,97.0,4128,62,5,True,2658,2288,627,2,1715,33,True,True,True,True,True,True,True,True,False,True,oncology,melanoma
brigatinib,BRD-K56981171-001-01-0,AILRADAXUVEEIR-UHFFFAOYSA-N,68165256.0,CHEMBL3545311,COc1cc(ccc1Nc1ncc(Cl)c(Nc2ccccc2P(C)(C)=O)n1)N1CCC(CC1)N1CCN(C)CC1,Launched,4.0,ALK tyrosine kinase receptor inhibitor|EGFR inhibitor,ALK tyrosine kinase receptor inhibitor [INHIBITOR]; Epidermal growth factor receptor erbB1 inhibitor [INHIBITOR],INHIBITOR,ALK|EGFR,ALK,2,kinase,kinase,discovery compound,,7741.0,6.9,pIC50,Human,583.259,MedChemEx,HY-12857,Brigatinib,93.49,3193,41,4,True,1446,1229,339,0,1064,36,True,True,True,False,True,True,True,True,False,True,oncology,non-small cell lung cancer (NSCLC)
bupivacaine,BRD-K00003636-001-01-9,LEBVLXFERQHONN-INIZCTEOSA-N,92253.0,CHEMBL1098,"CCCCN1CCCC[C@H]1C(=O)Nc1c(C)cccc1C |&1:9,r|",Launched,4.0,sodium channel blocker,Sodium channel protein type IV alpha subunit blocker [BLOCKER],BLOCKER,KCNA5|SCN10A,KCNA5,2,ion channel,ion channel,discovery compound,,2397.0,4.2,pIC50,Human,288.22,MedChemEx,HY-B0405,Bupivacaine,98.85,43206,1991,244,True,3144,3047,2494,26,10255,258,True,True,True,True,True,True,True,True,True,True,neurology/psychiatry,peripheral nerve block|caudal epidural block|lumbar epidural block
bupropion,BRD-K01826729-003-06-9,SNPPWIUOZRMYNY-SECBINFHSA-N,688387.0,CHEMBL1201735,"C[C@@H](NC(C)(C)C)C(=O)c1cccc(Cl)c1 |&1:1,r|",Launched,4.0,dopamine reuptake inhibitor,Dopamine transporter inhibitor [INHIBITOR]; Norepinephrine transporter inhibitor [INHIBITOR],INHIBITOR,SLC6A2|SLC6A3,SLC6A2,2,transporter,transporter,discovery compound,,7135.0,6.4,pKi,Human,239.108,Tocris,2831,Bupropion hydrochloride,94.45,23974,203,39,True,1697,1666,775,1,4609,584,True,True,True,True,True,True,True,True,False,True,neurology/psychiatry,depression
canagliflozin,BRD-K90868879-001-03-8,XTNGUQKDFGDXSJ-ZXGKGEBGSA-N,24812758.0,CHEMBL4594217,Cc1ccc(cc1Cc1ccc(s1)-c1ccc(F)cc1)[C@@H]1O[C@H](CO)[C@@H](O)[C@H](O)[C@H]1O,Launched,4.0,sodium/glucose cotransporter inhibitor,Sodium/glucose cotransporter 2 inhibitor [INHIBITOR],INHIBITOR,SLC5A1|SLC5A2,SLC5A1,2,transporter,transporter,discovery compound,,4582.0,8.4,pIC50,Human,444.141,MicroSource,1506315,CANAGLIFLOZIN,98.9,9767,297,136,True,2015,2390,1682,4,5194,91,True,True,True,True,True,True,True,True,False,False,endocrinology,diabetes mellitus
capsaicin,BRD-K50590187-001-19-9,YKPUWZUDDOIDPM-SOFGYWHQSA-N,1548943.0,CHEMBL294199,COc1cc(CNC(=O)CCCC\C=C\C(C)C)ccc1O,Launched,4.0,TRPV agonist,Vanilloid receptor opener [OPENER],OPENER,CFTR|TRPV1,CFTR,2,ion channel,ion channel,discovery compound,,2486.0,4.5,pIC50,Mouse,305.199,Tocris,462,(E)-Capsaicin,95.04,41377,1823,412,True,8022,8025,4365,53,10872,376,True,True,True,True,True,True,True,True,False,True,neurology/psychiatry|rheumatology,muscle pain|rheumatoid arthritis
chidamide,BRD-K28537285-001-01-8,WXHHICFWKXDFOW-BJMVGYQFSA-N,9800555.0,CHEMBL4087968,Nc1ccc(F)cc1NC(=O)c1ccc(CNC(=O)\C=C\c2cccnc2)cc1,Launched,,HDAC inhibitor,,,HDAC10|HDAC3,HDAC10,2,epigenetic (selective probe),epigenetic (selective probe),discovery compound,,8305.0,,,,390.149,MedChemEx,HY-13592,Chidamide,91.41,2053,53,1,True,1471,1432,318,4,756,23,True,True,True,True,True,True,True,False,True,False,hematologic malignancy,peripheral T-cell lymphoma (PTCL)
chlorpropamide,BRD-K97746869-001-27-0,RKWGIWYCVPQPMF-UHFFFAOYSA-N,2727.0,CHEMBL498,CCCNC(=O)NS(=O)(=O)c1ccc(Cl)cc1,Launched,4.0,ATP channel blocker,"Sulfonylurea receptor 1, Kir6.2 blocker [BLOCKER]",BLOCKER,ABCC8|KCNJ10,ABCC8,2,ion channel; transporter,ion channel,discovery compound,,6801.0,,,,276.034,MicroSource,1500185,CHLORPROPAMIDE,98.37,4766,63,21,True,443,386,209,1,994,87,True,True,True,True,True,True,True,True,False,False,endocrinology,diabetes mellitus
citicoline,BRD-K01827268-236-03-9,RZZPDXZPRHQOCG-OJAKKHQRSA-O,13805.0,CHEMBL1231700,"C[N+](C)(C)CCOP(O)(=O)OP(O)(=O)OC[C@H]1O[C@H]([C@H](O)[C@@H]1O)n1ccc(N)nc1=O |a:16,18,19,21,&1:7,&2:11|",Launched,3.0,glutathione transferase stimulant|membrane permeability enhancer,,,ACHE|SLC1A2,ACHE,2,transporter,transporter,discovery compound,,,,,,512.105,Cayman,14629,,99.5,2021,40,13,True,427,775,262,0,1107,29,True,True,True,False,True,True,True,True,False,False,neurology/psychiatry|ophthalmology,stroke|Alzheimer's disease|senile dementia|Parkinson's Disease|attention-deficit/hyperactivity disorder (ADHD)|glaucoma
crizotinib,BRD-K78431006-001-10-2,KTEIFNKAUNYNJU-GFCCVEGCSA-N,11626560.0,CHEMBL601719,C[C@@H](Oc1cc(cnc1N)-c1cnn(c1)C1CCNCC1)c1c(Cl)ccc(F)c1Cl,Launched,4.0,ALK tyrosine kinase receptor inhibitor,Hepatocyte growth factor receptor inhibitor [INHIBITOR]; ALK tyrosine kinase receptor inhibitor [INHIBITOR]; EML4-ALK inhibitor [INHIBITOR]; NPM/ALK (Nucleophosmin/ALK tyrosine kinase receptor) inhibitor [INHIBITOR]; Proto-oncogene tyrosine-protein kinase ROS inhibitor [INHIBITOR]; Macrophage-stimulating protein receptor inhibitor [INHIBITOR],INHIBITOR,ALK|MET,ALK,2,kinase,kinase,discovery compound,,4903.0,9.1,pIC50,Human,449.119,Selleck,S1068,Crizotinib (PF-02341066),93.81,17087,323,29,True,8595,6802,2122,4,5832,128,True,True,True,True,True,True,True,True,False,True,oncology,non-small cell lung cancer (NSCLC)
dantrolene,BRD-K81272440-236-13-5,OZOMQRBLCMDCEG-VIZOYTHASA-N,6914273.0,CHEMBL1201288,[O-][N+](=O)c1ccc(cc1)-c1ccc(\C=N\N2CC(=O)NC2=O)o1,Launched,4.0,calcium channel blocker,,,RYR1|RYR3,RYR1,2,ion channel,ion channel,discovery compound,,4172.0,,,,314.065,MicroSource,1503209,DANTROLENE SODIUM,97.08,7258,158,61,True,934,1403,556,3,1479,83,True,True,True,True,True,True,True,False,False,False,neurology/psychiatry|endocrinology,spasms|malignant hyperthermia (MH)
dapagliflozin,BRD-K58160573-001-05-4,JVHXJTBJCFBINQ-ADAARDCZSA-N,9887712.0,CHEMBL429910,CCOc1ccc(Cc2cc(ccc2Cl)[C@@H]2O[C@H](CO)[C@@H](O)[C@H](O)[C@H]2O)cc1,Launched,4.0,sodium/glucose cotransporter inhibitor,Sodium/glucose cotransporter 2 inhibitor [INHIBITOR],INHIBITOR,SLC5A1|SLC5A2,SLC5A1,2,transporter,transporter,discovery compound,,4594.0,9.3,pIC50,Human,408.134,Selleck,S1548,Dapagliflozin,98.0,17174,391,126,True,3258,4011,2898,7,8463,166,True,True,True,True,True,True,True,False,False,True,endocrinology,diabetes mellitus
deserpidine,BRD-K29462201-001-02-7,CVBMAZKKCSYWQR-WCGOZPBSSA-N,8550.0,CHEMBL1200515,CO[C@H]1[C@@H](C[C@@H]2CN3CCc4c([nH]c5ccccc45)[C@H]3C[C@@H]2[C@@H]1C(=O)OC)OC(=O)c1cc(OC)c(OC)c(OC)c1,Launched,4.0,angiotensin converting enzyme inhibitor,Synaptic vesicular amine transporter inhibitor [INHIBITOR],INHIBITOR,ACE|SLC18A2,ACE,2,transporter,transporter,discovery compound,,7064.0,,,,578.263,Key,MD-0232,"methyl (3beta,16beta,17alpha,18beta,20alpha)-17-methoxy-18-[(3,4,5-trimethoxybenzoyl)oxy]yohimban-16-carboxylate",96.99,239,3,3,True,48,34,17,0,74,15,True,True,True,False,True,True,True,True,False,False,cardiology,hypertension
diphenylpyraline,BRD-K22936972-003-23-6,OWQUZNMMYNAXSL-UHFFFAOYSA-N,3103.0,CHEMBL1492,CN1CCC(CC1)OC(c1ccccc1)c1ccccc1,Launched,4.0,dopamine reuptake inhibitor,,,HRH1|SLC6A3,HRH1,2,transporter,transporter,discovery compound,,7165.0,,,,281.178,MicroSource,1500258,DIPHENYLPYRALINE HYDROCHLORIDE,97.93,245,5,0,True,40,30,15,0,45,4,True,True,True,False,True,True,True,True,False,True,allergy,allergic rhinitis
dyclonine,BRD-K72259270-003-25-6,BZEWSEKUUPWQDQ-UHFFFAOYSA-N,3180.0,CHEMBL1201217,CCCCOc1ccc(cc1)C(=O)CCN1CCCCC1,Launched,4.0,sodium channel blocker,,,SCN10A|SCN5A,SCN10A,2,ion channel,ion channel,discovery compound,,7173.0,,,,289.204,Selleck,S2041,Dyclonine hydrochloride,93.29,425,7,1,True,97,106,40,0,111,6,True,True,True,False,True,True,True,True,False,True,neurology/psychiatry,local anesthetic
eflornithine,BRD-A96292436-003-16-1,VLCYCQAOQCDTCN-UHFFFAOYSA-N,3009.0,CHEMBL1201037,NCCCC(N)(C(F)F)C(O)=O |&1:4|,Launched,4.0,ornithine decarboxylase inhibitor,Ornithine decarboxylase inhibitor [INHIBITOR],INHIBITOR,ARG2|ODC1,ARG2,2,metabolic,metabolic,discovery compound,,5176.0,4.9,pKd,Human,182.087,Enzo,AC3107,EFLORNITHINE HYDROCHLORIDE,100.0,4010,30,13,True,1209,696,164,1,375,116,True,True,True,True,True,True,True,True,False,False,dermatology,facial hair reduction
empagliflozin,BRD-K53765467-001-03-9,OBWASQILIWPZMG-QZMOQZSNSA-N,11949646.0,CHEMBL2107830,OC[C@H]1O[C@H]([C@H](O)[C@@H](O)[C@@H]1O)c1ccc(Cl)c(Cc2ccc(O[C@H]3CCOC3)cc2)c1,Launched,4.0,sodium/glucose cotransporter inhibitor,Sodium/glucose cotransporter 2 inhibitor [INHIBITOR],INHIBITOR,SLC5A1|SLC5A2,SLC5A1,2,transporter,transporter,discovery compound,,4754.0,5.1,pIC50,Human,450.145,MedChemEx,HY-15409,Empagliflozin,96.99,16862,396,130,True,3200,4070,2904,4,8960,149,True,True,True,True,True,True,True,True,False,True,endocrinology,diabetes mellitus
fenoprofen,BRD-K01827286-340-05-9,RDJGLLICXDHJDY-LLVKDONJSA-N,41097863.0,CHEMBL1297,C[C@@H](C(O)=O)c1cccc(Oc2ccccc2)c1 |&1:1|,Launched,4.0,prostaglandin inhibitor,,,PTGS1|SLC5A8,PTGS1,2,transporter,transporter,discovery compound,,4820.0,4.6,pIC50,Human,242.094,MedChemEx,HY-B0288B,Fenoprofen (Calcium hydrate),95.93,1550,79,9,True,219,203,150,1,359,40,True,True,True,True,True,True,True,True,False,False,rheumatology,rheumatoid arthritis|osteoarthritis
gabexate,BRD-K59256312-066-15-7,YKGYIDJEEQRWQH-UHFFFAOYSA-N,3447.0,CHEMBL87563,CCOC(=O)c1ccc(OC(=O)CCCCCNC(N)=N)cc1,Launched,3.0,serine protease inhibitor,,,PRSS1|TPSAB1,PRSS1,2,protease,protease,discovery compound,,7863.0,8.5,pIC50,Human,321.169,Selleck,S2101,Gabexate mesylate,85.7,1641,27,14,True,209,215,167,1,435,11,True,True,True,True,True,True,True,False,False,True,gastroenterology,pancreatitis
halofuginone,BRD-K54247840-004-01-3,LVASCWIMLIKXLA-CABCVRRESA-N,456390.0,CHEMBL1197091,O[C@H]1CCCN[C@@H]1CC(=O)Cn1cnc2cc(Br)c(Cl)cc2c1=O,Launched,2.0,collagenase inhibitor,,,COL1A1|MMP2,COL1A1,2,matrix remodeling,matrix remodeling,discovery compound,,10153.0,9.1,pEC50,Plasmodium falciparum Dd2,413.014,EMDBio,505763-10MG,"ProRS Inhibitor, Halofuginone",95.58,1896,132,7,True,935,775,764,8,663,32,True,True,True,True,True,True,True,False,False,False,rheumatology,scleroderma
hexachlorophene,BRD-K99792991-001-34-9,ACGUYXCXAPNIKK-UHFFFAOYSA-N,3598.0,CHEMBL496,Oc1c(Cl)cc(Cl)c(Cl)c1Cc1c(O)c(Cl)cc(Cl)c1Cl,Launched,4.0,potassium channel activator,Bacterial enoyl-[acyl-carrier-protein] reductase inhibitor [INHIBITOR],INHIBITOR,GLUD1|SDHD,GLUD1,2,ion channel,ion channel,discovery compound,,11069.0,5.0,pIC50,Human,403.85,MicroSource,1500328,HEXACHLOROPHENE,98.49,2559,59,15,True,313,288,155,1,262,118,True,True,True,True,True,True,True,False,False,False,infectious disease,gram-positive bacterial infections
ibutilide,BRD-A74391928-051-02-1,ALOBUEHUHMBRLE-HXUWFJFHSA-N,21149973.0,CHEMBL2355456,CCCCCCCN(CC)CCC[C@@H](O)c1ccc(NS(C)(=O)=O)cc1 |&1:13|,Launched,4.0,potassium channel blocker,HERG blocker [BLOCKER],BLOCKER,CACNA1C|KCNH2,CACNA1C,2,ion channel,ion channel,discovery compound,,7200.0,7.6 - 8.0,pIC50,Human,384.245,Selleck,S2118,Ibutilide fumarate,96.32,1332,12,1,True,96,107,82,0,451,43,True,True,True,False,True,True,True,True,False,True,cardiology,atrial fibrillation (AF)
isocarboxazid,BRD-K93332168-001-11-5,XKFPYPQQHFEXRZ-UHFFFAOYSA-N,3759.0,CHEMBL1201168,Cc1cc(no1)C(=O)NNCc1ccccc1,Launched,4.0,monoamine oxidase inhibitor,Monoamine oxidase inhibitor [INHIBITOR],INHIBITOR,MAOA|MAOB,MAOA,2,metabolic,metabolic,discovery compound,,7204.0,,,,231.101,Sigma,MFCD00865409,N'-benzyl-5-methyl-3-isoxazolecarbohydrazide,74.82,1143,16,3,True,76,87,31,0,192,34,True,True,True,False,True,True,True,True,False,True,neurology/psychiatry,depression
lomerizine,BRD-K62858456-001-01-8,JQSAYKKFZOSZGJ-UHFFFAOYSA-N,3949.0,CHEMBL1404407,COc1ccc(CN2CCN(CC2)C(c2ccc(F)cc2)c2ccc(F)cc2)c(OC)c1OC,Launched,,calcium channel blocker,,,CACNA1B|SCN5A,CACNA1B,2,ion channel,ion channel,discovery compound,,,,,,468.222,MicroSource,1502303,LOMERIZINE HYDROCHLORIDE,97.88,416,5,2,True,84,108,37,2,161,8,True,True,True,True,True,True,True,True,False,True,neurology/psychiatry,migraine headache
manidipine,BRD-K01825587-300-02-9,ANEBWFXPVPTEET-JGCGQSQUSA-N,13632719.0,CHEMBL1085699,"COC(=O)C1=C(C)NC(C)=C([C@@H]1c1cccc(c1)[N+]([O-])=O)C(=O)OCCN1CCN(CC1)C(c1ccccc1)c1ccccc1 |r,c:4,9|",Launched,3.0,calcium channel blocker,Voltage-gated L-type calcium channel blocker [BLOCKER],BLOCKER,CACNA1C|CACNA1D,CACNA1C,2,ion channel,ion channel,discovery compound,,11739.0,,,,682.232,Selleck,S2482,Manidipine 2HCl,92.09,945,8,2,True,185,135,81,2,376,9,True,True,True,True,True,True,True,True,False,True,cardiology,hypertension
methyclothiazide,BRD-A95340155-001-09-7,CESYKOGBSMNBPD-VIFPVBQESA-N,12309469.0,CHEMBL1577,"CN1[C@@H](CCl)Nc2cc(Cl)c(cc2S1(=O)=O)S(N)(=O)=O |&1:2,r|",Launched,4.0,chloride reabsorption inhibitor,Thiazide-sensitive sodium-chloride cotransporter inhibitor [INHIBITOR],INHIBITOR,SLC12A1|SLC12A3,SLC12A1,2,transporter,transporter,discovery compound,,7235.0,,,,358.957,Selleck,S4057,Methyclothiazide,97.93,301,4,1,True,15,16,14,2,94,6,True,True,True,True,True,True,True,True,False,True,cardiology,hypertension|edema
milnacipran,BRD-K00004287-003-01-9,GJJFMKBJSRMPLA-DZGCQCFKSA-N,6917779.0,CHEMBL4297064,CCN(CC)C(=O)[C@]1(C[C@H]1CN)c1ccccc1 |r|,Launched,4.0,serotoninânorepinephrine reuptake inhibitor (SNRI),Serotonin transporter inhibitor [INHIBITOR]; Norepinephrine transporter inhibitor [INHIBITOR],INHIBITOR,SLC6A2|SLC6A4,SLC6A2,2,transporter,transporter,discovery compound,,7436.0,9.1,pIC50,Human,246.173,Tocris,3286,Milnacipran hydrochloride,96.28,2834,45,12,True,192,170,75,3,481,50,True,True,True,True,True,True,True,True,False,True,rheumatology,fibromyalgia
moclobemide,BRD-K07237224-001-19-6,YHXISWVBGDMDLQ-UHFFFAOYSA-N,4235.0,CHEMBL86304,Clc1ccc(cc1)C(=O)NCCN1CCOCC1,Launched,4.0,monoamine oxidase inhibitor,Monoamine oxidase A inhibitor [INHIBITOR],INHIBITOR,MAOA|MAOB,MAOA,2,metabolic,metabolic,discovery compound,,7428.0,8.3,pKi,Human,268.098,Selleck,S3212,Moclobemide (Ro 111163),94.41,2859,24,3,True,246,272,86,0,488,68,True,True,True,False,True,True,True,True,False,True,neurology/psychiatry,depression|anxiety
mycophenolate-mofetil,BRD-K92428153-001-04-4,RTGDFNSFWBGLEC-SYZQJQIISA-N,5281078.0,CHEMBL1456,COc1c(C)c2COC(=O)c2c(O)c1C\C=C(/C)CCC(=O)OCCN1CCOCC1,Launched,4.0,dehydrogenase inhibitor|inositol monophosphatase inhibitor,Inosine-5'-monophosphate dehydrogenase (IMPDH) inhibitor [INHIBITOR],INHIBITOR,IMPDH1|IMPDH2,IMPDH1,2,phosphatase; metabolic,phosphatase,discovery compound,,,,,,433.21,Selleck,S1501,Mycophenolate Mofetil,95.21,58182,1049,135,True,12953,8966,5212,15,19595,1273,True,True,True,True,True,True,True,True,False,True,transplant,organ rejection
mycophenolic-acid,BRD-K63750851-001-20-7,HPNSFSBZBAHARI-RUDMXATFSA-N,446541.0,CHEMBL866,COc1c(C)c2COC(=O)c2c(O)c1C\C=C(/C)CCC(O)=O,Launched,4.0,dehydrogenase inhibitor|inositol monophosphatase inhibitor,Inosine-5'-monophosphate dehydrogenase (IMPDH) inhibitor [INHIBITOR],INHIBITOR,IMPDH1|IMPDH2,IMPDH1,2,phosphatase; metabolic,phosphatase,discovery compound,,,,,,320.126,MicroSource,1500674,MYCOPHENOLIC ACID,98.39,21464,232,66,True,4891,3125,1212,7,3910,514,True,True,True,True,True,True,True,True,False,True,transplant,organ rejection
nilotinib,BRD-K81528515-001-15-9,HHZIURLSWUIHRB-UHFFFAOYSA-N,644241.0,CHEMBL255863,Cc1cn(cn1)-c1cc(NC(=O)c2ccc(C)c(Nc3nccc(n3)-c3cccnc3)c2)cc(c1)C(F)(F)F,Launched,4.0,Abl kinase inhibitor|Bcr-Abl kinase inhibitor,,,ABL1|KIT,ABL1,2,kinase,kinase,discovery compound,,5697.0,7.8,pIC50,Human,529.184,MedChemEx,HY-10159,Nilotinib,98.83,14478,359,37,True,7366,6169,1955,6,5279,250,True,True,True,True,True,True,True,True,False,False,hematologic malignancy,chronic myeloid leukemia (CML)
nilvadipine,BRD-A84687895-001-05-9,FAIIFDPAEUKBEP-INIZCTEOSA-N,10340038.0,CHEMBL517427,"COC(=O)C1=C(NC(C)=C([C@@H]1c1cccc(c1)[N+]([O-])=O)C(=O)OC(C)C)C#N |&1:10,r,c:8,t:4|",Launched,3.0,calcium channel blocker,Voltage-gated L-type calcium channel blocker [BLOCKER],BLOCKER,CACNA1C|CACNA1D,CACNA1C,2,ion channel,ion channel,discovery compound,,10160.0,,,,385.127,MedChemEx,HY-14284,Nilvadipine,91.35,809,8,4,True,105,218,61,1,330,16,True,True,True,True,True,True,True,True,False,True,cardiology,hypertension|cerebral artery occlusion
nimodipine,BRD-A58048407-001-18-8,UIAGMCDKSXEBJQ-LJQANCHMSA-N,157132.0,CHEMBL1428,"COCCOC(=O)C1=C(C)NC(C)=C([C@@H]1c1cccc(c1)[N+]([O-])=O)C(=O)OC(C)C |r,c:7,12|",Launched,4.0,calcium channel blocker,Mineralocorticoid receptor antagonist [ANTAGONIST]; Voltage-gated L-type calcium channel blocker [BLOCKER],ANTAGONIST; BLOCKER,CFTR|NR3C2,CFTR,2,ion channel,ion channel,discovery compound,,2523.0,6.8,pIC50,Rat,418.174,Tocris,600,Nimodipine,93.03,12571,206,110,True,1651,2703,969,6,5898,157,True,True,True,True,True,True,True,True,False,True,hematology,hemorrhage
olmutinib,BRD-K60421517-001-02-2,FDMQDKQUTRLUBU-UHFFFAOYSA-N,54758501.0,CHEMBL3786343,CN1CCN(CC1)c1ccc(Nc2nc(Oc3cccc(NC(=O)C=C)c3)c3sccc3n2)cc1,Launched,4.0,Bruton's tyrosine kinase (BTK) inhibitor|EGFR inhibitor,Epidermal growth factor receptor erbB1 inhibitor [INHIBITOR],INHIBITOR,BTK|EGFR,BTK,2,kinase,kinase,discovery compound,,9196.0,6.0 - 7.0,pIC50,Human,486.184,MedChemEx,HY-19730,Olmutinib,91.76,396,10,0,True,257,228,48,0,155,4,True,True,True,False,True,True,True,True,False,True,oncology,non-small cell lung cancer (NSCLC)
palbociclib,BRD-K51313569-003-03-3,AHJRHEGDXFFMBM-UHFFFAOYSA-N,5330286.0,CHEMBL2364621,CC(=O)c1c(C)c2cnc(Nc3ccc(cn3)N3CCNCC3)nc2n(C2CCCC2)c1=O,Launched,2.0,CDK inhibitor,,,CDK4|CDK6,CDK4,2,kinase,kinase,discovery compound,,7380.0,8.0,pIC50,Human,447.238,Selleck,S1116,Palbociclib (PD-0332991) HCl,94.04,15900,322,26,True,10960,8012,2316,16,4929,113,True,True,True,True,True,True,True,True,False,True,oncology,breast cancer
pargyline,BRD-K83597974-003-22-2,DPWPWRLQFGFJFI-UHFFFAOYSA-N,4688.0,CHEMBL673,CN(CC#C)Cc1ccccc1,Launched,4.0,monoamine oxidase inhibitor,,,MAOA|MAOB,MAOA,2,metabolic,metabolic,discovery compound,,7262.0,5.7,pIC50,Rat,159.105,MicroSource,1500462,PARGYLINE HYDROCHLORIDE,99.36,6285,99,49,True,652,725,328,3,795,39,True,True,True,True,True,True,True,True,False,True,cardiology,hypertension
pinacidil,BRD-A43882281-001-15-5,IVVNZDGDKPTYHK-SNVBAGLBSA-N,12428581.0,CHEMBL1200338,"C[C@@H](NC(Nc1ccncc1)=NC#N)C(C)(C)C |&1:1,r|",Launched,4.0,ATP channel activator|potassium channel activator,"Sulfonylurea receptor 2, Kir6.2 opener [OPENER]",OPENER,ABCC8|ABCC9,ABCC8,2,ion channel; transporter,ion channel,discovery compound,,2412.0,,,,245.164,MicroSource,2300270,,98.87,2902,96,41,True,433,476,337,2,1451,24,True,True,True,True,True,True,True,True,False,True,cardiology,hypertension
pirfenidone,BRD-K96862998-001-15-5,ISWRGOKTTBVCFA-UHFFFAOYSA-N,40632.0,CHEMBL1256391,Cc1ccc(=O)n(c1)-c1ccccc1,Launched,4.0,TGF beta receptor inhibitor,Unknown [None],,FURIN|TNF,FURIN,2,growth factor / cytokine,growth factor / cytokine,discovery compound,,7532.0,,,,185.084,Tocris,1093,Pirfenidone,97.6,10487,493,41,True,5369,4073,6061,14,4809,74,True,True,True,True,True,True,True,False,False,False,pulmonary,idiopathic pulmonary fibrosis (IPF)
pravastatin,BRD-K60511616-236-08-9,TUZYXOIXSAXUGO-PZAWKZKUSA-N,54687.0,CHEMBL1144,"CC[C@H](C)C(=O)O[C@H]1C[C@H](O)C=C2C=C[C@H](C)[C@H](CC[C@@H](O)C[C@@H](O)CC(O)=O)[C@@H]12 |c:13,t:11|",Launched,4.0,HMGCR inhibitor,,,HMGCR|SLCO1B1,HMGCR,2,metabolic,metabolic,discovery compound,,2953.0,8.2,pIC50,Rat,424.246,Selleck,S3036,Pravastatin sodium,95.56,18666,381,67,True,3755,3665,2095,10,9191,445,True,True,True,True,True,True,True,True,False,True,endocrinology|cardiology,hypercholesterolemia|myocardial infarction|hyperlipidemia
propylthiouracil,BRD-K48168960-001-19-2,KNAHARQHSZJURB-UHFFFAOYSA-N,657298.0,CHEMBL1518,CCCc1cc(=O)[nH]c(=S)[nH]1,Launched,4.0,thyroid peroxidase inhibitor,Thyroid peroxidase inhibitor [INHIBITOR]; Type I iodothyronine deiodinase (Type-I 5'-deiodinase) (DIOI) (Type 1 DI) (5DI) inhibitor [INHIBITOR],INHIBITOR,DIO1|TPO,DIO1,2,metabolic,metabolic,discovery compound,,6650.0,5.7,pEC50,Human,170.051,MicroSource,1500515,PROPYLTHIOURACIL,97.48,11578,279,69,True,1560,1216,739,12,2462,404,True,True,True,True,True,True,True,False,False,False,endocrinology,hyperthyroidism|Grave's disease|goiter
protriptyline,BRD-K42098891-003-21-9,BWPIARFWQZKAIA-UHFFFAOYSA-N,4976.0,CHEMBL1200332,CNCCCC1c2ccccc2C=Cc2ccccc12 |c:13|,Launched,4.0,tricyclic antidepressant,Serotonin transporter inhibitor [INHIBITOR]; Norepinephrine transporter inhibitor [INHIBITOR],INHIBITOR,SLC6A2|SLC6A4,SLC6A2,2,transporter,transporter,discovery compound,,7285.0,8.8,pIC50,Human,263.167,MedChemEx,HY-B0949,Protriptyline (hydrochloride),98.39,1470,23,3,True,105,110,46,0,313,45,True,True,True,False,True,True,True,True,False,True,neurology/psychiatry,depression
proxymetacaine,BRD-K79116891-003-15-1,KCLANYCVBBTKTO-UHFFFAOYSA-N,4935.0,CHEMBL1196,CCCOc1ccc(cc1N)C(=O)OCCN(CC)CC,Launched,4.0,sodium channel blocker,,,SCN10A|SCN5A,SCN10A,2,ion channel,ion channel,discovery compound,,7283.0,,,,294.194,MicroSource,1505688,PROPARACAINE HYDROCHLORIDE,97.7,865,12,5,True,113,119,130,0,203,6,True,True,True,False,True,True,True,True,False,True,neurology/psychiatry,anesthetic
pyrimethamine,BRD-K88429204-001-35-1,WKSAUQYGYAYLPV-UHFFFAOYSA-N,4993.0,CHEMBL36,CCc1nc(N)nc(N)c1-c1ccc(Cl)cc1,Launched,4.0,dihydrofolate reductase inhibitor,Dihydrofolate reductase inhibitor [INHIBITOR],INHIBITOR,DHFR|SLC47A1,DHFR,2,transporter; metabolic,transporter,discovery compound,,4800.0,5.2,pIC50,Plasmodium falciparum 7G8,248.083,MicroSource,1500520,PYRIMETHAMINE,99.69,20373,178,28,True,3353,1841,639,2,1841,662,True,True,True,True,True,True,True,True,False,True,infectious disease,malaria
ranolazine,BRD-K01825102-300-03-9,XKLMZUWKNUAPSZ-FQEVSTJZSA-N,13560750.0,CHEMBL1404,COc1ccccc1OC[C@@H](O)CN1CCN(CC(=O)Nc2c(C)cccc2C)CC1 |&1:10|,Launched,4.0,sodium channel blocker,Sodium channel protein type V alpha subunit blocker [BLOCKER]; Sodium channel protein type IV alpha subunit blocker [BLOCKER],BLOCKER,SCN10A|SCN9A,SCN10A,2,ion channel,ion channel,discovery compound,,7291.0,,,,499.2,Selleck,S1425,Ranolazine 2HCl,98.05,4644,63,12,True,825,991,670,2,1945,70,True,True,True,True,True,True,True,True,False,True,cardiology,chronic stable angina
rasagiline,BRD-K58114536-066-02-7,RUOKEQAAGRXIBM-GFCCVEGCSA-N,3052776.0,CHEMBL887,C#CCN[C@@H]1CCc2ccccc12,Launched,4.0,monoamine oxidase inhibitor,,,BCL2|MAOB,BCL2,2,metabolic,metabolic,discovery compound,,6641.0,7.8,pIC50,Human,171.105,Selleck,S2102,Rasagiline mesylate,98.6,3846,47,9,True,531,1088,180,0,971,51,True,True,True,False,True,True,True,True,False,False,neurology/psychiatry,Parkinson's Disease
reserpine,BRD-K95921201-001-14-6,QEVHRUUCFGRFIF-MDEJGZGSSA-N,5770.0,CHEMBL772,CO[C@H]1[C@@H](C[C@@H]2CN3CCc4c([nH]c5cc(OC)ccc45)[C@H]3C[C@@H]2[C@@H]1C(=O)OC)OC(=O)c1cc(OC)c(OC)c(OC)c1,Launched,4.0,vesicular monoamine transporter inhibitor,Synaptic vesicular amine transporter inhibitor [INHIBITOR],INHIBITOR,SLC18A1|SLC18A2,SLC18A1,2,transporter,transporter,discovery compound,,4823.0,7.4,pKi,Human,608.273,MicroSource,1500526,RESERPINE,88.29,28799,374,134,True,2190,2143,1177,9,4421,329,True,True,True,True,True,True,True,True,False,False,cardiology,hypertension
ribociclib,BRD-K36788280-001-04-6,RHXHGRAEPCAFML-UHFFFAOYSA-N,44631912.0,CHEMBL3545110,CN(C)C(=O)c1cc2cnc(Nc3ccc(cn3)N3CCNCC3)nc2n1C1CCCC1,Launched,4.0,CDK inhibitor,Cyclin-dependent kinase 4 inhibitor [INHIBITOR]; Cyclin-dependent kinase 6 inhibitor [INHIBITOR],INHIBITOR,CDK4|CDK6,CDK4,2,kinase,kinase,discovery compound,,7383.0,8.0,pIC50,Human,434.254,MedChemEx,HY-15777,LEE011,93.42,6669,109,7,True,4573,3229,790,6,2063,70,True,True,True,True,True,True,True,True,False,True,oncology,breast cancer
ripasudil,BRD-K53814070-310-01-3,QSKQVZWVLOIIEV-NSHDSACASA-N,9863672.0,CHEMBL3426621,C[C@H]1CNCCCN1S(=O)(=O)c1cccc2cncc(F)c12,Launched,3.0,rho associated kinase inhibitor,Rho-associated protein kinase inhibitor [INHIBITOR],INHIBITOR,ROCK1|ROCK2,ROCK1,2,kinase; mechanotransduction,kinase,discovery compound,,10423.0,5.7,pIC50,Human,323.11,MedChemEx,HY-15685,K-115,98.73,719,19,20,True,326,330,297,2,313,2,True,True,True,True,True,True,True,True,False,False,ophthalmology,glaucoma|ocular hypertension
selegiline,BRD-K86434416-003-16-9,MEZLKOACVSPNER-GFCCVEGCSA-N,26757.0,CHEMBL1200904,C[C@H](Cc1ccccc1)N(C)CC#C,Launched,4.0,monoamine oxidase inhibitor,Monoamine oxidase B inhibitor [INHIBITOR],INHIBITOR,MAOA|MAOB,MAOA,2,metabolic,metabolic,discovery compound,,6639.0,5.7 - 6.0,pKi,Human,187.136,MedChemEx,HY-14199,R-(-)-Deprenyl (hydrochloride),87.55,7783,90,22,True,808,1565,346,0,1746,103,True,True,True,False,True,True,True,True,False,True,neurology/psychiatry,Parkinson's Disease
sertraline,BRD-K82036761-003-21-9,VGKDLMBJGBXTGI-SJCJKPOMSA-N,68617.0,CHEMBL809,CN[C@H]1CC[C@@H](c2ccc(Cl)c(Cl)c2)c2ccccc12,Launched,4.0,selective serotonin reuptake inhibitor (SSRI),,,SLC6A3|SLC6A4,SLC6A3,2,transporter,transporter,discovery compound,,4798.0,9.1,pKi,Human,305.074,Tocris,2395,Sertraline hydrochloride,98.35,29147,287,44,True,2706,2821,1019,6,5619,773,True,True,True,True,True,True,True,True,False,False,neurology/psychiatry|obstetrics/gynecology,depression|obsessive compulsive disorder (OCD)|panic disorders|posttraumatic stress disorder|premenstrual syndrome|social anxiety disorder
simvastatin,BRD-K22134346-001-28-0,RYMZZMVNJRMUDD-HGQWONQESA-N,54454.0,CHEMBL1201391,"CCC(C)(C)C(=O)O[C@H]1C[C@@H](C)C=C2C=C[C@H](C)[C@H](CC[C@@H]3C[C@@H](O)CC(=O)O3)[C@@H]12 |c:14,t:12|",Launched,2.0,HMGCR inhibitor,,,HMGCR|ITGB2,HMGCR,2,metabolic,metabolic,discovery compound,,2955.0,8.6,pIC50,Rat,418.272,Tocris,1965,Simvastatin,91.31,44032,2127,215,True,12556,12223,7409,60,20960,720,True,True,True,True,True,True,True,True,False,True,endocrinology|cardiology|neurology/psychiatry,hypercholesterolemia|coronary heart disease|myocardial infarction|stroke|hyperlipidemia
sirolimus,BRD-K84937637-001-13-1,QFJCIRLUMZQUOT-MHOZHFGWSA-N,134812764.0,CHEMBL263427,"CO[C@@H]1C[C@H](C[C@@H](C)[C@@H]2CC(=O)[C@H](C)\C=C(C)\[C@@H](O)[C@@H](OC)C(=O)[C@H](C)C[C@H](C)\C=C\C=C\C=C(C)\[C@H](C[C@@H]3CC[C@@H](C)[C@@](O)(O3)C(=O)C(=O)N3CCCC[C@H]3C(=O)O2)OC)CC[C@H]1O |c:14,33,t:29,31|",Launched,,mTOR inhibitor,,,FKBP1A|MTOR,FKBP1A,2,kinase,kinase,discovery compound,,6031.0,9.7,pKi,Human,913.555,MedChemEx,HY-10219,Rapamycin,95.67,94604,1857,269,True,26194,17517,8468,60,30107,1173,True,True,True,True,True,True,True,True,True,True,transplant|pulmonary,organ rejection|lymphangioleiomyomatosis
tetrabenazine,BRD-K95739795-001-04-5,MKJIEFSOBYUXJB-HOCLYGCPSA-N,11634155.0,CHEMBL117785,COc1cc2CCN3C[C@H](CC(C)C)C(=O)C[C@H]3c2cc1OC,Launched,4.0,vesicular monoamine transporter inhibitor,Synaptic vesicular amine transporter inhibitor [INHIBITOR],INHIBITOR,SLC18A1|SLC18A2,SLC18A1,2,transporter,transporter,discovery compound,,4834.0,7.0,pKi,Human,317.199,Tocris,2175,Tetrabenazine,93.02,4668,40,9,True,396,556,161,1,837,69,True,True,True,True,True,True,True,True,False,True,infectious disease|neurology/psychiatry,cholera|Huntington's disease
toloxatone,BRD-A67182178-001-01-7,MXUNKHLAEDCYJL-JTQLQIEISA-N,13753599.0,CHEMBL18116,"Cc1cccc(c1)N1C[C@@H](CO)OC1=O |&1:9,r|",Launched,4.0,monoamine oxidase inhibitor,Monoamine oxidase A inhibitor [INHIBITOR],INHIBITOR,MAOA|MAOB,MAOA,2,metabolic,metabolic,discovery compound,,,,,,207.09,Sigma,MFCD00865391,"5-(hydroxymethyl)-3-(3-methylphenyl)-1,3-oxazolidin-2-one",99.02,268,5,0,True,29,38,8,0,36,5,True,True,True,False,True,True,True,True,False,True,neurology/psychiatry,depression
tolperisone,BRD-A27732521-003-08-3,FSKFPVLPFLJRQB-AWEZNQCLSA-N,688589.0,CHEMBL1076211,C[C@@H](CN1CCCCC1)C(=O)c1ccc(C)cc1 |r|,Launched,3.0,voltage-gated sodium channel blocker,,,CYP2C19|CYP2D6,CYP2C19,2,ion channel,ion channel,discovery compound,,,,,,245.178,MicroSource,1501194,TOLPERISONE HYDROCHLORIDE,97.96,482,10,0,True,39,38,19,0,90,3,True,True,True,False,True,True,True,True,False,False,neurology/psychiatry|infectious disease|rheumatology|cardiology,muscle relaxant|multiple sclerosis|encephalomyelitis|ankylosing spondylitis|atherosclerosis|Raynaud's disease
trametinib,BRD-K12343256-001-14-7,LIRYPHYGHXZJBZ-UHFFFAOYSA-N,11707110.0,CHEMBL2103875,CC(=O)Nc1cccc(c1)-n1c2c(C)c(=O)n(C)c(Nc3ccc(I)cc3F)c2c(=O)n(C2CC2)c1=O,Launched,4.0,MEK inhibitor,Dual specificity mitogen-activated protein kinase kinase; MEK1/2 inhibitor [INHIBITOR],INHIBITOR,MAP2K1|MAP2K2,MAP2K1,2,kinase,kinase,discovery compound,,6495.0,9.0 - 9.1,pIC50,Human,615.078,MedChemEx,HY-10999,trametinib,94.67,21278,466,51,True,13437,11190,3613,18,7772,172,True,True,True,True,True,True,True,True,False,True,oncology,melanoma
vemurafenib,BRD-K56343971-001-12-2,GPXBXXGIAQBQNI-UHFFFAOYSA-N,42611257.0,CHEMBL1229517,CCCS(=O)(=O)Nc1ccc(F)c(C(=O)c2c[nH]c3ncc(cc23)-c2ccc(Cl)cc2)c1F,Launched,4.0,RAF inhibitor,Serine/threonine-protein kinase B-raf inhibitor [INHIBITOR],INHIBITOR,BRAF|RAF1,BRAF,2,kinase,kinase,discovery compound,,5893.0,6.4 - 7.3,pIC50,Human,489.073,MedChemEx,HY-12057,vemurafinib,98.74,16642,347,32,True,10245,8588,2545,5,5867,159,True,True,True,True,True,True,True,True,False,True,oncology,melanoma
vigabatrin,BRD-K01825700-001-02-9,PJDFLNIOAUIZSL-RXMQYKEDSA-N,40466946.0,CHEMBL89598,N[C@@H](CCC(O)=O)C=C |&1:1|,Launched,4.0,GABA aminotransferase inhibitor,Gamma-amino-N-butyrate transaminase inhibitor [INHIBITOR],INHIBITOR,ABAT|SLC32A1,ABAT,2,transporter,transporter,discovery compound,,4821.0,3.1,pKi,Human,129.079,Tocris,808,Vigabatrin,0.0,7004,108,15,True,770,741,295,2,1274,430,True,True,True,True,True,True,True,True,False,False,neurology/psychiatry,seizures|spasms
vinpocetine,BRD-K53318339-001-24-9,DDNCQMVWWZOMLN-IRLDBZIGSA-N,443955.0,CHEMBL71752,CCOC(=O)C1=C[C@]2(CC)CCCN3CCc4c([C@H]23)n1c1ccccc41 |t:5|,Launched,4.0,phosphodiesterase inhibitor|sodium channel blocker,,,PDE1A|PDE1C,PDE1A,2,ion channel,ion channel,discovery compound,,5285.0,5.1,pIC50,Human,350.199,MicroSource,1503115,VINPOCETINE,98.68,1872,57,13,True,453,540,235,0,713,31,True,True,True,False,True,True,True,True,False,True,neurology/psychiatry,stroke|senile dementia
5-hydroxytryptophan,BRD-A73930134-001-03-0,LDCYZAJDBXYCGN-VIFPVBQESA-N,6971044.0,CHEMBL350221,"N[C@@H](Cc1c[nH]c2ccc(O)cc12)C(O)=O |&1:1,r|",Launched,3.0,neurotransmitter,,,SLC36A1|SLC36A2,SLC36A1,2,transporter,transporter,discovery compound,,4671.0,3.0,pKi,Human,220.085,Selleck,S2374,5-hydroxytryptophan (5-HTP),97.09,11126,194,62,True,1642,1499,636,7,1714,111,True,True,True,True,True,True,True,False,False,False,neurology/psychiatry,insomnia
atorvastatin,BRD-K69726342-238-03-2,XUKUURHRXDUEBC-KAYWLYCHSA-N,60823.0,CHEMBL1487,CC(C)c1c(C(=O)Nc2ccccc2)c(c(-c2ccc(F)cc2)n1CC[C@@H](O)C[C@@H](O)CC(O)=O)-c1ccccc1,Launched,4.0,HMGCR inhibitor,,,AHR|DPP4|HMGCR,AHR,3,metabolic,metabolic,discovery compound,,2949.0,8.9,pIC50,Rat,558.253,Tocris,3776,Atorvastatin hemicalcium salt,98.24,48968,1327,179,True,10750,10904,6505,30,25228,632,True,True,True,True,True,True,True,True,False,False,neurology/psychiatry|cardiology,stroke|heart attack
azathioprine,BRD-K32821942-001-20-5,LMEKQMALGUDUQG-UHFFFAOYSA-N,2265.0,CHEMBL1542,Cn1cnc(c1Sc1ncnc2nc[nH]c12)[N+]([O-])=O,Launched,4.0,dehydrogenase inhibitor,Amidophosphoribosyltransferase inhibitor [INHIBITOR]; DNA inhibitor [INHIBITOR],INHIBITOR,HPRT1|IMPDH1|PPAT,HPRT1,3,metabolic,metabolic,discovery compound,,7120.0,,,,277.038,Selleck,S1721,Azathioprine,98.54,83201,1918,291,True,13929,9859,7248,16,24817,1966,True,True,True,True,True,True,True,False,False,False,transplant|rheumatology,renal homotransplantation|rheumatoid arthritis
cinchocaine,BRD-K99121711-001-21-9,PUFQVTATUTYEAL-UHFFFAOYSA-N,3025.0,CHEMBL1086,CCCCOc1cc(C(=O)NCCN(CC)CC)c2ccccc2n1,Launched,4.0,sodium channel blocker,,,CALM1|SCN10A|SCN5A,CALM1,3,ion channel,ion channel,discovery compound,,7159.0,,,,343.226,MedChemEx,HY-B0552,Dibucaine,97.32,370,11,4,True,24,13,16,1,72,7,True,True,True,True,True,True,True,True,False,True,neurology/psychiatry,local anesthetic
desvenlafaxine,BRD-K01825598-036-03-9,KYYIDSXMWOZKMP-HNNXBMFYSA-N,12018336.0,CHEMBL1201728,CN(C)C[C@@H](c1ccc(O)cc1)C1(O)CCCCC1 |&1:4|,Launched,4.0,serotoninânorepinephrine reuptake inhibitor (SNRI),Serotonin transporter inhibitor [INHIBITOR]; Norepinephrine transporter inhibitor [INHIBITOR],INHIBITOR,SLC6A2|SLC6A3|SLC6A4,SLC6A2,3,transporter,transporter,discovery compound,,7158.0,6.1,pKi,Human,381.215,MicroSource,1504280,DESVENLAFAXINE SUCCINATE,92.25,2616,27,5,True,191,207,85,0,539,74,True,True,True,False,True,True,True,True,False,True,neurology/psychiatry,depression
DIPT,BRD-K75385383-001-01-5,ZRVAAGAZUWXRIP-UHFFFAOYSA-N,26903.0,CHEMBL4303330,CC(C)N(CCc1c[nH]c2ccccc12)C(C)C,Launched,,dopamine reuptake inhibitor|serotonin reuptake inhibitor,,,HTR1A|HTR2A|HTR2C,HTR1A,3,transporter,transporter,discovery compound,,,,,,244.194,Cayman,11550,N-[2-(1H-indol-3-yl)ethyl]-N-isopropyl-2-propanamine,88.49,1193,31,12,True,152,179,50,0,138,12,True,True,True,False,True,True,True,True,False,False,,
ezetimibe,BRD-K42260897-001-07-6,OLNTVTPDXPETLC-XPWALMASSA-N,150311.0,CHEMBL1138,O[C@@H](CC[C@@H]1[C@H](N(C1=O)c1ccc(F)cc1)c1ccc(O)cc1)c1ccc(F)cc1,Launched,4.0,cholesterol inhibitor|Niemann-Pick C1-like 1 protein antagonist,Niemann-Pick C1-like protein 1 inhibitor [INHIBITOR],INHIBITOR,ANPEP|NPC1L1|SOAT1,ANPEP,3,metabolic,metabolic,discovery compound,,6816.0,6.7,pKd,Human,409.149,Selleck,S1655,Ezetimibe (Zetia),97.97,17627,282,49,True,2349,2389,1736,6,9327,217,True,True,True,True,True,True,True,True,False,False,endocrinology|metabolism,hyperlipidemia|hypercholesterolemia|sitosterolemia
flecainide,BRD-A09472452-015-26-7,DJBNUMBKLMJRSA-UHFFFAOYSA-N,46864232.0,CHEMBL1200822,FC(F)(F)COc1ccc(OCC(F)(F)F)c(c1)C(=O)NCC1CCCCN1,Launched,4.0,sodium channel blocker,Sodium channel protein type V alpha subunit blocker [BLOCKER],BLOCKER,KCNA5|KCNA7|SCN5A,KCNA5,3,ion channel,ion channel,discovery compound,,2560.0,3.7,pKd,Mouse,414.138,Tocris,1470,Flecainide acetate,96.6,9541,93,31,True,580,611,628,3,2974,176,True,True,True,True,True,True,True,True,False,True,cardiology,ventricular tachycardia (VT)|atrial fibrillation (AF)|ventricular arrhythmias
fluoxetine,BRD-A31159102-003-30-4,RTHCYVBBDHJXIQ-UHFFFAOYSA-N,657320.0,CHEMBL1201082,CNCCC(Oc1ccc(cc1)C(F)(F)F)c1ccccc1,Launched,4.0,selective serotonin reuptake inhibitor (SSRI),Serotonin transporter inhibitor [INHIBITOR],INHIBITOR,ANO1|HTR2B|SLC6A4,ANO1,3,transporter,transporter,discovery compound,,203.0,4.1 - 4.8,pIC50,Mouse,309.134,MicroSource,1504173,FLUOXETINE HYDROCHLORIDE,98.86,49857,625,117,True,6369,6343,2217,17,8716,1082,True,True,True,True,True,True,True,False,False,False,neurology/psychiatry,depression|obsessive compulsive disorder (OCD)|bulimia nervosa|panic disorders|bipolar disorder
glimepiride,BRD-K34776109-001-16-6,WIGIZIANZCJQQY-RUCARUNLSA-N,,CHEMBL1481,"CCC1=C(C)CN(C(=O)NCCc2ccc(cc2)S(=O)(=O)NC(=O)N[C@H]2CC[C@H](C)CC2)C1=O |r,c:2|",Launched,4.0,insulin secretagogue,"Sulfonylurea receptor 1, Kir6.2 blocker [BLOCKER]",BLOCKER,ABCC8|KCNJ1|KCNJ11,ABCC8,3,transporter,transporter,discovery compound,,6820.0,,,,490.225,MicroSource,1504915,GLIMEPIRIDE,96.93,8390,177,53,True,1268,1380,733,3,3423,109,True,True,True,True,True,True,True,True,False,True,endocrinology,diabetes mellitus
gliquidone,BRD-K80396088-001-13-9,LLJFMFZYVVLQKT-UHFFFAOYSA-N,91610.0,CHEMBL383634,COc1ccc2c(c1)C(=O)N(CCc1ccc(cc1)S(=O)(=O)NC(=O)NC1CCCCC1)C(=O)C2(C)C,Launched,2.0,sulfonylurea,,,ABCC8|KCNJ10|KCNJ8,ABCC8,3,transporter,transporter,discovery compound,,,,,,527.209,MedChemEx,HY-B1114,Gliquidone,98.3,543,10,3,True,95,105,49,1,177,4,True,True,True,True,True,True,True,True,False,True,endocrinology,diabetes mellitus
ibrutinib,BRD-K70301465-001-05-9,XYFPWWZEPKGCCK-GOSISDBHSA-N,24821094.0,CHEMBL1873475,Nc1ncnc2n(nc(-c3ccc(Oc4ccccc4)cc3)c12)[C@@H]1CCCN(C1)C(=O)C=C,Launched,4.0,Bruton's tyrosine kinase (BTK) inhibitor,Tyrosine-protein kinase BTK inhibitor [INHIBITOR],INHIBITOR,BLK|BMX|BTK,BLK,3,kinase,kinase,discovery compound,,6912.0,9.3,pIC50,Human,440.196,Selleck,S2680,Ibrutinib,99.58,18016,289,19,True,8420,7428,2159,4,4556,190,True,True,True,True,True,True,True,False,False,False,hematologic malignancy,chronic lymphocytic leukemia (CLL)|mantle cell lymphoma (MCL)|Waldenstrom's macroglobulinemia (WM)
indinavir,BRD-K33226500-001-01-0,CBVCZFGXHXORBI-PXQQMZJSSA-N,5362440.0,CHEMBL1735,CC(C)(C)NC(=O)[C@@H]1CN(Cc2cccnc2)CCN1C[C@@H](O)C[C@@H](Cc1ccccc1)C(=O)N[C@@H]1[C@H](O)Cc2ccccc12,Launched,4.0,HIV protease inhibitor,Human immunodeficiency virus type 1 protease inhibitor [INHIBITOR]; Human immunodeficiency virus type 1 protease inhibitor [INHIBITOR],INHIBITOR,CYP3A4|CYP3A5|CYP3A7,CYP3A4,3,protease,protease,discovery compound,,12684.0,,,,613.363,Enzo,AC2017,INDINAVIR,97.93,9246,106,23,True,1414,1377,487,1,1559,257,True,True,True,True,True,True,True,True,False,True,infectious disease,human immunodeficiency virus (HIV-1)
isradipine,BRD-A90799790-001-19-9,HMJIYCCIJYRONP-MRXNPFEDSA-N,13773524.0,CHEMBL1648,"COC(=O)C1=C(C)NC(C)=C([C@@H]1c1cccc2nonc12)C(=O)OC(C)C |r,c:4,9|",Launched,4.0,calcium channel blocker,Voltage-gated L-type calcium channel blocker [BLOCKER],BLOCKER,CACNA1D|CACNA1F|CACNA2D1,CACNA1D,3,ion channel,ion channel,discovery compound,,4488.0,8.8,pIC50,Human,371.148,MicroSource,2300234,ISRADIPINE,97.4,3452,43,27,True,379,508,238,2,1191,39,True,True,True,True,True,True,True,True,False,False,cardiology,hypertension
ivabradine,BRD-K33972682-003-02-9,ACRHBAYQBXXRTO-OAQYLSRUSA-N,132999.0,CHEMBL471737,COc1cc2C[C@H](CN(C)CCCN3CCc4cc(OC)c(OC)cc4CC3=O)c2cc1OC,Launched,4.0,HCN channel blocker|potassium channel blocker|sodium channel blocker,Potassium/sodium hyperpolarization-activated cyclic nucleotide-gated channel 4 blocker [BLOCKER],BLOCKER,HCN1|HCN3|HCN4,HCN1,3,ion channel,ion channel,discovery compound,,2357.0,6.0,pIC50,Mouse,468.262,MedChemEx,HY-B0162A,Ivabradine (hydrochloride),93.97,7066,76,20,True,647,864,706,2,2988,99,True,True,True,True,True,True,True,False,False,False,cardiology,angina pectoris
ketoprofen,BRD-A97739905-001-26-5,DKYWVDODHFEZIM-LLVKDONJSA-N,180540.0,CHEMBL571,"C[C@@H](C(O)=O)c1cccc(c1)C(=O)c1ccccc1 |&1:1,r|",Launched,4.0,cyclooxygenase inhibitor,Cyclooxygenase inhibitor [INHIBITOR],INHIBITOR,PTGS1|PTGS2|SLC5A8,PTGS1,3,transporter,transporter,discovery compound,,4795.0,3.9,pIC50,Human,254.094,MicroSource,1501215,KETOPROFEN,99.39,16233,1015,116,True,2466,2066,1886,22,3660,256,True,True,True,True,True,True,True,True,False,True,rheumatology,rheumatoid arthritis|osteoarthritis
larotrectinib,BRD-K36574127-001-01-3,NYNZQNWKBKUAII-KBXCAEBGSA-N,46188928.0,CHEMBL4856292,O[C@H]1CCN(C1)C(=O)Nc1cnn2ccc(nc12)N1CCC[C@@H]1c1cc(F)ccc1F,Launched,,tropomyosin receptor kinase inhibitor,,,NTRK1|NTRK2|NTRK3,NTRK1,3,kinase; mechanotransduction,kinase,discovery compound,,8909.0,8.0,pIC50,Human,428.177,MedChemEx,HY-12866,LOXO-101,96.21,3486,99,6,True,1833,1381,457,1,1378,22,True,True,True,True,True,True,True,False,False,False,,
leflunomide,BRD-K78692225-001-24-5,VHOGYURTWQBHIL-UHFFFAOYSA-N,3899.0,CHEMBL960,Cc1oncc1C(=O)Nc1ccc(cc1)C(F)(F)F,Launched,4.0,dihydroorotate dehydrogenase inhibitor|PDGFR tyrosine kinase receptor inhibitor,Dihydroorotate dehydrogenase inhibitor [INHIBITOR],INHIBITOR,AHR|DHODH|PTK2B,AHR,3,kinase; metabolic; growth factor / cytokine,kinase,discovery compound,,6825.0,4.9,pKi,Human,270.062,MicroSource,1503927,LEFLUNOMIDE,94.48,15402,1672,120,True,4186,3093,2156,12,5027,594,True,True,True,True,True,True,True,True,False,True,rheumatology,rheumatoid arthritis
levetiracetam,BRD-K49404994-001-10-9,HPHUVLMMVZITSG-LURJTMIESA-N,5284583.0,CHEMBL1286,CC[C@H](N1CCCC1=O)C(N)=O,Launched,4.0,calcium channel blocker,Synaptic vesicle glycoprotein 2A modulator [MODULATOR]; Voltage-gated N-type calcium channel alpha-1B subunit blocker [BLOCKER],BLOCKER; MODULATOR,CACNA1B|SCN1A|SV2A,CACNA1B,3,ion channel,ion channel,discovery compound,,6826.0,6.1,pIC50,Rat,170.106,MicroSource,1502265,LEVETIRACETAM,95.46,27393,350,54,True,2784,2762,989,9,8133,1165,True,True,True,True,True,True,True,True,False,True,neurology/psychiatry,seizures
lidoflazine,BRD-K62996583-001-10-3,ZBIAKUMOEKILTF-UHFFFAOYSA-N,3926.0,CHEMBL92870,Cc1cccc(C)c1NC(=O)CN1CCN(CCCC(c2ccc(F)cc2)c2ccc(F)cc2)CC1,Launched,2.0,calcium channel blocker,,,SCN1A|SCN3A|SLC29A1,SCN1A,3,ion channel; transporter,ion channel,discovery compound,,,,,,491.275,Prestwick,Prestw-381,Lidoflazine,97.89,576,9,1,True,36,51,42,2,194,11,True,True,True,True,True,True,True,False,False,False,cardiology,coronary artery disease (CAD)
lofepramine,BRD-K82147103-003-05-6,SAPNXPWPAUFAJU-UHFFFAOYSA-N,3947.0,CHEMBL87708,CN(CCCN1c2ccccc2CCc2ccccc12)CC(=O)c1ccc(Cl)cc1,Launched,4.0,norepinephrine reuptake inhibitor|serotoninânorepinephrine reuptake inhibitor (SNRI),,,HTR1A|SLC6A2|SLC6A4,HTR1A,3,transporter,transporter,discovery compound,,7551.0,8.3,pKi,Human,418.181,Key,KS-1301,"1-(4-chlorophenyl)-2-[[3-(10,11-dihydro-5H-dibenzo[b,f]azepin-5-yl)propyl](methyl)amino]ethanone hydrochloride",46.37,744,8,1,True,57,41,15,0,166,15,True,True,True,False,True,True,True,True,False,True,neurology/psychiatry,depression
methsuximide,BRD-A57592049-001-01-6,AJXPJJZHWIXJCJ-GFCCVEGCSA-N,25271978.0,CHEMBL697,"CN1C(=O)C[C@@](C)(C1=O)c1ccccc1 |&1:5,r|",Launched,4.0,T-type calcium channel blocker,Voltage-gated T-type calcium channel blocker [BLOCKER],BLOCKER,CACNA1G|CACNA1H|CACNA1I,CACNA1G,3,ion channel,ion channel,discovery compound,,,,,,203.095,MicroSource,1505443,METHSUXIMIDE,99.54,320,3,3,True,22,22,8,0,56,26,True,True,True,False,True,True,True,True,False,True,neurology/psychiatry,seizures
mexiletine,BRD-A64092382-003-18-3,VLPIATFUUWWMKC-SNVBAGLBSA-N,180621.0,CHEMBL558,C[C@@H](N)COc1c(C)cccc1C |&1:1|,Launched,4.0,sodium channel blocker,,,PLAU|SCN4A|SCN5A,PLAU,3,ion channel,ion channel,discovery compound,,2629.0,3.4,pIC50,Human,179.131,MicroSource,1503929,MEXILETINE HYDROCHLORIDE,98.76,5654,83,23,True,443,495,359,2,1260,74,True,True,True,True,True,True,True,False,False,False,cardiology,ventricular arrhythmias|ventricular tachycardia (VT)
mitiglinide,BRD-K52959329-238-01-9,WPGGHFDDFPHPOB-BBWFWOEESA-N,121891.0,CHEMBL471498,OC(=O)[C@H](CC(=O)N1C[C@H]2CCCC[C@H]2C1)Cc1ccccc1,Launched,3.0,insulin secretagogue,"Sulfonylurea receptor 1, Kir6.2 blocker [BLOCKER]",BLOCKER,ABCC8|KCNJ10|PPARG,ABCC8,3,transporter,transporter,discovery compound,,,,,,315.183,Selleck,S2073,Mitiglinide calcium,98.47,505,9,3,True,59,70,30,0,165,4,True,True,True,False,True,True,True,True,False,True,endocrinology,diabetes mellitus
nafcillin,BRD-K18574842-236-17-7,GPXLMGHLHQJAGZ-JTDSTZFVSA-N,8982.0,CHEMBL1568276,CCOc1ccc2ccccc2c1C(=O)N[C@H]1[C@H]2SC(C)(C)[C@@H](N2C1=O)C(O)=O,Launched,4.0,bacterial cell wall synthesis inhibitor,Penicillin-binding protein inhibitor [INHIBITOR],INHIBITOR,CYP1A2|CYP3A4|SLC22A6,CYP1A2,3,transporter,transporter,discovery compound,,10942.0,,,,414.125,MicroSource,1500420,NAFCILLIN SODIUM,96.54,4468,158,28,True,387,352,295,0,958,59,True,True,True,False,True,True,True,True,False,False,infectious disease,gram-positive bacterial infections
nitrendipine,BRD-A02006392-001-16-4,PVHUJELLJLJGLN-INIZCTEOSA-N,157702.0,CHEMBL251230,"CCOC(=O)C1=C(C)NC(C)=C([C@@H]1c1cccc(c1)[N+]([O-])=O)C(=O)OC |r,c:5,10|",Launched,,calcium channel blocker,,,CACNA1D|CACNA2D1|KCNN4,CACNA1D,3,ion channel,ion channel,discovery compound,,2334.0,6.0,pIC50,Rat,360.132,Tocris,601,Nitrendipine,97.81,5681,83,34,True,518,491,390,3,1917,50,True,True,True,True,True,True,True,True,False,True,cardiology,hypertension
peficitinib,BRD-A14577621-001-01-5,DREIJXJRTLTGJC-ZKVNVPQCSA-N,,CHEMBL3137308,"NC(=O)c1cnc2[nH]ccc2c1N[C@H]1[C@H]2C[C@H]3C[C@@H]1C[C@](O)(C3)C2 |&1:13,14,16,18,20,r|",Launched,4.0,JAK inhibitor,Janus Kinase (JAK) inhibitor [INHIBITOR],INHIBITOR,JAK1|JAK2|JAK3,JAK1,3,kinase,kinase,discovery compound,,8315.0,8.4,pIC50,Human,326.174,Selleck,S7650,,98.78,655,108,5,True,327,252,146,1,274,31,True,True,True,True,True,True,True,True,False,True,rheumatology,rheumatoid arthritis
pexidartinib,BRD-K54519451-001-02-9,JGWRKYUXBBNENE-UHFFFAOYSA-N,25151352.0,CHEMBL3989973,FC(F)(F)c1ccc(CNc2ccc(Cc3c[nH]c4ncc(Cl)cc34)cn2)cn1,Launched,4.0,tyrosine kinase inhibitor,Macrophage colony stimulating factor receptor inhibitor [INHIBITOR]; Tyrosine-protein kinase receptor FLT3 inhibitor [INHIBITOR]; Stem cell growth factor receptor inhibitor [INHIBITOR],INHIBITOR,CSF1R|FLT3|KIT,CSF1R,3,kinase,kinase,discovery compound,,8710.0,7.6,pIC50,Human,417.097,MedChemEx,HY-16749,Pexidartinib,94.9,1609,100,5,True,1140,949,609,1,908,20,True,True,True,True,True,True,True,True,False,False,,
PF-06463922,BRD-A23124853-001-01-4,IIXWYSCJSQVBQM-UHFFFAOYSA-N,78162481.0,CHEMBL5712062,"C[C@H]1Oc2cc(cnc2N)-c2c(CN(C)C(=O)c3ccc(F)cc13)nn(C)c2C#N |&1:1,r|",Launched,,ALK tyrosine kinase receptor inhibitor,,,ALK|FES|ROS1,ALK,3,kinase,kinase,discovery compound,,7476.0,11.3,pKi,Human,406.155,Selleck,S7536,PF-06463922,98.98,225,3,0,True,127,103,26,0,69,1,True,True,True,False,True,True,True,True,False,True,oncology,non-small cell lung cancer (NSCLC)
phloretin,BRD-K15563106-001-18-0,VGEREEWJJVICBM-UHFFFAOYSA-N,4788.0,CHEMBL45068,Oc1ccc(CCC(=O)c2c(O)cc(O)cc2O)cc1,Launched,,sodium/glucose cotransporter inhibitor,,,AQP9|CLCN3|SLC23A1,AQP9,3,transporter,transporter,discovery compound,,4285.0,4.2,pKi,Human,274.084,Selleck,S2342,Phloretin,95.59,6877,229,38,True,1938,1965,920,4,1602,58,True,True,True,True,True,True,True,False,False,False,,
probucol,BRD-K72029282-001-22-0,FYPMFJGVHOHGLL-UHFFFAOYSA-N,4912.0,CHEMBL608,CC(C)(Sc1cc(c(O)c(c1)C(C)(C)C)C(C)(C)C)Sc1cc(c(O)c(c1)C(C)(C)C)C(C)(C)C,Launched,4.0,atherogenesis inhibitor,ATP-binding cassette sub-family A member 1 inhibitor [INHIBITOR],INHIBITOR,ABCA1|ABCB11|CES1,ABCA1,3,transporter,transporter,discovery compound,,7277.0,,,,516.31,Selleck,S2119,Probucol,93.74,4287,111,18,True,981,1013,658,3,1844,41,True,True,True,True,True,True,True,True,False,False,cardiology,coronary artery disease (CAD)
repaglinide,BRD-K82846253-001-15-4,FAEKWTJYAYMJKF-QHCPKHFHSA-N,65981.0,CHEMBL1272,CCOc1cc(CC(=O)N[C@@H](CC(C)C)c2ccccc2N2CCCCC2)ccc1C(O)=O,Launched,4.0,insulin secretagogue,"Sulfonylurea receptor 1, Kir6.2 blocker [BLOCKER]",BLOCKER,ABCC8|KCNJ11|PPARG,ABCC8,3,transporter,transporter,discovery compound,,6841.0,7.0,pIC50,Human,452.268,Tocris,3805,Repaglinide,99.06,5028,81,24,True,687,708,327,2,1665,81,True,True,True,True,True,True,True,True,False,True,endocrinology,diabetes mellitus
sulfinpyrazone,BRD-K00004525-001-01-9,MBGGBVCUIVRRBF-LJAQVGFWSA-N,25273605.0,CHEMBL832,"O=C1C(CC[S@](=O)c2ccccc2)C(=O)N(N1c1ccccc1)c1ccccc1 |&1:5,r|",Launched,4.0,uricosuric blocker,Solute carrier family 22 member 12 inhibitor [INHIBITOR],INHIBITOR,ABCC1|FPR1|SLC22A12,ABCC1,3,transporter,transporter,discovery compound,,5826.0,5.0,pIC50,Human,404.119,Sigma,MFCD00057279,"(+/-)-Sulfinpyrazone , min. 99 %",96.76,7209,115,40,True,719,616,460,3,993,66,True,True,True,True,True,True,True,True,False,True,rheumatology,gout
thiamine,BRD-K95785345-300-14-8,JZRWCGZRTZMZEH-UHFFFAOYSA-N,1130.0,CHEMBL1547,Cc1c(CCO)sc[n+]1Cc1cnc(C)nc1N,Launched,4.0,vitamin B,,,SLC19A2|SLC19A3|TPK1,SLC19A2,3,transporter,transporter,discovery compound,,4628.0,,,,265.112,Selleck,S3211,Thiamine HCl (Vitamin B1),96.41,72215,1130,201,True,12287,9165,4197,18,9171,672,True,True,True,True,True,True,True,False,False,False,metabolism,thiamine deficiency
tofacitinib,BRD-K31283835-048-03-6,UJLAWZDWDVHWOW-YPMHNXCESA-N,9926791.0,CHEMBL2103743,C[C@@H]1CCN(C[C@@H]1N(C)c1ncnc2[nH]ccc12)C(=O)CC#N,Launched,4.0,JAK inhibitor,Janus Kinase (JAK) inhibitor [INHIBITOR],INHIBITOR,JAK1|JAK2|JAK3,JAK1,3,kinase,kinase,discovery compound,,5677.0,8.2,pIC50,Human,312.17,Tocris,4556,CP 690550 citrate,98.2,55763,2851,233,True,12437,10149,6059,49,13360,979,True,True,True,True,True,True,True,True,False,True,rheumatology,rheumatoid arthritis
tranylcypromine,BRD-K00003699-065-01-9,AELCINSCMGFISI-BDAKNGLRSA-N,26070.0,CHEMBL1255743,"N[C@H]1C[C@@H]1c1ccccc1 |&1:1,3|",Launched,,monoamine oxidase inhibitor,,,KDM1A|MAOA|MAOB,KDM1A,3,metabolic,metabolic,discovery compound,,5281.0,4.7,pIC50,Human,133.089,MedChemEx,HY-B1496,Tranylcypromine (hemisulfate),77.31,6670,143,18,True,1407,1241,485,7,1259,131,True,True,True,True,True,True,True,True,False,False,neurology/psychiatry,depression
trichlormethiazide,BRD-A28940325-001-24-0,LMJSLTNSBFUCMU-QMMMGPOBSA-N,12444480.0,CHEMBL1054,"NS(=O)(=O)c1cc2c(N[C@@H](NS2(=O)=O)C(Cl)Cl)cc1Cl |&1:9,r|",Launched,4.0,chloride channel blocker,Thiazide-sensitive sodium-chloride cotransporter inhibitor [INHIBITOR],INHIBITOR,PTGS1|PTGS2|SLC12A1,PTGS1,3,ion channel; transporter,ion channel,discovery compound,,7314.0,,,,378.902,MicroSource,1500590,TRICHLORMETHIAZIDE,100.0,824,8,0,True,69,54,54,2,245,12,True,True,True,True,True,True,True,True,False,True,cardiology,hypertension|edema
trimipramine,BRD-K01825162-050-02-9,ZSCDBOWYZJWBIY-INIZCTEOSA-N,6604024.0,CHEMBL1200948,C[C@@H](CN(C)C)CN1c2ccccc2CCc2ccccc12 |&1:1|,Launched,4.0,norepinephrine reputake inhibitor|tricyclic antidepressant,Histamine H1 receptor antagonist [ANTAGONIST]; Dopamine D2 receptor antagonist [ANTAGONIST]; Serotonin 2a (5-HT2a) receptor antagonist [ANTAGONIST]; Serotonin 2c (5-HT2c) receptor antagonist [ANTAGONIST]; Norepinephrine transporter inhibitor [INHIBITOR]; Adrenergic receptor alpha-1 antagonist [ANTAGONIST],ANTAGONIST; INHIBITOR,SLC6A2|SLC6A3|SLC6A4,SLC6A2,3,transporter,transporter,discovery compound,,7317.0,5.6,pKi,Human,294.21,MedChemEx,HY-B1213,Trimipramine (maleate),95.57,2559,27,8,True,181,163,75,0,454,69,True,True,True,False,True,True,True,True,False,True,neurology/psychiatry,depression
acetohexamide,BRD-K52960356-001-15-5,VGZSUPCWNCWDAN-UHFFFAOYSA-N,1989.0,CHEMBL1589,CC(=O)c1ccc(cc1)S(=O)(=O)NC(=O)NC1CCCCC1,Launched,4.0,ATP channel blocker,"Sulfonylurea receptor 1, Kir6.2 blocker [BLOCKER]",BLOCKER,ABCC8|KCNJ1|KCNJ10|KCNJ11,ABCC8,4,ion channel; transporter,ion channel,discovery compound,,6793.0,,,,324.114,MedChemEx,HY-B0881,Acetohexamide,92.87,692,7,2,True,91,86,47,0,170,15,True,True,True,False,True,True,True,True,False,True,endocrinology,diabetes mellitus
alpelisib,BRD-K54997624-001-06-0,STUWGJZDJHPWGZ-LBPRGKRZSA-N,56649450.0,CHEMBL2396661,Cc1nc(NC(=O)N2CCC[C@H]2C(N)=O)sc1-c1ccnc(c1)C(C)(C)C(F)(F)F,Launched,4.0,PI3K inhibitor,PI3-kinase p110-alpha subunit inhibitor [INHIBITOR],INHIBITOR,PIK3CA|PIK3CB|PIK3CD|PIK3CG,PIK3CA,4,kinase,kinase,discovery compound,,7955.0,6.5,pIC50,Human,441.145,Selleck,S2814,BYL719,91.09,4871,102,19,True,3392,2585,811,6,1927,41,True,True,True,True,True,True,True,True,False,False,oncology,breast cancer
amoxicillin,BRD-K55044200-001-14-6,LSQZJLSUYDQPKJ-NJBDSQKTSA-N,40467057.0,CHEMBL2105950,CC1(C)S[C@@H]2[C@H](NC(=O)[C@H](N)c3ccc(O)cc3)C(=O)N2[C@H]1C(O)=O,Launched,-1.0,penicillin binding protein inhibitor,,,CYP2C19|SLC15A1|SLC15A2|SLC22A6,CYP2C19,4,transporter,transporter,discovery compound,,10895.0,,,,365.105,Selleck,S3015,Amoxicillin (Amoxycillin),96.19,110641,3106,397,True,11535,7473,6935,19,15228,1138,True,True,True,True,True,True,True,True,False,True,infectious disease|gastroenterology,skin infections|duodenal ulcer disease|gonorrhea|ear infections|throat infections|genitourinary tract infections|respiratory tract infections
amrinone,BRD-K45924332-001-16-8,RNLQIBCLLYYYFJ-UHFFFAOYSA-N,3698.0,CHEMBL12856,Nc1cc(c[nH]c1=O)-c1ccncc1,Launched,4.0,phosphodiesterase inhibitor,,,PDE3A|PDE3B|PDE4B|TNF,PDE3A,4,growth factor / cytokine,growth factor / cytokine,discovery compound,,7202.0,4.8,pIC50,Human,187.075,MicroSource,1503084,INAMRINONE,92.25,1779,33,10,True,174,179,140,5,664,16,True,True,True,True,True,True,True,False,False,False,cardiology,congestive heart failure
cefadroxil,BRD-K63242551-001-10-9,BOEGTKLJZSQCCD-UEKVPHQBSA-N,6560167.0,CHEMBL1644,CC1=C(N2[C@H](SC1)[C@H](NC(=O)[C@H](N)c1ccc(O)cc1)C2=O)C(O)=O |t:1|,Launched,4.0,bacterial cell wall synthesis inhibitor,Bacterial penicillin-binding protein inhibitor [INHIBITOR],INHIBITOR,SLC15A1|SLC15A2|SLC22A6|SLC22A8,SLC15A1,4,transporter,transporter,discovery compound,,4831.0,,,,363.089,MedChemEx,HY-B1190,Cefadroxil,70.0,2957,85,13,True,291,218,180,0,415,52,True,True,True,False,True,True,True,False,False,False,infectious disease|otolaryngology,urinary tract infections|skin infections|tonsillitis|pharyngitis
chlorothiazide,BRD-K88682005-001-17-9,JBMKAUGHUNFTOL-UHFFFAOYSA-N,2720.0,CHEMBL842,NS(=O)(=O)c1cc2c(cc1Cl)N=CNS2(=O)=O |c:12|,Launched,4.0,diuretic,Thiazide-sensitive sodium-chloride cotransporter inhibitor [INHIBITOR],INHIBITOR,CA1|CA2|CA4|SLC12A3,CA1,4,transporter,transporter,discovery compound,,4835.0,,,,294.949,MedChemEx,HY-B0224,Chlorothiazide,97.48,8676,138,26,True,565,464,336,4,2090,77,True,True,True,True,True,True,True,True,False,False,cardiology,hypertension
cleviprex,BRD-A01563671-001-03-9,KPBZROQVTHLCDU-SFHVURJKSA-N,22884799.0,CHEMBL1237132,"CCCC(=O)OCOC(=O)C1=C(C)NC(C)=C([C@@H]1c1cccc(Cl)c1Cl)C(=O)OC |&1:17,r,c:10,15|",Launched,4.0,calcium channel blocker,Voltage-gated L-type calcium channel blocker [BLOCKER],BLOCKER,CACNA1C|CACNA1D|CACNA1F|CACNA1S,CACNA1C,4,ion channel,ion channel,discovery compound,,7468.0,,,,455.09,MedChemEx,HY-17436,Clevidipine,97.71,68,5,0,True,12,16,9,0,44,1,True,True,True,False,True,True,True,True,False,True,cardiology,hypertension
copanlisib,BRD-K24666289-001-04-9,PZBCKZWLPGJMAO-UHFFFAOYSA-N,,CHEMBL3545068,"COc1c(OCCCN2CCOCC2)ccc2C3=NCCN3C(NC(=O)c3cnc(N)nc3)=Nc12 |c:35,t:18|",Launched,4.0,PI3K inhibitor,PI3-kinase p110-alpha subunit inhibitor [INHIBITOR]; PI3-kinase p110-delta subunit inhibitor [INHIBITOR],INHIBITOR,PIK3CA|PIK3CB|PIK3CD|PIK3CG,PIK3CA,4,kinase,kinase,discovery compound,,7875.0,9.3,pIC50,Human,480.223,MedChemEx,HY-15346,BAY 80-6946,97.22,1947,43,6,True,1502,1333,337,2,874,26,True,True,True,True,True,True,True,True,False,True,hematologic malignancy,follicular lymphoma
dapoxetine,BRD-K51579475-003-03-2,USRHYDPUVLEVMC-FQEVSTJZSA-N,71353.0,CHEMBL2110900,CN(C)[C@@H](CCOc1cccc2ccccc12)c1ccccc1,Launched,3.0,selective serotonin reuptake inhibitor (SSRI),Serotonin transporter inhibitor [INHIBITOR],INHIBITOR,HTR1A|HTR1B|HTR2C|SLC6A4,HTR1A,4,transporter,transporter,discovery compound,,7901.0,8.9,pIC50,Human,305.178,Selleck,S1869,Dapoxetine hydrochloride (Priligy),99.38,795,9,2,True,44,59,31,0,126,9,True,True,True,False,True,True,True,True,False,True,urology,premature ejaculation (PE)
duvelisib,BRD-K93468883-001-05-9,SJVQHLPISAIATJ-ZDUSSCGKSA-N,50905713.0,CHEMBL4538684,C[C@H](Nc1ncnc2nc[nH]c12)c1cc2cccc(Cl)c2c(=O)n1-c1ccccc1,Launched,,PI3K inhibitor,,,PIK3CA|PIK3CB|PIK3CD|PIK3CG,PIK3CA,4,kinase,kinase,discovery compound,,7795.0,8.6,pIC50,Human,416.115,MedChemEx,HY-17044,Duvelisib,98.68,1645,28,3,True,1116,1011,242,1,587,22,True,True,True,True,True,True,True,True,False,True,,
econazole,BRD-A51820102-008-28-9,LEZWWPYKPKIXLL-SFHVURJKSA-N,6604378.0,CHEMBL808,Clc1ccc(CO[C@@H](Cn2ccnc2)c2ccc(Cl)cc2Cl)cc1 |&1:7|,Launched,4.0,lanosterol demethylase inhibitor|sterol demethylase inhibitor,,,NPY1R|NPY2R|TRPM2|TRPV5,NPY1R,4,epigenetic (selective probe),epigenetic (selective probe),discovery compound,,2446.0,6.1,pIC50,Human,380.025,MicroSource,1501185,ECONAZOLE NITRATE,99.93,2873,65,26,True,597,644,291,0,437,79,True,True,True,False,True,True,True,False,False,False,infectious disease,tinea pedis|tinea cruris|tinea corporis|tinea versicolor|cutaneous candidiasis
erdafitinib,BRD-K84868168-001-01-0,OLAHOMJCDNXHFI-UHFFFAOYSA-N,67462786.0,CHEMBL3545376,COc1cc(OC)cc(c1)N(CCNC(C)C)c1ccc2ncc(nc2c1)-c1cnn(C)c1,Launched,4.0,FGFR inhibitor,Fibroblast growth factor receptor inhibitor [INHIBITOR],INHIBITOR,FGFR1|FGFR2|FGFR3|FGFR4,FGFR1,4,growth factor / cytokine,growth factor / cytokine,ASSAY CONTROL ONLY - canonical pathway,FGFR3 inhibition,9039.0,7.4,pIC50,Human,446.243,MedChemEx,HY-18708,Erdafitinib,95.96,2530,88,4,True,1563,1324,464,4,1143,18,True,True,True,True,True,True,True,True,False,False,,
fasudil,BRD-K76617868-003-14-3,NGOGFTYYXHNFQH-UHFFFAOYSA-N,3547.0,CHEMBL541388,O=S(=O)(N1CCCNCC1)c1cccc2cnccc12,Launched,2.0,rho associated kinase inhibitor,,,PKIA|PRKACA|ROCK1|ROCK2,PKIA,4,kinase; mechanotransduction,kinase,discovery compound,,5181.0,5.9 - 5.9,pIC50,Human,291.104,Tocris,541,Fasudil hydrochloride,98.59,4965,196,47,True,2425,2418,1675,11,3041,49,True,True,True,True,True,True,True,False,False,False,neurology/psychiatry,cerebral vasospasm
folic-acid,BRD-K18673820-001-15-5,OVBPIULPVIDEAO-LBPRGKRZSA-N,6037.0,CHEMBL1622,Nc1nc(=O)c2nc(CNc3ccc(cc3)C(=O)N[C@@H](CCC(O)=O)C(O)=O)cnc2[nH]1,Launched,4.0,folate receptor ligand,,,FOLR2|FOLR3|SLC19A1|SLC46A1,FOLR2,4,transporter,transporter,discovery compound,,,,,,441.14,MicroSource,1502020,FOLIC ACID,89.21,136015,3969,438,True,28781,25045,12161,82,30132,4766,True,True,True,True,True,True,True,False,False,False,hematology,megaloblastic anemia
furosemide,BRD-K78010432-001-21-5,ZZUFCTLCJUWOSV-UHFFFAOYSA-N,3440.0,CHEMBL35,NS(=O)(=O)c1cc(C(O)=O)c(NCc2ccco2)cc1Cl,Launched,4.0,diuretic,Sodium-(potassium)-chloride cotransporter 2 inhibitor [INHIBITOR],INHIBITOR,CA2|GPR35|SLC12A1|SLC12A2,CA2,4,transporter,transporter,discovery compound,,4839.0,5.2 - 5.6,pEC50,Human,330.008,MicroSource,1500310,FUROSEMIDE,99.55,53199,895,244,True,4428,4066,2937,17,17601,605,True,True,True,True,True,True,True,True,False,False,cardiology|rheumatology,edema|hypertension|congestive heart failure|nephrotic syndrome
glipizide,BRD-K12219985-001-26-1,ZJJXGWJIGJFDTL-UHFFFAOYSA-N,3478.0,CHEMBL1073,Cc1cnc(cn1)C(=O)NCCc1ccc(cc1)S(=O)(=O)NC(=O)NC1CCCCC1,Launched,4.0,sulfonylurea,"Sulfonylurea receptor 1, Kir6.2 blocker [BLOCKER]",BLOCKER,ABCC8|KCNJ10|KCNJ11|PPARG,ABCC8,4,transporter,transporter,discovery compound,,6821.0,,,,445.178,MicroSource,1505433,GLIPIZIDE,98.53,5512,126,47,True,747,751,404,4,1974,89,True,True,True,True,True,True,True,True,False,True,endocrinology,diabetes mellitus|hyperglycemia
ibuprofen-(S),BRD-K14965640-001-12-4,HEFNNWSXXWATRW-JTQLQIEISA-N,39912.0,CHEMBL521,CC(C)Cc1ccc(cc1)[C@H](C)C(O)=O,Launched,4.0,cyclooxygenase inhibitor,Cyclooxygenase inhibitor [INHIBITOR],INHIBITOR,ASIC1|PTGS1|PTGS2|SLC5A8,ASIC1,4,transporter,transporter,discovery compound,,,,,,206.131,MicroSource,1502363,DEXIBUPROFEN,99.44,153,1,0,True,18,15,12,0,18,4,True,True,True,False,True,True,True,True,False,False,neurology/psychiatry,pain relief
idelalisib,BRD-K60866521-001-07-1,IFSDAJWBUCMOAH-HNNXBMFYSA-N,11625818.0,CHEMBL4095008,CC[C@H](Nc1ncnc2nc[nH]c12)c1nc2cccc(F)c2c(=O)n1-c1ccccc1,Launched,,PI3K inhibitor,,,PIK3CA|PIK3CB|PIK3CD|PIK3CG,PIK3CA,4,kinase,kinase,discovery compound,,6741.0,8.6,pIC50,Human,415.156,Selleck,S2226,"CAL-101 (Idelalisib, GS-1101)",96.97,4395,85,3,True,2750,2495,541,2,1268,61,True,True,True,True,True,True,True,True,False,True,hematologic malignancy,chronic lymphocytic leukemia (CLL)
lovastatin,BRD-K09416995-001-40-7,PCZOHLXUXFIOCF-BXMDZJJMSA-N,53232.0,CHEMBL1201373,"CC[C@H](C)C(=O)O[C@H]1C[C@@H](C)C=C2C=C[C@H](C)[C@H](CC[C@@H]3C[C@@H](O)CC(=O)O3)[C@@H]12 |c:13,t:11|",Launched,-1.0,HMGCR inhibitor,,,HDAC2|HMGCR|ITGAL|NR1I2,HDAC2,4,metabolic,metabolic,discovery compound,,2739.0,6.8,pIC50,Rat,404.256,Selleck,S2061,Lovastatin (Mevacor),89.65,20392,606,101,True,6164,5650,2396,22,7102,438,True,True,True,True,True,True,True,True,False,False,cardiology|endocrinology,coronary heart disease|myocardial infarction|hypercholesterolemia
masitinib,BRD-K71035033-001-07-1,WJEOLQLKVOPQFV-UHFFFAOYSA-N,10074640.0,CHEMBL1908391,CN1CCN(Cc2ccc(cc2)C(=O)Nc2ccc(C)c(Nc3nc(cs3)-c3cccnc3)c2)CC1,Launched,3.0,KIT inhibitor|PDGFR tyrosine kinase receptor inhibitor|SRC inhibitor,Fibroblast growth factor receptor 3 inhibitor [INHIBITOR]; Stem cell growth factor receptor inhibitor [INHIBITOR]; Platelet-derived growth factor receptor inhibitor [INHIBITOR],INHIBITOR,FGFR3|KIT|PDGFRA|PDGFRB,FGFR3,4,kinase; growth factor / cytokine,kinase,ASSAY CONTROL ONLY - canonical pathway,FGFR3 inhibition,5656.0,6.3,pIC50,Human,498.22,Selleck,S1064,Masitinib (AB1010),94.17,1824,59,6,True,1084,999,384,0,924,31,True,True,True,False,True,True,True,False,False,False,dermatology,mastocytoma
nateglinide,BRD-K44353683-001-08-3,OELFLUMRDSZNSF-BRWVUGGUSA-N,,CHEMBL783,CC(C)[C@H]1CC[C@@H](CC1)C(=O)N[C@H](Cc1ccccc1)C(O)=O,Launched,4.0,insulin secretagogue,"Sulfonylurea receptor 1, Kir6.2 blocker [BLOCKER]",BLOCKER,ABCC8|KCNJ10|KCNJ11|PPARG,ABCC8,4,transporter,transporter,discovery compound,,6833.0,,,,317.199,Tocris,4231,Nateglinide,98.07,2423,44,13,True,346,390,166,2,886,30,True,True,True,True,True,True,True,True,False,True,endocrinology,diabetes mellitus
nisoldipine,BRD-A84465106-001-09-5,VKQFCGNPDRICFG-GOSISDBHSA-N,28248400.0,CHEMBL1726,"COC(=O)C1=C(C)NC(C)=C([C@@H]1c1ccccc1[N+]([O-])=O)C(=O)OCC(C)C |r,c:4,9|",Launched,4.0,calcium channel blocker,Voltage-gated L-type calcium channel blocker [BLOCKER],BLOCKER,CACNA1C|CACNA1D|CACNA1F|CACNA1S,CACNA1C,4,ion channel,ion channel,discovery compound,,2524.0,7.0 - 8.0,pIC50,Mouse,388.163,MedChemEx,HY-17402,Nisoldipine,86.15,3245,44,15,True,347,344,256,2,1084,43,True,True,True,True,True,True,True,True,False,True,cardiology,hypertension
quinine,BRD-K07940445-001-02-4,LOUPRKONTZGTKE-WZBLMQSHSA-N,3034034.0,CHEMBL2359966,COc1ccc2nccc([C@@H](O)[C@@H]3C[C@@H]4CC[N@]3C[C@@H]4C=C)c2c1,Launched,4.0,hemozoin biocrystallization inhibitor,Ferriprotoporphyrin IX inhibitor [INHIBITOR],INHIBITOR,GP9|KCNB2|KCNN4|SLC29A4,GP9,4,transporter,transporter,discovery compound,,2510.0,6.9,pKi,Plasmodium falciparum,324.184,CombiBlocks,OR-4054,,94.43,58996,2101,312,True,5477,4538,1871,12,8435,673,True,True,True,True,True,True,True,False,True,False,infectious disease,malaria
resveratrol,BRD-K80738081-001-46-8,LUKBXSAWLPMMSZ-OWOJBTEDSA-N,445154.0,CHEMBL165,Oc1ccc(\C=C\c2cc(O)cc(O)c2)cc1,Launched,3.0,cytochrome P450 inhibitor|SIRT activator,,,CSNK2A1|NQO2|PTGS1|PTGS2,CSNK2A1,4,epigenetic (selective probe),epigenetic (selective probe),discovery compound,,8741.0,6.1,pIC50,Human,228.079,MedChemEx,HY-16561,Resveratrol,95.03,72821,4246,326,True,35484,40160,15912,159,28577,1023,True,True,True,True,True,True,True,False,False,False,,
ruxolitinib,BRD-K53972329-001-01-3,HFNKQEVNSGCOJV-OAHLLOKOSA-N,25126798.0,CHEMBL1287854,N#CC[C@H](C1CCCC1)n1cc(cn1)-c1ncnc2[nH]ccc12,Launched,,JAK inhibitor,,,JAK1|JAK2|JAK3|TYK2,JAK1,4,kinase,kinase,discovery compound,,5688.0,8.5 - 10.1,pIC50,Human,306.159,Chemietek,CT-INCB,INCB018424,99.11,17787,630,60,True,9101,7510,3063,17,6125,313,True,True,True,True,True,True,True,True,False,True,hematologic malignancy|hematology,myelofibrosis|polycythemia vera
tolazamide,BRD-K32164935-001-30-8,OUDSBRTVNLOZBN-UHFFFAOYSA-N,5503.0,CHEMBL817,Cc1ccc(cc1)S(=O)(=O)NC(=O)NN1CCCCCC1,Launched,4.0,ATP channel blocker,"Sulfonylurea receptor 1, Kir6.2 blocker [BLOCKER]",BLOCKER,ABCC8|KCNJ1|KCNJ10|KCNJ11,ABCC8,4,ion channel; transporter,ion channel,discovery compound,,6847.0,,,,311.13,MicroSource,1501201,TOLAZAMIDE,97.65,710,7,7,True,89,82,47,0,216,17,True,True,True,False,True,True,True,True,False,True,endocrinology,diabetes mellitus
tolbutamide,BRD-K85119730-001-28-9,JLRGJRBPOGGCBT-UHFFFAOYSA-N,5505.0,CHEMBL782,CCCCNC(=O)NS(=O)(=O)c1ccc(C)cc1,Launched,4.0,ATP channel blocker,"Sulfonylurea receptor 1, Kir6.2 blocker [BLOCKER]",BLOCKER,ABCC8|KCNJ1|KCNJ11|KCNJ8,ABCC8,4,ion channel; transporter,ion channel,discovery compound,,6848.0,4.5,pIC50,Mouse,270.104,MicroSource,1500581,TOLBUTAMIDE,98.93,26478,287,221,True,2644,3152,1292,5,6735,243,True,True,True,True,True,True,True,True,False,True,endocrinology,diabetes mellitus
triamterene,BRD-K92049597-001-20-8,FNYLWPVRPXGIIP-UHFFFAOYSA-N,5546.0,CHEMBL585,Nc1nc(N)c2nc(c(N)nc2n1)-c1ccccc1,Launched,4.0,sodium channel blocker,"Amiloride-sensitive sodium channel, ENaC blocker [BLOCKER]",BLOCKER,SCNN1A|SCNN1B|SCNN1D|SCNN1G,SCNN1A,4,ion channel,ion channel,discovery compound,,4329.0,5.3,pIC50,Human,253.108,MicroSource,1500589,TRIAMTERENE,99.47,3545,59,13,True,327,263,196,1,1001,98,True,True,True,True,True,True,True,False,False,False,endocrinology|cardiology,hypokalemia|hypertension|edema
triflusal,BRD-K71696703-001-07-9,RMWVZGDJPAKBDE-UHFFFAOYSA-N,9458.0,CHEMBL1332032,CC(=O)Oc1cc(ccc1C(O)=O)C(F)(F)F,Launched,3.0,cyclooxygenase inhibitor|platelet aggregation inhibitor|thromboxane synthase inhibitor,,,NFKB1|NOS2|PDE10A|PTGS1,NFKB1,4,metabolic,metabolic,discovery compound,,,,,,248.03,Selleck,S3200,Triflusal,94.75,644,11,1,True,99,87,79,1,395,6,True,True,True,True,True,True,True,False,False,False,neurology/psychiatry|cardiology,stroke|myocardial infarction|atrial fibrillation (AF)
amiodarone,BRD-K17561142-003-35-8,IYIKLHRQXLHMJQ-UHFFFAOYSA-N,2157.0,CHEMBL1083993,CCCCc1oc2ccccc2c1C(=O)c1cc(I)c(OCCN(CC)CC)c(I)c1,Launched,4.0,potassium channel blocker,HERG blocker [BLOCKER],BLOCKER,ADRB1|CACNA1H|CACNA2D2|KCNA7|KCNH2,ADRB1,5,ion channel,ion channel,discovery compound,,2566.0,5.7,pIC50,Rat,645.024,Selleck,S1979,Amiodarone HCl,97.72,42997,488,96,True,3636,4210,3134,12,15695,614,True,True,True,True,True,True,True,True,False,True,cardiology,ventricular arrhythmias
amlodipine,BRD-K01825117-074-11-9,HTIQEAQVCYTUBX-QGZVFWFLSA-N,9801597.0,CHEMBL1200402,"CCOC(=O)C1=C(COCCN)NC(C)=C([C@H]1c1ccccc1Cl)C(=O)OC |&1:16,r,c:5,14|",Launched,4.0,calcium channel blocker,Voltage-gated L-type calcium channel blocker [BLOCKER],BLOCKER,CACNA1C|CACNA1D|CACNA1F|CACNA1S|CACNA2D1,CACNA1C,5,ion channel,ion channel,discovery compound,,6981.0,7.2,pIC50,Human,408.145,Tocris,2571,"O3-ethyl O5-methyl rac-(4R)-2-(2-aminoethoxymethyl)-4-(2-chlorophenyl)-6-methyl-1,4-dihydropyridine-3,5-dicarboxylate",89.83,31595,446,108,True,3880,3410,2698,11,14714,469,True,True,True,True,True,True,True,True,True,True,cardiology,hypertension|chronic stable angina|vasospastic angina|coronary artery disease (CAD)
ceritinib,BRD-K22149900-001-05-4,VERWOWGGCGHDQE-UHFFFAOYSA-N,57379345.0,CHEMBL2403108,CC(C)Oc1cc(C2CCNCC2)c(C)cc1Nc1ncc(Cl)c(Nc2ccccc2S(=O)(=O)C(C)C)n1,Launched,4.0,ALK tyrosine kinase receptor inhibitor,ALK tyrosine kinase receptor inhibitor [INHIBITOR]; EML4-ALK inhibitor [INHIBITOR]; NPM/ALK (Nucleophosmin/ALK tyrosine kinase receptor) inhibitor [INHIBITOR],INHIBITOR,ALK|FLT3|IGF1R|INSR|TSSK1B,ALK,5,kinase; growth factor / cytokine,kinase,ASSAY CONTROL ONLY - canonical pathway,GH / IGF signalling,7397.0,7.2,pIC50,Human,557.223,MedChemEx,HY-15656,LDK378,95.17,6565,150,17,True,3154,2534,712,1,2204,74,True,True,True,True,True,True,True,True,False,True,oncology,non-small cell lung cancer (NSCLC)
dabrafenib,BRD-K09951645-001-08-4,BFSMGDJOXZAERB-UHFFFAOYSA-N,44462760.0,CHEMBL2028663,CC(C)(C)c1nc(c(s1)-c1ccnc(N)n1)-c1cccc(NS(=O)(=O)c2c(F)cccc2F)c1F,Launched,4.0,RAF inhibitor,,,BRAF|LIMK1|NEK11|RAF1|SIK1,BRAF,5,kinase,kinase,discovery compound,,6494.0,8.5,pIC50,Human,519.101,MedChemEx,HY-14660,dabrafenib,98.14,13913,266,27,True,7920,6824,1976,2,4873,124,True,True,True,True,True,True,True,True,False,True,oncology,melanoma
entrectinib,BRD-K39009484-001-01-4,HAYYBYPASCDWEQ-UHFFFAOYSA-N,25141092.0,CHEMBL1983268,CN1CCN(CC1)c1ccc(C(=O)Nc2[nH]nc3ccc(Cc4cc(F)cc(F)c4)cc23)c(NC2CCOCC2)c1,Launched,4.0,ALK tyrosine kinase receptor inhibitor|proto-oncogene tyrosine protein kinase inhibitor,Neurotrophic tyrosine kinase receptor inhibitor [INHIBITOR]; Proto-oncogene tyrosine-protein kinase ROS inhibitor [INHIBITOR]; ALK tyrosine kinase receptor inhibitor [INHIBITOR],INHIBITOR,ALK|NTRK1|NTRK2|NTRK3|ROS1,ALK,5,kinase,kinase,discovery compound,,8290.0,,,,560.271,Selleck,S7998,Entrectinib (RXDX-101),87.23,3852,81,5,True,2103,1611,536,0,1479,24,True,True,True,False,True,True,True,True,False,True,oncology,non-small cell lung cancer (NSCLC)
fedratinib,BRD-K12502280-001-11-4,JOOXLOJCABQBSG-UHFFFAOYSA-N,16722836.0,CHEMBL4297216,Cc1cnc(Nc2ccc(OCCN3CCCC3)cc2)nc1Nc1cccc(c1)S(=O)(=O)NC(C)(C)C,Launched,4.0,FLT3 inhibitor|JAK inhibitor,Tyrosine-protein kinase JAK2 inhibitor [INHIBITOR]; Tyrosine-protein kinase receptor FLT3 inhibitor [INHIBITOR],INHIBITOR,BRD4|JAK1|JAK2|JAK3|TYK2,BRD4,5,kinase,kinase,discovery compound,,5716.0,6.8,pKd,Human,524.257,Selleck,S2736,"Fedratinib (SAR302503, TG101348)",91.26,1790,54,2,True,1073,878,365,1,712,41,True,True,True,True,True,True,True,True,False,False,hematologic malignancy,myelofibrosis
flunarizine,BRD-K29582677-300-10-6,SMANXXCATUTDDT-QPJJXVBHSA-N,941361.0,CHEMBL552659,Fc1ccc(cc1)C(N1CCN(C\C=C\c2ccccc2)CC1)c1ccc(F)cc1,Launched,2.0,calcium channel blocker,,,CACNA1G|CACNA1H|CACNA1I|CALM1|HRH1,CACNA1G,5,ion channel,ion channel,discovery compound,,12488.0,6.9 - 8.4,pKi,Rat,404.206,MicroSource,1500993,FLUNARIZINE HYDROCHLORIDE,97.81,4548,73,25,True,434,543,229,4,1505,117,True,True,True,True,True,True,True,True,False,True,neurology/psychiatry|cardiology,migraine headache|vertigo|peripheral artery disease (PAD)
fomepizole,BRD-K56810756-003-07-7,RIKMMFOAQPJVMX-UHFFFAOYSA-N,3406.0,CHEMBL1308,Cc1cn[nH]c1,Launched,4.0,alcohol dehydrogenase inhibitor,Alcohol dehydrogenase class I inhibitor [INHIBITOR],INHIBITOR,ADH1A|ADH1B|ADH1C|AKR1A1|CAT,ADH1A,5,metabolic,metabolic,discovery compound,,11705.0,,,,82.053,MicroSource,1505432,FOMEPIZOLE HYDROCHLORIDE,98.99,1346,19,4,True,109,185,63,0,188,38,True,True,True,False,True,True,True,False,False,False,critical care,poison antidote
L-methionine,BRD-K06502269-001-02-6,FFEARJCKVFRZRR-BYPYZUCNSA-N,6992087.0,CHEMBL42336,CSCC[C@H](N)C(O)=O,Launched,3.0,voltage-gated calcium channel ligand,,,BHMT|BHMT2|METAP2|MTR|MTRR,BHMT,5,ion channel,ion channel,discovery compound,,4814.0,,,,149.051,Sigma,V900487,L-methionine,97.7,33087,533,105,True,8469,7126,2636,20,4438,269,True,True,True,True,True,True,True,False,False,False,pulmonary|allergy|neurology/psychiatry,asthma|allergic rhinitis|depression|Parkinson's Disease|schizophrenia
probenecid,BRD-K95237249-001-26-5,DBABZHXKTCFAPX-UHFFFAOYSA-N,4911.0,CHEMBL897,CCCN(CCC)S(=O)(=O)c1ccc(cc1)C(O)=O,Launched,4.0,uricosuric blocker,Solute carrier family 22 member 6 inhibitor [INHIBITOR]; Solute carrier family 22 member 8 inhibitor [INHIBITOR]; Solute carrier family 22 member 11 inhibitor [INHIBITOR],INHIBITOR,PANX1|SLC22A11|SLC22A6|SLC22A8|SLCO1C1,PANX1,5,transporter,transporter,discovery compound,,4357.0,4.5,pEC50,Rat,285.103,MicroSource,1500502,PROBENECID,98.66,15211,585,152,True,2622,2804,1463,16,3110,271,True,True,True,True,True,True,True,False,False,False,nephrology|rheumatology,hyperuricemia|gout
bumetanide,BRD-K38197229-001-29-9,MAEIEVLCKWDQJH-UHFFFAOYSA-N,2471.0,CHEMBL1072,CCCCNc1cc(cc(c1Oc1ccccc1)S(N)(=O)=O)C(O)=O,Launched,4.0,solute carrier family member inhibitor,Sodium-(potassium)-chloride cotransporter 2 inhibitor [INHIBITOR],INHIBITOR,CFTR|GPR35|SLC12A1|SLC12A2|SLC12A4|SLC12A5,CFTR,6,transporter,transporter,discovery compound,,4837.0,5.0 - 5.5,pEC50,Human,364.109,MicroSource,1502004,BUMETANIDE,99.54,8808,194,102,True,1236,1248,834,11,2507,118,True,True,True,True,True,True,True,True,False,True,cardiology,edema|congestive heart failure
citalopram,BRD-A47598013-004-16-0,WSEQXVZVJXJVFP-FQEVSTJZSA-N,146570.0,CHEMBL1200781,CN(C)CCC[C@]1(OCc2cc(ccc12)C#N)c1ccc(F)cc1 |&1:6|,Launched,4.0,selective serotonin reuptake inhibitor (SSRI),Serotonin transporter inhibitor [INHIBITOR],INHIBITOR,ADRA1A|CHRM1|HRH1|SLC6A2|SLC6A3|SLC6A4,ADRA1A,6,transporter,transporter,discovery compound,,4621.0,8.3,pKd,Human,324.164,Tocris,1427,Citalopram hydrobromide,97.27,26206,239,55,True,2055,2125,824,7,4691,571,True,True,True,True,True,True,True,True,True,True,neurology/psychiatry,depression
cyclothiazide,BRD-A38675539-001-12-7,BOCUKUHCLICSIY-JWUFEOHASA-N,101691640.0,CHEMBL61593,"NS(=O)(=O)c1cc2c(N[C@@H](NS2(=O)=O)[C@H]2C[C@H]3C[C@@H]2C=C3)cc1Cl |&1:9,&2:14,&3:16,&4:18,r,c:21|",Launched,4.0,glutamate receptor modulator,Thiazide-sensitive sodium-chloride cotransporter inhibitor [INHIBITOR],INHIBITOR,CA2|GRIA1|GRIA2|GRIA3|GRIA4|SLC12A3,CA2,6,transporter,transporter,discovery compound,,4167.0,5.7,pEC50,Human,389.027,DuPont,A001186324,"3-(bicyclo[2.2.1]hept-5-en-2-yl)-6-chloro-3,4-dihydro-2H-benzo[e][1,2,4]thiadiazine-7-sulfonamide 1,1-dioxide",65.61,1618,22,42,True,163,258,91,0,194,6,True,True,True,False,True,True,True,True,False,True,cardiology,hypertension
diltiazem,BRD-K24023109-003-28-6,HSUGRBWQSSZJOP-RTWAWAEBSA-N,39186.0,CHEMBL1200805,COc1ccc(cc1)[C@@H]1Sc2ccccc2N(CCN(C)C)C(=O)[C@@H]1OC(C)=O,Launched,4.0,calcium channel blocker,Voltage-gated L-type calcium channel blocker [BLOCKER],BLOCKER,CACNA1C|CACNA1S|CACNA2D1|CACNG1|HTR3A|KCNA5,CACNA1C,6,ion channel,ion channel,discovery compound,,2298.0,4.2 - 5.3,pIC50,Mouse,414.161,Tocris,685,Diltiazem hydrochloride,99.25,24037,384,144,True,2601,2419,1890,14,9583,517,True,True,True,True,True,True,True,True,False,True,cardiology,hypertension|angina pectoris
duloxetine,BRD-K71103788-003-11-2,ZEUITGRIYCTCEM-KRWDZBQOSA-N,60835.0,CHEMBL1200328,CNCC[C@H](Oc1cccc2ccccc12)c1cccs1,Launched,4.0,norepinephrine reuptake inhibitor|serotoninânorepinephrine reuptake inhibitor (SNRI),Serotonin transporter inhibitor [INHIBITOR]; Norepinephrine transporter inhibitor [INHIBITOR],INHIBITOR,HTR2A|HTR2C|HTR6|SLC6A2|SLC6A3|SLC6A4,HTR2A,6,transporter,transporter,discovery compound,,202.0,8.2,pKi,Human,297.119,Selleck,S2084,Duloxetine HCl,98.66,17600,628,81,True,1609,1776,977,25,4105,350,True,True,True,True,True,True,True,False,False,False,neurology/psychiatry,depression|generalized anxiety disorder (GAD)|muscle pain|peripheral neuropathy
efavirenz,BRD-K40758068-001-08-2,XPOQHMRABVBWPR-ZDUSSCGKSA-N,64139.0,CHEMBL223228,FC(F)(F)[C@]1(OC(=O)Nc2ccc(Cl)cc12)C#CC1CC1,Launched,4.0,HIV protease inhibitor,Human immunodeficiency virus type 1 reverse transcriptase inhibitor [INHIBITOR],INHIBITOR,CYP1A2|CYP2B6|CYP2C19|CYP2C9|CYP2D6|CYP3A4,CYP1A2,6,protease,protease,discovery compound,,11287.0,4.8,pIC50,Human,315.027,Enzo,DL535,Efavirenz,98.9,22571,184,24,True,2415,2347,750,4,2859,682,True,True,True,True,True,True,True,True,False,True,infectious disease,human immunodeficiency virus (HIV-1)
minoxidil,BRD-K06902185-001-22-7,ZFMITUMMTDLWHR-UHFFFAOYSA-N,,CHEMBL802,Nc1cc(nc(N)[n+]1[O-])N1CCCCC1,Launched,4.0,KATP activator|Kir6 channel (KATP) activator|vasodilator,"Sulfonylurea receptor 2, Kir6.2 opener [OPENER]",OPENER,ABCC9|KCNJ1|KCNJ10|KCNJ11|KCNJ8|PTGS1,ABCC9,6,transporter,transporter,discovery compound,,4254.0,,,,209.128,Sigma,MFCD00063409,6-amino-2-imino-4-(1-piperidinyl)-1(2H)-pyrimidinol,96.36,7897,249,196,True,1951,1423,1155,8,2707,225,True,True,True,True,True,True,True,False,False,False,endocrinology,androgenetic alopecia
vilazodone,BRD-K58010567-003-03-0,SGEGOXDYSFKCPT-UHFFFAOYSA-N,6918314.0,CHEMBL1615374,NC(=O)c1cc2cc(ccc2o1)N1CCN(CCCCc2c[nH]c3ccc(cc23)C#N)CC1,Launched,4.0,serotonin reuptake inhibitor,Serotonin transporter inhibitor [INHIBITOR]; Serotonin 1a (5-HT1a) receptor partial agonist [PARTIAL AGONIST],INHIBITOR; PARTIAL AGONIST,DRD2|DRD3|HRH1|HTR1A|HTR4|SLC6A4,DRD2,6,transporter,transporter,discovery compound,,7427.0,9.7,pKi,Human,441.216,Selleck,S4259,Vilazodone Hydrochloride,98.4,1312,11,0,True,138,146,50,0,248,41,True,True,True,False,True,True,True,True,False,True,neurology/psychiatry,depression
chlorthalidone,BRD-A26384407-001-25-1,JIVPVXMEBJLZRO-AWEZNQCLSA-N,688424.0,CHEMBL1055,"NS(=O)(=O)c1cc(ccc1Cl)[C@@]1(O)NC(=O)c2ccccc12 |&1:11,r|",Launched,4.0,carbonic anhydrase inhibitor,Thiazide-sensitive sodium-chloride cotransporter inhibitor [INHIBITOR],INHIBITOR,CA1|CA12|CA14|CA2|CA4|CA7|SLC12A1,CA1,7,transporter,transporter,discovery compound,,7147.0,8.4,pKi,Human,338.013,MicroSource,1500187,CHLORTHALIDONE,98.01,5295,50,21,True,290,215,271,2,2357,95,True,True,True,True,True,True,True,True,False,True,cardiology|gastroenterology|rheumatology|nephrology,hypertension|edema|congestive heart failure|hepatic cirrhosis|nephrotic syndrome|acute glomerulonephritis (AGN)|chronic renal failure
clomipramine,BRD-K52989797-003-29-9,GDLIGKIOYRNHDA-UHFFFAOYSA-N,2801.0,CHEMBL1200710,CN(C)CCCN1c2ccccc2CCc2ccc(Cl)cc12,Launched,4.0,serotonin transporter (SERT) inhibitor,Serotonin transporter inhibitor [INHIBITOR],INHIBITOR,GSTP1|HTR2A|HTR2B|HTR2C|SLC6A2|SLC6A3|SLC6A4,GSTP1,7,transporter,transporter,discovery compound,,2398.0,5.7,pKd,Human,314.155,Tocris,457,Clomipramine hydrochloride,94.52,11180,107,22,True,923,927,345,2,1643,257,True,True,True,True,True,True,True,False,False,False,neurology/psychiatry,obsessive compulsive disorder (OCD)
disopyramide,BRD-A29734509-011-13-6,UVTNFZQICZKOEM-UHFFFAOYSA-N,3114.0,CHEMBL1201020,CC(C)N(CCC(C(N)=O)(c1ccccc1)c1ccccn1)C(C)C |&1:6|,Launched,4.0,sodium channel blocker,Sodium channel alpha subunit blocker [BLOCKER],BLOCKER,CHRM1|CHRM2|CHRM3|KCND2|KCND3|KCNH2|SCN5A,CHRM1,7,ion channel,ion channel,discovery compound,,7167.0,4.0,pIC50,Human,339.231,MicroSource,1500261,DISOPYRAMIDE PHOSPHATE,97.94,5097,48,13,True,266,242,265,2,1225,88,True,True,True,True,True,True,True,True,False,True,cardiology,ventricular tachycardia (VT)|ventricular arrhythmias
erythromycin-estolate,BRD-K39746403-084-05-6,TYQXKHPOXXXCTP-JKQIPHDKSA-N,,CHEMBL2218877,CC[C@H]1OC(=O)[C@H](C)[C@@H](O[C@H]2C[C@@](C)(OC)[C@@H](O)[C@H](C)O2)[C@H](C)[C@@H](O[C@@H]2O[C@H](C)C[C@@H]([C@H]2OC(=O)CC)N(C)C)[C@](C)(O)C[C@@H](C)C(=O)[C@H](C)[C@@H](O)[C@]1(C)O,Launched,4.0,bacterial 50S ribosomal subunit inhibitor,Bacterial 70S ribosome inhibitor [INHIBITOR],INHIBITOR,ABCB1|ALB|CYP3A4|CYP51A1|KCNH2|MLNR|SLC47A1,ABCB1,7,transporter,transporter,discovery compound,,,,,,789.487,AlfaAesar,J66548,Erythromycin estolate,66.36,591,28,9,True,64,53,45,0,74,30,True,True,True,False,True,True,True,True,False,False,infectious disease,listeria|respiratory tract infections|skin infections|syphilis|amebiasis|pelvic inflammatory disease|chlamydia|diphtheria|erythrasma
hydrochlorothiazide,BRD-K13078532-001-28-4,JZUFKLXOESDKRF-UHFFFAOYSA-N,3639.0,CHEMBL435,NS(=O)(=O)c1cc2c(NCNS2(=O)=O)cc1Cl,Launched,4.0,thiazide diuretic,Thiazide-sensitive sodium-chloride cotransporter inhibitor [INHIBITOR],INHIBITOR,CA1|CA12|CA2|CA4|CA9|KCNMA1|SLC12A3,CA1,7,transporter,transporter,discovery compound,,4836.0,5.1,pKd,Human,296.964,MicroSource,1500335,HYDROCHLOROTHIAZIDE,98.34,23939,355,73,True,1826,1387,1308,13,8427,321,True,True,True,True,True,True,True,True,False,True,cardiology,hypertension|congestive heart failure
levonordefrin,BRD-K02976377-001-07-4,GEFQWZLICWMTKF-CDUCUWFYSA-N,164739.0,CHEMBL677,C[C@H](N)[C@H](O)c1ccc(O)c(O)c1,Launched,4.0,vasodilator,Adrenergic receptor alpha-2 agonist [AGONIST],AGONIST,ADRA1A|ADRA1B|ADRA1D|ADRA2A|ADRA2B|ADRA2C|SLC6A2,ADRA1A,7,transporter,transporter,discovery compound,,508.0,5.6,pKi,Rat,183.09,MicroSource,1500365,LEVONORDEFRIN,0.0,169,12,0,True,35,19,24,1,65,4,True,True,True,True,True,True,True,True,False,True,hematology,hemorrhage
nafamostat,BRD-K06674495-334-03-2,MQQNFDZXWVTQEH-UHFFFAOYSA-N,4413.0,CHEMBL3989553,NC(=N)Nc1ccc(cc1)C(=O)Oc1ccc2cc(ccc2c1)C(N)=N,Launched,3.0,serine protease inhibitor,,,ASIC1|ASIC2|ASIC3|C1R|PRSS1|TPSAB1|TRPM7,ASIC1,7,protease,protease,discovery compound,,4262.0,10.0,pIC50,Human,347.138,Selleck,S1386,Nafamostat Mesylate,89.75,3699,75,16,True,781,840,460,1,1408,69,True,True,True,True,True,True,True,True,False,True,cardiology,anticoagulent
nelfinavir,BRD-K74117820-066-10-8,QAGYKUNXZHXKMR-HKWSIXNMSA-N,64143.0,CHEMBL365442,Cc1c(O)cccc1C(=O)N[C@@H](CSc1ccccc1)[C@H](O)CN1C[C@H]2CCCC[C@H]2C[C@H]1C(=O)NC(C)(C)C,Launched,,HIV protease inhibitor,,,CYP1A2|CYP2B6|CYP2C19|CYP2C9|CYP2D6|CYP3A4|CYP3A7,CYP1A2,7,protease,protease,discovery compound,,11090.0,,,,567.313,Enzo,DL566,NELFINAVIR MESYLATE,98.14,8544,90,15,True,1890,1965,545,3,1646,298,True,True,True,True,True,True,True,True,False,True,infectious disease,human immunodeficiency virus (HIV-1)
dosulepin,BRD-K54759182-003-08-0,PHTUQLWOUWZIMZ-GZTJUZNOSA-N,5284550.0,CHEMBL1711280,CN(C)CC\C=C1/c2ccccc2CSc2ccccc12,Launched,4.0,norepinephrine reuptake inhibitor|serotoninânorepinephrine reuptake inhibitor (SNRI)|tricyclic antidepressant,,,CHRM1|CHRM2|CHRM3|CHRM4|CHRM5|HRH1|SLC6A2|SLC6A4,CHRM1,8,transporter,transporter,discovery compound,,7549.0,7.7,pKi,Human,295.139,Prestwick,Prestw-488,Dosulepin hydrochloride,97.97,541,10,0,True,41,40,17,0,146,21,True,True,True,False,True,True,True,True,False,True,neurology/psychiatry,depression
imatinib,BRD-K92723993-001-12-5,KTUFNOKKBVMGRW-UHFFFAOYSA-N,5291.0,CHEMBL941,CN1CCN(Cc2ccc(cc2)C(=O)Nc2ccc(C)c(Nc3nccc(n3)-c3cccnc3)c2)CC1,Launched,4.0,Bcr-Abl kinase inhibitor|KIT inhibitor|PDGFR tyrosine kinase receptor inhibitor,,,ABL1|CSF1R|DDR1|KIT|NTRK1|PDGFRA|PDGFRB|RET,ABL1,8,kinase; growth factor / cytokine,kinase,discovery compound,,5687.0,6.7,pIC50,Human,493.259,Selleck,S2475,Imatinib,99.23,65187,2177,193,True,33642,27536,10543,91,22484,833,True,True,True,True,True,True,True,True,False,True,hematologic malignancy|oncology,chronic myeloid leukemia (CML)|acute lymphoblastic leukemia (ALL)|myelodysplastic diseases (MDS)|aggressive systemic mastocytosis (ASM)|hypereosinophilic syndrome (HES)|chronic eosinophilic leukemia (CEL)|dermatofibrosarcoma protuberans (DFSP)|gastrointestinal stromal tumors (GIST)
panobinostat,BRD-K02130563-001-12-2,FPOHNWQLNRZRFC-ZHACJKMWSA-N,6918837.0,CHEMBL483254,Cc1[nH]c2ccccc2c1CCNCc1ccc(\C=C\C(=O)NO)cc1,Launched,4.0,HDAC inhibitor,,,HDAC1|HDAC2|HDAC3|HDAC4|HDAC6|HDAC7|HDAC8|HDAC9,HDAC1,8,epigenetic (selective probe),epigenetic (selective probe),discovery compound,,7489.0,8.5,pEC50,Human,349.179,Selleck,S1030,Panobinostat,81.65,9105,333,17,True,6788,6483,1616,27,3486,151,True,True,True,True,True,True,True,True,False,True,hematologic malignancy,multiple myeloma
paroxetine,BRD-K37991163-003-13-4,AHOUBRCZNHFOSL-YOEHRIQHSA-N,43815.0,CHEMBL6067650,Fc1ccc(cc1)[C@@H]1CCNC[C@H]1COc1ccc2OCOc2c1,Launched,4.0,selective serotonin reuptake inhibitor (SSRI),Serotonin transporter inhibitor [INHIBITOR]; Serotonin transporter inhibitor [INHIBITOR],INHIBITOR,CHRM1|CHRM2|CHRM3|CHRM4|CHRM5|HTR2A|SLC6A2|SLC6A4,CHRM1,8,transporter,transporter,discovery compound,,4790.0,10.1,pKd,Human,329.143,Selleck,S3005,Paroxetine HCl,94.73,25582,283,57,True,2320,2328,940,6,4664,696,True,True,True,True,True,True,True,True,False,True,neurology/psychiatry,depression|obsessive compulsive disorder (OCD)|generalized anxiety disorder (GAD)|panic disorders|posttraumatic stress disorder|social anxiety disorder
biotin,BRD-K89210380-001-13-7,YBJHBAHKTGYVGT-ZKWXMUAHSA-N,171548.0,CHEMBL857,OC(=O)CCCC[C@@H]1SC[C@@H]2NC(=O)N[C@H]12,Launched,4.0,vitamin B,,,ACACA|ACACB|HLCS|MCCC1|MCCC2|PC|PCCA|PCCB|SLC5A6,ACACA,9,transporter,transporter,discovery compound,,4787.0,,,,244.088,Selleck,S3130,Biotin (Vitamin B7),100.0,323129,12193,2083,True,128633,105096,50585,646,72510,1811,True,True,True,True,True,True,True,False,False,False,,
indomethacin,BRD-K57222227-001-30-1,CGIGDMFJXJATDK-UHFFFAOYSA-N,3715.0,CHEMBL3989410,COc1ccc2n(C(=O)c3ccc(Cl)cc3)c(C)c(CC(O)=O)c2c1,Launched,4.0,cyclooxygenase inhibitor,Cyclooxygenase inhibitor [INHIBITOR],INHIBITOR,GLO1|PLA2G2A|PPARA|PPARG|PTGDR2|PTGR2|PTGS1|PTGS2|SLC46A1,GLO1,9,transporter,transporter,discovery compound,,1909.0,5.7 - 6.0,pKi,Mouse,357.077,MicroSource,1500350,INDOMETHACIN,99.45,84109,6842,974,True,17631,12953,11171,309,26570,855,True,True,True,True,True,True,True,False,False,False,rheumatology|orthopedics,rheumatoid arthritis|ankylosing spondylitis|osteoarthritis|bursitis|tendinitis
quinidine,BRD-K59632282-052-03-1,LOUPRKONTZGTKE-LHHVKLHASA-N,441074.0,CHEMBL1200437,COc1ccc2nccc([C@H](O)[C@H]3C[C@@H]4CC[N@]3C[C@@H]4C=C)c2c1,Launched,4.0,sodium channel blocker,Sodium channel alpha subunit blocker [BLOCKER],BLOCKER,KCNA5|KCNA7|KCNH1|KCNH2|KCNH5|KCNK1|KCNK6|SCN5A|SLC29A4,KCNA5,9,ion channel; transporter,ion channel,discovery compound,,2342.0,4.0,pIC50,Rat,324.184,MicroSource,1500523,QUINIDINE GLUCONATE,87.9,22323,309,80,True,1893,1822,1166,3,4288,381,True,True,True,True,True,True,True,True,True,True,infectious disease|cardiology,malaria|atrial fibrillation (AF)|ventricular arrhythmias
romidepsin,BRD-K61397605-001-03-4,OHRURASPPZQGQM-WDCUYUQDSA-N,56840936.0,CHEMBL343448,C\C=C1/NC(=O)[C@H]2CSSCC\C=C\[C@H](CC(=O)N[C@H](C(C)C)C(=O)N2)OC(=O)[C@@H](NC1=O)C(C)C |t:12|,Launched,4.0,HDAC inhibitor,Histone deacetylase inhibitor [INHIBITOR],INHIBITOR,HDAC1|HDAC2|HDAC3|HDAC4|HDAC5|HDAC6|HDAC7|HDAC8|HDAC9,HDAC1,9,epigenetic (selective probe),epigenetic (selective probe),discovery compound,,7006.0,11.8,pKi,Human,540.208,MedChemEx,HY-15149,Romidepsin,98.84,6744,202,13,True,4822,4649,1075,21,2452,113,True,True,True,True,True,True,True,True,False,True,hematologic malignancy,cutaneous T-cell lymphoma (CTCL)
vorinostat,BRD-K81418486-001-47-5,WAEXFXRVDQXREF-UHFFFAOYSA-N,5311.0,CHEMBL98,ONC(=O)CCCCCCC(=O)Nc1ccccc1,Launched,4.0,HDAC inhibitor,Histone deacetylase 1 inhibitor [INHIBITOR]; Histone deacetylase 3 inhibitor [INHIBITOR]; Histone deacetylase 6 inhibitor [INHIBITOR]; Histone deacetylase 2 inhibitor [INHIBITOR],INHIBITOR,HDAC1|HDAC10|HDAC11|HDAC2|HDAC3|HDAC5|HDAC6|HDAC8|HDAC9,HDAC1,9,epigenetic (selective probe),epigenetic (selective probe),discovery compound,,6852.0,8.8,pKi,Human,264.147,Selleck,S1047,Vorinostat (SAHA),99.7,16079,531,37,True,11622,11342,2954,43,6272,230,True,True,True,True,True,True,True,True,False,True,hematologic malignancy,cutaneous T-cell lymphoma (CTCL)
atomoxetine,BRD-K20141153-003-13-7,VHGCDTVCOLNTBX-QGZVFWFLSA-N,54841.0,CHEMBL1702,CNCC[C@@H](Oc1ccccc1C)c1ccccc1,Launched,4.0,norepinephrine transporter inhibitor,Norepinephrine transporter inhibitor [INHIBITOR],INHIBITOR,GRIN1|GRIN2A|GRIN2B|GRIN2C|GRIN2D|GRIN3A|GRIN3B|SLC6A2|SLC6A3|SLC6A4,GRIN1,10,transporter,transporter,discovery compound,,7118.0,8.7,pKd,Human,255.162,Tocris,2011,Tomoxetine hydrochloride,97.04,8008,64,7,True,416,594,156,2,1081,139,True,True,True,True,True,True,True,True,False,True,neurology/psychiatry,attention-deficit/hyperactivity disorder (ADHD)
cyclosporin-A,BRD-K13533483-001-20-9,PMATZTZNYRCHOR-MAYCVHQQSA-N,,CHEMBL384608,"CC[C@H]1NC(=O)[C@@H]([C@@H](O)[C@@H](C)C\C=C\C)N(C)C(=O)[C@@H](C(C)C)N(C)C(=O)[C@@H](CC(C)C)N(C)C(=O)[C@@H](CC(C)C)N(C)C(=O)[C@@H](C)NC(=O)[C@@H](C)NC(=O)[C@@H](CC(C)C)N(C)C(=O)[C@@H](NC(=O)[C@@H](CC(C)C)N(C)C(=O)CN(C)C1=O)C(C)C |&1:2,&2:6,&3:7,&4:9,&5:19,&6:27,&7:36,&8:45,&9:50,&10:55,&11:64,&12:68,r|",Launched,,calcineurin inhibitor,,,ABCB11|CAMLG|FPR1|PPIA|PPIF|PPP3CA|PPP3R2|SLC10A1|SLCO1B1|SLCO1B3,ABCB11,10,transporter; phosphatase,transporter,discovery compound,,,,,,1201.841,Tocris,1101,Cyclosporin A,99.52,76285,2133,439,True,21665,20402,8781,76,18129,988,True,True,True,True,True,True,True,False,True,False,rheumatology|dermatology,rheumatoid arthritis|psoriasis
eslicarbazepine-acetate,BRD-K61237927-001-01-7,QIALRBLEEWJACW-INIZCTEOSA-N,179344.0,CHEMBL87992,CC(=O)O[C@H]1Cc2ccccc2N(C(N)=O)c2ccccc12,Launched,4.0,sodium channel blocker,Sodium channel alpha subunit blocker [BLOCKER],BLOCKER,SCN10A|SCN11A|SCN1A|SCN2A|SCN3A|SCN4A|SCN5A|SCN7A|SCN8A|SCN9A,SCN10A,10,ion channel,ion channel,discovery compound,,,,,,296.116,MedChemEx,HY-B0703,Eslicarbazepine (acetate),99.86,1404,8,2,True,152,167,53,0,225,74,True,True,True,False,True,True,True,True,False,True,neurology/psychiatry,seizures
icosapent,BRD-K47192521-001-05-4,JAZBEHYOTPTENJ-JLNKQSITSA-N,446284.0,CHEMBL2095209,CC\C=C/C\C=C/C\C=C/C\C=C/C\C=C/CCCC(O)=O,Launched,4.0,platelet aggregation inhibitor,Unknown [None],,ACSL3|ACSL4|FADS1|FFAR1|PPARD|PPARG|PTGS1|PTGS2|SLC8A1|TRPV1,ACSL3,10,transporter,transporter,discovery compound,,7441.0,,,,302.225,Enzo,FA001,Eicosapentaenoic acid (20:5 n-3),87.46,1756,30,6,True,313,317,237,0,1212,37,True,True,True,False,True,True,True,False,True,False,endocrinology,hypertriglyceridemia
L-arginine,BRD-K06033833-003-03-3,ODKSFYDXXFIFQN-BYPYZUCNSA-N,6322.0,CHEMBL212301,N[C@@H](CCCNC(N)=N)C(O)=O,Launched,,nitric oxide precursor,,,ARG2|ASL|ASS1|AZIN2|GPRC6A|NOS2|NOS3|SLC7A1|SLC7A3|SLC7A4,ARG2,10,transporter,transporter,discovery compound,,721.0,4.4,pEC50,Human,174.112,Selleck,S3174,L-Arginine HCl,100.0,96900,2509,626,True,26378,24111,14198,61,41245,636,True,True,True,True,True,True,True,True,False,True,cardiology|neurology/psychiatry|urology|obstetrics/gynecology|otolaryngology,congestive heart failure|hypertension|coronary artery disease (CAD)|claudication|senile dementia|erectile dysfunction|infertility|common cold
oxcarbazepine,BRD-K04196797-001-25-1,CTRLABGOLIVAIY-UHFFFAOYSA-N,34312.0,CHEMBL1068,NC(=O)N1c2ccccc2CC(=O)c2ccccc12,Launched,4.0,sodium channel blocker,Sodium channel alpha subunit blocker [BLOCKER],BLOCKER,SCN10A|SCN11A|SCN1A|SCN2A|SCN3A|SCN4A|SCN5A|SCN7A|SCN8A|SCN9A,SCN10A,10,ion channel,ion channel,discovery compound,,7254.0,,,,252.09,Selleck,S1391,Oxcarbazepine,95.44,11178,136,26,True,922,903,327,4,2720,783,True,True,True,True,True,True,True,True,False,True,neurology/psychiatry,seizures
phenacemide,BRD-K40905133-001-04-9,XPFRXWCVYUEORT-UHFFFAOYSA-N,4753.0,CHEMBL918,NC(=O)NC(=O)Cc1ccccc1,Launched,4.0,sodium channel blocker,Sodium channel alpha subunit blocker [BLOCKER],BLOCKER,SCN10A|SCN11A|SCN1A|SCN2A|SCN3A|SCN4A|SCN5A|SCN7A|SCN8A|SCN9A,SCN10A,10,ion channel,ion channel,discovery compound,,7265.0,,,,178.074,MicroSource,1500472,PHENACEMIDE,99.38,220,4,1,True,35,27,11,0,37,12,True,True,True,False,True,True,True,True,False,True,neurology/psychiatry,epilepsy|seizures
phenelzine,BRD-K87024524-065-17-7,RMUCZJUITONUFY-UHFFFAOYSA-N,3675.0,CHEMBL1089,NNCCc1ccccc1,Launched,4.0,monoamine oxidase inhibitor,,,ABAT|AOC3|GAD2|GPT|GPT2|MAOA|MAOB|SLC6A2|SLC6A3|SLC6A4,ABAT,10,transporter; metabolic,transporter,discovery compound,,7266.0,5.0,pKi,Human,136.1,MicroSource,1500476,PHENELZINE SULFATE,80.24,4368,51,11,True,493,523,206,2,757,117,True,True,True,True,True,True,True,True,False,True,neurology/psychiatry,depression
ritonavir,BRD-K51485625-001-08-4,NCDNCNXCDXHOMX-XGKFQTDJSA-N,392622.0,CHEMBL3114713,CC(C)[C@H](NC(=O)N(C)Cc1csc(n1)C(C)C)C(=O)N[C@H](C[C@H](O)[C@H](Cc1ccccc1)NC(=O)OCc1cncs1)Cc1ccccc1,Launched,,HIV protease inhibitor,,,CYP1A2|CYP2B6|CYP2C19|CYP2C8|CYP2C9|CYP2D6|CYP2E1|CYP3A4|CYP3A5|CYP3A7,CYP1A2,10,protease,protease,discovery compound,,8804.0,6.9,pKi,Human,720.313,Selleck,S1185,Ritonavir,98.16,46514,472,85,True,5954,6174,2017,2,9461,1177,True,True,True,True,True,True,True,True,False,True,infectious disease,human immunodeficiency virus (HIV-1)
acetylcysteine,BRD-K59058747-001-20-9,PWKSKIMOESPYIA-BYPYZUCNSA-N,12035.0,CHEMBL5315034,CC(=O)N[C@@H](CS)C(O)=O,Launched,2.0,mucolytic agent,,,ACY1|CHUK|GRIN1|GRIN2A|GRIN2B|GRIN2D|GRIN3A|GSS|IKBKB|RELA|SLC7A11,ACY1,11,transporter,transporter,discovery compound,,10945.0,,,,163.03,MicroSource,1500105,ACETYLCYSTEINE,88.97,58744,2006,322,True,21034,26697,9751,59,17074,882,True,True,True,True,True,True,True,True,False,False,gastroenterology,acetaminophen overdose|hepatic injury
belinostat,BRD-K17743125-001-08-4,NCNRHFGMJRPRSK-MDZDMXLPSA-N,6918638.0,CHEMBL408513,ONC(=O)\C=C\c1cccc(c1)S(=O)(=O)Nc1ccccc1,Launched,4.0,HDAC inhibitor,Histone deacetylase inhibitor [INHIBITOR],INHIBITOR,HDAC1|HDAC10|HDAC11|HDAC2|HDAC3|HDAC4|HDAC5|HDAC6|HDAC7|HDAC8|HDAC9,HDAC1,11,epigenetic (selective probe),epigenetic (selective probe),discovery compound,,7496.0,6.9,pEC50,Human,318.067,Selleck,S1085,Belinostat (PXD101),94.73,4114,124,10,True,3160,3048,755,17,1757,64,True,True,True,True,True,True,True,True,False,True,hematologic malignancy,peripheral T-cell lymphoma (PTCL)
glyburide,BRD-K36927236-001-32-6,ZNNLBTZKUZBEKO-UHFFFAOYSA-N,3488.0,CHEMBL472,COc1ccc(Cl)cc1C(=O)NCCc1ccc(cc1)S(=O)(=O)NC(=O)NC1CCCCC1,Launched,4.0,ATP channel blocker|insulin secretagogue|sulfonylurea,"Sulfonylurea receptor 1, Kir6.2 blocker [BLOCKER]",BLOCKER,ABCA1|ABCB11|ABCC8|ABCC9|CFTR|CPT1A|KCNJ1|KCNJ11|KCNJ5|KCNJ8|SLCO2B1,ABCA1,11,ion channel; transporter,ion channel,discovery compound,,2414.0,4.7,pKi,Human,493.144,MicroSource,2300229,GLYBURIDE,97.94,12502,194,79,True,1452,2044,850,7,3870,247,True,True,True,True,True,True,True,True,False,True,endocrinology,diabetes mellitus|hyperglycemia
rufinamide,BRD-K20079257-001-09-6,POGQSBRIGCQNEG-UHFFFAOYSA-N,129228.0,CHEMBL1201754,NC(=O)c1cn(Cc2c(F)cccc2F)nn1,Launched,4.0,voltage-gated sodium channel blocker,Sodium channel alpha subunit blocker [BLOCKER],BLOCKER,GRM5|SCN10A|SCN11A|SCN1A|SCN2A|SCN3A|SCN4A|SCN5A|SCN7A|SCN8A|SCN9A,GRM5,11,ion channel,ion channel,discovery compound,,7470.0,,,,238.067,Selleck,S1256,Rufinamide,98.35,1719,13,2,True,171,180,55,0,343,161,True,True,True,False,True,True,True,False,False,False,neurology/psychiatry,seizures
sulfasalazine,BRD-K10670311-001-15-5,NCEXYHBECQHGNR-QZQOTICOSA-N,,CHEMBL421,OC(=O)c1cc(ccc1O)\N=N\c1ccc(cc1)S(=O)(=O)Nc1ccccn1,Launched,4.0,cyclooxygenase inhibitor,Arachidonate 5-lipoxygenase inhibitor [INHIBITOR]; Cyclooxygenase inhibitor [INHIBITOR],INHIBITOR,ACAT1|ALOX5|CHUK|IKBKB|PLA2G1B|PPARG|PTGS1|PTGS2|SLC46A1|SLC7A11|TBXAS1,ACAT1,11,transporter,transporter,discovery compound,,4840.0,4.2,pIC50,Human,398.068,MicroSource,1500552,SULFASALAZINE,97.78,25234,2021,199,True,6234,5980,3227,18,6609,637,True,True,True,True,True,True,True,False,False,False,gastroenterology,ulcerative colitis
amiloride,BRD-K97181089-003-24-7,XSDQTOBWRPYKKA-UHFFFAOYSA-N,16231.0,CHEMBL945,NC(=N)NC(=O)c1nc(Cl)c(N)nc1N,Launched,4.0,sodium channel blocker,,,AOC1|ASIC1|ASIC2|ASIC3|PKD2|PKD2L1|PLAU|SCNN1A|SCNN1B|SCNN1D|SCNN1G|SLC9A1|TRPC7|TRPV2,AOC1,14,ion channel; transporter,ion channel,discovery compound,,2421.0,5.8 - 6.0,pKi,Rat,229.048,MicroSource,1500112,AMILORIDE HYDROCHLORIDE,99.74,27787,796,215,True,5363,4976,3755,28,6910,230,True,True,True,True,True,True,True,False,False,False,cardiology,hypertension|congestive heart failure
menadione,BRD-K78126613-001-28-5,MJVAVZPDRWSRRC-UHFFFAOYSA-N,4055.0,CHEMBL590,CC1=CC(=O)c2ccccc2C1=O |t:1|,Launched,4.0,mitochondrial DNA polymerase inhibitor|phosphatase inhibitor,,,AOX1|BGLAP|F10|F2|F7|F9|GGCX|NQO1|NQO2|PROC|PROS1|PROZ|VKORC1|VKORC1L1,AOX1,14,phosphatase; metabolic,phosphatase,discovery compound,,,,,,172.052,MicroSource,1502254,MENADIONE,98.17,18732,596,90,True,5260,5337,2249,20,2481,169,True,True,True,True,True,True,True,True,False,False,gastroenterology|neurology/psychiatry|dermatology|rheumatology,ulcerative colitis|diarrhea|headache|varicose veins|rheumatoid arthritis
nadide,BRD-K01824972-001-05-9,BAWFJGJZGIEFAR-NNYOXOHSSA-O,5893.0,CHEMBL3039307,"NC(=O)c1ccc[n+](c1)[C@@H]1O[C@H](COP(O)(=O)OP(O)(=O)OC[C@H]2O[C@H]([C@H](O)[C@@H]2O)n2cnc3c(N)ncnc23)[C@@H](O)[C@H]1O |a:9,11,23,25,26,28,40,42,&1:14,&2:18|",Launched,,free radical scavenger,,,AHCY|AKR1A1|ALDH2|BLVRA|DHPS|DLD|GALE|HMGCR|HSD17B1|HSD17B4|IMPDH2|MGAM|P2RY11|SORD|TRPM2,AHCY,15,metabolic,metabolic,discovery compound,,4487.0,,,,664.117,Selleck,S2518,NADIDE,87.7,210,8,0,True,43,36,20,2,33,2,True,True,True,True,True,True,True,False,False,False,,
nifedipine,BRD-K96354014-001-29-4,HYIMSNHJOBLJNT-UHFFFAOYSA-N,4485.0,CHEMBL193,"COC(=O)C1=C(C)NC(C)=C(C1c1ccccc1[N+]([O-])=O)C(=O)OC |c:4,9|",Launched,4.0,calcium channel blocker,Voltage-gated L-type calcium channel blocker [BLOCKER],BLOCKER,CACNA1C|CACNA1D|CACNA1F|CACNA1H|CACNA1S|CACNA2D1|CACNB2|CALM1|GLRA1|GLRA3|GLRB|KCNA1|KCNA5|NR1I2|TRPM3,CACNA1C,15,ion channel,ion channel,discovery compound,,2514.0,6.0,pIC50,Human,346.116,MedChemEx,HY-B0284,Nifedipine,96.3,48095,838,403,True,5886,5094,3960,33,16852,915,True,True,True,True,True,True,True,True,False,True,cardiology,vasospastic angina|chronic stable angina
riluzole,BRD-K21283037-001-21-5,FTALBRSUTCGOEG-UHFFFAOYSA-N,5070.0,CHEMBL744,Nc1nc2ccc(OC(F)(F)F)cc2s1,Launched,4.0,glutamate inhibitor,Sodium channel alpha subunit blocker [BLOCKER],BLOCKER,KCNK10|KCNK2|KCNK4|KCNN4|SCN10A|SCN11A|SCN1A|SCN2A|SCN3A|SCN4A|SCN5A|SCN7A|SCN8A|SCN9A|SLC7A11,KCNK10,15,transporter,transporter,discovery compound,,2326.0,5.0,pEC50,Human,234.007,MicroSource,1505348,RILUZOLE,99.88,8817,214,60,True,2170,3279,892,4,2482,145,True,True,True,True,True,True,True,False,False,False,neurology/psychiatry,amyotrophic lateral sclerosis (ALS)
dasatinib,BRD-K49328571-001-15-0,ZBNZXTGUTAYRHI-UHFFFAOYSA-N,3062316.0,CHEMBL1421,Cc1nc(Nc2ncc(s2)C(=O)Nc2c(C)cccc2Cl)cc(n1)N1CCN(CCO)CC1,Launched,4.0,Bcr-Abl kinase inhibitor|ephrin inhibitor|KIT inhibitor|PDGFR tyrosine kinase receptor inhibitor|SRC inhibitor|tyrosine kinase inhibitor,Tyrosine-protein kinase ABL inhibitor [INHIBITOR]; Platelet-derived growth factor receptor beta inhibitor [INHIBITOR]; Stem cell growth factor receptor inhibitor [INHIBITOR]; Ephrin type-A receptor 2 inhibitor [INHIBITOR]; SRC inhibitor [INHIBITOR]; Bcr/Abl fusion protein inhibitor [INHIBITOR],INHIBITOR,ABL1|ABL2|BLK|EPHA2|FGR|FRK|FYN|HCK|KIT|LCK|LYN|PDGFRB|SRC|SRMS|STAT5B|YES1,ABL1,16,kinase; growth factor / cytokine,kinase,discovery compound,,5678.0,9.6,pIC50,Human,487.156,Selleck,S1021,Dasatinib,97.6,26082,1214,74,True,16315,13869,5839,59,10582,371,True,True,True,True,True,True,True,True,False,True,hematologic malignancy,chronic myeloid leukemia (CML)|acute lymphoblastic leukemia (ALL)
serotonin,BRD-K38580127-003-15-4,QZAYGJVTTNCVMB-UHFFFAOYSA-N,5202.0,CHEMBL535832,NCCc1c[nH]c2ccc(O)cc12,Launched,,growth factor receptor activator,,,DRD1|DRD5|HTR1A|HTR1B|HTR1D|HTR1E|HTR1F|HTR2A|HTR2B|HTR2C|HTR3A|HTR3B|HTR4|HTR5A|HTR6|HTR7|SLC36A1,DRD1,17,transporter,transporter,discovery compound,,3250.0,8.9,pKd,Rat,176.095,Selleck,S4244,Serotonin HCl,80.69,349456,5610,1418,True,45289,42133,21799,161,66994,3814,True,True,True,True,True,True,True,True,False,False,neurology/psychiatry,anxiety|depression|sleeplessness
procaine,BRD-K24616672-003-20-1,MFDFERRIHVXMIY-UHFFFAOYSA-N,4914.0,CHEMBL569,CCN(CC)CCOC(=O)c1ccc(N)cc1,Launched,4.0,HMGCR inhibitor,,,CHRNA2|GRIN3A|HTR3A|KCNMA1|KCNMB1|KCNMB2|KCNMB3|KCNMB4|KCNN1|KCNN2|KCNN3|KCNN4|MAOA|MAOB|RYR1|RYR2|SCN10A|SLC6A3,CHRNA2,18,transporter; metabolic,transporter,discovery compound,,4291.0,,,,236.152,MicroSource,1500504,PROCAINE HYDROCHLORIDE,99.21,28962,868,172,True,2408,2067,1819,7,5189,180,True,True,True,True,True,True,True,True,False,True,neurology/psychiatry,anesthetic
bosutinib,BRD-K99964838-001-12-7,UBPYILGKFZZVDX-UHFFFAOYSA-N,5328940.0,CHEMBL2095206,COc1cc(Nc2c(cnc3cc(OCCCN4CCN(C)CC4)c(OC)cc23)C#N)c(Cl)cc1Cl,Launched,4.0,Abl kinase inhibitor|Bcr-Abl kinase inhibitor|SRC inhibitor,Bcr/Abl fusion protein inhibitor [INHIBITOR],INHIBITOR,ABL1|BCR|CAMK1D|CAMK2G|CDK2|FRK|FYN|HCK|LYN|MAP2K1|MAP2K2|MAP3K2|MAP4K5|SRC|STK10|STK24|STK4|TNK2|TXK,ABL1,19,kinase,kinase,discovery compound,,5710.0,8.1,pIC50,Human,529.165,Tocris,4361,Bosutinib,99.19,5188,136,10,True,2944,2490,832,4,2261,129,True,True,True,True,True,True,True,True,False,True,hematologic malignancy,chronic myeloid leukemia (CML)
desipramine,BRD-K60762818-003-26-0,HCYAFALTSJYZDH-UHFFFAOYSA-N,2995.0,CHEMBL72,CNCCCN1c2ccccc2CCc2ccccc12,Launched,4.0,tricyclic antidepressant,,,ADRA1A|ADRA1B|ADRA1D|ADRA2A|ADRA2B|ADRA2C|ADRB1|ADRB2|CHRM1|CHRM2|CHRM3|CHRM4|CHRM5|DRD2|HRH1|HTR1A|HTR2A|HTR2C|SLC6A2|SLC6A4|SMPD1,ADRA1A,21,transporter,transporter,discovery compound,,2399.0,4.5,pKi,Human,266.178,Sigma,MFCD00058108,"3-(10,11-dihydro-5H-dibenzo[b,f]azepin-5-yl)-N-methyl-1-propanamine hydrochloride",94.4,16773,197,93,True,1630,1843,650,4,2473,190,True,True,True,True,True,True,True,True,False,True,neurology/psychiatry,depression
retinol,BRD-K22429181-001-15-9,FPIPGXGPPPQFEQ-OVSJKPMPSA-N,445354.0,CHEMBL986,C\C(=C/CO)\C=C\C=C(/C)\C=C\C1=C(C)CCCC1(C)C |c:12|,Launched,4.0,retinoid receptor ligand,,,ALDH1A1|ALDH1A2|ALDH1A3|DHRS3|DHRS4|LRAT|NR2C2|RBP1|RBP3|RDH11|RDH12|RDH13|RDH14|RDH5|RDH8|RETSAT|RHO|RLBP1|RXRA|RXRB|RXRG,ALDH1A1,21,mechanotransduction,mechanotransduction,discovery compound,,4053.0,4.7,pEC50,Human,286.23,Sigma,MFCD00001552,retinol,0.0,54881,2440,442,True,17546,15182,10742,121,14069,1541,True,True,True,True,True,True,True,False,False,False,dermatology,cosmetic|acne vulgaris (AV)|keratosis
verapamil,BRD-A09533288-003-31-2,SGTNSNPWRIOYBX-UHFFFAOYSA-N,2520.0,CHEMBL1280,COc1ccc(CCN(C)CCCC(C#N)(C(C)C)c2ccc(OC)c(OC)c2)cc1OC |&1:13|,Launched,4.0,calcium channel blocker,Voltage-gated L-type calcium channel blocker [BLOCKER],BLOCKER,CACNA1A|CACNA1B|CACNA1C|CACNA1D|CACNA1F|CACNA1G|CACNA1I|CACNA1S|CACNB1|CACNB2|CACNB3|CACNB4|CYP3A4|KCNA10|KCNA7|KCNH2|KCNJ11|NALCN|SCN5A|SLC29A4|SLC6A4,CACNA1A,21,ion channel; transporter,ion channel,discovery compound,,2406.0,3.9,pIC50,Mouse,454.283,MicroSource,2300307,VERAPAMIL HYDROCHLORIDE,97.04,56315,1033,345,True,9411,8917,5006,52,17147,870,True,True,True,True,True,True,True,False,True,False,cardiology,hypertension
imipramine,BRD-K38436528-003-26-1,BCGWQEUPMDMJNV-UHFFFAOYSA-N,3696.0,CHEMBL1692,CN(C)CCCN1c2ccccc2CCc2ccccc12,Launched,4.0,norepinephrine reputake inhibitor|serotonin reuptake inhibitor,Serotonin transporter inhibitor [INHIBITOR]; Norepinephrine transporter inhibitor [INHIBITOR],INHIBITOR,ADRA1A|ADRA1B|ADRA1D|CHRM1|CHRM2|CHRM3|CHRM4|CHRM5|DRD1|DRD2|DRD5|HRH1|HTR1A|HTR2A|HTR2C|HTR6|HTR7|KCND2|KCND3|KCNH1|KCNH2|SLC6A2|SLC6A3|SLC6A4,ADRA1A,24,transporter,transporter,discovery compound,,357.0,6.9,pKi,Human,280.194,MicroSource,1500348,IMIPRAMINE HYDROCHLORIDE,92.52,27422,289,83,True,2689,2748,1178,4,3692,422,True,True,True,True,True,True,True,True,False,True,neurology/psychiatry|urology,depression|nocturnal enuresis
dipyridamole,BRD-K86301799-001-37-1,IZEKFCXSFNUWAM-UHFFFAOYSA-N,3108.0,CHEMBL932,OCCN(CCO)c1nc(N2CCCCC2)c2nc(nc(N3CCCCC3)c2n1)N(CCO)CCO,Launched,4.0,phosphodiesterase inhibitor,"Equilibrative nucleoside transporter 1 inhibitor [INHIBITOR]; 3',5'-cyclic phosphodiesterase inhibitor [INHIBITOR]",INHIBITOR,ADA|PDE10A|PDE1A|PDE1B|PDE1C|PDE2A|PDE3A|PDE3B|PDE4A|PDE4B|PDE4C|PDE4D|PDE5A|PDE6A|PDE6B|PDE6C|PDE6D|PDE6G|PDE6H|PDE7A|PDE7B|PDE8A|PDE8B|PDE9A|SLC29A1,ADA,25,transporter,transporter,discovery compound,,4807.0,5.9,pKi,Human,504.317,Selleck,S1895,Dipyridamole (Persantine),91.41,21224,381,101,True,2594,2058,2094,12,9414,186,True,True,True,True,True,True,True,False,False,False,cardiology,coronary artery disease (CAD)|peripheral artery disease (PAD)|hypertension
L-aspartic-acid,BRD-K97163964-001-04-1,CKLJMWTZIZZHCS-REOHCLBHSA-N,5960.0,CHEMBL274323,N[C@@H](CC(O)=O)C(O)=O,Launched,3.0,metallic radical formation stimulant,,,ACY1|ACY3|ADSS|ADSSL1|ASNS|ASPA|ASPH|ASRGL1|ASS1|CAD|DARS|DARS2|GOT1|GOT2|GRIN1|GRIN2A|GRIN2B|GRIN2C|GRIN2D|LYZ|PAICS|RNASE1|SLC1A1|SLC25A12|SLC25A13,ACY1,25,transporter,transporter,discovery compound,,,,,,133.038,Sigma,A1330000,(2S)-2-aminobutanedioic acid,98.1,10488,323,43,True,2450,2105,1166,8,1481,65,True,True,True,True,True,True,True,True,False,True,,
nortriptyline,BRD-K91263825-003-21-4,PHVGLTMQBUFIQQ-UHFFFAOYSA-N,4543.0,CHEMBL1201156,CNCCC=C1c2ccccc2CCc2ccccc12,Launched,4.0,tricyclic antidepressant,Serotonin transporter inhibitor [INHIBITOR]; Norepinephrine transporter inhibitor [INHIBITOR],INHIBITOR,ADRA1A|ADRA1B|ADRA1D|ADRA2A|ADRA2B|ADRA2C|ADRB1|ADRB2|ADRB3|CHRM1|CHRM2|CHRM3|CHRM4|CHRM5|DRD2|HRH1|HTR1A|HTR2A|HTR2C|HTR6|KCNJ10|PGRMC1|SIGMAR1|SLC6A2|SLC6A4,ADRA1A,25,transporter,transporter,discovery compound,,2404.0,4.4 - 4.8,pKd,Human,263.167,MicroSource,1500442,NORTRIPTYLINE HYDROCHLORIDE,98.98,11474,157,38,True,818,865,379,4,2388,253,True,True,True,True,True,True,True,True,False,True,neurology/psychiatry,depression
pentoxifylline,BRD-K57569181-001-27-5,BYPFEZZEUUWMEJ-UHFFFAOYSA-N,4740.0,CHEMBL628,CC(=O)CCCCn1c(=O)n(C)c2ncn(C)c2c1=O,Launched,4.0,phosphodiesterase inhibitor,"Adenosine A2 receptor antagonist [ANTAGONIST]; 3',5'-cyclic phosphodiesterase inhibitor [INHIBITOR]",ANTAGONIST; INHIBITOR,ADORA1|ADORA2A|ADORA2B|ADRA2B|NT5E|PDE10A|PDE1A|PDE1B|PDE1C|PDE2A|PDE3A|PDE3B|PDE4A|PDE4B|PDE4C|PDE4D|PDE5A|PDE6A|PDE6B|PDE6C|PDE6D|PDE6G|PDE6H|PDE7A|PDE7B|PDE8A|PDE8B|PDE9A|TNF,ADORA1,29,growth factor / cytokine,growth factor / cytokine,discovery compound,,7095.0,5.3,pKi,Human,278.138,MicroSource,1503611,PENTOXIFYLLINE,99.53,13776,443,99,True,3363,3424,2623,3,5828,269,True,True,True,True,True,True,True,True,False,True,cardiology,claudication
gabapentin,BRD-K62737565-001-09-5,UGJMXCAKCUNAIE-UHFFFAOYSA-N,6919078.0,CHEMBL940,NCC1(CC(O)=O)CCCCC1,Launched,4.0,calcium channel blocker,Voltage-gated calcium channel modulator [MODULATOR],MODULATOR,ADORA1|CACNA1A|CACNA1B|CACNA1C|CACNA1D|CACNA1E|CACNA1F|CACNA1G|CACNA1H|CACNA1I|CACNA1S|CACNA2D1|CACNA2D2|CACNA2D3|CACNA2D4|CACNB1|CACNB2|CACNB3|CACNB4|CACNG1|CACNG2|CACNG3|CACNG4|CACNG5|CACNG6|CACNG7|CACNG8|GRIN1|GRIN2A|GRIN2B|GRIN2C|GRIN2D|GRIN3A|GRIN3B,ADORA1,34,ion channel,ion channel,discovery compound,,5483.0,8.3,pEC50,Human,171.126,Selleck,S2133,Gabapentin (Neurontin),100.0,41324,1283,231,True,3690,3604,2267,15,10746,1023,True,True,True,True,True,True,True,True,False,True,infectious disease|neurology/psychiatry,virus herpes simplex (HSV)|shingles|seizures|restless leg syndrome
zonisamide,BRD-K48300629-001-14-5,UBQNRHZMVUUOMG-UHFFFAOYSA-N,5734.0,CHEMBL750,NS(=O)(=O)Cc1noc2ccccc12,Launched,4.0,sodium channel blocker|T-type calcium channel blocker,Sodium channel alpha subunit blocker [BLOCKER],BLOCKER,CA1|CA10|CA11|CA12|CA13|CA14|CA2|CA3|CA4|CA5A|CA5B|CA6|CA7|CA8|CA9|CACNA1G|CACNA1H|CACNA1I|MAOA|MAOB|SCN10A|SCN11A|SCN1A|SCN1B|SCN2A|SCN2B|SCN3A|SCN3B|SCN4A|SCN4B|SCN5A|SCN7A|SCN8A|SCN9A,CA1,34,ion channel,ion channel,discovery compound,,7047.0,6.9,pKi,Human,212.026,Tocris,2625,Zonisamide,98.12,11017,183,25,True,1965,2297,739,5,2578,505,True,True,True,True,True,True,True,True,False,True,neurology/psychiatry,seizures|epilepsy
dalfampridine,BRD-K22482860-001-21-4,NUKYPUAOHBNCPY-UHFFFAOYSA-N,1727.0,CHEMBL284348,Nc1ccncc1,Launched,4.0,potassium channel blocker,Voltage-gated potassium channel blocker [BLOCKER],BLOCKER,KCNA1|KCNA10|KCNA2|KCNA3|KCNA4|KCNA5|KCNA6|KCNA7|KCNB1|KCNB2|KCNC1|KCNC2|KCNC3|KCNC4|KCND1|KCND2|KCND3|KCNF1|KCNG1|KCNG2|KCNG3|KCNG4|KCNH1|KCNH2|KCNH3|KCNH4|KCNH5|KCNH6|KCNH7|KCNH8|KCNJ13|KCNJ5|KCNQ1|KCNQ2|KCNQ3|KCNQ4|KCNQ5|KCNS1|KCNS2|KCNS3|KCNV1|KCNV2,KCNA1,42,ion channel,ion channel,discovery compound,,,,,,94.053,MicroSource,1501130,FAMPRIDINE,97.14,588,9,4,True,97,95,36,0,142,12,True,True,True,False,True,True,True,False,False,False,neurology/psychiatry,multiple sclerosis
amoxapine,BRD-K02265150-001-27-3,QWGDMFLQWFTERH-UHFFFAOYSA-N,2170.0,CHEMBL1113,Clc1ccc2Oc3ccccc3N=C(N3CCNCC3)c2c1 |t:13|,Launched,4.0,norepinephrine reputake inhibitor,Serotonin transporter inhibitor [INHIBITOR]; Norepinephrine transporter inhibitor [INHIBITOR]; Dopamine receptor antagonist [ANTAGONIST],ANTAGONIST; INHIBITOR,ADRA1A|ADRA1B|ADRA1D|ADRA2A|ADRA2B|ADRA2C|CHRM1|CHRM2|CHRM3|CHRM4|CHRM5|DRD1|DRD2|DRD3|DRD4|DRD5|GABRA1|GABRA2|GABRA3|GABRA4|GABRA5|GABRA6|GABRB1|GABRB2|GABRB3|GABRD|GABRE|GABRG1|GABRG2|GABRG3|GABRP|GABRQ|HRH1|HRH4|HTR1A|HTR1B|HTR2A|HTR2B|HTR2C|HTR3A|HTR6|HTR7|SLC6A2|SLC6A3|SLC6A4,ADRA1A,45,transporter,transporter,discovery compound,,201.0,7.3,pKi,Human,313.098,Selleck,S4218,Amoxapine,96.84,1770,21,4,True,171,177,69,0,354,35,True,True,True,False,True,True,True,True,False,True,neurology/psychiatry,depression
abafungin,BRD-K77432251-001-01-2,TYBHXIFFPVFXQW-UHFFFAOYSA-N,159326.0,CHEMBL3989547,Cc1ccc(Oc2ccccc2-c2csc(NC3=NCCCN3)n2)c(C)c1 |t:18|,Phase 3,2.0,sterol methyltransferase inhibitor,,,,,0,epigenetic (selective probe),epigenetic (selective probe),discovery compound,,,,,,378.151,ChemImpex,28441,"4-[2-(2,4-dimethylphenoxy)phenyl]-N-tetrahydro-2(1H)-pyrimidinylidene-1,3-thiazol-2-amine",92.48,625,6,0,True,99,116,51,0,83,14,True,True,True,False,True,True,True,True,False,True,,
acadesine,BRD-K53448858-001-07-0,RTRQQBHATOEIAF-UUOKFMHZSA-N,17513.0,CHEMBL3086957,NC(=O)c1ncn([C@@H]2O[C@H](CO)[C@@H](O)[C@H]2O)c1N,Phase 3,,AMPK activator,,,,,0,metabolic,metabolic,discovery compound,,5133.0,,,,258.096,Selleck,S1802,AICAR (Acadesine),100.0,726,26,1,True,266,302,97,4,216,1,True,True,True,True,True,True,True,True,False,True,,
asivatrep,BRD-K00003138-001-01-9,UKGJZDSUJSPAJL-YPUOHESYSA-N,56649347.0,CHEMBL3707398,CCCc1nc(ccc1\C=C\C(=O)N[C@H](C)c1cc(F)c(NS(C)(=O)=O)c(F)c1)C(F)(F)F,Phase 3,3.0,transient receptor potential channel antagonist,Vanilloid receptor antagonist [ANTAGONIST],ANTAGONIST,,,0,ion channel,ion channel,discovery compound,,9621.0,8.2,pIC50,Rat,491.13,MedChemEx,HY-12777,Asivatrep,90.4,56,3,0,True,32,21,17,0,26,4,True,True,True,False,True,True,True,True,False,True,,
centanafadine,BRD-K00004588-001-01-9,HKHCSWPSUSWGLI-CABCVRRESA-N,16095349.0,CHEMBL3301621,C1[C@@H]2CNC[C@]12c1ccc2ccccc2c1,Phase 3,3.0,dopamine reuptake inhibitor,Monoamine transporter inhibitor [INHIBITOR],INHIBITOR,,,0,transporter,transporter,discovery compound,,,,,,209.12,AMS,SY247368,"(1R,5S)-1-(2-Naphthyl)-3-azabicyclo[3.1.0]hexane",97.44,65,2,0,True,11,7,9,0,15,2,True,True,True,False,True,True,True,True,False,True,,
centpropazine,BRD-A28958257-001-02-0,ZQPXSRTZFYHSFB-FQEVSTJZSA-N,7032530.0,CHEMBL4303166,"CCC(=O)c1ccc(OC[C@@H](O)CN2CCN(CC2)c2ccccc2)cc1 |&1:10,r|",Phase 3,,inositol monophosphatase inhibitor,,,,,0,phosphatase,phosphatase,discovery compound,,,,,,368.21,Enamine,Z31370920,1-{4-[2-hydroxy-3-(4-phenyl-1-piperazinyl)propoxy]phenyl}-1-propanone,95.61,16,0,0,False,0,0,0,0,1,1,False,False,False,False,True,True,True,True,False,True,,
dasotraline,BRD-K00003142-003-01-9,SRPXSILJHWNFMK-MEDUHNTESA-N,9947999.0,CHEMBL3301595,N[C@@H]1CC[C@@H](c2ccc(Cl)c(Cl)c2)c2ccccc12,Phase 3,3.0,dopamine-norepinephrine-serotonin reuptake inhibitor,Monoamine transporter inhibitor [INHIBITOR],INHIBITOR,,,0,transporter,transporter,discovery compound,,8308.0,,,,291.058,MedChemEx,HY-12850A,Dasotraline (hydrochloride),97.59,82,2,0,True,8,7,6,0,11,3,True,True,True,False,True,True,True,True,False,True,,
futibatinib,BRD-K00003392-001-01-9,KEIPNCCJPRMIAX-HNNXBMFYSA-N,71621331.0,CHEMBL3701238,COc1cc(OC)cc(c1)C#Cc1nn([C@H]2CCN(C2)C(=O)C=C)c2ncnc(N)c12,Phase 3,4.0,FGFR inhibitor,Fibroblast growth factor receptor inhibitor [INHIBITOR],INHIBITOR,,,0,growth factor / cytokine,growth factor / cytokine,ASSAY CONTROL ONLY - canonical pathway,FGFR3 inhibition,9786.0,9.0,pIC50,Human,418.175,MedChemEx,HY-100818,Futibatinib,96.33,947,19,2,True,607,478,203,1,501,8,True,True,True,True,True,True,True,True,False,True,,
ginsenoside-RD,BRD-A84810646-001-01-6,RLDVZILFNVRJTL-ZMHPOSLNSA-N,,CHEMBL4209166,"CC(C)=CCC[C@@](C)(O[C@@H]1O[C@H](CO)[C@@H](O)[C@H](O)[C@H]1O)[C@H]1CC[C@]2(C)[C@@H]1[C@H](O)C[C@@H]1[C@@]3(C)CC[C@H](O[C@@H]4O[C@H](CO)[C@@H](O)[C@H](O)[C@H]4O[C@@H]4O[C@H](CO)[C@@H](O)[C@H](O)[C@H]4O)C(C)(C)[C@@H]3CC[C@@]21C |a:9,11,14,16,18,20,23,25,26,29,30,34,36,38,41,43,45,47,49,52,54,56,61,64,&1:6|",Phase 3,,calcium channel blocker,,,,,0,ion channel,ion channel,discovery compound,,,,,,946.55,MedChemEx,HY-N0043,Ginsenoside Rd,100.0,1860,60,6,True,759,935,309,0,726,21,True,True,True,False,True,True,True,True,False,True,,
hypericin,BRD-K29673530-001-06-9,BTXNYTINYBABQR-UHFFFAOYSA-N,,CHEMBL286494,Cc1cc(O)c2c3c1c1c(C)cc(O)c4c1c1c3c3c(c(O)cc(O)c3c2=O)c2c(O)cc(O)c(c12)c4=O,Phase 3,3.0,tyrosine kinase inhibitor,,,,,0,kinase,kinase,discovery compound,,11248.0,,,,504.085,MedChemEx,HY-N0453,Hypericin,98.33,4929,123,32,True,1721,2140,747,4,1370,102,True,True,True,True,True,True,True,True,False,True,,
iclaprim,BRD-K00003415-001-01-9,HWJPWWYTGBZDEG-AWEZNQCLSA-N,10247560.0,CHEMBL134561,"COc1cc(Cc2cnc(N)nc2N)c2C=C[C@H](Oc2c1OC)C1CC1 |&1:17,r,c:16|",Phase 3,3.0,dihydrofolate reductase inhibitor,Bacterial dihydrofolate reductase inhibitor [INHIBITOR],INHIBITOR,,,0,metabolic,metabolic,discovery compound,,10820.0,6.1,pKi,Human,354.169,MedChemEx,HY-101479,Iclaprim,98.18,303,6,0,True,42,45,20,0,35,4,True,True,True,False,True,True,True,True,False,True,,
lanabecestat,BRD-K00003387-001-01-9,WKDNQONLGXOZRG-HRNNMHKYSA-N,,CHEMBL4467519,"CO[C@H]1CC[C@@]2(Cc3ccc(cc3[C@@]22N=C(C)C(N)=N2)-c2cncc(c2)C#CC)CC1 |c:20,t:16|",Phase 3,,beta secretase inhibitor,,,,,0,protease,protease,discovery compound,,7789.0,8.7,pIC50,Human,412.226,MedChemEx,HY-100740,Lanabecestat,97.66,265,6,0,True,71,141,23,0,128,3,True,True,True,False,True,True,True,True,False,True,,
mavacamten,BRD-K00003497-001-01-9,RLCLASQCAPXVLM-NSHDSACASA-N,117761397.0,CHEMBL4297517,CC(C)n1c(=O)cc(N[C@@H](C)c2ccccc2)[nH]c1=O,Phase 3,4.0,myosin inhibitor ,Cardiac myosin inhibitor [INHIBITOR],INHIBITOR,,,0,mechanotransduction,mechanotransduction,discovery compound,,11265.0,,,,273.148,MedChemEx,HY-109037,Mavacamten,95.99,1394,5,2,True,125,149,195,1,473,20,True,True,True,True,True,True,True,True,False,True,,
olumacostat-glasaretil,BRD-K00004611-001-01-9,FYJLDICZGDFWKP-UHFFFAOYSA-N,89497391.0,CHEMBL3989947,CCCCCCCCCCCCCCOc1ccc(o1)C(=O)OCC(=O)N(C)CC(=O)OCC,Phase 3,3.0,acetyl-CoA carboxylase inhibitor,Acetyl-CoA carboxylase inhibitor [INHIBITOR],INHIBITOR,,,0,metabolic,metabolic,discovery compound,,,,,,481.304,MedChemEx,HY-17641,Olumacostat glasaretil,85.94,17,1,1,True,9,5,4,0,4,4,True,True,True,False,True,True,True,True,False,True,,
PF-03084014,BRD-K61691541-001-01-1,VFCRKLWBYMDAED-REWPJTCUSA-N,46224413.0,CHEMBL1770916,CCC[C@H](N[C@H]1CCc2cc(F)cc(F)c2C1)C(=O)Nc1cn(cn1)C(C)(C)CNCC(C)(C)C,Phase 3,4.0,gamma secretase inhibitor,Gamma-secretase inhibitor [INHIBITOR],INHIBITOR,,,0,protease,protease,discovery compound,,7746.0,,,,489.328,MedChemEx,HY-15185,PF-3084014,91.79,412,21,0,True,359,316,153,1,274,6,True,True,True,True,True,True,True,True,False,True,,
prinomastat,BRD-K00003122-001-01-9,YKPYIPVDTNNYCN-INIZCTEOSA-N,466151.0,CHEMBL473539,CC1(C)SCCN([C@H]1C(=O)NO)S(=O)(=O)c1ccc(Oc2ccncc2)cc1,Phase 3,,matrix metalloprotease inhibitor,,,,,0,protease,protease,discovery compound,,6505.0,10.4,pIC50,Human,423.092,MedChemEx,HY-12170,Prinomastat,91.29,470,66,5,True,242,228,308,0,306,4,True,True,True,False,True,True,True,True,False,True,,
procysteine,BRD-K92413528-001-06-9,BMLMGCPTLHPWPY-REOHCLBHSA-N,72390.0,CHEMBL442218,OC(=O)[C@@H]1CSC(=O)N1,Phase 3,2.0,glutathione synthase stimulant,,,,,0,metabolic,metabolic,discovery compound,,,,,,146.999,Sigma,MFCD00066092,"(4R)-2-oxo-1,3-thiazolidine-4-carboxylic acid",93.1,180,6,0,True,75,91,50,0,68,1,True,True,True,False,True,True,True,True,False,True,,
pyrotinib,BRD-K00003463-001-01-9,SADXACCFNXBCFY-IYNHSRRRSA-N,51039030.0,CHEMBL3647420,CCOc1cc2ncc(C#N)c(Nc3ccc(OCc4ccccn4)c(Cl)c3)c2cc1NC(=O)\C=C\[C@H]1CCCN1C,Phase 3,3.0,kinase inhibitor,Epidermal growth factor receptor erbB1 inhibitor [INHIBITOR]; Receptor protein-tyrosine kinase erbB-2 inhibitor [INHIBITOR],INHIBITOR,,,0,kinase,kinase,discovery compound,,9662.0,7.4,pIC50,Human,582.215,MedChemEx,HY-104065,Pyrotinib,97.45,1515,11,0,True,847,681,181,0,548,8,True,True,True,False,True,True,True,True,False,True,,
radotinib,BRD-K00004716-001-01-9,DUPWHXBITIZIKZ-UHFFFAOYSA-N,16063245.0,CHEMBL4297524,Cc1cn(cn1)-c1cc(NC(=O)c2ccc(C)c(Nc3nccc(n3)-c3cnccn3)c2)cc(c1)C(F)(F)F,Phase 3,3.0,Bcr-Abl kinase inhibitor,Bcr/Abl fusion protein inhibitor [INHIBITOR],INHIBITOR,,,0,kinase,kinase,discovery compound,,7814.0,,,,530.179,Adooq,A13029,IY-5511,95.11,278,9,0,True,143,123,39,0,110,16,True,True,True,False,True,True,True,True,False,True,,
ripretinib,BRD-K00005241-001-01-9,CEFJVGZHQAGLHS-UHFFFAOYSA-N,71584930.0,CHEMBL4216467,CCn1c2cc(NC)ncc2cc(-c2cc(NC(=O)Nc3ccccc3)c(F)cc2Br)c1=O,Phase 3,4.0,receptor tyrosine protein kinase inhibitor,Stem cell growth factor receptor inhibitor [INHIBITOR]; Platelet-derived growth factor receptor alpha inhibitor [INHIBITOR],INHIBITOR,,,0,kinase,kinase,discovery compound,,9175.0,,,,509.086,MedChemEx,HY-112306,Ripretinib,95.43,705,11,0,True,346,268,81,0,272,9,True,True,True,False,True,True,True,True,False,True,,
schisandrol-B,BRD-K18878288-001-06-4,ZWRRJEICIPUPHZ-MYODQAERSA-N,3001662.0,CHEMBL403578,COc1cc2C[C@](C)(O)[C@@H](C)Cc3cc4OCOc4c(OC)c3-c2c(OC)c1OC,Phase 3,2.0,lipid peroxidase inhibitor,,,,,0,metabolic,metabolic,discovery compound,,,,,,416.184,MedChemEx,HY-N0692,"(6S,7S)-1,2,3,13-tetramethoxy-6,7-dimethyl-5,6,7,8-tetrahydrobenzo[3',4']cycloocta[1',2':4,5]benzo[1,2-d][1,3]dioxol-6-ol",97.81,281,9,3,True,91,98,38,0,56,4,True,True,True,False,True,True,True,True,False,True,,
sitravatinib,BRD-K00003238-001-01-9,WLAVZAAODLTUSW-UHFFFAOYSA-N,25212148.0,CHEMBL3989926,COCCNCc1ccc(nc1)-c1cc2nccc(Oc3ccc(NC(=O)C4(CC4)C(=O)Nc4ccc(F)cc4)cc3F)c2s1,Phase 3,3.0,receptor tyrosine protein kinase inhibitor,,,,,0,kinase,kinase,discovery compound,,9920.0,7.7,pIC50,Human,629.191,MedChemEx,HY-16961,Sitravatinib,94.75,511,7,0,True,352,377,136,1,360,3,True,True,True,True,True,True,True,True,False,True,,
tavilermide,BRD-K00003254-001-01-9,DVJXNXPFYJIACK-ULQDDVLXSA-N,9808372.0,CHEMBL3544981,NCCCC[C@@H]1NC(=O)[C@H](CCC(O)=O)NC(=O)c2cc(ccc2OCC[C@H](NC1=O)C(=O)NCC(O)=O)[N+]([O-])=O,Phase 3,3.0,tyrosine kinase partial agonist,,,,,0,kinase,kinase,discovery compound,,,,,,580.213,MedChemEx,HY-17622,Tavilermide,85.65,15,0,0,False,8,10,6,0,6,0,True,True,True,False,True,False,True,True,False,True,,
tegobuvir,BRD-K26701552-001-02-9,XBEQSQDCBSKCHJ-UHFFFAOYSA-N,23649154.0,CHEMBL1957287,Fc1ccccc1-c1nc2ccn(Cc3ccc(nn3)-c3ccc(cc3C(F)(F)F)C(F)(F)F)cc2n1,Phase 3,2.0,HCV inhibitor|protease inhibitor,RNA-directed RNA polymerase inhibitor [INHIBITOR],INHIBITOR,,,0,protease,protease,discovery compound,,,,,,517.114,MedChemEx,HY-10544,Tegobuvir,96.11,196,1,1,True,31,23,8,0,21,11,True,True,True,False,True,True,True,True,False,True,,
TGR-1202,BRD-K52579889-001-01-9,IUVCFHHAEHNCFT-INIZCTEOSA-N,72950888.0,CHEMBL3948730,CC(C)Oc1ccc(cc1F)-c1nn([C@@H](C)c2oc3ccc(F)cc3c(=O)c2-c2cccc(F)c2)c2ncnc(N)c12,Phase 3,4.0,PI3K inhibitor,,,,,0,kinase,kinase,discovery compound,,8916.0,5.2,pEC50,Human,571.183,MedChemEx,HY-12279,TGR-1202,94.1,219,4,0,True,172,180,36,0,98,2,True,True,True,False,True,True,True,True,False,True,,
tucidinostat,BRD-K95216408-001-02-9,SZMJVTADHFNAIS-BJMVGYQFSA-N,12136798.0,CHEMBL3621988,Nc1cc(F)ccc1NC(=O)c1ccc(CNC(=O)\C=C\c2cccnc2)cc1,Phase 3,3.0,HDAC inhibitor,,,,,0,epigenetic (selective probe),epigenetic (selective probe),discovery compound,,8305.0,,,,390.149,MedChemEx,HY-109015,Tucidinostat,88.6,502,15,1,True,390,358,104,1,226,11,True,True,True,True,True,True,True,True,True,True,,
ursodeoxycholyltaurine,BRD-K45245728-335-01-4,BHTRKEVKTKCXOH-LBSADWJPSA-N,9848818.0,CHEMBL4747140,C[C@H](CCC(=O)NCCS(O)(=O)=O)[C@H]1CC[C@H]2[C@@H]3[C@@H](O)C[C@@H]4C[C@H](O)CC[C@]4(C)[C@H]3CC[C@]12C,Phase 3,,cholesterol inhibitor,,,,,0,metabolic,metabolic,discovery compound,,,,,,499.297,Enzo,AC2330,Tauroursodeoxy cholic acid dihydrate,100.0,17,1,2,True,3,2,1,0,3,0,True,True,True,False,True,False,True,True,False,True,,
vaniprevir,BRD-K00003445-001-01-9,KUQWGLQLLVFLSM-ONAXAZCASA-N,24765256.0,CHEMBL4525964,CC[C@@H]1C[C@]1(NC(=O)[C@@H]1C[C@@H]2CN1C(=O)[C@@H](NC(=O)OCC(C)(C)CCCCc1cccc3CN(Cc13)C(=O)O2)C(C)(C)C)C(=O)NS(=O)(=O)C1CC1,Phase 3,3.0,serine protease inhibitor,"Hepatitis C virus serine protease, NS3/NS4A inhibitor [INHIBITOR]",INHIBITOR,,,0,protease,protease,discovery compound,,11570.0,,,,757.372,MedChemEx,HY-10243,Vaniprevir,90.47,252,0,2,False,43,31,10,0,21,5,True,True,True,False,True,True,True,True,False,True,,
verdiperstat,BRD-K00004612-001-01-9,FVJCUZCRPIMVLB-UHFFFAOYSA-N,11528958.0,CHEMBL4297594,CC(C)OCCn1c2cc[nH]c2c(=O)[nH]c1=S,Phase 3,3.0,myeloperoxidase inhibitor,Myeloperoxidase inhibitor [INHIBITOR],INHIBITOR,,,0,metabolic,metabolic,discovery compound,,10052.0,6.2,pIC50,Human,253.088,MedChemEx,HY-17646,Verdiperstat,91.59,91,2,0,True,33,62,15,0,44,0,True,True,True,False,True,False,True,True,False,True,,
verubecestat,BRD-K00003229-001-01-9,YHYKUSGACIYRML-KRWDZBQOSA-N,51352361.0,CHEMBL4202431,CN1C(N)=N[C@@](C)(CS1(=O)=O)c1cc(NC(=O)c2ccc(F)cn2)ccc1F |c:3|,Phase 3,,beta secretase inhibitor,,,,,0,protease,protease,discovery compound,,8699.0,9.5,pKi,Human,409.102,MedChemEx,HY-16759,Verubecestat,97.57,578,7,0,True,143,278,60,0,248,3,True,True,True,False,True,True,True,True,False,True,,
voclosporin,BRD-K00003472-001-01-9,BICRTLVBTLFLRD-PTWUADNWSA-N,6918486.0,CHEMBL5314379,[H][C@@]1(CC(C)C)N(C)C(=O)[C@@H](C)NC(=O)[C@H](C)NC(=O)[C@H](CC(C)C)N(C)C(=O)[C@@]([H])(NC(=O)[C@H](CC(C)C)N(C)C(=O)CN(C)C(=O)[C@H](CC)NC(=O)[C@]([H])([C@H](O)[C@H](C)C\C=C\C=C)N(C)C(=O)[C@]([H])(C(C)C)N(C)C(=O)[C@H](CC(C)C)N(C)C1=O)C(C)C,Phase 3,4.0,calcineurin inhibitor,"Serine/threonine protein phosphatase 2B catalytic subunit, alpha isoform inhibitor [INHIBITOR]",INHIBITOR,,,0,phosphatase,phosphatase,discovery compound,,11388.0,7.8,pKd,Human,1213.841,MedChemEx,HY-106638,Voclosporin,92.03,795,14,2,True,287,215,96,0,275,49,True,True,True,False,True,True,True,True,True,True,,
5-fluoropyrimidine,BRD-K00004679-001-01-9,KSPDSMOWMQFPBL-UHFFFAOYSA-N,69605.0,CHEMBL5175881,Fc1cncnc1,Phase 3,,kinase inhibitor,,,,,0,kinase,kinase,discovery compound,,,,,,98.028,AMS,A102809,5-fluoropyrimidine,0.0,514,4,1,True,168,139,35,0,97,3,True,True,True,False,True,True,True,True,False,True,,
abametapir,BRD-K65498798-001-01-7,PTRATZCAGVBFIQ-UHFFFAOYSA-N,15664.0,CHEMBL2205807,Cc1ccc(nc1)-c1ccc(C)cn1,Phase 3,4.0,metalloproteinase inhibitor,Metalloproteinase inhibitor [INHIBITOR]; Iron sequestering agent [SEQUESTERING AGENT]; Copper sequestering agent [SEQUESTERING AGENT]; Zinc sequestering agent [SEQUESTERING AGENT],INHIBITOR; SEQUESTERING AGENT,MMP9,MMP9,1,protease,protease,discovery compound,,,,,,184.1,Sigma,MFCD01740554,"5,5'-dimethyl-2,2'-bipyridine",92.8,49,2,0,True,9,10,3,0,7,1,True,True,True,False,True,True,True,True,False,False,,
aloxistatin,BRD-K91188791-001-17-5,SRVFFFJZQVENJC-IHRRRGAJSA-N,65663.0,CHEMBL4458593,CCOC(=O)[C@H]1O[C@@H]1C(=O)N[C@@H](CC(C)C)C(=O)NCCC(C)C,Phase 3,,protease inhibitor,,,CTSG,CTSG,1,protease,protease,discovery compound,,10714.0,6.0,pIC50,Human,342.215,MedChemEx,HY-100229,Aloxistatin,86.09,283,9,5,True,65,120,52,2,43,2,True,True,True,True,True,True,True,False,False,False,,
anisodamine,BRD-A29623586-001-01-3,WTQYWNWRJNXDEG-JKJDWNRSSA-N,,CHEMBL5483037,"CN1[C@H]2C[C@H](O)[C@H]1C[C@H](C2)OC(=O)[C@H](CO)c1ccccc1 |a:4,6,8,13,&1:2,THB:5:4:1:7.8.9|",Phase 3,,lipid peroxidase inhibitor,,,ADRA1A,ADRA1A,1,metabolic,metabolic,discovery compound,,,,,,305.163,MicroSource,300047,ANISODAMINE HYDROBROMIDE,86.1,1358,31,10,True,270,258,137,0,430,9,True,True,True,False,True,True,True,False,False,True,,
azimilide,BRD-K38913877-300-01-9,MREBEPTUUMTTIA-PCLIKHOPSA-N,9571004.0,CHEMBL3140370,CN1CCN(CCCCN2C(=O)CN(\N=C\c3ccc(o3)-c3ccc(Cl)cc3)C2=O)CC1,Phase 3,3.0,potassium channel blocker,,,KCNA5,KCNA5,1,ion channel,ion channel,discovery compound,,2588.0,5.3,pIC50,Mouse,457.188,MedChemEx,HY-18600A,Azimilide (Dihydrochloride),97.19,409,1,1,True,35,28,26,0,81,2,True,True,True,False,True,True,True,True,False,True,,
balaglitazone,BRD-A00147595-001-02-9,IETKPTYAGKZLKY-MRXNPFEDSA-N,76968728.0,CHEMBL2103991,Cn1c(COc2ccc(C[C@H]3SC(=O)NC3=O)cc2)nc2ccccc2c1=O |r|,Phase 3,3.0,insulin sensitizer|PPAR receptor partial agonist,Peroxisome proliferator-activated receptor gamma partial agonist [PARTIAL AGONIST],PARTIAL AGONIST,PPARG,PPARG,1,nuclear receptor,nuclear receptor,discovery compound,,,,,,395.094,MedChemEx,HY-16086,Balaglitazone,98.36,111,3,0,True,47,45,28,0,46,1,True,True,True,False,True,True,True,True,False,True,,
carboxyamidotriazole,BRD-K68408772-001-05-4,WNRZHQBJSXRYJK-UHFFFAOYSA-N,108144.0,CHEMBL95431,NC(=O)c1nnn(Cc2cc(Cl)c(C(=O)c3ccc(Cl)cc3)c(Cl)c2)c1N,Phase 3,3.0,calcium channel blocker,,,CXCL8,CXCL8,1,ion channel,ion channel,discovery compound,,,,,,423.006,Sigma,MFCD00866325,"5-amino-1-[3,5-dichloro-4-(4-chlorobenzoyl)benzyl]-1H-1,2,3-triazole-4-carboxamide",99.81,283,13,0,True,185,160,67,0,156,2,True,True,True,False,True,True,True,False,False,False,,
cariporide,BRD-K21670884-001-01-9,IWXNYAIICFKCTM-UHFFFAOYSA-N,151172.0,CHEMBL462831,CC(C)c1ccc(cc1S(C)(=O)=O)C(=O)N=C(N)N,Phase 3,-1.0,sodium/hydrogen exchanger inhibitor,,,SLC9A1,SLC9A1,1,transporter,transporter,discovery compound,,,,,,283.099,SantaCruz,sc-337619A,,97.4,1137,28,9,True,337,463,251,0,418,5,True,True,True,False,True,True,True,True,False,False,,
CPI-613,BRD-A06916187-001-03-9,ZYRLHJIMTROTBO-NRFANRHFSA-N,70881528.0,CHEMBL3186849,"OC(=O)CCCC[C@@H](CCSCc1ccccc1)SCc1ccccc1 |&1:7,r|",Phase 3,3.0,pyruvate dehydrogenase inhibitor,,,PDHA1,PDHA1,1,metabolic,metabolic,discovery compound,,,,,,388.153,Tocris,5348,"6,8-Bis(benzylthio)octanoic acid",96.2,597,14,1,True,478,468,197,0,283,3,True,True,True,False,True,True,True,False,False,False,,
deforolimus,BRD-K62304154-001-04-2,BUROJSBIWGDYCN-LKLUGXJSSA-N,,CHEMBL2103839,"CO[C@@H]1C[C@H](C[C@@H](C)[C@@H]2CC(=O)[C@H](C)\C=C(C)\[C@@H](O)[C@@H](OC)C(=O)[C@H](C)C[C@H](C)\C=C\C=C\C=C(C)\[C@H](C[C@@H]3CC[C@@H](C)[C@@](O)(O3)C(=O)C(=O)N3CCCC[C@H]3C(=O)O2)OC)CC[C@H]1OP(C)(C)=O |c:14,33,t:29,31|",Phase 3,3.0,mTOR inhibitor,Serine/threonine-protein kinase mTOR inhibitor [INHIBITOR],INHIBITOR,MTOR,MTOR,1,kinase,kinase,discovery compound,,7884.0,9.7,pIC50,Human,989.563,Selleck,S1022,"Ridaforolimus (Deforolimus, MK-8669)",89.39,455,16,0,True,387,325,80,0,306,8,True,True,True,False,True,True,True,True,True,True,,
dofequidar,BRD-A14941520-051-01-0,KLWUUPVJTLHYIM-UHFFFAOYSA-N,9960287.0,CHEMBL3116252,OC(COc1cccc2ncccc12)CN1CCN(CC1)C(=O)C(c1ccccc1)c1ccccc1,Phase 3,,MRP inhibitor|P glycoprotein inhibitor,,,ABCB1,ABCB1,1,transporter,transporter,discovery compound,,,,,,481.237,MedChemEx,HY-17013A,Dofequidar (fumarate),98.23,119,1,0,True,59,57,18,0,38,0,True,True,True,False,True,False,True,True,False,True,,
fidarestat,BRD-A63752151-001-01-2,WAAPEIZFCHNLKK-PELKAZGASA-N,449156.0,CHEMBL408742,"NC(=O)[C@H]1C[C@]2(NC(=O)NC2=O)c2cc(F)ccc2O1 |&1:3,&2:5,r|",Phase 3,,aldose reductase inhibitor,,,AKR1B1,AKR1B1,1,metabolic,metabolic,discovery compound,,,,,,279.066,Vitas-M,STK692948,,88.01,343,9,5,True,132,164,70,0,174,2,True,True,True,False,True,True,True,True,False,True,,
glycitein,BRD-K78303961-001-02-3,DXYUAIFZCFRPTH-UHFFFAOYSA-N,5317750.0,CHEMBL513024,COc1cc2c(cc1O)occ(-c1ccc(O)cc1)c2=O,Phase 3,,tumor necrosis factor release inhibitor,,,TNF,TNF,1,growth factor / cytokine,growth factor / cytokine,discovery compound,,,,,,284.068,Cayman,14162,,97.95,3154,120,3,True,1180,1078,428,9,963,55,True,True,True,True,True,True,True,True,False,True,,
itacitinib,BRD-K67482377-001-01-8,KTBSXLIQKWEBRB-UHFFFAOYSA-N,53380437.0,CHEMBL3622820,Fc1c(ccnc1C(F)(F)F)C(=O)N1CCC(CC1)N1CC(CC#N)(C1)n1cc(cn1)-c1ncnc2[nH]ccc12,Phase 3,3.0,JAK inhibitor,Tyrosine-protein kinase JAK1 inhibitor [INHIBITOR],INHIBITOR,JAK1,JAK1,1,kinase,kinase,discovery compound,,8364.0,8.3,pIC50,Human,553.196,MedChemEx,HY-16997,Itacitinib,96.98,718,36,2,True,522,437,169,1,314,16,True,True,True,True,True,True,True,True,False,True,,
lazabemide,BRD-K51486818-003-02-8,JZXRLKWWVNUZRB-UHFFFAOYSA-N,71307.0,CHEMBL279390,NCCNC(=O)c1ccc(Cl)cn1,Phase 3,2.0,monoamine oxidase inhibitor,,,MAOB,MAOB,1,metabolic,metabolic,discovery compound,,6640.0,7.1,pKi,Human,199.051,Tocris,2460,Lazabemide hydrochloride,89.6,284,3,0,True,37,68,18,0,50,3,True,True,True,False,True,True,True,True,False,True,,
levcromakalim,BRD-K24526313-001-17-7,TVZCRIROJQEVOT-CABCVRRESA-N,93504.0,CHEMBL100,CC1(C)Oc2ccc(cc2[C@H]([C@@H]1O)N1CCCC1=O)C#N,Phase 3,2.0,potassium channel activator,,,KCNJ5,KCNJ5,1,ion channel,ion channel,discovery compound,,,,,,286.132,Tocris,1378,Levcromakalim,99.04,807,25,28,True,108,78,78,1,573,5,True,True,True,True,True,True,True,False,False,False,,
licarbazepine,BRD-A22642447-001-01-9,BMPDWHIDQYTSHX-CQSZACIVSA-N,9816485.0,CHEMBL313120,"NC(=O)N1c2ccccc2C[C@@H](O)c2ccccc12 |&1:11,r|",Phase 3,,voltage-gated sodium channel blocker,,,SCN5A,SCN5A,1,ion channel,ion channel,discovery compound,,7350.0,,,,254.106,Tocris,3865,Licarbazepine,98.65,1201,10,5,True,64,68,23,0,236,101,True,True,True,False,True,True,True,True,False,True,,
maribavir,BRD-K59524082-001-02-9,KJFBVJALEQWJBS-XUXIUFHCSA-N,471161.0,CHEMBL515408,CC(C)Nc1nc2cc(Cl)c(Cl)cc2n1[C@H]1O[C@@H](CO)[C@H](O)[C@@H]1O,Phase 3,4.0,cytomegalovirus inhibitor|protein kinase inhibitor,Serine/threonine-protein kinase BGLF4 inhibitor [INHIBITOR]; Phosphotransferase pUL97 inhibitor [INHIBITOR],INHIBITOR,PYGM,PYGM,1,kinase,kinase,discovery compound,,12049.0,,,,375.075,MedChemEx,HY-16305,Maribavir,96.75,1070,12,10,True,302,227,50,0,183,53,True,True,True,False,True,True,True,False,False,False,,
milacemide,BRD-K64338723-001-02-9,GJNNXIYZWIZFRH-UHFFFAOYSA-N,53569.0,CHEMBL75838,CCCCCNCC(N)=O,Phase 3,2.0,monoamine oxidase inhibitor,,,MAOB,MAOB,1,metabolic,metabolic,discovery compound,,,,,,144.126,Enamine,EN300-128867,2-(pentylamino)acetamide,100.0,136,6,0,True,10,9,7,0,25,1,True,True,True,False,True,True,True,True,False,True,,
odanacatib,BRD-K22822991-001-02-3,FWIVDMJALNEADT-SFTDATJTSA-N,10152654.0,CHEMBL481611,CC(C)(F)C[C@H](N[C@@H](c1ccc(cc1)-c1ccc(cc1)S(C)(=O)=O)C(F)(F)F)C(=O)NC1(CC1)C#N,Phase 3,3.0,cathepsin inhibitor,Cathepsin K inhibitor [INHIBITOR],INHIBITOR,CTSK,CTSK,1,protease; lysosomal / autophagy,protease,discovery compound,,6478.0,9.7,pIC50,Human,525.171,Selleck,S1115,Odanacatib (MK-0822),98.17,825,243,10,True,357,352,452,16,318,7,True,True,True,True,True,True,True,True,False,False,,
omecamtiv-mecarbil,BRD-K36680103-001-02-9,RFUBTTPMWSKEIW-UHFFFAOYSA-N,11689883.0,CHEMBL1800955,COC(=O)N1CCN(Cc2cccc(NC(=O)Nc3ccc(C)nc3)c2F)CC1,Phase 3,3.0,cardiac myosin activator,Cardiac myosin activator [ACTIVATOR],ACTIVATOR,MYBPC3,MYBPC3,1,mechanotransduction,mechanotransduction,discovery compound,,,,,,401.186,MedChemEx,HY-14233,Omecamtiv mecarbil,96.1,888,13,4,True,111,177,158,1,373,5,True,True,True,True,True,True,True,False,False,False,,
opicapone,BRD-K66192203-001-02-2,ASOADIZOVZTJSR-UHFFFAOYSA-N,135565903.0,CHEMBL1089318,Cc1c(Cl)c(C)[n+]([O-])c(Cl)c1-c1noc(n1)-c1cc(O)c(O)c(c1)[N+]([O-])=O,Phase 3,4.0,catechol O methyltransferase inhibitor,Catechol O-methyltransferase inhibitor [INHIBITOR],INHIBITOR,COMT,COMT,1,epigenetic (selective probe),epigenetic (selective probe),discovery compound,,8988.0,8.8,pKi,Rat,411.998,MedChemEx,HY-14896,Opicapone,94.71,577,7,3,True,60,111,22,0,116,7,True,True,True,False,True,True,True,True,False,True,,
priralfinamide,BRD-K01662324-001-01-8,BHJIBOFHEFDSAU-LBPRGKRZSA-N,5745207.0,CHEMBL2107771,C[C@H](NCc1ccc(OCc2ccccc2F)cc1)C(N)=O,Phase 3,3.0,sodium channel blocker,Voltage-gated N-type calcium channel alpha-1B subunit blocker [BLOCKER]; Monoamine oxidase B inhibitor [INHIBITOR]; Sodium channel alpha subunit blocker [BLOCKER]; Glutamate [NMDA] receptor antagonist [ANTAGONIST],ANTAGONIST; BLOCKER; INHIBITOR,CACNA1B,CACNA1B,1,ion channel,ion channel,discovery compound,,,,,,302.143,AMS,A002801679,(2S)-2-({4-[(2-fluorobenzyl)oxy]benzyl}amino)propanamide,98.67,1,0,0,False,0,0,0,0,0,0,False,False,False,False,False,False,True,True,False,True,,
ranirestat,BRD-K50489389-001-01-8,QCVNMNYRNIMDKV-QGZVFWFLSA-N,153948.0,CHEMBL334830,Fc1cc(Br)ccc1CN1C(=O)c2cccn2[C@@]2(CC(=O)NC2=O)C1=O,Phase 3,3.0,aldose reductase inhibitor,,,AKR1B1,AKR1B1,1,metabolic,metabolic,discovery compound,,,,,,418.992,MedChemEx,HY-15314,Ranirestat,96.29,163,2,1,True,48,55,34,0,70,0,True,True,True,False,True,False,True,True,False,True,,
RRx-001,BRD-K06894065-001-01-5,JODKFOVZURLVTG-UHFFFAOYSA-N,15950826.0,CHEMBL3526802,[O-][N+](=O)C1(CN(C1)C(=O)CBr)[N+]([O-])=O,Phase 3,3.0,glucose 6-phosphate dehydrogenase inhibitor,,,G6PD,G6PD,1,metabolic,metabolic,discovery compound,,13184.0,,,,266.949,MedChemEx,HY-16438,RRx-001,0.0,525,23,0,True,338,386,135,0,291,1,True,True,True,False,True,True,True,False,False,False,,
selumetinib,BRD-K57080016-001-19-1,CYOHGALHFOKKQC-UHFFFAOYSA-N,10127622.0,CHEMBL2105684,Cn1cnc2c(F)c(Nc3ccc(Br)cc3Cl)c(cc12)C(=O)NOCCO,Phase 3,4.0,MEK inhibitor,Dual specificity mitogen-activated protein kinase kinase 1 inhibitor [INHIBITOR]; Dual specificity mitogen-activated protein kinase kinase 2 inhibitor [INHIBITOR],INHIBITOR,MAP2K1,MAP2K1,1,kinase,kinase,discovery compound,,5665.0,7.8 - 7.9,pIC50,Human,456,Selleck,S1008,selumetinib,97.54,7527,197,17,True,5347,4337,1426,8,3201,42,True,True,True,True,True,True,True,True,False,True,,
semagacestat,BRD-K65592642-001-05-9,PKXWXXPNHIWQHW-RCBQFDQVSA-N,9843750.0,CHEMBL4303339,CC(C)[C@H](O)C(=O)N[C@@H](C)C(=O)N[C@H]1c2ccccc2CCN(C)C1=O,Phase 3,,gamma secretase inhibitor,,,PSEN1,PSEN1,1,protease,protease,discovery compound,,6978.0,7.8,pIC50,Human,361.2,MedChemEx,HY-10009,Semagacestat,93.94,721,11,2,True,216,332,82,0,285,4,True,True,True,False,True,True,True,True,False,False,,
senicapoc,BRD-K21295289-001-01-6,SCTZUZTYRMOMKT-UHFFFAOYSA-N,216327.0,CHEMBL405821,NC(=O)C(c1ccccc1)(c1ccc(F)cc1)c1ccc(F)cc1,Phase 3,3.0,intermediate conductance potassium channel blocker,Intermediate conductance calcium-activated potassium channel protein 4 blocker [BLOCKER],BLOCKER,KCNN4,KCNN4,1,ion channel,ion channel,discovery compound,,2331.0,8.0,pIC50,Human,323.112,MedChemEx,HY-50694,Senicapoc,99.76,354,10,4,True,186,133,94,0,217,10,True,True,True,False,True,True,True,False,False,False,,
sorbinil,BRD-A89164055-001-03-3,LXANPKRCLVQAOG-NSHDSACASA-N,337359.0,CHEMBL266497,"Fc1ccc2OCC[C@]3(NC(=O)NC3=O)c2c1 |&1:8,r|",Phase 3,3.0,aldose reductase inhibitor,Aldose reductase inhibitor [INHIBITOR],INHIBITOR,AKR1B1,AKR1B1,1,metabolic,metabolic,discovery compound,,7415.0,5.3,pIC50,Human,236.06,Key,FS-1063,,98.08,1044,18,24,True,205,225,157,0,330,10,True,True,True,False,True,True,True,True,False,True,,
tacedinaline,BRD-K52313696-001-12-3,VAZAPHZUAVEOMC-UHFFFAOYSA-N,2746.0,CHEMBL235191,CC(=O)Nc1ccc(cc1)C(=O)Nc1ccccc1N,Phase 3,3.0,HDAC inhibitor,Histone deacetylase inhibitor [INHIBITOR],INHIBITOR,HDAC1,HDAC1,1,epigenetic (selective probe),epigenetic (selective probe),discovery compound,,8367.0,6.2,pIC50,Human,269.116,Selleck,S2818,CI994 (Tacedinaline),97.19,351,10,1,True,256,243,65,2,147,9,True,True,True,True,True,True,True,True,False,True,,
talabostat,BRD-K37419961-066-02-0,FKCMADOPPWWGNZ-YUMQZZPRSA-N,6918572.0,CHEMBL3545064,CC(C)[C@H](N)C(=O)N1CCC[C@H]1B(O)O,Phase 3,2.0,dipeptidyl peptidase inhibitor|fibroblast activation protein inhibitor,,,DPP4,DPP4,1,protease,protease,discovery compound,,9892.0,9.7,pKi,Human,214.149,MedChemEx,HY-13233A,Talabostat (mesylate),67.55,352,28,3,True,234,273,186,1,199,3,True,True,True,True,True,True,True,True,False,True,,
targinine,BRD-K22227508-015-05-4,NTNWOCRCBQPEKQ-YFKPBYRVSA-N,46906075.0,CHEMBL1256175,CNC(=N)NCCC[C@H](N)C(O)=O,Phase 3,3.0,nitric oxide synthase inhibitor,Nitric oxide synthase inhibitor [INHIBITOR],INHIBITOR,NOS3,NOS3,1,metabolic,metabolic,discovery compound,,11467.0,6.1,pKi,Human,188.127,Cayman,10005031,,100.0,54,2,1,True,14,13,2,1,9,1,True,True,True,True,True,True,True,False,False,False,,
tariquidar,BRD-K09353376-001-03-9,LGGHDPFKSSRQNS-UHFFFAOYSA-N,148201.0,CHEMBL348475,COc1cc2CCN(CCc3ccc(NC(=O)c4cc(OC)c(OC)cc4NC(=O)c4cnc5ccccc5c4)cc3)Cc2cc1OC,Phase 3,3.0,P glycoprotein inhibitor,P-glycoprotein 1 inhibitor [INHIBITOR],INHIBITOR,ABCB1,ABCB1,1,transporter,transporter,discovery compound,,11787.0,7.4,pIC50,Mouse,646.279,Selleck,S8028,Tariquidar,95.08,1702,22,7,True,760,800,261,0,525,19,True,True,True,False,True,True,True,True,False,True,,
taselisib,BRD-K44844162-001-01-6,BEUQXVWXFDOSAQ-UHFFFAOYSA-N,51001932.0,CHEMBL2387080,CC(C)n1nc(C)nc1-c1cn2CCOc3cc(ccc3-c2n1)-c1cnn(c1)C(C)(C)C(N)=O,Phase 3,3.0,PI3K inhibitor,PI3-kinase class I inhibitor [INHIBITOR],INHIBITOR,PIK3CA,PIK3CA,1,kinase,kinase,discovery compound,,7794.0,9.5,pKi,Human,460.234,MedChemEx,HY-13898,GDC-0032,98.4,959,17,5,True,780,618,179,0,447,5,True,True,True,False,True,True,True,True,False,True,,
tetrindole,BRD-A52660433-066-02-1,AUXCHYJDVJZEPG-UHFFFAOYSA-N,54792409.0,CHEMBL4303571,C1CCC(CC1)c1ccc2n3CCNC4CCCc(c34)c2c1,Phase 3,,monoamine oxidase inhibitor,,,MAOA,MAOA,1,metabolic,metabolic,discovery compound,,,,,,294.21,Tocris,723,Tetrindole mesylate,93.92,176,1,0,True,25,21,9,0,19,2,True,True,True,False,True,True,True,True,False,True,,
tivantinib,BRD-K33379087-001-07-5,UCEQXRCJXIVODC-PMACEKPBSA-N,11494412.0,CHEMBL2103882,O=C1NC(=O)[C@H]([C@@H]1c1c[nH]c2ccccc12)c1cn2CCCc3cccc1c23,Phase 3,3.0,tyrosine kinase inhibitor,Hepatocyte growth factor receptor inhibitor [INHIBITOR],INHIBITOR,MET,MET,1,kinase,kinase,discovery compound,,7948.0,6.4,pKi,Human,369.148,MedChemEx,HY-50686,Tivantinib,98.79,1497,27,3,True,1134,962,322,0,1037,7,True,True,True,False,True,True,True,False,False,False,,
trimetrexate,BRD-K13642819-001-02-9,NOYPYLRCIDNJJB-UHFFFAOYSA-N,5583.0,CHEMBL2218878,COc1cc(NCc2ccc3nc(N)nc(N)c3c2C)cc(OC)c1OC,Phase 3,4.0,dihydrofolate reductase inhibitor,Dihydrofolate reductase inhibitor [INHIBITOR],INHIBITOR,DHFR,DHFR,1,metabolic,metabolic,discovery compound,,7613.0,7.9,pKi,Human,369.18,MedChemEx,HY-10373,Trimetrexate,97.2,967,14,3,True,207,151,42,2,110,20,True,True,True,True,True,True,True,True,False,True,,
valspodar,BRD-K19412342-001-01-6,YJDYDFNKCBANTM-QCWCSKBGSA-N,5281884.0,CHEMBL1086218,C\C=C\C[C@@H](C)C(=O)[C@@H]1N(C)C(=O)[C@H](C(C)C)N(C)C(=O)[C@H](CC(C)C)N(C)C(=O)[C@H](CC(C)C)N(C)C(=O)[C@@H](C)NC(=O)[C@H](C)NC(=O)[C@H](CC(C)C)N(C)C(=O)[C@@H](NC(=O)[C@H](CC(C)C)N(C)C(=O)CN(C)C(=O)[C@@H](NC1=O)C(C)C)C(C)C,Phase 3,3.0,P glycoprotein inhibitor,P-glycoprotein 1 inhibitor [INHIBITOR],INHIBITOR,ABCB1,ABCB1,1,transporter,transporter,discovery compound,,11745.0,5.9,pKi,Human,1213.841,MedChemEx,HY-17384,Valspodar,43.76,1138,11,1,True,366,384,142,0,292,13,True,True,True,False,True,True,True,True,False,True,,
vanoxerine,BRD-K32501161-300-07-0,NAUWTFJOPJWYOT-UHFFFAOYSA-N,3455.0,CHEMBL4532742,Fc1ccc(cc1)C(OCCN1CCN(CCCc2ccccc2)CC1)c1ccc(F)cc1,Phase 3,,dopamine reuptake inhibitor,,,SLC6A3,SLC6A3,1,transporter,transporter,discovery compound,,9983.0,9.0,pKi,Human,450.248,Tocris,421,GBR 12909 dihydrochloride,96.73,653,3,3,True,44,55,26,0,45,1,True,True,True,False,True,True,True,True,False,True,,
zoniporide,BRD-K43992824-300-02-9,GDXBRVCQGGKXJY-UHFFFAOYSA-N,6433110.0,CHEMBL355862,NC(N)=NC(=O)c1cnn(c1C1CC1)-c1cccc2ncccc12,Phase 3,2.0,sodium/hydrogen exchanger inhibitor,,,SLC9A1,SLC9A1,1,transporter,transporter,discovery compound,,,,,,320.139,Tocris,2727,Zoniporide dihydrochloride,97.75,190,4,2,True,44,72,29,0,64,0,True,True,True,False,True,False,True,True,False,True,,
acifran,BRD-A29520968-001-02-7,DFDGRKNOFOJBAJ-LBPRGKRZSA-N,76969700.0,CHEMBL278488,"C[C@]1(OC(=CC1=O)C(O)=O)c1ccccc1 |&1:1,r,c:3|",Phase 3,2.0,cholesterol inhibitor,,,HCAR2|HCAR3,HCAR2,2,metabolic,metabolic,discovery compound,,1595.0,5.7 - 5.9,pEC50,Human,218.058,Tocris,1762,Acifran,98.05,68,1,0,True,22,20,13,0,26,0,True,True,True,False,True,False,True,True,False,True,,
aminopterin,BRD-K87544030-001-02-8,TVZGACDUOSZQKY-LBPRGKRZSA-N,169371.0,CHEMBL2104643,Nc1nc(N)c2nc(CNc3ccc(cc3)C(=O)N[C@@H](CCC(O)=O)C(O)=O)cnc2n1,Phase 3,2.0,dihydrofolate reductase inhibitor,,,DHFR|SLC46A1,DHFR,2,transporter; metabolic,transporter,discovery compound,,,,,,440.156,MicroSource,1500679,AMINOPTERIN,0.0,7598,175,48,True,1906,1144,573,4,791,231,True,True,True,True,True,True,True,True,False,True,,
bitopertin,BRD-K13756951-001-01-4,YUUGYIUSCYNSQR-LBPRGKRZSA-N,24946690.0,CHEMBL1171829,C[C@H](Oc1ccc(cc1C(=O)N1CCN(CC1)c1ncc(cc1F)C(F)(F)F)S(C)(=O)=O)C(F)(F)F,Phase 3,3.0,glycine transporter inhibitor,Glycine transporter 1 inhibitor [INHIBITOR],INHIBITOR,SLC6A5|SLC6A9,SLC6A5,2,transporter,transporter,discovery compound,,7546.0,7.3,pKi,Human,543.106,MedChemEx,HY-10809,Bitopertin,99.57,304,4,0,True,45,54,22,0,41,3,True,True,True,False,True,True,True,False,False,False,,
buparlisib,BRD-K42191735-001-08-7,CWHUFRVAEUJCEF-UHFFFAOYSA-N,16654980.0,CHEMBL2364604,Nc1cc(c(cn1)-c1cc(nc(n1)N1CCOCC1)N1CCOCC1)C(F)(F)F,Phase 3,-1.0,PI3K inhibitor,,,PIK3CA|PIK3CG,PIK3CA,2,kinase,kinase,discovery compound,,7878.0,7.5,pIC50,Human,410.168,Selleck,S2247,BKM120 (NVP-BKM120),98.65,2194,45,6,True,1836,1544,503,1,1152,15,True,True,True,True,True,True,True,True,False,True,,
cilengitide,BRD-K57252450-001-02-5,AMLYAMJWYAIXIA-VWNVYAMZSA-N,176873.0,CHEMBL429876,CC(C)[C@@H]1N(C)C(=O)[C@@H](Cc2ccccc2)NC(=O)[C@H](CC(O)=O)NC(=O)CNC(=O)[C@H](CCCNC(N)=N)NC1=O,Phase 3,3.0,integrin antagonist,Integrin alpha-V/beta-3 antagonist [ANTAGONIST]; Integrin alpha-V/beta-5 antagonist [ANTAGONIST],ANTAGONIST,ITGAV|ITGB3,ITGAV,2,mechanotransduction,mechanotransduction,discovery compound,,6597.0,8.5,pIC50,Human,588.302,Selleck,S7077,Cilengitide,96.22,2379,166,11,True,1660,1352,1459,8,1731,25,True,True,True,True,True,True,True,True,False,False,,
flumatinib,BRD-K68870568-066-02-9,BJCJYEYYYGBROF-UHFFFAOYSA-N,46848036.0,CHEMBL3545413,CN1CCN(Cc2ccc(cc2C(F)(F)F)C(=O)Nc2cnc(C)c(Nc3nccc(n3)-c3cccnc3)c2)CC1,Phase 3,3.0,Bcr-Abl kinase inhibitor,Tyrosine-protein kinase ABL inhibitor [INHIBITOR],INHIBITOR,ABL1|PDGFRB,ABL1,2,kinase; growth factor / cytokine,kinase,discovery compound,,9913.0,8.9,pIC50,Human,562.242,MedChemEx,HY-13905,Flumatinib (mesylate),97.8,214,2,0,True,90,67,17,0,64,6,True,True,True,False,True,True,True,True,False,True,,
L-monomethylarginine,BRD-K20946707-001-01-9,NTWVQPHTOUKMDI-YFKPBYRVSA-N,73046.0,CHEMBL332148,CN[C@@H](CCCNC(N)=N)C(O)=O,Phase 3,,nitric oxide synthase inhibitor,,,NOS1|NOS2,NOS1,2,metabolic,metabolic,discovery compound,,11467.0,6.1,pKi,Human,188.127,Tocris,3513,(2S)-5-{[amino(imino)methyl]amino}-2-(methylamino)pentanoic acid,0.0,41,1,0,True,10,8,3,0,25,1,True,True,True,False,True,True,True,False,False,False,,
lestaurtinib,BRD-A27376179-001-01-3,UIARLYUEJFELEN-DMVVYWCZSA-N,9932888.0,CHEMBL4469622,"C[C@]12O[C@@H](C[C@]1(O)CO)n1c3ccccc3c3c4C(=O)NCc4c4c5ccccc5n2c4c13 |a:1,5,&1:3|",Phase 3,,FLT3 inhibitor|growth factor receptor inhibitor|JAK inhibitor,,,FLT3|NTRK1,FLT3,2,kinase,kinase,discovery compound,,5672.0,8.1,pKd,Human,439.153,EMDBio,219499-5MG,CEP-701,97.47,1141,24,3,True,838,734,139,0,385,14,True,True,True,False,True,True,True,True,False,False,,
pevonedistat,BRD-K67844266-003-01-9,MPUQHZXIXSTTDU-QXGSTGNESA-N,16720766.0,CHEMBL2364622,NS(=O)(=O)OC[C@@H]1C[C@H](C[C@@H]1O)n1ccc2c(N[C@H]3CCc4ccccc34)ncnc12,Phase 3,-1.0,nedd activating enzyme inhibitor,,,NAE1|UBA3,NAE1,2,ubiquitin system,ubiquitin system,discovery compound,,12117.0,,,,443.163,MedChemEx,HY-10484,MLN4924 (hydrochloride),94.15,1367,32,4,True,1018,992,200,1,387,18,True,True,True,True,True,True,True,False,False,False,,
sotagliflozin,BRD-K05850076-001-01-5,QKDRXGFQVGOQKS-CRSSMBPESA-N,24831714.0,CHEMBL3039507,CCOc1ccc(Cc2cc(ccc2Cl)[C@@H]2O[C@H](SC)[C@@H](O)[C@H](O)[C@H]2O)cc1,Phase 3,4.0,sodium/glucose cotransporter inhibitor,Sodium/glucose cotransporter 1 inhibitor [INHIBITOR]; Sodium/glucose cotransporter 2 inhibitor [INHIBITOR],INHIBITOR,SLC5A1|SLC5A2,SLC5A1,2,transporter,transporter,discovery compound,,8312.0,8.7,pIC50,Human,424.111,MedChemEx,HY-15516,LX-4211,95.58,1958,48,33,True,278,393,290,0,1208,19,True,True,True,False,True,True,True,True,False,True,,
zosuquidar,BRD-K70557564-305-03-6,IHOVFYSQUDPMCN-DBEBIPAYSA-N,,CHEMBL444172,O[C@@H](COc1cccc2ncccc12)CN1CCN(CC1)[C@@H]1c2ccccc2[C@@H]2[C@H](c3ccccc13)C2(F)F,Phase 3,3.0,P glycoprotein inhibitor,P-glycoprotein 1 inhibitor [INHIBITOR],INHIBITOR,ABCB1|ABCB4,ABCB1,2,transporter,transporter,discovery compound,,11788.0,7.2,pKi,Human,527.238,Selleck,S1481,Zosuquidar (LY335979) 3HCl,96.07,868,9,3,True,356,354,111,0,205,5,True,True,True,False,True,True,True,True,False,True,,
aminoguanidine,BRD-K25114078-003-08-1,HAMNKKUPIHEESI-UHFFFAOYSA-N,2146.0,CHEMBL225304,NN=C(N)N,Phase 3,2.0,nitric oxide synthase inhibitor,,,AKR1B1|NOS2|TIMP3,AKR1B1,3,metabolic,metabolic,discovery compound,,5135.0,,,,74.059,MicroSource,1506176,PIMAGEDINE HYDROCHLORIDE,100.0,9816,292,85,True,2371,2675,1603,11,3084,73,True,True,True,True,True,True,True,True,False,True,,
amitifadine,BRD-A68942014-003-01-7,BSMNRYCSBFHEMQ-KCJUWKMLSA-N,11658655.0,CHEMBL4227511,"Clc1ccc(cc1Cl)[C@@]12C[C@@H]1CNC2 |&1:8,&2:10|",Phase 3,,serotonin transporter (SERT) inhibitor,,,SLC6A2|SLC6A3|SLC6A4,SLC6A2,3,transporter,transporter,discovery compound,,,,,,227.027,TygerSci,D40030,"1-(3,4-Dichloro-phenyl)-3-aza-bicyclo[3.1.0]hexane HCl",97.84,68,0,0,False,7,7,2,0,12,0,True,True,True,False,True,False,True,True,False,True,,
cyt387,BRD-K87737963-001-06-0,ZVHNDZWQTBEVRY-UHFFFAOYSA-N,25062766.0,CHEMBL4465099,O=C(NCC#N)c1ccc(cc1)-c1ccnc(Nc2ccc(cc2)N2CCOCC2)n1,Phase 3,,JAK inhibitor,,,JAK1|JAK2|JAK3,JAK1,3,kinase,kinase,discovery compound,,7791.0,8.0,pIC50,Human,414.18,Selleck,S2219,CYT387,95.48,364,12,1,True,280,241,87,0,155,5,True,True,True,False,True,True,True,True,False,True,,
diclofensine,BRD-A51078674-003-02-9,ZJDCGVDEEHWEIG-HNNXBMFYSA-N,23872188.0,CHEMBL4226242,COc1ccc2[C@@H](CN(C)Cc2c1)c1ccc(Cl)c(Cl)c1 |&1:6|,Phase 3,,dopamine reuptake inhibitor,,,DRD1|MAOA|MAOB,DRD1,3,transporter,transporter,discovery compound,,,,,,321.069,MedChemEx,HY-18610,Diclofensine (hydrochloride),97.83,83,0,0,False,4,3,3,0,8,4,True,True,True,False,True,True,True,True,False,True,,
eniluracil,BRD-K26425819-001-01-3,JOZGNYDSEBIJDH-UHFFFAOYSA-N,43157.0,CHEMBL355200,O=c1[nH]cc(C#C)c(=O)[nH]1,Phase 3,3.0,dihydropyrimidine dehydrogenase inhibitor,Dihydropyrimidine dehydrogenase inhibitor [INHIBITOR],INHIBITOR,AOX1|DPYD|XDH,AOX1,3,metabolic,metabolic,discovery compound,,,,,,136.027,Sigma,MFCD19160708,"5-ethynyl-2,4(1H,3H)-pyrimidinedione",0.0,219,1,0,True,42,40,12,0,41,0,True,True,True,False,True,False,True,True,False,True,,
linsitinib,BRD-K86118762-001-08-9,PKCDDUHJAFVJJB-VLZXCDOPSA-N,,CHEMBL1091644,C[C@@]1(O)C[C@@H](C1)c1nc(-c2ccc3ccc(nc3c2)-c2ccccc2)c2c(N)nccn12 |r|,Phase 3,3.0,IGF-1 inhibitor,Insulin-like growth factor I receptor inhibitor [INHIBITOR]; Insulin receptor inhibitor [INHIBITOR],INHIBITOR,IGF1R|INSR|INSRR,IGF1R,3,growth factor / cytokine,growth factor / cytokine,ASSAY CONTROL ONLY - canonical pathway,GH / IGF signalling,7423.0,7.5,pIC50,Human,421.19,MedChemEx,HY-10191,Linsitinib,95.36,1153,53,5,True,944,765,339,2,566,18,True,True,True,True,True,True,True,True,False,False,,
entinostat,BRD-K77908580-001-09-6,INVTYAOGFAGBOE-UHFFFAOYSA-N,4261.0,CHEMBL27759,Nc1ccccc1NC(=O)c1ccc(CNC(=O)OCc2cccnc2)cc1,Phase 3,3.0,HDAC inhibitor,Histone deacetylase inhibitor [INHIBITOR],INHIBITOR,HDAC1|HDAC2|HDAC3|HDAC9,HDAC1,4,epigenetic (selective probe),epigenetic (selective probe),discovery compound,,7007.0,7.2,pKi,Human,376.154,Selleck,S1053,Entinostat (MS-275),94.4,4541,159,15,True,3608,3518,1067,14,2080,64,True,True,True,True,True,True,True,True,False,True,,
filgotinib,BRD-K16803204-001-01-6,RIJLVEAXPNLDTC-UHFFFAOYSA-N,49831257.0,CHEMBL4298167,O=C(Nc1nc2cccc(-c3ccc(CN4CCS(=O)(=O)CC4)cc3)n2n1)C1CC1,Phase 3,4.0,JAK inhibitor,Tyrosine-protein kinase JAK1 inhibitor [INHIBITOR]; Tyrosine-protein kinase JAK3 inhibitor [INHIBITOR]; Tyrosine-protein kinase TYK2 inhibitor [INHIBITOR]; Tyrosine-protein kinase JAK2 inhibitor [INHIBITOR],INHIBITOR,JAK1|JAK2|JAK3|TYK2,JAK1,4,kinase,kinase,discovery compound,,7913.0,6.5,pIC50,Human,425.152,MedChemEx,HY-18300,GLPG0634,96.83,2248,216,15,True,812,645,403,2,798,116,True,True,True,True,True,True,True,True,False,True,,
linopirdine,BRD-K59332007-300-02-7,YEJCDKJIEMIWRQ-UHFFFAOYSA-N,3932.0,CHEMBL319111,O=C1N(c2ccccc2C1(Cc1ccncc1)Cc1ccncc1)c1ccccc1,Phase 3,2.0,potassium channel blocker,,,KCNQ2|KCNQ3|KCNQ4|KCNQ5,KCNQ2,4,ion channel,ion channel,discovery compound,,2599.0,5.4,pIC50,Rat,391.168,Tocris,1999,Linopirdine dihydrochloride,98.43,686,12,9,True,100,98,58,0,229,4,True,True,True,False,True,True,True,False,False,False,,
pacritinib,BRD-K19034817-001-04-8,HWXVIOGONBBTBY-ONEGZZNKSA-N,46216796.0,CHEMBL2035187,C(CN1CCCC1)Oc1ccc2Nc3nccc(n3)-c3cccc(COC\C=C\COCc1c2)c3 |t:29|,Phase 3,4.0,FLT3 inhibitor|JAK inhibitor,Tyrosine-protein kinase JAK2 inhibitor [INHIBITOR]; Tyrosine-protein kinase receptor FLT3 inhibitor [INHIBITOR],INHIBITOR,FLT3|JAK1|JAK2|JAK3,FLT3,4,kinase,kinase,discovery compound,,7793.0,7.6,pIC50,Human,472.247,MedChemEx,HY-16379,Pacritinib,91.11,1204,36,2,True,772,644,282,1,499,22,True,True,True,True,True,True,True,True,False,True,,
PCI-24781,BRD-K12867552-001-04-7,MAUCONCHVWBMHK-UHFFFAOYSA-N,11749858.0,CHEMBL2103863,CN(C)Cc1c(oc2ccccc12)C(=O)NCCOc1ccc(cc1)C(=O)NO,Phase 3,3.0,HDAC inhibitor,Histone deacetylase inhibitor [INHIBITOR],INHIBITOR,HDAC1|HDAC2|HDAC3|HDAC6,HDAC1,4,epigenetic (selective probe),epigenetic (selective probe),discovery compound,,8366.0,8.1,pIC50,Human,397.164,Selleck,S1090,PCI-24781 (Abexinostat),90.76,271,17,0,True,249,240,44,2,126,4,True,True,True,True,True,True,True,True,False,True,,
zatebradine,BRD-K92446736-003-03-0,KEDQCFRVSHYKLR-UHFFFAOYSA-N,65637.0,CHEMBL69679,COc1ccc(CCN(C)CCCN2CCc3cc(OC)c(OC)cc3CC2=O)cc1OC,Phase 3,2.0,HCN channel blocker,,,HCN1|HCN2|HCN3|HCN4,HCN1,4,ion channel,ion channel,discovery compound,,2358.0,5.7,pIC50,Human,456.262,MedChemEx,HY-13422,Zatebradine (hydrochloride),94.13,301,8,2,True,34,30,23,0,70,0,True,True,True,False,True,False,True,False,False,True,,
adaprev,BRD-A73427433-240-01-3,NBSCHQHZLSJFNQ-DVKNGEFBSA-N,439284.0,,"O[C@H]1O[C@H](COP(O)(O)=O)[C@@H](O)[C@H](O)[C@H]1O |a:3,10,12,14,&1:1|",Phase 3,,TGF beta receptor inhibitor,,,AKR1B1|GPI|HK1|M6PR|PYGM,AKR1B1,5,growth factor / cytokine,growth factor / cytokine,discovery compound,,,,,,260.03,TCI,G0052,,59.36,2,0,0,False,1,1,1,0,0,0,True,True,True,False,False,False,True,True,False,True,,
crenolanib,BRD-K22127577-001-03-7,DYNHJHQFHQTFTP-UHFFFAOYSA-N,10366136.0,CHEMBL2105728,CC1(COc2ccc3n(cnc3c2)-c2ccc3cccc(N4CCC(N)CC4)c3n2)COC1,Phase 3,3.0,PDGFR tyrosine kinase receptor inhibitor,Platelet-derived growth factor receptor inhibitor [INHIBITOR]; Tyrosine-protein kinase receptor FLT3 inhibitor [INHIBITOR],INHIBITOR,CSF1R|FLT3|KIT|PDGFRA|PDGFRB,CSF1R,5,kinase; growth factor / cytokine,kinase,discovery compound,,7882.0,7.5,pKd,Human,443.232,Selleck,S2730,Crenolanib (CP-868596),93.31,1175,34,0,True,911,741,219,1,428,7,True,True,True,True,True,True,True,True,False,True,,
flindokalner,BRD-K56740996-001-01-3,ULYONBAOIMCNEH-HNNXBMFYSA-N,214350.0,CHEMBL266510,COc1ccc(Cl)cc1[C@]1(F)C(=O)Nc2cc(ccc12)C(F)(F)F,Phase 3,3.0,potassium channel agonist,"Calcium-activated potassium channel subunit alpha-1 opener [OPENER]; Voltage-gated potassium channel subunit Kv7.5 activator [ACTIVATOR]; Voltage-gated potassium channel subunit Kv7.4 activator [ACTIVATOR]; Voltage-gated potassium channel subunit Kv7.2 activator [ACTIVATOR]; Voltage-gated potassium channel, KQT; KCNQ2(Kv7.2)/KCNQ3(Kv7.3) activator [ACTIVATOR]; Voltage-gated potassium channel KCNQ3",ACTIVATOR; OPENER,KCNMA1|KCNN4|KCNQ2|KCNQ4|KCNQ5,KCNMA1,5,ion channel,ion channel,discovery compound,,2307.0,6.5,pEC50,Human,359.034,Sigma,SML1313,"(3S)-3-(5-chloro-2-methoxyphenyl)-3-fluoro-6-(trifluoromethyl)-1,3-dihydro-2H-indol-2-one",98.77,11,0,0,False,1,2,0,0,7,0,True,True,False,False,True,False,True,False,False,False,,
NVP-BEZ235,BRD-K12184916-001-19-6,JOGKUKXHTYWRGZ-UHFFFAOYSA-N,11977753.0,CHEMBL3354566,Cn1c2cnc3ccc(cc3c2n(-c2ccc(cc2)C(C)(C)C#N)c1=O)-c1cnc2ccccc2c1,Phase 3,,mTOR inhibitor|PI3K inhibitor,,,ATR|MTOR|PIK3CA|PIK3CD|PIK3CG,ATR,5,kinase,kinase,discovery compound,,7950.0,8.4,pIC50,Human,469.19,Selleck,S1009,BEZ235 (NVP-BEZ235),98.67,1816,59,7,True,1637,1496,362,3,891,19,True,True,True,True,True,True,True,True,False,False,,
batimastat,BRD-K82818427-001-05-9,XFILPEOLDIKJHX-QYZOEREBSA-N,5362422.0,CHEMBL5205063,CNC(=O)[C@H](Cc1ccccc1)NC(=O)[C@H](CC(C)C)[C@H](CSc1cccs1)C(=O)NO,Phase 3,,matrix metalloprotease inhibitor,,,ADAM28|ADAMTS5|MMP12|MMP16|MMP2|MMP8,ADAM28,6,protease,protease,discovery compound,,5145.0,9.3,pKi,Human,477.176,Tocris,2961,Batimastat,95.3,1747,187,19,True,865,725,1085,3,907,12,True,True,True,True,True,True,True,False,False,False,,
quizartinib,BRD-K93918653-001-12-9,CVWXJKQAOSCOAB-UHFFFAOYSA-N,24889392.0,CHEMBL576982,CC(C)(C)c1cc(NC(=O)Nc2ccc(cc2)-c2cn3c(n2)sc2cc(OCCN4CCOCC4)ccc32)no1,Phase 3,4.0,FLT3 inhibitor,Macrophage colony stimulating factor receptor inhibitor [INHIBITOR]; Tyrosine-protein kinase receptor FLT3 inhibitor [INHIBITOR]; Stem cell growth factor receptor inhibitor [INHIBITOR]; Platelet-derived growth factor receptor inhibitor [INHIBITOR]; Tyrosine-protein kinase receptor RET inhibitor [INHIBITOR],INHIBITOR,CSF1R|FLT3|KIT|PDGFRA|PDGFRB|RET,CSF1R,6,growth factor / cytokine,growth factor / cytokine,discovery compound,,5658.0,8.8 - 8.9,pKd,Human,560.221,MedChemEx,HY-13001,Quizartinib,97.84,2255,44,1,True,1540,1360,186,1,495,29,True,True,True,True,True,True,True,True,False,True,,
cipemastat,BRD-K95362002-001-01-1,GFUITADOEPNRML-SJORKVTESA-N,9824350.0,CHEMBL115653,CN1C(=O)N(C[C@@H]([C@@H](CC2CCCC2)C(=O)N2CCCCC2)C(=O)NO)C(=O)C1(C)C,Phase 3,2.0,metalloproteinase inhibitor,,,ADAM17|MMP1|MMP13|MMP2|MMP3|MMP8|MMP9,ADAM17,7,protease,protease,discovery compound,,6466.0,8.5,pKi,Human,436.269,Tocris,2916,"(2R,3R)-3-(cyclopentylmethyl)-N-hydroxy-4-oxo-4-(1-piperidinyl)-2-[(3,4,4-trimethyl-2,5-dioxo-1-imidazolidinyl)methyl]butanamide",86.65,54,17,0,True,34,39,49,0,42,2,True,True,True,False,True,True,True,True,False,False,,
flurizan,BRD-K75410565-001-03-9,SYTBZMRGLBWNTM-SNVBAGLBSA-N,92337.0,CHEMBL190083,C[C@@H](C(O)=O)c1ccc(c(F)c1)-c1ccccc1,Phase 3,3.0,gamma secretase inhibitor,Gamma-secretase modulator [MODULATOR],MODULATOR,APH1B|BACE1|IKBKG|PSEN1|PSEN2|PTGS1|PTGS2,APH1B,7,protease,protease,discovery compound,,,,,,244.09,Tocris,4495,Flurizan,96.34,89,1,1,True,18,35,4,0,31,3,True,True,True,False,True,True,True,False,False,False,,
alpha-linolenic-acid,BRD-K33396764-001-08-7,DTOSIQBPPRVQHS-PDBXOOCHSA-N,5280934.0,CHEMBL8739,CC\C=C/C\C=C/C\C=C/CCCCCCCC(O)=O,Phase 3,,omega 3 fatty acid stimulant,,,ELOVL4|FADS1|FADS2|FFAR1|FFAR4|PTGS2|SLC8A1|TRPV1,ELOVL4,8,transporter; metabolic,transporter,discovery compound,,,,,,278.225,Enzo,FA005,Linolenic acid (18:3 n-3),84.81,32570,651,69,True,7266,7584,2943,22,7497,200,True,True,True,True,True,True,True,False,True,False,,
SB-939,BRD-K86797399-001-05-1,JHDKZFFAIZKUCU-ZRDIBKRKSA-N,49855250.0,CHEMBL5831523,CCCCc1nc2cc(\C=C\C(=O)NO)ccc2n1CCN(CC)CC,Phase 3,,HDAC inhibitor,,,HDAC1|HDAC10|HDAC2|HDAC3|HDAC4|HDAC5|HDAC6|HDAC9,HDAC1,8,epigenetic (selective probe),epigenetic (selective probe),discovery compound,,8365.0,7.4,pIC50,Human,358.237,Selleck,S1515,SB939 (Pracinostat),96.42,23,2,0,True,17,15,4,1,11,0,True,True,True,True,True,False,True,True,False,True,,
givinostat,BRD-K13810148-311-03-2,YALNUENQHAQXEA-UHFFFAOYSA-N,9804992.0,CHEMBL1213492,CCN(CC)Cc1ccc2cc(COC(=O)Nc3ccc(cc3)C(=O)NO)ccc2c1,Phase 3,4.0,HDAC inhibitor,,,HDAC1|HDAC2|HDAC3|HDAC4|HDAC5|HDAC6|HDAC7|HDAC8|HDAC9,HDAC1,9,epigenetic (selective probe),epigenetic (selective probe),discovery compound,,7490.0,8.7,pKi,Human,421.2,Selleck,S2170,Givinostat (ITF2357),94.01,1186,94,3,True,845,817,368,6,519,27,True,True,True,True,True,True,True,True,False,True,,
ilomastat,BRD-K51662849-001-08-8,NITYDPDXAAFEIT-DYVFJYSZSA-N,132519.0,CHEMBL19611,CNC(=O)[C@H](Cc1c[nH]c2ccccc12)NC(=O)[C@H](CC(C)C)CC(=O)NO,Phase 3,2.0,matrix metalloprotease inhibitor,,,ACAN|ADAM28|MMP1|MMP12|MMP13|MMP14|MMP2|MMP3|MMP8|MMP9,ACAN,10,protease,protease,discovery compound,,7409.0,8.1,pIC50,Human,388.211,Selleck,S7157,GM6001,94.49,602,74,12,True,322,275,434,8,300,2,True,True,True,True,True,True,True,False,False,False,,
marimastat,BRD-K21396683-001-03-0,"InChI=1S/C15H29N3O5/c1-8(2)7-9(10(19)13(21)18-23)12(20)17-11(14(22)16-6)15(3,4)5/h8-11,19,23H,7H2,1-6H3,(H,16,22)(H,17,20)(H,18,21)/t9-,10+,11-/m1/s1",119031.0,CHEMBL279785,CNC(=O)[C@@H](NC(=O)[C@H](CC(C)C)[C@H](O)C(=O)NO)C(C)(C)C,Phase 3,3.0,matrix metalloprotease inhibitor,Matrix metalloproteinase 9 inhibitor [INHIBITOR]; Matrix metalloproteinase-1 inhibitor [INHIBITOR]; Matrix metalloproteinase 12 inhibitor [INHIBITOR]; Matrix metalloproteinase-2 inhibitor [INHIBITOR]; Matrix metalloproteinase 3 inhibitor [INHIBITOR]; Matrix metalloproteinase 7 inhibitor [INHIBITOR],INHIBITOR,MMP1|MMP10|MMP11|MMP12|MMP13|MMP14|MMP15|MMP16|MMP17|MMP19|MMP2|MMP20|MMP21|MMP23A|MMP24|MMP25|MMP26|MMP27|MMP28|MMP3|MMP7|MMP8|MMP9,MMP1,23,protease,protease,discovery compound,,5220.0,8.3,pIC50,Human,331.211,EMDBio,444289,Marimastat,94.62,1895,218,16,True,1085,955,1170,4,1151,18,True,True,True,True,True,True,True,True,False,False,,
amcasertib,BRD-K00003244-001-01-9,QDWKGEFGLQMDAM-JJIBRWJFSA-N,122412734.0,CHEMBL3707349,CCN(CC)CCNC(=O)c1c(C)[nH]c(\C=C2\C(=O)Nc3ccc(cc23)-c2csc(n2)-c2ccccc2)c1C,Phase 2,2.0,kinase inhibitor,,,,,0,kinase,kinase,discovery compound,,9924.0,,,,539.235,MedChemEx,HY-17602,Amcasertib,89.6,31,1,0,True,27,24,8,0,21,0,True,True,True,False,True,False,True,True,False,True,,
asciminib,BRD-K00003456-001-01-9,VOVZXURTCKPRDQ-CQSZACIVSA-N,72165228.0,CHEMBL4208229,O[C@@H]1CCN(C1)c1ncc(cc1-c1cc[nH]n1)C(=O)Nc1ccc(OC(F)(F)Cl)cc1,Phase 2,4.0,Bcr-Abl kinase inhibitor,Tyrosine-protein kinase ABL inhibitor [INHIBITOR],INHIBITOR,,,0,kinase,kinase,discovery compound,,8962.0,8.6 - 9.5,pIC50,Human,449.107,MedChemEx,HY-104010,Asciminib,98.07,1116,13,1,True,492,399,87,0,394,34,True,True,True,False,True,True,True,True,False,True,,
BMS-986142,BRD-K00004591-001-01-9,ZRYMMWAJAFUANM-INIZCTEOSA-N,86582336.0,CHEMBL5290606,Cc1c(cccc1-n1c(=O)n(C)c2c(F)cccc2c1=O)-c1c(F)cc(C(N)=O)c2[nH]c3C[C@H](CCc3c12)C(C)(C)O,Phase 2,,Bruton's tyrosine kinase (BTK) inhibitor,,,,,0,kinase,kinase,discovery compound,,9857.0,9.3,pIC50,Human,572.224,MedChemEx,HY-101856,BMS-986142,96.95,49,12,1,True,35,22,26,0,16,2,True,True,True,False,True,True,True,True,False,True,,
BVD-523,BRD-K28965160-001-01-1,KSERXGMCDHOLSS-LJQANCHMSA-N,11719003.0,CHEMBL3590106,CC(C)Nc1cc(-c2c[nH]c(c2)C(=O)N[C@H](CO)c2cccc(Cl)c2)c(Cl)cn1,Phase 2,2.0,MAP kinase inhibitor,MAP kinase ERK1 inhibitor [INHIBITOR]; MAP kinase ERK2 inhibitor [INHIBITOR],INHIBITOR,,,0,kinase,kinase,discovery compound,,9210.0,9.5,pIC50,Human,432.112,MedChemEx,HY-15816,VRT752271,99.21,280,11,1,True,232,206,70,0,115,3,True,True,True,False,True,True,True,True,False,True,,
CFI-400945,BRD-K27040396-051-02-9,DADASRPKWOGKCU-FVTQAUBDSA-N,58486178.0,CHEMBL4297462,COc1ccc2NC(=O)[C@@]3(C[C@H]3c3ccc4c(\C=C\c5ccc(CN6C[C@H](C)O[C@H](C)C6)cc5)[nH]nc4c3)c2c1,Phase 2,2.0,serine/threonine kinase inhibitor,Serine/threonine-protein kinase PLK4 inhibitor [INHIBITOR],INHIBITOR,,,0,kinase,kinase,discovery compound,,12083.0,8.6,pIC50,Human,534.263,MedChemEx,HY-12300B,CFI-400945 (fumarate),95.21,196,2,0,True,174,152,30,0,48,0,True,True,True,False,True,False,True,True,False,True,,
CP-547632,BRD-K00004719-001-01-9,HXHAJRMTJXHJJZ-UHFFFAOYSA-N,9811611.0,CHEMBL4303229,NC(=O)c1c(NC(=O)NCCCCN2CCCC2)snc1OCc1c(F)cc(Br)cc1F,Phase 2,,kinase inhibitor,,,,,0,kinase,kinase,discovery compound,,7881.0,8.0,pIC50,Human,531.075,Cayman,21773,"3-[(4-bromo-2,6-difluorobenzyl)oxy]-5-[({[4-(1-pyrrolidinyl)butyl]amino}carbonyl)amino]-4-isothiazolecarboxamide",88.53,11,1,0,True,8,6,1,0,8,0,True,True,True,False,True,False,True,True,False,True,,
delgocitinib,BRD-K00003500-001-01-9,LOWWYYZBZNSPDT-ZBEGNZNMSA-N,50914062.0,CHEMBL4297507,C[C@H]1CN(C(=O)CC#N)[C@]11CCN(C1)c1ncnc2[nH]ccc12,Phase 2,3.0,JAK inhibitor,Janus Kinase (JAK) inhibitor [INHIBITOR],INHIBITOR,,,0,kinase,kinase,discovery compound,,9619.0,8.7,pKi,Human,310.154,MedChemEx,HY-109053,Delgocitinib,96.08,609,16,2,True,239,164,78,0,130,34,True,True,True,False,True,True,True,True,False,True,,
derazantinib,BRD-K00003310-001-01-9,KPJDVVCDVBFRMU-AREMUKBSSA-N,46834118.0,CHEMBL4297187,COCCNCCc1cccc(Nc2ncc3C[C@@H](c4ccccc4F)c4ccccc4-c3n2)c1,Phase 2,2.0,tyrosine kinase inhibitor,Fibroblast growth factor receptor inhibitor [INHIBITOR],INHIBITOR,,,0,kinase,kinase,discovery compound,,9785.0,8.4,pIC50,Human,468.233,MedChemEx,HY-19981,Derazantinib,81.15,329,9,2,True,241,207,83,1,226,1,True,True,True,True,True,True,True,True,False,True,,
DSM265,BRD-K35498911-001-02-9,OIZSVTOIBNSVOS-UHFFFAOYSA-N,51347395.0,CHEMBL1956285,Cc1cc(Nc2ccc(cc2)S(F)(F)(F)(F)F)n2nc(nc2n1)C(C)(F)F,Phase 2,2.0,dihydroorotate dehydrogenase inhibitor,Dihydroorotate dehydrogenase inhibitor [INHIBITOR],INHIBITOR,,,0,metabolic,metabolic,discovery compound,,9644.0,7.5,pIC50,Plasmodium falciparum NF54,415.07,MedChemEx,HY-100184,DSM265,97.71,263,2,1,True,73,40,11,0,15,17,True,True,True,False,True,True,True,True,False,True,,
evenamide,BRD-K00004688-001-01-9,GRHBODILPPXVKN-UHFFFAOYSA-N,25105689.0,CHEMBL3678076,CCCCOc1cccc(CCNCC(=O)N(C)C)c1,Phase 2,2.0,voltage-gated sodium channel blocker,Sodium channel alpha subunit blocker [BLOCKER],BLOCKER,,,0,ion channel,ion channel,discovery compound,,,,,,278.199,Astatech,F50592,"2-((3-BUTOXYPHENETHYL)AMINO)-N,N-DIMETHYLACETAMIDE",87.12,69,0,0,False,11,6,2,0,2,1,True,True,True,False,True,True,True,True,False,True,,
evobrutinib,BRD-K00003405-001-01-9,QUIWHXQETADMGN-UHFFFAOYSA-N,71479709.0,CHEMBL4072833,Nc1ncnc(NCC2CCN(CC2)C(=O)C=C)c1-c1ccc(Oc2ccccc2)cc1,Phase 2,3.0,Bruton's tyrosine kinase (BTK) inhibitor,Tyrosine-protein kinase BTK inhibitor [INHIBITOR],INHIBITOR,,,0,kinase,kinase,discovery compound,,9752.0,7.0,pIC50,Human,429.216,MedChemEx,HY-101215,Evobrutinib,97.4,384,23,0,True,233,170,97,0,136,19,True,True,True,False,True,True,True,True,False,True,,
fenebrutinib,BRD-K25290930-001-03-9,WNEODWDFDXWOLU-QHCPKHFHSA-N,86567195.0,CHEMBL4065122,C[C@H]1CN(CCN1c1ccc(Nc2cc(cn(C)c2=O)-c2ccnc(N3CCn4c5CC(C)(C)Cc5cc4C3=O)c2CO)nc1)C1COC1,Phase 2,3.0,Bruton's tyrosine kinase (BTK) inhibitor,Tyrosine-protein kinase BTK inhibitor [INHIBITOR],INHIBITOR,,,0,kinase,kinase,discovery compound,,9299.0,,,,664.349,MedChemEx,HY-19834,Fenebrutinib,95.35,412,32,1,True,258,193,94,0,131,17,True,True,True,False,True,True,True,True,False,True,,
firsocostat,BRD-K00003236-001-01-9,ZZWWXIBKLBMSCS-FQEVSTJZSA-N,71528744.0,CHEMBL3407547,COc1ccccc1[C@H](Cn1c2sc(c(C)c2c(=O)n(c1=O)C(C)(C)C(O)=O)-c1ncco1)OC1CCOCC1,Phase 2,2.0,acetyl-CoA carboxylase inhibitor,Acetyl-CoA carboxylase negative allosteric modulator [NEGATIVE ALLOSTERIC MODULATOR],NEGATIVE ALLOSTERIC MODULATOR,,,0,metabolic,metabolic,discovery compound,,10645.0,8.2,pIC50,Human,569.183,MedChemEx,HY-16901,Firsocostat,94.78,380,15,0,True,163,247,201,1,150,5,True,True,True,True,True,True,True,True,False,True,,
GDC-0084,BRD-K00003309-001-01-9,LGWACEZVCMBSKW-UHFFFAOYSA-N,57384863.0,CHEMBL2139930,CC1(C)OCCn2c1nc1c(nc(nc21)-c1cnc(N)nc1)N1CCOCC1,Phase 2,,mTOR inhibitor|PI3K inhibitor,,,,,0,kinase,kinase,discovery compound,,10097.0,7.2,pIC50,Human,382.187,MedChemEx,HY-19962,GDC-0084,94.21,287,6,0,True,214,194,54,1,160,5,True,True,True,True,True,True,True,True,False,True,,
glesatinib,BRD-K00003288-003-01-9,YRCHYHRCBXNYNU-UHFFFAOYSA-N,25181472.0,CHEMBL3989914,COCCNCc1ccc(nc1)-c1cc2nccc(Oc3ccc(NC(=S)NC(=O)Cc4ccc(F)cc4)cc3F)c2s1,Phase 2,2.0,tyrosine kinase inhibitor,Hepatocyte growth factor receptor inhibitor [INHIBITOR]; Macrophage-stimulating protein receptor inhibitor [INHIBITOR]; Vascular endothelial growth factor receptor inhibitor [INHIBITOR]; Tyrosine-protein kinase TIE-2 inhibitor [INHIBITOR],INHIBITOR,,,0,kinase,kinase,discovery compound,,9133.0,8.0,pIC50,Human,619.152,MedChemEx,HY-19642A,Glesatinib (hydrochloride),76.83,221,0,0,False,163,129,35,0,119,2,True,True,True,False,True,True,True,True,False,True,,
glutathione-monoisopropyl-ester,BRD-K58937086-001-01-4,MVNCPACIPXNJIW-IUCAKERBSA-N,40466869.0,CHEMBL4303348,CC(C)OC(=O)CNC(=O)[C@H](CS)NC(=O)CC[C@H](N)C(O)=O,Phase 2,,lipid peroxidase inhibitor,,,,,0,metabolic,metabolic,discovery compound,,,,,,349.131,ChemImpex,8169,,79.96,31,0,0,False,1,1,0,0,2,0,True,True,False,False,True,False,True,True,False,True,,
GSK2256098,BRD-K00003379-001-01-9,BVAHPPKGOOJSPU-UHFFFAOYSA-N,46214930.0,CHEMBL4742157,CONC(=O)c1ccccc1Nc1cc(Nc2cc(C)nn2C(C)C)ncc1Cl,Phase 2,2.0,kinase inhibitor,Focal adhesion kinase 1 inhibitor [INHIBITOR],INHIBITOR,,,0,kinase,kinase,discovery compound,,7939.0,,,,414.157,MedChemEx,HY-100498,GSK2256098,94.24,366,21,0,True,319,281,212,1,254,4,True,True,True,True,True,True,True,True,False,True,,
GW274150,BRD-K65840970-001-02-9,MOLOJNHYNHBPCW-ZETCQYMHSA-N,9797017.0,CHEMBL114551,CC(=N)NCCSCC[C@H](N)C(O)=O,Phase 2,2.0,nitric oxide synthase inhibitor,"Nitric oxide synthase, inducible inhibitor [INHIBITOR]",INHIBITOR,,,0,metabolic,metabolic,discovery compound,,9849.0,4.5,pIC50,Human,219.104,MedChemEx,HY-12119,GW274150,0.0,151,19,4,True,72,87,48,1,100,2,True,True,True,True,True,True,True,True,False,True,,
gynostemma-extract,BRD-K58775955-001-02-4,ZTQSADJAYQOCDD-HUGMCNGHSA-N,46887681.0,CHEMBL2108766,CC(C)=CCC[C@](C)(O[C@@H]1O[C@H](CO[C@@H]2OC[C@@H](O)[C@H](O)[C@H]2O)[C@@H](O)[C@H](O)[C@H]1O)[C@H]1CC[C@]2(C)[C@@H]1[C@H](O)C[C@@H]1[C@@]3(C)CC[C@H](O[C@@H]4O[C@H](CO)[C@@H](O)[C@H](O)[C@H]4O)C(C)(C)[C@@H]3CC[C@@]21C,Phase 2,4.0,calcium channel modulator,Voltage-sensitive sodium channel alpha-subunit blocker [BLOCKER],BLOCKER,,,0,ion channel,ion channel,discovery compound,,,,,,916.54,Selleck,S2306,Gynostemma Extract,2.21,11,0,0,False,6,8,1,0,1,0,True,True,True,False,True,False,True,True,False,True,,
HA-1004,BRD-K05434375-001-06-5,MZNDNBFMSVMUCX-UHFFFAOYSA-N,3546.0,CHEMBL143054,NC(=N)NCCNS(=O)(=O)c1cccc2cnccc12,Phase 2,,calcium channel blocker,,,,,0,ion channel,ion channel,discovery compound,,,,,,293.095,Enzo,EI184,HA-1004,98.82,225,6,4,True,53,31,31,0,53,2,True,True,True,False,True,True,True,True,False,True,,
IDH-305,BRD-K00003457-001-01-9,DCGDPJCUIKLTDU-SUNYJGFJSA-N,90415637.0,CHEMBL3652452,C[C@H](F)[C@H]1COC(=O)N1c1ccnc(N[C@@H](C)c2cc(C)c(cn2)-c2ccnc(c2)C(F)(F)F)n1,Phase 2,,isocitrate dehydrogenase inhibitor,,,,,0,metabolic,metabolic,discovery compound,,,,,,490.174,MedChemEx,HY-104036,IDH-305,95.98,36,1,0,True,30,27,6,0,21,0,True,True,True,False,True,False,True,True,False,True,,
incyclinide,BRD-K00003344-001-01-9,MDYVZYDNBUAVCN-WCAKBIDQSA-N,,CHEMBL2104970,"[H][C@@]12Cc3cccc(O)c3C(=O)[C@@H]1C(=O)[C@]1(O)C(=O)[C@H](C(N)=O)C(=O)C[C@]1([H])C2 |&1:19,&2:12|",Phase 2,2.0,matrix metalloprotease inhibitor,,,,,0,protease,protease,discovery compound,,,,,,371.101,MedChemEx,HY-13648,Incyclinide,92.17,60,8,0,True,29,35,34,0,31,1,True,True,True,False,True,True,True,True,False,True,,
IPI549,BRD-K00003385-001-01-9,XUMALORDVCFWKV-IBGZPJMESA-N,91933883.0,CHEMBL3984425,C[C@H](NC(=O)c1c(N)nn2cccnc12)c1cc2cccc(C#Cc3cnn(C)c3)c2c(=O)n1-c1ccccc1,Phase 2,2.0,PI3K inhibitor,PI3-kinase p110-gamma subunit inhibitor [INHIBITOR],INHIBITOR,,,0,kinase,kinase,discovery compound,,9563.0,7.8,pKd,Human,528.202,MedChemEx,HY-100716,IPI549,94.19,102,4,0,True,80,81,52,0,66,2,True,True,True,False,True,True,True,True,False,True,,
isodibut,BRD-K60241851-001-11-9,ZHXRDXTYPCPBTI-UHFFFAOYSA-N,145949.0,CHEMBL403272,OC(=O)CCCN1C(=O)c2cccc3cccc(C1=O)c23,Phase 2,,aldehyde reductase inhibitor,,,,,0,metabolic,metabolic,discovery compound,,,,,,283.084,Sigma,MFCD00181400,"4-(1,3-dioxo-1H-benzo[de]isoquinolin-2(3H)-yl)butanoic acid",99.18,4,0,0,False,0,0,0,0,1,0,False,False,False,False,True,False,True,True,False,True,,
isovaleramide,BRD-K90069354-001-03-7,SANOUVWGPVYVAV-UHFFFAOYSA-N,10930.0,CHEMBL171066,CC(C)CC(N)=O,Phase 2,-1.0,alcohol dehydrogenase inhibitor,,,,,0,metabolic,metabolic,discovery compound,,,,,,101.084,Selleck,S4116,Isovaleramide,79.17,74,1,0,True,8,10,1,0,7,9,True,True,True,False,True,True,True,True,False,True,,
lappaconite,BRD-K00025602-004-02-9,NWBWCXBPKTTZNQ-QOQRDJBUSA-N,90479327.0,CHEMBL5483031,CCN1C[C@@]2(CC[C@H](OC)[C@@]34[C@@H]5C[C@H]6[C@H](OC)[C@]5(O)[C@](O)(C[C@@H]6OC)[C@@H](C[C@H]23)[C@@H]14)OC(=O)c1ccccc1NC(C)=O,Phase 2,,sodium channel blocker,,,,,0,ion channel,ion channel,discovery compound,,,,,,584.31,Selleck,S2387,,89.72,6,0,0,False,2,1,0,0,1,0,True,True,False,False,True,False,True,True,False,True,,
LB-100,BRD-K00025603-001-01-9,JUQMLSGOTNKJKI-YTWAJWBKSA-N,11923097.0,CHEMBL4297300,"CN1CCN(CC1)C(=O)[C@@H]1[C@H]2CC[C@H](O2)[C@@H]1C(O)=O |&1:10,13,&2:15,&3:9|",Phase 2,2.0,protein phosphatase inhibitor,"Serine/threonine protein phosphatase 2A, catalytic subunit, alpha isoform inhibitor [INHIBITOR]; Serine/threonine protein phosphatase 2A, catalytic subunit, beta isoform inhibitor [INHIBITOR]; Serine/threonine-protein phosphatase 5 inhibitor [INHIBITOR]",INHIBITOR,,,0,phosphatase,phosphatase,discovery compound,,11105.0,,,,268.142,MedChemEx,HY-18597,,29.5,1385,28,3,True,394,368,150,5,189,5,True,True,True,True,True,True,True,True,False,True,,
MK-8998,BRD-K86677390-001-02-9,IQIKXZMPPBEWAD-CQSZACIVSA-N,24765479.0,CHEMBL1684950,CC(C)c1ccc(CC(=O)N[C@H](C)c2ccc(OCC(F)(F)F)cn2)cc1,Phase 2,2.0,T-type calcium channel blocker,Voltage-gated T-type calcium channel modulator [MODULATOR],MODULATOR,,,0,ion channel,ion channel,discovery compound,,12648.0,8.9,pIC50,Human,380.171,MedChemEx,HY-101096,Calcium channel inhibitor 1,97.27,13,1,0,True,1,3,1,0,4,0,True,True,True,False,True,False,True,True,False,True,,
moguisteine,BRD-A87673115-001-04-1,WSYVIAQNTFPTBI-OAHLLOKOSA-N,219046.0,CHEMBL146980,"CCOC(=O)CC(=O)N1CCS[C@@H]1COc1ccccc1OC |&1:12,r|",Phase 2,2.0,ATP-sensitive potassium channel inhibitor,,,,,0,ion channel,ion channel,discovery compound,,,,,,339.114,Selleck,S3104,Moguisteine,97.02,79,5,0,True,7,3,6,0,11,2,True,True,True,False,True,True,True,True,False,True,,
MS-424,BRD-K00004683-001-01-9,AEHLCVKEOAFFJC-MRVPVSSYSA-N,,CHEMBL5858310,C[C@@H]1C=CNN1C(=O)c1cccnc1 |c:2|,Phase 2,,glutamate transporter modulator,,,,,0,transporter,transporter,discovery compound,,,,,,189.09,Astatech,52852,"(R)-(5-METHYL-4,5-DIHYDRO-1H-PYRAZOL-1-YL)(PYRIDIN-3-YL)METHANONE",92.08,71,1,0,True,5,5,4,0,21,1,True,True,True,False,True,True,True,True,False,True,,
MSDC-0602K,BRD-K00004703-001-01-9,JIJXYXYLGRAIGV-UHFFFAOYSA-N,90835967.0,CHEMBL4593380,COc1cccc(c1)C(=O)COc1ccc(Cc2sc(O)nc2O)cc1,Phase 2,,mitochondrial pyruvate carrier modulator,,,,,0,metabolic,metabolic,discovery compound,,,,,,371.083,AMS,P51721,MSDC 0602,91.85,135,9,0,True,55,90,72,1,49,1,True,True,True,True,True,True,True,True,False,True,,
nibentan,BRD-A85876464-001-01-5,YRFYIORBFFGPPZ-OAQYLSRUSA-N,1552287.0,CHEMBL4303576,"CCN(CC)CCCC[C@@H](NC(=O)c1ccc(cc1)[N+]([O-])=O)c1ccccc1 |&1:9,r|",Phase 2,,potassium channel blocker,,,,,0,ion channel,ion channel,discovery compound,,,,,,383.221,Vitas-M,STL069536,,96.69,32,0,0,False,1,2,2,0,3,0,True,True,True,False,True,False,True,True,False,True,,
NIM811,BRD-K00003331-001-01-9,RPJPZDVUUKWPGT-FOIHOXPVSA-N,6473876.0,CHEMBL1688529,[H][C@]1(NC(=O)[C@]([H])([C@@H](C)CC)N(C)C(=O)CN(C)C(=O)[C@H](CC)NC(=O)[C@]([H])([C@H](O)[C@H](C)C\C=C\C)N(C)C(=O)[C@]([H])(C(C)C)N(C)C(=O)[C@H](CC(C)C)N(C)C(=O)[C@]([H])(CC(C)C)N(C)C(=O)[C@@H](C)NC(=O)[C@H](C)NC(=O)[C@H](CC(C)C)N(C)C1=O)C(C)C,Phase 2,2.0,mitochondrial permeability transition inhibitor,,,,,0,metabolic,metabolic,discovery compound,,,,,,1201.841,MedChemEx,HY-P0025,NIM811,87.81,527,21,2,True,243,362,130,0,176,10,True,True,True,False,True,True,True,True,True,True,,
OCO-1112,BRD-K22097830-001-01-9,ODLDHXPJRGNTPC-UHFFFAOYSA-N,3081027.0,CHEMBL4541438,CC(C)c1ccc(cc1)C(=O)NCCOc1ccc(cc1)C(O)=O,Phase 2,,cholesterol inhibitor,,,,,0,metabolic,metabolic,discovery compound,,,,,,327.147,Enamine,Z1149820700,,98.74,0,0,0,False,0,0,0,0,0,0,False,False,False,False,False,False,True,True,False,True,,
oglufanide,BRD-K00003164-001-01-9,LLEUXCDZPQOJMY-AAEUAGOBSA-N,100094.0,CHEMBL2111029,N[C@@H](CCC(O)=O)C(=O)N[C@@H](Cc1c[nH]c2ccccc12)C(O)=O,Phase 2,3.0,VEGF antagonist,,,,,0,growth factor / cytokine,growth factor / cytokine,discovery compound,,,,,,333.132,MedChemEx,HY-13718,Oglufanide,87.14,19,0,0,False,7,6,5,0,3,0,True,True,True,False,True,False,True,True,False,True,,
parsaclisib,BRD-K00004594-001-01-9,ZQPDJCIXJHUERQ-QWRGUYRKSA-N,86677874.0,CHEMBL4298155,CCOc1c(cc(Cl)c(F)c1[C@@H]1CNC(=O)C1)[C@H](C)n1nc(C)c2c(N)ncnc12,Phase 2,1.0,PI3K inhibitor,,,,,0,kinase,kinase,discovery compound,,10098.0,7.3 - 8.0,pIC50,Human,432.148,MedChemEx,HY-109068,Parsaclisib,97.97,281,6,1,True,202,178,58,0,122,5,True,True,True,False,True,True,True,True,False,True,,
PF-05175157,BRD-K00002423-001-02-9,BDXXSFOJPYSYOC-UHFFFAOYSA-N,52934180.0,CHEMBL3359265,[H]n1c(C)nc2ccc(cc12)C(=O)N1CCC2(CC1)Cc1cnn(C(C)C)c1C(=O)C2,Phase 2,2.0,acetyl-CoA carboxylase inhibitor,Acetyl-CoA carboxylase inhibitor [INHIBITOR],INHIBITOR,,,0,metabolic,metabolic,discovery compound,,,,,,405.216,MedChemEx,HY-12942,PF-05175157,97.16,70,6,0,True,43,40,15,0,31,4,True,True,True,False,True,True,True,True,False,True,,
PF-06459988,BRD-K00003311-001-01-9,ODMXWZROLKITMS-RISCZKNCSA-N,71535003.0,CHEMBL3786098,CO[C@H]1CN(C[C@@H]1COc1nc(Nc2cnn(C)c2)nc2[nH]cc(Cl)c12)C(=O)C=C,Phase 2,2.0,receptor tyrosine protein kinase inhibitor,Epidermal growth factor receptor erbB1 inhibitor [INHIBITOR],INHIBITOR,,,0,kinase,kinase,discovery compound,,,,,,431.147,MedChemEx,HY-19985,PF-06459988,96.87,8,0,0,False,4,5,0,0,1,0,True,True,False,False,True,False,True,True,False,True,,
PF-06873600,BRD-K00004750-001-01-9,QIEKHLDZKRQLLN-FOIQADDNSA-N,134247638.0,CHEMBL4446357,C[C@@]1(O)CCC[C@H]1n1c2nc(NC3CCN(CC3)S(C)(=O)=O)ncc2cc(C(F)F)c1=O,Phase 2,2.0,CDK inhibitor,,,,,0,kinase,kinase,discovery compound,,10426.0,9.9,pKi,Human,471.175,MedChemEx,HY-114177,PF-06873600,94.5,105,3,0,True,102,79,21,0,34,1,True,True,True,False,True,True,True,True,False,True,,
pilaralisib,BRD-K49456274-001-03-9,QINPEPAQOBZPOF-UHFFFAOYSA-N,56599306.0,CHEMBL3360203,COc1ccc(Cl)c(Nc2nc3ccccc3nc2NS(=O)(=O)c2cccc(NC(=O)C(C)(C)N)c2)c1,Phase 2,2.0,PI3K inhibitor,PI3-kinase class I inhibitor [INHIBITOR],INHIBITOR,,,0,kinase,kinase,discovery compound,,7963.0,7.4,pIC50,Human,540.135,MedChemEx,HY-16526,Pilaralisib,96.13,230,5,1,True,197,185,37,0,144,2,True,True,True,False,True,True,True,True,False,True,,
pinitol,BRD-K87873585-001-02-9,DSCFFEYYQKSRSV-KLJZZCKASA-N,,CHEMBL493737,CO[C@@H]1[C@@H](O)[C@@H](O)[C@H](O)[C@H](O)[C@H]1O,Phase 2,2.0,gamma secretase inhibitor,,,,,0,protease,protease,discovery compound,,,,,,194.079,CombiBlocks,JRSACHER_006-10-2,D-pinitol,,1518,41,3,True,361,390,158,0,297,26,True,True,True,False,True,True,True,True,False,True,,
PI3K-IN-2,BRD-K62374002-001-01-5,ADGGYDAFIHSYFI-UHFFFAOYSA-N,58507717.0,CHEMBL4574601,Nc1cc(c(cn1)-c1nc(nc(n1)N1CCOCC1)N1CCOCC1)C(F)(F)F,Phase 2,2.0,PI3K inhibitor,,,,,0,kinase,kinase,discovery compound,,,,,,411.163,MedChemEx,HY-12868,PQR309,94.14,2072,132,14,True,1476,1340,540,8,982,19,True,True,True,True,True,True,True,True,False,True,,
Q-203,BRD-K59853741-001-01-9,OJICYBSWSZGRFB-UHFFFAOYSA-N,68234908.0,CHEMBL3298910,CCc1nc2ccc(Cl)cn2c1C(=O)NCc1ccc(cc1)N1CCC(CC1)c1ccc(OC(F)(F)F)cc1,Phase 2,2.0,ATP synthase inhibitor,,,,,0,metabolic,metabolic,discovery compound,,12953.0,,,,556.185,Enamine,Z2235679010,,89.92,63,1,0,True,6,6,2,0,4,0,True,True,True,False,True,False,True,True,False,True,,
ravuconazole,BRD-K03503561-001-01-4,OPAHEYNNJWPQPX-RCDICMHDSA-N,467825.0,CHEMBL294029,C[C@@H](c1nc(cs1)-c1ccc(cc1)C#N)[C@](O)(Cn1cncn1)c1ccc(F)cc1F,Phase 2,2.0,sterol demethylase inhibitor,Cytochrome P450 51 inhibitor [INHIBITOR],INHIBITOR,,,0,epigenetic (selective probe),epigenetic (selective probe),discovery compound,,,,,,437.112,Cayman,18750,"4-{2-[(1R,2R)-2-(2,4-difluorophenyl)-2-hydroxy-1-methyl-3-(1H-1,2,4-triazol-1-yl)propyl]-1,3-thiazol-4-yl}benzonitrile",98.93,1080,20,5,True,215,178,84,0,118,51,True,True,True,False,True,True,True,True,False,True,,
remetinostat,BRD-K00004584-001-01-9,XDZAHHULFQIBFE-UHFFFAOYSA-N,24875489.0,CHEMBL3707219,COC(=O)c1ccc(OC(=O)CCCCCCC(=O)NO)cc1,Phase 2,2.0,HDAC inhibitor,,,,,0,epigenetic (selective probe),epigenetic (selective probe),discovery compound,,,,,,323.137,MedChemEx,HY-100365,Remetinostat,0.0,31,3,3,True,21,21,4,0,12,0,True,True,True,False,True,False,True,True,False,True,,
riodipine,BRD-K36379990-001-01-1,AZVFIZVKGSPGPK-UHFFFAOYSA-N,68909.0,CHEMBL1891684,"COC(=O)C1=C(C)NC(C)=C(C1c1ccccc1OC(F)F)C(=O)OC |c:4,9|",Phase 2,2.0,calcium channel blocker,,,,,0,ion channel,ion channel,discovery compound,,,,,,367.123,Sigma,MFCD00728312,"dimethyl 4-[2-(difluoromethoxy)phenyl]-2,6-dimethyl-1,4-dihydro-3,5-pyridinedicarboxylate",97.87,14,0,0,False,1,1,2,0,1,0,True,True,True,False,True,False,True,True,False,True,,
rosiptor,BRD-K00003494-001-01-9,MDEJTPWQNNMAQF-BVMLLJBZSA-N,76965484.0,CHEMBL3989954,[H][C@@]12CCC(=C)[C@@]1(C)CC[C@@]([H])([C@H]2CN)[C@@]1(C)CC[C@H](O)C[C@@H]1CO,Phase 2,3.0,SHIP1 phosphatase activator,"Phosphatidylinositol-3,4,5-trisphosphate 5-phosphatase 1 activator [ACTIVATOR]",ACTIVATOR,,,0,phosphatase,phosphatase,discovery compound,,9249.0,,,,321.267,MedChemEx,HY-109011,Rosiptor,100.0,8,0,0,False,4,3,1,0,3,1,True,True,True,False,True,True,True,True,False,True,,
selonsertib,BRD-K00003274-001-01-9,YIDDLAAKOYYGJG-UHFFFAOYSA-N,71245288.0,CHEMBL3916717,CC(C)n1cnnc1-c1cccc(NC(=O)c2cc(c(C)cc2F)-n2cnc(c2)C2CC2)n1,Phase 2,3.0,MAP kinase activator,Mitogen-activated protein kinase kinase kinase 5 inhibitor [INHIBITOR],INHIBITOR,,,0,kinase,kinase,discovery compound,,9040.0,8.5,pIC50,Human,445.203,MedChemEx,HY-18938,Selonsertib,91.3,808,22,2,True,389,644,465,0,357,9,True,True,True,False,True,True,True,True,False,True,,
sodium-tanshinone-II-A-sulfonate,BRD-K84798689-236-02-9,UJCACMLMPLLRGW-UHFFFAOYSA-N,125782.0,CHEMBL1473252,Cc1c2c(oc1S(O)(=O)=O)-c1ccc3c(CCCC3(C)C)c1C(=O)C2=O,Phase 2,2.0,potassium channel activator,,,,,0,ion channel,ion channel,discovery compound,,,,,,374.082,Ark,AK128306,,93.63,34,0,0,False,5,8,4,0,9,0,True,True,True,False,True,False,True,True,False,True,,
TAK-659,BRD-K71500795-003-02-9,MJHOMTRKVMKCNE-NWDGAFQWSA-N,53252276.0,CHEMBL4594253,Cn1cc(cn1)-c1nc(N[C@@H]2CCCC[C@@H]2N)c(F)c2CNC(=O)c12,Phase 2,2.0,spleen associated tyrosine kinase inhibitor,Tyrosine-protein kinase SYK inhibitor [INHIBITOR],INHIBITOR,,,0,kinase,kinase,discovery compound,,9600.0,8.3,pIC50,Human,344.176,MedChemEx,HY-100867A,TAK-659 (hydrochloride),95.02,108,2,1,True,85,80,21,0,50,1,True,True,True,False,True,True,True,True,False,True,,
tenalisib,BRD-K00003263-001-01-9,HDXDQPRPFRKGKZ-INIZCTEOSA-N,86291103.0,CHEMBL4297584,CC[C@H](Nc1ncnc2nc[nH]c12)c1oc2ccccc2c(=O)c1-c1cccc(F)c1,Phase 2,2.0,PI3K inhibitor,PI3-kinase p110-delta subunit inhibitor [INHIBITOR]; PI3-kinase p110-gamma subunit inhibitor [INHIBITOR]; PI3-kinase p110-delta subunit inhibitor [INHIBITOR]; PI3-kinase p110-gamma subunit inhibitor [INHIBITOR],INHIBITOR,,,0,kinase,kinase,discovery compound,,9907.0,5.0,pIC50,Human,415.144,MedChemEx,HY-17645,Tenalisib,97.79,121,2,0,True,99,93,23,0,67,1,True,True,True,False,True,True,True,True,False,True,,
tetradecylthioacetic-acid,BRD-K47539947-001-03-7,IPBCWPPBAWQYOO-UHFFFAOYSA-N,114924.0,CHEMBL187734,CCCCCCCCCCCCCCSCC(O)=O,Phase 2,2.0,lipid peroxidase inhibitor,,,,,0,metabolic,metabolic,discovery compound,,,,,,288.212,Enzo,GR236,Tetradecylthioacetic acid,100.0,227,6,1,True,92,57,24,1,53,1,True,True,True,True,True,True,True,True,False,True,,
tomivosertib,BRD-K00003361-001-01-9,HKTBYUWLRDZAJK-UHFFFAOYSA-N,118598754.0,CHEMBL4073443,Cc1cc(Nc2cc(N)ncn2)c(=O)n2c1C(=O)NC21CCCCC1,Phase 2,2.0,MAPK-interacting kinase inhibitor,MAP kinase-interacting serine/threonine-protein kinase 1/2 inhibitor [INHIBITOR],INHIBITOR,,,0,kinase; mechanotransduction,kinase,discovery compound,,10167.0,8.6,pIC50,Human,340.165,MedChemEx,HY-100022,Tomivosertib,96.64,123,5,2,True,91,80,28,0,42,3,True,True,True,False,True,True,True,True,False,True,,
trilaciclib,BRD-K00003412-300-01-9,PDGKHKMBHVFCMG-UHFFFAOYSA-N,68029831.0,CHEMBL4650272,CN1CCN(CC1)c1ccc(Nc2ncc3cc4C(=O)NCC5(CCCCC5)n4c3n2)nc1,Phase 2,4.0,CDK inhibitor,Cyclin-dependent kinase 6 inhibitor [INHIBITOR]; Cyclin-dependent kinase 4 inhibitor [INHIBITOR],INHIBITOR,,,0,kinase,kinase,discovery compound,,9626.0,10.0,pKd,Human,446.254,MedChemEx,HY-101467A,Trilaciclib hydrochloride,86.11,469,7,0,True,365,310,64,0,181,3,True,True,True,False,True,True,True,True,False,True,,
upamostat,BRD-K00003218-001-01-9,HUASEDVYRABWCV-NDEPHWFRSA-N,9852201.0,CHEMBL4206119,CCOC(=O)N1CCN(CC1)C(=O)[C@H](Cc1cccc(c1)C(=N)NO)NS(=O)(=O)c1c(cc(cc1C(C)C)C(C)C)C(C)C,Phase 2,2.0,serine protease inhibitor,,,,,0,protease,protease,discovery compound,,6497.0,,,,629.325,MedChemEx,HY-16511,Upamostat,42.18,58,4,0,True,34,28,30,0,34,1,True,True,True,False,True,True,True,True,False,True,,
vixotrigine,BRD-K00003141-003-01-9,JESCETIFNOFKEU-SJORKVTESA-N,16046068.0,CHEMBL3544913,NC(=O)[C@@H]1CC[C@@H](N1)c1ccc(OCc2ccccc2F)cc1,Phase 2,3.0,sodium channel blocker,Sodium channel protein type IX alpha subunit blocker [BLOCKER],BLOCKER,,,0,ion channel,ion channel,discovery compound,,12645.0,5.2,pIC50,Human,314.143,MedChemEx,HY-12796A,Raxatrigine hydrochloride,86.82,89,9,0,True,16,19,7,0,35,1,True,True,True,False,True,True,True,True,False,True,,
ABC-294640,BRD-K01825984-001-01-9,CAOTVXGYTWCKQE-BRNYJPRKSA-N,,CHEMBL2158685,"Clc1ccc(cc1)[C@]12C[C@H]3C[C@H](C[C@](C3)(C1)C(=O)NCc1ccncc1)C2 |&1:7,9,11,13|",Phase 2,2.0,sphingosine kinase inhibitor,Sphingosine kinase 2 inhibitor [INHIBITOR],INHIBITOR,SPHK2,SPHK2,1,kinase,kinase,discovery compound,,6624.0,5.0,pKi,Human,380.166,Selleck,S7174,,99.82,14,2,0,True,11,10,2,0,8,0,True,True,True,False,True,False,True,False,False,False,,
AD-5467,BRD-A80280426-001-03-8,CLDJCRWXLDLJLO-CQSZACIVSA-N,6933882.0,CHEMBL579173,"CC(C)[C@H]1Oc2c(cccc2N(CC(O)=O)C1=S)C(C)C |&1:3,r|",Phase 2,,aldose reductase inhibitor,,,AKR1B1,AKR1B1,1,metabolic,metabolic,discovery compound,,,,,,307.124,Maybridge,KM06746,"(2,8-diisopropyl-3-thioxo-2,3-dihydro-4H-1,4-benzoxazin-4-yl)acetic acid",88.22,8,0,2,False,0,0,0,0,2,0,False,False,False,False,True,False,True,True,False,True,,
amflutizole,BRD-K50813454-001-01-9,KVMCEGAWQYTFKC-UHFFFAOYSA-N,54833.0,CHEMBL2106558,Nc1c(snc1-c1cccc(c1)C(F)(F)F)C(O)=O,Phase 2,2.0,xanthine oxidase inhibitor,,,XDH,XDH,1,metabolic,metabolic,discovery compound,,,,,,288.018,Enamine,Z2327605029,4-amino-3-[3-(trifluoromethyl)phenyl]-5-isothiazolecarboxylic acid,96.22,22,0,0,False,6,6,2,0,9,1,True,True,True,False,True,True,True,True,False,True,,
AMG-319,BRD-K21077415-001-01-5,KWRYMZHCQIOOEB-LBPRGKRZSA-N,68947304.0,CHEMBL2109249,C[C@H](Nc1ncnc2nc[nH]c12)c1cc2ccc(F)cc2nc1-c1ccccn1,Phase 2,2.0,PI3K inhibitor,ICOS ligand inhibitor [INHIBITOR],INHIBITOR,PIK3CD,PIK3CD,1,kinase,kinase,discovery compound,,8917.0,6.1,pIC50,Human,385.145,MedChemEx,HY-12948,,98.62,100,2,0,True,93,78,31,0,45,1,True,True,True,False,True,True,True,False,False,False,,
AMG319,BRD-A58947127-001-01-6,KWRYMZHCQIOOEB-GFCCVEGCSA-N,133547162.0,CHEMBL4303596,"C[C@@H](Nc1ncnc2nc[nH]c12)c1cc2ccc(F)cc2nc1-c1ccccn1 |&1:1,r|",Phase 2,2.0,PI3K inhibitor,PI3-kinase p110-delta subunit inhibitor [INHIBITOR],INHIBITOR,PIK3CD,PIK3CD,1,kinase,kinase,discovery compound,,8917.0,6.1,pIC50,Human,385.145,Selleck,S7813,AMG319,99.26,75,1,0,True,68,60,15,0,44,1,True,True,True,False,True,True,True,False,False,True,,
amygdalin,BRD-K03504028-001-07-6,XUCIJNAGGSZNQT-JHSLDZJXSA-N,656516.0,CHEMBL461727,OC[C@H]1O[C@@H](OC[C@H]2O[C@@H](O[C@@H](C#N)c3ccccc3)[C@H](O)[C@@H](O)[C@@H]2O)[C@H](O)[C@@H](O)[C@@H]1O,Phase 2,,caspase activator,,,CASP3,CASP3,1,protease,protease,discovery compound,,12451.0,1.7,pEC50,Human,457.158,Selleck,S2260,Amygdalin,95.98,4150,84,9,True,947,797,421,3,676,53,True,True,True,True,True,True,True,True,False,False,,
avagacestat,BRD-K83720053-001-03-8,XEAOPVUAMONVLA-QGZVFWFLSA-N,46883536.0,CHEMBL1090771,NC(=O)[C@@H](CCC(F)(F)F)N(Cc1ccc(cc1F)-c1ncon1)S(=O)(=O)c1ccc(Cl)cc1,Phase 2,2.0,gamma secretase inhibitor,Gamma-secretase inhibitor [INHIBITOR],INHIBITOR,PSEN1,PSEN1,1,protease,protease,discovery compound,,6489.0,9.5,pIC50,Human,520.06,Selleck,S1262,Avagacestat (BMS-708163),96.39,564,8,2,True,176,251,72,0,207,2,True,True,True,False,True,True,True,True,False,True,,
AZD2014,BRD-K99113996-001-02-0,JUSFANSTBFGBAF-IRXDYDNUSA-N,25262792.0,CHEMBL2336325,CNC(=O)c1cccc(c1)-c1ccc2c(nc(nc2n1)N1CCOC[C@@H]1C)N1CCOC[C@@H]1C,Phase 2,2.0,mTOR inhibitor,Serine/threonine-protein kinase mTOR inhibitor [INHIBITOR],INHIBITOR,MTOR,MTOR,1,kinase,kinase,discovery compound,,7699.0,8.6,pIC50,Human,462.238,Selleck,S2783,AZD2014,95.74,965,15,3,True,856,752,215,0,509,7,True,True,True,False,True,True,True,True,False,True,,
AZD6738,BRD-A36013532-001-01-3,OHUHVTCQTUDPIJ-MUWSIPGASA-N,54761305.0,CHEMBL3648328,"C[C@@H]1COCCN1c1cc(nc(n1)-c1ccnc2[nH]ccc12)C1(CC1)[S@@](C)(=N)=O |a:1,&1:25|",Phase 2,,ATR kinase inhibitor,,,ATR,ATR,1,kinase,kinase,discovery compound,,9390.0,9.0,pIC50,Human,412.168,Selleck,S7693,AZD6738,97.61,1414,18,6,True,1270,1144,214,2,443,9,True,True,True,True,True,True,True,True,False,True,,
balicatib,BRD-K27204852-001-01-9,LLCRBOWRJOUJAE-UHFFFAOYSA-N,10201696.0,CHEMBL371064,CCCN1CCN(CC1)c1ccc(cc1)C(=O)NC1(CCCCC1)C(=O)NCC#N,Phase 2,2.0,cathepsin inhibitor,Cathepsin K inhibitor [INHIBITOR],INHIBITOR,CTSK,CTSK,1,protease; lysosomal / autophagy,protease,discovery compound,,7861.0,8.9,pIC50,Human,411.263,MedChemEx,HY-15100,Balicatib,97.04,151,59,2,True,69,88,109,4,73,1,True,True,True,True,True,True,True,True,False,True,,
bipenamol,BRD-K47690382-001-03-0,HLAFSNJRKZLMPT-UHFFFAOYSA-N,43961.0,CHEMBL310160,NCc1ccccc1Sc1ccccc1CO,Phase 2,2.0,dipeptidyl peptidase inhibitor,,,CTSC,CTSC,1,protease,protease,discovery compound,,,,,,245.087,Sigma,MFCD00075349,(2-{[2-(aminomethyl)phenyl]sulfanyl}phenyl)methanol,81.11,2,0,0,False,0,0,0,0,0,0,False,False,False,False,False,False,True,False,False,False,,
bis(maltolato)oxovanadium(IV),BRD-K16180792-001-01-7,XUOLEICXAPEOSI-UHFFFAOYSA-L,3035454.0,CHEMBL286447,Cc1occc(=O)c1O[V](=O)Oc1c(C)occc1=O,Phase 2,,tyrosine phosphatase inhibitor,,,PTPN1,PTPN1,1,phosphatase,phosphatase,discovery compound,,,,,,316.987,Carbosynth,FB18735,2-methyl-3-((2-methyl-4-oxo-4H-pyran-3-yloxy)(oxo)vanadiooxy)-4H-pyran-4-one,79.05,169,7,1,True,40,42,16,0,31,2,True,True,True,False,True,True,True,True,False,False,,
brequinar,BRD-K96123349-236-02-8,PHEZJEYUWHETKO-UHFFFAOYSA-N,57030.0,CHEMBL38434,Cc1c(nc2ccc(F)cc2c1C(O)=O)-c1ccc(cc1)-c1ccccc1F,Phase 2,2.0,dihydroorotate dehydrogenase inhibitor,Dihydroorotate dehydrogenase inhibitor [INHIBITOR],INHIBITOR,DHODH,DHODH,1,metabolic,metabolic,discovery compound,,7406.0,7.0,pKi,Human,375.107,EMDBio,508321-10MG,"Dihydroorotate Dehydrogenase Inhibitor, Brequinar",98.43,1118,33,3,True,634,547,149,0,247,34,True,True,True,False,True,True,True,True,False,True,,
caricotamide,BRD-K90215590-001-01-4,WEJRSYKFMCUCRQ-UHFFFAOYSA-N,403128.0,CHEMBL2000716,"NC(=O)CN1C=CCC(=C1)C(N)=O |c:5,8|",Phase 2,2.0,NADPH quinone oxidoreductase inhibitor,,,NQO2,NQO2,1,metabolic,metabolic,discovery compound,,,,,,181.085,Enamine,Z2306534737,"1-(2-amino-2-oxoethyl)-1,4-dihydro-3-pyridinecarboxamide",0.0,4,0,0,False,1,2,1,0,1,0,True,True,True,False,True,False,True,False,False,False,,
CC-115,BRD-K16755045-003-02-5,GMYLVKUGJMYTFB-UHFFFAOYSA-N,58298318.0,CHEMBL3586573,"CCN1C(=O)CN=C2NC=C(N=C12)c1ccc(nc1C)-c1nnc[nH]1 |c:9,t:6,11|",Phase 2,2.0,DNA protein kinase inhibitor|mTOR inhibitor,Serine/threonine-protein kinase mTOR inhibitor [INHIBITOR]; DNA-dependent protein kinase inhibitor [INHIBITOR],INHIBITOR,MTOR,MTOR,1,kinase,kinase,discovery compound,,,,,,336.145,MedChemEx,HY-16962A,CC-115 (hydrochloride),93.43,526,12,0,True,327,303,60,0,183,3,True,True,True,False,True,True,True,True,False,True,,
CC-223,BRD-K88737571-001-02-2,UFKLYTOEMRFKAD-SHTZXODSSA-N,,CHEMBL3586404,CO[C@H]1CC[C@@H](CC1)N1C(=O)CNc2ncc(nc12)-c1ccc(nc1)C(C)(C)O |r|,Phase 2,2.0,mTOR inhibitor,Serine/threonine-protein kinase mTOR inhibitor [INHIBITOR],INHIBITOR,MTOR,MTOR,1,kinase,kinase,discovery compound,,8914.0,6.2,pIC50,Human,397.211,MedChemEx,HY-16956,CC-223,84.46,252,5,0,True,181,168,44,0,141,5,True,True,True,False,True,True,True,True,False,True,,
cetaben,BRD-K86954340-001-01-7,QXWKHSSBFQDQPR-UHFFFAOYSA-N,47263.0,CHEMBL31907,CCCCCCCCCCCCCCCCNc1ccc(cc1)C(O)=O,Phase 2,2.0,ACAT inhibitor|cholesterol inhibitor,,,PPARA,PPARA,1,metabolic,metabolic,discovery compound,,,,,,361.298,Adooq,A11137,4-(hexadecylamino)benzoic acid,55.82,26,0,0,False,7,2,3,0,4,0,True,True,True,False,True,False,True,True,False,True,,
CHF5074,BRD-K34508702-001-02-4,LIYLTQQDABRNRX-UHFFFAOYSA-N,9996409.0,CHEMBL4536273,OC(=O)C1(CC1)c1ccc(c(F)c1)-c1ccc(Cl)c(Cl)c1,Phase 2,,gamma secretase modulator,,,PSEN1,PSEN1,1,protease,protease,discovery compound,,7339.0,4.4,pEC50,Human,324.012,MedChemEx,HY-14399,CHF5074,92.25,109,1,1,True,34,52,16,0,40,0,True,True,True,False,True,False,True,True,False,True,,
clorgiline,BRD-K73251053-003-23-9,BTFHLQRNAMSNLC-UHFFFAOYSA-N,4380.0,CHEMBL8706,CN(CCCOc1ccc(Cl)cc1Cl)CC#C,Phase 2,2.0,monoamine oxidase inhibitor,,,MAOA,MAOA,1,metabolic,metabolic,discovery compound,,6636.0,,,,271.053,MedChemEx,HY-14197A,Clorgyline hydrochloride,97.41,104,2,0,True,26,39,11,0,21,2,True,True,True,False,True,True,True,True,False,True,,
CP-724714,BRD-K76908866-001-07-6,LLVZBTWPGQVVLW-SNAWJCMRSA-N,9874913.0,CHEMBL483321,COCC(=O)NC\C=C\c1ccc2ncnc(Nc3ccc(Oc4ccc(C)nc4)c(C)c3)c2c1,Phase 2,2.0,EGFR inhibitor|protein tyrosine kinase inhibitor,Receptor protein-tyrosine kinase erbB-2 inhibitor [INHIBITOR],INHIBITOR,ERBB2,ERBB2,1,kinase,kinase,discovery compound,,7883.0,7.9,pIC50,Human,469.211,Selleck,S1167,CP-724714,97.14,83,1,0,True,62,62,14,0,23,0,True,True,True,False,True,False,True,False,False,False,,
CPI-0610,BRD-K19871656-001-01-3,GCWIQUVXWZWCLE-INIZCTEOSA-N,57389999.0,CHEMBL4303404,Cc1noc2[C@H](CC(N)=O)N=C(c3ccc(Cl)cc3)c3ccccc3-c12 |t:10|,Phase 2,3.0,bromodomain inhibitor,Bromodomain and extra-terminal motif (BET) inhibitor [INHIBITOR],INHIBITOR,BRD4,BRD4,1,epigenetic (selective probe),epigenetic (selective probe),discovery compound,,9120.0,7.4,pIC50,Human,365.093,MedChemEx,HY-12863,CPI-0610,99.18,459,17,1,True,392,359,106,2,163,9,True,True,True,True,True,True,True,True,False,True,,
CPI-1189,BRD-K11073688-001-01-6,DJKNRCWSXSZACF-UHFFFAOYSA-N,151118.0,CHEMBL4297369,CC(=O)Nc1ccc(cc1)C(=O)NC(C)(C)C,Phase 2,2.0,tumor necrosis factor release inhibitor,,,TNF,TNF,1,growth factor / cytokine,growth factor / cytokine,discovery compound,,,,,,234.137,ChemDiv,Y030-2548,,98.62,27,0,0,False,8,16,3,0,12,0,True,True,True,False,True,False,True,True,False,True,,
CT-7758,BRD-K40870905-001-02-9,KYHVWHYLKOHLKA-FQEVSTJZSA-N,10186367.0,CHEMBL4303708,OC(=O)[C@H](Cc1ccc(Nc2nccc3ccncc23)cc1)NC1=C(Br)C(=O)C11CCCCC1 |c:26|,Phase 2,-1.0,integrin antagonist,,,ITGA4,ITGA4,1,mechanotransduction,mechanotransduction,discovery compound,,,,,,520.111,MedChemEx,HY-70073,Zaurategrast,97.57,0,0,0,False,0,0,0,0,0,0,False,False,False,False,False,False,True,True,False,False,,
dazmegrel,BRD-K20738689-001-01-2,DEQLGSOHGTZKFB-UHFFFAOYSA-N,53555.0,CHEMBL283656,Cc1c(Cn2ccnc2)c2ccccc2n1CCC(O)=O,Phase 2,2.0,thromboxane synthase inhibitor,,,TBXAS1,TBXAS1,1,metabolic,metabolic,discovery compound,,,,,,283.132,Vitas-M,STK094650,,98.91,275,3,2,True,18,12,34,0,121,1,True,True,True,False,True,True,True,True,False,True,,
dazoxiben,BRD-K82767007-001-01-1,XQGZSYKGWHUSDH-UHFFFAOYSA-N,53001.0,CHEMBL267473,OC(=O)c1ccc(OCCn2ccnc2)cc1,Phase 2,2.0,thromboxane synthase inhibitor,,,TBXAS1,TBXAS1,1,metabolic,metabolic,discovery compound,,5175.0,8.5,pIC50,Human,232.085,AKSci,K385,,95.24,516,8,6,True,48,22,124,0,281,5,True,True,True,False,True,True,True,True,False,True,,
defactinib,BRD-K43578482-001-01-4,FWLMVFUGMHIOAA-UHFFFAOYSA-N,25117126.0,CHEMBL3137305,CNC(=O)c1ccc(Nc2ncc(c(NCc3nccnc3N(C)S(C)(=O)=O)n2)C(F)(F)F)cc1,Phase 2,2.0,focal adhesion kinase inhibitor,,,PTK2,PTK2,1,kinase,kinase,discovery compound,,7910.0,5.0,pKd,Human,510.141,MedChemEx,HY-12289,Defactinib,98.24,1081,50,3,True,908,786,562,0,625,10,True,True,True,False,True,True,True,False,False,False,,
DPI-201106,BRD-A64553394-001-04-4,BYBYHCOEAFHGJL-RUZDIDTESA-N,10389826.0,CHEMBL146100,"O[C@@H](COc1cccc2[nH]c(cc12)C#N)CN1CCN(CC1)C(c1ccccc1)c1ccccc1 |&1:1,r|",Phase 2,,sodium channel activator,,,ADRB2,ADRB2,1,ion channel,ion channel,discovery compound,,,,,,466.237,Enzo,NA116,SDZ-201106,94.82,2,0,0,False,1,1,0,0,0,0,True,True,False,False,False,False,True,True,False,True,,
EX-527,BRD-A73908300-001-09-1,FUZYTVDVLBBXDL-VIFPVBQESA-N,707029.0,CHEMBL597477,"NC(=O)[C@H]1CCCc2c1[nH]c1ccc(Cl)cc21 |&1:3,r|",Phase 2,,SIRT inhibitor,,,SIRT1,SIRT1,1,epigenetic (selective probe),epigenetic (selective probe),discovery compound,,8100.0,7.4,pIC50,Human,248.072,Selleck,S1541,EX 527,94.26,1575,116,6,True,930,1104,341,2,548,15,True,True,True,True,True,True,True,True,False,False,,
firategrast,BRD-K17513304-001-01-9,YLFZHHDVRSYTKT-NRFANRHFSA-N,9935681.0,CHEMBL2104967,CCOCc1cc(OC)c(c(OC)c1)-c1ccc(C[C@H](NC(=O)c2c(F)cccc2F)C(O)=O)cc1,Phase 2,2.0,integrin antagonist,Integrin alpha-4/beta-1 antagonist [ANTAGONIST]; Integrin alpha-4/beta-7 antagonist [ANTAGONIST],ANTAGONIST,ITGA4,ITGA4,1,mechanotransduction,mechanotransduction,discovery compound,,11486.0,,,,499.181,MedChemEx,HY-14951,Firategrast,99.31,80,6,0,True,49,35,34,0,50,5,True,True,True,False,True,True,True,True,False,True,,
F351,BRD-K41267922-001-01-4,NETTXQJYJRFTFS-UHFFFAOYSA-N,11217901.0,CHEMBL4297288,Cc1ccc(=O)n(c1)-c1ccc(O)cc1,Phase 2,3.0,TGF beta receptor inhibitor,,,TGFB1,TGFB1,1,growth factor / cytokine,growth factor / cytokine,discovery compound,,,,,,201.079,Carbosynth,FH24467,1-(4-hydroxyphenyl)-5-methyl-2(1H)-pyridinone,95.15,200,5,1,True,39,29,14,1,39,4,True,True,True,True,True,True,True,False,False,False,,
gambogic-acid,BRD-K08542803-001-01-5,GEZHEQNLKAOMCA-RRZNCOCZSA-N,9852185.0,CHEMBL555017,"CC(C)=CCC[C@@]1(C)Oc2c(CC=C(C)C)c3O[C@@]45[C@H]6C[C@@H](C=C4C(=O)c3c(O)c2C=C1)C(=O)[C@]5(C\C=C(\C)C(O)=O)OC6(C)C |c:22,33|",Phase 2,,caspase activator,,,BCL2,BCL2,1,protease,protease,discovery compound,,,,,,628.304,MedChemEx,HY-N0087,Gambogic Acid,81.89,1949,76,5,True,1367,1512,469,3,891,30,True,True,True,True,True,True,True,True,False,True,,
GS-9973,BRD-K76719364-001-02-5,XSMSNFMDVXXHGJ-UHFFFAOYSA-N,59473233.0,CHEMBL3265032,C1CN(CCO1)c1ccc(Nc2nc(cn3ccnc23)-c2ccc3c[nH]nc3c2)cc1,Phase 2,3.0,SYK inhibitor,Tyrosine-protein kinase SYK inhibitor [INHIBITOR],INHIBITOR,SYK,SYK,1,kinase,kinase,discovery compound,,7889.0,8.1,pIC50,Human,411.181,Selleck,S7523,Entospletinib (GS-9973),92.11,169,5,0,True,138,121,41,0,58,2,True,True,True,False,True,True,True,True,False,True,,
GSK2330672,BRD-K05858796-001-01-7,CZGVOBIGEBDYTP-VSGBNLITSA-N,53492727.0,CHEMBL2387408,CCCC[C@]1(CC)CS(=O)(=O)c2cc(CNC(CC(O)=O)CC(O)=O)c(OC)cc2[C@H](N1)c1ccccc1,Phase 2,3.0,bile acid transporter inhibitor,Ileal bile acid transporter inhibitor [INHIBITOR],INHIBITOR,SLC10A2,SLC10A2,1,transporter,transporter,discovery compound,,14439.0,7.4,pIC50,Human,546.24,MedChemEx,HY-16643,GSK2330672,96.72,91,0,1,False,34,32,24,0,20,0,True,True,True,False,True,False,True,False,False,False,,
GSK2636771,BRD-K49215523-001-05-9,XTKLTGBKIDQGQL-UHFFFAOYSA-N,56949517.0,CHEMBL3188551,Cc1nc2c(cc(cc2n1Cc1cccc(c1C)C(F)(F)F)N1CCOCC1)C(O)=O,Phase 2,2.0,PI3K inhibitor,PI3-kinase p110-beta subunit inhibitor [INHIBITOR],INHIBITOR,PIK3CB,PIK3CB,1,kinase,kinase,discovery compound,,7967.0,,,,433.161,Selleck,S8002,GSK2636771,91.39,376,5,0,True,331,285,77,0,221,2,True,True,True,False,True,True,True,False,False,False,,
guanidinopropionic-acid,BRD-K50781608-001-02-1,KMXXSJLYVJEBHI-UHFFFAOYSA-N,67701.0,CHEMBL20489,NC(=N)NCCC(O)=O,Phase 2,2.0,creatine kinase inhibitor,,,CKM,CKM,1,kinase,kinase,discovery compound,,,,,,131.069,Sigma,MFCD00045939,N-[amino(imino)methyl]-beta-alanine,0.0,2836,36,11,True,438,444,191,0,332,25,True,True,True,False,True,True,True,False,False,False,,
IOWH032,BRD-K84892605-001-01-1,DSFNLJXHXBIKDS-UHFFFAOYSA-N,135565181.0,CHEMBL4297392,Oc1c(Br)cc(cc1Br)-c1noc(n1)C(=O)NCc1ccc(Oc2ccccc2)cc1,Phase 2,2.0,CFTR channel antagonist,Cystic fibrosis transmembrane conductance regulator inhibitor [INHIBITOR],INHIBITOR,CFTR,CFTR,1,ion channel,ion channel,discovery compound,,,,,,542.943,Selleck,S7329,IOWH032,98.55,25,0,1,False,4,2,3,0,1,0,True,True,True,False,True,False,True,True,False,True,,
KD025,BRD-K88506063-001-02-9,GKHIVNAUVKXIIY-UHFFFAOYSA-N,11950170.0,CHEMBL2005186,CC(C)NC(=O)COc1cccc(c1)-c1nc(Nc2ccc3n[nH]cc3c2)c2ccccc2n1,Phase 2,4.0,rho associated kinase inhibitor,Rho-associated protein kinase 2 inhibitor [INHIBITOR],INHIBITOR,ROCK2,ROCK2,1,kinase; mechanotransduction,kinase,discovery compound,,9558.0,4.6,pIC50,Human,452.196,MedChemEx,HY-15307,SLx-2119,98.4,288,23,2,True,190,165,155,1,142,6,True,True,True,True,True,True,True,False,False,False,,
LY3023414,BRD-K82967180-001-01-6,ACCFLVVUVBJNGT-AWEZNQCLSA-N,57519748.0,CHEMBL4297181,CO[C@@H](C)Cn1c2c(cnc3ccc(cc23)-c2cncc(c2)C(C)(C)O)n(C)c1=O,Phase 2,2.0,mTOR inhibitor|PI3K inhibitor,Serine/threonine-protein kinase mTOR inhibitor [INHIBITOR]; PI3-kinase class I inhibitor [INHIBITOR],INHIBITOR,MTOR,MTOR,1,kinase,kinase,discovery compound,,8918.0,7.1,pIC50,Human,406.2,MedChemEx,HY-12513,LY3023414,96.66,309,13,1,True,271,242,54,0,151,1,True,True,True,False,True,True,True,True,False,True,,
merimepodib,BRD-K09372874-001-01-0,JBPUGFODGPKTDW-SFHVURJKSA-N,153241.0,CHEMBL304087,COc1cc(NC(=O)Nc2cccc(CNC(=O)O[C@H]3CCOC3)c2)ccc1-c1cnco1,Phase 2,2.0,inosine monophosphate dehydrogenase inhibitor,Inosine-5'-monophosphate dehydrogenase 1 inhibitor [INHIBITOR],INHIBITOR,IMPDH1,IMPDH1,1,metabolic,metabolic,discovery compound,,10741.0,8.0,pIC50,Human,452.17,MedChemEx,HY-13986,Merimepodib,98.21,146,4,1,True,70,57,17,0,39,13,True,True,True,False,True,True,True,True,False,True,,
MK-1775,BRD-K54256913-001-08-7,BKWJAKQVGHWELA-UHFFFAOYSA-N,24856436.0,CHEMBL1976040,CN1CCN(CC1)c1ccc(Nc2ncc3c(n2)n(-c2cccc(n2)C(C)(C)O)n(CC=C)c3=O)cc1,Phase 2,2.0,WEE1 kinase inhibitor,Serine/threonine-protein kinase WEE1 inhibitor [INHIBITOR],INHIBITOR,WEE1,WEE1,1,kinase,kinase,discovery compound,,7702.0,8.3,pIC50,Human,500.265,Selleck,S1525,MK-1775,91.74,784,14,4,True,730,624,141,1,239,3,True,True,True,True,True,True,True,False,False,False,,
MLN1117,BRD-K73877023-001-01-9,BLGWHBSBBJNKJO-UHFFFAOYSA-N,70798655.0,CHEMBL3935857,Nc1nc2cc(ccc2o1)-c1ccc2ncc(C(=O)N3CCOCC3)n2c1,Phase 2,2.0,PI3K inhibitor,PI3-kinase p110-alpha subunit inhibitor [INHIBITOR],INHIBITOR,PIK3CA,PIK3CA,1,kinase,kinase,discovery compound,,8969.0,5.0,pIC50,Human,363.133,MedChemEx,HY-12285,MLN1117,97.33,71,1,0,True,65,55,10,0,47,0,True,True,True,False,True,False,True,True,False,True,,
nitecapone,BRD-K75551531-001-01-3,UPMRZALMHVUCIN-UHFFFAOYSA-N,5464105.0,CHEMBL167055,CC(=O)C(=Cc1cc(O)c(O)c(c1)[N+]([O-])=O)C(C)=O,Phase 2,2.0,catechol O methyltransferase inhibitor,,,COMT,COMT,1,epigenetic (selective probe),epigenetic (selective probe),discovery compound,,,,,,265.059,Cayman,18656,"3-(3,4-dihydroxy-5-nitrobenzylidene)-2,4-pentanedione",31.32,153,2,1,True,13,13,12,0,25,1,True,True,True,False,True,True,True,True,False,True,,
NVP-DPP728,BRD-K77396579-300-01-0,VFFZWMWTUSXDCB-ZDUSSCGKSA-N,9796290.0,CHEMBL4567342,O=C(CNCCNc1ccc(cn1)C#N)N1CCC[C@H]1C#N,Phase 2,,dipeptidyl peptidase inhibitor,,,DPP4,DPP4,1,protease,protease,discovery compound,,,,,,298.154,Tocris,3506,NVP DPP 728 dihydrochloride,92.57,54,3,0,True,19,20,6,0,15,0,True,True,True,False,True,False,True,True,False,True,,
ONC201,BRD-K58529924-001-02-3,VLULRUCCHYVXOH-UHFFFAOYSA-N,73777259.0,CHEMBL4297310,"Cc1ccccc1CN1C2=NCCN2C2=C(CN(Cc3ccccc3)CC2)C1=O |t:10,16|",Phase 2,3.0,AKT inhibitor|MAP kinase inhibitor,Unknown [None],,TNFSF10,TNFSF10,1,kinase,kinase,discovery compound,,9978.0,,,,386.211,Selleck,S7963,TIC10,98.82,1408,28,2,True,938,961,175,2,430,10,True,True,True,True,True,True,True,False,False,False,,
PD-0325901,BRD-K49865102-001-08-4,SUDAHWBOROXANE-SECBINFHSA-N,9826528.0,CHEMBL540501,OC[C@@H](O)CONC(=O)c1ccc(F)c(F)c1Nc1ccc(I)cc1F,Phase 2,,MEK inhibitor,,,MAP2K1,MAP2K1,1,kinase,kinase,discovery compound,,7935.0,8.1,pIC50,Human,481.995,Selleck,S1036,PD0325901,95.2,4238,73,14,True,1650,1303,464,2,1120,14,True,True,True,True,True,True,True,True,False,True,,
R-428,BRD-K14870255-001-02-3,KXMZDGSRSGHMMK-VWLOTQADSA-N,46215462.0,CHEMBL5834834,Nc1nc(Nc2ccc3CC[C@@H](CCc3c2)N2CCCC2)nn1-c1cc2CCCc3ccccc3-c2nn1,Phase 2,,AXL kinase inhibitor,,,AXL,AXL,1,kinase,kinase,discovery compound,,10478.0,7.8,pIC50,Human,506.291,MedChemEx,HY-15150,R428,88.26,227,10,3,True,29,20,16,0,41,3,True,True,True,False,True,True,True,False,False,False,,
radafaxine,BRD-K13394247-003-01-4,RCOBKSKAZMVBHT-TVQRCGJNSA-N,9795056.0,CHEMBL2107365,C[C@@H]1NC(C)(C)CO[C@@]1(O)c1cccc(Cl)c1,Phase 2,-1.0,dopamine-norepinephrine reuptake inhibitor,,,SLC6A3,SLC6A3,1,transporter,transporter,discovery compound,,,,,,255.103,MedChemEx,HY-17590,Radafaxine (hydrochloride),92.33,61,0,0,False,1,2,0,0,13,0,True,True,False,False,True,False,True,True,False,True,,
RG4733,BRD-K22024824-001-03-7,OJPLJFIFUQPSJR-INIZCTEOSA-N,49867930.0,CHEMBL4297422,CC(C)(C(=O)NCC(F)(F)C(F)(F)F)C(=O)N[C@H]1c2ccccc2-c2ccccc2NC1=O,Phase 2,2.0,gamma secretase inhibitor,Gamma-secretase inhibitor [INHIBITOR],INHIBITOR,PSEN1,PSEN1,1,protease,protease,discovery compound,,7338.0,8.4,pIC50,Human,469.142,MedChemEx,HY-11102,RO4929097,98.56,1,0,0,False,1,1,1,0,1,0,True,True,True,False,True,False,True,True,False,True,,
salirasib,BRD-K98453471-001-03-9,WUILNKCFCLNXOK-CFBAGHHKSA-N,5469318.0,CHEMBL23293,CC(C)=CCC\C(C)=C\CC\C(C)=C\CSc1ccccc1C(O)=O,Phase 2,2.0,mTOR inhibitor,RAS inhibitor [INHIBITOR],INHIBITOR,TRPA1,TRPA1,1,kinase,kinase,discovery compound,,6281.0,5.3,pEC50,Human,358.197,Tocris,4989,Salirasib,97.66,357,15,1,True,288,245,81,1,143,5,True,True,True,True,True,True,True,False,False,False,,
salvianolic-acid-B,BRD-K18898553-001-01-1,SNKFFCBZYFGCQN-PDVBOLEISA-N,11629084.0,CHEMBL541265,OC(=O)[C@@H](Cc1ccc(O)c(O)c1)OC(=O)\C=C\c1ccc(O)c2O[C@H]([C@H](C(=O)O[C@H](Cc3ccc(O)c(O)c3)C(O)=O)c12)c1ccc(O)c(O)c1,Phase 2,,EGFR inhibitor|metalloproteinase inhibitor,,,MMP9,MMP9,1,protease,protease,discovery compound,,,,,,718.153,AvaChem,1069,"(2R)-2-({(2E)-3-[(2R,3R)-3-({[(1R)-1-carboxy-2-(3,4-dihydroxyphenyl)ethyl]oxy}carbonyl)-2-(3,4-dihydroxyphenyl)-7-hydroxy-2,3-dihydro-1-benzofuran-4-yl]-2-propenoyl}oxy)-3-(3,4-dihydroxyphenyl)propano",95.4,4371,284,23,True,1951,2218,1281,6,1990,35,True,True,True,True,True,True,True,True,False,True,,
sarcosine,BRD-K51263939-001-08-6,FSYKKLYZXJSNPZ-UHFFFAOYSA-N,7311726.0,CHEMBL304383,CNCC(O)=O,Phase 2,2.0,glycine transporter inhibitor,,,SLC6A9,SLC6A9,1,transporter,transporter,discovery compound,,12598.0,,,,89.048,Enamine,Z104480276,,86.26,16947,294,56,True,4027,3299,1617,12,2454,113,True,True,True,True,True,True,True,False,False,False,,
SAR407899,BRD-K56912469-003-02-0,IPEXHQGMTHOKQV-UHFFFAOYSA-N,15604510.0,CHEMBL3545341,O=c1[nH]ccc2cc(OC3CCNCC3)ccc12,Phase 2,2.0,rho associated kinase inhibitor,Rho-associated protein kinase inhibitor [INHIBITOR],INHIBITOR,ROCK1,ROCK1,1,kinase; mechanotransduction,kinase,discovery compound,,8910.0,6.6,pIC50,Human,244.121,MedChemEx,HY-15687,SAR407899 (hydrochloride),94.32,51,1,2,True,32,34,25,0,46,0,True,True,True,False,True,False,True,True,False,True,,
SC-12267,BRD-K40797222-001-01-8,XPRDUGXOWVXZLL-UHFFFAOYSA-N,9820008.0,CHEMBL1397913,COc1cccc(c1)-c1ccc(NC(=O)C2=C(CCC2)C(O)=O)c(F)c1 |t:16|,Phase 2,,dihydroorotate dehydrogenase inhibitor,,,IL17A,IL17A,1,metabolic,metabolic,discovery compound,,,,,,355.122,MedChemEx,HY-14908,Vidofludimus,98.78,1,0,0,False,0,0,0,0,0,0,False,False,False,False,False,False,True,True,False,False,,
SRT2104,BRD-K48452630-001-01-8,LAMQVIQMVKWXOC-UHFFFAOYSA-N,25108829.0,CHEMBL4297436,Cc1nc(sc1C(=O)Nc1ccccc1-c1cn2c(CN3CCOCC3)csc2n1)-c1cccnc1,Phase 2,2.0,SIRT activator,NAD-dependent deacetylase sirtuin 1 activator [ACTIVATOR],ACTIVATOR,SIRT1,SIRT1,1,epigenetic (selective probe),epigenetic (selective probe),discovery compound,,9515.0,,,,516.14,Selleck,S7792,SRT2104 (GSK2245840),99.71,506,78,2,True,347,373,165,6,273,3,True,True,True,True,True,True,True,True,False,True,,
STA-5326,BRD-K41783120-001-02-8,HSKAZIJJKRAJAV-KOEQRZSOSA-N,10173277.0,CHEMBL4297643,Cc1cccc(\C=N\Nc2cc(nc(OCCc3ccccn3)n2)N2CCOCC2)c1,Phase 2,2.0,interleukin synthesis inhibitor,1-phosphatidylinositol 3-phosphate 5-kinase inhibitor [INHIBITOR],INHIBITOR,IL12A,IL12A,1,growth factor / cytokine,growth factor / cytokine,discovery compound,,9859.0,7.2,pKd,Human,418.212,MedChemEx,HY-14644,Apilimod,98.13,57,10,0,True,35,35,21,0,20,3,True,True,True,False,True,True,True,False,False,False,,
succinylsulfathiazole,BRD-K01950558-001-14-7,SKVLYVHULOWXTD-UHFFFAOYSA-N,5315.0,CHEMBL1484857,OC(=O)CCC(=O)Nc1ccc(cc1)S(=O)(=O)Nc1nccs1,Phase 2,2.0,dihydrofolate reductase inhibitor,,,DHFR,DHFR,1,metabolic,metabolic,discovery compound,,,,,,355.03,MicroSource,1502025,SUCCINYLSULFATHIAZOLE,96.18,261,7,2,True,53,41,13,0,41,12,True,True,True,False,True,True,True,True,False,True,,
timofibrate,BRD-A64406146-001-01-2,QSNOWCXXECLALL-LLVKDONJSA-N,51371472.0,CHEMBL2106730,"CC(C)(Oc1ccc(Cl)cc1)C(=O)N1CSC[C@@H]1C(O)=O |&1:17,r|",Phase 2,2.0,cholesterol inhibitor|lipase clearing factor inhibitor,,,LPL,LPL,1,metabolic,metabolic,discovery compound,,,,,,329.049,Enamine,Z398944758,,98.06,1,0,0,False,1,1,0,0,1,0,True,True,False,False,True,False,True,False,False,False,,
TNP-470,BRD-K53597484-001-02-7,MSHZHSPISPJWHW-PVDLLORBSA-N,369976.0,CHEMBL5308449,CO[C@@H]1[C@@H](CC[C@]2(CO2)[C@H]1[C@@]1(C)O[C@@H]1CC=C(C)C)OC(=O)NC(=O)CCl,Phase 2,,methionine aminopeptidase inhibitor,,,METAP2,METAP2,1,protease,protease,discovery compound,,,,,,401.161,Sigma,MFCD00870281,"(3R,4S,5S,6R)-5-methoxy-4-[(2R,3R)-2-methyl-3-(3-methyl-2-butenyl)-2-oxiranyl]-1-oxaspiro[2.5]oct-6-yl chloroacetylcarbamate",75.74,1161,102,16,True,726,522,400,6,1045,46,True,True,True,True,True,True,True,True,False,True,,
verinurad,BRD-K36741660-001-01-1,YYBOLPLTQDKXPM-UHFFFAOYSA-N,54767229.0,CHEMBL3707347,CC(C)(Sc1ccncc1-c1ccc(C#N)c2ccccc12)C(O)=O,Phase 2,2.0,urate transporter inhibitor,Solute carrier family 22 member 12 inhibitor [INHIBITOR],INHIBITOR,SLC22A12,SLC22A12,1,transporter,transporter,discovery compound,,9327.0,,,,348.093,MedChemEx,HY-16733,Verinurad,98.04,133,9,1,True,26,31,17,0,52,1,True,True,True,False,True,True,True,True,False,True,,
VX-765,BRD-K78430341-001-02-5,SJDDOCKBXFJEJB-MOKWFATOSA-N,11398092.0,CHEMBL4303359,CCO[C@@H]1OC(=O)C[C@@H]1NC(=O)[C@@H]1CCCN1C(=O)[C@@H](NC(=O)c1ccc(N)c(Cl)c1)C(C)(C)C,Phase 2,,caspase inhibitor,,,CASP1,CASP1,1,protease,protease,discovery compound,,9035.0,,,,508.209,Selleck,S2228,VX-765,97.92,1345,93,6,True,732,1317,363,3,622,16,True,True,True,True,True,True,True,True,False,False,,
amuvatinib,BRD-K66538826-001-07-2,FOFDIMHVKGYHRU-UHFFFAOYSA-N,11282283.0,CHEMBL2103851,S=C(NCc1ccc2OCOc2c1)N1CCN(CC1)c1ncnc2c3ccccc3oc12,Phase 2,2.0,FLT3 inhibitor|KIT inhibitor|PDGFR tyrosine kinase receptor inhibitor|RAD51 inhibitor|RET tyrosine kinase inhibitor,Tyrosine-protein kinase receptor FLT3 inhibitor [INHIBITOR]; Stem cell growth factor receptor inhibitor [INHIBITOR]; Hepatocyte growth factor receptor inhibitor [INHIBITOR]; Platelet-derived growth factor receptor alpha inhibitor [INHIBITOR],INHIBITOR,KIT|MET,KIT,2,kinase; growth factor / cytokine,kinase,discovery compound,,7932.0,,,,447.137,Selleck,S1244,Amuvatinib (MP-470),97.82,226,3,0,True,180,151,52,0,113,1,True,True,True,False,True,True,True,False,False,False,,
AS-703026,BRD-K89014967-001-05-9,VIUAUNHCRHHYNE-JTQLQIEISA-N,44187362.0,CHEMBL2107832,OC[C@@H](O)CNC(=O)c1ccncc1Nc1ccc(I)cc1F,Phase 2,2.0,MEK inhibitor,Dual specificity mitogen-activated protein kinase kinase 1 inhibitor [INHIBITOR]; Dual specificity mitogen-activated protein kinase kinase 2 inhibitor [INHIBITOR],INHIBITOR,MAP2K1|MAP2K2,MAP2K1,2,kinase,kinase,discovery compound,,7872.0,,,,431.014,MedChemEx,HY-12042,Pimasertib,97.12,78,3,0,True,64,58,24,0,39,0,True,True,True,False,True,False,True,True,False,True,,
atiprimod,BRD-K38527262-300-01-0,SERHTTSLBVGRBY-UHFFFAOYSA-N,129869.0,CHEMBL3215883,CCCC1(CCC)CCC2(CCN(CCCN(CC)CC)C2)CC1,Phase 2,-1.0,JAK inhibitor|STAT inhibitor,,,JAK2|STAT3,JAK2,2,kinase,kinase,discovery compound,,,,,,336.35,Tocris,4580,"3-(8,8-dipropyl-2-azaspiro[4.5]decan-2-yl)-N,N-diethylpropan-1-amine dihydrochloride",100.0,102,7,2,True,86,81,34,0,62,4,True,True,True,False,True,True,True,True,False,False,,
AVL-292,BRD-K87782578-001-03-9,KXBDTLQSDKGAEB-UHFFFAOYSA-N,59174488.0,CHEMBL3301625,COCCOc1ccc(Nc2ncc(F)c(Nc3cccc(NC(=O)C=C)c3)n2)cc1,Phase 2,2.0,Bruton's tyrosine kinase (BTK) inhibitor,,,BTK|YES1,BTK,2,kinase,kinase,discovery compound,,7837.0,9.3,pIC50,Human,423.171,MedChemEx,HY-18012,Spebrutinib,97.44,99,13,2,True,81,75,33,0,40,4,True,True,True,False,True,True,True,True,False,True,,
BIO-1211,BRD-K03399463-001-01-6,NVVGCQABIHSJSQ-KFZSMJGVSA-N,9961766.0,CHEMBL4303683,CC(C)C[C@H](NC(=O)Cc1ccc(NC(=O)Nc2ccccc2C)cc1)C(=O)N[C@@H](CC(O)=O)C(=O)N[C@@H](C(C)C)C(=O)N1CCC[C@H]1C(O)=O,Phase 2,,integrin antagonist,,,ITGA4|ITGB1,ITGA4,2,mechanotransduction,mechanotransduction,discovery compound,,6589.0,8.3 - 9.0,pIC50,Human,708.348,Tocris,3910,(2S)-1-((2S)-2-{[(2S)-3-carboxy-2-({(2S)-4-methyl-2-[({4-[(2-toluidinocarbonyl)amino]phenyl}acetyl)amino]pentanoyl}amino)propanoyl]amino}-3-methylbutanoyl)-2-pyrrolidinecarboxylic acid,93.1,47,1,0,True,12,14,14,0,23,0,True,True,True,False,True,False,True,True,False,True,,
BMS-587101,BRD-K20093108-001-02-3,NXNKJLOEGWSJGI-BKMJKUGQSA-N,11635371.0,CHEMBL214529,CN1C(=O)N(C(=O)[C@]11CN(Cc2cc(cs2)C(O)=O)C[C@H]1c1ccc(cc1)C#N)c1cc(Cl)cc(Cl)c1,Phase 2,,integrin antagonist,,,ITGAL|ITGB2,ITGAL,2,mechanotransduction,mechanotransduction,discovery compound,,,,,,554.058,Key,HE-0001,"5-{[(5S,9R)-9-(4-cyanophenyl)-3-(3,5-dichlorophenyl)-1-methyl-2,4-dioxo-1,3,7-triazaspiro[4.4]non-7-yl]methyl}-3-thiophenecarboxylic acid",92.65,15,1,0,True,12,7,10,0,9,0,True,True,True,False,True,False,True,False,False,False,,
BMS-754807,BRD-K13049116-001-03-2,LQVXSNNAFNGRAH-QHCPKHFHSA-N,24785538.0,CHEMBL575448,C[C@]1(CCCN1c1nc(Nc2cc(n[nH]2)C2CC2)c2cccn2n1)C(=O)Nc1ccc(F)nc1,Phase 2,2.0,IGF-1 inhibitor,Insulin-like growth factor I receptor inhibitor [INHIBITOR]; Insulin receptor inhibitor [INHIBITOR],INHIBITOR,AKT1|IGF1R,AKT1,2,growth factor / cytokine,growth factor / cytokine,ASSAY CONTROL ONLY - canonical pathway,GH / IGF signalling,7952.0,8.7,pIC50,Human,461.209,Selleck,S1124,BMS-754807,96.93,732,18,1,True,633,525,229,2,359,3,True,True,True,True,True,True,True,False,False,False,,
CUDC-907,BRD-K77638923-001-03-9,JOWXJLIFIIOYMS-UHFFFAOYSA-N,54575456.0,CHEMBL3622533,COc1ccc(cn1)-c1nc(N2CCOCC2)c2sc(CN(C)c3ncc(cn3)C(=O)NO)cc2n1,Phase 2,2.0,PI3K inhibitor,PI3-kinase p110-delta subunit inhibitor [INHIBITOR]; PI3-kinase p110-beta subunit inhibitor [INHIBITOR]; PI3-kinase p110-alpha subunit inhibitor [INHIBITOR]; Histone deacetylase inhibitor [INHIBITOR],INHIBITOR,HDAC2|PIK3R1,HDAC2,2,kinase,kinase,discovery compound,,8952.0,8.8,pIC50,Human,508.164,MedChemEx,HY-13522,Fimepinostat,95.45,517,28,2,True,442,419,113,1,252,10,True,True,True,True,True,True,True,True,False,True,,
EW-7197,BRD-K74396648-001-01-4,FJCDSQATIJKQKA-UHFFFAOYSA-N,54766013.0,CHEMBL3260567,Cc1cccc(n1)-c1nc(CNc2ccccc2F)[nH]c1-c1ccc2ncnn2c1,Phase 2,2.0,TGF beta receptor inhibitor,TGF-beta receptor type I inhibitor [INHIBITOR],INHIBITOR,ACVR1B|TGFBR1,ACVR1B,2,growth factor / cytokine,growth factor / cytokine,discovery compound,,8107.0,8.0,pIC50,Human,399.161,Selleck,S7530,EW-7197,89.86,176,13,0,True,136,110,125,0,98,3,True,True,True,False,True,True,True,False,False,False,,
LY2784544,BRD-K25630527-001-03-8,SQSZANZGUXWJEA-UHFFFAOYSA-N,46213929.0,CHEMBL2107823,Cc1cc(Nc2cc(CN3CCOCC3)c3nc(C)c(Cc4ccc(Cl)cc4F)n3n2)[nH]n1,Phase 2,2.0,JAK inhibitor,Tyrosine-protein kinase JAK2 inhibitor [INHIBITOR],INHIBITOR,JAK2|JAK3,JAK2,2,kinase,kinase,discovery compound,,7909.0,7.3,pIC50,Human,469.179,Selleck,S2179,LY2784544,97.67,130,7,0,True,101,85,29,0,54,2,True,True,True,False,True,True,True,True,False,True,,
CH-5183284,BRD-K11683436-001-01-7,BEMNJULZEQTDJY-UHFFFAOYSA-N,66555680.0,CHEMBL4303231,Cc1nc2ccc(cc2[nH]1)-n1ncc(C(=O)c2cc3ccccc3[nH]2)c1N,Phase 2,,fibroblast growth factor inhibitor,,,FGFR1|FGFR2|FGFR3,FGFR1,3,growth factor / cytokine,growth factor / cytokine,ASSAY CONTROL ONLY - canonical pathway,FGFR3 inhibition,,,,,356.139,Selleck,S7665,CH5183284 (Debio-1347),98.42,5,1,0,True,4,4,3,0,3,0,True,True,True,False,True,False,True,True,False,True,,
emricasan,BRD-K00023644-001-01-9,SCVHJVCATBPIHN-SJCJKPOMSA-N,12000240.0,CHEMBL197672,C[C@H](NC(=O)C(=O)Nc1ccccc1C(C)(C)C)C(=O)N[C@@H](CC(O)=O)C(=O)COc1c(F)c(F)cc(F)c1F,Phase 2,2.0,caspase inhibitor,Caspase inhibitor [INHIBITOR],INHIBITOR,CASP1|CASP3|CASP7,CASP1,3,protease,protease,discovery compound,,6508.0,8.3,pKi,Human,569.179,Cayman,22204,Emricasan,89.04,938,23,3,True,547,855,359,1,380,26,True,True,True,True,True,True,True,True,False,True,,
I-BET-762,BRD-K08109215-001-06-4,AAAQFGUYHFJNHI-SFHVURJKSA-N,46943432.0,CHEMBL5795569,CCNC(=O)C[C@@H]1N=C(c2ccc(Cl)cc2)c2cc(OC)ccc2-n2c(C)nnc12 |t:7|,Phase 2,,bromodomain inhibitor,,,BRD2|BRD3|BRD4,BRD2,3,epigenetic (selective probe),epigenetic (selective probe),discovery compound,,7033.0,7.5,pIC50,Human,423.146,Selleck,S7189,I-BET-762,97.76,304,14,1,True,274,216,84,2,116,2,True,True,True,True,True,True,True,False,False,False,,
tosedostat,BRD-K92241597-001-06-0,FWFGIHPGRQZWIW-SQNIBIBYSA-N,15547703.0,CHEMBL2103847,CC(C)C[C@H]([C@H](O)C(=O)NO)C(=O)N[C@H](C(=O)OC1CCCC1)c1ccccc1,Phase 2,2.0,peptidase inhibitor,Aminopeptidase inhibitor [INHIBITOR],INHIBITOR,ANPEP|LAP3|NPEPPS,ANPEP,3,protease,protease,discovery compound,,,,,,406.21,Tocris,3595,CHR 2797,93.96,184,6,0,True,109,94,45,0,74,3,True,True,True,False,True,True,True,True,False,True,,
trofinetide,BRD-K83502127-001-01-6,JJGBXTYGTKWGAT-YUMQZZPRSA-N,3080768.0,CHEMBL197084,NCC(=O)N1CCC[C@H]1C(=O)N[C@@H](CCC(O)=O)C(O)=O,Phase 2,4.0,cytokine production inhibitor,Unknown [None],,IFNG|IL6|TNF,IFNG,3,growth factor / cytokine,growth factor / cytokine,discovery compound,,12482.0,,,,301.127,Sigma,MFCD00144405,(2S)-2-({[(2S)-1-(aminoacetyl)-2-pyrrolidinyl]carbonyl}amino)pentanedioic acid,44.1,253,7,1,True,54,64,26,0,44,1,True,True,True,False,True,True,True,False,False,False,,
apratastat,BRD-K06883221-001-02-9,MAVDNGWEBZTACC-HNNXBMFYSA-N,11452716.0,CHEMBL3392650,CC1(C)SCCN([C@H]1C(=O)NO)S(=O)(=O)c1ccc(OCC#CCO)cc1,Phase 2,,matrix metalloprotease inhibitor|tumor necrosis factor production inhibitor,,,ADAM17|MMP1|MMP13|MMP9,ADAM17,4,protease,protease,discovery compound,,6482.0,7.5,pIC50,Human,414.092,Sigma,MFCD13152357,Apratastat,100.0,58,10,1,True,38,37,26,1,33,3,True,True,True,True,True,True,True,True,False,True,,
ATN-161,BRD-K00521308-019-01-9,MMHDBUJXLOFTLC-WOYTXXSLSA-N,9960285.0,CHEMBL4297456,CC(=O)N1CCC[C@H]1C(=O)N[C@@H](Cc1cnc[nH]1)C(=O)N[C@@H](CO)C(=O)N[C@@H](CS)C(=O)N[C@@H](CC(N)=O)C(N)=O,Phase 2,2.0,integrin antagonist,Integrin alpha-5/beta-1 antagonist [ANTAGONIST]; Integrin alpha-V/beta-3 antagonist [ANTAGONIST],ANTAGONIST,ITGA5|ITGAV|ITGB1|ITGB3,ITGA5,4,mechanotransduction,mechanotransduction,discovery compound,,,,,,597.233,MedChemEx,HY-13535A,ATN-161 (trifluoroacetate salt),93.15,420,40,2,True,311,268,321,3,315,2,True,True,True,True,True,True,True,False,False,False,,
JTE-607,BRD-K81405859-300-01-4,IPSSXIMJJXSJQB-FQEVSTJZSA-N,9938545.0,CHEMBL4303719,CCOC(=O)[C@H](Cc1ccccc1)NC(=O)c1cc(Cl)c(OCCN2CCN(C)CC2)c(Cl)c1O,Phase 2,,cytokine production inhibitor,,,IL10|IL1B|IL6|TNF,IL10,4,growth factor / cytokine,growth factor / cytokine,discovery compound,,,,,,523.164,Tocris,5185,"ethyl (3,5-dichloro-2-hydroxy-4-(2-(4-methylpiperazin-1-yl)ethoxy)benzoyl)-L-phenylalaninate dihydrochloride",98.12,71,2,0,True,45,34,9,0,13,1,True,True,True,False,True,True,True,False,False,False,,
mocetinostat,BRD-K16485616-001-08-9,HRNLUBSXIHFDHP-UHFFFAOYSA-N,9865515.0,CHEMBL272980,Nc1ccccc1NC(=O)c1ccc(CNc2nccc(n2)-c2cccnc2)cc1,Phase 2,2.0,HDAC inhibitor,Histone deacetylase 1 inhibitor [INHIBITOR]; Histone deacetylase 2 inhibitor [INHIBITOR]; Histone deacetylase 3 inhibitor [INHIBITOR]; Histone deacetylase 11 inhibitor [INHIBITOR]; Histone deacetylase 8 inhibitor [INHIBITOR],INHIBITOR,HDAC1|HDAC11|HDAC2|HDAC3,HDAC1,4,epigenetic (selective probe),epigenetic (selective probe),discovery compound,,7008.0,7.5,pKi,Human,396.17,Selleck,S1122,Mocetinostat (MGCD0103),96.2,1168,32,2,True,950,950,278,4,537,16,True,True,True,True,True,True,True,True,False,True,,
pivanex,BRD-K20504455-001-01-0,GYKLFBYWXZYSOW-UHFFFAOYSA-N,60748.0,CHEMBL100014,CCCC(=O)OCOC(=O)C(C)(C)C,Phase 2,2.0,HDAC inhibitor,,,HDAC1|HDAC2|HDAC3|HDAC8,HDAC1,4,epigenetic (selective probe),epigenetic (selective probe),discovery compound,,,,,,202.121,Sigma,MFCD00209896,"[(2,2-dimethylpropanoyl)oxy]methyl butyrate",0.0,95,7,0,True,81,84,15,2,60,5,True,True,True,True,True,True,True,True,False,True,,
resminostat,BRD-K28822270-003-04-9,FECGNJPYVFEKOD-VMPITWQZSA-N,11609955.0,CHEMBL5715920,CN(C)Cc1ccc(cc1)S(=O)(=O)n1ccc(\C=C\C(=O)NO)c1,Phase 2,,HDAC inhibitor,,,HDAC1|HDAC3|HDAC6|HDAC8,HDAC1,4,epigenetic (selective probe),epigenetic (selective probe),discovery compound,,7502.0,6.1,pIC50,Human,349.11,MedChemEx,HY-14718A,Resminostat (hydrochloride),94.62,391,11,1,True,323,322,83,1,224,7,True,True,True,True,True,True,True,True,False,True,,
2-deoxyglucose,BRD-K97808269-001-02-7,PMMURAAUARKVCB-ZXXMMSQZSA-N,9062.0,CHEMBL4303562,OC[C@H]1O[C@H](O)C[C@@H](O)[C@@H]1O,Phase 2,,glycolysis inhibitor,,,SLC2A1|SLC2A2|SLC2A3|SLC2A4,SLC2A1,4,transporter; metabolic,transporter,discovery compound,,4643.0,,,,164.068,Enzo,AC1512,2-Deoxyglucose,100.0,23077,589,125,True,8540,7891,2949,23,5599,108,True,True,True,True,True,True,True,False,False,False,,
andrographolide,BRD-K89282837-001-04-9,BOJKULTULYSRAS-OTESTREVSA-N,5318517.0,CHEMBL186141,C[C@@]1(CO)[C@H](O)CC[C@@]2(C)[C@H](C\C=C3/[C@H](O)COC3=O)C(=C)CC[C@H]12,Phase 2,3.0,tumor necrosis factor production inhibitor,,,IL1B|IL6|NFKB1|NFKB2|TNF,IL1B,5,growth factor / cytokine,growth factor / cytokine,discovery compound,,9675.0,4.0,pEC50,Human,350.209,Tocris,4626,Andrographolide,92.89,5132,302,24,True,2390,2535,1083,8,1761,76,True,True,True,True,True,True,True,True,False,True,,
CTS-1027,BRD-K53508936-001-02-8,ROSNVSQTEGHUKU-UHFFFAOYSA-N,3342298.0,CHEMBL440498,ONC(=O)C1(CS(=O)(=O)c2ccc(Oc3ccc(Cl)cc3)cc2)CCOCC1,Phase 2,2.0,metalloproteinase inhibitor,Matrix metalloproteinase 3 inhibitor [INHIBITOR]; Matrix metalloproteinase 14 inhibitor [INHIBITOR]; Matrix metalloproteinase 8 inhibitor [INHIBITOR]; Matrix metalloproteinase 9 inhibitor [INHIBITOR]; Matrix metalloproteinase 12 inhibitor [INHIBITOR]; Matrix metalloproteinase 13 inhibitor [INHIBITOR]; Matrix metalloproteinase-2 inhibitor [INHIBITOR],INHIBITOR,MMP1|MMP13|MMP2|MMP3|MMP9,MMP1,5,protease,protease,discovery compound,,,,,,425.07,MedChemEx,HY-10398,CTS-1027,97.14,22,2,0,True,9,12,15,0,8,0,True,True,True,False,True,False,True,True,False,True,,
talmapimod,BRD-K17555800-003-01-5,ZMELOYOKMZBMRB-DLBZAZTESA-N,9871074.0,CHEMBL514201,C[C@H]1CN([C@H](C)CN1Cc1ccc(F)cc1)C(=O)c1cc2c(cn(C)c2cc1Cl)C(=O)C(=O)N(C)C,Phase 2,2.0,p38 MAPK inhibitor,MAP kinase p38 alpha inhibitor [INHIBITOR],INHIBITOR,IL1B|MAPK11|MAPK14|MT-CO2|TNF,IL1B,5,growth factor / cytokine,growth factor / cytokine,discovery compound,,7817.0,8.1,pIC50,Human,512.199,Tocris,3528,SCIO 469 hydrochloride,98.07,52,9,1,True,36,36,18,0,28,1,True,True,True,False,True,True,True,True,False,True,,
VX-702,BRD-K07736136-001-04-6,FYSRKRZDBHOFAY-UHFFFAOYSA-N,10341154.0,CHEMBL1090090,NC(=O)N(c1ccc(C(N)=O)c(n1)-c1ccc(F)cc1F)c1c(F)cccc1F,Phase 2,2.0,p38 MAPK inhibitor,MAP kinase p38 alpha inhibitor [INHIBITOR],INHIBITOR,IL1B|IL6|MAPK11|MAPK12|MAPK14|TNF,IL1B,6,growth factor / cytokine,growth factor / cytokine,discovery compound,,6059.0,8.4,pKd,Human,404.09,Selleck,S6005,VX-702,93.86,252,31,2,True,164,164,93,3,101,1,True,True,True,True,True,True,True,True,False,True,,
JNJ-26481585,BRD-K83837640-001-05-9,PAWIYAYFNXQGAP-UHFFFAOYSA-N,11538455.0,CHEMBL2105763,Cn1cc(CNCC2CCN(CC2)c2ncc(cn2)C(=O)NO)c2ccccc12,Phase 2,2.0,HDAC inhibitor,Histone deacetylase inhibitor [INHIBITOR],INHIBITOR,HDAC1|HDAC10|HDAC11|HDAC2|HDAC3|HDAC4|HDAC5|HDAC6|HDAC7|HDAC8|HDAC9|MDM2,HDAC1,12,epigenetic (selective probe),epigenetic (selective probe),discovery compound,,7503.0,6.9,pIC50,Human,394.212,MedChemEx,HY-15433,Quisinostat,94.04,210,13,1,True,160,157,44,2,95,3,True,True,True,True,True,True,True,True,False,True,,
ABBV-744,BRD-K00003108-001-01-9,LQPFCYWRBQRRGE-UHFFFAOYSA-N,,CHEMBL5265827,CCNC(=O)c1cc2c(cn(C)c(O)c2n1)-c1cc(ccc1Oc1c(C)cc(F)cc1C)C(C)(C)O,Phase 1,,bromodomain inhibitor,,,,,0,epigenetic (selective probe),epigenetic (selective probe),discovery compound,,10730.0,,,,491.222,MedChemEx,HY-112090,ABBV-744,93.59,205,8,0,True,174,133,44,0,64,4,True,True,True,False,True,True,True,True,False,True,,
AZD5153,BRD-K00003528-457-01-9,RSMYFSPOTCDHHJ-GOSISDBHSA-N,118693659.0,CHEMBL4078100,[H][C@]1(C)N(CCOc2ccc(cc2)C2CCN(CC2)c2ccc3nnc(OC)n3n2)CCN(C)C1=O |r|,Phase 1,1.0,bromodomain inhibitor,,,,,0,epigenetic (selective probe),epigenetic (selective probe),discovery compound,,,,,,479.264,MedChemEx,HY-100653A,AZD5153 (6-Hydroxy-2-naphthoic acid),92.79,319,19,2,True,296,249,86,1,124,3,True,True,True,True,True,True,True,True,False,True,,
AZD7986,BRD-K00003398-001-01-9,AEXFXNFMSAAELR-RXVVDRJESA-N,118253852.0,CHEMBL3900409,Cn1c2cc(ccc2oc1=O)-c1ccc(C[C@H](NC(=O)[C@@H]2CNCCCO2)C#N)cc1,Phase 1,3.0,dipeptidyl peptidase inhibitor,Dipeptidyl peptidase I inhibitor [INHIBITOR],INHIBITOR,,,0,protease,protease,discovery compound,,9412.0,7.6,pIC50,Mouse,420.18,MedChemEx,HY-101056,AZD7986,95.46,71,6,0,True,37,40,40,0,41,0,True,True,True,False,True,False,True,True,False,True,,
BMS-299897,BRD-K02950022-001-02-9,IZAOBRWCUGOKNH-OAHLLOKOSA-N,11249248.0,CHEMBL247471,C[C@@H](N(c1cc(F)ccc1F)S(=O)(=O)c1ccc(Cl)cc1)c1ccc(F)cc1CCCC(O)=O,Phase 1,,gamma secretase inhibitor,,,,,0,protease,protease,discovery compound,,,,,,511.083,EMDBio,565793-5MG,"gamma-Secretase Inhibitor XXIV, BMS299897",97.26,47,0,2,False,12,20,4,0,12,0,True,True,True,False,True,False,True,True,False,True,,
BMS-779788,BRD-K00003305-001-01-9,JLPURTXCSILYLW-UHFFFAOYSA-N,59251511.0,CHEMBL3360975,CC(C)(O)c1cn(c(n1)C(C)(C)c1ccccc1Cl)-c1ccc(cc1)-c1cccc(c1)S(C)(=O)=O,Phase 1,1.0,LXR agonist,LXR-beta agonist [AGONIST],AGONIST,,,0,nuclear receptor,nuclear receptor,discovery compound,,,,,,508.159,MedChemEx,HY-19919,BMS-779788,88.43,22,2,0,True,8,10,7,0,11,0,True,True,True,False,True,False,True,True,False,True,,
BMS-906024,BRD-K29343434-001-02-9,AYOUDDAETNMCBW-GSHUGGBRSA-N,66550890.0,CHEMBL4297269,CN1c2ccccc2C(=N[C@H](NC(=O)[C@H](CCC(F)(F)F)[C@H](CCC(F)(F)F)C(N)=O)C1=O)c1ccccc1 |c:9|,Phase 1,2.0,gamma secretase inhibitor,,,,,0,protease,protease,discovery compound,,,,,,556.191,Sigma,BM0018,"(2R,3S)-N1-((S)-1-methyl-2-oxo-5-phenyl-2,3-dihydro-1H-benzo[e][1,4]diazepin-3-yl)-2,3-bis(3,3,3-trifluoropropyl)succinamide",96.07,122,7,0,True,104,92,44,0,79,4,True,True,True,False,True,True,True,True,False,True,,
cbl0137,BRD-K00003273-003-01-9,JKCSODVERGVDLT-UHFFFAOYSA-N,44519124.0,CHEMBL4640631,CC(C)NCCn1c2ccc(cc2c2cc(ccc12)C(C)=O)C(C)=O,Phase 1,,histone chaperone inhibitor,,,,,0,epigenetic (selective probe),epigenetic (selective probe),discovery compound,,,,,,336.184,MedChemEx,HY-18935A,CBL0137 hydrochloride,94.17,395,17,1,True,307,321,71,2,120,0,True,True,True,True,True,False,True,True,False,True,,
citarinostat,BRD-K00003202-001-01-9,VLIUIBXPEDFJRF-UHFFFAOYSA-N,53340426.0,CHEMBL3693786,ONC(=O)CCCCCCNC(=O)c1cnc(nc1)N(c1ccccc1)c1ccccc1Cl,Phase 1,2.0,HDAC inhibitor,,,,,0,epigenetic (selective probe),epigenetic (selective probe),discovery compound,,9426.0,7.5,pIC50,Human,467.172,MedChemEx,HY-15994,Citarinostat,96.59,173,6,0,True,142,142,42,1,93,5,True,True,True,True,True,True,True,True,False,True,,
DPC-681,BRD-K37087535-001-01-1,PNIFFZXGBAYVMQ-RKKDRKJOSA-N,456215.0,CHEMBL4303478,CC(C)CN(C[C@@H](O)[C@H](Cc1ccccc1)NC(=O)[C@@H](NC(=O)CNCc1cccc(F)c1)C(C)(C)C)S(=O)(=O)c1cccc(N)c1,Phase 1,,HIV protease inhibitor,,,,,0,protease,protease,discovery compound,,,,,,669.336,MedChemEx,HY-19400,DPC-681,97.55,9,0,0,False,1,2,2,0,0,0,True,True,True,False,False,False,True,True,False,True,,
GLPG0187,BRD-K00003380-001-01-9,CXHCNOMGODVIKB-VWLOTQADSA-N,53340771.0,CHEMBL3319236,COc1ccc(cc1)S(=O)(=O)N[C@@H](CNc1nc(C)nc(N2CCC(CC2)c2ccc3CCCNc3n2)c1C)C(O)=O,Phase 1,1.0,integrin antagonist,,,,,0,mechanotransduction,mechanotransduction,discovery compound,,,,,,595.258,MedChemEx,HY-100506,GLPG0187,100.0,97,13,2,True,84,71,85,0,78,0,True,True,True,False,True,False,True,True,False,True,,
JNJ-64619178,BRD-K30421675-001-04-9,DBSMLQTUDJVICQ-CJODITQLSA-N,126637809.0,CHEMBL4249337,Nc1nc2cc(CC[C@H]3C[C@H]([C@H](O)[C@@H]3O)n3ccc4c(N)ncnc34)ccc2cc1Br,Phase 1,1.0,protein arginine N-methyltransferase inhibitor,,,,,0,epigenetic (selective probe),epigenetic (selective probe),discovery compound,,11749.0,9.2,pKd,Human,482.107,Adooq,A16861,"JNJ64619178, JNJ 64619178",97.97,208,3,0,True,186,171,32,0,70,3,True,True,True,False,True,True,True,True,False,True,,
LY3200882,BRD-K00003446-001-01-9,PNPFMWIDAKQFPY-UHFFFAOYSA-N,121249291.0,CHEMBL5280211,CC(C)(O)c1cc(Nc2cc(Oc3cn(nc3C3CCOCC3)C3CC3)ccn2)ccn1,Phase 1,,TGF beta receptor inhibitor,,,,,0,growth factor / cytokine,growth factor / cytokine,discovery compound,,,,,,435.227,MedChemEx,HY-103021,LY3200882,97.88,186,20,0,True,167,154,136,2,140,0,True,True,True,True,True,False,True,True,False,True,,
mivebresib,BRD-K00003356-001-01-9,RDONXGFGWSSFMY-UHFFFAOYSA-N,71600087.0,CHEMBL3987016,CCS(=O)(=O)Nc1ccc(Oc2ccc(F)cc2F)c(c1)-c1cn(C)c(=O)c2[nH]ccc12,Phase 1,2.0,bromodomain inhibitor,,,,,0,epigenetic (selective probe),epigenetic (selective probe),discovery compound,,9117.0,8.5 - 8.9,pKi,Human,459.106,MedChemEx,HY-100015,Mivebresib,97.87,156,4,1,True,122,121,26,0,46,0,True,True,True,False,True,False,True,True,False,True,,
NGP555,BRD-K00003490-001-01-9,WDEKUGNKKOGFOA-UHFFFAOYSA-N,46853593.0,CHEMBL2151100,CCc1cc(Nc2nc(cs2)-c2ccc(c(F)c2)-n2cnc(C)c2)c(C)cc1C,Phase 1,,gamma secretase modulator,,,,,0,protease,protease,discovery compound,,,,,,406.163,MedChemEx,HY-108714,NGP555,91.35,10,0,0,False,1,4,2,0,4,0,True,True,True,False,True,False,True,True,False,True,,
PF-06751979,BRD-K00004598-001-01-9,ZLZUHACSRMOLLV-RAALSFIWSA-N,118435360.0,CHEMBL4297807,C[C@H]1C[C@H]2CSC(N)=N[C@]2(CO1)c1nc(NC(=O)c2ccc(OC(F)F)cn2)cs1 |c:7|,Phase 1,1.0,beta secretase inhibitor,,,,,0,protease,protease,discovery compound,,9943.0,8.1,pIC50,Human,455.09,MedChemEx,HY-112157,PF-06751979,95.8,19,1,0,True,5,5,2,0,6,0,True,True,True,False,True,False,True,True,False,True,,
PLX51107,BRD-K00003099-001-01-9,AMSUHYUVOVCWTP-INIZCTEOSA-N,90448953.0,CHEMBL4521078,C[C@@H](c1ccccn1)n1cc(-c2ccc(cc2)C(O)=O)c2ncc(cc12)-c1c(C)noc1C,Phase 1,1.0,bromodomain inhibitor,,,,,0,epigenetic (selective probe),epigenetic (selective probe),discovery compound,,,,,,438.169,MedChemEx,HY-111422,PLX51107,97.86,188,8,1,True,161,146,43,0,67,1,True,True,True,False,True,True,True,True,False,True,,
retagliptin,BRD-K00003118-011-01-9,WIIAMRXFUJLYEF-SNVBAGLBSA-N,44193830.0,CHEMBL4297435,COC(=O)c1nc(n2CCN(Cc12)C(=O)C[C@H](N)Cc1cc(F)c(F)cc1F)C(F)(F)F,Phase 1,3.0,dipeptidyl peptidase inhibitor,,,,,0,protease,protease,discovery compound,,,,,,464.128,MedChemEx,HY-112668,Retagliptin Phosphate,90.32,26,1,0,True,10,9,5,0,13,0,True,True,True,False,True,False,True,True,False,True,,
RGX-104,BRD-K00004597-001-01-9,ZLJZDYOBXVOTSA-XMMPIXPASA-N,10218693.0,CHEMBL5303417,C[C@H](CCOc1cccc(CC(O)=O)c1)N(CC(c1ccccc1)c1ccccc1)Cc1cccc(c1Cl)C(F)(F)F,Phase 1,,LXR agonist,,,,,0,nuclear receptor,nuclear receptor,discovery compound,,,,,,595.21,MedChemEx,HY-111498A,RGX-104,94.52,168,8,0,True,151,151,81,1,124,0,True,True,True,True,True,False,True,True,False,True,,
R306465,BRD-K86687746-001-01-3,MUTBJZVSRNUIHA-UHFFFAOYSA-N,10309899.0,CHEMBL609583,ONC(=O)c1cnc(nc1)N1CCN(CC1)S(=O)(=O)c1ccc2ccccc2c1,Phase 1,1.0,HDAC inhibitor,,,,,0,epigenetic (selective probe),epigenetic (selective probe),discovery compound,,,,,,413.116,AdvChemBlocks,A-632,5-pyrimidinecarboxamide-n-hydroxy-2-4-2-naphthalenylsulfonyl-1-piperazinyl,82.42,24,1,0,True,21,21,4,1,15,0,True,True,True,True,True,False,True,True,False,True,,
salvianolic-acid-A,BRD-K00005247-001-01-9,YMGFTDKNIWPMGF-UCPJVGPRSA-N,5281793.0,CHEMBL457077,OC(=O)[C@@H](Cc1ccc(O)c(O)c1)OC(=O)\C=C\c1ccc(O)c(O)c1\C=C\c1ccc(O)c(O)c1,Phase 1,1.0,matrix metalloprotease inhibitor,,,,,0,protease,protease,discovery compound,,,,,,494.121,MedChemEx,HY-N0318,Salvianolic acid A,100.0,18365,1625,113,True,6432,5948,4232,95,4938,138,True,True,True,True,True,True,True,True,False,True,,
seclidemstat,BRD-K00003454-001-01-9,MVSQDUZRRVBYLA-HYARGMPZSA-N,135565033.0,CHEMBL5314593,CN1CCN(CC1)S(=O)(=O)c1cccc(c1)C(=O)N\N=C(/C)c1cc(Cl)ccc1O,Phase 1,1.0,histone demethylase inhibitor,,,,,0,epigenetic (selective probe),epigenetic (selective probe),discovery compound,,14466.0,7.5,pKi,Human,450.113,MedChemEx,HY-103713,Seclidemstat,93.58,151,8,0,True,128,119,33,0,73,2,True,True,True,False,True,True,True,True,False,True,,
TAK-243,BRD-K00003376-001-01-9,KJDAGXLMHXUAGV-DGWLBADLSA-N,71715374.0,CHEMBL4297405,NS(=O)(=O)OC[C@H]1C[C@@H](Nc2ccnc3cc(nn23)-c2cccc(SC(F)(F)F)c2)[C@H](O)[C@@H]1O,Phase 1,1.0,ubiquitin activating enzyme inhibitor,,,,,0,ubiquitin system,ubiquitin system,discovery compound,,,,,,519.086,MedChemEx,HY-100487,TAK-243,95.52,419,5,1,True,274,269,51,0,80,10,True,True,True,False,True,True,True,True,False,True,,
tributyrin,BRD-K38969488-001-01-6,UYXTWWCETRIEDR-UHFFFAOYSA-N,6050.0,CHEMBL118722,CCCC(=O)OCC(COC(=O)CCC)OC(=O)CCC,Phase 1,1.0,HDAC inhibitor,,,,,0,epigenetic (selective probe),epigenetic (selective probe),discovery compound,,12450.0,4.5,pEC50,Human,302.173,Sigma,MFCD00009392,"2,3-bis(butyryloxy)propyl butyrate",0.0,3127,39,8,True,595,471,234,0,304,15,True,True,True,False,True,True,True,True,False,True,,
trodusquemine,BRD-K00003124-389-01-9,WUJVPODXELZABP-FWJXURDUSA-N,9917968.0,CHEMBL2028167,[H][C@@]1(CC[C@@]2([H])[C@]3([H])[C@H](O)C[C@@]4([H])C[C@H](CC[C@]4(C)[C@@]3([H])CC[C@]12C)NCCCNCCCCNCCCN)[C@H](C)CC[C@@H](OS(O)(=O)=O)C(C)C,Phase 1,,tyrosine phosphatase inhibitor,,,,,0,phosphatase,phosphatase,discovery compound,,9733.0,6.0,pIC50,Human,684.522,MedChemEx,HY-12219A,MSI-1436 lactate,95.5,274,12,1,True,119,144,48,1,81,5,True,True,True,True,True,True,True,True,False,True,,
AR-42,BRD-K13167095-001-03-9,LAMIXXKAWNLXOC-INIZCTEOSA-N,6918848.0,CHEMBL191482,CC(C)[C@H](C(=O)Nc1ccc(cc1)C(=O)NO)c1ccccc1,Phase 1,2.0,HDAC inhibitor,,,HDAC1,HDAC1,1,epigenetic (selective probe),epigenetic (selective probe),discovery compound,,,,,,312.147,MedChemEx,HY-13265,AR-42,97.9,828,31,1,True,546,476,159,4,330,6,True,True,True,True,True,True,True,True,False,True,,
AZD3839,BRD-K00004606-001-01-9,MRXBCEQZNKUUIP-DEOSSOPVSA-N,46202416.0,CHEMBL4303211,NC1=N[C@@](c2cccc(F)c12)(c1cccc(c1)-c1cncnc1)c1ccnc(c1)C(F)F |t:1|,Phase 1,,beta-secretase inhibitor,,,BACE1,BACE1,1,protease,protease,discovery compound,,6931.0,7.6,pKi,Human,431.136,MedChemEx,HY-13438,AZD3839,98.3,44,0,0,False,16,12,9,0,12,0,True,True,True,False,True,False,True,True,False,False,,
BCX-1470,BRD-K90472149-066-01-0,OTGQTQBPQCRNRG-UHFFFAOYSA-N,9822205.0,CHEMBL5723340,NC(=N)c1cc2ccc(OC(=O)c3cccs3)cc2s1,Phase 1,,complement inhibitor|serine protease inhibitor,,,CFD,CFD,1,protease,protease,discovery compound,,,,,,302.018,MedChemEx,HY-50875,BCX 1470 (methanesulfonate),94.08,11,1,0,True,2,4,3,0,8,0,True,True,True,False,True,False,True,False,False,False,,
begacestat,BRD-K58319700-001-01-1,PSXOKXJMVRSARX-SCSAIBSYSA-N,11269353.0,CHEMBL463981,OC[C@@H](NS(=O)(=O)c1ccc(Cl)s1)C(C(F)(F)F)C(F)(F)F,Phase 1,2.0,gamma secretase inhibitor,Gamma-secretase inhibitor [INHIBITOR],INHIBITOR,PSEN1,PSEN1,1,protease,protease,discovery compound,,6979.0,7.8,pEC50,Human,390.954,Sigma,PZ0187,"5-chloro-N-[(1S)-3,3,3-trifluoro-1-(hydroxymethyl)-2-(trifluoromethyl)propyl]-2-thiophenesulfonamide",89.43,101,1,2,True,21,46,13,0,33,0,True,True,True,False,True,False,True,True,False,True,,
CTS21166,BRD-K89071957-001-01-1,NIOCOJFPGCXNKL-ZKZXETMPSA-N,445649.0,,CC(C)C[C@H](NC(=O)[C@H](CC(N)=O)NC(=O)[C@@H](NC(=O)[C@@H](N)CCC(O)=O)C(C)C)[C@@H](O)C[C@@H](C)C(=O)N[C@@H](C)C(=O)N[C@@H](CCC(O)=O)C(=O)N[C@@H](Cc1ccccc1)C(O)=O,Phase 1,,beta-secretase inhibitor,,,BACE1,BACE1,1,protease,protease,discovery compound,,,,,,892.454,EMDBio,496000-250UG,InSolution OM99-2,78.39,15,0,0,False,4,8,1,0,8,0,True,True,True,False,True,False,True,True,False,True,,
DBPR108,BRD-K83020231-001-01-2,VQKSCYBKUIDZEI-STQMWFEESA-N,44201003.0,CHEMBL1082462,CC(C)(CC(=O)N1CCCC1)NCC(=O)N1C[C@@H](F)C[C@H]1C#N,Phase 1,3.0,dipeptidyl peptidase inhibitor,Dipeptidyl peptidase IV inhibitor [INHIBITOR],INHIBITOR,DPP4,DPP4,1,protease,protease,discovery compound,,14396.0,8.3,pIC50,Human,324.196,MedChemEx,HY-12528,DBPR108,95.35,13,0,0,False,6,4,2,0,6,0,True,True,True,False,True,False,True,True,False,True,,
EPZ-5676,BRD-K26531771-001-02-2,LXFOLMYKSYSZQS-LURJZOHASA-N,,CHEMBL602389,CC(C)N(C[C@H]1O[C@H]([C@H](O)[C@@H]1O)n1cnc2c(N)ncnc12)[C@@H]1C[C@H](CCc2nc3ccc(cc3[nH]2)C(C)(C)C)C1,Phase 1,,histone lysine methyltransferase inhibitor,,,DOT1L,DOT1L,1,epigenetic (selective probe),epigenetic (selective probe),discovery compound,,7019.0,10.1,pKi,Human,562.338,Selleck,S7062,EPZ-5676,95.25,471,15,1,True,405,337,62,3,120,4,True,True,True,True,True,True,True,True,False,False,,
GSK2816126,BRD-K21867462-001-03-7,FKSFKBQGSFSOSM-QFIPXVFZSA-N,68210102.0,CHEMBL3287735,CC[C@H](C)n1cc(C)c2c(cc(cc12)-c1ccc(nc1)N1CCNCC1)C(=O)NCc1c(C)cc(C)[nH]c1=O,Phase 1,1.0,histone lysine methyltransferase inhibitor,Histone-lysine N-methyltransferase EZH2 inhibitor [INHIBITOR],INHIBITOR,EZH2,EZH2,1,epigenetic (selective probe),epigenetic (selective probe),discovery compound,,7012.0,8.0,pIC50,Human,526.306,MedChemEx,HY-13470,GSK126,88.86,197,6,0,True,182,164,49,1,100,2,True,True,True,True,True,True,True,True,False,True,,
LY2811376,BRD-K94534639-001-02-5,MJQMRGWYPNIERM-HNNXBMFYSA-N,44251605.0,CHEMBL2333941,C[C@]1(CCSC(N)=N1)c1cc(c(F)cc1F)-c1cncnc1 |c:6|,Phase 1,1.0,beta-secretase inhibitor,,,BACE1,BACE1,1,protease,protease,discovery compound,,6936.0,6.6,pIC50,Human,320.091,Selleck,S1528,LY2811376,96.96,163,0,0,False,42,62,19,0,42,0,True,True,True,False,True,False,True,True,False,True,,
LY3000328,BRD-K21070437-001-01-4,NDEBZCZEAVMSQF-GOTSBHOMSA-N,67475270.0,CHEMBL3342553,CNC(=O)O[C@H]1COc2ccc(cc2[C@@H]1NC(=O)c1ccc(F)cc1)N1CCN(CC1)C1COC1,Phase 1,,cathepsin inhibitor,,,CTSS,CTSS,1,protease; lysosomal / autophagy,protease,discovery compound,,14314.0,8.1,pIC50,Human,484.212,MedChemEx,HY-15533,Cathepsin S inhibitor,96.06,52,3,1,True,27,26,37,0,29,1,True,True,True,False,True,True,True,True,False,False,,
ONO-4817,BRD-K58894520-001-01-1,HDWWQELUBWGQGA-WMZOPIPTSA-N,9888141.0,CHEMBL4303601,CCOCOC[C@H](C[C@H](C)C(=O)NO)NC(=O)c1ccc(Oc2ccccc2)cc1,Phase 1,,matrix metalloprotease inhibitor,,,MMP8,MMP8,1,protease,protease,discovery compound,,6544.0,9.0,pKi,Human,416.195,Sigma,MFCD09971106,"N-[(1S,3S)-1-[(ethoxymethoxy)methyl]-4-(hydroxyamino)-3-methyl-4-oxobutyl]-4-phenoxybenzamide",97.35,79,9,1,True,37,35,48,0,40,1,True,True,True,False,True,True,True,True,False,True,,
PAC-1,BRD-K92991072-001-04-9,YQNRVGJCPCNMKT-LFVJCYFKSA-N,9675990.0,CHEMBL3707398,Oc1c(CC=C)cccc1\C=N\NC(=O)CN1CCN(Cc2ccccc2)CC1,Phase 1,3.0,caspase activator,Vanilloid receptor antagonist [ANTAGONIST],ANTAGONIST,CASP3,CASP3,1,protease,protease,discovery compound,,5238.0,,,,392.221,Selleck,S2738,PAC-1,96.88,3786,115,13,True,1119,1172,1393,2,1657,23,True,True,True,True,True,True,True,True,False,True,,
pyroxamide,BRD-K11663430-001-02-3,PTJGLFIIZFVFJV-UHFFFAOYSA-N,4996.0,CHEMBL353581,ONC(=O)CCCCCCC(=O)Nc1cccnc1,Phase 1,1.0,HDAC inhibitor,,,HDAC1,HDAC1,1,epigenetic (selective probe),epigenetic (selective probe),discovery compound,,,,,,265.143,Cayman,13870,,95.74,127,8,1,True,92,96,24,0,59,2,True,True,True,False,True,True,True,True,False,True,,
thiorphan,BRD-A56012032-001-15-5,LJJKNPQAGWVLDQ-SNVBAGLBSA-N,4369380.0,CHEMBL10247,"OC(=O)CNC(=O)[C@@H](CS)Cc1ccccc1 |&1:7,r|",Phase 1,-1.0,membrane metalloendopeptidase inhibitor,,,MME,MME,1,protease,protease,discovery compound,,5278.0,,,,253.077,Sigma,T6031,[(2-benzyl-3-sulfanylpropanoyl)amino]acetic acid,38.61,1799,57,22,True,238,201,163,0,461,5,True,True,True,False,True,True,True,False,False,False,,
UK-383367,BRD-K06294530-001-02-3,ARJCBSRIPGJMAD-LLVKDONJSA-N,9818682.0,CHEMBL226630,NC(=O)c1noc(n1)[C@H](CCCC1CCCCC1)CC(=O)NO,Phase 1,,procollagen C-endopeptidase inhibitor,,,BMP1,BMP1,1,protease; matrix remodeling,protease,discovery compound,,,,,,324.18,Selleck,S2224,UK 383367,95.33,11,2,0,True,5,4,9,0,5,0,True,True,True,False,True,False,True,False,False,False,,
2-(3-mercaptopropyl)pentanedioic-acid,BRD-A66788520-001-01-7,FNLNSQHJKVQCBP-ZCFIWIBFSA-N,11735892.0,CHEMBL303352,"OC(=O)CC[C@@H](CCCS)C(O)=O |&1:5,r|",Phase 1,,glutamate carboxypeptidase inhibitor,,,FOLH1,FOLH1,1,protease,protease,discovery compound,,,,,,206.061,Tocris,5033,2-(3-mercaptopropyl)pentanedioic acid,84.2,44,0,0,False,14,18,4,0,19,0,True,True,True,False,True,False,True,False,False,False,,
4SC-202,BRD-K11773281-001-02-0,PRXXYMVLYKJITB-IZZDOVSWSA-N,15985904.0,CHEMBL4283683,Cn1cc(cn1)-c1ccc(cc1)S(=O)(=O)n1ccc(\C=C\C(=O)Nc2ccccc2N)c1,Phase 1,2.0,HDAC inhibitor,,,HDAC1,HDAC1,1,epigenetic (selective probe),epigenetic (selective probe),discovery compound,,14330.0,6.8,pIC50,Human,447.137,MedChemEx,HY-16012A,4SC-202 (free base),96.41,185,7,0,True,165,161,49,1,83,7,True,True,True,True,True,True,True,True,False,True,,
integrin-antagonist-1,BRD-K88165431-003-01-4,ZMXBIIQMSGOIRZ-RCZVLFRGSA-N,86272865.0,CHEMBL6120794,Cc1cc(C)n(n1)-c1cccc(c1)[C@@H](CN1CC[C@@H](CCc2ccc3CCCNc3n2)C1)CC(O)=O,Phase 1,,integrin antagonist,,,ITGAV|ITGB6,ITGAV,2,mechanotransduction,mechanotransduction,discovery compound,,,,,,487.295,MedChemEx,HY-19767A,Integrin Antagonist 1 (hydrochloride),93.77,8,1,0,True,1,1,2,0,4,0,True,True,True,False,True,False,True,True,False,True,,
RG2833,BRD-K02389548-001-04-1,VOPDXHFYDJAYNS-UHFFFAOYSA-N,56654642.0,CHEMBL3970532,Cc1ccc(cc1)C(=O)NCCCCCC(=O)Nc1ccccc1N,Phase 1,,HDAC inhibitor,,,HDAC1|HDAC3,HDAC1,2,epigenetic (selective probe),epigenetic (selective probe),discovery compound,,7501.0,8.3,pKi,Human,339.195,MedChemEx,HY-16425,RG2833,97.98,127,2,0,True,75,80,10,0,43,1,True,True,True,False,True,True,True,True,False,True,,
VLX600,BRD-K26122255-001-01-7,UQOSBPRTQFFUOA-UHFFFAOYSA-N,6806409.0,CHEMBL4788406,CC(=NNc1nnc2c(n1)[nH]c1c(C)cccc21)c1ccccn1,Phase 1,1.0,antitumor agent|ubiquitin C-terminal hydrolase inhibitor,,,TP53|USP14,TP53,2,ubiquitin system,ubiquitin system,discovery compound,,,,,,317.139,Enamine,EN300-395210,"(1Z)-1-(2-pyridinyl)ethanone (6-methyl-5H-[1,2,4]triazino[5,6-b]indol-3-yl)hydrazone",87.51,121,4,0,True,110,104,34,0,55,0,True,True,True,False,True,False,True,False,False,False,,
E-2012,BRD-K50564936-001-02-9,PUOAETJYKQITMO-LANLRWRYSA-N,11560787.0,CHEMBL586764,COc1cc(\C=C2/CCCN([C@@H](C)c3ccc(F)cc3)C2=O)ccc1-n1cnc(C)c1,Phase 1,,gamma secretase modulator,,,APH1A|APH1B|PSENEN,APH1A,3,protease,protease,discovery compound,,7358.0,,,,419.201,MedChemEx,HY-10016,E 2012,91.68,1051,44,6,True,166,141,77,0,242,10,True,True,True,False,True,True,True,False,False,False,,
hypoestoxide,BRD-K13881745-001-01-1,HNPAHGHFONBTLV-KSJQNFQUSA-N,11199742.0,,CC(=O)O[C@@H]1C[C@]2(C)O[C@H]2CC[C@]2(C)O[C@H]2C[C@@H]2CC(=O)C(=C)[C@@H]1C2(C)C,Phase 1,,IKK inhibitor,,,IKBKB|IL1B|TNF,IKBKB,3,growth factor / cytokine,growth factor / cytokine,discovery compound,,,,,,376.225,EMD,401006-1MG,Hypoestoxide,87.38,64,9,2,True,14,29,14,1,18,2,True,True,True,True,True,True,True,False,False,False,,
latrunculin-B,BRD-K61292460-001-03-1,NSHPHXHGRHSMIK-JRIKCGFMSA-N,6436219.0,CHEMBL411879,"C[C@H]1CC[C@@H]2C[C@H](C[C@@](O)(O2)[C@@H]2CSC(=O)N2)OC(=O)\C=C(C)/CC\C=C/1 |c:27,t:22|",Phase 1,,actin polymerization inhibitor,,,ACTA1|MKL1|SPIRE2,ACTA1,3,mechanotransduction,mechanotransduction,discovery compound,,,,,,395.177,EMD,428020-1MG,Latrunculin B,68.21,4142,152,49,True,1593,1076,983,12,734,12,True,True,True,True,True,True,True,False,False,False,,
SB-683698,BRD-K24968862-001-01-0,DRSJLVGDSNWQBI-SFHVURJKSA-N,9912743.0,CHEMBL5089005,COc1cccc(OC)c1-c1ccc(C[C@H](NC(=O)c2c(Cl)cccc2Cl)C(O)=O)cc1,Phase 1,,integrin antagonist,,,ITGA4|ITGAV|ITGB1|ITGB7,ITGA4,4,mechanotransduction,mechanotransduction,discovery compound,,,,,,473.08,MedChemEx,HY-15770,TR-14035,95.84,1,0,0,False,0,0,0,0,0,0,False,False,False,False,False,False,True,True,False,True,,
dacinostat,BRD-K56957086-001-09-7,BWDQBBCUWLSASG-MDZDMXLPSA-N,6445533.0,CHEMBL356066,OCCN(CCc1c[nH]c2ccccc12)Cc1ccc(\C=C\C(=O)NO)cc1,Phase 1,2.0,HDAC inhibitor,,,HDAC1|HDAC2|HDAC3|HDAC4|HDAC5|HDAC6|HDAC7|HDAC8|HDAC9,HDAC1,9,epigenetic (selective probe),epigenetic (selective probe),discovery compound,,7497.0,9.3,pKi,Human,379.19,Selleck,S1095,"LAQ824 (NVP-LAQ824, Dacinostat)",87.84,320,14,1,True,270,246,62,1,132,6,True,True,True,True,True,True,True,True,False,True,,
trichostatin-a,BRD-K68202742-001-16-5,RTKIYFITIVXBLE-QEQCGCAPSA-N,444732.0,CHEMBL99,C[C@H](\C=C(/C)\C=C\C(=O)NO)C(=O)c1ccc(cc1)N(C)C,Phase 1,1.0,HDAC inhibitor,,,HDAC1|HDAC10|HDAC2|HDAC3|HDAC4|HDAC5|HDAC6|HDAC7|HDAC8|HDAC9,HDAC1,10,epigenetic (selective probe),epigenetic (selective probe),discovery compound,,,,,,302.163,Selleck,S1045,Trichostatin A (TSA),98.67,23025,1342,133,True,14275,12361,4252,96,6692,566,True,True,True,True,True,True,True,True,False,True,,
A-485,BRD-K30233223-001-04-9,VRVJKILQRBSEAG-LFPIHBKWSA-N,118958122.0,CHEMBL4780575,CNC(=O)Nc1ccc2c(CC[C@@]22OC(=O)N(CC(=O)N(Cc3ccc(F)cc3)[C@@H](C)C(F)(F)F)C2=O)c1,Preclinical,,histone acetyltransferase inhibitor,,,,,0,epigenetic (selective probe),epigenetic (selective probe),discovery compound,,,,,,536.168,MedChemEx,HY-107455,A-485,98.15,252268,6149,1135,True,45111,39378,20266,168,44057,1587,True,True,True,True,True,True,False,True,False,True,,
AMZ30,BRD-K00256256-001-06-1,GUCUORSUHTZMBW-YBFXNURJSA-N,44607965.0,CHEMBL4520487,[O-][N+](=O)c1cccc(c1)S(=O)(=O)n1cccc1\C=C(/C#N)S(=O)(=O)c1ccc(F)cc1,Preclinical,,protein phosphatase inhibitor,,,,,0,phosphatase,phosphatase,discovery compound,,,,,,461.015,MedChemEx,HY-12833,AMZ30,88.11,11,0,0,False,9,8,2,0,0,0,True,True,True,False,False,False,False,True,False,True,,
BET-BAY-002,BRD-K72735080-001-02-9,AGYIAWHWIUZNSD-INIZCTEOSA-N,73425805.0,CHEMBL3785668,Cc1nnc(C[C@@H]2C=C(c3ccc(Cl)cc3)c3ccccc3-n3c(C)nnc23)o1 |t:7|,Preclinical,,bromodomain inhibitor,,,,,0,epigenetic (selective probe),epigenetic (selective probe),discovery compound,,,,,,403.12,MedChemEx,HY-12421,BET-BAY 002,98.81,4,0,0,False,4,4,2,0,0,0,True,True,True,False,False,False,False,True,False,True,,
bromosporine,BRD-K44665581-001-01-8,UYBRROMMFMPJAN-UHFFFAOYSA-N,72943187.0,CHEMBL3133807,CCOC(=O)Nc1cc(nn2c(C)nnc12)-c1ccc(C)c(NS(C)(=O)=O)c1,Preclinical,,bromodomain inhibitor,,,,,0,epigenetic (selective probe),epigenetic (selective probe),discovery compound,,8234.0,,,,404.127,Selleck,S7233,Bromosporine,98.35,135,4,1,True,96,67,18,1,30,2,True,True,True,True,True,True,False,True,False,True,,
ciluprevir,BRD-K00004667-001-01-9,PJZPDFUUXKKDNB-KNINVFKUSA-N,9853710.0,CHEMBL297884,COc1ccc2c(O[C@@H]3C[C@@H]4N(C3)C(=O)[C@H](CCCCC\C=C/[C@@H]3C[C@]3(NC4=O)C(O)=O)NC(=O)OC3CCCC3)cc(nc2c1)-c1csc(NC(C)C)n1 |c:22|,Preclinical,2.0,serine protease inhibitor,"Hepatitis C virus serine protease, NS3/NS4A inhibitor [INHIBITOR]",INHIBITOR,,,0,protease,protease,discovery compound,,,,,,774.341,Adooq,A11343.obs1190502,Ciluprevir (BILN 2061),0.0,100,1,0,True,14,18,3,0,9,4,True,True,True,False,True,True,False,True,False,True,,
DAPT,BRD-K47177710-001-03-1,DWJXYEABWRJFSP-XOBRGWDASA-N,5311272.0,CHEMBL177969,C[C@H](NC(=O)Cc1cc(F)cc(F)c1)C(=O)N[C@H](C(=O)OC(C)(C)C)c1ccccc1,Preclinical,,gamma secretase inhibitor,,,,,0,protease,protease,discovery compound,,11363.0,,,,432.186,Tocris,2634,DAPT,96.31,19343,654,166,True,6452,4784,3501,49,11544,138,True,True,True,True,True,True,False,True,False,True,,
FT011,BRD-K00003378-001-01-9,UIWZIDIJCUEOMT-PKNBQFBNSA-N,23648966.0,CHEMBL1075834,COc1cc(\C=C\C(=O)Nc2ccccc2C(O)=O)ccc1OCC#C,Preclinical,2.0,TGF beta receptor inhibitor,,,,,0,growth factor / cytokine,growth factor / cytokine,discovery compound,,13202.0,,,,351.111,MedChemEx,HY-100495,FT011,95.13,65,5,0,True,31,28,37,0,29,1,True,True,True,False,True,True,False,True,False,True,,
GSK-J2,BRD-K82484347-001-01-2,LJIFOCRGDDQFJF-UHFFFAOYSA-N,73010924.0,CHEMBL4303308,OC(=O)CCNc1cc(nc(n1)-c1cccnc1)N1CCc2ccccc2CC1,Preclinical,,histone demethylase inhibitor,,,,,0,epigenetic (selective probe),epigenetic (selective probe),discovery compound,,,,,,389.185,MedChemEx,HY-15648A,GSK-J2,95.52,12,1,0,True,10,9,4,0,7,0,True,True,True,False,True,False,False,True,False,True,,
GSK-J5,BRD-K55438324-001-01-8,LQPGVGSKBNXQDU-UHFFFAOYSA-N,78243729.0,CHEMBL4786329,CCOC(=O)CCNc1cc(nc(n1)-c1cccnc1)N1CCc2ccccc2CC1,Preclinical,,histone demethylase control,,,,,0,epigenetic (selective probe),epigenetic (selective probe),discovery compound,,,,,,417.216,Tocris,4689,GSK J5,95.18,35,3,0,True,26,22,8,0,7,1,True,True,True,False,True,True,False,True,False,True,,
iberdomide,BRD-K00003408-001-01-9,IXZOHGPZAQLIBH-NRFANRHFSA-N,67335295.0,CHEMBL3989927,O=C1N(Cc2c1cccc2OCc1ccc(CN2CCOCC2)cc1)[C@H]1CCC(=O)NC1=O,Preclinical,3.0,cereblon modulator,CRL4(CRBN) E3 ubiquitin ligase modulator [MODULATOR],MODULATOR,,,0,ubiquitin system,ubiquitin system,discovery compound,,9618.0,7.2,pIC50,Human,449.195,MedChemEx,HY-101291,Iberdomide,96.98,475,5,0,True,280,264,51,0,121,61,True,True,True,False,True,True,False,True,False,True,,
iRGD-peptide,BRD-K00003335-001-01-9,YHTTWXCDIRTOQX-YDZOEDPBSA-N,,CHEMBL4594363,[H][C@@]12CCCN1C(=O)CNC(=O)[C@H](CCCCN)NC(=O)[C@]([H])(CC(O)=O)NC(=O)CNC(=O)[C@]([H])(CCCNC(N)=N)NC(=O)[C@@H](N)CSSC[C@H](NC(=O)[C@H](CC(O)=O)NC2=O)C(O)=O,Preclinical,2.0,integrin signaling activator,,,,,0,mechanotransduction,mechanotransduction,discovery compound,,,,,,947.359,MedChemEx,HY-P0122,iRGD peptide,92.64,943,106,1,True,683,754,496,1,707,17,True,True,True,True,True,True,False,True,False,True,,
LDN-57444,BRD-K94485812-001-02-9,OPQRFPHLZZPCCH-LTGZKZEYSA-N,51537051.0,CHEMBL4303698,CC(=O)O\N=C1\C(=O)N(Cc2cc(Cl)ccc2Cl)c2ccc(Cl)cc12,Preclinical,,ubiquitin C-terminal hydrolase inhibitor,,,,,0,ubiquitin system,ubiquitin system,discovery compound,,,,,,395.984,Selleck,S7135,LDN-57444,99.35,175,7,0,True,109,118,42,0,60,1,True,True,True,False,True,True,False,True,False,True,,
limonin,BRD-K05906022-001-05-1,KBDSLGBFQAGHBE-MSGMIQHVSA-N,179651.0,CHEMBL517449,CC1(C)O[C@H]2CC(=O)OC[C@@]22[C@H]1CC(=O)[C@]1(C)[C@@H]2CC[C@@]2(C)[C@@H](OC(=O)[C@H]3O[C@@]123)c1ccoc1,Preclinical,,HIV protease inhibitor,,,,,0,protease,protease,discovery compound,,,,,,470.194,Selleck,S2319,Limonin,92.68,1551,48,10,True,506,530,187,1,346,25,True,True,True,True,True,True,False,True,False,True,,
LY411575,BRD-K20013301-001-03-9,ULSSJYNJIZWPSB-CVRXJBIPSA-N,10435235.0,CHEMBL392068,C[C@H](NC(=O)[C@@H](O)c1cc(F)cc(F)c1)C(=O)N[C@H]1c2ccccc2-c2ccccc2N(C)C1=O,Preclinical,,gamma secretase inhibitor,,,,,0,protease,protease,discovery compound,,,,,,479.166,MedChemEx,HY-50752,LY-411575,97.7,385,32,5,True,280,204,105,1,129,6,True,True,True,True,True,True,False,True,False,True,,
ML161,BRD-K59036917-001-16-7,DFOVLSMXPWPCFH-UHFFFAOYSA-N,1048267.0,CHEMBL1411333,CCCC(=O)Nc1cccc(NC(=O)c2ccccc2Br)c1,Preclinical,,protease-activated receptor inhibitor,,,,,0,protease,protease,discovery compound,,,,,,360.047,Selleck,S2916,ML161,98.28,98,6,1,True,20,23,21,0,46,0,True,True,True,False,True,False,False,True,False,True,,
NCX-1015,BRD-K00004749-001-01-9,MJHYBJOMJPGNMM-KGWLDMEJSA-N,9850209.0,CHEMBL4303347,"C[C@]12C[C@H](O)[C@H]3[C@@H](CCC4=CC(=O)C=C[C@]34C)[C@@H]1CC[C@]2(O)C(=O)COC(=O)c1ccc(CO[N+]([O-])=O)cc1 |c:13,t:9|",Preclinical,,interleukin sythesis stimulator,,,,,0,growth factor / cytokine,growth factor / cytokine,discovery compound,,,,,,539.216,MedChemEx,HY-101757,NCX-1015,16.19,18,4,0,True,5,8,6,0,9,0,True,True,True,False,True,False,False,True,False,True,,
PYR-41,BRD-K66101666-001-02-3,ARGIPZKQJGFSGQ-LCYFTJDESA-N,5335621.0,CHEMBL2322201,CCOC(=O)c1ccc(cc1)N1NC(=O)\C(=C\c2ccc(o2)[N+]([O-])=O)C1=O,Preclinical,,ubiquitin activating enzyme inhibitor,,,,,0,ubiquitin system,ubiquitin system,discovery compound,,,,,,371.075,Selleck,S7129,PYR-41,33.17,486,10,4,True,244,279,53,1,102,8,True,True,True,True,True,True,False,True,False,True,,
pyrintegrin,BRD-K94659840-001-02-9,QRJTZIJWDLJKQO-UHFFFAOYSA-N,46223724.0,CHEMBL4303620,Oc1ccc2N(CCCc2c1)c1ccnc(Nc2ccc(cc2)S(=O)(=O)NCC2CC2)n1,Preclinical,,integrin signaling activator,,,,,0,mechanotransduction,mechanotransduction,discovery compound,,,,,,451.168,Tocris,4978,Pyrintegrin,95.74,52,8,0,True,40,35,37,0,19,0,True,True,True,False,True,False,False,True,False,True,,
RMC-4550,BRD-K00010386-001-01-9,IKUYEYLZXGGCRD-ORAYPTAESA-N,134183206.0,CHEMBL583159,C[C@@H]1OCC2(CCN(CC2)c2nc(C)c(nc2CO)-c2cccc(Cl)c2Cl)[C@@H]1N,Preclinical,,SHIP2 phosphatase inhibitor,,,,,0,phosphatase,phosphatase,discovery compound,,,,,,436.143,MedChemEx,HY-116009,RMC-4550,96.25,197,8,0,True,170,139,39,1,54,3,True,True,True,True,True,True,False,True,False,True,,
roblitinib,BRD-K00003424-001-01-9,BHKDKKZMPODMIQ-UHFFFAOYSA-N,118036971.0,CHEMBL3908979,COCCNc1cc(NC(=O)N2CCCc3cc(CN4CCN(C)CC4=O)c(C=O)nc23)ncc1C#N,Preclinical,2.0,FGFR inhibitor,Fibroblast growth factor receptor 4 inhibitor [INHIBITOR],INHIBITOR,,,0,growth factor / cytokine,growth factor / cytokine,ASSAY CONTROL ONLY - canonical pathway,FGFR3 inhibition,9768.0,8.7,pIC50,Human,506.239,MedChemEx,HY-101568,Roblitinib,94.87,87,3,2,True,69,59,23,1,45,1,True,True,True,True,True,True,False,True,False,True,,
rovazolac,BRD-K00003502-001-01-9,ZUMNJDGBYXHASJ-UHFFFAOYSA-N,89792952.0,CHEMBL4297218,CCOC(=O)Cn1nc(cc1-c1ccc(cc1)-c1cccc(c1)S(C)(=O)=O)C(F)(F)F,Preclinical,2.0,LXR agonist,Liver X receptor agonist [AGONIST],AGONIST,,,0,nuclear receptor,nuclear receptor,discovery compound,,9625.0,6.0,pEC50,Human,452.102,MedChemEx,HY-109073,Rovazolac,97.15,3,0,0,False,0,0,0,0,1,0,False,False,False,False,True,False,False,True,False,True,,
S-17092,BRD-K00004618-001-01-9,NXSXRIHXEQSYEZ-KNJMJIDISA-N,9929984.0,CHEMBL1086968,O=C([C@@H]1C[C@H]1c1ccccc1)N1[C@H]2CCCC[C@H]2C[C@H]1C(=O)N1CCSC1,Preclinical,,prolyl endopeptidase inhibitor,,,,,0,protease,protease,discovery compound,,6565.0,8.8,pKi,Human,384.187,Sigma,SML0181,"((2S,3aS,7aS)-1-((1R,2R)-2-phenylcyclopropane-1-carbonyl)octahydro-1H-indol-2-yl)(thiazolidin-3-yl)methanone",86.56,54,3,0,True,16,12,17,0,18,1,True,True,True,False,True,True,False,True,False,True,,
SGC-0946,BRD-K69577666-001-03-9,IQCKJUKAQJINMK-HUBRGWSESA-N,56962337.0,CHEMBL3087498,CC(C)N(CCCNC(=O)Nc1ccc(cc1)C(C)(C)C)C[C@H]1O[C@H]([C@H](O)[C@@H]1O)n1cc(Br)c2c(N)ncnc12,Preclinical,,histone lysine methyltransferase inhibitor,,,,,0,epigenetic (selective probe),epigenetic (selective probe),discovery compound,,,,,,617.233,Tocris,4541,SGC 0946,95.72,17,1,0,True,14,13,3,1,2,0,True,True,True,True,True,False,False,True,False,True,,
STF-62247,BRD-K85479953-001-12-1,KATNUHQNJGNLPW-UHFFFAOYSA-N,704473.0,CHEMBL565269,Cc1cccc(Nc2nc(cs2)-c2ccncc2)c1,Preclinical,,autophagy inducer,,,,,0,lysosomal / autophagy,lysosomal / autophagy,discovery compound,,,,,,267.083,Selleck,S1041,STF-62247,89.5,138,1,0,True,104,122,36,0,65,0,True,True,True,False,True,False,False,True,False,True,,
TEN-010,BRD-K00005242-001-01-9,PKQXLRYFPSZKDU-QFIPXVFZSA-N,54670351.0,CHEMBL3977741,CN1CCN(CCCNC(=O)C[C@@H]2N=C(c3c(C)c(C)sc3-n3c(C)nnc23)c2ccc(Cl)cc2)CC1 |c:13|,Preclinical,,bromodomain inhibitor,,,,,0,epigenetic (selective probe),epigenetic (selective probe),discovery compound,,9118.0,,,,539.223,MedChemEx,HY-117286,(S)-JQ-35,94.38,162,8,1,True,144,133,32,1,63,1,True,True,True,True,True,True,False,True,False,True,,
XL041,BRD-K00003439-001-01-9,HNAJDMYOTDNOBK-UHFFFAOYSA-N,49787490.0,CHEMBL3945199,CC(C)(O)c1cn(c(n1)C(C)(C)c1c(Cl)cccc1Cl)-c1ccc(cc1F)-c1cc(F)c(CO)c(c1)S(C)(=O)=O,Preclinical,1.0,LXR agonist,LXR-beta modulator [MODULATOR]; LXR-alpha modulator [MODULATOR],MODULATOR,,,0,nuclear receptor,nuclear receptor,discovery compound,,14079.0,8.1,pEC50,Human,608.111,MedChemEx,HY-101973,XL041,98.23,7,2,0,True,3,2,2,0,4,0,True,True,True,False,True,False,False,True,False,True,,
YO-01027,BRD-K04622161-001-04-9,QSHGISMANBKLQL-OWJWWREXSA-N,11454028.0,CHEMBL4303400,C[C@H](NC(=O)Cc1cc(F)cc(F)c1)C(=O)N[C@H]1c2ccccc2-c2ccccc2N(C)C1=O,Preclinical,,gamma secretase inhibitor,,,,,0,protease,protease,discovery compound,,,,,,463.171,Tocris,4489,DBZ,97.84,45,1,0,True,33,33,10,0,13,0,True,True,True,False,True,False,False,True,False,True,,
AG-1024,BRD-K08310154-001-03-8,ABBADGFSRBWENF-UHFFFAOYSA-N,2044.0,CHEMBL2218926,CC(C)(C)c1cc(C=C(C#N)C#N)cc(Br)c1O,Preclinical,,insulin growth factor receptor inhibitor,,,IGF1R,IGF1R,1,growth factor / cytokine,growth factor / cytokine,ASSAY CONTROL ONLY - canonical pathway,GH / IGF signalling,5912.0,4.7,pIC50,Human,304.021,Selleck,S1234,AG-1024,91.46,162,3,2,True,111,95,37,0,53,1,True,True,True,False,True,True,False,True,False,True,,
AK-7,BRD-K09143580-001-01-0,IYAYHZZWYNXHEQ-UHFFFAOYSA-N,1328033.0,CHEMBL3917749,Brc1cccc(NC(=O)c2cccc(c2)S(=O)(=O)N2CCCCCC2)c1,Preclinical,,SIRT inhibitor,,,SIRT2,SIRT2,1,epigenetic (selective probe),epigenetic (selective probe),discovery compound,,,,,,436.046,Tocris,4754,AK 7,96.33,421,21,1,True,161,160,76,1,103,2,True,True,True,True,True,True,False,True,False,False,,
alexidine,BRD-A42335949-300-10-6,LFVVNPBBFUSSHL-SZPZYZBQSA-N,40488318.0,CHEMBL1195210,"CCCC[C@H](CC)CNC(=N)N=C(N)NCCCCCCNC(N)=NC(=N)NC[C@H](CC)CCCC |&1:29,&2:4,&3:11,&4:24,w:11.10,24.24|",Preclinical,2.0,phosphatidylglycerophosphatase inhibitor,,,PTPMT1,PTPMT1,1,phosphatase,phosphatase,discovery compound,,,,,,508.469,Selleck,S4302,Alexidine HCl,91.99,1741,102,6,True,383,347,300,0,292,12,True,True,True,False,True,True,False,False,False,False,,
AMI-1,BRD-K75114721-304-02-6,PCGISRHGYLRXSR-UHFFFAOYSA-N,67254.0,CHEMBL518352,Oc1cc(cc2cc(NC(=O)Nc3ccc4c(O)cc(cc4c3)S(O)(=O)=O)ccc12)S(O)(=O)=O,Preclinical,,protein arginine N-methyltransferase inhibitor,,,PRMT1,PRMT1,1,epigenetic (selective probe),epigenetic (selective probe),discovery compound,,7028.0,5.1,pIC50,Human,504.03,ChemBridge,FT47-8059,AMI-1,83.1,2522,47,6,True,512,512,297,0,1170,9,True,True,True,False,True,True,False,True,False,False,,
ARV-825,BRD-A00047421-001-01-7,RWLOGRLTDKDANT-ZPGRZCPFSA-N,124870683.0,CHEMBL4226052,"Cc1sc-2c(c1C)C(=N[C@@H](CC(=O)Nc1ccc(OCCOCCOCCOCCNc3cccc4C(=O)N([C@H]5CCC(=O)NC5=O)C(=O)c34)cc1)c1nnc(C)n-21)c1ccc(Cl)cc1 |a:9,&1:39,c:8|",Preclinical,,bromodomain inhibitor,,,BRD4,BRD4,1,epigenetic (selective probe),epigenetic (selective probe),discovery compound,,,,,,922.288,MedChemEx,HY-16954,ARV-825,96.88,449,18,2,True,388,364,82,0,167,25,True,True,True,False,True,True,False,True,False,True,,
AS-1949490,BRD-K61936403-001-01-7,RFZPGNRLOKVZJY-AWEZNQCLSA-N,44473434.0,CHEMBL2337806,C[C@H](NC(=O)c1sccc1OCc1ccc(Cl)cc1)c1ccccc1,Preclinical,,SHIP2 phosphatase inhibitor,,,INPP5D,INPP5D,1,phosphatase,phosphatase,discovery compound,,8878.0,6.2,pIC50,Human,371.075,Tocris,3718,AS 1949490,98.99,9,1,0,True,3,5,1,0,3,0,True,True,True,False,True,False,False,False,False,False,,
AS-2444697,BRD-K73565918-003-02-9,JANBIXNDYNRYQP-UHFFFAOYSA-N,52913874.0,CHEMBL3546136,Cc1cc(ccn1)-c1nc(co1)C(=O)Nc1cn(nc1C(N)=O)C1CCOCC1,Preclinical,,interleukin inhibitor,,,IRAK4,IRAK4,1,growth factor / cytokine,growth factor / cytokine,discovery compound,,,,,,396.155,Tocris,5430,AS 2444697,97.27,13,2,0,True,5,5,3,0,4,0,True,True,True,False,True,False,False,False,False,False,,
ascomycin,BRD-K88882192-001-03-3,ZDQSOHOQTUFQEM-MONOPTSESA-N,134129697.0,CHEMBL4549735,CC[C@@H]1\C=C(C)\C[C@H](C)C[C@H](OC)[C@H]2O[C@](O)([C@H](C)C[C@@H]2OC)C(=O)C(=O)N2CCCC[C@H]2C(=O)O[C@@H]([C@H](C)[C@@H](O)CC1=O)C(\C)=C\[C@@H]1CC[C@@H](O)[C@@H](C1)OC |c:3|,Preclinical,,calcineurin inhibitor,,,FKBP1A,FKBP1A,1,phosphatase,phosphatase,discovery compound,,,,,,791.482,Selleck,S7411,Ascomycin (FK520),100.0,1202,22,1,True,254,191,69,3,144,9,True,True,True,True,True,True,False,True,True,True,,
AZ-10417808,BRD-K36258877-001-04-9,VUBILPOZTRGZJK-UHFFFAOYSA-N,135665263.0,CHEMBL586058,[O-][N+](=O)c1cc(C(=O)NCC=C)c2[nH]c(Nc3ccc(Cl)c(Cl)c3)nc(=O)c2c1,Preclinical,,caspase inhibitor,,,CASP3,CASP3,1,protease,protease,discovery compound,,5143.0,6.6,pKi,Human,433.034,Tocris,2172,AZ 10417808,97.36,9,2,0,True,6,9,3,0,2,0,True,True,True,False,True,False,False,True,False,True,,
AZ505,BRD-K76244476-362-02-5,LIBVHXXKHSODII-UHFFFAOYSA-N,24961094.0,CHEMBL5307139,Oc1ccc(CCNCCN(C2CCCCC2)C(=O)CCNCCc2ccc(Cl)c(Cl)c2)c2OCC(=O)Nc12,Preclinical,,histone lysine methyltransferase inhibitor,,,SMYD2,SMYD2,1,epigenetic (selective probe),epigenetic (selective probe),discovery compound,,7021.0,6.9,pIC50,Human,576.227,MedChemEx,HY-15226A,AZ505 (ditrifluoroacetate),97.71,113,1,0,True,97,80,35,0,45,0,True,True,True,False,True,False,False,False,False,False,,
BAZ2-ICR,BRD-K66830666-001-02-7,RRZVGDGTWNQAPW-UHFFFAOYSA-N,91654625.0,CHEMBL4296718,Cn1cc(CCn2cnc(-c3cnn(C)c3)c2-c2ccc(cc2)C#N)cn1,Preclinical,,bromodomain inhibitor,,,ZNF215,ZNF215,1,epigenetic (selective probe),epigenetic (selective probe),discovery compound,,8571.0,6.8,pKd,Human,357.17,Tocris,5266,BAZ2-ICR,98.89,38,1,0,True,29,22,6,0,8,0,True,True,True,False,True,False,False,False,False,False,,
BLU9931,BRD-K72898849-001-01-8,TXEBNKKOLVBTFK-UHFFFAOYSA-N,72710839.0,CHEMBL4068896,COc1cc(OC)c(Cl)c(c1Cl)-c1ccc2nc(Nc3c(C)cccc3NC(=O)C=C)ncc2c1,Preclinical,,FGFR inhibitor,,,FGFR4,FGFR4,1,growth factor / cytokine,growth factor / cytokine,ASSAY CONTROL ONLY - canonical pathway,FGFR3 inhibition,8862.0,6.8,pIC50,Human,508.107,MedChemEx,HY-12823,BLU9931,93.96,163,12,1,True,141,103,59,3,93,2,True,True,True,True,True,True,False,False,False,False,,
BRD4770,BRD-K72264770-001-03-2,UCGWYCMPZXDHNR-UHFFFAOYSA-N,72193870.0,CHEMBL3970748,COC(=O)c1ccc2n(CCCc3ccccc3)c(NC(=O)c3ccccc3)nc2c1,Preclinical,,histone lysine methyltransferase inhibitor,,,EHMT2,EHMT2,1,epigenetic (selective probe),epigenetic (selective probe),discovery compound,,7016.0,,,,413.174,MedChemEx,HY-16705,BRD4770,99.57,146,11,0,True,122,122,38,0,76,3,True,True,True,False,True,True,False,True,False,False,,
butabindide,BRD-K40581315-034-02-9,HAQIRIMIVLFYIX-ZFWWWQNUSA-N,9817923.0,CHEMBL151059,CCCCNC(=O)[C@@H]1Cc2ccccc2N1C(=O)[C@@H](N)CC,Preclinical,,tripeptidyl peptidase inhibitor,,,TPP2,TPP2,1,protease,protease,discovery compound,,,,,,303.195,Tocris,1323,Butabindide oxalate,90.73,50,0,0,False,14,22,3,0,5,0,True,True,True,False,True,False,False,False,False,False,,
compound-w,BRD-K98143539-001-02-2,JOSXKPZXMVHRKU-UHFFFAOYSA-N,16760376.0,CHEMBL1553155,OC(=O)c1cc(Oc2ccc(cc2)[N+]([O-])=O)cc(Oc2ccc(cc2)[N+]([O-])=O)c1,Preclinical,,beta-secretase inhibitor,,,BACE1,BACE1,1,protease,protease,discovery compound,,,,,,396.059,Tocris,2654,Compound W,98.85,285,9,3,True,53,54,24,0,42,2,True,True,True,False,True,True,False,True,False,True,,
CPI-169,BRD-K97181972-001-01-9,LHGUZCKPFXXVPV-GOSISDBHSA-N,71712226.0,CHEMBL4576375,CCS(=O)(=O)N1CCC(CC1)[C@@H](C)n1c(C)c(C(=O)NCc2c(OC)cc(C)[nH]c2=O)c2ccccc12,Preclinical,,histone lysine methyltransferase inhibitor,,,EZH2,EZH2,1,epigenetic (selective probe),epigenetic (selective probe),discovery compound,,,,,,528.241,MedChemEx,HY-15956A,CPI-169,93.82,82,3,0,True,70,59,11,0,31,0,True,True,True,False,True,False,False,True,False,True,,
CPI-203,BRD-K15811707-001-01-2,QECMENZMDBOLDR-AWEZNQCLSA-N,71291068.0,CHEMBL4303293,Cc1nnc2[C@H](CC(N)=O)N=C(c3c(C)c(C)sc3-n12)c1ccc(Cl)cc1 |c:10|,Preclinical,,bromodomain inhibitor,,,BRD4,BRD4,1,epigenetic (selective probe),epigenetic (selective probe),discovery compound,,7513.0,7.4,pIC50,Human,399.092,MedChemEx,HY-15846,CPI-203,95.34,137,5,0,True,117,107,27,1,46,2,True,True,True,True,True,True,False,True,False,True,,
CPI-360,BRD-K18319422-001-01-7,PFPSFENQCNMITC-MRXNPFEDSA-N,73442743.0,CHEMBL3605456,COc1cc(C)[nH]c(=O)c1CNC(=O)c1c(C)n([C@H](C)C2CCOCC2)c2ccccc12,Preclinical,,histone lysine methyltransferase inhibitor,,,EZH2,EZH2,1,epigenetic (selective probe),epigenetic (selective probe),discovery compound,,,,,,437.231,MedChemEx,HY-15955,CPI-360,94.64,28,0,0,False,23,20,4,0,11,0,True,True,True,False,True,False,False,True,False,True,,
C646,BRD-K73383190-001-02-3,HEKJYZZSCQBJGB-UHFFFAOYSA-N,2871948.0,CHEMBL4208500,CC1=NN(C(=O)C1=Cc1ccc(o1)-c1cc(C)c(C)cc1[N+]([O-])=O)c1ccc(cc1)C(O)=O |t:1|,Preclinical,,histone acetyltransferase inhibitor,,,EP300,EP300,1,epigenetic (selective probe),epigenetic (selective probe),discovery compound,,7004.0,6.4,pKi,Human,445.127,Selleck,S7152,C646,88.71,1527,67,5,True,1060,916,343,3,500,13,True,True,True,True,True,True,False,False,False,False,,
DG-172,BRD-K75748943-300-02-9,ZJMDTBBCNMGFMS-SAPNQHFASA-N,57342889.0,CHEMBL5303520,CN1CCN(CC1)c1ccc(\C=C(/C#N)c2ccccc2Br)cc1,Preclinical,,PPAR receptor inverse agonist,,,PPARD,PPARD,1,nuclear receptor,nuclear receptor,discovery compound,,,,,,381.084,Tocris,5566,DG 172 dihydrochloride,87.99,8,0,0,False,5,5,0,0,3,1,True,True,False,False,True,True,False,False,False,False,,
E-64,BRD-K00004314-001-01-9,LTLYEAJONXGNFG-DCAQKATOSA-N,123985.0,CHEMBL189382,CC(C)C[C@H](NC(=O)[C@H]1O[C@@H]1C(O)=O)C(=O)NCCCCNC(N)=N,Preclinical,,calpain inhibitor|cysteine protease inhibitor,,,CTSS,CTSS,1,protease,protease,discovery compound,,,,,,357.201,Tocris,5208,E 64,83.7,8782,267,69,True,2224,2212,1519,9,1421,55,True,True,True,True,True,True,False,True,False,True,,
EI1,BRD-K91535048-001-01-2,PFHDWRIVDDIFRP-UHFFFAOYSA-N,72199293.0,CHEMBL2440518,CCC(CC)n1ccc2c(cc(cc12)C#N)C(=O)NCc1c(C)cc(C)[nH]c1=O,Preclinical,,histone lysine methyltransferase inhibitor,,,EZH2,EZH2,1,epigenetic (selective probe),epigenetic (selective probe),discovery compound,,7013.0,8.0,pIC50,Human,390.206,MedChemEx,HY-15573,EI1,93.04,1064,34,9,True,233,159,67,0,146,3,True,True,True,False,True,True,False,True,False,True,,
EPZ004777,BRD-K69070623-003-01-7,WXRGFPHDRFQODR-ICLZECGLSA-N,56962336.0,CHEMBL5209365,CC(C)N(CCCNC(=O)Nc1ccc(cc1)C(C)(C)C)C[C@H]1O[C@H]([C@H](O)[C@@H]1O)n1ccc2c(N)ncnc12,Preclinical,,histone lysine methyltransferase inhibitor,,,DOT1L,DOT1L,1,epigenetic (selective probe),epigenetic (selective probe),discovery compound,,7377.0,9.4,pIC50,Human,539.322,Selleck,S7032,EPZ004777 HCl,94.61,421,30,0,True,374,291,68,3,132,5,True,True,True,True,True,True,False,True,False,True,,
EPZ005687,BRD-K57754230-001-02-7,ZOIBZSZLMJDVDQ-UHFFFAOYSA-N,60160561.0,CHEMBL3360855,Cc1cc(C)c(CNC(=O)c2cc(cc3n(ncc23)C2CCCC2)-c2ccc(CN3CCOCC3)cc2)c(=O)[nH]1,Preclinical,,histone lysine methyltransferase inhibitor,,,EZH2,EZH2,1,epigenetic (selective probe),epigenetic (selective probe),discovery compound,,8387.0,7.6,pKi,Human,539.29,Selleck,S7004,EPZ005687,95.53,297,23,2,True,269,231,54,11,130,5,True,True,True,True,True,True,False,True,False,True,,
EPZ011989,BRD-K87468701-001-01-0,XQFINGFCBFHOPE-WXUXXXNLSA-N,,CHEMBL3672841,CCN([C@H]1CC[C@@H](CC1)N(C)CCOC)c1cc(cc(C(=O)NCc2c(C)cc(C)[nH]c2=O)c1C)C#CCN1CCOCC1 |r|,Preclinical,,histone lysine methyltransferase inhibitor,,,EZH2,EZH2,1,epigenetic (selective probe),epigenetic (selective probe),discovery compound,,9273.0,8.5,pKi,Human,605.394,MedChemEx,HY-16986,EPZ011989,95.82,149,5,0,True,136,114,27,0,57,1,True,True,True,False,True,True,False,True,False,True,,
EPZ015666,BRD-K70446295-001-01-7,ZKXZLIFRWWKZRY-KRWDZBQOSA-N,90241673.0,CHEMBL4060831,O[C@@H](CNC(=O)c1cc(NC2COC2)ncn1)CN1CCc2ccccc2C1,Preclinical,,protein arginine N-methyltransferase inhibitor,,,PRMT5,PRMT5,1,epigenetic (selective probe),epigenetic (selective probe),discovery compound,,8287.0,8.3,pKi,Human,383.196,MedChemEx,HY-12727,EPZ015666,95.64,379,21,1,True,339,278,61,1,108,2,True,True,True,True,True,True,False,True,False,False,,
EPZ020411,BRD-K33586289-003-02-8,QMDKVNSQXPVCRD-RQNOJGIXSA-N,,CHEMBL5724719,CNCCN(C)Cc1c[nH]nc1-c1ccc(O[C@H]2C[C@@H](C2)OCCC2CCOCC2)cc1 |r|,Preclinical,,protein arginine N-methyltransferase inhibitor,,,PRMT6,PRMT6,1,epigenetic (selective probe),epigenetic (selective probe),discovery compound,,9243.0,8.0,pIC50,Human,442.294,MedChemEx,HY-12970A,EPZ020411 (hydrochloride),90.26,93,6,0,True,84,72,19,0,27,0,True,True,True,False,True,False,False,False,False,False,,
FGIN-1-27,BRD-K09778810-001-11-4,VUWXAQFLTSBUDB-UHFFFAOYSA-N,132496.0,CHEMBL98572,CCCCCCN(CCCCCC)C(=O)Cc1c([nH]c2ccccc12)-c1ccc(F)cc1,Preclinical,,inositol monophosphatase inhibitor,,,TSPO,TSPO,1,phosphatase,phosphatase,discovery compound,,,,,,436.289,Tocris,658,FGIN-1-27,96.53,162,5,2,True,61,87,16,0,38,1,True,True,True,False,True,True,False,False,False,False,,
furamidine,BRD-K77758223-300-02-9,ZJHZBDRZEZEDGB-UHFFFAOYSA-N,126437.0,CHEMBL1964991,NC(=N)c1ccc(cc1)-c1ccc(o1)-c1ccc(cc1)C(N)=N,Preclinical,,protein arginine N-methyltransferase inhibitor,,,PRMT1,PRMT1,1,epigenetic (selective probe),epigenetic (selective probe),discovery compound,,,,,,304.132,Tocris,5202,Furamidine dihydrochloride,93.75,405,4,0,True,131,126,38,0,44,7,True,True,True,False,True,True,False,True,False,True,,
GSK-J1,BRD-K32847255-001-01-1,AVZCPICCWKMZDT-UHFFFAOYSA-N,56963315.0,CHEMBL3188597,OC(=O)CCNc1cc(nc(n1)-c1ccccn1)N1CCc2ccccc2CC1,Preclinical,,histone demethylase inhibitor,,,KDM6B,KDM6B,1,epigenetic (selective probe),epigenetic (selective probe),discovery compound,,7027.0,7.2 - 7.6,pIC50,Human,389.185,MedChemEx,HY-15648,GSK-J1,94.8,248,17,1,True,186,162,59,3,76,0,True,True,True,True,True,False,False,False,False,False,,
GSK-LSD-1,BRD-K33521504-300-01-6,"InChI=1S/C14H20N2/c1-2-4-11(5-3-1)13-10-14(13)16-12-6-8-15-9-7-12/h1-5,12-16H,6-10H2/t13-,14+/m0/s1",71522234.0,CHEMBL4301645,C1[C@@H](NC2CCNCC2)[C@@H]1c1ccccc1,Preclinical,,histone lysine demethylase inhibitor,,,KDM1A,KDM1A,1,epigenetic (selective probe),epigenetic (selective probe),discovery compound,,,,,,216.163,Cayman,16439,GSK-LSD1 hydrochloride,94.74,2,1,0,True,1,1,1,0,1,0,True,True,True,False,True,False,False,True,False,True,,
GSK2830371,BRD-K17472821-001-01-2,IVDUVEGCMXCMSO-FQEVSTJZSA-N,70983932.0,CHEMBL3613749,Cc1ncc(Cl)cc1NCc1ccc(s1)C(=O)N[C@@H](CC1CCCC1)C(=O)NC1CC1,Preclinical,,protein phosphatase inhibitor,,,PPM1D,PPM1D,1,phosphatase,phosphatase,discovery compound,,11103.0,7.9,pIC50,Human,460.17,MedChemEx,HY-15832,GSK 2830371,93.44,132,6,1,True,114,111,13,1,23,1,True,True,True,True,True,True,False,False,False,False,,
GSK503,BRD-K72293620-001-01-7,HRDQQHUKUIKFHT-UHFFFAOYSA-N,67469117.0,CHEMBL3909511,CC(C)n1cc(C)c2c(cc(cc12)-c1ccc(nc1)N1CCN(C)CC1)C(=O)NCc1c(C)cc(C)[nH]c1=O,Preclinical,,histone lysine methyltransferase inhibitor,,,EZH2,EZH2,1,epigenetic (selective probe),epigenetic (selective probe),discovery compound,,,,,,526.306,MedChemEx,HY-12856,GSK503,94.9,140,4,1,True,124,101,34,0,53,0,True,True,True,False,True,False,False,True,False,True,,
HLCL-61,BRD-K73746696-003-01-8,FIOIJUCPVZEPFX-UHFFFAOYSA-N,2250650.0,CHEMBL4303685,CCn1c2ccccc2c2cc(CNCc3ccccc3OC)ccc12,Preclinical,,protein arginine N-methyltransferase inhibitor,,,PRMT5,PRMT5,1,epigenetic (selective probe),epigenetic (selective probe),discovery compound,,,,,,344.189,MedChemEx,HY-100025A,HLCL-61 (hydrochloride),95.64,26,2,0,True,24,20,6,0,5,0,True,True,True,False,True,False,False,True,False,True,,
I-BRD9,BRD-K04972057-001-01-1,WRUWGLUCNBMGPS-UHFFFAOYSA-N,91668541.0,CHEMBL3769507,CCn1cc(-c2cccc(c2)C(F)(F)F)c2sc(cc2c1=O)C(=N)NC1CCS(=O)(=O)CC1,Preclinical,,bromodomain inhibitor,,,BRD9,BRD9,1,epigenetic (selective probe),epigenetic (selective probe),discovery compound,,8397.0,7.1,pIC50,Human,497.105,MedChemEx,HY-18975,I-BRD9,95.93,178,3,1,True,154,123,41,0,47,0,True,True,True,False,True,False,False,False,False,False,,
INCA-6,BRD-K33308633-001-02-4,GCHPUOHXXCNSQL-UHFFFAOYSA-N,230748.0,CHEMBL1474701,"O=C1C=CC(=O)C2=C1C1c3ccccc3C2c2ccccc12 |c:2,6|",Preclinical,,calcineurin inhibitor,,,NFATC1,NFATC1,1,phosphatase,phosphatase,discovery compound,,,,,,284.084,Tocris,2162,INCA-6,58.26,109,9,1,True,57,39,28,2,45,1,True,True,True,True,True,True,False,False,False,False,,
ITD-1,BRD-A56690687-001-02-9,ULFUJLFTRWWLPO-XMMPIXPASA-N,71512660.0,CHEMBL2180273,"CCOC(=O)C1=C(C)NC2=C([C@@H]1c1ccc(cc1)-c1ccccc1)C(=O)CC(C)(C)C2 |&1:11,r,c:5,9|",Preclinical,,TGF beta receptor inhibitor,,,TGFBR2,TGFBR2,1,growth factor / cytokine,growth factor / cytokine,discovery compound,,,,,,415.215,Tocris,5068,ITD 1,96.52,299,17,2,True,157,107,44,0,60,5,True,True,True,False,True,True,False,False,False,False,,
IU1,BRD-K45841694-001-11-7,JUWDSDKJBMFLHE-UHFFFAOYSA-N,675434.0,CHEMBL5559452,Cc1cc(C(=O)CN2CCCC2)c(C)n1-c1ccc(F)cc1,Preclinical,,ubiquitin C-terminal hydrolase inhibitor,,,USP14,USP14,1,ubiquitin system,ubiquitin system,discovery compound,,8880.0,5.3,pIC50,Human,300.164,Selleck,S7134,IU1,87.3,862,24,3,True,374,377,76,3,214,19,True,True,True,True,True,True,False,False,False,False,,
JIB04,BRD-K76180386-001-01-6,YHHFKWKMXWRVTJ-OQKWZONESA-N,6519698.0,CHEMBL1982368,Clc1ccc(N\N=C(/c2ccccc2)c2ccccn2)nc1,Preclinical,,histone lysine demethylase inhibitor,,,KDM4E,KDM4E,1,epigenetic (selective probe),epigenetic (selective probe),discovery compound,,,,,,308.083,Selleck,S7281,JIB-04,94.7,46,3,0,True,39,40,11,0,15,0,True,True,True,False,True,False,False,False,False,False,,
JLK-6,BRD-K22010301-001-04-6,AMDGKLWVCUXONP-UHFFFAOYSA-N,3803.0,CHEMBL149518,COc1oc(=O)c2cc(N)ccc2c1Cl,Preclinical,,gamma secretase inhibitor,,,PSEN1,PSEN1,1,protease,protease,discovery compound,,,,,,225.019,Tocris,2677,JLK 6,0.0,11,0,0,False,4,4,2,0,2,0,True,True,True,False,True,False,False,True,False,True,,
L-690330,BRD-K28470988-001-04-6,JKOCAAWWDVHWKB-UHFFFAOYSA-N,132449.0,CHEMBL34819,CC(Oc1ccc(O)cc1)(P(O)(O)=O)P(O)(O)=O,Preclinical,,inositol monophosphatase inhibitor,,,IMPA1,IMPA1,1,phosphatase,phosphatase,discovery compound,,5208.0,,,,298.001,Tocris,681,"L-690,330",0.0,34,2,0,True,12,14,5,0,6,1,True,True,True,False,True,True,False,False,False,False,,
ligustilide,BRD-K48875051-001-01-0,IQVQXVFMNOFTMU-FLIBITNWSA-N,5319022.0,CHEMBL481246,"CCC\C=C1/OC(=O)C2=C1CCC=C2 |c:8,13|",Preclinical,,tumor necrosis factor production inhibitor,,,TNF,TNF,1,growth factor / cytokine,growth factor / cytokine,discovery compound,,14479.0,5.2,pKd,Human,190.099,MedChemEx,HY-N0401,Ligustilide,87.42,1849,91,5,True,708,804,318,3,738,20,True,True,True,True,True,True,False,True,False,True,,
loxistatin-acid,BRD-K21937671-001-09-2,SCMSYZJDIQPSDI-SRVKXCTJSA-N,123664.0,CHEMBL63440,CC(C)CCNC(=O)[C@H](CC(C)C)NC(=O)[C@H]1O[C@@H]1C(O)=O,Preclinical,2.0,cysteine peptidase inhibitor,,,CTSB,CTSB,1,protease,protease,discovery compound,,,,,,314.184,Selleck,S7392,Loxistatin Acid (E-64C),98.39,14,1,0,True,6,7,3,0,4,1,True,True,True,False,True,True,False,True,False,False,,
LY364947,BRD-K06234293-001-04-2,IBCXZJCWDGCXQT-UHFFFAOYSA-N,447966.0,CHEMBL261454,c1[nH]nc(c1-c1ccnc2ccccc12)-c1ccccn1,Preclinical,,p38 MAPK inhibitor|TGF beta receptor inhibitor,,,TGFBR1,TGFBR1,1,growth factor / cytokine,growth factor / cytokine,discovery compound,,,,,,272.106,Tocris,2718,LY 364947,98.09,570,46,4,True,457,349,321,1,285,7,True,True,True,True,True,True,False,True,False,False,,
M-344,BRD-K45528773-001-07-2,MXWDSZWTBOCWBK-UHFFFAOYSA-N,3994.0,CHEMBL3652490,CN(C)c1ccc(cc1)C(=O)NCCCCCCC(=O)NO,Preclinical,,HDAC inhibitor,,,HDAC8,HDAC8,1,epigenetic (selective probe),epigenetic (selective probe),discovery compound,,,,,,307.19,Selleck,S2779,M344,97.25,318,10,1,True,71,46,25,0,57,2,True,True,True,False,True,True,False,False,False,False,,
MC1568,BRD-K24031866-001-03-9,QQDIFLSJMFDTCQ-FIFLTTCUSA-N,71311876.0,CHEMBL3426805,Cn1c(\C=C\C(=O)NO)ccc1\C=C\C(=O)c1cccc(F)c1,Preclinical,,HDAC inhibitor,,,HDAC2,HDAC2,1,epigenetic (selective probe),epigenetic (selective probe),discovery compound,,11121.0,,,,314.107,MedChemEx,HY-16914,MC1568,89.02,420,31,7,True,277,284,124,2,199,11,True,True,True,True,True,True,False,True,False,True,,
ML323,BRD-K93942811-001-01-3,VUIRVWPJNKZOSS-UHFFFAOYSA-N,60167849.0,CHEMBL3182437,CC(C)c1ccccc1-c1ncc(C)c(NCc2ccc(cc2)-n2ccnn2)n1,Preclinical,,ubiquitin specific protease inhibitor,,,USP1,USP1,1,protease; ubiquitin system,protease,discovery compound,,7898.0,7.1,pIC50,Human,384.206,MedChemEx,HY-17543,ML-323,96.64,314,14,0,True,248,234,62,1,112,4,True,True,True,True,True,True,False,False,False,False,,
ML324,BRD-K25611237-001-02-1,QDBVSOZTVKXUES-UHFFFAOYSA-N,44143209.0,CHEMBL1398529,CN(C)CCCNC(=O)c1ccc(cc1)-c1cc(O)c2ncccc2c1,Preclinical,,histone lysine demethylase inhibitor,,,KDM4A,KDM4A,1,epigenetic (selective probe),epigenetic (selective probe),discovery compound,,9584.0,6.0,pIC50,Human,349.179,MedChemEx,HY-12725,ML324,86.85,136,11,1,True,87,80,25,0,37,1,True,True,True,False,True,True,False,False,False,False,,
MRK-560,BRD-K68795758-001-02-9,WDZVWDXOIGQJIO-UJKQEGAGSA-N,,CHEMBL1091513,Fc1ccc(F)c(c1)[C@]1(CC[C@@H](CC1)NS(=O)(=O)C(F)(F)F)S(=O)(=O)c1ccc(Cl)cc1 |r|,Preclinical,,gamma secretase inhibitor,,,APP,APP,1,protease,protease,discovery compound,,,,,,517.021,Tocris,4000,MRK 560,94.77,78,2,1,True,36,44,16,0,26,3,True,True,True,False,True,True,False,True,False,False,,
NAB-2,BRD-K36804890-001-02-9,CZSLEMCYYGEGKP-UHFFFAOYSA-N,82017756.0,CHEMBL4303645,Cc1ccc(C)c(c1)-n1cnc2cc(ccc12)C(=O)NCc1ccccc1Cl,Preclinical,,ubiquitin ligase transport promoter,,,NEDD4,NEDD4,1,ubiquitin system,ubiquitin system,discovery compound,,,,,,389.129,Tocris,5131,NAB 2,98.33,408,6,1,True,141,95,49,0,90,2,True,True,True,False,True,True,False,True,False,False,,
NQDI-1,BRD-K61918008-001-07-1,UFJGFNHRMPMALC-UHFFFAOYSA-N,5522952.0,CHEMBL1345690,CCOC(=O)c1c2-c3ccccc3C(=O)c3cccc([nH]c1=O)c23,Preclinical,,caspase inhibitor,,,CASP3,CASP3,1,protease,protease,discovery compound,,,,,,319.084,MedChemEx,HY-19566,NQDI-1,96.79,90,8,1,True,53,85,22,3,42,3,True,True,True,True,True,True,False,True,False,True,,
NSC-3852,BRD-K13169950-001-14-4,RZWRYPGAUIOOMK-UHFFFAOYSA-N,19103.0,CHEMBL1479316,Oc1ccc(N=O)c2cccnc12,Preclinical,,HDAC inhibitor,,,HDAC1,HDAC1,1,epigenetic (selective probe),epigenetic (selective probe),discovery compound,,,,,,174.043,Tocris,2521,NSC 3852,96.22,25,2,0,True,19,15,4,0,7,0,True,True,True,False,True,False,False,True,False,True,,
NSC-405020,BRD-A67975844-001-01-8,ARDYECYBETXQFD-MRVPVSSYSA-N,879610.0,CHEMBL4303335,"CCC[C@@H](C)NC(=O)c1ccc(Cl)c(Cl)c1 |&1:3,r|",Preclinical,,matrix metalloprotease inhibitor,,,MMP1,MMP1,1,protease,protease,discovery compound,,,,,,259.053,Selleck,S8072,NSC 405020,97.07,24,5,1,True,14,13,18,0,15,0,True,True,True,False,True,False,False,True,False,True,,
NSC-697923,BRD-K20605374-001-05-4,GAUHIPWCDXOLCZ-UHFFFAOYSA-N,394449.0,CHEMBL1990474,Cc1ccc(cc1)S(=O)(=O)c1ccc(o1)[N+]([O-])=O,Preclinical,,ubiquitin-conjugating enzyme inhibitor,,,UBE2N,UBE2N,1,ubiquitin system,ubiquitin system,discovery compound,,,,,,267.02,Selleck,S7142,NSC697923,92.89,9,0,0,False,4,4,3,0,2,0,True,True,True,False,True,False,False,False,False,False,,
NT157,BRD-K54098378-001-01-6,NIPUPOUEGOSAAO-OWOJBTEDSA-N,135398520.0,CHEMBL4303361,Oc1cc(CNC(=S)\C=C\c2cc(O)c(O)c(Br)c2)cc(O)c1O,Preclinical,,IGF-1 inhibitor,,,IGF1R,IGF1R,1,growth factor / cytokine,growth factor / cytokine,ASSAY CONTROL ONLY - canonical pathway,GH / IGF signalling,,,,,410.978,MedChemEx,HY-100037,NT157,66.42,136,8,0,True,113,108,47,0,66,1,True,True,True,False,True,True,False,True,False,True,,
NVP-ADW742,BRD-K15179513-001-04-2,LSFLAQVDISHMNB-AFARHQOCSA-N,,CHEMBL399021,Nc1ncnc2n(cc(-c3cccc(OCc4ccccc4)c3)c12)[C@H]1C[C@H](CN2CCCC2)C1 |r|,Preclinical,,insulin growth factor receptor inhibitor,,,IGF1R,IGF1R,1,growth factor / cytokine,growth factor / cytokine,ASSAY CONTROL ONLY - canonical pathway,GH / IGF signalling,,,,,453.253,Selleck,S1088,NVP-ADW742,96.14,172,10,0,True,140,128,49,0,84,5,True,True,True,False,True,True,False,True,False,True,,
OF-1,BRD-K92658264-001-02-9,YUNQZQREIHWDQT-UHFFFAOYSA-N,35397514.0,CHEMBL3770173,COc1cc2n(C)c(=O)n(C)c2cc1NS(=O)(=O)c1ccc(Br)cc1C,Preclinical,,bromodomain inhibitor,,,BRD1,BRD1,1,epigenetic (selective probe),epigenetic (selective probe),discovery compound,,989.0,7.8 - 8.5,pIC50,Human,439.02,Tocris,5289,OF 1,95.56,19711110,370110,55620,True,2240547,1742383,951762,9245,2668616,64661,True,True,True,True,True,True,False,False,False,False,,
OG-L002,BRD-K26349472-001-03-9,DSOJSZXQRJGBCW-CABCVRRESA-N,56639570.0,CHEMBL4289507,N[C@H]1C[C@@H]1c1ccc(cc1)-c1cccc(O)c1,Preclinical,,histone lysine demethylase inhibitor,,,KDM1A,KDM1A,1,epigenetic (selective probe),epigenetic (selective probe),discovery compound,,7023.0,7.7,pIC50,Human,225.115,Selleck,S7237,OG-L002,91.37,71,1,1,True,49,41,9,1,16,0,True,True,True,True,True,False,False,True,False,True,,
OR-486,BRD-K18602506-001-09-9,VDCDWNDTNSWDFJ-UHFFFAOYSA-N,3870203.0,CHEMBL168276,Oc1cc(cc(c1O)[N+]([O-])=O)[N+]([O-])=O,Preclinical,,catechol O methyltransferase inhibitor,,,COMT,COMT,1,epigenetic (selective probe),epigenetic (selective probe),discovery compound,,2105.0,6.5 - 6.6,pKi,Human,200.007,Tocris,483,OR-486,95.46,176283,4353,785,True,26754,20158,11631,124,33555,1215,True,True,True,True,True,True,False,True,False,True,,
OXF-BD-02,BRD-A73891132-001-02-9,FEQUIPXIENTMJN-SFHVURJKSA-N,70699441.0,CHEMBL2335154,"Cc1noc(C)c1-c1cc(O)cc(c1)[C@@H](O)c1ccccc1 |&1:14,r|",Preclinical,,bromodomain inhibitor,,,BRD4,BRD4,1,epigenetic (selective probe),epigenetic (selective probe),discovery compound,,,,,,295.121,Tocris,4928,OXF BD 02,96.76,4,0,0,False,2,0,1,0,2,0,True,False,True,False,True,False,False,True,False,True,,
PD-161570,BRD-K97152684-001-03-9,MKVMEJKNLUWFSQ-UHFFFAOYSA-N,5328135.0,CHEMBL45827,CCN(CC)CCCCNc1ncc2cc(c(NC(=O)NC(C)(C)C)nc2n1)-c1c(Cl)cccc1Cl,Preclinical,,FGFR inhibitor,,,FGFR1,FGFR1,1,growth factor / cytokine,growth factor / cytokine,ASSAY CONTROL ONLY - canonical pathway,FGFR3 inhibition,,,,,531.228,Tocris,3724,PD 161570,92.98,24,4,0,True,17,10,9,0,16,1,True,True,True,False,True,True,False,True,False,True,,
PETCM,BRD-A93477898-001-04-2,NGTDJJKTGRNNAU-ZETCQYMHSA-N,736879.0,CHEMBL1416055,"O[C@@H](Cc1ccncc1)C(Cl)(Cl)Cl |&1:1,r|",Preclinical,,caspase activator,,,CASP3,CASP3,1,protease,protease,discovery compound,,5242.0,,,,238.967,Tocris,1758,PETCM,93.77,21,1,0,True,11,17,5,0,6,0,True,True,True,False,True,False,False,True,False,True,,
PFI-1,BRD-K13094524-001-07-5,TXZPMHLMPKIUGK-UHFFFAOYSA-N,71271629.0,CHEMBL4789678,COc1ccccc1S(=O)(=O)Nc1ccc2NC(=O)N(C)Cc2c1,Preclinical,,bromodomain inhibitor,,,BRD4,BRD4,1,epigenetic (selective probe),epigenetic (selective probe),discovery compound,,7523.0,6.7,pIC50,Human,347.094,Selleck,S1216,PFI-1(PF-6405761),91.99,387,14,2,True,250,203,54,1,92,3,True,True,True,True,True,True,False,True,False,True,,
PFI-4,BRD-K13106865-001-01-7,QCIJLRJBZDBVDB-UHFFFAOYSA-N,40642506.0,CHEMBL4789678,COc1ccccc1C(=O)Nc1cc2n(C)c(=O)n(C)c2cc1N1CCCC1,Preclinical,,bromodomain inhibitor,,,BRPF1,BRPF1,1,epigenetic (selective probe),epigenetic (selective probe),discovery compound,,8575.0,7.9,pKd,Human,380.185,Tocris,5576,PFI 4,98.24,75,5,0,True,39,29,11,0,13,0,True,True,True,False,True,False,False,False,False,False,,
PK-44,BRD-K04035716-011-02-9,LIPWZZYFIVYJSI-MRVPVSSYSA-N,46208486.0,CHEMBL4303603,N[C@@H](CC(=O)N1CCn2c(C1)nnc2C(F)(F)F)Cc1[nH]nc2c(F)c(F)ccc12,Preclinical,,dipeptidyl peptidase inhibitor,,,DPP4,DPP4,1,protease,protease,discovery compound,,,,,,429.134,Tocris,4145,PK 44 phosphate,91.71,66,0,2,False,25,26,11,0,18,0,True,True,True,False,True,False,False,True,False,True,,
PQ-401,BRD-K67537649-001-04-5,YBLWOZUPHDKFOT-UHFFFAOYSA-N,9549305.0,CHEMBL439259,COc1ccc(Cl)cc1NC(=O)Nc1cc(C)nc2ccccc12,Preclinical,,IGF-1 inhibitor,,,IGF1R,IGF1R,1,growth factor / cytokine,growth factor / cytokine,ASSAY CONTROL ONLY - canonical pathway,GH / IGF signalling,5048.0,6.0,pIC50,Human,341.093,Tocris,2768,PQ 401,97.12,25,5,0,True,19,16,7,1,6,0,True,True,True,True,True,False,False,True,False,True,,
P22077,BRD-K97714174-001-01-3,RMAMGGNACJHXHO-UHFFFAOYSA-N,46931953.0,CHEMBL2159498,CC(=O)c1cc(c(Sc2ccc(F)cc2F)s1)[N+]([O-])=O,Preclinical,,ubiquitin specific protease inhibitor,,,USP7,USP7,1,protease; ubiquitin system,protease,discovery compound,,,,,,314.984,Selleck,S7133,P22077,97.13,371,20,0,True,319,323,63,1,131,1,True,True,True,True,True,True,False,False,False,False,,
P5091,BRD-K13606314-001-01-3,LKZLGMAAKNEGCH-UHFFFAOYSA-N,2819993.0,CHEMBL2159495,CC(=O)c1cc(c(Sc2cccc(Cl)c2Cl)s1)[N+]([O-])=O,Preclinical,,ubiquitin specific protease inhibitor,,,USP7,USP7,1,protease; ubiquitin system,protease,discovery compound,,,,,,346.924,Selleck,S7132,P5091 (P005091),97.85,479,37,0,True,421,416,90,3,174,9,True,True,True,True,True,True,False,False,False,True,,
repsox,BRD-K80480517-001-04-0,LBPKYPYHDKKRFS-UHFFFAOYSA-N,449054.0,CHEMBL185238,Cc1cccc(n1)-c1n[nH]cc1-c1ccc2ncccc2n1,Preclinical,,TGF beta receptor inhibitor,,,TGFBR1,TGFBR1,1,growth factor / cytokine,growth factor / cytokine,discovery compound,,,,,,287.117,Tocris,3742,RepSox,98.05,727,79,2,True,561,372,313,5,293,12,True,True,True,True,True,True,False,True,False,True,,
RGFP966,BRD-K61688984-001-02-9,BLVQHYHDYFTPDV-VCABWLAWSA-N,56650312.0,CHEMBL4078477,Nc1cc(F)ccc1NC(=O)\C=C\c1cnn(C\C=C\c2ccccc2)c1,Preclinical,,HDAC inhibitor,,,HDAC3,HDAC3,1,epigenetic (selective probe),epigenetic (selective probe),discovery compound,,7500.0,7.1,pIC50,Human,362.154,Selleck,S7229,RGFP966,92.17,799,46,10,True,533,543,237,2,333,9,True,True,True,True,True,True,False,False,False,False,,
RN-1,BRD-K41415459-300-02-9,YAMSXCOVJUUMCT-FCHUYYIVSA-N,45376076.0,CHEMBL4303584,CN1CCN(CC1)C(=O)CN[C@@H]1C[C@H]1c1ccc(OCc2ccccc2)cc1,Preclinical,,histone demethylase inhibitor,,,KDM1A,KDM1A,1,epigenetic (selective probe),epigenetic (selective probe),discovery compound,,8980.0,6.2 - 7.0,pIC50,Human,379.226,Tocris,4977,RN 1 dihydrochloride,96.56,8950,80,15,True,495,348,176,2,1628,33,True,True,True,True,True,True,False,True,False,True,,
RWJ-50271,BRD-K94623186-001-01-5,HOFGTYCLOKDAES-UHFFFAOYSA-N,9953357.0,CHEMBL9453,Cc1c(cnn1-c1nc(cs1)-c1cccc(c1)C(F)(F)F)C(=O)NCCCO,Preclinical,,integrin inhibitor,,,ICAM1,ICAM1,1,mechanotransduction,mechanotransduction,discovery compound,,,,,,410.102,Tocris,4227,RWJ 50271,97.8,4,0,0,False,2,2,0,0,2,0,True,True,False,False,True,False,False,False,False,False,,
SB-525334,BRD-K37720887-001-07-8,DKPQHFZUICCZHF-UHFFFAOYSA-N,9967941.0,CHEMBL401570,Cc1cccc(n1)-c1nc([nH]c1-c1ccc2nccnc2c1)C(C)(C)C,Preclinical,,TGF beta receptor inhibitor,,,TGFBR1,TGFBR1,1,growth factor / cytokine,growth factor / cytokine,discovery compound,,,,,,343.18,Selleck,S1476,SB525334,95.92,131,11,0,True,99,73,81,1,73,2,True,True,True,True,True,True,False,True,False,True,,
SD-208,BRD-K24566386-001-01-9,BERLXWPRSBJFHO-UHFFFAOYSA-N,10316032.0,CHEMBL238125,Fc1ccc(Cl)cc1-c1nc(Nc2ccncc2)c2nccnc2n1,Preclinical,,TGF beta receptor inhibitor,,,TGFBR1,TGFBR1,1,growth factor / cytokine,growth factor / cytokine,discovery compound,,8246.0,7.3,pIC50,Human,352.064,Tocris,3269,SD 208,97.15,721,75,6,True,439,363,322,5,395,10,True,True,True,True,True,True,False,True,False,True,,
SGC-707,BRD-K86718786-001-03-9,DMIDPTCQPIJYFE-UHFFFAOYSA-N,90642938.0,CHEMBL4072005,O=C(NCC(=O)N1CCCC1)Nc1ccc2cnccc2c1,Preclinical,,protein arginine N-methyltransferase inhibitor,,,PRMT3,PRMT3,1,epigenetic (selective probe),epigenetic (selective probe),discovery compound,,,,,,298.143,Tocris,5367,SGC 707,97.06,3,0,0,False,2,3,1,0,1,0,True,True,True,False,True,False,False,False,False,False,,
SirReal-2,BRD-K16472653-001-02-4,MENNDDDTIIZDDN-UHFFFAOYSA-N,1096292.0,CHEMBL3770903,Cc1cc(C)nc(SCC(=O)Nc2ncc(Cc3cccc4ccccc34)s2)n1,Preclinical,,SIRT inhibitor,,,SIRT2,SIRT2,1,epigenetic (selective probe),epigenetic (selective probe),discovery compound,,,,,,420.108,Tocris,5457,SirReal2,99.29,4,0,0,False,4,4,1,0,2,0,True,True,True,False,True,False,False,True,False,True,,
SKF-91488,BRD-K49776472-300-04-9,UFYJLJINUGVUHO-UHFFFAOYSA-N,5227.0,CHEMBL1398213,CN(C)CCCCSC(N)=N,Preclinical,,histamine N-methyltransferase inhibitor,,,HNMT,HNMT,1,epigenetic (selective probe),epigenetic (selective probe),discovery compound,,,,,,175.114,Tocris,512,SKF 91488 dihydrochloride,78.22,44,0,2,False,5,2,3,0,5,0,True,True,True,False,True,False,False,True,False,True,,
SMER-28,BRD-K08478539-001-06-2,BCPOLXUSCUFDGE-UHFFFAOYSA-N,1560402.0,CHEMBL494325,Brc1ccc2ncnc(NCC=C)c2c1,Preclinical,,autophagy inducer,,,SNCA,SNCA,1,lysosomal / autophagy,lysosomal / autophagy,discovery compound,,,,,,263.006,Sigma,S8197,SMER28,100.0,1579,31,7,True,538,473,193,0,284,15,True,True,True,False,True,True,False,False,False,False,,
SP-141,BRD-K28571773-001-02-9,AABFWJDLCCDJJN-UHFFFAOYSA-N,59620153.0,CHEMBL4303369,COc1ccc2[nH]c3c(nccc3c2c1)-c1cccc2ccccc12,Preclinical,,ubiquitin ligase inhibitor,,,MDM2,MDM2,1,ubiquitin system,ubiquitin system,discovery compound,,,,,,324.126,Tocris,5332,SP 141,97.08,133,2,0,True,55,48,18,0,29,2,True,True,True,False,True,True,False,False,False,False,,
splitomycin,BRD-K27710560-001-07-5,ISFPDBUKMJDAJH-UHFFFAOYSA-N,5269.0,CHEMBL86537,O=C1CCc2c(O1)ccc1ccccc21,Preclinical,,SIRT inhibitor,,,SIRT1,SIRT1,1,epigenetic (selective probe),epigenetic (selective probe),discovery compound,,,,,,198.068,Tocris,1542,Splitomicin,38.94,77,5,0,True,60,57,10,0,27,1,True,True,True,False,True,True,False,True,False,True,,
SR-1664,BRD-K62814487-001-03-0,IIJDFXNUWZTHIM-NRFANRHFSA-N,53239854.0,CHEMBL534243,C[C@H](NC(=O)c1ccc2n(Cc3ccc(cc3)-c3ccccc3C(O)=O)c(C)c(C)c2c1)c1ccc(cc1)[N+]([O-])=O,Preclinical,,PPAR receptor ligand,,,PPARG,PPARG,1,nuclear receptor,nuclear receptor,discovery compound,,,,,,547.211,Tocris,4409,SR 1664,94.36,9,0,0,False,5,5,2,0,6,1,True,True,True,False,True,True,False,True,False,True,,
SRT1720,BRD-K95926480-003-03-6,IASPBORHOMBZMY-UHFFFAOYSA-N,24180125.0,CHEMBL257991,O=C(Nc1ccccc1-c1cn2c(CN3CCNCC3)csc2n1)c1cnc2ccccc2n1,Preclinical,,SIRT activator,,,SIRT1,SIRT1,1,epigenetic (selective probe),epigenetic (selective probe),discovery compound,,7703.0,6.8,pEC50,Human,469.168,Selleck,S1129,SRT1720,93.47,1739,169,7,True,1057,1220,509,7,817,24,True,True,True,True,True,True,False,True,False,True,,
SUN-11602,BRD-K71250460-001-02-9,KCODNOOPOPTZMO-UHFFFAOYSA-N,22245705.0,CHEMBL4303490,CN(C1CCN(Cc2ccc(cc2)C(N)=O)CC1)C(=O)CNc1c(C)c(C)c(N)c(C)c1C,Preclinical,,fibroblast growth factor mimetic,,,FGFR1,FGFR1,1,growth factor / cytokine,growth factor / cytokine,ASSAY CONTROL ONLY - canonical pathway,FGFR3 inhibition,,,,,451.295,Tocris,4826,SUN 11602,90.13,6,0,0,False,2,1,1,0,0,0,True,True,True,False,False,False,False,True,False,True,,
TC-E-5006,BRD-A66521565-001-01-8,ONYWALXTZFPKAS-WINIVTDRSA-N,97289132.0,CHEMBL2146722,"C[C@@H](C(O)=O)c1ccc([C@@H](N2CCC(C)CC2)c2ccc(F)cc2)c(c1)-c1ccc(cc1)C(F)(F)F |&1:1,&2:9,r|",Preclinical,,gamma secretase modulator,,,APP,APP,1,protease,protease,discovery compound,,,,,,499.213,Tocris,4898,TC-E 5006,97.66,2,0,0,False,1,1,0,0,1,1,True,True,False,False,True,True,False,True,False,True,,
TCS-HDAC6-20b,BRD-K68358632-001-02-9,DQZMLPMCOMRJOR-MOVGKWKRSA-N,23636017.0,CHEMBL237645,CC(C)C(=O)SCCCCC[C@H](NC(=O)OC(C)(C)C)C(=O)NC12CC3CC(CC(C3)C1)C2,Preclinical,,HDAC inhibitor,,,HDAC6,HDAC6,1,epigenetic (selective probe),epigenetic (selective probe),discovery compound,,,,,,480.302,Tocris,4805,TCS HDAC6 20b,100.0,6,0,0,False,3,4,5,0,3,0,True,True,True,False,True,False,False,True,False,False,,
TC1,BRD-K01825674-001-02-9,"InChI=1S/C19H20FNO/c20-9-3-1-2-8(6-9)4-5-21-18-14-10-7-11-13-12(10)15(18)17(13)19(21,22)16(11)14/h1-3,6,10-18,22H,4-5,7H2/t10-,11+,12+,13-,14+,15+,16-,17+,18-,19-/m1/s1",,CHEMBL602850,"O[C@@]12[C@H]3[C@H]4[C@H]5[C@@H]3[C@@H]([C@H]3[C@@H]5C[C@@H]4[C@@H]13)N2CCc1cccc(F)c1 |&1:1,&2:2,&3:3,&4:4,&5:5,&6:6,&7:7,&8:8,&9:10,&10:11,r,TLB:13:12:2.5:7.11|",Preclinical,,beta-secretase inhibitor,,,BACE1,BACE1,1,protease,protease,discovery compound,,,,,,297.153,Tocris,2669,TC 1,96.9,18936,624,89,True,8679,7533,3103,27,4856,85,True,True,True,True,True,True,False,True,False,True,,
tenovin-1,BRD-K05977823-001-06-9,WOWJIWFCOPZFGV-UHFFFAOYSA-N,1013376.0,CHEMBL595354,CC(=O)Nc1ccc(NC(=S)NC(=O)c2ccc(cc2)C(C)(C)C)cc1,Preclinical,,SIRT inhibitor|TP53 activator,,,SIRT1,SIRT1,1,epigenetic (selective probe),epigenetic (selective probe),discovery compound,,,,,,369.151,Tocris,3365,Tenovin-1,96.5,171,12,0,True,139,147,37,1,59,3,True,True,True,True,True,True,False,True,False,True,,
tubastatin-A,BRD-K00627859-003-03-7,GOVYBPLHWIEHEJ-UHFFFAOYSA-N,49850262.0,CHEMBL2018302,CN1CCc2c(C1)c1ccccc1n2Cc1ccc(cc1)C(=O)NO,Preclinical,,HDAC inhibitor,,,HDAC6,HDAC6,1,epigenetic (selective probe),epigenetic (selective probe),discovery compound,,,,,,335.163,Selleck,S2627,Tubastatin A HCl,92.67,1588,102,14,True,1109,1063,461,5,664,28,True,True,True,True,True,True,False,True,False,True,,
U-0521,BRD-K08953028-001-09-6,VDQLKIBLTMPAHI-UHFFFAOYSA-N,21632.0,CHEMBL353187,CC(C)C(=O)c1ccc(O)c(O)c1,Preclinical,,catechol O methyltransferase inhibitor,,,COMT,COMT,1,epigenetic (selective probe),epigenetic (selective probe),discovery compound,,,,,,180.079,SantaCruz,sc-200745,,98.18,203,8,2,True,7,7,16,0,54,3,True,True,True,False,True,True,False,True,False,True,,
UNC0321,BRD-K74236984-001-04-8,AULLUGALUBVBDD-UHFFFAOYSA-N,46901937.0,CHEMBL1214066,COc1cc2c(NC3CCN(C)CC3)nc(nc2cc1OCCOCCN(C)C)N1CCCN(C)CC1,Preclinical,,histone lysine methyltransferase inhibitor,,,EHMT2,EHMT2,1,epigenetic (selective probe),epigenetic (selective probe),discovery compound,,8389.0,10.2,pKi,Human,515.358,MedChemEx,HY-10930,UNC0321,91.24,69,2,0,True,52,43,6,0,18,1,True,True,True,False,True,True,False,True,False,True,,
UNC0631,BRD-K13060017-001-01-3,XFAXSWXKPQWHDW-UHFFFAOYSA-N,53315868.0,CHEMBL1829305,COc1cc2c(NC3CCN(CC4CCCCC4)CC3)nc(nc2cc1OCCCN1CCCCC1)N1CCCN(CC1)C(C)C,Preclinical,,histone lysine methyltransferase inhibitor,,,EHMT2,EHMT2,1,epigenetic (selective probe),epigenetic (selective probe),discovery compound,,,,,,635.489,MedChemEx,HY-13808,UNC0631,96.26,49,3,1,True,40,35,11,0,17,1,True,True,True,False,True,True,False,True,False,True,,
UNC0646,BRD-K87465484-001-02-7,OUKWLRHRXOPODD-UHFFFAOYSA-N,53315882.0,CHEMBL1829304,COc1cc2c(NC3CCN(CC3)C3CCCCC3)nc(nc2cc1OCCCN1CCCCC1)N1CCCN(CC1)C(C)C,Preclinical,,histone lysine methyltransferase inhibitor,,,EHMT2,EHMT2,1,epigenetic (selective probe),epigenetic (selective probe),discovery compound,,,,,,621.473,MedChemEx,HY-13807,UNC0646,90.65,58,4,0,True,42,38,13,0,13,0,True,True,True,False,True,False,False,True,False,True,,
UNC1999,BRD-K26989966-001-05-0,DPJNKUOXBZSZAI-UHFFFAOYSA-N,72551585.0,CHEMBL3414619,CCCc1cc(C)[nH]c(=O)c1CNC(=O)c1cc(cc2n(ncc12)C(C)C)-c1ccc(nc1)N1CCN(CC1)C(C)C,Preclinical,,histone lysine methyltransferase inhibitor,,,EZH2,EZH2,1,epigenetic (selective probe),epigenetic (selective probe),discovery compound,,8237.0,8.7,pIC50,Human,569.348,Tocris,4904,UNC 1999,96.39,571,29,5,True,477,394,110,5,166,9,True,True,True,True,True,True,False,True,False,True,,
UNC2327,BRD-K60635008-001-01-5,MYTRGTBDVGKKRO-UHFFFAOYSA-N,71583615.0,CHEMBL2325198,O=C(NCC(=O)N1CCCCC1)Nc1ccc2nnsc2c1,Preclinical,,protein arginine N-methyltransferase inhibitor,,,PRMT3,PRMT3,1,epigenetic (selective probe),epigenetic (selective probe),discovery compound,,,,,,319.11,Tocris,5057,UNC 2327,97.06,1,0,0,False,0,0,0,0,0,0,False,False,False,False,False,False,False,False,False,True,,
WAY-170523,BRD-K36198571-001-03-8,FARMEEAGJWMFSZ-UHFFFAOYSA-N,9830392.0,CHEMBL327002,Cc1cc(C)c(N(Cc2ccccc2)S(=O)(=O)c2ccc(OCCNC(=O)c3cc4ccccc4o3)cc2)c(c1)C(=O)NO,Preclinical,,metalloproteinase inhibitor,,,MMP13,MMP13,1,protease,protease,discovery compound,,5288.0,,,,613.188,Tocris,2633,WAY 170523,97.03,24,4,0,True,13,15,16,1,7,0,True,True,True,True,True,False,False,True,False,False,,
WDR5-0103,BRD-K47726410-001-02-0,ZPLBXOVTSNRBFB-UHFFFAOYSA-N,6457069.0,CHEMBL3906778,COC(=O)c1ccc(N2CCN(C)CC2)c(NC(=O)c2cccc(OC)c2)c1,Preclinical,,histone lysine methyltransferase inhibitor,,,WDR5,WDR5,1,epigenetic (selective probe),epigenetic (selective probe),discovery compound,,,,,,383.185,Vitas-M,STK892274,WDR5 0103,99.17,51,2,1,True,37,29,10,0,16,1,True,True,True,False,True,True,False,False,False,False,,
wiskostatin,BRD-A18579359-001-05-9,XUBJEDZHBUPBKL-CYBMUJFWSA-N,981326.0,CHEMBL3774960,"CN(C)C[C@@H](O)Cn1c2ccc(Br)cc2c2cc(Br)ccc12 |&1:4,r|",Preclinical,,actin related protein inhibitor|neural Wiskott-Aldrich syndrome protein inhibitor,,,WASL,WASL,1,mechanotransduction,mechanotransduction,discovery compound,,,,,,423.979,Tocris,4434,Wiskostatin,95.1,305,6,2,True,127,121,95,0,71,1,True,True,True,False,True,True,False,False,False,False,,
Y-29794,BRD-K48449073-034-03-9,HAGHKJDWBDSFKC-UHFFFAOYSA-N,195609.0,CHEMBL294803,CC(C)c1ccc(C(=O)c2cccs2)c(SCCCCCCCCN(C)C)n1,Preclinical,,prolyl endopeptidase inhibitor,,,PREP,PREP,1,protease,protease,discovery compound,,,,,,418.211,Tocris,1634,Y-29794 oxalate,89.89,11,0,0,False,4,3,2,0,2,0,True,True,True,False,True,False,False,False,False,False,,
Y-320,BRD-K96259238-001-02-9,BWZNJVZTAWBIFG-UHFFFAOYSA-N,22227931.0,CHEMBL4303340,Cc1c(cnn1-c1ccc(Cl)cc1)C(=O)Nc1ccc(N2CCC(CC2)N2CCOCC2)c(c1)C#N,Preclinical,,interleukin inhibitor,,,IL17A,IL17A,1,growth factor / cytokine,growth factor / cytokine,discovery compound,,,,,,504.204,MedChemEx,HY-15898,Y-320,96.38,202,11,2,True,44,30,26,1,49,0,True,True,True,True,True,False,False,True,False,True,,
bergenin,BRD-K04176066-001-08-3,YWJXCIXBAKGUKZ-HJJNZUOJSA-N,66065.0,CHEMBL273019,COc1c(O)cc2C(=O)O[C@@H]3[C@@H](O)[C@H](O)[C@@H](CO)O[C@H]3c2c1O,Preclinical,-1.0,interleukin inhibitor,,,IL1B|TNF,IL1B,2,growth factor / cytokine,growth factor / cytokine,discovery compound,,,,,,328.079,Selleck,S2270,Bergenin,97.98,974,47,4,True,337,343,144,2,223,13,True,True,True,True,True,True,False,True,False,True,,
BIO-5192,BRD-K21318844-001-01-4,MNQBPRHHZPXCKZ-ZDCRTTOTSA-N,10350459.0,CHEMBL4303683,CC(C)C[C@H](N(C)C(=O)Cc1ccc(NC(=O)Nc2ccccc2C)cc1)C(=O)NCC[C@H](NC(=O)[C@@H]1CCCN1S(=O)(=O)c1cc(Cl)cc(Cl)c1)C(O)=O,Preclinical,,integrin inhibitor,,,ITGA4|ITGB1,ITGA4,2,mechanotransduction,mechanotransduction,discovery compound,,,,,,816.247,Tocris,5051,BIO 5192,98.15,11,1,0,True,9,5,8,0,11,0,True,True,True,False,True,False,False,True,False,True,,
BTT-3033,BRD-K01492390-001-01-9,NSLIQOPYDUKWTA-UHFFFAOYSA-N,49841251.0,CHEMBL4303254,CN(c1ccc(NC(=O)Nc2ccccc2)cc1)S(=O)(=O)c1cnn(c1)-c1ccc(F)cc1,Preclinical,,integrin inhibitor,,,ITGA2|ITGB1,ITGA2,2,mechanotransduction,mechanotransduction,discovery compound,,11489.0,,,,465.127,Tocris,4724,BTT 3033,98.48,48,5,1,True,36,29,47,1,23,0,True,True,True,True,True,False,False,True,False,False,,
CPA-inhibitor,BRD-A69126730-001-01-3,PONANXDRJJIGPG-MRXNPFEDSA-N,124386386.0,CHEMBL161702,"ON(C[C@@H](Cc1ccccc1)C(O)=O)C(=O)Cc1ccccc1 |&1:3,r|",Preclinical,,carboxypeptidase inhibitor,,,CPA1|CPA2,CPA1,2,protease,protease,discovery compound,,,,,,313.131,MedChemEx,HY-70005,CPA inhibitor,95.18,53,2,0,True,17,11,4,0,10,0,True,True,True,False,True,False,False,False,False,False,,
GR-144053,BRD-K12120659-305-02-2,QGEGSJUSWLLZLH-UHFFFAOYSA-N,173614.0,CHEMBL36326,NC(=N)c1ccc(cc1)N1CCN(CC1)C1CCN(CC(O)=O)CC1,Preclinical,,integrin antagonist,,,ITGA2B|ITGB3,ITGA2B,2,mechanotransduction,mechanotransduction,discovery compound,,6587.0,7.4,pIC50,Human,345.216,Tocris,1263,GR 144053 trihydrochloride,94.59,52,3,0,True,11,7,27,0,34,0,True,True,True,False,True,False,False,False,False,False,,
GS-143,BRD-K99916169-001-01-9,IZPMWFSVTDOCDI-HAVVHWLPSA-N,121513876.0,CHEMBL4303714,OC(=O)c1ccc(cc1)N1N=C(Cc2ccccc2)\C(=C/c2ccc(o2)-c2ccccc2F)C1=O |t:11|,Preclinical,,ubiquitin ligase inhibitor,,,BTRC|NFKBIA,BTRC,2,ubiquitin system,ubiquitin system,discovery compound,,,,,,466.133,Tocris,5636,GS 143,67.28,10,1,0,True,5,3,1,1,1,0,True,True,True,True,True,False,False,False,False,False,,
GSK1904529A,BRD-K04833372-001-07-9,MOSKATHMXWSZTQ-UHFFFAOYSA-N,25124816.0,CHEMBL466397,CCc1cc(Nc2nccc(n2)-c2c(nc3ccccn23)-c2ccc(OC)c(c2)C(=O)Nc2c(F)cccc2F)c(OC)cc1N1CCC(CC1)N1CCN(CC1)S(C)(=O)=O,Preclinical,,IGF-1 inhibitor|insulin growth factor receptor inhibitor|insulin receptor ligand,,,IGF1R|INSR,IGF1R,2,growth factor / cytokine,growth factor / cytokine,ASSAY CONTROL ONLY - canonical pathway,GH / IGF signalling,,,,,851.339,MedChemEx,HY-10524,GSK1904529A,93.76,154,8,0,True,130,113,52,0,79,1,True,True,True,False,True,True,False,True,False,True,,
GW-3965,BRD-K33818169-003-04-6,NAXSRXHZFIBFMI-UHFFFAOYSA-N,72199895.0,CHEMBL59030,OC(=O)Cc1cccc(OCCCN(CC(c2ccccc2)c2ccccc2)Cc2cccc(c2Cl)C(F)(F)F)c1,Preclinical,,LXR agonist,,,NR1H2|NR1H3,NR1H2,2,nuclear receptor,nuclear receptor,discovery compound,,2754.0,6.7,pEC50,Human,581.194,Tocris,2474,GW 3965 hydrochloride,98.12,273,9,4,True,95,88,43,1,80,2,True,True,True,True,True,True,False,False,False,False,,
LY2109761,BRD-K47557313-001-02-7,IHLVSLOZUHKNMQ-UHFFFAOYSA-N,11655119.0,CHEMBL2447924,C(CN1CCOCC1)Oc1ccc2c(ccnc2c1)-c1c2CCCn2nc1-c1ccccn1,Preclinical,,TGF beta receptor inhibitor,,,TGFBR1|TGFBR2,TGFBR1,2,growth factor / cytokine,growth factor / cytokine,discovery compound,,8075.0,7.4,pKi,Human,441.216,Selleck,S2704,LY2109761,98.4,912,81,10,True,768,633,539,4,523,7,True,True,True,True,True,True,False,True,False,True,,
NVP-AEW541,BRD-K24696047-001-03-9,AECDBHGVIIRMOI-GRGXKFILSA-N,,CHEMBL4797365,Nc1ncnc2n(cc(-c3cccc(OCc4ccccc4)c3)c12)[C@@H]1C[C@H](CN2CCC2)C1 |r|,Preclinical,,IGF-1 inhibitor,,,IGF1R|INSR,IGF1R,2,growth factor / cytokine,growth factor / cytokine,ASSAY CONTROL ONLY - canonical pathway,GH / IGF signalling,8067.0,9.4,pIC50,Human,439.237,MedChemEx,HY-50866,NVP-AEW541,96.92,569,32,3,True,498,431,154,3,244,5,True,True,True,True,True,True,False,True,False,True,,
omapatrilat,BRD-K00003265-001-01-9,LVRLSYPNFFBYCZ-VGWMRTNUSA-N,656629.0,CHEMBL289556,[H][C@]12CCC[C@H](N1C(=O)[C@H](CCS2)NC(=O)[C@@H](S)Cc1ccccc1)C(O)=O,Preclinical,2.0,metalloproteinase inhibitor,,,ACE|MME,ACE,2,protease,protease,discovery compound,,,,,,408.118,MedChemEx,HY-18208,Omapatrilat,53.07,679,21,1,True,118,107,129,1,377,8,True,True,True,True,True,True,False,True,False,True,,
SB-431542,BRD-K67298865-001-10-8,FHYUGAJXYORMHI-UHFFFAOYSA-N,4521392.0,CHEMBL1909378,NC(=O)c1ccc(cc1)-c1nc(c([nH]1)-c1ccc2OCOc2c1)-c1ccccn1,Preclinical,,TGF beta receptor inhibitor,,,ACVR1C|TGFBR1,ACVR1C,2,growth factor / cytokine,growth factor / cytokine,discovery compound,,8216.0,7.0,pIC50,Human,384.122,Tocris,1614,SB 431542,98.92,3524,305,42,True,2142,1601,1380,27,1225,37,True,True,True,True,True,True,False,False,True,False,,
spautin-1,BRD-K84964099-001-03-9,AWIVHRPYFSSVOG-UHFFFAOYSA-N,51037431.0,CHEMBL2391504,Fc1ccc(CNc2ncnc3ccc(F)cc23)cc1,Preclinical,,deubiquitinase inhibitor,,,USP10|USP13,USP10,2,ubiquitin system,ubiquitin system,discovery compound,,,,,,271.092,Tocris,5197,Spautin 1,98.0,801,30,3,True,594,665,187,0,290,7,True,True,True,False,True,True,False,False,False,False,,
TC-I-15,BRD-K17621556-001-01-5,XKLHCUGVLCGKKX-RBUKOAKNSA-N,90488948.0,CHEMBL1650511,CC1(C)SCN([C@@H]1C(=O)N[C@@H](CNC(=O)NCc1ccccc1)C(O)=O)S(=O)(=O)c1ccccc1,Preclinical,,integrin inhibitor,,,ITGA2|ITGB1,ITGA2,2,mechanotransduction,mechanotransduction,discovery compound,,,,,,520.145,Tocris,4527,TC-I 15,96.07,43,6,1,True,33,21,41,0,21,0,True,True,True,False,True,False,False,True,False,True,,
TCS-2314,BRD-K55216666-001-01-4,ITXAAOWFOURIHK-DEOSSOPVSA-N,11226207.0,CHEMBL389946,Cc1ccccc1NC(=O)Nc1ccc(CC(=O)N2CCOC[C@H]2C(=O)N2CCC(CC(O)=O)CC2)cc1,Preclinical,,integrin inhibitor,,,ITGA4|ITGB1,ITGA4,2,mechanotransduction,mechanotransduction,discovery compound,,6590.0,,,,522.248,Tocris,3900,TCS 2314,97.08,2,0,0,False,0,0,0,0,1,0,False,False,False,False,True,False,False,True,False,True,,
UAMC-00039,BRD-K38966689-300-02-9,DNVZYSMOLXCOLY-HNNXBMFYSA-N,11232124.0,CHEMBL98869,N[C@@H](CCNCc1ccc(Cl)cc1)C(=O)N1CCCCC1,Preclinical,,dipeptidyl peptidase inhibitor,,,DPP4|DPP7,DPP4,2,protease,protease,discovery compound,,,,,,309.161,Tocris,4954,UAMC 00039 dihydrochloride,95.29,2,0,0,False,0,2,0,0,0,0,False,True,False,False,False,False,False,True,False,True,,
1-hexadecanal,BRD-K35114608-001-01-7,NIOYUNMRJMEDGI-UHFFFAOYSA-N,984.0,CHEMBL1235338,CCCCCCCCCCCCCCCC=O,Preclinical,,sphingosine 1-phosphate receptor substrate,,,DBI|RHO,DBI,2,mechanotransduction,mechanotransduction,discovery compound,,,,,,240.245,DuPont,A001212276,palmitaldehyde,0.0,31,1,0,True,6,7,2,0,1,0,True,True,True,False,True,False,False,False,False,False,,
BVT-948,BRD-K68567222-001-01-2,LLPBUXODFQZPFH-UHFFFAOYSA-N,6604934.0,CHEMBL580421,CC1(C)C(=O)NC2=C1C(=O)C(=O)c1ccccc21 |c:6|,Preclinical,,tyrosine phosphatase inhibitor,,,PTPN1|PTPN11|PTPN2,PTPN1,3,phosphatase,phosphatase,discovery compound,,,,,,241.074,Tocris,2176,BVT 948,90.36,32,0,0,False,14,21,7,0,7,0,True,True,True,False,True,False,False,True,False,True,,
cathepsin-inhibitor-1,BRD-K40269473-001-03-0,MZRVIHRERYCHBL-HNNXBMFYSA-N,44224135.0,CHEMBL5715926,Cn1nc(cc1C(=O)N[C@@H](Cc1cccc(Cl)c1)C(=O)NCC#N)C(C)(C)C,Preclinical,,cathepsin inhibitor,,,CTSB|CTSL|CTSV,CTSB,3,protease; lysosomal / autophagy,protease,discovery compound,,,,,,401.162,Selleck,S2847,Cathepsin Inhibitor 1,98.4,37,0,0,False,17,21,12,0,11,0,True,True,True,False,True,False,False,True,False,True,,
D-4476,BRD-K09132007-001-07-5,DPDZHVCKYBCJHW-UHFFFAOYSA-N,6419753.0,CHEMBL597856,NC(=O)c1ccc(cc1)-c1nc(c([nH]1)-c1ccc2OCCOc2c1)-c1ccccn1,Preclinical,,TGF beta receptor inhibitor,,,CSNK1A1|CSNK1D|TGFB1,CSNK1A1,3,growth factor / cytokine,growth factor / cytokine,discovery compound,,,,,,398.138,Tocris,2902,D 4476,96.91,26,2,0,True,19,16,7,0,12,0,True,True,True,False,True,False,False,False,True,False,,
heclin,BRD-K49788188-001-02-9,SPTWXRJNCFIDRQ-ZHACJKMWSA-N,7464118.0,CHEMBL4303618,CCc1ccc(\C=C\C(=O)Nc2ccc(cc2)C(C)=O)o1,Preclinical,,ubiquitin ligase inhibitor,,,NEDD4|SMURF2|WWP1,NEDD4,3,ubiquitin system,ubiquitin system,discovery compound,,,,,,283.121,Tocris,5433,Heclin,92.9,91,4,1,True,63,53,21,0,27,1,True,True,True,False,True,True,False,True,False,True,,
PD-166793,BRD-K60984070-001-01-0,GJOCABIDMCKCEG-INIZCTEOSA-N,9887870.0,CHEMBL43152,CC(C)[C@H](NS(=O)(=O)c1ccc(cc1)-c1ccc(Br)cc1)C(O)=O,Preclinical,,collagenase inhibitor|metalloproteinase inhibitor,,,MMP13|MMP2|MMP3,MMP13,3,protease; matrix remodeling,protease,discovery compound,,,,,,411.014,Tocris,2520,PD 166793,98.52,36,5,0,True,10,15,25,0,22,0,True,True,True,False,True,False,False,True,False,True,,
SD-2590,BRD-K51102532-003-01-8,NXUHVWMBPOFLMA-UHFFFAOYSA-N,9892815.0,CHEMBL1771212,COCCN1CCC(CC1)(C(=O)NO)S(=O)(=O)c1ccc(Oc2ccc(OC(F)(F)F)cc2)cc1,Preclinical,,matrix metalloprotease inhibitor,,,MMP1|MMP13|MMP2,MMP1,3,protease,protease,discovery compound,,,,,,518.133,Tocris,4775,SD 2590 hydrochloride,93.08,11,1,0,True,2,2,2,0,2,0,True,True,True,False,True,False,False,True,False,True,,
VBY-825,BRD-K36338614-001-02-1,PPUXXDKQNAHHON-BJLQDIEVSA-N,70945511.0,CHEMBL4303448,CC[C@H](NC(=O)[C@H](CS(=O)(=O)CC1CC1)N[C@@H](c1ccc(F)cc1)C(F)(F)F)C(=O)C(=O)NC1CC1,Preclinical,,cathepsin inhibitor,,,CTSB|CTSL|CTSS,CTSB,3,protease; lysosomal / autophagy,protease,discovery compound,,10746.0,9.9,pKi,Human,535.176,MedChemEx,HY-15958,VBY-825,83.23,52,5,0,True,22,21,14,0,12,2,True,True,True,False,True,True,False,True,False,True,,
GSK1838705A,BRD-K06749501-001-05-4,HZTYDQRUAWIZRE-UHFFFAOYSA-N,25182616.0,CHEMBL464552,CNC(=O)c1c(F)cccc1Nc1nc(Nc2cc3N(CCc3cc2OC)C(=O)CN(C)C)nc2[nH]ccc12,Preclinical,,insulin growth factor receptor inhibitor,,,ALK|IGF1R|INSR|RPS6KA1,ALK,4,growth factor / cytokine,growth factor / cytokine,ASSAY CONTROL ONLY - canonical pathway,GH / IGF signalling,5683.0,8.1,pKd,Human,532.235,Tocris,5111,GSK 1838705,94.21,111,4,0,True,89,73,20,0,43,2,True,True,True,False,True,True,False,True,False,True,,
NSC-632839,BRD-K81197548-003-03-9,PKCYYPHSCUSQDK-AYKLPDECSA-N,5351363.0,CHEMBL1990474,Cc1ccc(\C=C2/CNC\C(=C/c3ccc(C)cc3)C2=O)cc1,Preclinical,,ubiquitin specific protease inhibitor,,,SENP2|USP1|USP2|USP7,SENP2,4,protease; ubiquitin system,protease,discovery compound,,,,,,303.162,Tocris,2647,NSC 632839 hydrochloride,93.86,31,0,0,False,17,25,1,0,4,3,True,True,True,False,True,True,False,False,False,False,,
pepstatin,BRD-K13571841-001-14-4,FAXGPCHRFPCXOO-LXTPJMTPSA-N,5478883.0,CHEMBL3314610,CC(C)C[C@H](NC(=O)[C@H](C)NC(=O)C[C@H](O)[C@H](CC(C)C)NC(=O)[C@@H](NC(=O)[C@@H](NC(=O)CC(C)C)C(C)C)C(C)C)[C@@H](O)CC(O)=O,Preclinical,,aspartic protease inhibitor,,,CTSB|CTSD|CTSL|REN,CTSB,4,protease,protease,discovery compound,,,,,,685.463,Enzo,PI120,Pepstatin A,94.54,49079,1401,318,True,19594,16063,7398,91,8788,101,True,True,True,True,True,True,False,True,False,True,,
WP1130,BRD-K43644456-001-04-0,LIDOPKHSVQTSJY-VMEIHUARSA-N,11222830.0,CHEMBL1923233,CCC[C@H](NC(=O)C(=C\c1cccc(Br)n1)\C#N)c1ccccc1,Preclinical,,deubiquitinase inhibitor,,,JAK2|UCHL5|USP14|USP9X,JAK2,4,ubiquitin system,ubiquitin system,discovery compound,,,,,,383.063,Selleck,S2243,WP1130,88.88,466,13,1,True,386,397,65,0,150,5,True,True,True,False,True,True,False,True,False,True,,
CP-471474,BRD-K33234937-001-02-9,QCOQJYRPDUMCNP-UHFFFAOYSA-N,9907286.0,CHEMBL323612,CC(C)(NS(=O)(=O)c1ccc(Oc2ccc(F)cc2)cc1)C(=O)NO,Preclinical,,matrix metalloprotease inhibitor,,,MMP1|MMP13|MMP2|MMP3|MMP9,MMP1,5,protease,protease,discovery compound,,,,,,368.084,Tocris,3780,CP 471474,93.4,16,2,0,True,11,8,10,0,5,0,True,True,True,False,True,False,False,True,False,True,,
PD-166285,BRD-K93217218-300-01-5,IFPPYSWJNWHOLQ-UHFFFAOYSA-N,5311382.0,CHEMBL3545196,CCN(CC)CCOc1ccc(Nc2ncc3cc(-c4c(Cl)cccc4Cl)c(=O)n(C)c3n2)cc1,Preclinical,1.0,SRC inhibitor,Epidermal growth factor receptor erbB1 inhibitor [INHIBITOR]; Fibroblast growth factor receptor 1 inhibitor [INHIBITOR]; Platelet-derived growth factor receptor beta inhibitor [INHIBITOR]; Tyrosine-protein kinase SRC inhibitor [INHIBITOR],INHIBITOR,EGFR|FGFR1|PDGFRB|PKMYT1|SRC|WEE1,EGFR,6,growth factor / cytokine,growth factor / cytokine,ASSAY CONTROL ONLY - canonical pathway,FGFR3 inhibition,8183.0,7.4,pKi,Human,511.154,Tocris,3785,PD 166285 dihydrochloride,97.44,42,3,0,True,31,23,6,0,9,2,True,True,True,False,True,True,False,False,False,False,,
T-0901317,BRD-K23383398-001-09-9,SGIWFELWJPNFDH-UHFFFAOYSA-N,447912.0,CHEMBL62136,OC(c1ccc(cc1)N(CC(F)(F)F)S(=O)(=O)c1ccccc1)(C(F)(F)F)C(F)(F)F,Preclinical,,LXR agonist,,,NCOA1|NCOA2|NR1H2|NR1H3|NR1I2|RXRB,NCOA1,6,nuclear receptor,nuclear receptor,discovery compound,,2755.0,7.3,pEC50,Human,481.039,Tocris,2373,T 0901317,96.75,43,3,0,True,13,17,6,0,15,0,True,True,True,False,True,False,False,False,False,False,,
baicalein,BRD-K72327355-001-15-4,WTNAEULBGCSUSK-UHFFFAOYSA-N,,CHEMBL8260,Oc1cc2oc(cc(O)c2c(=O)c1O)-c1ccccc1,Preclinical,2.0,lipoxygenase inhibitor,,,ALOX5|GLO1|PREP|SELL|SELP|TNF|XDH,ALOX5,7,growth factor / cytokine,growth factor / cytokine,discovery compound,,5144.0,,,,270.053,Selleck,S2268,Baicalein,97.14,11535,608,49,True,5615,6513,2377,17,4401,157,True,True,True,True,True,True,False,False,False,False,,
CK-636,BRD-K81572616-001-03-9,ACAKNPKRLPMONU-UHFFFAOYSA-N,588963.0,CHEMBL1234574,Cc1[nH]c2ccccc2c1CCNC(=O)c1cccs1,Preclinical,,actin related protein inhibitor,,,ACTR2|ACTR3|ARPC1B|ARPC2|ARPC3|ARPC4|ARPC5,ACTR2,7,mechanotransduction,mechanotransduction,discovery compound,,,,,,284.098,MedChemEx,HY-15892,CK-636,95.64,51,2,1,True,26,23,12,0,13,0,True,True,True,False,True,False,False,False,False,False,,
rogaratinib,BRD-K00003358-001-01-9,HNLRRJSKGXOYNO-UHFFFAOYSA-N,71611869.0,CHEMBL3963485,COCc1c(CN2CCNC(=O)C2)n2ncnc(N)c2c1-c1cc2cc(C)cc(OC)c2s1,Phase 2/Phase 3,2.0,FGFR inhibitor,Fibroblast growth factor receptor inhibitor [INHIBITOR],INHIBITOR,,,0,growth factor / cytokine,growth factor / cytokine,ASSAY CONTROL ONLY - canonical pathway,FGFR3 inhibition,9789.0,7.9,pKi,Human,466.179,MedChemEx,HY-100019,Rogaratinib,96.76,292,11,0,True,230,194,81,0,194,2,True,True,True,False,True,True,False,True,False,True,,
VLX1570,BRD-K00003343-001-01-9,SCKXBVLYWLLALY-CZCYGEDCSA-N,71523377.0,CHEMBL4441423,[O-][N+](=O)c1cc(\C=C2/CCN(C\C(=C/c3ccc(F)c(c3)[N+]([O-])=O)C2=O)C(=O)C=C)ccc1F,Phase 1/Phase 2,,deubiquitinase inhibitor,,,,,0,ubiquitin system,ubiquitin system,discovery compound,,9413.0,4.7 - 5.8,pKd,Human,469.109,MedChemEx,HY-12471,VLX1570,93.32,209,6,1,True,179,189,33,1,91,8,True,True,True,True,True,True,False,True,False,True,,
LY2157299,BRD-K78118466-001-03-3,IVRXNBXKWIJUQB-UHFFFAOYSA-N,10090485.0,CHEMBL2364611,Cc1cccc(n1)-c1nn2CCCc2c1-c1ccnc2ccc(cc12)C(N)=O,Phase 2/Phase 3,2.0,TGF beta receptor inhibitor,TGF-beta receptor type I inhibitor [INHIBITOR],INHIBITOR,TGFBR1,TGFBR1,1,growth factor / cytokine,growth factor / cytokine,discovery compound,,7797.0,6.3,pIC50,Human,369.159,Selleck,S2230,LY2157299,97.81,1251,104,6,True,1091,936,771,6,828,9,True,True,True,True,True,True,False,True,False,True,,
tanshinone-IIA,BRD-K00141480-001-17-9,HYXITZLLTYIPOF-UHFFFAOYSA-N,164676.0,CHEMBL187266,Cc1coc-2c1C(=O)C(=O)c1c3CCCC(C)(C)c3ccc-21,Phase 2/Phase 3,,anti-inflammatory agent|interleukin inhibitor,,,IL1B|NR1I2|TNF,IL1B,3,growth factor / cytokine,growth factor / cytokine,discovery compound,,,,,,294.126,Tocris,4426,Tanshinone IIA,90.3,5871,368,28,True,3192,3696,1699,15,2838,74,True,True,True,True,True,True,False,True,False,True,,
pralmorelin,BRD-K00004629-001-01-9,HRNLPPBUBKMZMT-RDRUQFPZSA-N,6918245.0,CHEMBL2105772,C[C@@H](N)C(=O)N[C@H](Cc1ccc2ccccc2c1)C(=O)N[C@@H](C)C(=O)N[C@@H](Cc1c[nH]c2ccccc12)C(=O)N[C@H](Cc1ccccc1)C(=O)N[C@@H](CCCCN)C(N)=O,Launched,-1.0,growth hormone releasing peptide ligand agonist,,,,,0,other / unclassified,other / unclassified,ASSAY CONTROL ONLY - canonical pathway,GH / IGF signalling,1092.0,9.3,pKi,Rat,817.428,Sigma,SML2056,"(2S,5R,8S,11S,14R,17R)-17-amino-2-(4-aminobutyl)-5-benzyl-8-(1H-indol-3-ylmethyl)-11-methyl-14-(2-naphthylmethyl)-4,7,10,13,16-pentaoxo-3,6,9,12,15-pentaazaoctadecan-1-amide",91.62,177,6,0,True,24,23,6,0,38,2,True,True,True,False,True,True,True,True,False,True,,
glasdegib,BRD-K34341643-001-02-9,SFNSLLSYNZWZQG-VQIMIIECSA-N,25166913.0,CHEMBL2043437,CN1CC[C@H](C[C@@H]1c1nc2ccccc2[nH]1)NC(=O)Nc1ccc(cc1)C#N,Launched,4.0,hedgehog pathway inhibitor,Smoothened homolog antagonist [ANTAGONIST],ANTAGONIST,SMO,SMO,1,other / unclassified,other / unclassified,ASSAY CONTROL ONLY - canonical pathway,canonical Hedgehog agonism,8201.0,8.3,pIC50,Human,374.186,MedChemEx,HY-16391,Glasdegib,96.0,914,48,0,True,569,509,165,5,328,30,True,True,True,True,True,True,True,True,False,False,hematologic malignancy,acute myeloid leukemia (AML)
methylene-blue,BRD-K54770538-311-01-0,RBTBFTRPCNLSDE-UHFFFAOYSA-N,4139.0,CHEMBL405110,CN(C)c1ccc2nc3ccc(cc3sc2c1)=[N+](C)C,Launched,4.0,guanylyl cyclase inhibitor|nitric oxide production inhibitor,Soluble guanylate cyclase inhibitor [INHIBITOR],INHIBITOR,ACHE,ACHE,1,other / unclassified,other / unclassified,ASSAY CONTROL ONLY - canonical pathway,CNP / NPR2 stimulation,,,,,284.122,MicroSource,1505444,METHYLENE BLUE,47.14,110879,5882,638,True,22002,17979,12823,335,19876,1142,True,True,True,True,True,True,True,True,False,True,hematology,methemoglobinemia
sonidegib,BRD-K19796430-001-09-8,VZZJRYRQSPEMTK-CALCHBBNSA-N,24775005.0,CHEMBL2105737,C[C@H]1CN(C[C@@H](C)O1)c1ccc(NC(=O)c2cccc(c2C)-c2ccc(OC(F)(F)F)cc2)cn1,Launched,4.0,smoothened receptor antagonist,,,SMO,SMO,1,GPCR,GPCR,ASSAY CONTROL ONLY - canonical pathway,canonical Hedgehog agonism,8199.0,8.2,pKi,Human,485.193,Selleck,S2151,"LDE225 (NVP-LDE225, Erismodegib)",95.51,2057,194,8,True,1283,1043,532,14,878,88,True,True,True,True,True,True,True,True,False,True,oncology,basal cell carcinoma (BCC)
vismodegib,BRD-K44827188-001-06-0,BPQMGSKTAYIVFO-UHFFFAOYSA-N,24776445.0,CHEMBL473417,CS(=O)(=O)c1ccc(C(=O)Nc2ccc(Cl)c(c2)-c2ccccn2)c(Cl)c1,Launched,4.0,hedgehog pathway inhibitor|smoothened receptor antagonist,Smoothened homolog inhibitor [INHIBITOR],INHIBITOR,SMO,SMO,1,GPCR,GPCR,ASSAY CONTROL ONLY - canonical pathway,canonical Hedgehog agonism,6975.0,7.8,pKi,Human,420.01,Selleck,S1082,Vismodegib (GDC-0449),98.12,4827,421,25,True,2974,2419,1265,38,1970,178,True,True,True,True,True,True,True,True,False,True,oncology,basal cell carcinoma (BCC)
octreotide,BRD-A64173453-015-03-1,DEQANNDTNATYII-KWPKQMLXSA-N,,CHEMBL1680,"C[C@@H](O)[C@@H](CO)NC(=O)[C@H]1CSSC[C@@H](NC(=O)[C@@H](N)Cc2ccccc2)C(=O)N[C@@H](Cc2ccccc2)C(=O)N[C@@H](Cc2c[nH]c3ccccc23)C(=O)N[C@@H](CCCCN)C(=O)N[C@@H]([C@@H](C)O)C(=O)N1 |&1:1,&2:3,&3:9,&4:14,&5:18,&6:30,&7:41,&8:55,&9:64,&10:65|",Launched,4.0,somatostatin receptor agonist,,,SSTR2|SSTR3|SSTR5,SSTR2,3,GPCR,GPCR,ASSAY CONTROL ONLY - canonical pathway,GH / IGF signalling,5628.0,,,,1018.44,MedChemEx,HY-17365,Octreotide (acetate),91.0,28601,638,143,True,6260,3897,2125,11,8133,277,True,True,True,True,True,True,True,False,False,False,gastroenterology|endocrinology|oncology,diarrhea|acromegaly|carcinoid tumors
pasireotide,BRD-K59715032-362-02-9,VMZMNAABQBOLAK-DBILLSOUSA-N,9941444.0,CHEMBL5316227,NCCCC[C@@H]1NC(=O)[C@@H](Cc2c[nH]c3ccccc23)NC(=O)[C@@H](NC(=O)[C@@H]2C[C@H](CN2C(=O)[C@H](Cc2ccccc2)NC(=O)[C@H](Cc2ccc(OCc3ccccc3)cc2)NC1=O)OC(=O)NCCN)c1ccccc1,Launched,,somatostatin receptor agonist,,,SSTR1|SSTR2|SSTR3|SSTR5,SSTR1,4,GPCR,GPCR,ASSAY CONTROL ONLY - canonical pathway,GH / IGF signalling,2018.0,7.8 - 9.1,pEC50,Rat,1046.501,MedChemEx,HY-79135,Pasireotide (ditrifluoroacetate),92.83,2689,69,10,True,1062,710,284,0,950,57,True,True,True,False,True,True,True,False,False,False,endocrinology,Cushing's syndrome|acromegaly
isosorbide-dinitrate,BRD-K55853390-001-12-4,MOYKHGMNXAOIAT-JGWLITMVSA-N,6883.0,CHEMBL6622,[O-][N+](=O)O[C@@H]1CO[C@@H]2[C@H](CO[C@H]12)O[N+]([O-])=O,Launched,4.0,nitric oxide stimulant,Soluble guanylate cyclase activator [ACTIVATOR],ACTIVATOR,GUCY1A2|GUCY1A3|GUCY1B2|GUCY1B3|NPR1,GUCY1A2,5,other / unclassified,other / unclassified,ASSAY CONTROL ONLY - canonical pathway,CNP / NPR2 stimulation,,,,,236.028,MicroSource,1500358,ISOSORBIDE DINITRATE,0.0,8333,98,35,True,620,606,552,2,3460,88,True,True,True,True,True,True,True,True,False,False,cardiology,angina pectoris|coronary artery disease (CAD)
somatostatin,BRD-K14681867-001-01-6,NHXLMOGPVYXJNR-FMFSXUEQSA-N,,CHEMBL265784,C[C@@H](O)[C@@H]1NC(=O)[C@H](Cc2ccccc2)NC(=O)[C@@H](NC(=O)[C@H](CCCCN)NC(=O)[C@H](Cc2c[nH]c3ccccc23)NC(=O)[C@H](Cc2ccccc2)NC(=O)[C@H](Cc2ccccc2)NC(=O)[C@H](CC(N)=O)NC(=O)[C@H](CCCCN)NC(=O)[C@H](CSSC[C@H](NC(=O)[C@H](CO)NC1=O)C(O)=O)NC(=O)CNC(=O)[C@H](C)N)[C@@H](C)O,Launched,,somatostatin receptor agonist,,,OPRD1|OPRM1|SSTR1|SSTR2|SSTR3|SSTR4|SSTR5,OPRD1,7,GPCR,GPCR,ASSAY CONTROL ONLY - canonical pathway,GH / IGF signalling,2020.0,5.4,pEC50,Human,1636.717,Key,HS-2027,"(4R,10S,13S,16S,19S,22S,25S,28S,31S,34S,37R)-19,34-bis(4-aminobutyl)-31-(2-amino-2-oxoethyl)-37-[({[(2S)-2-aminopropanoyl]amino}acetyl)amino]-13,25,28-tribenzyl-10,16-bis[(1R)-1-hydroxyethyl]-7-(hydro;xymethyl)-22-(1H-indol-3-ylmethyl)-6,9,12,15,18,21,24,",82.44,89270,2308,648,True,21587,15310,7982,84,18975,599,True,True,True,True,True,True,True,False,False,False,hematology,hemorrhage
anamorelin,BRD-K01174345-001-02-9,VQPFSIRUEPQQPP-MXBOTTGLSA-N,9828911.0,CHEMBL2110579,CN(C)N(C)C(=O)[C@@]1(Cc2ccccc2)CCCN(C1)C(=O)[C@@H](Cc1c[nH]c2ccccc12)NC(=O)C(C)(C)N,Phase 3,3.0,growth hormone secretagogue receptor agonist,,,GHSR,GHSR,1,GPCR,GPCR,ASSAY CONTROL ONLY - canonical pathway,GH / IGF signalling,14127.0,9.2,pKi,Human,546.332,MedChemEx,HY-14734,Anamorelin,98.0,722,19,0,True,195,223,94,0,160,2,True,True,True,False,True,True,True,True,False,False,,
FK-409,BRD-K00005243-001-01-9,MZAGXDHQGXUDDX-FGCOBAPNSA-N,94621715.0,CHEMBL4303387,"CC\C(=C/C(=N/O)/C(N)=O)[C@@H](C)[N+]([O-])=O |&1:10,r|",Phase 2,2.0,guanylyl cyclase activator,,,,,0,other / unclassified,other / unclassified,ASSAY CONTROL ONLY - canonical pathway,CNP / NPR2 stimulation,,,,,215.091,Sigma,E2895,NOR-3,100.0,163,2,1,True,13,20,3,1,52,0,True,True,True,True,True,False,True,True,False,True,,
FK-962,BRD-K80607346-001-01-1,VBHVOHJOTMCSBQ-UHFFFAOYSA-N,9816738.0,CHEMBL4303387,CC(=O)N1CCC(CC1)NC(=O)c1ccc(F)cc1,Phase 2,2.0,somatostatin receptor agonist,,,,,0,GPCR,GPCR,ASSAY CONTROL ONLY - canonical pathway,GH / IGF signalling,,,,,264.127,Enamine,Z90645000,N-(1-acetyl-4-piperidinyl)-4-fluorobenzamide,98.54,1,0,0,False,0,0,0,0,0,0,False,False,False,False,False,False,True,True,False,True,,
BMS-833923,BRD-K33245965-001-03-4,KLRRGBHZCJLIEL-UHFFFAOYSA-N,57662985.0,CHEMBL3545403,CNCc1ccc(C)c(NC(=O)c2ccc(Nc3nc(-c4ccccc4)c4ccccc4n3)cc2)c1,Phase 2,2.0,smoothened receptor antagonist,Smoothened homolog antagonist [ANTAGONIST],ANTAGONIST,SMO,SMO,1,GPCR,GPCR,ASSAY CONTROL ONLY - canonical pathway,canonical Hedgehog agonism,8202.0,,,,473.222,MedChemEx,HY-13809,BMS-833923,94.83,259,51,1,True,224,190,91,10,148,36,True,True,True,True,True,True,True,True,False,True,,
PF-05190457,BRD-K02554563-001-01-6,ZIUDADZJCKGWKR-AREMUKBSSA-N,58438464.0,CHEMBL3287218,Cc1cn2cc(CC(=O)N3CCC4(CN(C4)[C@@H]4CCc5cc(ccc45)-c4cc(C)ncn4)CC3)nc2s1,Phase 2,2.0,growth hormone secretagogue receptor inverse agonist,Ghrelin receptor inverse agonist [INVERSE AGONIST],INVERSE AGONIST,GHSR,GHSR,1,other / unclassified,other / unclassified,ASSAY CONTROL ONLY - canonical pathway,GH / IGF signalling,9060.0,8.1,pKi,Mouse,512.236,Sigma,PZ0270,,87.74,26,1,0,True,6,8,2,0,8,0,True,True,True,False,True,False,True,True,False,True,,
tabimorelin,BRD-K53600683-051-02-9,WURGZWOTGMLDJP-ZCYANPAGSA-N,9810101.0,CHEMBL5483026,CNC(=O)[C@@H](Cc1ccccc1)N(C)C(=O)[C@@H](Cc1ccc2ccccc2c1)N(C)C(=O)\C=C\CC(C)(C)N,Phase 2,,growth hormone secretagogue receptor agonist,,,GHSR,GHSR,1,GPCR,GPCR,ASSAY CONTROL ONLY - canonical pathway,GH / IGF signalling,,,,,528.31,Tocris,2308,Tabimorelin hemifumarate,96.19,28,1,0,True,3,2,0,0,4,0,True,True,False,False,True,False,True,True,False,True,,
examorelin,BRD-K35304636-001-01-0,RVWNMGKSNGWLOL-GIIHNPQRSA-N,6918297.0,CHEMBL108335,C[C@H](NC(=O)[C@@H](Cc1c(C)[nH]c2ccccc12)NC(=O)[C@@H](N)Cc1cnc[nH]1)C(=O)N[C@@H](Cc1c[nH]c2ccccc12)C(=O)N[C@H](Cc1ccccc1)C(=O)N[C@@H](CCCCN)C(N)=O,Phase 2,2.0,growth hormone releasing factor agonist,,,GHRHR|GHSR,GHRHR,2,other / unclassified,other / unclassified,ASSAY CONTROL ONLY - canonical pathway,GH / IGF signalling,1100.0,7.9,pKd,Human,886.46,Sigma,80666,"(S)-2-((2R,5S,8S,11R,14S)-5-((1H-indol-3-yl)methyl)-14-amino-2-benzyl-15-(1H-imidazol-5-yl)-8-methyl-11-((2-methyl-1H-indol-3-yl)methyl)-4,7,10,13-tetraoxo-3,6,9,12-tetraazapentadecanamido)-6-aminohex;anamide",85.7,18,0,0,False,5,6,1,0,5,0,True,True,True,False,True,False,True,False,True,False,,
ibutamoren,BRD-K44771174-066-01-0,UMUPQWIGCOZEOY-JOCHJYFZSA-N,178024.0,CHEMBL2105872,CC(C)(N)C(=O)N[C@H](COCc1ccccc1)C(=O)N1CCC2(CN(c3ccccc23)S(C)(=O)=O)CC1,Phase 2,2.0,growth hormone secretagogue receptor agonist,Ghrelin receptor agonist [AGONIST],AGONIST,GHR|GHSR,GHR,2,GPCR,GPCR,ASSAY CONTROL ONLY - canonical pathway,GH / IGF signalling,5867.0,9.3,pKi,Human,528.241,MedChemEx,HY-50844,Ibutamoren (Mesylate),94.74,214,5,0,True,34,32,14,1,38,2,True,True,True,True,True,True,True,False,False,False,,
taladegib,BRD-K50498985-001-04-9,SZBGQDXLNMELTB-UHFFFAOYSA-N,49848070.0,CHEMBL2142592,CN(C1CCN(CC1)c1nnc(-c2ccnn2C)c2ccccc12)C(=O)c1ccc(F)cc1C(F)(F)F,Phase 2,2.0,smoothened receptor antagonist,Smoothened homolog antagonist [ANTAGONIST],ANTAGONIST,DHH|IHH|SMO,DHH,3,GPCR,GPCR,ASSAY CONTROL ONLY - canonical pathway,canonical Hedgehog agonism,10333.0,8.2,pIC50,Human,512.195,MedChemEx,HY-13242,Taladegib,99.58,196,20,0,True,168,146,86,5,123,17,True,True,True,True,True,True,True,True,False,False,,
U-75799E,BRD-K77070363-001-01-5,WZHKXNSOCOQYQX-FUAFALNISA-N,9919153.0,CHEMBL3919361,C[C@H](NC(=O)[C@@H](Cc1c[nH]c2ccccc12)NC(=O)[C@@H](N)Cc1cnc[nH]1)C(=O)N[C@@H](Cc1c[nH]c2ccccc12)C(=O)N[C@H](Cc1ccccc1)C(=O)N[C@@H](CCCCN)C(N)=O,Phase 1,,growth hormone releasing factor agonist,,,GHSR,GHSR,1,other / unclassified,other / unclassified,ASSAY CONTROL ONLY - canonical pathway,GH / IGF signalling,,,,,872.445,Adooq,A13464,"(2S,5R,8S,11S,14R,17S)-17-amino-2-(4-aminobutyl)-5-benzyl-18-(1H-imidazol-5-yl)-8,14-bis(1H-indol-3-ylmethyl)-11-methyl-4,7,10,13,16-pentaoxo-3,6,9,12,15-pentaazaoctadecan-1-amide",86.33,0,0,0,False,0,0,0,0,0,0,False,False,False,False,False,False,True,True,True,True,,
XL228,BRD-K14274271-001-02-8,ALKJNCZNEOTEMP-UHFFFAOYSA-N,59757974.0,CHEMBL3545085,CC(C)c1cc(CNc2nc(Nc3cc(n[nH]3)C3CC3)cc(n2)N2CCN(C)CC2)on1,Phase 1,1.0,Abl kinase inhibitor|insulin growth factor receptor inhibitor|SRC inhibitor,Tyrosine-protein kinase ABL inhibitor [INHIBITOR]; Insulin-like growth factor I receptor inhibitor [INHIBITOR]; SRC inhibitor [INHIBITOR],INHIBITOR,IGF1R|SRC,IGF1R,2,kinase; growth factor / cytokine,kinase,ASSAY CONTROL ONLY - canonical pathway,GH / IGF signalling,,,,,437.265,MedChemEx,HY-15749,XL228,96.72,78,4,0,True,62,57,20,0,44,1,True,True,True,False,True,True,True,True,False,True,,
CUR-61414,BRD-K69624312-001-01-1,WPHXYKUPFJRJDK-AHWVRZQESA-N,10392802.0,CHEMBL480889,COc1cccc(CN([C@H]2C[C@H](N(Cc3ccc4OCOc4c3)C2)C(=O)N2CCNCC2)C(=O)CC(C)(C)C)c1,Phase 1,,smoothened receptor antagonist,,,DHH|IHH|SMO,DHH,3,GPCR,GPCR,ASSAY CONTROL ONLY - canonical pathway,canonical Hedgehog agonism,,,,,550.316,Cayman,14931,"N-[(3S,5S)-1-(1,3-benzodioxol-5-ylmethyl)-5-(1-piperazinylcarbonyl)-3-pyrrolidinyl]-N-(3-methoxybenzyl)-3,3-dimethylbutanamide",97.61,48,7,0,True,41,34,14,1,22,11,True,True,True,True,True,True,True,True,False,True,,
amyl-nitrite,BRD-K03326591-001-01-4,GVGUCRAJNQYOSE-UHFFFAOYSA-N,129010055.0,CHEMBL6195748,CCCCCO[NH2+][O-],Preclinical,-1.0,atrial natriuretic peptide receptor agonist,Unknown [None],,,,0,GPCR,GPCR,ASSAY CONTROL ONLY - canonical pathway,CNP / NPR2 stimulation,,,,,117.079,Sigma,MFCD00036132,pentyl nitrite,0.0,3124,125,20,True,171,95,88,1,919,32,True,True,True,True,True,True,False,True,False,True,,
AY-9944,BRD-K77012840-300-01-6,RZRPZWGIOOZIBE-IYARVYRRSA-N,,CHEMBL2062162,Clc1ccccc1CNC[C@H]1CC[C@H](CNCc2ccccc2Cl)CC1 |r|,Preclinical,,hedgehog pathway modulator,,,,,0,other / unclassified,other / unclassified,ASSAY CONTROL ONLY - canonical pathway,canonical Hedgehog agonism,,,,,390.163,Tocris,1639,AY 9944 dihydrochloride,94.24,245,8,4,True,44,40,15,1,27,24,True,True,True,True,True,True,False,True,False,True,,
capromorelin,BRD-K00003188-046-01-9,KVLLHLWBPNCVNR-SKCUWOTOSA-N,216208.0,CHEMBL6068501,CN1N=C2CCN(C[C@@]2(Cc2ccccc2)C1=O)C(=O)[C@@H](COCc1ccccc1)NC(=O)C(C)(C)N |t:2|,Preclinical,-1.0,growth hormone secretagogue receptor agonist,Growth hormone secretagogue receptor type 1 agonist [AGONIST],AGONIST,,,0,GPCR,GPCR,ASSAY CONTROL ONLY - canonical pathway,GH / IGF signalling,,,,,505.269,MedChemEx,HY-15243,Capromorelin (Tartrate),89.29,183,14,1,True,34,29,17,0,50,3,True,True,True,False,True,True,False,True,False,True,,
cyclopamine,BRD-K58938839-001-06-9,QASFUMOKHFSJGL-LAFRSMQTSA-N,442972.0,CHEMBL254129,"C[C@@H]1[C@@H]2NC[C@@H](C)C[C@H]2O[C@]11CC[C@H]2[C@@H]3CC=C4C[C@@H](O)CC[C@]4(C)[C@H]3CC2=C1C |c:32,t:18|",Preclinical,,hedgehog pathway inhibitor,,,,,0,other / unclassified,other / unclassified,ASSAY CONTROL ONLY - canonical pathway,canonical Hedgehog agonism,10329.0,7.7,pIC50,Mouse,411.314,Apollo,BIC1011,Cyclopamine,87.32,6638,759,162,True,4279,3291,1781,105,2311,391,True,True,True,True,True,True,False,True,False,True,,
JK-184,BRD-K38860038-001-03-8,ROYXIPOUVGDTAO-UHFFFAOYSA-N,1069686.0,CHEMBL514622,CCOc1ccc(Nc2nc(cs2)-c2c(C)nc3ccccn23)cc1,Preclinical,,hedgehog pathway inhibitor,,,,,0,other / unclassified,other / unclassified,ASSAY CONTROL ONLY - canonical pathway,canonical Hedgehog agonism,,,,,350.12,Tocris,3341,"N-(4-ethoxyphenyl)-4-(2-methylimidazo[1,2-a]pyridin-3-yl)-1,3-thiazol-2-amine",81.15,10,0,0,False,9,7,2,0,3,3,True,True,True,False,True,True,False,True,False,True,,
AZ-12080282,BRD-K05973499-300-01-0,KMSKKYBHDQYHMC-UHFFFAOYSA-N,25253556.0,CHEMBL2059865,Cc1ccc(cc1NC(=O)c1ccc(OCc2ccccn2)cc1)-c1ncc[nH]1,Preclinical,,hedgehog pathway inhibitor,,,DHH,DHH,1,other / unclassified,other / unclassified,ASSAY CONTROL ONLY - canonical pathway,canonical Hedgehog agonism,,,,,384.159,Tocris,4838,AZ 12080282 dihydrochloride,97.72,0,0,0,False,0,0,0,0,0,0,False,False,False,False,False,False,False,True,False,True,,
GANT-58,BRD-K64451768-001-05-4,USWLOKMMUTWFMD-UHFFFAOYSA-N,253078.0,CHEMBL472994,c1cc(ccn1)-c1sc(c(c1-c1ccncc1)-c1ccncc1)-c1ccncc1,Preclinical,,GLI antagonist,,,GLI1,GLI1,1,other / unclassified,other / unclassified,ASSAY CONTROL ONLY - canonical pathway,canonical Hedgehog agonism,,,,,392.11,Tocris,3889,GANT 58,96.49,75,17,0,True,69,60,30,3,46,10,True,True,True,True,True,True,False,True,False,False,,
PF-5274857,BRD-K40302533-003-03-9,BBVNTTZIOTWDSV-UHFFFAOYSA-N,56956240.0,CHEMBL3186656,Cc1cnc(c(C)c1)-c1cc(ncc1Cl)N1CCN(CC1)C(=O)CCS(C)(=O)=O,Preclinical,,smoothened receptor antagonist,,,SMO,SMO,1,GPCR,GPCR,ASSAY CONTROL ONLY - canonical pathway,canonical Hedgehog agonism,,,,,436.134,Tocris,5262,PF 5274857 hydrochloride,96.18,29,4,0,True,23,18,5,1,13,4,True,True,True,True,True,True,False,True,False,True,,
purmorphamine,BRD-K73397362-001-07-4,FYBHCRQFSFYWPY-UHFFFAOYSA-N,5284329.0,CHEMBL1221984,C1CCC(CC1)n1cnc2c(Nc3ccc(cc3)N3CCOCC3)nc(Oc3cccc4ccccc34)nc12,Preclinical,,smoothened receptor agonist,,,SMO,SMO,1,GPCR,GPCR,ASSAY CONTROL ONLY - canonical pathway,canonical Hedgehog agonism,10356.0,6.0,pEC50,Human,520.259,Selleck,S3042,Purmorphamine,94.09,2094,307,30,True,1346,1103,606,46,609,46,True,True,True,True,True,True,False,True,False,True,,
RU-SKI-43,BRD-A33603104-003-02-9,AEENEMOEBJOKGN-UZLBHIALSA-N,93160320.0,CHEMBL3133036,"CC[C@@H](C)CNCC(=O)N1CCc2sccc2[C@@H]1COc1cccc(C)c1 |&1:2,&2:17|",Preclinical,,hedgehog pathway inhibitor,,,HHAT,HHAT,1,other / unclassified,other / unclassified,ASSAY CONTROL ONLY - canonical pathway,canonical Hedgehog agonism,,,,,386.203,Tocris,4886,RU-SKI 43 hydrochloride,93.99,66,13,0,True,57,41,23,3,33,7,True,True,True,True,True,True,False,False,False,False,,
AZD3463,BRD-K24593301-001-02-3,GCYIGMXOIWJGBU-UHFFFAOYSA-N,56599293.0,CHEMBL4203266,COc1cc(ccc1Nc1ncc(Cl)c(n1)-c1c[nH]c2ccccc12)N1CCC(N)CC1,Preclinical,,ALK tyrosine kinase receptor inhibitor|insulin growth factor receptor inhibitor,,,ALK|IGF1R,ALK,2,kinase; growth factor / cytokine,kinase,ASSAY CONTROL ONLY - canonical pathway,GH / IGF signalling,7706.0,8.0,pIC50,Human,448.178,Selleck,S7106,AZD3463,94.52,63,6,0,True,49,48,17,0,23,1,True,True,True,False,True,True,False,True,False,True,,
BAY-41-2272,BRD-K32033120-001-02-9,ATOAHNRJAXSBOR-UHFFFAOYSA-N,9798973.0,CHEMBL353759,Nc1nc(ncc1C1CC1)-c1nn(Cc2ccccc2F)c2ncccc12,Preclinical,,guanylyl cyclase activator,,,GUCY1A3|GUCY1B3,GUCY1A3,2,other / unclassified,other / unclassified,ASSAY CONTROL ONLY - canonical pathway,CNP / NPR2 stimulation,,,,,360.15,Tocris,4430,BAY 41-2272,99.07,1761,50,16,True,726,644,300,0,918,10,True,True,True,False,True,True,False,False,False,False,,
DY131,BRD-K58343622-001-01-6,WLKOCYWYAWBGKY-CPNJWEJPSA-N,5497124.0,CHEMBL192509,CCN(CC)c1ccc(\C=N\NC(=O)c2ccc(O)cc2)cc1,Preclinical,,estrogen-related receptor agonist,,,ESRRB|ESRRG,ESRRB,2,GPCR,GPCR,ASSAY CONTROL ONLY - canonical pathway,estrogen manipulation,2834.0,6.2,pIC50,Human,311.163,Tocris,2266,DY131,88.82,113,8,0,True,78,51,26,0,43,1,True,True,True,False,True,True,False,False,False,False,,
GANT-61,BRD-K09485525-001-02-1,KVQOGDQTWWCZFX-UHFFFAOYSA-N,421610.0,CHEMBL472994,CN(C)c1ccccc1CN1CCCN(Cc2ccccc2N(C)C)C1c1ccncc1,Preclinical,,GLI antagonist,,,GLI1|GLI2,GLI1,2,other / unclassified,other / unclassified,ASSAY CONTROL ONLY - canonical pathway,canonical Hedgehog agonism,,,,,429.289,Tocris,3191,GANT 61,100.0,440,56,5,True,405,331,126,9,183,16,True,True,True,True,True,True,False,True,False,True,,
neuropathiazol,BRD-K28567778-001-02-7,MGKYEWWFHSESJN-UHFFFAOYSA-N,11667240.0,CHEMBL4303651,CCOC(=O)c1ccc(cc1)N(C)c1csc(n1)-c1ccccc1,Preclinical,,neural stem cell inducer,,,BMP2|LIF,BMP2,2,other / unclassified,other / unclassified,ASSAY CONTROL ONLY - canonical pathway,canonical BMP protein,,,,,338.109,Tocris,5186,Neuropathiazol,83.16,16,0,1,False,14,8,5,0,1,1,True,True,True,False,True,True,False,False,False,False,,
NVP-TAE684,BRD-K50140147-001-10-1,QQWUGDVOUVUTOY-UHFFFAOYSA-N,16038120.0,CHEMBL4567342,COc1cc(ccc1Nc1ncc(Cl)c(Nc2ccccc2S(=O)(=O)C(C)C)n1)N1CCC(CC1)N1CCN(C)CC1,Preclinical,,ALK tyrosine kinase receptor inhibitor,,,ALK|INSR,ALK,2,kinase,kinase,ASSAY CONTROL ONLY - canonical pathway,GH / IGF signalling,5714.0,9.0,pKd,Human,613.26,Selleck,S1108,TAE684 (NVP-TAE684),96.23,265,8,0,True,197,165,35,1,81,0,True,True,True,True,True,False,False,True,False,True,,
SAG,BRD-K99433989-001-02-9,VFSUUTYAEQOIMW-YHBQERECSA-N,,CHEMBL1631550,CN[C@H]1CC[C@@H](CC1)N(Cc1cccc(c1)-c1ccncc1)C(=O)c1sc2ccccc2c1Cl |r|,Preclinical,,smoothened receptor agonist,,,SMO|TRPC6,SMO,2,GPCR,GPCR,ASSAY CONTROL ONLY - canonical pathway,canonical Hedgehog agonism,2437.0,,,,489.164,Tocris,4366,SAG,96.59,51820,1761,403,True,9433,7473,3857,87,7363,412,True,True,True,True,True,True,False,True,False,True,,
SANT-1,BRD-K99741577-001-01-7,FOORCIAZMIWALX-JJIBRWJFSA-N,6878030.0,CHEMBL515916,Cc1nn(c(C)c1\C=N\N1CCN(Cc2ccccc2)CC1)-c1ccccc1,Preclinical,,smoothened receptor antagonist,,,SHH|SMO,SHH,2,GPCR,GPCR,ASSAY CONTROL ONLY - canonical pathway,canonical Hedgehog agonism,10330.0,7.7,pKi,Mouse,373.227,Selleck,S7092,SANT-1,96.37,465,40,5,True,281,197,92,4,114,19,True,True,True,True,True,True,False,True,False,False,,
SANT-2,BRD-K35781423-001-01-6,VQOJFGFKIVFMDH-UHFFFAOYSA-N,1367095.0,CHEMBL514344,CCOc1cc(cc(OCC)c1OCC)C(=O)Nc1ccc(Cl)c(c1)-c1nc2ccccc2[nH]1,Preclinical,,smoothened receptor antagonist,,,SHH|SMO,SHH,2,GPCR,GPCR,ASSAY CONTROL ONLY - canonical pathway,canonical Hedgehog agonism,10331.0,7.5,pIC50,Mouse,479.161,Tocris,3617,SANT-2,98.44,100,10,0,True,49,30,14,1,57,10,True,True,True,True,True,True,False,True,False,True,,
M-25,BRD-K51265828-001-02-9,WATNXVHKRRTUFK-UHFFFAOYSA-N,44250034.0,CHEMBL561533,CCCC(CCC)C(=O)NCc1ccc2n(ncc2c1)-c1ccccc1OC,Preclinical,,smoothened receptor antagonist,,,DHH|IHH|SMO,DHH,3,GPCR,GPCR,ASSAY CONTROL ONLY - canonical pathway,canonical Hedgehog agonism,,,,,379.226,Tocris,4917,M 25,98.59,21273,733,180,True,2929,2003,1292,16,3929,124,True,True,True,True,True,True,False,True,False,True,,
ODQ,BRD-K26015241-001-03-6,LZMHWZHOZLVYDL-UHFFFAOYSA-N,1456.0,CHEMBL598952,O=c1onc2cnc3ccccc3n12,Preclinical,,guanylyl cyclase inhibitor,,,GUCY1A2|GUCY1A3|GUCY1B3,GUCY1A2,3,other / unclassified,other / unclassified,ASSAY CONTROL ONLY - canonical pathway,CNP / NPR2 stimulation,5234.0,7.5,pIC50,Human,187.038,Tocris,880,ODQ,70.01,4548,110,99,True,767,785,503,3,2296,23,True,True,True,True,True,True,False,True,False,True,,
YC-1,BRD-K60476892-001-17-9,OQQVFCKUDYMWGV-UHFFFAOYSA-N,5712.0,CHEMBL5838159,OCc1ccc(o1)-c1nn(Cc2ccccc2)c2ccccc12,Preclinical,,guanylyl cyclase activator,,,GUCY1A2|GUCY1A3|GUCY1B3|HIF1A,GUCY1A2,4,other / unclassified,other / unclassified,ASSAY CONTROL ONLY - canonical pathway,CNP / NPR2 stimulation,5291.0,,,,304.121,Tocris,4307,YC 1,95.49,2140,107,26,True,921,893,445,1,1111,16,True,True,True,True,True,True,False,True,False,True,,
