pmcid,pmid,doi,title,year,journal,cited_by,found_by,query_kinds,is_anchor,relevance
PMC5541837,28539407,10.1091/mbc.e17-02-0084,Mechanical loading regulates organization of the actin cytoskeleton and column formation in postnatal growth plate.,2017,Molecular biology of the cell,36,"""CDC42""; ""cell rotation""",target x growth x geometry,False,7.06
PMC5634781,28994649,10.7554/elife.23279,Planar cell polarity signaling coordinates oriented cell division and cell rearrangement in clonally expanding growth plate cartilage.,2017,eLife,36,"""cell rotation""; ""chondrocyte column""; ""planar cell polarity""",target x growth x geometry,False,7.06
PMC8004672,33807043,10.3390/ijms22063279,Articular Chondrocyte Phenotype Regulation through the Cytoskeleton and the Signaling Processes That Originate from or Converge on the Cytoskeleton: Towards a Novel Understanding of the Intersection between Actin Dynamics and Chondrogenic Function.,2021,International journal of molecular sciences,81,"""H-1152""; ""LIMK1""; ""LIMK2""; ""NSC23766""; ""ROCK1""; ""ROCK2""; ""Y27632""; ""cofilin""; ""cytochalasin D""; ""fasudil""; ""hydroxyfasudil""; ""latrunculin""; ""netarsudil""; ""non-muscle myosin II""; ""ripasudil""",compound x growth plate; target x growth x geometry,False,5.135
PMC4769095,26493329,10.1016/j.joca.2015.10.003,IFT88 influences chondrocyte actin organization and biomechanics.,2016,Osteoarthritis and cartilage,28,"""MYH9""; ""actin cortex""; ""blebbistatin""; ""cytochalasin D""",compound x growth plate; target x growth x geometry,False,5.046666666666667
PMC4516504,20196782,10.1111/j.1582-4934.2009.00684.x,Control of chondrocyte gene expression by actin dynamics: a novel role of cholesterol/Ror-alpha signalling in endochondral bone growth.,2009,Journal of cellular and molecular medicine,23,"""HPCD""; ""Ror-alpha""; ""Y27632""; ""cytochalasin D""; ""jasplakinolide""; ""lovastatin""; ANCHOR",compound x growth plate; target x growth x geometry,True,5.038333333333333
PMC10403223,37540756,10.1126/sciadv.adf1130,"Adseverin, an actin-binding protein, modulates hypertrophic chondrocyte differentiation and osteoarthritis progression.",2023,Science advances,23,"""jasplakinolide""",compound x growth plate,False,5.038333333333333
PMC9304194,35038201,10.1002/jbmr.4502,Ciliary IFT88 Protects Coordinated Adolescent Growth Plate Ossification From Disruptive Physiological Mechanical Forces.,2022,Journal of bone and mineral research : the official journal of the American Society for Bone and Mineral Research,15,"""microtubule""; ""primary cilia""",target x growth x geometry,False,5.025
PMC5374397,28167493,10.1242/bio.021436,Smad4 regulates growth plate matrix production and chondrocyte polarity.,2017,Biology open,11,"""centrosome""",target x growth x geometry,False,5.0183333333333335
PMC9718196,36474687,10.1016/j.ocarto.2020.100071,Superficial and deep zone articular chondrocytes exhibit differences in actin polymerization status and actin-associated molecules <i>in vitro</i>.,2020,Osteoarthritis and cartilage open,10,"""cofilin""",target x growth x geometry,False,5.016666666666667
PMC10444880,37607905,10.1038/s41413-023-00284-7,α-parvin controls chondrocyte column formation and regulates long bone development.,2023,Bone research,7,"""cadherin""; ""centrosome""; ""chondrocyte column""; ""focal adhesion""",target x growth x geometry,False,5.011666666666667
PMC10241152,37232339,10.3892/ijmm.2023.5260,Downregulation of HAS‑2 regulates the chondrocyte cytoskeleton and induces cartilage degeneration by activating the RhoA/ROCK signaling pathway.,2023,International journal of molecular medicine,7,"""ROCK1""; ""ROCK2""",target x growth x geometry,False,5.011666666666667
PMC9979404,36859270,10.1186/s13018-023-03539-5,Nesfatin-1 suppresses autophagy of chondrocytes in osteoarthritis via remodeling of cytoskeleton and inhibiting RhoA/ROCK signal pathway.,2023,Journal of orthopaedic surgery and research,7,"""LIMK1""; ""cofilin""",target x growth x geometry,False,5.011666666666667
PMC10796094,37307827,10.14336/ad.2023.0531,ROR2-Related Skeletal Dysplasia Reveals Disrupted Chondrocyte Polarity through Modulation of BMP/TGF-β Signaling.,2024,Aging and disease,4,"""cholesterol""; ""planar cell polarity""",compound x growth plate; target x growth x geometry,False,5.006666666666667
PMC11509684,39269144,10.7554/elife.95289,Limited column formation in the embryonic growth plate implies divergent growth mechanisms during pre- and postnatal bone development.,2024,eLife,2,"""cell rotation""; ""chondrocyte column""; ""primary cilia""",target x growth x geometry,False,5.003333333333333
PMC12894126,41620554,10.1007/s10565-026-10151-w,Synovial macrophage rhoa protects against osteoarthritis by suppressing YAP/IL-17C mediated chondrocyte senescence.,2026,Cell biology and toxicology,1,"""RHOA""",target x growth x geometry,False,5.001666666666667
PMC10839480,38322536,10.12182/20240160502,[Piezo1 Mediates the Regulation of Substrate Stiffness on Primary Cilia in Chondrocytes].,2024,Sichuan da xue xue bao. Yi xue ban = Journal of Sichuan University. Medical science edition,1,"""GsMTx4""; ""Yoda1""",compound x growth plate,False,5.001666666666667
PMC12585761,41194970,10.1002/jsp2.70133,PIEZO1-Primary Cilia Axis Mediates Compressive Stress-Induced Growth Plate Degeneration and Ossification in Adolescent Idiopathic Scoliosis.,2025,JOR spine,1,"""Yoda1""",compound x growth plate,False,5.001666666666667
PMC12848162,41613437,10.1016/j.fmre.2025.04.014,Primary cilia in growth plates orchestrate long bone development.,2025,Fundamental research,0,"""primary cilia""",target x growth x geometry,False,5.0
PMC13081642,41981703,10.1186/s40104-026-01387-x,RFLNA mitigates heat stress-impaired chondrocyte proliferation and vertebral development through cytoskeletal regulation in pigs.,2026,Journal of animal science and biotechnology,0,"""microtubule""",target x growth x geometry,False,5.0
PMC13206727,42205595,10.1016/j.jot.2026.101127,RhoA deficiency in chondrocyte inhibits cartilage fibrosis and ameliorates osteoarthritis progression via SOX4/MMP2 axis.,2026,Journal of orthopaedic translation,0,"""RHOA""; ""Y27632""; ""fasudil""",compound x growth plate; target x growth x geometry,False,5.0
PMC12192619,40565195,10.3390/ijms26125732,Sarcoglycans Role in Actin Cytoskeleton Dynamics and Cell Adhesion of Human Articular Chondrocytes: New Insights from siRNA-Mediated Gene Silencing.,2025,International journal of molecular sciences,0,"""focal adhesion""",target x growth x geometry,False,5.0
PMC12841748,41596581,10.3390/ijms27020934,Venom-Derived Proteins from &lt;i&gt;Lonomia obliqua&lt;/i&gt; Modulate Cytoskeletal Regulators and Inflammatory Responses in Human Chondrocytes.,2026,International journal of molecular sciences,0,"""CDC42""; ""RAC1""; ""RHOA""",target x growth x geometry,False,5.0
PMC4333081,25264362,10.1002/jbmr.2377,Planar cell polarity aligns osteoblast division in response to substrate strain.,2015,Journal of bone and mineral research : the official journal of the American Society for Bone and Mineral Research,25,"""GSK269962""",compound x growth plate,False,4.041666666666667
PMC11748379,39819247,10.1177/00368504241311964,The bidirectional relationship between cilia and PCP signaling pathway core protein Vangl2.,2025,Science progress,1,"""cofilin""; ""microtubule""; ""planar cell polarity""; ""primary cilia""",target x growth x geometry,False,4.001666666666667
PMC5187946,27999417,10.3390/ijms17122146,Insights on Molecular Mechanisms of Chondrocytes Death in Osteoarthritis.,2016,International journal of molecular sciences,262,"""amiloride""",compound x growth plate,False,3.4366666666666665
PMC5279942,28135189,10.7554/elife.21074,Direct measurement of TRPV4 and PIEZO1 activity reveals multiple mechanotransduction pathways in chondrocytes.,2017,eLife,214,"""GSK1016790A""",compound x growth plate,False,3.3566666666666665
PMC9637484,36328754,10.1016/j.jare.2022.01.004,Mechanical overloading induces GPX4-regulated chondrocyte ferroptosis in osteoarthritis via Piezo1 channel facilitated calcium influx.,2022,Journal of advanced research,208,"""GsMTx4""",compound x growth plate,False,3.3466666666666667
PMC6403405,30854241,10.1038/s41413-019-0046-y,Collagen type II suppresses articular chondrocyte hypertrophy and osteoarthritis progression by promoting integrin β1-SMAD1 interaction.,2019,Bone research,170,"""integrin beta1""",target x growth x geometry,False,3.283333333333333
PMC6571082,31203465,10.1007/s11926-019-0837-6,"The Role of Chondrocyte Morphology and Volume in Controlling Phenotype-Implications for Osteoarthritis, Cartilage Repair, and Cartilage Engineering.",2019,Current rheumatology reports,136,"""CDC42""; ""NKCC1""; ""aquaporin""; ""bumetanide""; ""cytochalasin D""",compound x growth plate; target x growth x geometry,False,3.2266666666666666
PMC7986209,33314394,10.1002/dvdy.278,Making and shaping endochondral and intramembranous bones.,2021,Developmental dynamics : an official publication of the American Association of Anatomists,133,"""cadherin""; ""chondrocyte column""; ""planar cell polarity""",target x growth x geometry,False,3.2216666666666667
PMC8194090,34124045,10.3389/fcell.2021.664168,Molecular Mechanisms of Chondrocyte Proliferation and Differentiation.,2021,Frontiers in cell and developmental biology,114,"""planar cell polarity""",target x growth x geometry,False,3.19
PMC5566454,28827734,10.1038/s41598-017-09335-6,"Integrative epigenomics, transcriptomics and proteomics of patient chondrocytes reveal genes and pathways involved in osteoarthritis.",2017,Scientific reports,102,"""acetazolamide""",compound x growth plate,False,3.17
PMC2148217,10189377,10.1083/jcb.145.1.183,Integrin-regulated secretion of interleukin 4: A novel pathway of mechanotransduction in human articular chondrocytes.,1999,The Journal of cell biology,99,"""integrin beta1""",target x growth x geometry,False,3.165
PMC3179305,21542006,10.1002/jbmr.294,Unique roles of phosphorus in endochondral bone formation and osteocyte maturation.,2011,Journal of bone and mineral research : the official journal of the American Society for Bone and Mineral Research,88,"""jasplakinolide""",compound x growth plate,False,3.1466666666666665
PMC9832042,36627269,10.1038/s41467-022-35359-2,Age-related matrix stiffening epigenetically regulates α-Klotho expression and compromises chondrocyte integrity.,2023,Nature communications,84,"""latrunculin""",compound x growth plate,False,3.14
PMC9114637,35602590,10.3389/fcell.2022.885224,"The Role of Mechanically-Activated Ion Channels Piezo1, Piezo2, and TRPV4 in Chondrocyte Mechanotransduction and Mechano-Therapeutics for Osteoarthritis.",2022,Frontiers in cell and developmental biology,82,"""GsMTx4""; ""PIEZO2""",compound x growth plate; target x growth x geometry,False,3.1366666666666667
PMC2638010,19229324,10.1371/journal.pone.0004543,C/EBPbeta Promotes transition from proliferation to hypertrophic differentiation of chondrocytes through transactivation of p57.,2009,PloS one,78,"""nocodazole""",compound x growth plate,False,3.13
PMC5867295,29616218,10.3389/fbioe.2018.00018,Recent Insights into the Contribution of the Changing Hypertrophic Chondrocyte Phenotype in the Development and Progression of Osteoarthritis.,2018,Frontiers in bioengineering and biotechnology,76,"""aquaporin""",target x growth x geometry,False,3.1266666666666665
PMC1584246,16984628,10.1186/1471-2199-7-30,The transcription factor ATF3 is upregulated during chondrocyte differentiation and represses cyclin D1 and A gene transcription.,2006,BMC molecular biology,76,"""cytochalasin D""",compound x growth plate,False,3.1266666666666665
PMC10891122,38395992,10.1038/s41413-024-00315-x,Piezo1 expression in chondrocytes controls endochondral ossification and osteoarthritis development.,2024,Bone research,70,"""GsMTx4""; ""PIEZO1""; ""PIEZO2""; ""Yoda1""",compound x growth plate; target x growth x geometry,False,3.1166666666666667
PMC10372640,37459546,10.1073/pnas.2221958120,Membrane stretch as the mechanism of activation of PIEZO1 ion channels in chondrocytes.,2023,Proceedings of the National Academy of Sciences of the United States of America,69,"""PIEZO2""",target x growth x geometry,False,3.115
PMC8403401,34454425,10.1186/s10020-021-00360-w,G protein coupled estrogen receptor attenuates mechanical stress-mediated apoptosis of chondrocyte in osteoarthritis via suppression of Piezo1.,2021,"Molecular medicine (Cambridge, Mass.)",65,"""cofilin""",target x growth x geometry,False,3.1083333333333334
PMC9984452,36869045,10.1038/s41413-023-00248-x,Mechanotransduction pathways in articular chondrocytes and the emerging role of estrogen receptor-α.,2023,Bone research,59,"""GSK1016790A""; ""nocodazole""",compound x growth plate,False,3.098333333333333
PMC7084733,32106481,10.3390/ijms21051560,Pathomechanisms of Posttraumatic Osteoarthritis: Chondrocyte Behavior and Fate in a Precarious Environment.,2020,International journal of molecular sciences,57,"""nobiletin""",compound x growth plate,False,3.095
PMC3823937,24244418,10.1371/journal.pone.0079057,"Changes in morphology, gene expression and protein content in chondrocytes cultured on a random positioning machine.",2013,PloS one,56,"""integrin beta1""",target x growth x geometry,False,3.0933333333333333
PMC8313235,34309509,10.7554/elife.64513,Chondrocytes in the resting zone of the growth plate are maintained in a Wnt-inhibitory environment.,2021,eLife,55,"""planar cell polarity""",target x growth x geometry,False,3.091666666666667
PMC4038465,24875294,10.1371/journal.pgen.1004364,"SHP2 regulates chondrocyte terminal differentiation, growth plate architecture and skeletal cell fates.",2014,PLoS genetics,50,"""chondrocyte column""",target x growth x geometry,False,3.0833333333333335
PMC9293991,35851381,10.1038/s41467-022-31592-x,Periosteal stem cells control growth plate stem cells during postnatal skeletal growth.,2022,Nature communications,50,"""chondrocyte column""",target x growth x geometry,False,3.0833333333333335
PMC8018402,33775217,10.1080/19336950.2021.1903184,Mechanosensory and mechanotransductive processes mediated by ion channels in articular chondrocytes: Potential therapeutic targets for osteoarthritis.,2021,"Channels (Austin, Tex.)",46,"""GSK1016790A""; ""GsMTx4""; ""PIEZO2""; ""RN-1734""; ""amiloride""",compound x growth plate; target x growth x geometry,False,3.0766666666666667
PMC6838640,31737632,10.3389/fcell.2019.00270,Chondral Differentiation of Induced Pluripotent Stem Cells Without Progression Into the Endochondral Pathway.,2019,Frontiers in cell and developmental biology,45,"""Y27632""",compound x growth plate,False,3.075
PMC3473050,23091616,10.1371/journal.pone.0047338,Accelerated growth plate mineralization and foreshortened proximal limb bones in fetuin-A knockout mice.,2012,PloS one,42,"""chondrocyte column""",target x growth x geometry,False,3.07
PMC3638701,23653665,10.1155/2013/326150,A review of the combination of experimental measurements and fibril-reinforced modeling for investigation of articular cartilage and chondrocyte response to loading.,2013,Computational and mathematical methods in medicine,33,"""osmotic swelling""",target x growth x geometry,False,3.055
PMC7876322,33584647,10.3389/fimmu.2020.580936,Acid-Sensing Ion Channel-1a in Articular Chondrocytes and Synovial Fibroblasts: A Novel Therapeutic Target for Rheumatoid Arthritis.,2020,Frontiers in immunology,33,"""NSC23766""; ""amiloride""",compound x growth plate,False,3.055
PMC3978574,24286344,10.1186/ar4337,The progressive ankylosis gene product ANK regulates extracellular ATP levels in primary articular chondrocytes.,2013,Arthritis research & therapy,33,"""GSK1016790A""",compound x growth plate,False,3.055
PMC10178441,37175575,10.3390/ijms24097868,Activation of the Mechanosensitive Ion Channels Piezo1 and TRPV4 in Primary Human Healthy and Osteoarthritic Chondrocytes Exhibits Ion Channel Crosstalk and Modulates Gene Expression.,2023,International journal of molecular sciences,32,"""GSK1016790A""; ""Yoda1""",compound x growth plate,False,3.0533333333333332
PMC4538715,26914879,10.1186/s40634-015-0027-z,Surgical-experimental principles of anterior cruciate ligament (ACL) reconstruction with open growth plates.,2015,Journal of experimental orthopaedics,32,"""CASIN""",compound x growth plate,False,3.0533333333333332
PMC6554687,31214026,10.3389/fphar.2019.00570,Nobiletin Inhibits IL-1β-Induced Inflammation in Chondrocytes <i>via</i> Suppression of NF-κB Signaling and Attenuates Osteoarthritis in Mice.,2019,Frontiers in pharmacology,31,"""nobiletin""",compound x growth plate,False,3.0516666666666667
PMC4042480,23995703,10.4161/chan.26071,Chondrocyte channel transcriptomics: do microarray data fit with expression and functional data?,2013,"Channels (Austin, Tex.)",30,"""bumetanide""",compound x growth plate,False,3.05
PMC4443976,26010756,10.1371/journal.pone.0127166,Regulation of α5 and αV Integrin Expression by GDF-5 and BMP-7 in Chondrocyte Differentiation and Osteoarthritis.,2015,PloS one,29,"""integrin beta1""",target x growth x geometry,False,3.0483333333333333
PMC8586806,34805821,10.1016/j.mbplus.2021.100088,Runx2 is required for hypertrophic chondrocyte mediated degradation of cartilage matrix during endochondral ossification.,2021,Matrix biology plus,29,"""cholesterol""; ""planar cell polarity""",compound x growth plate; target x growth x geometry,False,3.0483333333333333
PMC4804234,27005960,10.1038/srep23433,ATX-LPA1 axis contributes to proliferation of chondrocytes by regulating fibronectin assembly leading to proper cartilage formation.,2016,Scientific reports,28,"""integrin beta1""",target x growth x geometry,False,3.046666666666667
PMC10707713,38069417,10.3390/ijms242317096,"Human Chondrocytes, Metabolism of Articular Cartilage, and Strategies for Application to Tissue Engineering.",2023,International journal of molecular sciences,27,"""cadherin""",target x growth x geometry,False,3.045
PMC6928971,31757091,10.3390/ijms20235840,Recent Insights into Long Bone Development: Central Role of Hedgehog Signaling Pathway in Regulating Growth Plate.,2019,International journal of molecular sciences,27,"""cholesterol""",compound x growth plate; target x growth x geometry,False,3.045
PMC3619633,23634175,10.1155/2013/164146,Superficial collagen fibril modulus and pericellular fixed charge density modulate chondrocyte volumetric behaviour in early osteoarthritis.,2013,Computational and mathematical methods in medicine,26,"""osmotic swelling""",target x growth x geometry,False,3.0433333333333334
PMC6912508,31652962,10.3390/jcm8111771,Re-Differentiation Capacity of Human Chondrocytes in Vitro Following Electrical Stimulation with Capacitively Coupled Fields.,2019,Journal of clinical medicine,25,"""osmotic swelling""",target x growth x geometry,False,3.0416666666666665
PMC9626746,36339269,10.1016/j.isci.2022.105370,Close-to-native bone repair via tissue-engineered endochondral ossification approaches.,2022,iScience,25,"""Y27632""",compound x growth plate,False,3.0416666666666665
PMC3820264,24046357,10.1242/dmm.013342,A novel transgenic mouse model of growth plate dysplasia reveals that decreased chondrocyte proliferation due to chronic ER stress is a key factor in reduced bone growth.,2013,Disease models & mechanisms,24,"""chondrocyte column""",target x growth x geometry,False,3.04
PMC9777101,36552775,10.3390/cells11244011,Chondrocyte De-Differentiation: Biophysical Cues to Nuclear Alterations.,2022,Cells,23,"""cofilin""",target x growth x geometry,False,3.038333333333333
PMC3154001,20200963,10.1002/jbmr.47,A key role for membrane transporter NKCC1 in mediating chondrocyte volume increase in the mammalian growth plate.,2010,Journal of bone and mineral research : the official journal of the American Society for Bone and Mineral Research,23,"""NKCC1""; ""SLC12A2""; ""bumetanide""; ""furosemide""",compound x growth plate; target x growth x geometry,False,3.038333333333333
PMC7940258,33636111,10.1016/j.stemcr.2021.01.014,Differentiation of Hypertrophic Chondrocytes from Human iPSCs for the In Vitro Modeling of Chondrodysplasias.,2021,Stem cell reports,22,"""Y-27632""",compound x growth plate,False,3.0366666666666666
PMC8064313,33805168,10.3390/cells10040726,Regulation of TGFβ Signalling by TRPV4 in Chondrocytes.,2021,Cells,22,"""GSK1016790A""",compound x growth plate,False,3.0366666666666666
PMC10281885,37171185,10.3724/abbs.2023086,The role of mechano growth factor in chondrocytes and cartilage defects: a concise review.,2023,Acta biochimica et biophysica Sinica,22,"""RHOA""; ""focal adhesion""",target x growth x geometry,False,3.0366666666666666
PMC5333381,28265203,10.1186/s12950-017-0153-8,Overexpression of aquaporin 4 in articular chondrocytes exacerbates the severity of adjuvant-induced arthritis in rats: an <i>in vivo</i> and <i>in vitro</i> study.,2017,"Journal of inflammation (London, England)",22,"""acetazolamide""",compound x growth plate,False,3.0366666666666666
PMC8122406,33919210,10.3390/ijms22094313,Polycystin-2 Is Required for Chondrocyte Mechanotransduction and Traffics to the Primary Cilium in Response to Mechanical Stimulation.,2021,International journal of molecular sciences,22,"""GSK1016790A""",compound x growth plate,False,3.0366666666666666
PMC5756537,27266646,10.1016/j.joca.2016.05.019,Activation of a chondrocyte volume-sensitive Cl(-) conductance prior to macroscopic cartilage lesion formation in the rabbit knee anterior cruciate ligament transection osteoarthritis model.,2016,Osteoarthritis and cartilage,21,"""osmotic swelling""",target x growth x geometry,False,3.035
PMC4981366,27116676,10.1080/15476278.2016.1181238,Membrane channel gene expression in human costal and articular chondrocytes.,2016,Organogenesis,21,"""NKCC1""",target x growth x geometry,False,3.035
PMC3925234,24551245,10.1371/journal.pone.0089352,Filamin B regulates chondrocyte proliferation and differentiation through Cdk1 signaling.,2014,PloS one,21,"""integrin beta1""",target x growth x geometry,False,3.035
PMC6311764,30647818,10.1155/2018/8421394,Different Forms of ER Stress in Chondrocytes Result in Short Stature Disorders and Degenerative Cartilage Diseases: New Insights by Cartilage-Specific ERp57 Knockout Mice.,2018,Oxidative medicine and cellular longevity,21,"""osmotic swelling""",target x growth x geometry,False,3.035
PMC11794573,39904988,10.1038/s41392-025-02136-8,Single-cell transcriptomics reveals novel chondrocyte and osteoblast subtypes and their role in knee osteoarthritis pathogenesis.,2025,Signal transduction and targeted therapy,20,"""PIEZO1""",target x growth x geometry,False,3.033333333333333
PMC7560579,33088364,10.1016/j.jdsr.2020.07.001,Roles of CCN2 as a mechano-sensing regulator of chondrocyte differentiation.,2020,The Japanese dental science review,20,"""cofilin""; ""latrunculin""",compound x growth plate; target x growth x geometry,False,3.033333333333333
PMC10069868,36920035,10.7554/elife.79925,Lineage-specific differences and regulatory networks governing human chondrocyte development.,2023,eLife,20,"""Y-27632""",compound x growth plate,False,3.033333333333333
PMC5133847,27827993,10.3390/ijms17111847,Hydrostatic Compress Force Enhances the Viability and Decreases the Apoptosis of Condylar Chondrocytes through Integrin-FAK-ERK/PI3K Pathway.,2016,International journal of molecular sciences,19,"""integrin beta1""",target x growth x geometry,False,3.0316666666666667
PMC9949800,36810131,10.7554/elife.71154,Skeletal dysplasia-causing TRPV4 mutations suppress the hypertrophic differentiation of human iPSC-derived chondrocytes.,2023,eLife,19,"""GSK1016790A""; ""Y-27632""",compound x growth plate,False,3.0316666666666667
PMC9763315,36561564,10.3389/fendo.2022.1060187,"Zebrafish endochondral growth zones as they relate to human bone size, shape and disease.",2022,Frontiers in endocrinology,19,"""planar cell polarity""",target x growth x geometry,False,3.0316666666666667
PMC10119120,37080994,10.1038/s41413-023-00258-9,Nutrient-regulated dynamics of chondroprogenitors in the postnatal murine growth plate.,2023,Bone research,19,"""chondrocyte column""",target x growth x geometry,False,3.0316666666666667
PMC6794761,31636894,10.1186/s13578-019-0344-5,KIF5B modulates central spindle organization in late-stage cytokinesis in chondrocytes.,2019,Cell & bioscience,18,"""cell rotation""; ""nocodazole""",compound x growth plate; target x growth x geometry,False,3.03
PMC11774761,39794539,10.1038/s42255-024-01187-5,The pentose phosphate pathway controls oxidative protein folding and prevents ferroptosis in chondrocytes.,2025,Nature metabolism,18,"""Y-27632""",compound x growth plate,False,3.03
PMC8172534,34079065,10.1038/s42003-021-02175-1,PP2A in LepR+ mesenchymal stem cells contributes to embryonic and postnatal endochondral ossification through Runx2 dephosphorylation.,2021,Communications biology,18,"""centrosome""",target x growth x geometry,False,3.03
PMC9968733,36860844,10.3389/fimmu.2023.1102912,Cell morphology as a biological fingerprint of chondrocyte phenotype in control and inflammatory conditions.,2023,Frontiers in immunology,18,"""CDC42""; ""RAC1""; ""primary cilia""",target x growth x geometry,False,3.03
PMC8433335,34508093,10.1038/s41467-021-25714-0,Application of 3D MAPs pipeline identifies the morphological sequence chondrocytes undergo and the regulatory role of GDF5 in this process.,2021,Nature communications,17,"""planar cell polarity""",target x growth x geometry,False,3.0283333333333333
PMC8379782,34419165,10.1186/s13287-021-02536-x,Melatonin contributes to the hypertrophic differentiation of mesenchymal stem cell-derived chondrocytes via activation of the Wnt/β-catenin signaling pathway : Melatonin promotes MSC-derived chondrocytes hypertrophy.,2021,Stem cell research & therapy,17,"""osmotic swelling""",target x growth x geometry,False,3.0283333333333333
PMC10283062,37351173,10.7150/thno.85077,Microtubule stabilization targeting regenerative chondrocyte cluster for cartilage regeneration.,2023,Theranostics,17,"""ROCK1""; ""ROCK2""; ""nocodazole""",compound x growth plate; target x growth x geometry,False,3.0283333333333333
PMC8034469,33713570,10.1111/jcmm.16419,Circular RNA circANAPC2 mediates the impairment of endochondral ossification by miR-874-3p/SMAD3 signalling pathway in idiopathic short stature.,2021,Journal of cellular and molecular medicine,15,"""centrosome""",target x growth x geometry,False,3.025
PMC7329885,32612184,10.1038/s41598-020-67518-0,Disorganization of chondrocyte columns in the growth plate does not aggravate experimental osteoarthritis in mice.,2020,Scientific reports,14,"""chondrocyte column""",target x growth x geometry,False,3.0233333333333334
PMC11154833,38842129,10.1111/jcmm.18472,Excessive load promotes temporomandibular joint chondrocyte apoptosis via Piezo1/endoplasmic reticulum stress pathway.,2024,Journal of cellular and molecular medicine,13,"""GsMTx4""",compound x growth plate,False,3.0216666666666665
PMC9317907,35887171,10.3390/ijms23147817,Cranial Base Synchondrosis: Chondrocytes at the Hub.,2022,International journal of molecular sciences,13,"""planar cell polarity""; ""primary cilia""",target x growth x geometry,False,3.0216666666666665
PMC3509456,23213422,10.1242/bio.2012547,"Evidence for lysosomal exocytosis and release of aggrecan-degrading hydrolases from hypertrophic chondrocytes, in vitro and in vivo.",2012,Biology open,13,"""chondrocyte column""; ""nocodazole""",compound x growth plate; target x growth x geometry,False,3.0216666666666665
PMC10203046,37228756,10.1016/j.xgen.2023.100299,Genome-wide CRISPR screening of chondrocyte maturation newly implicates genes in skeletal growth and height-associated GWAS loci.,2023,Cell genomics,13,"""MYH9""; ""planar cell polarity""",target x growth x geometry,False,3.0216666666666665
PMC11897792,40078882,10.1093/rb/rbaf004,Up IGF-I via high-toughness adaptive hydrogels for remodeling growth plate of children.,2025,Regenerative biomaterials,13,"""microtubule""",target x growth x geometry,False,3.0216666666666665
PMC7729373,33313232,10.21037/atm-20-6000,"Remifentanil repairs cartilage damage and reduces the degradation of cartilage matrix in post-traumatic osteoarthritis, and inhibits IL-1β-induced apoptosis of articular chondrocytes via inhibition of PI3K/AKT/NF-κB phosphorylation.",2020,Annals of translational medicine,12,"""nobiletin""",compound x growth plate,False,3.02
PMC7312958,32545161,10.3390/ijms21114161,Molecular Processes in Chondrocyte Biology.,2020,International journal of molecular sciences,11,"""centrosome""",target x growth x geometry,False,3.0183333333333335
PMC10295138,37370672,10.3390/bioengineering10060741,Suppressing Chondrocyte Hypertrophy to Build Better Cartilage.,2023,"Bioengineering (Basel, Switzerland)",11,"""planar cell polarity""",target x growth x geometry,False,3.0183333333333335
PMC7181680,32332842,10.1038/s41598-020-63978-6,A simple method based on confocal microscopy and thick sections recognizes seven subphases in growth plate chondrocytes.,2020,Scientific reports,11,"""NKCC1""; ""aquaporin""",target x growth x geometry,False,3.0183333333333335
PMC10359656,37483459,10.1177/20417314231187956,Tissue engineering in growth plate cartilage regeneration: Mechanisms to therapeutic strategies.,2023,Journal of tissue engineering,10,"""microtubule""",target x growth x geometry,False,3.0166666666666666
PMC11633519,39418070,10.1002/advs.202400502,Insufficient Mechanical Loading Downregulates Piezo1 in Chondrocytes and Impairs Fracture Healing Through ApoE-Induced Senescence.,2024,"Advanced science (Weinheim, Baden-Wurttemberg, Germany)",10,"""GsMTx4""; ""PIEZO1""; ""Yoda1""",compound x growth plate; target x growth x geometry,False,3.0166666666666666
PMC8962562,35346257,10.1186/s13018-022-03081-w,Cyclic mechanical strain with high-tensile triggers autophagy in growth plate chondrocytes.,2022,Journal of orthopaedic surgery and research,10,"""cytochalasin D""",compound x growth plate,False,3.0166666666666666
PMC10946796,36824055,10.1002/jbmr.4796,Spatial Lipidomic Profiling of Mouse Joint Tissue Demonstrates the Essential Role of PHOSPHO1 in Growth Plate Homeostasis.,2023,Journal of bone and mineral research : the official journal of the American Society for Bone and Mineral Research,9,"""SLC12A2""",target x growth x geometry,False,3.015
PMC11374990,39231936,10.1038/s41413-024-00357-1,Targeting Fascin1 maintains chondrocytes phenotype and attenuates osteoarthritis development.,2024,Bone research,9,"""cytochalasin D""; ""latrunculin""",compound x growth plate,False,3.015
PMC11928506,40118845,10.1038/s41467-025-58122-9,Recapitulation of endochondral ossification by hPSC-derived SOX9&lt;sup&gt;+&lt;/sup&gt; sclerotomal progenitors.,2025,Nature communications,9,"""Y27632""",compound x growth plate,False,3.015
PMC11437636,39342268,10.1186/s13018-024-05081-4,Omega-3 fatty acids protect cartilage from acute injurie by reducing the mechanical sensitivity of chondrocytes.,2024,Journal of orthopaedic surgery and research,8,"""GsMTx4""",compound x growth plate,False,3.013333333333333
PMC10349815,37454120,10.1038/s41420-023-01543-6,FGF19 induces the cell cycle arrest at G2-phase in chondrocytes.,2023,Cell death discovery,8,"""centrosome""",target x growth x geometry,False,3.013333333333333
PMC11712546,39760183,10.1096/fj.202402134rr,Inhibition of ASIC1a reduces ferroptosis in rheumatoid arthritis articular chondrocytes via the p53/NRF2/SLC7A11 pathway.,2025,FASEB journal : official publication of the Federation of American Societies for Experimental Biology,8,"""amiloride""",compound x growth plate,False,3.013333333333333
PMC6346570,30697359,10.1186/s13098-019-0402-5,Leptin-deficient mice have altered three-dimensional growth plate histomorphometry.,2019,Diabetology & metabolic syndrome,8,"""chondrocyte column""",target x growth x geometry,False,3.013333333333333
PMC3880988,24396283,10.7150/ijms.7244,"Differential protein expression between chondrogenic differentiated MSCs, undifferentiated MSCs and adult chondrocytes derived from Oryctolagus cuniculus in vitro.",2014,International journal of medical sciences,8,"""LIMK2""",target x growth x geometry,False,3.013333333333333
PMC6797204,31622367,10.1371/journal.pone.0223094,"Genetic mapping of distal femoral, stifle, and tibial radiographic morphology in dogs with cranial cruciate ligament disease.",2019,PloS one,7,"""MYH9""",target x growth x geometry,False,3.0116666666666667
PMC8602279,34795319,10.1038/s41598-021-01437-6,Requirement of direct contact between chondrocytes and macrophages for the maturation of regenerative cartilage.,2021,Scientific reports,7,"""Y27632""",compound x growth plate,False,3.0116666666666667
PMC9793524,36575508,10.1186/s40001-022-00893-8,Research progress on the mechanism of interleukin-1β on epiphyseal plate chondrocytes.,2022,European journal of medical research,7,"""simvastatin""",compound x growth plate,False,3.0116666666666667
PMC11491146,39429645,10.1093/burnst/tkae028,Mechanical stimulation promotes fibrochondrocyte proliferation by activating the TRPV4 signaling pathway during tendon-bone insertion healing: CCN2 plays an important regulatory role.,2024,Burns & trauma,7,"""GSK1016790A""",compound x growth plate,False,3.0116666666666667
PMC10740744,38136788,10.3390/ani13243750,"Homeostatic Regulation of Pro-Angiogenic and Anti-Angiogenic Proteins via Hedgehog, Notch Grid, and Ephrin Signaling in Tibial Dyschondroplasia.",2023,Animals : an open access journal from MDPI,7,"""FAK""; ""focal adhesion""",target x growth x geometry,False,3.0116666666666667
PMC8516946,34650163,10.1038/s41598-021-99885-7,Differential regulation of the water channel protein aquaporins in chondrocytes of human knee articular cartilage by aging.,2021,Scientific reports,7,"""acetazolamide""; ""aquaporin""",compound x growth plate; target x growth x geometry,False,3.0116666666666667
PMC11760869,39851351,10.3390/bioengineering12010077,Targeting Chondrocyte Hypertrophy as Strategies for the Treatment of Osteoarthritis.,2025,"Bioengineering (Basel, Switzerland)",6,"""NSC23766""; ""RAC1""",compound x growth plate; target x growth x geometry,False,3.01
PMC11347861,39193188,10.1016/j.isci.2024.110537,Time- and cell-specific activation of BMP signaling restrains chondrocyte hypertrophy.,2024,iScience,6,"""Y-27632""",compound x growth plate,False,3.01
PMC10450517,37636062,10.1016/j.isci.2023.107548,Phosphate-induced activation of VEGFR2 leads to caspase-9-mediated apoptosis of hypertrophic chondrocytes.,2023,iScience,6,"""jasplakinolide""",compound x growth plate,False,3.01
PMC8370340,34471850,10.1089/bioe.2020.0036,Physiological Effects of the Electrogenic Current Generated by the Na<sup>+</sup>/K<sup>+</sup> Pump in Mammalian Articular Chondrocytes.,2020,Bioelectricity,6,"""bumetanide""",compound x growth plate,False,3.01
PMC8236650,30880429,10.1177/1947603519833149,Impairment of Cyclo-oxygenase-2 Function Results in Abnormal Growth Plate Development and Bone Microarchitecture but Does Not Affect Longitudinal Growth of the Long Bones in Skeletally Immature Mice.,2021,Cartilage,6,"""jasplakinolide""",compound x growth plate,False,3.01
PMC12275339,40684207,10.1186/s13075-025-03620-w,Chondrocyte-specific knockout of Piezo1 and Piezo2 protects against post-traumatic osteoarthritis structural damage and pain in mice.,2025,Arthritis research & therapy,6,"""GsMTx4""; ""Yoda1""",compound x growth plate,False,3.01
PMC10027720,36959903,10.3389/fbioe.2023.1118975,Effect of the uronic acid composition of alginate in alginate/collagen hybrid hydrogel on chondrocyte behavior.,2023,Frontiers in bioengineering and biotechnology,6,"""ROCK1""",target x growth x geometry,False,3.01
PMC12005758,39998420,10.1002/advs.202413680,4D Biofabrication of Magnetically Augmented Callus Assembloid Implants Enables Rapid Endochondral Ossification via Activation of Mechanosensitive Pathways.,2025,"Advanced science (Weinheim, Baden-Wurttemberg, Germany)",6,"""TRPV4""; ""Y27632""",compound x growth plate; target x growth x geometry,False,3.01
PMC11665451,39717465,10.34133/research.0555,Vascular Smooth Muscle Cells Transdifferentiate into Chondrocyte-Like Cells and Facilitate Meniscal Fibrocartilage Regeneration.,2024,"Research (Washington, D.C.)",5,"""Yoda1""",compound x growth plate,False,3.0083333333333333
PMC12320791,40765556,10.7150/ijms.111082,Exploring the Multifactorial Regulation of PIEZO1 in Chondrocytes: Mechanisms and Implications.,2025,International journal of medical sciences,5,"""FAK""; ""GSK1016790A""; ""GsMTx4""; ""PIEZO1""; ""PIEZO2""; ""RHOA""; ""TRPV4""; ""Yoda1""; ""cholesterol""; ""cofilin""; ""focal adhesion""; ""primary cilia""",compound x growth plate; target x growth x geometry,False,3.0083333333333333
PMC12313542,40745673,10.1111/jcmm.70734,The Mechanosensitive Ion Channel Piezo1 Regulates Chondrocyte Homeostasis Through the PI3K/AKT/mTORC1 Pathway in Osteoarthritis.,2025,Journal of cellular and molecular medicine,5,"""Yoda1""",compound x growth plate,False,3.0083333333333333
PMC11117099,38800044,10.3892/etm.2024.12571,TMF suppresses chondrocyte hypertrophy in osteoarthritic cartilage by mediating the FOXO3a/BMPER pathway.,2024,Experimental and therapeutic medicine,5,"""cholesterol""",target x growth x geometry,False,3.0083333333333333
PMC11364822,39215168,10.1038/s41598-024-71062-6,The metalloproteinase PAPP-A is required for IGF-dependent chondrocyte differentiation and organization.,2024,Scientific reports,5,"""cholesterol""",compound x growth plate; target x growth x geometry,False,3.0083333333333333
PMC10632152,37969761,10.21769/bioprotoc.4874,Differentiation of Human Induced Pluripotent Stem Cells (iPSCs)-derived Mesenchymal Progenitors into Chondrocytes.,2023,Bio-protocol,5,"""Y-27632""",compound x growth plate,False,3.0083333333333333
PMC10277288,37332037,10.1038/s41598-023-36914-7,Eccentric contractions during downhill running induce Osgood‒Schlatter disease in the tibial tuberosity in rats: a focus on histological structures.,2023,Scientific reports,5,"""chondrocyte column""",target x growth x geometry,False,3.0083333333333333
PMC10740163,38144567,10.3389/fendo.2023.1278596,The effects of physiological and injurious hydrostatic pressure on murine &lt;i&gt;ex vivo&lt;/i&gt; articular and growth plate cartilage explants: an RNAseq study.,2023,Frontiers in endocrinology,4,"""PIEZO1""; ""PIEZO2""; ""TRPV4""; ""centrosome""; ""microtubule""",target x growth x geometry,False,3.006666666666667
PMC9971624,36865027,10.3389/fbioe.2023.1119009,Human 3D nucleus pulposus microtissue model to evaluate the potential of pre-conditioned nasal chondrocytes for the repair of degenerated intervertebral disc.,2023,Frontiers in bioengineering and biotechnology,4,"""amiloride""",compound x growth plate,False,3.006666666666667
PMC11720650,39791725,10.3390/cells14010025,In Vitro Induction of Hypertrophic Chondrocyte Differentiation of Naïve MSCs by Strain.,2024,Cells,4,"""PIEZO1""; ""PIEZO2""; ""TRPV4""",target x growth x geometry,False,3.006666666666667
PMC10433740,37600693,10.3389/fendo.2023.1165305,"Most postoperative reserved ""normal"" metatarsal stumps of diabetic foot osteomyelitis are infected but have healing potential.",2023,Frontiers in endocrinology,4,"""jasplakinolide""",compound x growth plate,False,3.006666666666667
PMC10154674,37152288,10.3389/fcell.2023.1153473,Look who's TORking: mTOR-mediated integration of cell status and external signals during limb development and endochondral bone growth.,2023,Frontiers in cell and developmental biology,4,"""RAC1""; ""RHOA""; ""cholesterol""; ""osmotic swelling""",compound x growth plate; target x growth x geometry,False,3.006666666666667
PMC4462245,26069708,10.1177/1947603514553095,"Effects of Adipokines and Insulin on Intracellular pH, Calcium Concentration, and Responses to Hypo-Osmolarity in Human Articular Chondrocytes from Healthy and Osteoarthritic Cartilage.",2015,Cartilage,4,"""HC-067047""",compound x growth plate,False,3.006666666666667
PMC4297122,26069635,10.1177/1947603511427556,"Quantification of Changes in Morphology, Mechanotransduction, and Gene Expression in Bovine Articular Chondrocytes in Response to 2-Dimensional Culture Indicates the Existence of a Novel Phenotype.",2012,Cartilage,4,"""NKCC1""",target x growth x geometry,False,3.006666666666667
PMC12533149,40714837,10.1002/advs.202502052,PIEZO1-GPX4 Axis Mediates Mechanical Stress-Induced Vertebral Growth Plate Dysplasia via Ferroptosis Activation.,2025,"Advanced science (Weinheim, Baden-Wurttemberg, Germany)",4,"""GsMTx4""; ""PIEZO1""; ""Yoda1""",compound x growth plate; target x growth x geometry,False,3.006666666666667
PMC9764053,36569439,10.3892/etm.2022.11738,Meclozine ameliorates bone mineralization and growth plate structure in a mouse model of X‑linked hypophosphatemia.,2023,Experimental and therapeutic medicine,4,"""jasplakinolide""",compound x growth plate,False,3.006666666666667
PMC11064670,38294852,10.1091/mbc.e23-03-0101,N-cadherin and β1 integrin coordinately regulate growth plate cartilage architecture.,2024,Molecular biology of the cell,4,"""FAK""; ""cadherin""; ""cell rotation""; ""chondrocyte column""; ""cofilin""; ""focal adhesion""; ""integrin beta1""; ""planar cell polarity""",target x growth x geometry,False,3.006666666666667
PMC11985438,40225327,10.3389/fendo.2025.1530374,"miRNA-based regulation in growth plate cartilage: mechanisms, targets, and therapeutic potential.",2025,Frontiers in endocrinology,4,"""RHOA""; ""ROCK1""",target x growth x geometry,False,3.006666666666667
PMC11629350,39655393,10.1177/19476035241302954,Genomic Effects of Biomechanical Loading in Adolescent Human Growth Plate Cartilage: A Pilot Study.,2024,Cartilage,3,"""aquaporin""; ""microtubule""",target x growth x geometry,False,3.005
PMC11084827,38732249,10.3390/ijms25095031,"TGF-β2 Induces Ribosome Activity, Alters Ribosome Composition and Inhibits IRES-Mediated Translation in Chondrocytes.",2024,International journal of molecular sciences,3,"""MYH9""",target x growth x geometry,False,3.005
PMC12678681,40088130,10.1002/dvdy.70013,The role of the PTHrP/Ihh feedback loop in the unusual growth plate location in mammalian metatarsals and pisiforms.,2025,Developmental dynamics : an official publication of the American Association of Anatomists,3,"""chondrocyte column""",target x growth x geometry,False,3.005
PMC11873292,40025030,10.1038/s41413-025-00407-2,Apolipoprotein E is a marker of all chondrocytes in the growth plate resting zone.,2025,Bone research,3,"""cholesterol""",compound x growth plate; target x growth x geometry,False,3.005
PMC12460606,40993116,10.1038/s41413-025-00459-4,Mechanism of Piezo1 regulating chondrocyte mitochondrial function and promoting fracture healing through β-catenin/LARS2 signaling pathway.,2025,Bone research,3,"""PIEZO1""; ""Yoda1""",compound x growth plate; target x growth x geometry,False,3.005
PMC10508846,37731766,10.3389/fbioe.2023.1244975,PIEZO1 is downregulated in glenohumeral chondrocytes in early cuff tear arthropathy following a massive rotator cuff tear in a mouse model.,2023,Frontiers in bioengineering and biotechnology,3,"""Yoda1""",compound x growth plate,False,3.005
PMC11491302,39428562,10.1111/jcmm.70135,The N-terminal fragment of histone deacetylase 4 (1-669aa) promotes chondrocyte apoptosis via the p53-dependent endoplasmic reticulum stress pathway.,2024,Journal of cellular and molecular medicine,3,"""centrosome""",target x growth x geometry,False,3.005
PMC12166663,40493524,10.12659/msm.948290,Impact of Abnormal Mechanical Stress on Chondrocyte Death in Osteoarthritis.,2025,Medical science monitor : international medical journal of experimental and clinical research,3,"""PIEZO1""; ""PIEZO2""; ""TRPV4""",target x growth x geometry,False,3.005
PMC11470567,39399379,10.1016/j.ncrna.2024.07.005,"Mechanosensitive lncRNA H19 promotes chondrocyte autophagy, but not pyroptosis, by targeting miR-148a in post-traumatic osteoarthritis.",2025,Non-coding RNA research,3,"""ROCK2""",target x growth x geometry,False,3.005
PMC11320418,39139824,10.3389/fgene.2024.1434532,Transcriptome analysis reveals the pathogenesis of spontaneous tibial dyschondroplasia in broilers.,2024,Frontiers in genetics,3,"""focal adhesion""",target x growth x geometry,False,3.005
PMC12099060,40417211,10.3389/fphar.2025.1565422,Suppressing chondrocyte cuproptosis by syringaresinol-4-&lt;i&gt;O&lt;/i&gt;-&lt;i&gt;β&lt;/i&gt;-d-glucoside alleviates gouty arthritis.,2025,Frontiers in pharmacology,3,"""colchicine""",compound x growth plate,False,3.005
PMC12385123,40862770,10.3390/cells14161291,Substrate Stiffness Modulates Hypertrophic Chondrocyte Reversion and Chondrogenic Phenotype Restoration.,2025,Cells,2,"""FAK""; ""RAC1""; ""RHOA""; ""focal adhesion""",target x growth x geometry,False,3.0033333333333334
PMC11083596,38731975,10.3390/ijms25094756,β1-Integrin-Mediated Uptake of Chondrocyte Extracellular Vesicles Regulates Chondrocyte Homeostasis.,2024,International journal of molecular sciences,2,"""integrin beta1""",target x growth x geometry,False,3.0033333333333334
PMC12512754,41074166,10.1186/s13287-025-04659-x,"The crosstalk among macrophages, chondrocytes and mesenchymal stem cells in osteoarthritis: the role of extracellular vesicles.",2025,Stem cell research & therapy,2,"""MYH9""",target x growth x geometry,False,3.0033333333333334
PMC11527983,39482341,10.1038/s41598-024-76539-y,Single cell analysis of Idh mutant growth plates identifies cell populations responsible for longitudinal bone growth and enchondroma formation.,2024,Scientific reports,2,"""cholesterol""",compound x growth plate; target x growth x geometry,False,3.0033333333333334
PMC12037013,40232792,10.1073/pnas.2501519122,Protein Phosphatase 1 Regulatory Subunit 3C integrates cholesterol metabolism and isocitrate dehydrogenase in chondrocytes and neoplasia.,2025,Proceedings of the National Academy of Sciences of the United States of America,2,"""cholesterol""; ""lovastatin""",compound x growth plate; target x growth x geometry,False,3.0033333333333334
PMC11594242,39596131,10.3390/ijms252212063,Efficient Production of Chondrocyte Particles from Human iPSC-Derived Chondroprogenitors Using a Plate-Based Cell Self-Aggregation Technique.,2024,International journal of molecular sciences,2,"""Y27632""",compound x growth plate,False,3.0033333333333334
PMC13223486,40207811,10.2174/0115733971359145250329194434,Nasal Chondrocytes Intensively Invade and Repair Pathologically Altered Cartilage Through Intrinsic Genomic Mechanisms: A Narrative Review.,2026,Current rheumatology reviews,2,"""CDC42""; ""RAC1""; ""RHOA""",target x growth x geometry,False,3.0033333333333334
PMC7350242,32630463,10.3390/ijms21124519,Innovative Three-Dimensional Microscopic Analysis of Uremic Growth Plate Discloses Alterations in the Process of Chondrocyte Hypertrophy: Effects of Growth Hormone Treatment.,2020,International journal of molecular sciences,2,"""NKCC1""; ""aquaporin""",target x growth x geometry,False,3.0033333333333334
PMC12219148,40593743,10.1038/s41536-025-00420-3,Bioengineered chondrocyte-products from human induced pluripotent stem cells are useful for repairing articular cartilage injury in minipig model.,2025,NPJ Regenerative medicine,2,"""Y27632""",compound x growth plate,False,3.0033333333333334
PMC11881514,40042132,10.1302/2046-3758.143.bjr-2024-0241.r1,Aberrant anabolism hinders constructive metabolism of chondrocytes by pharmacotherapy in osteoarthritis.,2025,Bone & joint research,2,"""TRPV4""",target x growth x geometry,False,3.0033333333333334
PMC12754447,41035230,10.5713/ab.25.0413,"BMP8A, TGF-β1 regulates chicken chondrocyte proliferation, differentiation, and apoptosis induced by Thiram.",2026,Animal bioscience,2,"""FAK""",target x growth x geometry,False,3.0033333333333334
PMC12702332,41399468,10.1016/j.ocarto.2025.100710,PIEZO mechanosensitivity in chondrocytes is differentially modulated by L-type and T-type voltage-sensitive ion channels.,2026,Osteoarthritis and cartilage open,1,"""PIEZO1""; ""PIEZO2""; ""Yoda1""",compound x growth plate; target x growth x geometry,False,3.0016666666666665
PMC12031251,40284819,10.3390/vetsci12040317,Effects of Oligomeric Proanthocyanidins on Cadmium-Induced Extracellular Matrix Damage via Inhibiting the ERK1/2 Signaling Pathway in Chicken Chondrocytes.,2025,Veterinary sciences,1,"""osmotic swelling""",target x growth x geometry,False,3.0016666666666665
PMC12398568,40885721,10.1038/s41536-025-00428-9,FGF9 treatment reduces off-target chondrocytes from iPSC-derived kidney organoids.,2025,NPJ Regenerative medicine,1,"""aquaporin""",target x growth x geometry,False,3.0016666666666665
PMC12053005,40330809,10.1002/jeo2.70261,Exploring the role of directly coupled alternating electric fields on chondrocyte morphology and redifferentiation capacity with a focus on sex differences.,2025,Journal of experimental orthopaedics,1,"""osmotic swelling""",target x growth x geometry,False,3.0016666666666665
PMC12378986,40854917,10.1038/s41598-025-11055-1,HIF-1α regulates the proliferation and differentiation of mouse cranial base sphenoid-occipital synchondrosis chondrocytes via PI3K/Akt signaling.,2025,Scientific reports,1,"""focal adhesion""",target x growth x geometry,False,3.0016666666666665
PMC12840631,41596277,10.3390/ijms27020624,Molecular Mechanisms of Chondrocyte Hypertrophy Mediated by Physical Cues and Therapeutic Strategies in Osteoarthritis.,2026,International journal of molecular sciences,1,"""CDC42""; ""FAK""; ""PIEZO1""; ""PIEZO2""; ""RAC1""; ""RHOA""; ""TRPV4""; ""focal adhesion""; ""microtubule""; ""osmotic swelling""; ""primary cilia""",target x growth x geometry,False,3.0016666666666665
PMC12858872,41617674,10.1038/s41413-025-00491-4,Microenvironmental stiffness directs microtubule perturbation in chondrocyte mitosis via ILK-refilinB/Smad3 axis.,2026,Bone research,1,"""RAC1""; ""RHOA""; ""blebbistatin""; ""centrosome""; ""focal adhesion""; ""microtubule""; ""nocodazole""; ""primary cilia""",compound x growth plate; target x growth x geometry,False,3.0016666666666665
PMC11233920,38989461,10.1016/j.isci.2024.110151,KIF22 regulates mitosis and proliferation of chondrocyte cells.,2024,iScience,1,"""centrosome""; ""microtubule""; ""nocodazole""",compound x growth plate; target x growth x geometry,False,3.0016666666666665
PMC11921700,40102965,10.1186/s13018-025-05557-x,Fibroblast IRF7-mediated chondrocyte apoptosis affects the progression of collapse in steroid-induced osteonecrosis of the femoral head.,2025,Journal of orthopaedic surgery and research,1,"""latrunculin""",compound x growth plate,False,3.0016666666666665
PMC11386322,39254122,10.1002/vms3.70013,"Effect of birth type and sex on growth performance, wither height, humerus-radius bone dimensions, humerus-ulna growth plate width and selected hormone profile in growing Gurcu goat kids.",2024,Veterinary medicine and science,1,"""jasplakinolide""",compound x growth plate,False,3.0016666666666665
PMC11655692,39703814,10.1016/j.reth.2024.11.018,Modeling vascular dynamics at the initial stage of endochondral ossification on a microfluidic chip using a human embryonic-stem-cell-derived organoid.,2025,Regenerative therapy,1,"""Y-27632""",compound x growth plate,False,3.0016666666666665
PMC12905582,41694589,10.7150/ijbs.124507,Abnormal mechanical load aggravates subchondral bone remodeling and uneven tibial plateau settlement in knee osteoarthritis via activation of osteoblast Piezo1-Ca²⁺-JAK2/STAT3 signaling.,2026,International journal of biological sciences,1,"""Yoda1""",compound x growth plate,False,3.0016666666666665
PMC10097873,37045932,10.1038/s41598-023-33060-y,Comparative- and network-based proteomic analysis of bacterial chondronecrosis with osteomyelitis lesions in broiler's proximal tibiae identifies new molecular signatures of lameness.,2023,Scientific reports,1,"""MYH9""",target x growth x geometry,False,3.0016666666666665
PMC10978376,38558926,10.1093/bjro/tzae005,Can diffusion tensor imaging unlock the secrets of the growth plate?,2024,BJR open,1,"""chondrocyte column""",target x growth x geometry,False,3.0016666666666665
PMC13097783,42003749,10.1080/20565623.2026.2658207,"The regulatory significance of chondrocyte hypertrophy in maintaining chondrocyte homeostasis, regeneration and repair.",2026,Future science OA,0,"""PIEZO1""",target x growth x geometry,False,3.0
PMC12841728,41596698,10.3390/ijms27021055,Triamcinolone Modulates Chondrocyte Biomechanics and Calcium-Dependent Mechanosensitivity.,2026,International journal of molecular sciences,0,"""GsMTx4""; ""PIEZO1""; ""PIEZO2""; ""TRPV4""",compound x growth plate; target x growth x geometry,False,3.0
PMC12608676,41226336,10.3390/ijms262110291,2D Chitosan-Based Films: A Proteomic Mass Spectrometry Study of Chondrocyte Phenotype as a Function of Cell-Biomaterial Interactions.,2025,International journal of molecular sciences,0,"""CDC42""; ""RAC1""; ""cofilin""",target x growth x geometry,False,3.0
PMC11852791,40002789,10.3390/biomedicines13020376,Mechanisms Underlying the Stimulation of DUSP10/MKP5 Expression in Chondrocytes by High Molecular Weight Hyaluronic Acid.,2025,Biomedicines,0,"""Y-27632""; ""Y27632""; ""simvastatin""",compound x growth plate,False,3.0
PMC11371864,39042176,10.1007/s00441-024-03905-7,Spatiotemporal analysis of multi-scale cell structure in spheroid culture reveals hypertrophic chondrocyte differentiation.,2024,Cell and tissue research,0,"""actin cortex""",target x growth x geometry,False,3.0
PMC12340534,40808880,10.1088/1361-6501/adf65a,Viscoelastic recovery times of chondrocytes measured using a novel 3D-printed microfluidic device.,2025,Measurement science & technology,0,"""actin cortex""",target x growth x geometry,False,3.0
PMC12584154,41194860,10.3389/fsurg.2025.1688702,Explainable machine learning-based prediction of early and mid-term postoperative complications in adolescent tibial fractures.,2025,Frontiers in surgery,0,"""jasplakinolide""",compound x growth plate,False,3.0
PMC13282069,42098082,10.1097/cm9.0000000000004089,Chondrocytes in fracture healing: A review of chondrocyte journey.,2026,Chinese medical journal,0,"""PIEZO1""",target x growth x geometry,False,3.0
PMC11149491,,,Decreased Tiam1‐mediated Rac1 activation is responsible for impaired directional persistence of chondrocyte migration in microtia,2024,Journal of cellular and molecular medicine,0,"""RAC1""",target x growth x geometry,False,3.0
PMC13287602,42045320,10.1038/s41598-026-49944-8,YKL-40 alleviates the TNF-α-Induced chondrocyte injury in osteoarthritis in vitro.,2026,Scientific reports,0,"""centrosome""",target x growth x geometry,False,3.0
PMC13284457,42338508,10.1016/j.bioactmat.2026.06.018,Growth plate cartilage-targeting nanoparticles for pharmacological treatment of hypochondroplasia.,2026,Bioactive materials,0,"""cadherin""; ""cytochalasin D""",compound x growth plate; target x growth x geometry,False,3.0
PMC12704073,41403648,10.1016/j.mbm.2025.100164,"Mechanical cues enhance chondrocyte function: Insights from mechanoreception, regulation, and biological responses.",2025,Mechanobiology in medicine,0,"""FAK""; ""PIEZO1""; ""PIEZO2""; ""RHOA""; ""TRPV4""; ""cofilin""; ""microtubule""; ""primary cilia""",target x growth x geometry,False,3.0
PMC12880507,41660007,10.1080/19768354.2026.2623320,MicroRNA-mediated mechanotransduction and chondrocyte differentiation in mesenchymal stem cells.,2026,Animal cells and systems,0,"""FAK""; ""RAC1""; ""RHOA""; ""focal adhesion""; ""planar cell polarity""",target x growth x geometry,False,3.0
PMC13011553,41692747,10.1186/s13287-026-04940-7,A damaging mutation in COL6A3 alters the mechanobiologic response of chondrocytes derived from human induced pluripotent stem cells.,2026,Stem cell research & therapy,0,"""TRPV4""; ""Y-27632""; ""osmotic swelling""",compound x growth plate; target x growth x geometry,False,3.0
PMC12950903,41778102,10.1155/sci/5955887,BMSC-Exosomes Combined With TGF-β1 Enhance Meniscal Fibrochondrocyte Function: Implications for Cartilage Repair.,2026,Stem cells international,0,"""focal adhesion""",target x growth x geometry,False,3.0
PMC12732918,41465285,10.3390/ijms262411858,Transcriptomics and Metabolomics Insights into the Dysregulation of Chondrocyte Differentiation Induced by T-2 Toxin.,2025,International journal of molecular sciences,0,"""cholesterol""; ""focal adhesion""",compound x growth plate; target x growth x geometry,False,3.0
PMC12383763,40868275,10.3390/biomedicines13082024,Factors Associated with Persistent Metatarsal Pain in Patients with Rheumatoid Arthritis in Remission: Clinical Implications and Multivariable Analysis in a Cross-Sectional Study.,2025,Biomedicines,0,"""cholesterol""",compound x growth plate,False,3.0
PMC12339082,39571160,10.14336/ad.2024.1094,Normal Bone Matrix Mineralization but Altered Growth Plate Morphology in the Lmna&lt;sup&gt;G609G/G609G&lt;/sup&gt; Mouse Model of Progeria.,2024,Aging and disease,0,"""cadherin""",target x growth x geometry,False,3.0
PMC12588941,41210251,10.3389/fcell.2025.1655408,Distinct effect of preconditioning with p38 MAPK signals on matrix-expanded human synovium-derived stem cell chondrogenesis: sb203580 favors chondrogenic differentiation while anisomycin benefits endochondral bone formation.,2025,Frontiers in cell and developmental biology,0,"""cadherin""",target x growth x geometry,False,3.0
PMC13262840,42284316,10.1371/journal.pone.0350746,Molecular characterization of superficial zone chondrocytes under pro-inflammatory and biomechanical stress conditions.,2026,PloS one,0,"""PIEZO1""; ""microtubule""",target x growth x geometry,False,3.0
PMC13280196,41982056,10.1002/adhm.71155,Recapitulating Endochondral Ossification for Bone Repair: From Development to Engineering Strategy.,2026,Advanced healthcare materials,0,"""PIEZO1""; ""RHOA""; ""cadherin""",target x growth x geometry,False,3.0
PMC13269894,42014772,10.1038/s41598-026-47546-y,Leucettamine B and nacryline derivative promote the first steps of endochondral ossification in vitro.,2026,Scientific reports,0,"""FAK""",target x growth x geometry,False,3.0
PMC12508189,40887495,10.1038/s12276-025-01529-7,Eicosapentaenoic acid restores inflammation-induced changes in chondrocyte mechanics by suppressing the NF-κB p65/CD44 signaling pathway and attenuates osteoarthritis.,2025,Experimental & molecular medicine,0,"""primary cilia""",target x growth x geometry,False,3.0
PMC13050443,41943852,10.7150/ijbs.125814,Piezo1-Fstl1 Axis in Fracture Healing: Modulation of the Chondrocyte Inflammation-ROS-Mitochondrial Damage Cascade and Application of Smart Delivery System.,2026,International journal of biological sciences,0,"""PIEZO1""; ""Yoda1""; ""cholesterol""",compound x growth plate; target x growth x geometry,False,3.0
PMC12871570,41645760,10.3892/ijmm.2026.5750,[Corrigendum] Inhibition of acid‑sensing ion channel 1a attenuates acid‑induced activation of autophagy via a calcium signaling pathway in articular chondrocytes.,2026,International journal of molecular medicine,0,"""microtubule""",target x growth x geometry,False,3.0
PMC12292748,40712009,10.1126/sciadv.adv4238,Genetically engineered chondrocyte-mimetic nanoplatform attenuates osteoarthritis by blocking IL-1β and restoring sirtuin-3.,2025,Science advances,0,"""amiloride""; ""cytochalasin D""",compound x growth plate,False,3.0
PMC13226731,42225637,10.1038/s41413-026-00548-y,Exploring mitochondrial functions and dysfunctions in chondrocytes: toward the identification of novel therapies for osteoarthritis.,2026,Bone research,0,"""ROCK2""; ""belumosudil""; ""nobiletin""",compound x growth plate; target x growth x geometry,False,3.0
PMC12842144,41596573,10.3390/ijms27020926,Spatiotemporal Regulation and Lineage Specification in Embryonic Endochondral Ossification.,2026,International journal of molecular sciences,0,"""planar cell polarity""",target x growth x geometry,False,3.0
PMC12685065,41289405,10.1073/pnas.2512316122,Growth hormone regulates the stem cell population in the growth plate.,2025,Proceedings of the National Academy of Sciences of the United States of America,0,"""chondrocyte column""; ""planar cell polarity""",target x growth x geometry,False,3.0
PMC13009359,41870835,10.1186/s43556-026-00435-2,Reduced cartilage matrix stiffness in temporomandibular joint osteoarthritis impairs the functions of superficial zone chondrocytes via downregulation of CREB5-PLPP3 signaling.,2026,Molecular biomedicine,0,"""FAK""",target x growth x geometry,False,3.0
PMC9321928,35877910,10.3390/membranes12070707,Roles of Sodium Hydrogen Exchanger (NHE1) and Anion Exchanger (AE2) across Chondrocytes Plasma Membrane during Longitudinal Bone Growth.,2022,Membranes,0,"""EIPA""; ""NHE1""; ""NKCC1""; ""SLC9A1""; ""amiloride""",compound x growth plate; target x growth x geometry,False,3.0
PMC12705387,41409609,10.3389/fendo.2025.1688220,Neutrophil elastase (Elane) may serve as a potential therapeutic target in inflammatory bowel disease-associated growth attenuation: focus on the epiphyseal growth plate in young male rats.,2025,Frontiers in endocrinology,0,"""cholesterol""",compound x growth plate; target x growth x geometry,False,3.0
PMC13125190,42025006,10.1016/j.psj.2026.106927,Gut microbiota dysbiosis induced by tibial dyschondroplasia in turn accelerates disease pathogenesis through the gut-bone axis in broilers.,2026,Poultry science,0,"""cholesterol""",compound x growth plate; target x growth x geometry,False,3.0
PMC12998651,41859379,10.2147/jir.s568766,Disulfidptosis-Induced Chondrocyte-Macrophage Crosstalk via GYS1/CCND1/NOD2 Axis Promotes Osteoarthritis Progression.,2026,Journal of inflammation research,0,"""MYH9""",target x growth x geometry,False,3.0
PMC11502490,38684886,10.1038/s41390-024-03192-6,Lithium rescues cultured rat metatarsals from dexamethasone-induced growth failure.,2024,Pediatric research,0,"""cadherin""; ""cholesterol""; ""primary cilia""",compound x growth plate; target x growth x geometry,False,3.0
PMC10048135,36980807,10.3390/genes14030534,Roles of Local Soluble Factors in Maintaining the Growth Plate: An Update.,2023,Genes,0,"""PIEZO1""; ""planar cell polarity""",target x growth x geometry,False,3.0
PMC11313680,39126115,10.3390/ijms25158547,"Connexin 43 Modulation in Human Chondrocytes, Osteoblasts and Cartilage Explants: Implications for Inflammatory Joint Disorders.",2024,International journal of molecular sciences,0,"""nobiletin""",compound x growth plate,False,3.0
PMC10347027,37456419,10.7759/cureus.40400,Spontaneous Fracture of the Fifth Metatarsal Secondary to Gout Tophus in a Young Patient: A Case Report.,2023,Cureus,0,"""colchicine""",compound x growth plate,False,3.0
PMC10671750,,,Inflammatory and Metabolic Signaling Interfaces of the Hypertrophic and Senescent Chondrocyte Phenotypes Associated with Osteoarthritis,2023,International journal of molecular sciences,0,"""aquaporin""",target x growth x geometry,False,3.0
PMC12973337,41312909,10.1002/adhm.202503527,Platelet Lysate-Enriched Human Induced Pluripotent Stem Cell-Derived Chondrocyte Sheets for Bone Defect Repair via Endochondral Ossification.,2026,Advanced healthcare materials,0,"""nobiletin""",compound x growth plate,False,3.0
PMC13182562,42157948,10.7150/ijbs.126065,Piezo1 in hypertrophic chondrocytes regulates osteoclastogenesis in endochondral ossification.,2026,International journal of biological sciences,0,"""GsMTx4""; ""PIEZO1""; ""PIEZO2""; ""Yoda1""; ""primary cilia""",compound x growth plate; target x growth x geometry,False,3.0
PMC2174829,10831617,10.1083/jcb.149.5.1143,The cysteine-rich domain of human ADAM 12 supports cell adhesion through syndecans and triggers signaling events that lead to beta1 integrin-dependent cell spreading.,2000,The Journal of cell biology,194,"""integrin beta1""",target x growth x geometry,False,2.3233333333333333
PMC3535348,22565821,10.1007/s00018-012-1002-9,Nonmuscle myosin-2: mix and match.,2013,Cellular and molecular life sciences : CMLS,187,"""actin cortex""",target x growth x geometry,False,2.3116666666666665
PMC7364498,32678016,10.1186/s13287-020-01789-2,A glance on the role of actin in osteogenic and adipogenic differentiation of mesenchymal stem cells.,2020,Stem cell research & therapy,118,"""ROCK2""; ""cofilin""; ""cytochalasin D""",compound x growth plate; target x growth x geometry,False,2.1966666666666668
PMC6383868,30789897,10.1371/journal.pbio.3000132,Feather arrays are patterned by interacting signalling and cell density waves.,2019,PLoS biology,117,"""latrunculin""",compound x growth plate,False,2.195
PMC4802171,26996322,10.1038/ncomms11024,Ciliary IFT80 balances canonical versus non-canonical hedgehog signalling for osteoblast differentiation.,2016,Nature communications,109,"""ROCK2""",target x growth x geometry,False,2.1816666666666666
PMC10031257,36970189,10.1016/j.apsb.2022.09.020,Roles of focal adhesion proteins in skeleton and diseases.,2023,Acta pharmaceutica Sinica. B,106,"""FAK""; ""planar cell polarity""",target x growth x geometry,False,2.1766666666666667
PMC9916999,36763657,10.1126/sciadv.ade9497,Collagen hydrogel viscoelasticity regulates MSC chondrogenesis in a ROCK-dependent manner.,2023,Science advances,92,"""ROCK1""; ""Y-27632""; ""blebbistatin""",compound x growth plate; target x growth x geometry,False,2.1533333333333333
PMC4931666,27058559,10.3390/cells5020017,The Regulation of Cellular Responses to Mechanical Cues by Rho GTPases.,2016,Cells,85,"""LIMK1""; ""non-muscle myosin II""",target x growth x geometry,False,2.1416666666666666
PMC3726577,23923061,10.1371/journal.pone.0071283,Modulating the actin cytoskeleton affects mechanically induced signal transduction and differentiation in mesenchymal stem cells.,2013,PloS one,83,"""latrunculin""",compound x growth plate,False,2.138333333333333
PMC7960671,33737879,10.3389/fphys.2020.623769,Endothelial Cell Orientation and Polarity Are Controlled by Shear Stress and VEGF Through Distinct Signaling Pathways.,2020,Frontiers in physiology,80,"""PND-1186""; ""centrosome""",compound x growth plate; target x growth x geometry,False,2.1333333333333333
PMC4909859,26965371,10.1242/dev.130120,Centrosomal protein CP110 controls maturation of the mother centriole during cilia biogenesis.,2016,"Development (Cambridge, England)",73,"""nocodazole""",compound x growth plate,False,2.1216666666666666
PMC9103838,35563826,10.3390/cells11091520,RhoA Signaling in Neurodegenerative Diseases.,2022,Cells,72,"""LIMK1""; ""Y27632""; ""fasudil""",compound x growth plate; target x growth x geometry,False,2.12
PMC9852586,36658332,10.1038/s42003-022-04320-w,"Biomechanical, biophysical and biochemical modulators of cytoskeletal remodelling and emergent stem cell lineage commitment.",2023,Communications biology,70,"""blebbistatin""; ""centrosome""; ""cofilin""; ""cytochalasin D""; ""latrunculin""; ""nocodazole""",compound x growth plate; target x growth x geometry,False,2.1166666666666667
PMC2115371,2537838,10.1083/jcb.108.3.903,Type I collagen gel induces Madin-Darby canine kidney cells to become fusiform in shape and lose apical-basal polarity.,1989,The Journal of cell biology,70,"""actin cortex""",target x growth x geometry,False,2.1166666666666667
PMC4855537,27126736,10.1038/ncomms11455,RhoA determines lineage fate of mesenchymal stem cells by modulating CTGF-VEGF complex in extracellular matrix.,2016,Nature communications,64,"""fasudil""",compound x growth plate,False,2.1066666666666665
PMC4381626,25883548,10.3389/fncel.2015.00099,Cytoskeletal proteins in cortical development and disease: actin associated proteins in periventricular heterotopia.,2015,Frontiers in cellular neuroscience,59,"""latrunculin""; ""non-muscle myosin II""",compound x growth plate; target x growth x geometry,False,2.098333333333333
PMC4605238,26509098,10.1038/boneres.2015.15,Rho/Rock signal transduction pathway is required for MSC tenogenic differentiation.,2015,Bone research,55,"""blebbistatin""; ""latrunculin""; ""non-muscle myosin II""",compound x growth plate; target x growth x geometry,False,2.091666666666667
PMC3611596,20736063,10.1016/j.matbio.2010.08.009,An experimental model for studying the biomechanics of embryonic tendon: Evidence that the development of mechanical properties depends on the actinomyosin machinery.,2010,Matrix biology : journal of the International Society for Matrix Biology,54,"""blebbistatin""; ""non-muscle myosin II""",compound x growth plate; target x growth x geometry,False,2.09
PMC5963142,29784011,10.1186/s13287-018-0883-4,Extremely low frequency electromagnetic fields promote mesenchymal stem cell migration by increasing intracellular Ca<sup>2+</sup> and activating the FAK/Rho GTPases signaling pathways in vitro.,2018,Stem cell research & therapy,52,"""PF-573228""",compound x growth plate,False,2.086666666666667
PMC10620770,37743763,10.15252/embj.2023113891,Emerging principles of primary cilia dynamics in controlling tissue organization and function.,2023,The EMBO journal,51,"""centrosome""; ""cytochalasin D""; ""primary cilia""",compound x growth plate; target x growth x geometry,False,2.085
PMC3439462,22984454,10.1371/journal.pone.0043938,Viscoelastic cell mechanics and actin remodelling are dependent on the rate of applied pressure.,2012,PloS one,50,"""actin cortex""",target x growth x geometry,False,2.0833333333333335
PMC8518377,33754478,10.1002/cm.21658,Cytoskeletal prestress: The cellular hallmark in mechanobiology and mechanomedicine.,2021,"Cytoskeleton (Hoboken, N.J.)",47,"""blebbistatin""",compound x growth plate,False,2.078333333333333
PMC4769141,26792287,10.1016/j.jbiomech.2015.12.034,Differential effects of LifeAct-GFP and actin-GFP on cell mechanics assessed using micropipette aspiration.,2016,Journal of biomechanics,47,"""actin cortex""",target x growth x geometry,False,2.078333333333333
PMC4315251,25624393,10.1083/jcb.201408058,"Ror2 regulates branching, differentiation, and actin-cytoskeletal dynamics within the mammary epithelium.",2015,The Journal of cell biology,47,"""NKCC1""",target x growth x geometry,False,2.078333333333333
PMC6196919,30402108,10.1155/2018/2891957,The Mechanobiology of the Actin Cytoskeleton in Stem Cells during Differentiation and Interaction with Biomaterials.,2018,Stem cells international,44,"""LIMK1""",target x growth x geometry,False,2.0733333333333333
PMC9108448,35586339,10.3389/fcell.2022.886048,Force From Filaments: The Role of the Cytoskeleton and Extracellular Matrix in the Gating of Mechanosensitive Channels.,2022,Frontiers in cell and developmental biology,44,"""cytochalasin D""; ""latrunculin""; ""nocodazole""",compound x growth plate,False,2.0733333333333333
PMC7554939,32927783,10.3390/ijms21186629,Heterogeneity and Actin Cytoskeleton in Osteoclast and Macrophage Multinucleation.,2020,International journal of molecular sciences,43,"""actin cortex""; ""latrunculin""",compound x growth plate; target x growth x geometry,False,2.0716666666666668
PMC8724769,34981518,10.15252/embj.2021108843,Balancing the length of the distal tip by septins is key for stability and signalling function of primary cilia.,2022,The EMBO journal,41,"""nocodazole""",compound x growth plate,False,2.0683333333333334
PMC6362014,30718762,10.1038/s41598-018-38020-5,Caveolin-1α regulates primary cilium length by controlling RhoA GTPase activity.,2019,Scientific reports,41,"""CN03""",compound x growth plate,False,2.0683333333333334
PMC9496670,36139471,10.3390/cells11182896,Links of Cytoskeletal Integrity with Disease and Aging.,2022,Cells,40,"""blebbistatin""; ""nocodazole""",compound x growth plate,False,2.066666666666667
PMC4255193,25471686,10.1038/srep07307,"Stem cell differentiation increases membrane-actin adhesion regulating cell blebability, migration and mechanics.",2014,Scientific reports,39,"""actin cortex""",target x growth x geometry,False,2.065
PMC3173483,21935480,10.1371/journal.pone.0024847,Remodeling of actin cytoskeleton in mouse periosteal cells under mechanical loading induces periosteal cell proliferation during bone formation.,2011,PloS one,39,"""non-muscle myosin II""",target x growth x geometry,False,2.065
PMC8082996,33995991,10.1177/2040622321991705,Serum-derived exosomes containing NEAT1 promote the occurrence of rheumatoid arthritis through regulation of miR-144-3p/ROCK2 axis.,2021,Therapeutic advances in chronic disease,38,"""ROCK2""",target x growth x geometry,False,2.0633333333333335
PMC3907862,24441571,10.3390/ijms15011176,Leptin activates RhoA/ROCK pathway to induce cytoskeleton remodeling in nucleus pulposus cells.,2014,International journal of molecular sciences,37,"""LIMK1""; ""LIMK2""",target x growth x geometry,False,2.0616666666666665
PMC9338847,35915804,10.1155/2022/6871269,Mechanical Stretch Promotes Macrophage Polarization and Inflammation via the RhoA-ROCK/NF-&lt;i&gt;κ&lt;/i&gt;B Pathway.,2022,BioMed research international,34,"""ROCK1""; ""ROCK2""; ""Y-27632""",compound x growth plate; target x growth x geometry,False,2.0566666666666666
PMC6396101,30825839,10.1016/j.isci.2019.02.010,Non-muscle Myosin-II Is Required for the Generation of a Constriction Site for Subsequent Abscission.,2019,iScience,33,"""blebbistatin""; ""nocodazole""; ""non-muscle myosin II""",compound x growth plate; target x growth x geometry,False,2.055
PMC4523177,26237312,10.1371/journal.pone.0134702,Cytoskeletal Reorganization Drives Mesenchymal Condensation and Regulates Downstream Molecular Signaling.,2015,PloS one,33,"""blebbistatin""",compound x growth plate,False,2.055
PMC10444958,37621771,10.1016/j.bioactmat.2023.06.016,Disturbing cytoskeleton by engineered nanomaterials for enhanced cancer therapeutics.,2023,Bioactive materials,30,"""CDC42""; ""centrosome""; ""cofilin""; ""latrunculin""; ""microtubule""",compound x growth plate; target x growth x geometry,False,2.05
PMC7925793,33655459,10.1186/s13619-020-00071-3,RhoA/Rock activation represents a new mechanism for inactivating Wnt/β-catenin signaling in the aging-associated bone loss.,2021,"Cell regeneration (London, England)",30,"""ROCK2""; ""fasudil""",compound x growth plate; target x growth x geometry,False,2.05
PMC7106963,32034931,10.1111/cpr.12765,Primary cilia: Versatile regulator in cartilage development.,2020,Cell proliferation,28,"""TRPV4""; ""microtubule""; ""primary cilia""",target x growth x geometry,False,2.046666666666667
PMC4161385,25211221,10.1371/journal.pone.0107036,Arhgap28 is a RhoGAP that inactivates RhoA and downregulates stress fibers.,2014,PloS one,28,"""non-muscle myosin II""",target x growth x geometry,False,2.046666666666667
PMC6009972,29921325,10.1186/s13287-018-0910-5,Inhibition of the RhoGTPase Cdc42 by ML141 enhances hepatocyte differentiation from human adipose-derived mesenchymal stem cells via the Wnt5a/PI3K/miR-122 pathway: impact of the age of the donor.,2018,Stem cell research & therapy,27,"""CASIN""; ""ML141""",compound x growth plate,False,2.045
PMC5832166,29535777,10.1155/2018/6913594,TGF<i>β</i>1-Induced Differentiation of Human Bone Marrow-Derived MSCs Is Mediated by Changes to the Actin Cytoskeleton.,2018,Stem cells international,25,"""cytochalasin D""",compound x growth plate,False,2.0416666666666665
PMC9809938,35613303,10.1080/15548627.2022.2067383,Crosstalk between cilia and autophagy: implication for human diseases.,2023,Autophagy,23,"""MYH9""",target x growth x geometry,False,2.038333333333333
PMC5836888,29195023,10.1002/wsbm.1407,Computational modeling of single-cell mechanics and cytoskeletal mechanobiology.,2018,Wiley interdisciplinary reviews. Systems biology and medicine,23,"""non-muscle myosin II""",target x growth x geometry,False,2.038333333333333
PMC8519677,34659420,10.1155/2021/8284690,Rho/ROCK Inhibition Promotes TGF-<i>β</i>3-Induced Tenogenic Differentiation in Mesenchymal Stromal Cells.,2021,Stem cells international,23,"""Y-27632""",compound x growth plate,False,2.038333333333333
PMC9203963,35721512,10.3389/fcell.2022.863721,Cells Dynamically Adapt to Surface Geometry by Remodeling Their Focal Adhesions and Actin Cytoskeleton.,2022,Frontiers in cell and developmental biology,22,"""focal adhesion""; ""microtubule""; ""non-muscle myosin II""",target x growth x geometry,False,2.0366666666666666
PMC10104879,37059721,10.1038/s41467-023-37760-x,In mitosis integrins reduce adhesion to extracellular matrix and strengthen adhesion to adjacent cells.,2023,Nature communications,22,"""MYH9""; ""cytochalasin D""",compound x growth plate; target x growth x geometry,False,2.0366666666666666
PMC7072529,31979260,10.3390/cells9020278,Regulation of the Extracellular Matrix by Ciliary Machinery.,2020,Cells,22,"""centrosome""; ""planar cell polarity""; ""primary cilia""",target x growth x geometry,False,2.0366666666666666
PMC5380722,28424587,10.3389/fnmol.2017.00096,"Interactions of the Mechanosensitive Channels with Extracellular Matrix, Integrins, and Cytoskeletal Network in Osmosensation.",2017,Frontiers in molecular neuroscience,22,"""aquaporin""",target x growth x geometry,False,2.0366666666666666
PMC8085225,33927279,10.1038/s41598-021-88633-6,Estrogen withdrawal alters cytoskeletal and primary ciliary dynamics resulting in increased Hedgehog and osteoclastogenic paracrine signalling in osteocytes.,2021,Scientific reports,22,"""Y27632""; ""blebbistatin""",compound x growth plate,False,2.0366666666666666
PMC7014472,31936261,10.3390/ijms21020385,The Rho GTPase RAC1 in Osteoblasts Controls Their Function.,2020,International journal of molecular sciences,21,"""EHT1864""",compound x growth plate,False,2.035
PMC8431768,34502512,10.3390/ijms22179605,"Cilia, Centrosomes and Skeletal Muscle.",2021,International journal of molecular sciences,20,"""cytochalasin D""; ""nocodazole""",compound x growth plate,False,2.033333333333333
PMC5903644,29664925,10.1371/journal.pone.0195588,Actin and myosin II modulate differentiation of pluripotent stem cells.,2018,PloS one,20,"""blebbistatin""",compound x growth plate,False,2.033333333333333
PMC3979163,23856044,10.1186/ar4240,Wnt and Rho GTPase signaling in osteoarthritis development and intervention: implications for diagnosis and therapy.,2013,Arthritis research & therapy,20,"""NSC23766""; ""fasudil""",compound x growth plate,False,2.033333333333333
PMC10077675,37020186,10.1186/s10020-023-00638-1,RhoA promotes osteoclastogenesis and regulates bone remodeling through mTOR-NFATc1 signaling.,2023,"Molecular medicine (Cambridge, Mass.)",20,"""CDC42""; ""ROCK1""; ""ROCK2""; ""Y-27632""; ""Y27632""; ""fasudil""",compound x growth plate; target x growth x geometry,False,2.033333333333333
PMC8616380,34831087,10.3390/cells10112864,Cathepsin K Regulates Intraocular Pressure by Modulating Extracellular Matrix Remodeling and Actin-Bundling in the Trabecular Meshwork Outflow Pathway.,2021,Cells,20,"""cofilin""",target x growth x geometry,False,2.033333333333333
PMC6056413,30038235,10.1038/s41598-018-29502-7,Mechanical loading induces primary cilia disassembly in tendon cells via TGFβ and HDAC6.,2018,Scientific reports,19,"""blebbistatin""",compound x growth plate,False,2.0316666666666667
PMC6637207,31316098,10.1038/s41598-019-46682-y,Fluorescence Imaging of Actin Turnover Parses Early Stem Cell Lineage Divergence and Senescence.,2019,Scientific reports,19,"""nocodazole""",compound x growth plate,False,2.0316666666666667
PMC5365243,28377971,10.1016/j.bonr.2015.10.003,Massive elimination of multinucleated osteoclasts by eupatilin is due to dual inhibition of transcription and cytoskeletal rearrangement.,2015,Bone reports,19,"""LIMK2""",target x growth x geometry,False,2.0316666666666667
PMC8548615,34721078,10.3389/fphys.2021.755598,LKB1 Regulates Goat Intramuscular Adipogenesis Through Focal Adhesion Pathway.,2021,Frontiers in physiology,19,"""PF-573228""",compound x growth plate,False,2.0316666666666667
PMC7823140,33500659,10.2147/cmar.s279496,ROCK2 Promotes Osteosarcoma Growth and Glycolysis by Up-Regulating HKII via Phospho-PI3K/AKT Signalling.,2021,Cancer management and research,18,"""ROCK2""",target x growth x geometry,False,2.03
PMC10189446,37206242,10.1002/btm2.10509,Unique osteogenic profile of bone marrow stem cells stimulated in perfusion bioreactor is Rho-ROCK-mediated contractility dependent.,2023,Bioengineering & translational medicine,15,"""LIMK1""; ""ROCK2""; ""Y27632""; ""blebbistatin""",compound x growth plate; target x growth x geometry,False,2.025
PMC9233574,35761830,10.1155/2022/6063423,Role of Primary Cilia in Skeletal Disorders.,2022,Stem cells international,14,"""cell rotation""; ""primary cilia""",target x growth x geometry,False,2.0233333333333334
PMC11074336,38710741,10.1038/s41598-024-60717-z,Differential Smad2/3 linker phosphorylation is a crosstalk mechanism of Rho/ROCK and canonical TGF-β3 signaling in tenogenic differentiation.,2024,Scientific reports,13,"""Y-27632""",compound x growth plate,False,2.0216666666666665
PMC9691290,36438570,10.3389/fcell.2022.1047256,Non-muscle myosin II and the plasticity of 3D cell migration.,2022,Frontiers in cell and developmental biology,13,"""actin cortex""; ""blebbistatin""; ""latrunculin""; ""non-muscle myosin II""",compound x growth plate; target x growth x geometry,False,2.0216666666666665
PMC9851748,36018820,10.1093/hmg/ddac213,Dominantly acting KIF5B variants with pleiotropic cellular consequences cause variable clinical phenotypes.,2023,Human molecular genetics,13,"""nocodazole""",compound x growth plate,False,2.0216666666666665
PMC10238430,37268650,10.1038/s41368-023-00223-6,Primary cilia support cartilage regeneration after injury.,2023,International journal of oral science,13,"""primary cilia""",target x growth x geometry,False,2.0216666666666665
PMC3861116,24348270,10.1371/journal.pgen.1003998,A trans-acting protein effect causes severe eye malformation in the Mp mouse.,2013,PLoS genetics,12,"""NKCC1""; ""SLC12A2""",target x growth x geometry,False,2.02
PMC8718819,35005558,10.1016/j.isci.2021.103620,Rho GTPase signaling in rheumatic diseases.,2022,iScience,12,"""EHT1864""; ""ML141""; ""NSC23766""",compound x growth plate,False,2.02
PMC10163346,37039156,10.1242/dev.201273,The non-canonical Wnt receptor Ror2 is required for cartilage cell polarity and morphogenesis of the craniofacial skeleton in zebrafish.,2023,"Development (Cambridge, England)",12,"""CDC42""; ""centrosome""",target x growth x geometry,False,2.02
PMC7789614,33407478,10.1186/s12935-020-01728-4,Synergism between the phosphatidylinositol 3-kinase p110β isoform inhibitor AZD6482 and the mixed lineage kinase 3 inhibitor URMC-099 on the blockade of glioblastoma cell motility and focal adhesion formation.,2021,Cancer cell international,11,"""ROCK2""",target x growth x geometry,False,2.0183333333333335
PMC8104237,33538509,10.1097/cm9.0000000000001369,MicroRNA-23a reduces lipopolysaccharide-induced cellular apoptosis and inflammatory cytokine production through Rho-associated kinase 1/sirtuin-1/nuclear factor-kappa B crosstalk.,2021,Chinese medical journal,11,"""hydroxyfasudil""",compound x growth plate,False,2.0183333333333335
PMC11403584,39018246,10.1016/j.celrep.2024.114510,Proteomic analysis reveals a PLK1-dependent G2/M degradation program and a role for AKAP2 in coordinating the mitotic cytoskeleton.,2024,Cell reports,11,"""centrosome""; ""cofilin""; ""nocodazole""",compound x growth plate; target x growth x geometry,False,2.0183333333333335
PMC11522781,39259535,10.1096/fj.202400151r,Focal adhesion kinase regulates tendon cell mechanoresponse and physiological tendon development.,2024,FASEB journal : official publication of the Federation of American Societies for Experimental Biology,11,"""FAK""; ""PF-573228""; ""blebbistatin""",compound x growth plate; target x growth x geometry,False,2.0183333333333335
PMC7525813,32520638,10.1091/mbc.e20-04-0232,"An IFT20 mechanotrafficking axis is required for integrin recycling, focal adhesion dynamics, and polarized cell migration.",2020,Molecular biology of the cell,10,"""integrin beta1""; ""nocodazole""",compound x growth plate; target x growth x geometry,False,2.0166666666666666
PMC9402923,36032170,10.3389/fimmu.2022.883178,Evasion of NK cell immune surveillance <i>via</i> the vimentin-mediated cytoskeleton remodeling.,2022,Frontiers in immunology,10,"""latrunculin""",compound x growth plate,False,2.0166666666666666
PMC9026312,35457148,10.3390/ijms23084331,Mechano Growth Factor Accelerates ACL Repair and Improves Cell Mobility of Mechanically Injured Human ACL Fibroblasts by Targeting Rac1-PAK1/2 and RhoA-ROCK1 Pathways.,2022,International journal of molecular sciences,10,"""ROCK1""",target x growth x geometry,False,2.0166666666666666
PMC11055650,38681858,10.1155/2024/2172632,Human Placental Mesenchymal Stem Cells-Exosomes Alleviate Endothelial Barrier Dysfunction via Cytoskeletal Remodeling through hsa-miR-148a-3p/ROCK1 Pathway.,2024,Stem cells international,9,"""ROCK1""",target x growth x geometry,False,2.015
PMC11889814,40057686,10.1186/s10020-025-01147-z,Piezo1 promotes intervertebral disc degeneration through the Ca&lt;sup&gt;2+&lt;/sup&gt;/F-actin/Yap signaling axis.,2025,"Molecular medicine (Cambridge, Mass.)",9,"""GsMTx4""; ""PIEZO1""; ""PIEZO2""; ""RAC1""; ""RHOA""; ""Yoda1""; ""latrunculin""; ""microtubule""",compound x growth plate; target x growth x geometry,False,2.015
PMC3879916,24404335,10.4062/biomolther.2013.041,A ROCK Inhibitor Blocks the Inhibitory Effect of Chondroitin Sulfate Proteoglycan on Morphological Changes of Mesenchymal Stromal/Stem Cells into Neuron-Like Cells.,2013,Biomolecules & therapeutics,9,"""fasudil""",compound x growth plate,False,2.015
PMC10728492,38116014,10.3389/fimmu.2023.1280884,Inhibition of focal adhesion kinase 2 results in a macrophage polarization shift to M2 which attenuates local and systemic inflammation and reduces heterotopic ossification after polysystem extremity trauma.,2023,Frontiers in immunology,9,"""PF-573228""; ""defactinib""",compound x growth plate,False,2.015
PMC7432906,32722300,10.3390/ijms21155269,The Janus Role of Adhesion in Chondrogenesis.,2020,International journal of molecular sciences,9,"""actin cortex""",target x growth x geometry,False,2.015
PMC9525753,36193252,10.1155/2022/2560441,Primary Cilia: A Cellular Regulator of Articular Cartilage Degeneration.,2022,Stem cells international,9,"""centrosome""; ""primary cilia""",target x growth x geometry,False,2.015
PMC8837231,35133922,10.1080/19491034.2022.2029297,Architectural control of mesenchymal stem cell phenotype through nuclear actin.,2022,"Nucleus (Austin, Tex.)",8,"""cofilin""; ""cytochalasin D""; ""latrunculin""",compound x growth plate; target x growth x geometry,False,2.013333333333333
PMC12095056,40301543,10.1038/s41388-025-03416-x,Primary cilia and cancer: a tale of many faces.,2025,Oncogene,8,"""centrosome""; ""primary cilia""",target x growth x geometry,False,2.013333333333333
PMC9626489,36319634,10.1038/s41467-022-34310-9,Profilin-1 regulates DNA replication forks in a context-dependent fashion by interacting with SNF2H and BOD1L.,2022,Nature communications,8,"""nocodazole""",compound x growth plate,False,2.013333333333333
PMC12302343,39306273,10.1016/j.jare.2024.09.012,The effects of primary cilia-mediated mechanical stimulation on nestin&lt;sup&gt;+&lt;/sup&gt;-BMSCs during bone-tendon healing.,2025,Journal of advanced research,7,"""primary cilia""",target x growth x geometry,False,2.0116666666666667
PMC10994658,38573316,10.7554/elife.89080,ROCK and the actomyosin network control biomineral growth and morphology during sea urchin skeletogenesis.,2024,eLife,7,"""ROCK1""; ""ROCK2""; ""Y27632""; ""blebbistatin""; ""latrunculin""",compound x growth plate; target x growth x geometry,False,2.0116666666666667
PMC6628028,31212828,10.3390/ijms20122872,Src and ROCK Kinases Differentially Regulate Mineralization of Human Osteosarcoma Saos-2 Cells.,2019,International journal of molecular sciences,7,"""non-muscle myosin II""",target x growth x geometry,False,2.0116666666666667
PMC8140822,34095301,10.1155/2021/5565748,Gentiopicroside Produces Endothelium-Independent Vasodilation by Deactivating the PI3K/Akt/Rho-Kinase Pathway in Isolated Rat Thoracic Aorta.,2021,BioMed research international,7,"""Y27632""; ""fasudil""",compound x growth plate,False,2.0116666666666667
PMC9698530,36355554,10.3390/ph15111380,"Modulation of Cytoskeleton, Protein Trafficking, and Signaling Pathways by Metabolites from <i>Cucurbitaceae</i>, <i>Ericaceae,</i> and <i>Rosaceae</i> Plant Families.",2022,"Pharmaceuticals (Basel, Switzerland)",7,"""LIMK1""; ""cofilin""",target x growth x geometry,False,2.0116666666666667
PMC6834460,31768460,10.22603/ssrr.2019-0019,Minimal Sustainability of Dedifferentiation by ROCK Inhibitor on Rat Nucleus Pulposus Cells In Vitro.,2019,Spine surgery and related research,7,"""fasudil""",compound x growth plate,False,2.0116666666666667
PMC11586524,39470011,10.1242/dev.202645,SMPD4-mediated sphingolipid metabolism regulates brain and primary cilia development.,2024,"Development (Cambridge, England)",7,"""Y27632""",compound x growth plate,False,2.0116666666666667
PMC9621586,36325441,10.3389/fendo.2022.913979,Aberrant activation of TGF-β1 induces high bone turnover <i>via</i> Rho GTPases-mediated cytoskeletal remodeling in Camurati-Engelmann disease.,2022,Frontiers in endocrinology,7,"""NSC23766""; ""ROCK2""; ""Y27632""",compound x growth plate; target x growth x geometry,False,2.0116666666666667
PMC10371340,37219951,10.1172/jci.insight.159141,TIAM1 acts as an actin organization regulator to control adipose tissue-derived pericyte cell fate.,2023,JCI insight,6,"""CDC42""; ""NSC23766""; ""RAC1""; ""Y27632""",compound x growth plate; target x growth x geometry,False,2.01
PMC12206920,40583059,10.1038/s41392-025-02291-y,The mechanosensitive adhesion G protein-coupled receptor 133 (GPR133/ADGRD1) enhances bone formation.,2025,Signal transduction and targeted therapy,6,"""planar cell polarity""",target x growth x geometry,False,2.01
PMC8478414,34542405,10.7554/elife.60381,Condensation tendency and planar isotropic actin gradient induce radial alignment in confined monolayers.,2021,eLife,6,"""blebbistatin""",compound x growth plate,False,2.01
PMC11564563,39543090,10.1038/s41419-024-07234-z,Glial maturation factor-β deficiency prevents oestrogen deficiency-induced bone loss by remodelling the actin network to suppress adipogenesis of bone marrow mesenchymal stem cells.,2024,Cell death & disease,6,"""latrunculin""",compound x growth plate,False,2.01
PMC7640439,33148199,10.1186/s12885-020-07542-5,The DLC-1 tumor suppressor is involved in regulating immunomodulation of human mesenchymal stromal /stem cells through interacting with the Notch1 protein.,2020,BMC cancer,6,"""Y27632""",compound x growth plate,False,2.01
PMC11901018,40076734,10.3390/ijms26052110,Ciliary and Non-Ciliary Roles of IFT88 in Development and Diseases.,2025,International journal of molecular sciences,6,"""centrosome""; ""microtubule""; ""planar cell polarity""; ""primary cilia""",target x growth x geometry,False,2.01
PMC11900803,40083708,10.7150/ijbs.93678,"Thrombospondin 1 Promotes Cytoskeleton Remodeling, Dedifferentiation, and Pulmonary Metastasis through ITGA1 and ITGA6 in Osteosarcoma.",2025,International journal of biological sciences,6,"""FAK""; ""LIMK1""; ""RHOA""",target x growth x geometry,False,2.01
PMC8564058,34755093,10.1016/j.isci.2021.103254,An ATX-LPA&lt;sub&gt;6&lt;/sub&gt;-Gα&lt;sub&gt;13&lt;/sub&gt;-ROCK axis shapes and maintains caudal vein plexus in zebrafish.,2021,iScience,5,"""blebbistatin""",compound x growth plate,False,2.0083333333333333
PMC10198138,37213676,10.7150/ijms.81666,Mechanical stretching induces fibroblasts apoptosis through activating Piezo1 and then destroying actin cytoskeleton.,2023,International journal of medical sciences,5,"""latrunculin""",compound x growth plate,False,2.0083333333333333
PMC7567845,33067523,10.1038/s42003-020-01309-1,Actomyosin and the MRTF-SRF pathway downregulate FGFR1 in mesenchymal stromal cells.,2020,Communications biology,5,"""blebbistatin""",compound x growth plate,False,2.0083333333333333
PMC10092651,36753380,10.1091/mbc.e22-06-0219,Lithium-induced ciliary lengthening sparks Arp2/3 complex-dependent endocytosis.,2023,Molecular biology of the cell,5,"""blebbistatin""",compound x growth plate,False,2.0083333333333333
PMC12066368,40357414,10.3389/ebm.2025.10490,Primary cilia and inflammatory response: unveiling new mechanisms in osteoarthritis progression.,2025,"Experimental biology and medicine (Maywood, N.J.)",5,"""GSK1016790A""; ""HC-067047""; ""primary cilia""",compound x growth plate; target x growth x geometry,False,2.0083333333333333
PMC11569590,38183234,10.1177/19476035231223455,The Actin Cytoskeleton as a Regulator of Proteoglycan 4.,2025,Cartilage,4,"""CDC42""; ""ML141""; ""cofilin""; ""cytochalasin D""; ""jasplakinolide""; ""latrunculin""",compound x growth plate; target x growth x geometry,False,2.006666666666667
PMC11872993,39565502,10.1007/s12015-024-10824-1,HucMSCs-derived Exosomes Promote Lung Development in Premature Birth via Wnt5a/ROCK1 Axis.,2025,Stem cell reviews and reports,4,"""ROCK1""; ""ROCK2""",target x growth x geometry,False,2.006666666666667
PMC8237855,34194391,10.3389/fendo.2021.660731,Evidence That Non-Syndromic Familial Tall Stature Has an Oligogenic Origin Including Ciliary Genes.,2021,Frontiers in endocrinology,4,"""centrosome""",target x growth x geometry,False,2.006666666666667
PMC12049846,40322041,10.1016/j.jot.2025.04.007,MAGI1 attenuates osteoarthritis by regulating osteoclast fusion in subchondral bone through the RhoA-ROCK1 signaling pathway.,2025,Journal of orthopaedic translation,4,"""RHOA""; ""ROCK1""",target x growth x geometry,False,2.006666666666667
PMC9259205,35812359,10.2147/sccaa.s365776,"Rho-Associated Protein Kinase Inhibitor and Hypoxia Synergistically Enhance the Self-Renewal, Survival Rate, and Proliferation of Human Stem Cells.",2022,Stem cells and cloning : advances and applications,4,"""Y-27632""",compound x growth plate,False,2.006666666666667
PMC10343718,37446715,10.3390/molecules28135053,"<i>Rhodiola rosea</i> L. Extract, a Known Adaptogen, Evaluated in Experimental Arthritis.",2023,"Molecules (Basel, Switzerland)",4,"""nobiletin""",compound x growth plate,False,2.006666666666667
PMC5834176,29520148,10.2147/tcrm.s157603,Umbilical cord blood stem cells transplantation as an adjunctive treatment strategy for liver cirrhosis in Chinese population: a meta-analysis of effectiveness and safety.,2018,Therapeutics and clinical risk management,4,"""HPCD""",compound x growth plate,False,2.006666666666667
PMC9079777,35540436,10.1016/j.bbrep.2022.101265,Piezoelectric effect stimulates the rearrangement of chondrogenic cells and alters ciliary orientation via atypical PKCζ.,2022,Biochemistry and biophysics reports,4,"""primary cilia""",target x growth x geometry,False,2.006666666666667
PMC12123560,40377908,10.1021/acsami.5c03093,Yoda1-Loaded Microfibrous Scaffolds Accelerate Osteogenesis through Piezo1-F-Actin Pathway-Mediated YAP Nuclear Localization and Functionalization.,2025,ACS applied materials & interfaces,4,"""PIEZO1""; ""Yoda1""; ""cytochalasin D""",compound x growth plate; target x growth x geometry,False,2.006666666666667
PMC12959397,41779857,10.1126/sciadv.aeb1271,Compressive stress-driven Piezo1 activation and Rho-ROCK mechanotransduction promote tumor progression via epigenetic mechanical memory.,2026,Science advances,4,"""CN03""; ""GsMTx4""; ""PIEZO1""; ""PIEZO2""; ""RHOA""; ""TRPV4""; ""Y27632""; ""cadherin""; ""fasudil""",compound x growth plate; target x growth x geometry,False,2.006666666666667
PMC10598340,37886641,10.3389/fendo.2023.1259650,Recent advances in primary cilia in bone metabolism.,2023,Frontiers in endocrinology,3,"""PIEZO1""; ""RAC1""; ""TRPV4""; ""focal adhesion""; ""microtubule""; ""primary cilia""",target x growth x geometry,False,2.005
PMC12838872,41594600,10.3390/biom16010060,Mechanostimulation-Induced Cell Adhesion and Interaction with the Extracellular Matrix.,2025,Biomolecules,3,"""FAK""; ""MYH9""; ""PIEZO1""; ""RAC1""; ""RHOA""; ""TRPV4""; ""cadherin""; ""focal adhesion""; ""microtubule""; ""non-muscle myosin II""",target x growth x geometry,False,2.005
PMC13197933,41895071,10.1016/j.pharmr.2026.100116,Adhesion G protein-coupled receptors.,2026,Pharmacological reviews,3,"""CDC42""; ""RAC1""",target x growth x geometry,False,2.005
PMC11600216,39360593,10.1002/advs.202308622,The T-Type Calcium Channel CACNA1H is Required for Smooth Muscle Cytoskeletal Organization During Tracheal Tubulogenesis.,2024,"Advanced science (Weinheim, Baden-Wurttemberg, Germany)",3,"""CN03""; ""RHOA""; ""jasplakinolide""",compound x growth plate; target x growth x geometry,False,2.005
PMC12358963,40831710,10.1016/j.bioactmat.2025.08.005,Bioinspired porous core-shell microspheres with spatiotemporal delivery coordinate immunomodulatory-osteogenic coupling via NF-κB/P-STAT6 and Rho/MAPK signaling for enhanced calvarial regeneration.,2025,Bioactive materials,3,"""CDC42""; ""RAC1""; ""RHOA""",target x growth x geometry,False,2.005
PMC11488446,39430130,10.1016/j.jot.2024.09.004,From polarity to pathology: Decoding the role of cell orientation in osteoarthritis.,2024,Journal of orthopaedic translation,3,"""CDC42""; ""RAC1""; ""RHOA""; ""TRPV4""; ""cadherin""; ""centrosome""; ""cofilin""; ""latrunculin""; ""microtubule""; ""nocodazole""; ""planar cell polarity""; ""primary cilia""",compound x growth plate; target x growth x geometry,False,2.005
PMC12084551,40169809,10.1038/s44318-025-00415-2,Dimerization of GAS2 mediates crosslinking of microtubules and F-actin.,2025,The EMBO journal,3,"""microtubule""",target x growth x geometry,False,2.005
PMC12003270,40248103,10.3389/fphar.2025.1545514,"Exploring the mechanism of triptolide inhibiting the motility of fibroblast-like synoviocytes in rheumatoid arthritis via RhoA/Rho-associated kinase axis, based on network pharmacology, molecular docking and molecular dynamics simulations.",2025,Frontiers in pharmacology,3,"""LIMK1""; ""LIMK2""; ""RHOA""; ""ROCK1""; ""ROCK2""; ""cofilin""",target x growth x geometry,False,2.005
PMC10952040,38510140,10.1016/j.isci.2024.109405,A Collagen10a1 mutation disrupts cell polarity in a medaka model for metaphyseal chondrodysplasia type Schmid.,2024,iScience,2,"""microtubule""",target x growth x geometry,False,2.0033333333333334
PMC9513225,36177350,10.3389/fmolb.2022.986722,Implication of non-coding RNA-mediated ROCK1 regulation in various diseases.,2022,Frontiers in molecular biosciences,2,"""LIMK1""; ""ROCK1""; ""ROCK2""; ""cofilin""",target x growth x geometry,False,2.0033333333333334
PMC12353072,39992031,10.1002/cm.22007,Actin Filament Pointed Ends: Assays for Regulation of Assembly and Disassembly by Tropomodulin and Tropomyosin.,2025,"Cytoskeleton (Hoboken, N.J.)",2,"""cofilin""; ""latrunculin""",compound x growth plate; target x growth x geometry,False,2.0033333333333334
PMC10279950,37346276,10.3389/fvets.2023.1154987,Influence of Rho/ROCK inhibitor Y-27632 on proliferation of equine mesenchymal stromal cells.,2023,Frontiers in veterinary science,2,"""Y-27632""",compound x growth plate,False,2.0033333333333334
PMC11743681,39834387,10.3389/fcell.2024.1457506,Polarity and migration of cranial and cardiac neural crest cells: underlying molecular mechanisms and disease implications.,2024,Frontiers in cell and developmental biology,2,"""CDC42""; ""PIEZO1""; ""RAC1""; ""RHOA""; ""cadherin""; ""centrosome""; ""focal adhesion""; ""microtubule""; ""planar cell polarity""",target x growth x geometry,False,2.0033333333333334
PMC7986016,33760136,10.3892/mmr.2021.12018,0.5‑Gy X‑ray irradiation induces reorganization of cytoskeleton and differentiation of osteoblasts.,2021,Molecular medicine reports,2,"""LIMK1""; ""LIMK2""; ""Y27632""; ""cofilin""",compound x growth plate; target x growth x geometry,False,2.0033333333333334
PMC11900466,40076758,10.3390/ijms26052138,The Role of Primary Cilia in Modulating the Luteinization Process of Ovarian Granulosa Cells in Mice.,2025,International journal of molecular sciences,2,"""Y-27632""; ""Y27632""",compound x growth plate,False,2.0033333333333334
PMC12065127,40170340,10.1111/iej.14213,Electric field promoted odontogenic differentiation of stem cells from apical papilla by remodelling cytoskeleton.,2025,International endodontic journal,2,"""Y27632""; ""blebbistatin""; ""nocodazole""",compound x growth plate,False,2.0033333333333334
PMC12957827,40441296,10.1016/j.jare.2025.05.042,Ciliary IFT88 inhibits intervertebral disc degeneration under excessive mechanical stress by regulating endplate cartilage calcification.,2026,Journal of advanced research,1,"""TRPV4""; ""primary cilia""",target x growth x geometry,False,2.0016666666666665
PMC11673816,39768098,10.3390/bioengineering11121279,Mechanical Stretch Control of Adipocyte AKT Signaling and the Role of FAK and ROCK Mechanosensors.,2024,"Bioengineering (Basel, Switzerland)",1,"""Y-27632""; ""cofilin""; ""cytochalasin D""",compound x growth plate; target x growth x geometry,False,2.0016666666666665
PMC12575704,41168230,10.1038/s41467-025-64597-3,"Interplay of ECM organization, ROCK signaling, and cell polarity drives mesothelium formation and lung growth.",2025,Nature communications,1,"""ROCK1""; ""ROCK2""; ""Y27632""; ""planar cell polarity""",compound x growth plate; target x growth x geometry,False,2.0016666666666665
PMC12972520,41791289,10.1016/j.redox.2026.104109,"ROCK signaling at the crossroads of redox stress, mitochondrial dynamics, and metabolic disease.",2026,Redox biology,1,"""CDC42""; ""RAC1""; ""RHOA""; ""ROCK1""; ""ROCK2""; ""Y-27632""; ""belumosudil""; ""cofilin""; ""fasudil""; ""netarsudil""; ""ripasudil""",compound x growth plate; target x growth x geometry,False,2.0016666666666665
PMC12357271,40822518,10.1016/j.jot.2025.07.012,NLRP3 inflammasome impairs fracture repair in Rheumatoid arthritis through RhoA/Rac1-IL1β axis-mediated suppression of osteoblast differentiation.,2025,Journal of orthopaedic translation,1,"""CDC42""; ""RAC1""; ""ROCK2""",target x growth x geometry,False,2.0016666666666665
PMC12275404,40682116,10.1186/s12967-025-06708-8,Sinensetin serves as an AMPK activator to inhibit RANKL-induced osteoclastogenesis via osteoclast cytoskeleton reorganization.,2025,Journal of translational medicine,1,"""CDC42""; ""RAC1""",target x growth x geometry,False,2.0016666666666665
PMC11930814,40130165,10.3389/fendo.2025.1469400,The potential key genes within focal adhesion that regulate mesenchymal stem cells osteogenesis or adipogenesis in microgravity related disuse osteoporosis: an integrated analysis.,2025,Frontiers in endocrinology,1,"""focal adhesion""",target x growth x geometry,False,2.0016666666666665
PMC12518815,41083750,10.1038/s42003-025-08986-w,In-depth analysis of obesity-associated changes in adipose tissue-derived mesenchymal stromal/stem cells and primary cilia function.,2025,Communications biology,1,"""primary cilia""",target x growth x geometry,False,2.0016666666666665
PMC12190546,40560785,10.1002/jev2.70109,Cortical Actin Depolymerisation in 3D Cell Culture Enhances Extracellular Vesicle Secretion and Therapeutic Effects.,2025,Journal of extracellular vesicles,1,"""LIMK2""; ""RHOA""; ""cofilin""; ""cytochalasin D""",compound x growth plate; target x growth x geometry,False,2.0016666666666665
PMC12089063,40395934,10.3389/fcell.2025.1574638,A tale of Rabs and the exocyst complex in ciliary trafficking and biogenesis.,2025,Frontiers in cell and developmental biology,1,"""CDC42""; ""centrosome""; ""primary cilia""",target x growth x geometry,False,2.0016666666666665
PMC12144771,40483459,10.1186/s13578-025-01403-z,Cilia at the crossroad: convergence of regulatory mechanisms to govern cilia dynamics during cell signaling and the cell cycle.,2025,Cell & bioscience,1,"""CDC42""; ""centrosome""; ""primary cilia""",target x growth x geometry,False,2.0016666666666665
PMC11899262,40165809,10.59249/qtvt7676,ROCK2 Downregulation in Pediatric Medulloblastoma Increases Migration and Predicts the Involvement of SHH Non-canonical Signaling.,2025,The Yale journal of biology and medicine,1,"""CDC42""; ""RAC1""; ""RHOA""; ""ROCK1""; ""ROCK2""; ""Y-27632""; ""cadherin""; ""microtubule""",compound x growth plate; target x growth x geometry,False,2.0016666666666665
PMC12868669,41571890,10.1038/s12276-025-01631-w,Rgnef regulates bone mass through the activation of RhoA and Rac1.,2026,Experimental & molecular medicine,1,"""CDC42""; ""NSC23766""; ""RAC1""; ""RHOA""; ""microtubule""",compound x growth plate; target x growth x geometry,False,2.0016666666666665
PMC13003201,41858106,10.1111/ejn.70463,Mobile Powerhouses: Mitochondria Transfer via Tunnelling Nanotubes in Brain Health and Neurodegenerative Diseases.,2026,The European journal of neuroscience,1,"""CDC42""; ""Y-27632""; ""cofilin""; ""cytochalasin D""",compound x growth plate; target x growth x geometry,False,2.0016666666666665
PMC12892604,41535892,10.1186/s13075-026-03731-y,FSCN1 induces subchondral bone sclerosis in osteoarthritis via modulating actin cytoskeleton dynamics and YAP signaling.,2026,Arthritis research & therapy,1,"""RAC1""; ""RHOA""; ""focal adhesion""",target x growth x geometry,False,2.0016666666666665
PMC12320799,40765552,10.7150/ijms.114433,Primary cilia and their role in preeclampsia.,2025,International journal of medical sciences,0,"""centrosome""; ""microtubule""; ""planar cell polarity""; ""primary cilia""",target x growth x geometry,False,2.0
PMC9745127,36523493,10.3389/fphar.2022.1062119,Primary cilia: The central role in the electromagnetic field induced bone healing.,2022,Frontiers in pharmacology,0,"""cytochalasin D""",compound x growth plate,False,2.0
PMC12631758,41278198,10.3389/fcell.2025.1707436,Bioelectric cues from piezoelectric materials in stem-cell adhesion and migration.,2025,Frontiers in cell and developmental biology,0,"""FAK""",target x growth x geometry,False,2.0
PMC12142225,40487227,10.1016/j.reth.2025.05.004,Platelet rich plasma promotes cell migration of adipose-derived stem cells by up-regulation of focal adhesion kinase and paxillin.,2025,Regenerative therapy,0,"""FAK""",target x growth x geometry,False,2.0
PMC13161065,42131109,10.3389/fcell.2026.1818051,Decoding Rho GTPase signalling networks in directed cell migration.,2026,Frontiers in cell and developmental biology,0,"""CDC42""; ""FAK""; ""LIMK1""; ""LIMK2""; ""NHE1""; ""RAC1""; ""RHOA""; ""ROCK1""; ""ROCK2""; ""TRPV4""; ""cadherin""; ""centrosome""; ""cofilin""; ""focal adhesion""; ""microtubule""; ""non-muscle myosin II""; ""planar cell polarity""",target x growth x geometry,False,2.0
PMC13281347,41957701,10.1186/s11658-026-00915-x,Hedgehog pathway activity downstream of Smoothened is regulated specifically by basal ciliary PKA.,2026,Cellular & molecular biology letters,0,"""primary cilia""",target x growth x geometry,False,2.0
PMC12218117,40595384,10.1038/s42003-025-08342-y,Nascent actin dynamics and the disruption of calcium dynamics by actin arrest in developing neural cell networks.,2025,Communications biology,0,"""Y-27632""; ""jasplakinolide""; ""latrunculin""",compound x growth plate,False,2.0
PMC12042003,40294988,10.21873/invivo.13942,Gefitinib Facilitates Bone Fracture Healing &lt;i&gt;via&lt;/i&gt; Inhibition of the EGFR Pathway and Counteracting SOX9-driven Bone Metabolic Reprogramming.,2025,"In vivo (Athens, Greece)",0,"""Y-27632""",compound x growth plate,False,2.0
PMC12995906,41858409,10.1016/j.mbm.2026.100179,Cytoskeletal prestress homeostasis is a biological principle that governs living cell structure and function.,2026,Mechanobiology in medicine,0,"""FAK""; ""PIEZO1""; ""RHOA""; ""TRPV4""; ""actin cortex""; ""cadherin""; ""focal adhesion""; ""microtubule""; ""non-muscle myosin II""",target x growth x geometry,False,2.0
PMC13094313,41954347,10.32074/1591-951x-1624,Marked hepatic fibrosis with progression towards cirrhosis in generalized arterial calcification of infancy: an unreported association observed in a case carryng a novel &lt;i&gt;ENPP1&lt;/i&gt; variant.,2025,Pathologica,0,"""furosemide""",compound x growth plate,False,2.0
PMC11792080,39906257,10.1093/jbmrpl/ziaf002,Sprouty2/4 deficiency disrupts early signaling centers impacting chondrogenesis in the mouse forelimb.,2025,JBMR plus,0,"""primary cilia""",target x growth x geometry,False,2.0
PMC11484480,39417621,10.1098/rsob.240206,SLMAP3 is crucial for organogenesis through mechanisms involving primary cilia formation.,2024,Open biology,0,"""CDC42""; ""RAC1""; ""RHOA""; ""ROCK2""; ""centrosome""; ""cofilin""; ""focal adhesion""; ""microtubule""; ""planar cell polarity""; ""primary cilia""",target x growth x geometry,False,2.0
PMC12468187,41008364,10.3390/brainsci15091004,Primary Cilia and Cardiovascular Risk Factors in Alzheimer's Disease.,2025,Brain sciences,0,"""aquaporin""; ""primary cilia""",target x growth x geometry,False,2.0
PMC11638010,39676858,10.3389/fimmu.2024.1456875,Immunomodulatory potential of primary cilia in the skin.,2024,Frontiers in immunology,0,"""centrosome""; ""planar cell polarity""; ""primary cilia""",target x growth x geometry,False,2.0
PMC13224023,42231949,10.1016/j.isci.2026.116049,Regulation of cAMP levels in osteocytes by mechano-sensitive focal adhesion kinase and phosphodiesterase 8A.,2026,iScience,0,"""FAK""",target x growth x geometry,False,2.0
PMC11941300,40136653,10.3390/cells14060404,Nuclear RhoA Activation Regulates Nucleus Size and DNA Content via Nuclear Activation of ROCK and pErk.,2025,Cells,0,"""CDC42""; ""RAC1""; ""RHOA""; ""ROCK1""; ""ROCK2""; ""Y27632""; ""cofilin""",compound x growth plate; target x growth x geometry,False,2.0
PMC12860015,41469927,10.1186/s13578-025-01520-9,"Mechanisms, efficacy, and future perspectives of cellular-based therapies for liver fibrosis/cirrhosis: focusing on mesenchymal stromal cells.",2025,Cell & bioscience,0,"""cytochalasin D""",compound x growth plate,False,2.0
PMC12783415,40968701,10.1111/brv.70081,"The tandem-random transition of cellular patterning: proposed roles of N-cadherin-based orientational cell adhesions in the development, maintenance, and degeneration of the nucleus pulposus.",2026,Biological reviews of the Cambridge Philosophical Society,0,"""cadherin""; ""focal adhesion""; ""planar cell polarity""",target x growth x geometry,False,2.0
PMC13023636,41898356,10.3390/biomedicines14030712,Primary Cilia Are Required for Efficient BMP Signaling in Traumatic Heterotopic Ossification.,2026,Biomedicines,0,"""microtubule""; ""primary cilia""",target x growth x geometry,False,2.0
PMC13046246,41926508,10.1371/journal.pone.0346015,Primary cilia in osteoblasts and osteocytes are required for skeletal development and mechano-adaptation.,2026,PloS one,0,"""PIEZO1""; ""TRPV4""; ""microtubule""; ""primary cilia""",target x growth x geometry,False,2.0
PMC13293241,41589585,10.1093/jnen/nlag001,Three-dimensional approaches to measuring primary cilia in hippocampal neurons: A comparative analysis.,2026,Journal of neuropathology and experimental neurology,0,"""primary cilia""",target x growth x geometry,False,2.0
PMC12347751,40814602,10.1016/j.ekir.2025.05.049,Structure-Activity Analysis Reveals Perturbed Cilia-Jun N-Terminal Kinase Signaling in MAPKBP1-Associated Kidney Disease.,2025,Kidney international reports,0,"""centrosome""; ""cytochalasin D""; ""nocodazole""; ""primary cilia""",compound x growth plate; target x growth x geometry,False,2.0
PMC12293960,40710351,10.3390/cells14141098,The Reciprocal Relationship Between Cell Adhesion Molecules and Reactive Oxygen Species.,2025,Cells,0,"""SLC9A1""",target x growth x geometry,False,2.0
PMC11987806,40214457,10.3390/cells14070503,Cigarette Smoke Exposure Leads to Organic and Mineral Bone Component Changes: The Importance of Rho Kinase Function in These Events.,2025,Cells,0,"""Y-27632""",compound x growth plate,False,2.0
PMC12729777,41463614,10.3390/bioengineering12121317,In Vitro Experimental and Numerical Simulation Study on the Influence of Uniaxial Cyclic Compression on Cytoskeletal Structure.,2025,"Bioengineering (Basel, Switzerland)",0,"""focal adhesion""; ""microtubule""",target x growth x geometry,False,2.0
PMC10391757,37525128,10.1186/s10020-023-00699-2,Correction: RhoA promotes osteoclastogenesis and regulates bone remodeling through mTOR-NFATc1 signaling.,2023,"Molecular medicine (Cambridge, Mass.)",0,"""RHOA""",target x growth x geometry,False,2.0
PMC12427643,40943086,10.3390/ijms26178159,Bone Microstructural Deterioration and miR-155/&lt;i&gt;RHOA&lt;/i&gt;-Mediated Osteoclastogenesis in Type 2 Diabetes Mellitus.,2025,International journal of molecular sciences,0,"""RHOA""",target x growth x geometry,False,2.0
PMC12191399,40563503,10.3390/biom15060863,Retinoic-Acid-Related Orphan Receptor Alpha Is Involved in the Regulation of the Cytoskeleton of Hair Follicle Stem Cells.,2025,Biomolecules,0,"""SR1078""; ""cadherin""; ""cholesterol""; ""integrin beta1""; ""microtubule""",compound x growth plate; target x growth x geometry,False,2.0
PMC13220845,42209418,10.1080/19491034.2026.2677308,Integration of nuclear mechanosensing with integrin-extracellular matrix adhesions.,2026,"Nucleus (Austin, Tex.)",0,"""RHOA""; ""blebbistatin""; ""focal adhesion""; ""microtubule""",compound x growth plate; target x growth x geometry,False,2.0
PMC4946886,26868907,10.1038/cdd.2015.168,Fate decision of mesenchymal stem cells: adipocytes or osteoblasts?,2016,Cell death and differentiation,975,"""latrunculin""; ""non-muscle myosin II""",compound x growth plate; target x growth x geometry,False,0.5
PMC7046529,31980749,10.1038/s41568-019-0238-1,A framework for advancing our understanding of cancer-associated fibroblasts.,2020,Nature reviews. Cancer,3086,"""defactinib""",compound x growth plate,False,0.5
PMC2966423,21060791,10.1371/journal.pone.0013741,The mouse blood-brain barrier transcriptome: a new resource for understanding the development and function of brain endothelial cells.,2010,PloS one,470,"""SLC12A2""",target x growth x geometry,False,0.5
PMC10551038,37794028,10.1038/s41419-023-06154-8,Autophagy: Regulator of cell death.,2023,Cell death & disease,642,"""NHE1""",target x growth x geometry,False,0.5
PMC10319900,37402746,10.1038/s41392-023-01464-x,"TRP (transient receptor potential) ion channel family: structures, biological functions and therapeutic interventions for diseases.",2023,Signal transduction and targeted therapy,303,"""GSK1016790A""; ""HC-067047""",compound x growth plate,False,0.5
PMC11115438,34910301,10.1002/eji.202170126,Guidelines for the use of flow cytometry and cell sorting in immunological studies (third edition).,2021,European journal of immunology,409,"""latrunculin""",compound x growth plate,False,0.5
PMC5007684,27581859,10.1186/s13287-016-0363-7,Mechanisms of mesenchymal stem/stromal cell function.,2016,Stem cell research & therapy,593,"""latrunculin""",compound x growth plate,False,0.5
PMC7280204,32550039,10.1038/s41413-020-0099-y,Molecular mechanosensors in osteocytes.,2020,Bone research,365,"""latrunculin""",compound x growth plate,False,0.5
PMC9281132,35836256,10.1186/s12943-022-01616-7,Wnt signaling in colorectal cancer: pathogenic role and therapeutic target.,2022,Molecular cancer,663,"""EIPA""",compound x growth plate,False,0.5
PMC3865727,24381558,10.3389/fphys.2013.00370,pH sensing and regulation in cancer.,2013,Frontiers in physiology,378,"""NHE1""; ""SLC9A1""; ""cariporide""",compound x growth plate; target x growth x geometry,False,0.5
PMC10958066,38514615,10.1038/s41392-024-01764-w,"TGF-β signaling in health, disease, and therapeutics.",2024,Signal transduction and targeted therapy,737,"""LIMK2""",target x growth x geometry,False,0.5
PMC4990061,26993058,10.1016/j.bbamcr.2016.03.013,Monocarboxylate transporters in the brain and in cancer.,2016,Biochimica et biophysica acta,316,"""bumetanide""",compound x growth plate,False,0.5
PMC3823111,20015196,10.1111/j.1582-4934.2009.00994.x,Tumour hypoxia induces a metabolic shift causing acidosis: a common feature in cancer.,2010,Journal of cellular and molecular medicine,473,"""acetazolamide""; ""cariporide""",compound x growth plate,False,0.5
PMC10387486,37518181,10.1038/s41392-023-01501-9,Cellular mechanotransduction in health and diseases: from molecular mechanism to therapeutic targets.,2023,Signal transduction and targeted therapy,358,"""NHE1""; ""PIEZO2""",target x growth x geometry,False,0.5
PMC6685704,31290742,10.7554/elife.47454,The mechanosensitive Piezo1 channel is required for bone formation.,2019,eLife,326,"""cell rotation""",target x growth x geometry,False,0.5
PMC10837209,38267638,10.1038/s41422-023-00918-9,"The roles and regulatory mechanisms of TGF-β and BMP signaling in bone and cartilage development, homeostasis and disease.",2024,Cell research,302,"""CDC42""; ""RAC1""; ""primary cilia""",target x growth x geometry,False,0.5
PMC11094169,38744846,10.1038/s41392-024-01839-8,Mitochondrial dysfunction: mechanisms and advances in therapy.,2024,Signal transduction and targeted therapy,614,"""EIPA""",compound x growth plate,False,0.5
PMC10152985,37143582,10.1002/mco2.261,"Protein posttranslational modifications in health and diseases: Functions, regulatory mechanisms, and therapeutic implications.",2023,MedComm,282,"""netarsudil""",compound x growth plate,False,0.47
PMC4445995,26012510,10.1186/s13287-015-0083-4,Mechanism of regulation of stem cell differentiation by matrix stiffness.,2015,Stem cell research & therapy,269,"""latrunculin""; ""non-muscle myosin II""",compound x growth plate; target x growth x geometry,False,0.4483333333333333
PMC2780866,19690065,10.2337/db09-0393,Natriuretic peptides/cGMP/cGMP-dependent protein kinase cascades promote muscle mitochondrial biogenesis and prevent obesity.,2009,Diabetes,247,"""NHE1""",target x growth x geometry,False,0.4116666666666667
PMC6441020,30926814,10.1038/s41467-019-09491-5,Excessive mechanical loading promotes osteoarthritis through the gremlin-1-NF-κB pathway.,2019,Nature communications,244,"""EHT1864""; ""NSC23766""; ""PF-573228""",compound x growth plate,False,0.4066666666666667
PMC4858538,27200351,10.3389/fcell.2016.00040,p38 MAPK Signaling in Osteoblast Differentiation.,2016,Frontiers in cell and developmental biology,243,"""LIMK1""; ""fasudil""",compound x growth plate; target x growth x geometry,False,0.405
PMC11219878,38956429,10.1038/s41421-024-00689-6,"Cell signaling and transcriptional regulation of osteoblast lineage commitment, differentiation, bone formation, and homeostasis.",2024,Cell discovery,236,"""PIEZO2""",target x growth x geometry,False,0.3933333333333333
PMC6416271,30867417,10.1038/s41467-019-09055-7,Dietary fatty acids fine-tune Piezo1 mechanical response.,2019,Nature communications,233,"""HC-067047""; ""latrunculin""",compound x growth plate,False,0.3883333333333333
PMC10904817,38424050,10.1038/s41392-024-01756-w,Peroxisome proliferator-activated receptor gamma coactivator-1 (PGC-1) family in physiological and pathophysiological process and diseases.,2024,Signal transduction and targeted therapy,224,"""NHE1""",target x growth x geometry,False,0.37333333333333335
PMC9628074,36324128,10.1186/s12943-022-01670-1,Targeting the tumor stroma for cancer therapy.,2022,Molecular cancer,221,"""defactinib""",compound x growth plate,False,0.36833333333333335
PMC7432490,32751654,10.3390/ijms21155447,Tissue-Specific Decellularization Methods: Rationale and Strategies to Achieve Regenerative Compounds.,2020,International journal of molecular sciences,209,"""latrunculin""",compound x growth plate,False,0.34833333333333333
PMC7060079,32103177,10.1038/s41586-020-2050-1,Lipid availability determines fate of skeletal progenitor cells via SOX9.,2020,Nature,204,"""Y-27632""",compound x growth plate,False,0.34
PMC9954192,36831324,10.3390/cells12040657,Mechanisms of Blood-Brain Barrier Protection by Microbiota-Derived Short-Chain Fatty Acids.,2023,Cells,202,"""non-muscle myosin II""",target x growth x geometry,False,0.33666666666666667
PMC9470311,36111166,10.1155/2022/9966750,"Flavonols and Flavones as Potential anti-Inflammatory, Antioxidant, and Antibacterial Compounds.",2022,Oxidative medicine and cellular longevity,202,"""nobiletin""",compound x growth plate,False,0.33666666666666667
PMC5580829,28218908,10.1038/ncb3476,Cell-matrix signals specify bone endothelial cells during developmental osteogenesis.,2017,Nature cell biology,197,"""integrin beta1""",target x growth x geometry,False,0.3283333333333333
PMC6355972,30705265,10.1038/s41467-019-08465-x,Volume expansion and TRPV4 activation regulate stem cell fate in three-dimensional microenvironments.,2019,Nature communications,195,"""GSK1016790A""; ""blebbistatin""; ""non-muscle myosin II""",compound x growth plate; target x growth x geometry,False,0.325
PMC6769927,31450621,10.3390/cells8090969,TGFβ/BMP Signaling Pathway in Cartilage Homeostasis.,2019,Cells,194,"""osmotic swelling""",target x growth x geometry,False,0.3233333333333333
PMC6341104,30664634,10.1038/s41467-018-08000-4,Genome-wide association study of body fat distribution identifies adiposity loci and sex-specific genetic effects.,2019,Nature communications,191,"""SLC12A2""",target x growth x geometry,False,0.31833333333333336
PMC11237130,38987555,10.1038/s41413-024-00342-8,"Wnt/β-catenin signaling components and mechanisms in bone formation, homeostasis, and disease.",2024,Bone research,191,"""RAC1""; ""RHOA""; ""Y-27632""; ""aquaporin""; ""microtubule""; ""planar cell polarity""",compound x growth plate; target x growth x geometry,False,0.31833333333333336
PMC6279436,30509934,10.1042/ebc20170053,The genetic basis of disease.,2018,Essays in biochemistry,185,"""LIMK1""",target x growth x geometry,False,0.30833333333333335
PMC9081537,35547166,10.3389/fbioe.2022.805299,"Decellularization in Tissue Engineering and Regenerative Medicine: Evaluation, Modification, and Application Methods.",2022,Frontiers in bioengineering and biotechnology,178,"""latrunculin""",compound x growth plate,False,0.2966666666666667
PMC9305477,34679192,10.1111/bph.15713,Osteosarcoma mechanobiology and therapeutic targets.,2022,British journal of pharmacology,177,"""cofilin""",target x growth x geometry,False,0.295
PMC7791185,33111436,10.1111/cpr.12941,Acid-sensing ion channels regulate nucleus pulposus cell inflammation and pyroptosis via the NLRP3 inflammasome in intervertebral disc degeneration.,2021,Cell proliferation,174,"""amiloride""",compound x growth plate,False,0.29
PMC10425814,37588235,10.1016/j.gendis.2023.01.030,"Canonical and noncanonical Wnt signaling: Multilayered mediators, signaling mechanisms and major signaling crosstalk.",2024,Genes & diseases,173,"""ROCK1""; ""ROCK2""",target x growth x geometry,False,0.28833333333333333
PMC2171573,16301336,10.1083/jcb.200503144,Ablation of beta1 integrin in mammary epithelium reveals a key role for integrin in glandular morphogenesis and differentiation.,2005,The Journal of cell biology,172,"""integrin beta1""",target x growth x geometry,False,0.2866666666666667
PMC7864677,33564740,10.1063/5.0031475,The rheology of direct and suspended extrusion bioprinting.,2021,APL bioengineering,169,"""cell rotation""",target x growth x geometry,False,0.2816666666666667
PMC6364489,30775233,10.1002/advs.201801483,Extended Exposure to Stiff Microenvironments Leads to Persistent Chromatin Remodeling in Human Mesenchymal Stem Cells.,2019,"Advanced science (Weinheim, Baden-Wurttemberg, Germany)",168,"""blebbistatin""",compound x growth plate,False,0.28
PMC3237481,22194879,10.1371/journal.pone.0028663,IGF-1 and PDGF-bb suppress IL-1β-induced cartilage degradation through down-regulation of NF-κB signaling: involvement of Src/PI-3K/AKT pathway.,2011,PloS one,165,"""integrin beta1""",target x growth x geometry,False,0.275
PMC8804296,35118075,10.3389/fcell.2021.789948,"Targeting Cell Death: Pyroptosis, Ferroptosis, Apoptosis and Necroptosis in Osteoarthritis.",2021,Frontiers in cell and developmental biology,162,"""osmotic swelling""",target x growth x geometry,False,0.27
PMC8526690,34667178,10.1038/s41413-021-00168-8,Roles of mechanosensitive channel Piezo1/2 proteins in skeleton and other tissues.,2021,Bone research,162,"""GsMTx4""; ""PIEZO2""; ""cell rotation""",compound x growth plate; target x growth x geometry,False,0.27
PMC4252826,25277499,10.1016/j.virol.2014.09.009,Phosphatidylserine receptors: enhancers of enveloped virus entry and infection.,2014,Virology,160,"""EIPA""",compound x growth plate,False,0.26666666666666666
PMC5345159,28279182,10.1186/s13018-017-0534-y,The use of mesenchymal stem cells for cartilage repair and regeneration: a systematic review.,2017,Journal of orthopaedic surgery and research,159,"""NSC23766""",compound x growth plate,False,0.265
PMC4225469,23826660,10.1111/acel.12124,Uncovering the cellular and molecular changes in tendon stem/progenitor cells attributed to tendon aging and degeneration.,2013,Aging cell,155,"""latrunculin""",compound x growth plate,False,0.25833333333333336
PMC3287012,22400115,10.1155/2012/346972,Hyaluronan regulates cell behavior: a potential niche matrix for stem cells.,2012,Biochemistry research international,154,"""NHE1""",target x growth x geometry,False,0.25666666666666665
PMC10658171,37981648,10.1038/s41392-023-01652-9,Hypoxia-induced signaling in the cardiovascular system: pathogenesis and therapeutic targets.,2023,Signal transduction and targeted therapy,152,"""NHE1""; ""SLC9A1""; ""acetazolamide""",compound x growth plate; target x growth x geometry,False,0.25333333333333335
PMC7859330,33553146,10.3389/fcell.2020.607764,Subchondral Bone Remodeling: A Therapeutic Target for Osteoarthritis.,2020,Frontiers in cell and developmental biology,148,"""defactinib""",compound x growth plate,False,0.24666666666666667
PMC6974953,31993293,10.1002/advs.201902295,Developmentally Engineered Callus Organoid Bioassemblies Exhibit Predictive In Vivo Long Bone Healing.,2020,"Advanced science (Weinheim, Baden-Wurttemberg, Germany)",146,"""Y27632""",compound x growth plate,False,0.24333333333333335
PMC10541721,37777764,10.1186/s11658-023-00489-y,Oxidative stress as a key modulator of cell fate decision in osteoarthritis and osteoporosis: a narrative review.,2023,Cellular & molecular biology letters,137,"""osmotic swelling""",target x growth x geometry,False,0.22833333333333333
PMC5859015,29581909,10.1038/s41413-018-0007-x,Mechanically induced Ca<sup>2+</sup> oscillations in osteocytes release extracellular vesicles and enhance bone formation.,2018,Bone research,137,"""MYH9""",target x growth x geometry,False,0.22833333333333333
PMC10698167,38052778,10.1038/s41413-023-00301-9,Risk of metabolic abnormalities in osteoarthritis: a new perspective to understand its pathological mechanisms.,2023,Bone research,133,"""lovastatin""",compound x growth plate,False,0.22166666666666668
PMC3051823,21357746,10.1083/jcb.201007141,Kindlin-3-mediated signaling from multiple integrin classes is required for osteoclast-mediated bone resorption.,2011,The Journal of cell biology,132,"""integrin beta1""",target x growth x geometry,False,0.22
PMC7314997,32625119,10.3389/fphys.2020.00684,The Importance of Mechanical Forces for <i>in vitro</i> Endothelial Cell Biology.,2020,Frontiers in physiology,131,"""non-muscle myosin II""",target x growth x geometry,False,0.21833333333333332
PMC7084855,32111087,10.3390/ijms21051603,Regulation of AQP4 in the Central Nervous System.,2020,International journal of molecular sciences,125,"""TGN-020""; ""acetazolamide""",compound x growth plate,False,0.20833333333333334
PMC4448211,26029358,10.1186/s13630-015-0016-y,The primary cilium functions as a mechanical and calcium signaling nexus.,2015,Cilia,124,"""GSK1016790A""",compound x growth plate,False,0.20666666666666667
PMC6323488,30670929,10.1155/2018/8739473,Role of Epidermal Growth Factor Receptor (EGFR) and Its Ligands in Kidney Inflammation and Damage.,2018,Mediators of inflammation,124,"""NKCC1""",target x growth x geometry,False,0.20666666666666667
PMC6296470,30569032,10.1002/jsp2.1026,Mechanotransduction and cell biomechanics of the intervertebral disc.,2018,JOR spine,122,"""latrunculin""; ""osmotic swelling""",compound x growth plate; target x growth x geometry,False,0.20333333333333334
PMC5849475,28752598,10.1002/adhm.201700433,Supercritical Fluid Technology: An Emphasis on Drug Delivery and Related Biomedical Applications.,2017,Advanced healthcare materials,122,"""acetazolamide""",compound x growth plate,False,0.20333333333333334
PMC3738599,23951132,10.1371/journal.pone.0071318,Osterix-cre labeled progenitor cells contribute to the formation and maintenance of the bone marrow stroma.,2013,PloS one,122,"""latrunculin""",compound x growth plate,False,0.20333333333333334
PMC4845118,26508744,10.1161/jaha.115.002423,Natriuretic Peptides in the Regulation of Cardiovascular Physiology and Metabolic Events.,2015,Journal of the American Heart Association,121,"""cariporide""",compound x growth plate,False,0.20166666666666666
PMC8289611,34336094,10.1155/2021/4946711,Targeting Mitochondrial Biogenesis with Polyphenol Compounds.,2021,Oxidative medicine and cellular longevity,121,"""nobiletin""",compound x growth plate,False,0.20166666666666666
PMC11374687,39112715,10.1038/s41586-024-07769-3,Prognostic genome and transcriptome signatures in colorectal cancers.,2024,Nature,120,"""SLC12A2""",target x growth x geometry,False,0.2
PMC11486635,39384770,10.1038/s41392-024-01980-4,The multiple roles of interferon regulatory factor family in health and disease.,2024,Signal transduction and targeted therapy,120,"""nobiletin""",compound x growth plate,False,0.2
PMC5584733,27442895,10.1080/21541248.2016.1211398,Rac1 in human diseases: The therapeutic potential of targeting Rac1 signaling regulatory mechanisms.,2017,Small GTPases,119,"""NSC23766""",compound x growth plate,False,0.19833333333333333
PMC5466625,28600504,10.1038/s41598-017-03460-y,Amphiregulin contained in NSCLC-exosomes induces osteoclast differentiation through the activation of EGFR pathway.,2017,Scientific reports,119,"""EIPA""",compound x growth plate,False,0.19833333333333333
PMC11954198,40156055,10.1186/s13045-025-01688-0,Cancer associated fibroblasts in cancer development and therapy.,2025,Journal of hematology & oncology,119,"""fasudil""",compound x growth plate,False,0.19833333333333333
PMC3922385,20184663,10.1111/j.1582-4934.2010.01044.x,Tumour-associated fibroblasts and mesenchymal stem cells: more similarities than differences.,2011,Journal of cellular and molecular medicine,119,"""integrin beta1""",target x growth x geometry,False,0.19833333333333333
PMC7796437,33375718,10.3390/ijms22010153,"Extracellular Vesicles from Red Blood Cells and Their Evolving Roles in Health, Coagulopathy and Therapy.",2020,International journal of molecular sciences,117,"""LIMK1""",target x growth x geometry,False,0.195
PMC10033545,36969193,10.3389/fimmu.2023.1127704,Immunomodulation-a general review of the current state-of-the-art and new therapeutic strategies for targeting the immune system.,2023,Frontiers in immunology,117,"""fasudil""",compound x growth plate,False,0.195
PMC4600544,26491231,10.1155/2015/584758,Hypoxia Inducible Factor Pathway and Physiological Adaptation: A Cell Survival Pathway?,2015,Mediators of inflammation,116,"""NHE1""",target x growth x geometry,False,0.19333333333333333
PMC6829314,31547567,10.3390/cells8101130,"The Interactivity between TGFβ and BMP Signaling in Organogenesis, Fibrosis, and Cancer.",2019,Cells,116,"""LIMK1""; ""LIMK2""",target x growth x geometry,False,0.19333333333333333
PMC10055885,36986668,10.3390/pharmaceutics15030807,Chitosan-Based Biomaterials for Tissue Regeneration.,2023,Pharmaceutics,113,"""lovastatin""",compound x growth plate,False,0.18833333333333332
PMC2909932,20565753,10.1186/1477-5956-8-33,Proteomic analysis of sea urchin (Strongylocentrotus purpuratus) spicule matrix.,2010,Proteome science,112,"""acetazolamide""",compound x growth plate,False,0.18666666666666668
PMC9388978,35986247,10.1186/s11658-022-00366-0,"Aging of mesenchymal stem cell: machinery, markers, and strategies of fighting.",2022,Cellular & molecular biology letters,112,"""CASIN""; ""ML141""",compound x growth plate,False,0.18666666666666668
PMC7126054,21550393,10.1016/j.biotechadv.2011.04.004,Baculovirus as a gene delivery vector: recent understandings of molecular alterations in transduced cells and latest applications.,2011,Biotechnology advances,110,"""EIPA""",compound x growth plate,False,0.18333333333333332
PMC5253683,28102206,10.1038/ncomms13700,Gα13 negatively controls osteoclastogenesis through inhibition of the Akt-GSK3β-NFATc1 signalling pathway.,2017,Nature communications,110,"""CN03""",compound x growth plate,False,0.18333333333333332
PMC4437543,26000333,10.1016/j.gendis.2014.12.003,Strategies to minimize hypertrophy in cartilage engineering and regeneration.,2015,Genes & diseases,110,"""NSC23766""; ""aquaporin""; ""osmotic swelling""",compound x growth plate; target x growth x geometry,False,0.18333333333333332
PMC4498276,26151572,10.1038/ncomms8531,Kindlin-2 controls TGF-β signalling and Sox9 expression to regulate chondrogenesis.,2015,Nature communications,110,"""chondrocyte column""",target x growth x geometry,False,0.18333333333333332
PMC4755472,26929657,10.2147/jir.s82320,The macrophages in rheumatic diseases.,2016,Journal of inflammation research,109,"""fasudil""",compound x growth plate,False,0.18166666666666667
PMC8835994,35163418,10.3390/ijms23031464,MAPK/ERK Pathway as a Central Regulator in Vertebrate Organ Regeneration.,2022,International journal of molecular sciences,109,"""non-muscle myosin II""",target x growth x geometry,False,0.18166666666666667
PMC3196252,22046527,10.1155/2011/979032,Biomechanical influence of cartilage homeostasis in health and disease.,2011,Arthritis,108,"""LIMK1""",target x growth x geometry,False,0.18
PMC10046187,36979418,10.3390/biom13030483,Progress of Wnt Signaling Pathway in Osteoporosis.,2023,Biomolecules,108,"""CDC42""; ""planar cell polarity""",target x growth x geometry,False,0.18
PMC6627345,31212816,10.3390/cancers11060813,"Hexokinase 2 Regulates Ovarian Cancer Cell Migration, Invasion and Stemness via FAK/ERK1/2/MMP9/NANOG/SOX9 Signaling Cascades.",2019,Cancers,108,"""defactinib""",compound x growth plate,False,0.18
PMC6345564,30475205,10.7554/elife.38069,Mechanical force regulates tendon extracellular matrix organization and tenocyte morphogenesis through TGFbeta signaling.,2018,eLife,107,"""nocodazole""",compound x growth plate,False,0.17833333333333334
PMC7312103,32481620,10.3390/ijms21113837,TRPV4: A Physio and Pathophysiologically Significant Ion Channel.,2020,International journal of molecular sciences,104,"""GSK1016790A""; ""RN-1734""; ""osmotic swelling""",compound x growth plate; target x growth x geometry,False,0.17333333333333334
PMC4429568,26029113,10.3389/fphys.2015.00143,Endogenous electric fields as guiding cue for cell migration.,2015,Frontiers in physiology,104,"""NHE1""",target x growth x geometry,False,0.17333333333333334
PMC11733683,39806516,10.1186/s13045-024-01634-6,Harnessing the tumor microenvironment: targeted cancer therapies through modulation of epithelial-mesenchymal transition.,2025,Journal of hematology & oncology,103,"""defactinib""",compound x growth plate,False,0.17166666666666666
PMC8920370,35261301,10.1080/10717544.2022.2048130,Intra-articular drug delivery systems for osteoarthritis therapy: shifting from sustained release to enhancing penetration into cartilage.,2022,Drug delivery,103,"""NSC23766""",compound x growth plate,False,0.17166666666666666
PMC11968978,40180907,10.1038/s41392-025-02142-w,Wnt signaling pathways in biology and disease: mechanisms and therapeutic advances.,2025,Signal transduction and targeted therapy,103,"""ROCK2""",target x growth x geometry,False,0.17166666666666666
PMC2700520,19349584,10.1083/jcb.200809008,Integrin-linked kinase is required for radial sorting of axons and Schwann cell remyelination in the peripheral nervous system.,2009,The Journal of cell biology,102,"""fasudil""",compound x growth plate,False,0.17
PMC6503111,31114512,10.3389/fphys.2019.00512,Engineered Extracellular Vesicles From Human Periodontal-Ligament Stem Cells Increase VEGF/VEGFR2 Expression During Bone Regeneration.,2019,Frontiers in physiology,102,"""osmotic swelling""",target x growth x geometry,False,0.17
PMC5772625,29343687,10.1038/s41467-017-02486-0,Mechanically-sensitive miRNAs bias human mesenchymal stem cell fate via mTOR signalling.,2018,Nature communications,101,"""non-muscle myosin II""",target x growth x geometry,False,0.16833333333333333
PMC4677323,26658759,10.1038/srep17895,Simvastatin suppresses breast cancer cell proliferation induced by senescent cells.,2015,Scientific reports,101,"""ML141""",compound x growth plate,False,0.16833333333333333
PMC4226667,25211298,10.18632/oncotarget.2408,"CUSP9* treatment protocol for recurrent glioblastoma: aprepitant, artesunate, auranofin, captopril, celecoxib, disulfiram, itraconazole, ritonavir, sertraline augmenting continuous low dose temozolomide.",2014,Oncotarget,101,"""acetazolamide""",compound x growth plate,False,0.16833333333333333
PMC6349341,30450767,10.1111/jcmm.13972,TRPV4 regulates matrix stiffness and TGFβ1-induced epithelial-mesenchymal transition.,2019,Journal of cellular and molecular medicine,99,"""GSK1016790A""; ""blebbistatin""",compound x growth plate,False,0.165
PMC5820367,29503618,10.3389/fphys.2018.00101,New Perspectives on the Potential Role of Aquaporins (AQPs) in the Physiology of Inflammation.,2018,Frontiers in physiology,99,"""acetazolamide""",compound x growth plate,False,0.165
PMC7555016,32933018,10.3390/ijms21186665,Hedgehog Signaling in Skeletal Development: Roles of Indian Hedgehog and the Mode of Its Action.,2020,International journal of molecular sciences,98,"""cholesterol""",compound x growth plate,False,0.16333333333333333
PMC7578566,33084883,10.1042/cs20190893,Regulation of cellular senescence by extracellular matrix during chronic fibrotic diseases.,2020,"Clinical science (London, England : 1979)",98,"""non-muscle myosin II""",target x growth x geometry,False,0.16333333333333333
PMC7336185,32685563,10.1093/burnst/tkaa017,Guidelines on multidisciplinary approaches for the prevention and management of diabetic foot disease (2020 edition).,2020,Burns & trauma,98,"""furosemide""",compound x growth plate,False,0.16333333333333333
PMC9806111,36588106,10.1038/s41413-022-00239-4,The role of TGF-beta3 in cartilage development and osteoarthritis.,2023,Bone research,97,"""CDC42""",target x growth x geometry,False,0.16166666666666665
PMC8293626,34260921,10.1016/j.celrep.2021.109352,Regional specialization and fate specification of bone stromal cells in skeletal development.,2021,Cell reports,96,"""MYH9""",target x growth x geometry,False,0.16
PMC10506061,37699320,10.1016/j.redox.2023.102871,Mesenchymal stem cell attenuates spinal cord injury by inhibiting mitochondrial quality control-associated neuronal ferroptosis.,2023,Redox biology,95,"""cytochalasin D""",compound x growth plate,False,0.15833333333333333
PMC6614338,31312184,10.3389/fendo.2019.00431,Emerging Trend in the Pharmacotherapy of Osteoarthritis.,2019,Frontiers in endocrinology,93,"""SR3335""",compound x growth plate,False,0.155
PMC5461032,28428367,10.1083/jcb.201702135,COPII-coated membranes function as transport carriers of intracellular procollagen I.,2017,The Journal of cell biology,93,"""nocodazole""",compound x growth plate,False,0.155
PMC6220447,30429787,10.3389/fphar.2018.01230,Tumor Microenvironment Targeted Nanotherapy.,2018,Frontiers in pharmacology,92,"""acetazolamide""",compound x growth plate,False,0.15333333333333332
PMC10337089,37434199,10.1186/s12951-023-01969-1,Apoptotic bodies: bioactive treasure left behind by the dying cells with robust diagnostic and therapeutic application potentials.,2023,Journal of nanobiotechnology,92,"""LIMK1""; ""actin cortex""",target x growth x geometry,False,0.15333333333333332
PMC3762817,24023743,10.1371/journal.pone.0072480,Therapeutic targeting of tumor growth and angiogenesis with a novel anti-S100A4 monoclonal antibody.,2013,PloS one,92,"""non-muscle myosin II""",target x growth x geometry,False,0.15333333333333332
PMC6328443,30662403,10.3389/fphar.2018.01475,Animal Models in the Pathophysiology of Cystic Fibrosis.,2018,Frontiers in pharmacology,91,"""bumetanide""",compound x growth plate,False,0.15166666666666667
PMC10766996,38036736,10.1038/s12276-023-01130-w,Aortic aneurysms: current pathogenesis and therapeutic targets.,2023,Experimental & molecular medicine,91,"""fasudil""",compound x growth plate,False,0.15166666666666667
PMC10413650,37267365,10.1126/sciadv.adg0478,Activation of Piezo1 promotes osteogenic differentiation of aortic valve interstitial cell through YAP-dependent glutaminolysis.,2023,Science advances,89,"""Yoda1""",compound x growth plate,False,0.14833333333333334
PMC9688488,36428981,10.3390/cells11223552,"HIF-1α Regulates Bone Homeostasis and Angiogenesis, Participating in the Occurrence of Bone Metabolic Diseases.",2022,Cells,88,"""simvastatin""",compound x growth plate,False,0.14666666666666667
PMC6993244,32042347,10.7150/thno.39995,Towards extracellular matrix normalization for improved treatment of solid tumors.,2020,Theranostics,88,"""defactinib""; ""fasudil""",compound x growth plate,False,0.14666666666666667
PMC4038754,24883122,10.7150/thno.9052,Luminescent dual sensors reveal extracellular pH-gradients and hypoxia on chronic wounds that disrupt epidermal repair.,2014,Theranostics,87,"""EIPA""; ""NHE1""; ""SLC9A1""; ""cariporide""",compound x growth plate; target x growth x geometry,False,0.145
PMC5470957,27191748,10.18632/oncotarget.9388,Combined experience of six independent laboratories attempting to create an Ewing sarcoma mouse model.,2017,Oncotarget,87,"""NHE1""",target x growth x geometry,False,0.145
PMC8234635,34208464,10.3390/ijms22126429,Piezo Channels: Awesome Mechanosensitive Structures in Cellular Mechanotransduction and Their Role in Bone.,2021,International journal of molecular sciences,86,"""GSK1016790A""; ""GsMTx4""; ""PIEZO2""; ""Yoda1""; ""cell rotation""",compound x growth plate; target x growth x geometry,False,0.14333333333333334
PMC5223602,27998990,10.1083/jcb.201605097,Activating the nuclear piston mechanism of 3D migration in tumor cells.,2017,The Journal of cell biology,86,"""blebbistatin""",compound x growth plate,False,0.14333333333333334
PMC5121630,27883074,10.1038/srep37801,Adipose Stem Cells Display Higher Regenerative Capacities and More Adaptable Electro-Kinetic Properties Compared to Bone Marrow-Derived Mesenchymal Stromal Cells.,2016,Scientific reports,86,"""cell rotation""",target x growth x geometry,False,0.14333333333333334
PMC6599291,31297148,10.1186/s13036-019-0185-0,Cardiac tissue engineering: state-of-the-art methods and outlook.,2019,Journal of biological engineering,86,"""actin cortex""",target x growth x geometry,False,0.14333333333333334
PMC10214107,37251734,10.1177/20417314231172573,"Significance of mechanical loading in bone fracture healing, bone regeneration, and vascularization.",2023,Journal of tissue engineering,86,"""ROCK1""; ""ROCK2""; ""cytochalasin D""",compound x growth plate; target x growth x geometry,False,0.14333333333333334
PMC7970050,33748119,10.3389/fcell.2021.634690,"Guidelines for Regulated Cell Death Assays: A Systematic Summary, A Categorical Comparison, A Prospective.",2021,Frontiers in cell and developmental biology,86,"""osmotic swelling""",target x growth x geometry,False,0.14333333333333334
PMC8448080,34533887,10.1002/jev2.12148,Diverse plasma membrane protrusions act as platforms for extracellular vesicle shedding.,2021,Journal of extracellular vesicles,84,"""actin cortex""; ""cytochalasin D""",compound x growth plate; target x growth x geometry,False,0.14
PMC5830574,29491434,10.1038/s41598-018-22174-3,TRPV4-mediates oscillatory fluid shear mechanotransduction in mesenchymal stem cells in part via the primary cilium.,2018,Scientific reports,84,"""GSK1016790A""",compound x growth plate,False,0.14
PMC2423617,18575581,10.1371/journal.pone.0002498,Derivation of chondrogenically-committed cells from human embryonic cells for cartilage tissue regeneration.,2008,PloS one,84,"""integrin beta1""",target x growth x geometry,False,0.14
PMC10648520,37947654,10.3390/cells12212576,A Brief Review of Bone Cell Function and Importance.,2023,Cells,83,"""RAC1""; ""RHOA""; ""microtubule""",target x growth x geometry,False,0.13833333333333334
PMC7227004,32326412,10.3390/cells9040972,The YAP/TAZ Pathway in Osteogenesis and Bone Sarcoma Pathogenesis.,2020,Cells,83,"""ROCK2""; ""lovastatin""",compound x growth plate; target x growth x geometry,False,0.13833333333333334
PMC3460891,23029565,10.1371/journal.pone.0046689,Chip-based comparison of the osteogenesis of human bone marrow- and adipose tissue-derived mesenchymal stem cells under mechanical stimulation.,2012,PloS one,83,"""integrin beta1""",target x growth x geometry,False,0.13833333333333334
PMC3936893,24555568,10.1186/1476-4598-13-31,WNK1-OSR1 kinase-mediated phospho-activation of Na+-K+-2Cl- cotransporter facilitates glioma migration.,2014,Molecular cancer,82,"""NKCC1""; ""bumetanide""",compound x growth plate; target x growth x geometry,False,0.13666666666666666
PMC10037983,36658771,10.1002/advs.202204594,Static and Dynamic: Evolving Biomaterial Mechanical Properties to Control Cellular Mechanotransduction.,2023,"Advanced science (Weinheim, Baden-Wurttemberg, Germany)",82,"""actin cortex""",target x growth x geometry,False,0.13666666666666666
PMC4472125,26273529,10.1038/boneres.2014.34,High-throughput screening of mouse gene knockouts identifies established and novel skeletal phenotypes.,2014,Bone research,81,"""LIMK1""; ""LIMK2""",target x growth x geometry,False,0.135
PMC8815029,35127684,10.3389/fcell.2022.808303,Mechanical Stimulation on Mesenchymal Stem Cells and Surrounding Microenvironments in Bone Regeneration: Regulations and Applications.,2022,Frontiers in cell and developmental biology,81,"""LIMK2""",target x growth x geometry,False,0.135
PMC5398589,28426719,10.1371/journal.pone.0176031,Transcriptome of interstitial cells of Cajal reveals unique and selective gene signatures.,2017,PloS one,80,"""NKCC1""; ""SLC12A2""",target x growth x geometry,False,0.13333333333333333
PMC8854709,35177768,10.1038/s41598-022-06824-1,Human adipose mesenchymal stem cells modulate inflammation and angiogenesis through exosomes.,2022,Scientific reports,80,"""ROCK1""",target x growth x geometry,False,0.13333333333333333
PMC4518325,26283962,10.3389/fphar.2015.00152,Voltage-gated sodium channels and cancer: is excitability their primary role?,2015,Frontiers in pharmacology,80,"""NHE1""",target x growth x geometry,False,0.13333333333333333
PMC5687034,28931598,10.1091/mbc.e17-06-0393,Coordinated increase of nuclear tension and lamin-A with matrix stiffness outcompetes lamin-B receptor that favors soft tissue phenotypes.,2017,Molecular biology of the cell,80,"""MYH9""; ""blebbistatin""",compound x growth plate; target x growth x geometry,False,0.13333333333333333
PMC8244143,34193158,10.1186/s12951-021-00940-2,Mesenchymal stem cell-derived extracellular vesicles prevent the development of osteoarthritis via the circHIPK3/miR-124-3p/MYH9 axis.,2021,Journal of nanobiotechnology,79,"""MYH9""",target x growth x geometry,False,0.13166666666666665
PMC7767888,33381498,10.3389/fbioe.2020.597661,Stem Cell Mechanobiology and the Role of Biomaterials in Governing Mechanotransduction and Matrix Production for Tissue Regeneration.,2020,Frontiers in bioengineering and biotechnology,79,"""blebbistatin""",compound x growth plate,False,0.13166666666666665
PMC8799556,35089438,10.1007/s00018-021-04104-1,Integrin-linked kinase (ILK): the known vs. the unknown and perspectives.,2022,Cellular and molecular life sciences : CMLS,79,"""aquaporin""",target x growth x geometry,False,0.13166666666666665
PMC9125856,35606793,10.1186/s13075-022-02804-y,Excessive mechanical stress-induced intervertebral disc degeneration is related to Piezo1 overexpression triggering the imbalance of autophagy/apoptosis in human nucleus pulpous.,2022,Arthritis research & therapy,78,"""GsMTx4""",compound x growth plate,False,0.13
PMC10777970,38201302,10.3390/cells13010096,Extracellular Matrix Cues Regulate Mechanosensing and Mechanotransduction of Cancer Cells.,2024,Cells,78,"""latrunculin""",compound x growth plate,False,0.13
PMC9311946,35883714,10.3390/antiox11071224,The Role of Antioxidants in the Interplay between Oxidative Stress and Senescence.,2022,"Antioxidants (Basel, Switzerland)",78,"""nobiletin""",compound x growth plate,False,0.13
PMC4931624,27331819,10.3390/cancers8060059,S100A4 in Cancer Metastasis: Wnt Signaling-Driven Interventions for Metastasis Restriction.,2016,Cancers,78,"""non-muscle myosin II""",target x growth x geometry,False,0.13
PMC8162454,33106255,10.2337/dbi20-0040,SGLT2 Inhibition for CKD and Cardiovascular Disease in Type 2 Diabetes: Report of a Scientific Workshop Sponsored by the National Kidney Foundation.,2021,Diabetes,77,"""bumetanide""",compound x growth plate,False,0.12833333333333333
PMC7840132,33571125,10.1126/sciadv.abd9858,A synthetic mechanogenetic gene circuit for autonomous drug delivery in engineered tissues.,2021,Science advances,77,"""GSK1016790A""",compound x growth plate,False,0.12833333333333333
PMC10472522,36880296,10.1111/cpr.13440,Piezo1-mediated M2 macrophage mechanotransduction enhances bone formation through secretion and activation of transforming growth factor-β1.,2023,Cell proliferation,77,"""GsMTx4""",compound x growth plate,False,0.12833333333333333
PMC6351496,30728775,10.3389/fphar.2019.00006,The TRPV4 Agonist GSK1016790A Regulates the Membrane Expression of TRPV4 Channels.,2019,Frontiers in pharmacology,75,"""GSK1016790A""; ""NSC23766""",compound x growth plate,False,0.125
PMC7047768,32154253,10.3389/fcell.2020.00107,Mesenchymal Stem Cell Derived Extracellular Vesicles in Aging.,2020,Frontiers in cell and developmental biology,74,"""ML141""",compound x growth plate,False,0.12333333333333334
PMC6795506,31663014,10.1126/sciadv.aaw3896,Synthetic presentation of noncanonical Wnt5a motif promotes mechanosensing-dependent differentiation of stem cells and regeneration.,2019,Science advances,74,"""non-muscle myosin II""",target x growth x geometry,False,0.12333333333333334
PMC8622900,34828915,10.3390/foods10112634,<i>Cordyceps militaris</i>: An Overview of Its Chemical Constituents in Relation to Biological Activity.,2021,"Foods (Basel, Switzerland)",73,"""lovastatin""",compound x growth plate,False,0.12166666666666667
PMC8010668,33816463,10.3389/fcell.2021.611922,Mitochondrial Dysfunction: Cause or Consequence of Vascular Calcification?,2021,Frontiers in cell and developmental biology,72,"""acetazolamide""",compound x growth plate,False,0.12
PMC9917216,36768462,10.3390/ijms24032136,Immunopharmacological Activities of Luteolin in Chronic Diseases.,2023,International journal of molecular sciences,72,"""LIMK1""",target x growth x geometry,False,0.12
PMC8707858,34948394,10.3390/ijms222413595,Mechanical Cues: Bidirectional Reciprocity in the Extracellular Matrix Drives Mechano-Signalling in Articular Cartilage.,2021,International journal of molecular sciences,71,"""osmotic swelling""",target x growth x geometry,False,0.11833333333333333
PMC7570499,32937952,10.3390/molecules25184215,Heparan Sulfate Proteoglycans Biosynthesis and Post Synthesis Mechanisms Combine Few Enzymes and Few Core Proteins to Generate Extensive Structural and Functional Diversity.,2020,"Molecules (Basel, Switzerland)",70,"""nocodazole""",compound x growth plate,False,0.11666666666666667
PMC5873362,27104955,10.1080/15592294.2016.1155012,Air pollution-induced placental epigenetic alterations in early life: a candidate miRNA approach.,2018,Epigenetics,70,"""LIMK1""",target x growth x geometry,False,0.11666666666666667
PMC9420732,36031625,10.1038/s41413-022-00229-6,Endothelial PDGF-BB/PDGFR-β signaling promotes osteoarthritis by enhancing angiogenesis-dependent abnormal subchondral bone formation.,2022,Bone research,70,"""PF-573228""",compound x growth plate,False,0.11666666666666667
PMC10298547,37372989,10.3390/ijms24129841,Cartilage-Related Collagens in Osteoarthritis and Rheumatoid Arthritis: From Pathogenesis to Therapeutics.,2023,International journal of molecular sciences,70,"""simvastatin""",compound x growth plate,False,0.11666666666666667
PMC5002468,27597899,10.1155/2016/5081021,The Emerging Roles of the Calcineurin-Nuclear Factor of Activated T-Lymphocytes Pathway in Nervous System Functions and Diseases.,2016,Journal of aging research,70,"""latrunculin""",compound x growth plate,False,0.11666666666666667
PMC6894097,31638828,10.1096/fj.201802725rrr,Mechanosensitive transcriptional coactivators MRTF-A and YAP/TAZ regulate nucleus pulposus cell phenotype through cell shape.,2019,FASEB journal : official publication of the Federation of American Societies for Experimental Biology,70,"""latrunculin""",compound x growth plate,False,0.11666666666666667
PMC7729585,33256181,10.3390/ijms21238992,Role of Metabolism in Bone Development and Homeostasis.,2020,International journal of molecular sciences,69,"""jasplakinolide""; ""lovastatin""",compound x growth plate,False,0.115
PMC11837477,39966897,10.1186/s12929-025-01119-9,"EGF receptor in organ development, tissue homeostasis and regeneration.",2025,Journal of biomedical science,69,"""CDC42""",target x growth x geometry,False,0.115
PMC8312405,34192535,10.1016/j.celrep.2021.109293,Breast tumor stiffness instructs bone metastasis via maintenance of mechanical conditioning.,2021,Cell reports,69,"""blebbistatin""; ""nocodazole""",compound x growth plate,False,0.115
PMC7432012,32751354,10.3390/ijms21155399,Mechanotransduction and Stiffness-Sensing: Mechanisms and Opportunities to Control Multiple Molecular Aspects of Cell Phenotype as a Design Cornerstone of Cell-Instructive Biomaterials for Articular Cartilage Repair.,2020,International journal of molecular sciences,69,"""LIMK1""; ""ROCK1""; ""blebbistatin""; ""cofilin""; ""non-muscle myosin II""",compound x growth plate; target x growth x geometry,False,0.115
PMC8120991,33995390,10.3389/fimmu.2021.663203,Regulatory Immune Cells in Idiopathic Pulmonary Fibrosis: Friends or Foes?,2021,Frontiers in immunology,68,"""belumosudil""",compound x growth plate,False,0.11333333333333333
PMC5983582,29702557,10.3390/ijms19051304,CDG Therapies: From Bench to Bedside.,2018,International journal of molecular sciences,68,"""acetazolamide""",compound x growth plate,False,0.11333333333333333
PMC6801562,31597314,10.3390/ijms20194960,"PIEZO1 and TRPV4, which Are Distinct Mechano-Sensors in the Osteoblastic MC3T3-E1 Cells, Modify Cell-Proliferation.",2019,International journal of molecular sciences,67,"""GSK1016790A""; ""HC-067047""",compound x growth plate,False,0.11166666666666666
PMC7098081,32216834,10.1186/s13059-020-01997-2,Characterisation of genetic regulatory effects for osteoporosis risk variants in human osteoclasts.,2020,Genome biology,67,"""SLC12A2""",target x growth x geometry,False,0.11166666666666666
PMC8431149,34502227,10.3390/ijms22179319,"Characteristics of TIMP1, CD63, and β1-Integrin and the Functional Impact of Their Interaction in Cancer.",2021,International journal of molecular sciences,67,"""integrin beta1""",target x growth x geometry,False,0.11166666666666666
PMC3822693,21973190,10.1111/j.1582-4934.2011.01459.x,Human umbilical cord mesenchymal stem cells suppress breast cancer tumourigenesis through direct cell-cell contact and internalization.,2012,Journal of cellular and molecular medicine,67,"""latrunculin""",compound x growth plate,False,0.11166666666666666
PMC7013034,32116759,10.3389/fphys.2020.00047,Destroy to Rebuild: The Connection Between Bone Tissue Remodeling and Matrix Metalloproteinases.,2020,Frontiers in physiology,67,"""lovastatin""",compound x growth plate,False,0.11166666666666666
PMC8509327,34639180,10.3390/ijms221910840,Roles of Non-Canonical Wnt Signalling Pathways in Bone Biology.,2021,International journal of molecular sciences,67,"""ROCK1""",target x growth x geometry,False,0.11166666666666666
PMC7486305,32857980,10.1016/j.stemcr.2020.07.022,Soft Matrix Promotes Cardiac Reprogramming via Inhibition of YAP/TAZ and Suppression of Fibroblast Signatures.,2020,Stem cell reports,67,"""blebbistatin""; ""non-muscle myosin II""",compound x growth plate; target x growth x geometry,False,0.11166666666666666
PMC2064255,16908668,10.1083/jcb.200603069,"Perturbing integrin function inhibits microtubule growth from centrosomes, spindle assembly, and cytokinesis.",2006,The Journal of cell biology,67,"""integrin beta1""",target x growth x geometry,False,0.11166666666666666
PMC12399776,40887468,10.1038/s41392-025-02346-0,"Arterial stiffness and vascular aging: mechanisms, prevention, and therapy.",2025,Signal transduction and targeted therapy,67,"""ROCK2""; ""aquaporin""",target x growth x geometry,False,0.11166666666666666
PMC7806483,33456572,10.7150/thno.51756,Neutrophil-derived trail is a proinflammatory subtype of neutrophil-derived extracellular vesicles.,2021,Theranostics,66,"""ML141""; ""NSC23766""",compound x growth plate,False,0.11
PMC11331168,37758057,10.1016/j.jare.2023.09.040,Piezo1 activation accelerates osteoarthritis progression and the targeted therapy effect of artemisinin.,2024,Journal of advanced research,66,"""Yoda1""",compound x growth plate,False,0.11
PMC11579019,39567500,10.1038/s41413-024-00376-y,"Engineering bone/cartilage organoids: strategy, progress, and application.",2024,Bone research,66,"""Y27632""",compound x growth plate,False,0.11
PMC10665588,38024227,10.1016/j.bioactmat.2023.10.031,Biomaterial scaffolds in maxillofacial bone tissue engineering: A review of recent advances.,2024,Bioactive materials,66,"""lovastatin""",compound x growth plate,False,0.11
PMC7619214,33285439,10.1016/j.biomaterials.2020.120572,Steering cell behavior through mechanobiology in 3D: A regenerative medicine perspective.,2021,Biomaterials,65,"""blebbistatin""; ""fasudil""; ""latrunculin""; ""non-muscle myosin II""",compound x growth plate; target x growth x geometry,False,0.10833333333333334
PMC8303459,34299213,10.3390/ijms22147594,The MEK5/ERK5 Pathway in Health and Disease.,2021,International journal of molecular sciences,65,"""nocodazole""",compound x growth plate,False,0.10833333333333334
PMC10283054,37351163,10.7150/thno.84759,Integrating physicomechanical and biological strategies for BTE: biomaterials-induced osteogenic differentiation of MSCs.,2023,Theranostics,65,"""CDC42""; ""RAC1""; ""RHOA""; ""TRPV4""; ""blebbistatin""; ""microtubule""; ""planar cell polarity""; ""primary cilia""",compound x growth plate; target x growth x geometry,False,0.10833333333333334
PMC7327111,32671039,10.3389/fbioe.2020.00640,Influence of Microenvironment on Mesenchymal Stem Cell Therapeutic Potency: From Planar Culture to Microcarriers.,2020,Frontiers in bioengineering and biotechnology,65,"""latrunculin""",compound x growth plate,False,0.10833333333333334
PMC5729425,29237506,10.1186/s13287-017-0733-9,TGF-β1-induced chondrogenesis of bone marrow mesenchymal stem cells is promoted by low-intensity pulsed ultrasound through the integrin-mTOR signaling pathway.,2017,Stem cell research & therapy,64,"""integrin beta1""",target x growth x geometry,False,0.10666666666666667
PMC3947960,24338153,10.1007/s10911-013-9312-6,Aquaporin water channels in the mammary gland: from physiology to pathophysiology and neoplasia.,2014,Journal of mammary gland biology and neoplasia,64,"""NKCC1""",target x growth x geometry,False,0.10666666666666667
PMC8844425,35165293,10.1038/s41467-022-28338-0,Mesenchymal stem cells transfer mitochondria to allogeneic Tregs in an HLA-dependent manner improving their immunosuppressive activity.,2022,Nature communications,63,"""latrunculin""",compound x growth plate,False,0.105
PMC7277899,32380783,10.3390/biomedicines8050110,Nobiletin in Cancer Therapy: How This Plant Derived-Natural Compound Targets Various Oncogene and Onco-Suppressor Pathways.,2020,Biomedicines,63,"""nobiletin""",compound x growth plate,False,0.105
PMC10980708,38553442,10.1038/s41413-024-00317-9,Piezo1 channel exaggerates ferroptosis of nucleus pulposus cells by mediating mechanical stress-induced iron influx.,2024,Bone research,62,"""GsMTx4""; ""Yoda1""",compound x growth plate,False,0.10333333333333333
PMC4887995,27247148,10.1038/srep26894,Small molecule dual-inhibitors of TRPV4 and TRPA1 for attenuation of inflammation and pain.,2016,Scientific reports,62,"""GSK1016790A""",compound x growth plate,False,0.10333333333333333
PMC6668467,31366886,10.1038/s41467-019-11373-9,Increased autophagy in EphrinB2-deficient osteocytes is associated with elevated secondary mineralization and brittle bone.,2019,Nature communications,61,"""Y27632""",compound x growth plate,False,0.10166666666666667
PMC11430160,39334952,10.3390/biom14091186,Extracellular Matrix Components and Mechanosensing Pathways in Health and Disease.,2024,Biomolecules,61,"""ROCK1""; ""ROCK2""; ""cofilin""",target x growth x geometry,False,0.10166666666666667
PMC3088684,21573172,10.1371/journal.pone.0019533,Increased basal activity is a key determinant in the severity of human skeletal dysplasia caused by TRPV4 mutations.,2011,PloS one,60,"""GSK1016790A""",compound x growth plate,False,0.1
PMC9650009,36406245,10.1016/j.bioactmat.2022.10.029,Cell-scaffold interactions in tissue engineering for oral and craniofacial reconstruction.,2023,Bioactive materials,60,"""LIMK2""",target x growth x geometry,False,0.1
PMC6104023,30134936,10.1186/s13018-018-0913-z,The etiology of idiopathic congenital talipes equinovarus: a systematic review.,2018,Journal of orthopaedic surgery and research,59,"""LIMK1""",target x growth x geometry,False,0.09833333333333333
PMC10592453,37289589,10.1016/j.celrep.2023.112623,A single-cell level comparison of human inner ear organoids with the human cochlea and vestibular organs.,2023,Cell reports,59,"""Y27632""",compound x growth plate,False,0.09833333333333333
PMC6249385,30498449,10.3389/fphys.2018.01449,Biomechanical Characterization at the Cell Scale: Present and Prospects.,2018,Frontiers in physiology,59,"""latrunculin""",compound x growth plate,False,0.09833333333333333
PMC7698327,33212873,10.3390/ijms21228662,Mesenchymal Stem Cells in Multiple Sclerosis: Recent Evidence from Pre-Clinical to Clinical Studies.,2020,International journal of molecular sciences,59,"""fasudil""",compound x growth plate,False,0.09833333333333333
PMC9563588,36231123,10.3390/cells11193161,Pathological Role of HDAC8: Cancer and Beyond.,2022,Cells,58,"""cofilin""",target x growth x geometry,False,0.09666666666666666
PMC8606660,34820380,10.3389/fcell.2021.761871,Intrinsic Mechanical Cues and Their Impact on Stem Cells and Embryogenesis.,2021,Frontiers in cell and developmental biology,58,"""CDC42""; ""blebbistatin""; ""cofilin""; ""latrunculin""; ""non-muscle myosin II""; ""planar cell polarity""",compound x growth plate; target x growth x geometry,False,0.09666666666666666
PMC7555423,32899453,10.3390/ijms21186490,G Protein-Coupled Estrogen Receptor Mediates Cell Proliferation through the cAMP/PKA/CREB Pathway in Murine Bone Marrow Mesenchymal Stem Cells.,2020,International journal of molecular sciences,58,"""nocodazole""",compound x growth plate,False,0.09666666666666666
PMC8927336,35296645,10.1038/s41413-022-00203-2,"Versatile subtypes of pericytes and their roles in spinal cord injury repair, bone development and repair.",2022,Bone research,57,"""integrin beta1""",target x growth x geometry,False,0.095
PMC11119514,38799625,10.1016/j.apsb.2024.02.005,Rhizoma Drynariae-derived nanovesicles reverse osteoporosis by potentiating osteogenic differentiation of human bone marrow mesenchymal stem cells <i>via</i> targeting ER<i>α</i> signaling.,2024,Acta pharmaceutica Sinica. B,57,"""amiloride""; ""cytochalasin D""",compound x growth plate,False,0.095
PMC8832693,35148808,10.1186/s13287-022-02745-y,Application of stem cells in the repair of intervertebral disc degeneration.,2022,Stem cell research & therapy,57,"""fasudil""",compound x growth plate,False,0.095
PMC8860232,34838648,10.1016/j.addr.2021.114069,The extracellular matrix of hematopoietic stem cell niches.,2022,Advanced drug delivery reviews,57,"""non-muscle myosin II""",target x growth x geometry,False,0.095
PMC3537888,22213560,10.1002/stem.1015,"Inhibition of platelet-derived growth factor receptor signaling regulates Oct4 and Nanog expression, cell shape, and mesenchymal stem cell potency.",2012,"Stem cells (Dayton, Ohio)",57,"""H-1152""; ""latrunculin""",compound x growth plate,False,0.095
PMC4683465,26677944,10.1038/srep18581,TRPV4 associates environmental temperature and sex determination in the American alligator.,2015,Scientific reports,57,"""GSK1016790A""; ""RN-1734""",compound x growth plate,False,0.095
PMC9581935,36261411,10.1038/s41413-022-00235-8,Insights into skeletal stem cells.,2022,Bone research,57,"""FAK""",target x growth x geometry,False,0.095
PMC11977258,40195313,10.1038/s41413-025-00417-0,Cell communication and relevant signaling pathways in osteogenesis-angiogenesis coupling.,2025,Bone research,57,"""CDC42""",target x growth x geometry,False,0.095
PMC10071204,37025158,10.1177/20417314231164765,Regeneration of articular cartilage defects: Therapeutic strategies and perspectives.,2023,Journal of tissue engineering,56,"""Y27632""",compound x growth plate,False,0.09333333333333334
PMC10388836,37529365,10.1039/d3ra03369d,Recent developments in natural biopolymer based drug delivery systems.,2023,RSC advances,56,"""acetazolamide""",compound x growth plate,False,0.09333333333333334
PMC8145896,33922466,10.3390/cells10050990,Channelling the Force to Reprogram the Matrix: Mechanosensitive Ion Channels in Cardiac Fibroblasts.,2021,Cells,56,"""osmotic swelling""",target x growth x geometry,False,0.09333333333333334
PMC12328749,40769978,10.1038/s41392-025-02371-z,"Immunosenescence: signaling pathways, diseases and therapeutic targets.",2025,Signal transduction and targeted therapy,55,"""CASIN""",compound x growth plate,False,0.09166666666666666
PMC6490943,30998689,10.1371/journal.pgen.1008110,Varicose veins of lower extremities: Insights from the first large-scale genetic study.,2019,PLoS genetics,55,"""SLC12A2""",target x growth x geometry,False,0.09166666666666666
PMC8129536,34017835,10.3389/fcell.2021.667581,WNT5B in Physiology and Disease.,2021,Frontiers in cell and developmental biology,55,"""aquaporin""",target x growth x geometry,False,0.09166666666666666
PMC7419023,32462706,10.1111/cas.14504,Targeting of cancer stem cells by differentiation therapy.,2020,Cancer science,55,"""fasudil""; ""latrunculin""",compound x growth plate,False,0.09166666666666666
PMC7917738,33673336,10.3390/ijms22041845,Aquaporins in Immune Cells and Inflammation: New Targets for Drug Development.,2021,International journal of molecular sciences,55,"""aquaporin""",target x growth x geometry,False,0.09166666666666666
PMC7303887,32596195,10.3389/fped.2020.00315,Diagnosis and Management of Vitamin D Dependent Rickets.,2020,Frontiers in pediatrics,55,"""jasplakinolide""",compound x growth plate,False,0.09166666666666666
PMC4650443,26402517,10.1038/cddis.2015.247,DEC1 regulates breast cancer cell proliferation by stabilizing cyclin E protein and delays the progression of cell cycle S phase.,2015,Cell death & disease,55,"""nocodazole""",compound x growth plate,False,0.09166666666666666
PMC7835113,33245277,10.5041/rmmj.10426,Different Chemical Structures and Physiological/Pathological Roles of Cyclooxygenases.,2021,Rambam Maimonides medical journal,55,"""furosemide""",compound x growth plate,False,0.09166666666666666
PMC2981576,21085597,10.1371/journal.pone.0015451,Matrix rigidity induces osteolytic gene expression of metastatic breast cancer cells.,2010,PloS one,55,"""LIMK1""; ""blebbistatin""; ""fasudil""",compound x growth plate; target x growth x geometry,False,0.09166666666666666
PMC4283675,24257023,10.1136/annrheumdis-2013-203901,Inhibition of Rac1 activity by controlled release of NSC23766 from chitosan microspheres effectively ameliorates osteoarthritis development in vivo.,2015,Annals of the rheumatic diseases,54,"""NSC23766""",compound x growth plate,False,0.09
PMC8814827,35018864,10.1177/2515690x211068826,"Role of Silymarin in Cancer Treatment: Facts, Hypotheses, and Questions.",2022,Journal of evidence-based integrative medicine,54,"""NHE1""; ""SLC9A1""",target x growth x geometry,False,0.09
PMC10618155,37907770,10.1007/s40820-023-01187-2,Intelligent Vascularized 3D/4D/5D/6D-Printed Tissue Scaffolds.,2023,Nano-micro letters,54,"""simvastatin""",compound x growth plate,False,0.09
PMC8488162,34616743,10.3389/fcell.2021.738978,"RNA-Binding Proteins in the Post-transcriptional Control of Skeletal Muscle Development, Regeneration and Disease.",2021,Frontiers in cell and developmental biology,54,"""cell rotation""",target x growth x geometry,False,0.09
PMC11192764,38351317,10.1038/s41401-024-01235-6,Transforming growth factor-β receptors: versatile mechanisms of ligand activation.,2024,Acta pharmacologica Sinica,54,"""blebbistatin""; ""non-muscle myosin II""",compound x growth plate; target x growth x geometry,False,0.09
PMC8924262,35292651,10.1038/s41467-022-28974-6,Intrinsically disordered intracellular domains control key features of the mechanically-gated ion channel PIEZO2.,2022,Nature communications,54,"""cytochalasin D""; ""nocodazole""",compound x growth plate,False,0.09
PMC8799643,35091558,10.1038/s41467-022-28142-w,Mesenchymal stromal cell-derived septoclasts resorb cartilage during developmental ossification and fracture healing.,2022,Nature communications,54,"""MYH9""",target x growth x geometry,False,0.09
PMC7575724,33117811,10.3389/fcell.2020.584590,Functional Versatility of the CDK Inhibitor p57<sup>Kip2</sup>.,2020,Frontiers in cell and developmental biology,53,"""LIMK1""",target x growth x geometry,False,0.08833333333333333
PMC9066069,35412705,10.15252/embr.202152412,"Nutrition, metabolism, and epigenetics: pathways of circadian reprogramming.",2022,EMBO reports,53,"""nobiletin""",compound x growth plate,False,0.08833333333333333
PMC4690757,26315393,10.1002/art.39337,Regulation of Cholesterol Homeostasis by Hedgehog Signaling in Osteoarthritic Cartilage.,2016,"Arthritis & rheumatology (Hoboken, N.J.)",53,"""lovastatin""",compound x growth plate,False,0.08833333333333333
PMC7132955,32252793,10.1186/s12967-020-02326-8,The effects of statins on dental and oral health: a review of preclinical and clinical studies.,2020,Journal of translational medicine,53,"""lovastatin""",compound x growth plate,False,0.08833333333333333
PMC5435778,28224446,10.1007/s11914-017-0347-2,Current Care and Investigational Therapies in Achondroplasia.,2017,Current osteoporosis reports,53,"""lovastatin""",compound x growth plate,False,0.08833333333333333
PMC10013802,36925674,10.1002/btm2.10383,Recent progress in the manipulation of biochemical and biophysical cues for engineering functional tissues.,2023,Bioengineering & translational medicine,52,"""lovastatin""",compound x growth plate,False,0.08666666666666667
PMC10333601,37440921,10.3389/fcell.2023.1211217,Wharton's jelly mesenchymal stem cells: a concise review of their secretome and prospective clinical applications.,2023,Frontiers in cell and developmental biology,52,"""MYH9""",target x growth x geometry,False,0.08666666666666667
PMC6292870,30581820,10.3389/fcvm.2018.00174,Cell-Matrix Interactions and Matricrine Signaling in the Pathogenesis of Vascular Calcification.,2018,Frontiers in cardiovascular medicine,52,"""blebbistatin""",compound x growth plate,False,0.08666666666666667
PMC5541850,28566555,10.1091/mbc.e17-01-0010,Cross-linked matrix rigidity and soluble retinoids synergize in nuclear lamina regulation of stem cell differentiation.,2017,Molecular biology of the cell,52,"""MYH9""; ""blebbistatin""",compound x growth plate; target x growth x geometry,False,0.08666666666666667
PMC7782557,33426373,10.1016/j.bioactmat.2020.12.003,Bidirectional differentiation of BMSCs induced by a biomimetic procallus based on a gelatin-reduced graphene oxide reinforced hydrogel for rapid bone regeneration.,2021,Bioactive materials,52,"""amiloride""",compound x growth plate,False,0.08666666666666667
PMC5417851,28414273,10.7554/elife.25902,Oriented clonal cell dynamics enables accurate growth and shaping of vertebrate cartilage.,2017,eLife,51,"""chondrocyte column""",target x growth x geometry,False,0.085
PMC8125064,34062742,10.3390/ijms22094810,Acid-Sensing Ion Channels and Mechanosensation.,2021,International journal of molecular sciences,51,"""amiloride""",compound x growth plate,False,0.085
PMC8122623,33919228,10.3390/ijms22094321,Signaling Pathways in Bone Development and Their Related Skeletal Dysplasia.,2021,International journal of molecular sciences,51,"""chondrocyte column""; ""planar cell polarity""",target x growth x geometry,False,0.085
PMC8154823,33683513,10.1007/s10237-021-01433-9,Mechanical homeostasis in tissue equivalents: a review.,2021,Biomechanics and modeling in mechanobiology,51,"""cytochalasin D""; ""nocodazole""",compound x growth plate,False,0.085
PMC9961447,36835440,10.3390/ijms24044022,Gsmtx4 Alleviated Osteoarthritis through Piezo1/Calcineurin/NFAT1 Signaling Axis under Excessive Mechanical Strain.,2023,International journal of molecular sciences,51,"""GsMTx4""; ""Yoda1""",compound x growth plate,False,0.085
PMC8340060,34386097,10.2903/j.efsa.2021.6770,Guidance on aneugenicity assessment.,2021,EFSA journal. European Food Safety Authority,50,"""nocodazole""",compound x growth plate,False,0.08333333333333333
PMC10670061,37998747,10.3390/cimb45110570,The Interconnection between Hepatic Insulin Resistance and Metabolic Dysfunction-Associated Steatotic Liver Disease-The Transition from an Adipocentric to Liver-Centric Approach.,2023,Current issues in molecular biology,50,"""nobiletin""",compound x growth plate,False,0.08333333333333333
PMC4537186,26274317,10.1371/journal.pone.0135157,Common Effects on Cancer Cells Exerted by a Random Positioning Machine and a 2D Clinostat.,2015,PloS one,50,"""integrin beta1""",target x growth x geometry,False,0.08333333333333333
PMC9313259,35884909,10.3390/biomedicines10071604,The Involvement of Neutrophils in the Pathophysiology and Treatment of Osteoarthritis.,2022,Biomedicines,50,"""colchicine""; ""jasplakinolide""",compound x growth plate,False,0.08333333333333333
PMC9907214,36755071,10.1038/s41418-023-01124-1,Moonlighting chromatin: when DNA escapes nuclear control.,2023,Cell death and differentiation,50,"""actin cortex""",target x growth x geometry,False,0.08333333333333333
PMC8780935,34918401,10.1111/cpr.13162,Research progress on the hedgehog signalling pathway in regulating bone formation and homeostasis.,2022,Cell proliferation,50,"""simvastatin""",compound x growth plate,False,0.08333333333333333
PMC2915946,20637105,10.1186/1471-2156-11-68,A symphony of inner ear developmental control genes.,2010,BMC genetics,49,"""NKCC1""; ""SLC12A2""",target x growth x geometry,False,0.08166666666666667
PMC9593054,36304156,10.3389/fphar.2022.998574,NLRP3-mediated pyroptosis in diabetic nephropathy.,2022,Frontiers in pharmacology,49,"""fasudil""",compound x growth plate,False,0.08166666666666667
PMC3743404,23966948,10.3389/fphys.2013.00212,"Ionizing radiation, ion transports, and radioresistance of cancer cells.",2013,Frontiers in physiology,49,"""NKCC1""",target x growth x geometry,False,0.08166666666666667
PMC6481516,30844569,10.1016/j.actbio.2019.03.002,Hypoxia impacts human MSC response to substrate stiffness during chondrogenic differentiation.,2019,Acta biomaterialia,49,"""ROCK1""; ""ROCK2""; ""Y-27632""; ""blebbistatin""",compound x growth plate; target x growth x geometry,False,0.08166666666666667
PMC6335580,30595546,10.1016/j.stemcr.2018.11.020,Method to Synchronize Cell Cycle of Human Pluripotent Stem Cells without Affecting Their Fundamental Characteristics.,2019,Stem cell reports,49,"""nocodazole""",compound x growth plate,False,0.08166666666666667
PMC9597509,36313562,10.3389/fcell.2022.1017499,The uniformity and stability of cellular mass density in mammalian cell culture.,2022,Frontiers in cell and developmental biology,49,"""cytochalasin D""; ""nocodazole""",compound x growth plate,False,0.08166666666666667
PMC4142280,25177495,10.1155/2014/801787,Cell models to study regulation of cell transformation in pathologies of retinal pigment epithelium.,2014,Journal of ophthalmology,49,"""NSC23766""; ""hydroxyfasudil""",compound x growth plate,False,0.08166666666666667
PMC8777287,35087962,10.1016/j.bioactmat.2021.10.034,Potential bioactive coating system for high-performance absorbable magnesium bone implants.,2022,Bioactive materials,48,"""simvastatin""",compound x growth plate,False,0.08
PMC4310744,25473115,10.1091/mbc.e14-10-1450,Coupling of vesicle tethering and Rab binding is required for in vivo functionality of the golgin GMAP-210.,2015,Molecular biology of the cell,48,"""nocodazole""",compound x growth plate,False,0.08
PMC5769581,29093022,10.1242/jcs.212308,Giantin-knockout models reveal a feedback loop between Golgi function and glycosyltransferase expression.,2017,Journal of cell science,48,"""nocodazole""",compound x growth plate,False,0.08
PMC12680540,34373601,10.1038/s41551-021-00778-x,Induction and expansion of human PRRX1&lt;sup&gt;+&lt;/sup&gt; limb-bud-like mesenchymal cells from pluripotent stem cells.,2021,Nature biomedical engineering,48,"""Y27632""",compound x growth plate,False,0.08
PMC5460273,28649635,10.1038/s41526-017-0018-8,Gravireceptors in eukaryotes-a comparison of case studies on the cellular level.,2017,NPJ microgravity,48,"""latrunculin""",compound x growth plate,False,0.08
PMC10266764,37129354,10.7554/elife.82490,Physical basis of the cell size scaling laws.,2023,eLife,48,"""aquaporin""",target x growth x geometry,False,0.08
PMC7053211,32194856,10.7150/thno.41647,An evolving paradigm of cancer stem cell hierarchies: therapeutic implications.,2020,Theranostics,48,"""defactinib""",compound x growth plate,False,0.08
PMC6843432,31561501,10.3390/biom9100534,Interplay between BMPs and Reactive Oxygen Species in Cell Signaling and Pathology.,2019,Biomolecules,48,"""LIMK1""",target x growth x geometry,False,0.08
PMC5340129,28256232,10.1016/j.bpj.2016.12.032,Viscoelastic Properties of Confluent MDCK II Cells Obtained from Force Cycle Experiments.,2017,Biophysical journal,47,"""actin cortex""",target x growth x geometry,False,0.07833333333333334
PMC11153831,38846099,10.3389/fphar.2024.1407335,"Ferroptosis inhibitors: past, present and future.",2024,Frontiers in pharmacology,47,"""fasudil""",compound x growth plate,False,0.07833333333333334
PMC8378232,34422781,10.3389/fbioe.2021.704048,"Regenerative Medicine Technologies to Treat Dental, Oral, and Craniofacial Defects.",2021,Frontiers in bioengineering and biotechnology,47,"""non-muscle myosin II""",target x growth x geometry,False,0.07833333333333334
PMC6523047,31131034,10.15420/ecr.2018.34.2,"Sodium-glucose Cotransporter 2 Inhibitors in Heart Failure: Potential Mechanisms of Action, Adverse Effects and Future Developments.",2019,European cardiology,47,"""NHE1""",target x growth x geometry,False,0.07833333333333334
PMC8257523,34023917,10.1007/s00018-021-03843-5,Plastin 3 in health and disease: a matter of balance.,2021,Cellular and molecular life sciences : CMLS,47,"""NHE1""",target x growth x geometry,False,0.07833333333333334
PMC7253061,32319726,10.1111/acel.13148,Comparison of inbred mouse strains shows diverse phenotypic outcomes of intervertebral disc aging.,2020,Aging cell,47,"""NKCC1""; ""SLC12A2""",target x growth x geometry,False,0.07833333333333334
PMC12204375,38755301,10.1038/s41556-024-01410-1,Mitochondrial heterogeneity and adaptations to cellular needs.,2024,Nature cell biology,47,"""SLC9A1""; ""latrunculin""",compound x growth plate; target x growth x geometry,False,0.07833333333333334
PMC9721618,36469459,10.7554/elife.78216,Neuroendocrinology of the lung revealed by single-cell RNA sequencing.,2022,eLife,46,"""NKCC1""",target x growth x geometry,False,0.07666666666666666
PMC12125403,40307577,10.1038/s41423-025-01284-9,Updated insights into the molecular networks for NLRP3 inflammasome activation.,2025,Cellular & molecular immunology,46,"""NKCC1""",target x growth x geometry,False,0.07666666666666666
PMC4342228,25719429,10.1371/journal.pone.0117534,Randomized trial of glucosamine and chondroitin supplementation on inflammation and oxidative stress biomarkers and plasma proteomics profiles in healthy humans.,2015,PloS one,46,"""LIMK2""",target x growth x geometry,False,0.07666666666666666
PMC7327787,32655263,10.3748/wjg.v26.i24.3365,"Interventions of natural and synthetic agents in inflammatory bowel disease, modulation of nitric oxide pathways.",2020,World journal of gastroenterology,46,"""nobiletin""",compound x growth plate,False,0.07666666666666666
PMC8260426,34143299,10.1007/s00467-021-05097-6,Renal effects of growth hormone in health and in kidney disease.,2021,"Pediatric nephrology (Berlin, Germany)",46,"""amiloride""",compound x growth plate,False,0.07666666666666666
PMC6683752,31270138,10.1083/jcb.201810166,Superresolution microscopy reveals linkages between ribosomal DNA on heterologous chromosomes.,2019,The Journal of cell biology,46,"""nocodazole""",compound x growth plate,False,0.07666666666666666
PMC8720863,34975148,10.1038/s41413-021-00166-w,Construction of developmentally inspired periosteum-like tissue for bone regeneration.,2022,Bone research,45,"""Y-27632""",compound x growth plate,False,0.075
PMC9470070,36100824,10.1007/s40290-022-00444-w,Potential Role of Polyphenolic Flavonoids as Senotherapeutic Agents in Degenerative Diseases and Geroprotection.,2022,Pharmaceutical medicine,45,"""nobiletin""",compound x growth plate,False,0.075
PMC9845956,36688083,10.3389/fpain.2022.1030899,Mechanisms of cancer pain.,2022,"Frontiers in pain research (Lausanne, Switzerland)",45,"""HC-067047""",compound x growth plate,False,0.075
PMC9284820,35841005,10.1186/s13287-022-02995-w,Exosomal miR-132-3p from mesenchymal stromal cells improves synaptic dysfunction and cognitive decline in vascular dementia.,2022,Stem cell research & therapy,45,"""NSC23766""",compound x growth plate,False,0.075
PMC8478978,34584074,10.1038/s41419-021-04170-0,Inhibition of nuclear receptor RORα attenuates cartilage damage in osteoarthritis by modulating IL-6/STAT3 pathway.,2021,Cell death & disease,45,"""SR1078""; ""SR3335""",compound x growth plate,False,0.075
PMC7062733,32195011,10.1038/s41413-020-0089-0,The cartilage matrisome in adolescent idiopathic scoliosis.,2020,Bone research,44,"""osmotic swelling""",target x growth x geometry,False,0.07333333333333333
PMC9455801,36076910,10.3390/ijms23179513,Novel Roles of MT1-MMP and MMP-2: Beyond the Extracellular Milieu.,2022,International journal of molecular sciences,44,"""LIMK1""",target x growth x geometry,False,0.07333333333333333
PMC9577946,36056774,10.1111/acel.13704,Importance of Bmal1 in Alzheimer's disease and associated aging-related diseases: Mechanisms and interventions.,2022,Aging cell,43,"""nobiletin""",compound x growth plate,False,0.07166666666666667
PMC4776690,26955067,10.1093/biosci/biu179,Linking the Primary Cilium to Cell Migration in Tissue Repair and Brain Development.,2014,Bioscience,43,"""NHE1""; ""SLC9A1""",target x growth x geometry,False,0.07166666666666667
PMC7912842,33535617,10.3390/cells10020293,Targeting Aberrant FGFR Signaling to Overcome CDK4/6 Inhibitor Resistance in Breast Cancer.,2021,Cells,43,"""defactinib""",compound x growth plate,False,0.07166666666666667
PMC10045397,36978911,10.3390/antiox12030663,The Potential of Flavonoids and Flavonoid Metabolites in the Treatment of Neurodegenerative Pathology in Disorders of Cognitive Decline.,2023,"Antioxidants (Basel, Switzerland)",43,"""nobiletin""",compound x growth plate,False,0.07166666666666667
PMC5769608,28982680,10.1242/dmm.030916,Chronic psychosocial stress disturbs long-bone growth in adolescent mice.,2017,Disease models & mechanisms,43,"""chondrocyte column""",target x growth x geometry,False,0.07166666666666667
PMC11241973,38997662,10.1186/s10194-024-01821-3,Glucagon-like peptide-1 (GLP-1) receptor agonists for headache and pain disorders: a systematic review.,2024,The journal of headache and pain,42,"""acetazolamide""",compound x growth plate,False,0.07
PMC8707227,34947740,10.3390/nano11123391,Lipid-Based Nanovesicular Drug Delivery Systems.,2021,"Nanomaterials (Basel, Switzerland)",42,"""acetazolamide""",compound x growth plate,False,0.07
PMC11269155,39055650,10.3389/fcell.2024.1410637,"Polyploid giant cancer cells: origin, possible pathways of formation, characteristics, and mechanisms of regulation.",2024,Frontiers in cell and developmental biology,42,"""centrosome""",target x growth x geometry,False,0.07
PMC4474636,26091072,10.1371/journal.pgen.1005214,FGFR3 Deficiency Causes Multiple Chondroma-like Lesions by Upregulating Hedgehog Signaling.,2015,PLoS genetics,42,"""chondrocyte column""",target x growth x geometry,False,0.07
PMC8466850,34573026,10.3390/antiox10091394,Biophysical Modulation of the Mitochondrial Metabolism and Redox in Bone Homeostasis and Osteoporosis: How Biophysics Converts into Bioenergetics.,2021,"Antioxidants (Basel, Switzerland)",41,"""SLC9A1""; ""defactinib""",compound x growth plate; target x growth x geometry,False,0.06833333333333333
PMC5938380,29765304,10.3389/fncel.2018.00101,Chloride Homeostasis in Neurons With Special Emphasis on the Olivocerebellar System: Differential Roles for Transporters and Channels.,2018,Frontiers in cellular neuroscience,41,"""NHE1""; ""NKCC1""; ""SLC12A2""; ""bumetanide""",compound x growth plate; target x growth x geometry,False,0.06833333333333333
PMC3855076,24339870,10.1371/journal.pone.0080068,Tension monitoring during epithelial-to-mesenchymal transition links the switch of phenotype to expression of moesin and cadherins in NMuMG cells.,2013,PloS one,41,"""actin cortex""",target x growth x geometry,False,0.06833333333333333
PMC8626656,34868573,10.1016/j.amsu.2021.103077,An up to date on clinical prospects and management of osteoarthritis.,2021,Annals of medicine and surgery (2012),41,"""lovastatin""",compound x growth plate,False,0.06833333333333333
PMC8998782,35294888,10.1016/j.celrep.2022.110507,L-plastin enhances NLRP3 inflammasome assembly and bleomycin-induced lung fibrosis.,2022,Cell reports,41,"""latrunculin""",compound x growth plate,False,0.06833333333333333
PMC4446903,26006045,10.1186/s12931-015-0224-4,Mechanotransduction via TRPV4 regulates inflammation and differentiation in fetal mouse distal lung epithelial cells.,2015,Respiratory research,41,"""GSK1016790A""; ""HC-067047""",compound x growth plate,False,0.06833333333333333
PMC9234013,35784640,10.1016/j.bioactmat.2022.06.003,Materials and extracellular matrix rigidity highlighted in tissue damages and diseases: Implication for biomaterials design and therapeutic targets.,2023,Bioactive materials,40,"""defactinib""; ""fasudil""",compound x growth plate,False,0.06666666666666667
PMC9652405,36369425,10.1038/s41467-022-34424-0,Programmable integrin and N-cadherin adhesive interactions modulate mechanosensing of mesenchymal stem cells by cofilin phosphorylation.,2022,Nature communications,40,"""cofilin""",target x growth x geometry,False,0.06666666666666667
PMC8064223,33824228,10.18632/aging.202850,ASIC1 and ASIC3 mediate cellular senescence of human nucleus pulposus mesenchymal stem cells during intervertebral disc degeneration.,2021,Aging,40,"""amiloride""",compound x growth plate,False,0.06666666666666667
PMC12239286,40629425,10.1186/s12929-025-01161-7,Chitosan-based formulations for therapeutic applications. A recent overview.,2025,Journal of biomedical science,40,"""osmotic swelling""",target x growth x geometry,False,0.06666666666666667
PMC7553939,33083097,10.1038/s41413-020-00108-y,LIM domain proteins Pinch1/2 regulate chondrogenesis and bone mass in mice.,2020,Bone research,40,"""chondrocyte column""",target x growth x geometry,False,0.06666666666666667
PMC4529259,26347199,10.2147/dddt.s85426,"A bioinformatic and mechanistic study elicits the antifibrotic effect of ursolic acid through the attenuation of oxidative stress with the involvement of ERK, PI3K/Akt, and p38 MAPK signaling pathways in human hepatic stellate cells and rat liver.",2015,"Drug design, development and therapy",40,"""LIMK1""; ""LIMK2""",target x growth x geometry,False,0.06666666666666667
PMC11520772,39472869,10.1186/s12933-024-02481-y,"Dapagliflozin mitigates cellular stress and inflammation through PI3K/AKT pathway modulation in cardiomyocytes, aortic endothelial cells, and stem cell-derived β cells.",2024,Cardiovascular diabetology,39,"""NHE1""; ""SLC9A1""",target x growth x geometry,False,0.065
PMC9414442,36014390,10.3390/molecules27165154,Recent Overview of Resveratrol's Beneficial Effects and Its Nano-Delivery Systems.,2022,"Molecules (Basel, Switzerland)",39,"""nobiletin""",compound x growth plate,False,0.065
PMC11304975,38884207,10.1093/genetics/iyae088,Extracellular vesicles.,2024,Genetics,39,"""centrosome""; ""latrunculin""",compound x growth plate; target x growth x geometry,False,0.065
PMC10834547,38172601,10.1038/s12276-023-01141-7,Mitochondria as secretory organelles and therapeutic cargos.,2024,Experimental & molecular medicine,39,"""latrunculin""; ""nocodazole""",compound x growth plate,False,0.065
PMC10275567,37334369,10.3389/fimmu.2023.1149336,Mechanosensitive Piezo1 protein as a novel regulator in macrophages and macrophage-mediated inflammatory diseases.,2023,Frontiers in immunology,39,"""GsMTx4""",compound x growth plate,False,0.065
PMC9968752,36860296,10.3389/fphar.2023.1050954,Hydrogel scaffolds in bone regeneration: Their promising roles in angiogenesis.,2023,Frontiers in pharmacology,39,"""simvastatin""",compound x growth plate,False,0.065
PMC9569554,36232501,10.3390/ijms231911201,Hypoxia-Inducible Factors Signaling in Osteogenesis and Skeletal Repair.,2022,International journal of molecular sciences,39,"""planar cell polarity""",target x growth x geometry,False,0.065
PMC11379611,39247380,10.1016/j.heliyon.2024.e35836,Advancements and challenges in stem cell transplantation for regenerative medicine.,2024,Heliyon,39,"""cytochalasin D""",compound x growth plate,False,0.065
PMC6337906,30379592,10.1091/mbc.e18-05-0311,ACVR1<sup>R206H</sup> FOP mutation alters mechanosensing and tissue stiffness during heterotopic ossification.,2019,Molecular biology of the cell,39,"""fasudil""",compound x growth plate,False,0.065
PMC10582421,37553778,10.1002/advs.202303291,Lepr-Expressing PDLSCs Contribute to Periodontal Homeostasis and Respond to Mechanical Force by Piezo1.,2023,"Advanced science (Weinheim, Baden-Wurttemberg, Germany)",39,"""Yoda1""",compound x growth plate,False,0.065
PMC10093652,37048115,10.3390/cells12071043,Current Knowledge about the Impact of Microgravity on Gene Regulation.,2023,Cells,39,"""SLC12A2""",target x growth x geometry,False,0.065
PMC8724267,34702419,10.1017/erm.2021.16,"Integrins, cadherins and channels in cartilage mechanotransduction: perspectives for future regeneration strategies.",2021,Expert reviews in molecular medicine,39,"""NSC23766""",compound x growth plate,False,0.065
PMC7058554,32185167,10.3389/fbioe.2020.00093,Use of Computational Modeling to Study Joint Degeneration: A Review.,2020,Frontiers in bioengineering and biotechnology,38,"""osmotic swelling""",target x growth x geometry,False,0.06333333333333334
PMC8881495,35217644,10.1038/s41413-022-00187-z,Restoring the dampened expression of the core clock molecule BMAL1 protects against compression-induced intervertebral disc degeneration.,2022,Bone research,38,"""Y-27632""",compound x growth plate,False,0.06333333333333334
PMC2918503,20711495,10.1371/journal.pone.0012032,Interactions between spider silk and cells--NIH/3T3 fibroblasts seeded on miniature weaving frames.,2010,PloS one,38,"""actin cortex""",target x growth x geometry,False,0.06333333333333334
PMC11567261,38421832,10.14336/ad.2024.0206,"Targeting Cellular Senescence in Aging and Age-Related Diseases: Challenges, Considerations, and the Emerging Role of Senolytic and Senomorphic Therapies.",2024,Aging and disease,38,"""nobiletin""",compound x growth plate,False,0.06333333333333334
PMC10190614,36965031,10.1002/advs.202206296,Spatiotemporal Characterization of Human Early Intervertebral Disc Formation at Single-Cell Resolution.,2023,"Advanced science (Weinheim, Baden-Wurttemberg, Germany)",38,"""PIEZO2""; ""osmotic swelling""",target x growth x geometry,False,0.06333333333333334
PMC5221589,27605708,10.1091/mbc.e16-06-0414,T-lymphocyte passive deformation is controlled by unfolding of membrane surface reservoirs.,2016,Molecular biology of the cell,37,"""latrunculin""; ""osmotic swelling""",compound x growth plate; target x growth x geometry,False,0.06166666666666667
PMC9873244,36703934,10.3389/fphys.2022.1106380,Neuregulin 4 as a novel adipokine in energy metabolism.,2022,Frontiers in physiology,37,"""nobiletin""",compound x growth plate,False,0.06166666666666667
PMC3958838,24477265,10.3390/ijms15022075,Cellular behavior of human adipose-derived stem cells on wettable gradient polyethylene surfaces.,2014,International journal of molecular sciences,37,"""integrin beta1""",target x growth x geometry,False,0.06166666666666667
PMC4972980,27493724,10.1186/s13630-016-0044-2,The IN/OUT assay: a new tool to study ciliogenesis.,2016,Cilia,37,"""actin cortex""",target x growth x geometry,False,0.06166666666666667
PMC6145893,30232373,10.1038/s41598-018-32491-2,Pseudomonas aeruginosa ExoS Induces Intrinsic Apoptosis in Target Host Cells in a Manner That is Dependent on its GAP Domain Activity.,2018,Scientific reports,37,"""NHE1""",target x growth x geometry,False,0.06166666666666667
PMC7100647,18273661,10.1007/s00210-007-0222-2,Interaction of P2 purinergic receptors with cellular macromolecules.,2008,Naunyn-Schmiedeberg's archives of pharmacology,37,"""LIMK2""; ""cariporide""",compound x growth plate; target x growth x geometry,False,0.06166666666666667
PMC3854757,24405819,10.1186/scrt325,Pleiotropic effects of cancer cells' secreted factors on human stromal (mesenchymal) stem cells.,2013,Stem cell research & therapy,36,"""PF-573228""",compound x growth plate,False,0.06
PMC9390986,35984875,10.1126/sciadv.abn2138,RSPO2 defines a distinct undifferentiated progenitor in the tendon/ligament and suppresses ectopic ossification.,2022,Science advances,36,"""EHT1864""; ""NSC23766""",compound x growth plate,False,0.06
PMC3820267,24077964,10.1242/dmm.012849,"Deletion of SHP-2 in mesenchymal stem cells causes growth retardation, limb and chest deformity, and calvarial defects in mice.",2013,Disease models & mechanisms,36,"""LIMK1""",target x growth x geometry,False,0.06
PMC10498085,37366640,10.1002/brb3.3136,Mechanical properties of the brain: Focus on the essential role of Piezo1-mediated mechanotransduction in the CNS.,2023,Brain and behavior,36,"""GsMTx4""",compound x growth plate,False,0.06
PMC9711862,36446523,10.26508/lsa.202201783,The mechanosensitive ion channel PIEZO1 promotes satellite cell function in muscle regeneration.,2023,Life science alliance,36,"""CN03""",compound x growth plate,False,0.06
PMC10363644,37492704,10.1016/j.gendis.2022.11.018,The emerging role of snoRNAs in human disease.,2023,Genes & diseases,36,"""ROCK2""",target x growth x geometry,False,0.06
PMC11432631,39337587,10.3390/ijms251810102,Regulation of Skeletal Development and Maintenance by Runx2 and Sp7.,2024,International journal of molecular sciences,36,"""focal adhesion""",target x growth x geometry,False,0.06
PMC8010468,33817575,10.1016/j.isci.2021.102270,Pharmacological and nutritional targeting of voltage-gated sodium channels in the treatment of cancers.,2021,iScience,36,"""NHE1""; ""SLC9A1""; ""acetazolamide""",compound x growth plate; target x growth x geometry,False,0.06
PMC5625748,29056828,10.1155/2017/3728096,Acid-Sensing Ion Channels as Potential Therapeutic Targets in Neurodegeneration and Neuroinflammation.,2017,Mediators of inflammation,36,"""amiloride""",compound x growth plate,False,0.06
PMC4612414,25483052,10.4161/15384101.2014.985069,PP2A: more than a reset switch to activate pRB proteins during the cell cycle and in response to signaling cues.,2015,"Cell cycle (Georgetown, Tex.)",36,"""nocodazole""",compound x growth plate,False,0.06
PMC6714168,31313518,10.1111/jcmm.14531,The pathological role of Wnt5a in psoriasis and psoriatic arthritis.,2019,Journal of cellular and molecular medicine,35,"""LIMK2""",target x growth x geometry,False,0.058333333333333334
PMC7435941,32731371,10.3390/molecules25153404,Biocompatible Polymers Combined with Cyclodextrins: Fascinating Materials for Drug Delivery Applications.,2020,"Molecules (Basel, Switzerland)",35,"""HPCD""",compound x growth plate,False,0.058333333333333334
PMC8741925,34934193,10.1038/s12276-021-00716-6,Excessive mechanical strain accelerates intervertebral disc degeneration by disrupting intrinsic circadian rhythm.,2021,Experimental & molecular medicine,35,"""latrunculin""",compound x growth plate,False,0.058333333333333334
PMC7848117,33537292,10.3389/fbioe.2020.608951,Modulating the Mechanical Activation of TRPV4 at the Cell-Substrate Interface.,2020,Frontiers in bioengineering and biotechnology,35,"""GSK1016790A""; ""cytochalasin D""; ""nocodazole""",compound x growth plate,False,0.058333333333333334
PMC6153118,30267679,10.1016/j.isci.2018.09.002,A Membrane-Bound Biosensor Visualizes Shear Stress-Induced Inhomogeneous Alteration of Cell Membrane Tension.,2018,iScience,35,"""nocodazole""",compound x growth plate,False,0.058333333333333334
PMC8040478,33867854,10.7150/ijbs.57774,Moderate mechanical stimulation rescues degenerative annulus fibrosus by suppressing caveolin-1 mediated pro-inflammatory signaling pathway.,2021,International journal of biological sciences,35,"""integrin beta1""",target x growth x geometry,False,0.058333333333333334
PMC3623893,23593489,10.1371/journal.pone.0061600,Single bout short duration fluid shear stress induces osteogenic differentiation of MC3T3-E1 cells via integrin β1 and BMP2 signaling cross-talk.,2013,PloS one,35,"""integrin beta1""",target x growth x geometry,False,0.058333333333333334
PMC11234281,38994033,10.7150/thno.96959,The emerging role of Piezo1 in the musculoskeletal system and disease.,2024,Theranostics,35,"""GsMTx4""; ""PIEZO2""; ""ROCK1""; ""TRPV4""; ""Yoda1""; ""cofilin""",compound x growth plate; target x growth x geometry,False,0.058333333333333334
PMC9221142,35740556,10.3390/cancers14122887,The Extracellular Matrix Stiffening: A Trigger of Prostate Cancer Progression and Castration Resistance?,2022,Cancers,35,"""non-muscle myosin II""",target x growth x geometry,False,0.058333333333333334
PMC7618196,39402010,10.1111/bph.17351,Pharmacology of PIEZO1 channels.,2024,British journal of pharmacology,35,"""GsMTx4""; ""Yoda1""",compound x growth plate,False,0.058333333333333334
PMC5399112,28270508,10.1074/jbc.m116.770057,Discoidin domain receptor 2 mediates collagen-induced activation of membrane-type 1 matrix metalloproteinase in human fibroblasts.,2017,The Journal of biological chemistry,34,"""integrin beta1""",target x growth x geometry,False,0.056666666666666664
PMC10190035,37194005,10.1186/s40824-023-00381-y,CRISPR/Cas9 assisted stem cell therapy in Parkinson's disease.,2023,Biomaterials research,34,"""fasudil""",compound x growth plate,False,0.056666666666666664
PMC4381090,25828845,10.1007/s11926-014-0493-9,Physicochemical and biomechanical stimuli in cell-based articular cartilage repair.,2015,Current rheumatology reports,34,"""osmotic swelling""",target x growth x geometry,False,0.056666666666666664
PMC5332963,28212278,10.3390/brainsci7020020,The Effect of the Human Peptide GHK on Gene Expression Relevant to Nervous System Function and Cognitive Decline.,2017,Brain sciences,34,"""LIMK1""",target x growth x geometry,False,0.056666666666666664
PMC5610203,28434079,10.1007/s00441-017-2618-8,Cell culture: complications due to mechanical release of ATP and activation of purinoceptors.,2017,Cell and tissue research,34,"""osmotic swelling""",target x growth x geometry,False,0.056666666666666664
PMC10694366,38053849,10.3389/fbioe.2023.1271762,Double-edged role of mechanical stimuli and underlying mechanisms in cartilage tissue engineering.,2023,Frontiers in bioengineering and biotechnology,34,"""GSK1016790A""; ""GsMTx4""; ""PIEZO2""; ""TRPV4""; ""cofilin""; ""cytochalasin D""; ""osmotic swelling""; ""primary cilia""",compound x growth plate; target x growth x geometry,False,0.056666666666666664
PMC8202079,34135765,10.3389/fphar.2021.698275,Matrix Stiffness Induces Pericyte-Fibroblast Transition Through YAP Activation.,2021,Frontiers in pharmacology,34,"""non-muscle myosin II""",target x growth x geometry,False,0.056666666666666664
PMC11178781,38877020,10.1038/s41467-024-49159-3,Mitochondria from osteolineage cells regulate myeloid cell-mediated bone resorption.,2024,Nature communications,34,"""ML141""",compound x growth plate,False,0.056666666666666664
PMC3559602,23383183,10.1371/journal.pone.0055412,"Autosomal dominant hypercalciuria in a mouse model due to a mutation of the epithelial calcium channel, TRPV5.",2013,PloS one,34,"""bumetanide""",compound x growth plate,False,0.056666666666666664
PMC8130302,34001272,10.1186/s13578-021-00601-9,The effects of locomotion on bone marrow mesenchymal stem cell fate: insight into mechanical regulation and bone formation.,2021,Cell & bioscience,34,"""CDC42""; ""centrosome""; ""primary cilia""",target x growth x geometry,False,0.056666666666666664
PMC4545948,26914877,10.1186/s40634-015-0025-1,Large animal models in experimental knee sports surgery: focus on clinical translation.,2015,Journal of experimental orthopaedics,34,"""CASIN""",compound x growth plate,False,0.056666666666666664
PMC10536787,37770928,10.1186/s12951-023-02115-7,Novel scaffold platforms for simultaneous induction osteogenesis and angiogenesis in bone tissue engineering: a cutting-edge approach.,2023,Journal of nanobiotechnology,34,"""CASIN""",compound x growth plate,False,0.056666666666666664
PMC4728123,26652004,10.7554/elife.09300,Discrete spatial organization of TGFβ receptors couples receptor multimerization and signaling to cellular tension.,2015,eLife,34,"""blebbistatin""",compound x growth plate,False,0.056666666666666664
PMC5319801,28166224,10.1371/journal.pgen.1006610,Mesoderm-specific Stat3 deletion affects expression of Sox9 yielding Sox9-dependent phenotypes.,2017,PLoS genetics,33,"""Y27632""",compound x growth plate,False,0.055
PMC7330844,32641982,10.7150/thno.45286,<i>Fgfr3</i> mutation disrupts chondrogenesis and bone ossification in zebrafish model mimicking CATSHL syndrome partially via enhanced Wnt/β-catenin signaling.,2020,Theranostics,33,"""chondrocyte column""",target x growth x geometry,False,0.055
PMC8834349,35159338,10.3390/cells11030529,The Induced Pluripotent Stem Cells in Articular Cartilage Regeneration and Disease Modelling: Are We Ready for Their Clinical Use?,2022,Cells,33,"""Y27632""",compound x growth plate,False,0.055
PMC5541832,28684606,10.1091/mbc.e17-05-0320,Cell and tissue mechanics: the new cell biology frontier.,2017,Molecular biology of the cell,33,"""centrosome""",target x growth x geometry,False,0.055
PMC10824863,38292826,10.3389/fbioe.2024.1309946,Mesenchymal stem cell-derived exosomes as a promising cell-free therapy for knee osteoarthritis.,2024,Frontiers in bioengineering and biotechnology,33,"""MYH9""",target x growth x geometry,False,0.055
PMC8703113,34955837,10.3389/fphar.2021.768100,Caveolin-1 Regulates Cellular Metabolism: A Potential Therapeutic Target in Kidney Disease.,2021,Frontiers in pharmacology,33,"""fasudil""",compound x growth plate,False,0.055
PMC5442815,28191770,10.5966/sctm.2016-0130,Stem Cell-Based Tissue-Engineered Laryngeal Replacement.,2017,Stem cells translational medicine,33,"""latrunculin""",compound x growth plate,False,0.055
PMC10618187,37907525,10.1038/s41467-023-42199-1,Loss of Grem1-lineage chondrogenic progenitor cells causes osteoarthritis.,2023,Nature communications,33,"""Y-27632""",compound x growth plate,False,0.055
PMC9505061,36145182,10.3390/nu14183806,"Childhood Obesity: Position Statement of Polish Society of Pediatrics, Polish Society for Pediatric Obesity, Polish Society of Pediatric Endocrinology and Diabetes, the College of Family Physicians in Poland and Polish Association for Study on Obesit",2022,Nutrients,33,"""acetazolamide""",compound x growth plate,False,0.055
PMC7770204,33392452,10.1002/jsp2.1115,Adolescent idiopathic scoliosis: The mechanobiology of differential growth.,2020,JOR spine,33,"""osmotic swelling""",target x growth x geometry,False,0.055
PMC6619832,31246957,10.1371/journal.pgen.1008216,Loss of ASAP1 in mice impairs adipogenic and osteogenic differentiation of mesenchymal progenitor cells through dysregulation of FAK/Src and AKT signaling.,2019,PLoS genetics,33,"""PF-573228""",compound x growth plate,False,0.055
PMC10285172,37363728,10.3389/fcell.2023.1181619,Role of Wnt signaling pathway in joint development and cartilage degeneration.,2023,Frontiers in cell and developmental biology,32,"""RAC1""; ""TRPV4""; ""cadherin""; ""planar cell polarity""",target x growth x geometry,False,0.05333333333333334
PMC3465278,23071661,10.1371/journal.pone.0046915,"Prevention of bone growth defects, increased bone resorption and marrow adiposity with folinic acid in rats receiving long-term methotrexate.",2012,PloS one,32,"""chondrocyte column""",target x growth x geometry,False,0.05333333333333334
PMC10291737,36583692,10.1096/fj.202201388r,Modulation of TRPV4 protects against degeneration induced by sustained loading and promotes matrix synthesis in the intervertebral disc.,2023,FASEB journal : official publication of the Federation of American Societies for Experimental Biology,32,"""GSK1016790A""",compound x growth plate,False,0.05333333333333334
PMC7852332,33543030,10.1016/j.mbplus.2020.100036,Alterations in ECM signature underscore multiple sub-phenotypes of intervertebral disc degeneration.,2020,Matrix biology plus,32,"""osmotic swelling""",target x growth x geometry,False,0.05333333333333334
PMC9371089,35956708,10.3390/polym14153192,Drug-Loaded Chitosan Scaffolds for Periodontal Tissue Regeneration.,2022,Polymers,32,"""lovastatin""",compound x growth plate,False,0.05333333333333334
PMC11577302,39568772,10.1002/mco2.70010,Ferroptosis: mechanisms and therapeutic targets.,2024,MedComm,32,"""osmotic swelling""",target x growth x geometry,False,0.05333333333333334
PMC7118283,32256846,10.1016/j.ajps.2020.02.002,Intestinal OCTN2- and MCT1-targeted drug delivery to improve oral bioavailability.,2020,Asian journal of pharmaceutical sciences,32,"""bumetanide""",compound x growth plate,False,0.05333333333333334
PMC10238841,37274922,10.1016/j.ajps.2023.100799,Bone mesenchymal stem cell-derived exosomes involved co-delivery and synergism effect with icariin via mussel-inspired multifunctional hydrogel for cartilage protection.,2023,Asian journal of pharmaceutical sciences,32,"""amiloride""",compound x growth plate,False,0.05333333333333334
PMC10297546,37371060,10.3390/cells12121590,Organoids as Innovative Models for Bone and Joint Diseases.,2023,Cells,32,"""Y-27632""; ""Y27632""",compound x growth plate,False,0.05333333333333334
PMC10003468,36902356,10.3390/ijms24054926,Dental Pulp Stem Cell-Derived Exosomes Alleviate Mice Knee Osteoarthritis by Inhibiting TRPV4-Mediated Osteoclast Activation.,2023,International journal of molecular sciences,31,"""GSK1016790A""",compound x growth plate,False,0.051666666666666666
PMC10761323,38173842,10.1016/j.bioactmat.2023.12.001,Lysosomal destabilization: A missing link between pathological calcification and osteoarthritis.,2024,Bioactive materials,31,"""cytochalasin D""",compound x growth plate,False,0.051666666666666666
PMC10827634,38299120,10.2147/btt.s290341,Advances with Platelet-Rich Plasma for Bone Healing.,2024,Biologics : targets & therapy,31,"""simvastatin""",compound x growth plate,False,0.051666666666666666
PMC5013709,27621538,10.1293/tox.29.3s-2,"Nonproliferative and Proliferative Lesions of the Rat and Mouse Skeletal Tissues (Bones, Joints, and Teeth).",2016,Journal of toxicologic pathology,31,"""colchicine""",compound x growth plate,False,0.051666666666666666
PMC11923171,40108220,10.1038/s41467-025-57779-6,Recapitulating hypoxic metabolism in cartilaginous organoids via adaptive cell-matrix interactions enhances histone lactylation and cartilage regeneration.,2025,Nature communications,31,"""cadherin""",target x growth x geometry,False,0.051666666666666666
PMC8530296,34673834,10.1371/journal.pone.0258911,"TRPV4 is activated by mechanical stimulation to induce prostaglandins release in trabecular meshwork, lowering intraocular pressure.",2021,PloS one,31,"""GSK1016790A""",compound x growth plate,False,0.051666666666666666
PMC7648259,33204424,10.1002/cti2.1185,Proteomic analysis of extracellular vesicles reveals an immunogenic cargo in rheumatoid arthritis synovial fluid.,2020,Clinical & translational immunology,31,"""latrunculin""",compound x growth plate,False,0.051666666666666666
PMC4445299,25890097,10.1186/s13287-015-0041-1,Sdf-1 (CXCL12) induces CD9 expression in stem cells engaged in muscle regeneration.,2015,Stem cell research & therapy,31,"""integrin beta1""",target x growth x geometry,False,0.051666666666666666
PMC10157180,37152902,10.3389/fmolb.2023.1183808,Mechanical homeostasis imbalance in hepatic stellate cells activation and hepatic fibrosis.,2023,Frontiers in molecular biosciences,31,"""ROCK2""; ""Y27632""",compound x growth plate; target x growth x geometry,False,0.051666666666666666
PMC11628402,39528700,10.1038/s41556-024-01545-1,Specialized post-arterial capillaries facilitate adult bone remodelling.,2024,Nature cell biology,31,"""PIEZO2""; ""aquaporin""",target x growth x geometry,False,0.051666666666666666
PMC6024372,29695079,10.3390/medsci6020034,The Role of Adipokines in Intervertebral Disc Degeneration.,2018,"Medical sciences (Basel, Switzerland)",30,"""LIMK1""",target x growth x geometry,False,0.05
PMC7193100,32390868,10.3389/fphys.2020.00365,Mechanosensing of Mechanical Confinement by Mesenchymal-Like Cells.,2020,Frontiers in physiology,30,"""actin cortex""; ""blebbistatin""",compound x growth plate; target x growth x geometry,False,0.05
PMC7364627,32678044,10.1186/s12931-020-01444-7,In vivo miR-138-5p inhibition alleviates monocrotaline-induced pulmonary hypertension and normalizes pulmonary KCNK3 and SLC45A3 expression.,2020,Respiratory research,30,"""ROCK2""",target x growth x geometry,False,0.05
PMC11083137,38731893,10.3390/ijms25094674,Pharmacotherapy for Keloids and Hypertrophic Scars.,2024,International journal of molecular sciences,30,"""lovastatin""",compound x growth plate,False,0.05
PMC3307731,22442678,10.1371/journal.pone.0033168,Ablation of the pro-apoptotic protein Bax protects mice from glucocorticoid-induced bone growth impairment.,2012,PloS one,30,"""chondrocyte column""",target x growth x geometry,False,0.05
PMC8361275,34409283,10.1016/j.mbplus.2021.100082,PRIMUS: Comprehensive proteomics of mouse intervertebral discs that inform novel biology and relevance to human disease modelling.,2021,Matrix biology plus,30,"""NKCC1""; ""SLC12A2""",target x growth x geometry,False,0.05
PMC8986111,35385310,10.1126/sciadv.abl8054,CXCL12/CXCR4-Rac1-mediated migration of osteogenic precursor cells contributes to pathological new bone formation in ankylosing spondylitis.,2022,Science advances,30,"""EHT1864""; ""ML141""; ""Y27632""",compound x growth plate,False,0.05
PMC6413787,30728324,10.1172/jci.insight.124701,Hypomorphic mutations of TRIP11 cause odontochondrodysplasia.,2019,JCI insight,30,"""nocodazole""",compound x growth plate,False,0.05
PMC8484650,34602982,10.3389/fncel.2021.738043,Acid-Sensing Ion Channels: Expression and Function in Resident and Infiltrating Immune Cells in the Central Nervous System.,2021,Frontiers in cellular neuroscience,30,"""amiloride""",compound x growth plate,False,0.05
PMC7753015,33364232,10.3389/fbioe.2020.608569,Molecular Regulators of Cellular Mechanoadaptation at Cell-Material Interfaces.,2020,Frontiers in bioengineering and biotechnology,30,"""blebbistatin""; ""latrunculin""; ""non-muscle myosin II""",compound x growth plate; target x growth x geometry,False,0.05
PMC9656474,36362438,10.3390/ijms232113653,"Mitochondrial Effects of Common Cardiovascular Medications: The Good, the Bad and the Mixed.",2022,International journal of molecular sciences,30,"""amiloride""; ""bumetanide""; ""furosemide""",compound x growth plate,False,0.05
PMC9723165,36483739,10.3389/fphar.2022.1026246,New insight into the management of renal excretion and hyperuricemia: Potential therapeutic strategies with natural bioactive compounds.,2022,Frontiers in pharmacology,30,"""bumetanide""; ""furosemide""",compound x growth plate,False,0.05
PMC3900656,24466237,10.1371/journal.pone.0086777,Collagen XVI induces expression of MMP9 via modulation of AP-1 transcription factors and facilitates invasion of oral squamous cell carcinoma.,2014,PloS one,30,"""integrin beta1""",target x growth x geometry,False,0.05
PMC8225633,34168224,10.1038/s41598-021-92607-z,Cell-fate decision of mesenchymal stem cells toward osteocyte differentiation is committed by spheroid culture.,2021,Scientific reports,30,"""cytochalasin D""",compound x growth plate,False,0.05
PMC3043320,21403908,10.1155/2011/860652,Combined effects of surface morphology and mechanical straining magnitudes on the differentiation of mesenchymal stem cells without using biochemical reagents.,2011,Journal of biomedicine & biotechnology,30,"""cell rotation""",target x growth x geometry,False,0.05
PMC9425444,36128379,10.1039/d2ra02841g,Adipogenesis or osteogenesis: destiny decision made by mechanical properties of biomaterials.,2022,RSC advances,29,"""ROCK1""; ""ROCK2""; ""cofilin""",target x growth x geometry,False,0.04833333333333333
PMC10481514,37670392,10.1186/s40364-023-00515-3,S100A6: molecular function and biomarker role.,2023,Biomarker research,29,"""cofilin""",target x growth x geometry,False,0.04833333333333333
PMC4503433,26176948,10.1371/journal.pone.0133056,Versican V1 Overexpression Induces a Myofibroblast-Like Phenotype in Cultured Fibroblasts.,2015,PloS one,29,"""integrin beta1""",target x growth x geometry,False,0.04833333333333333
PMC5557625,28848352,10.2147/ijn.s142122,Suppression of human arthritis synovial fibroblasts inflammation using dexamethasone-carbon nanotubes via increasing caveolin-dependent endocytosis and recovering mitochondrial membrane potential.,2017,International journal of nanomedicine,29,"""EIPA""",compound x growth plate,False,0.04833333333333333
PMC10104657,36775872,10.1002/advs.202205878,Biomimetic Convex Implant for Corneal Regeneration Through 3D Printing.,2023,"Advanced science (Weinheim, Baden-Wurttemberg, Germany)",29,"""ROCK1""; ""centrosome""",target x growth x geometry,False,0.04833333333333333
PMC10224984,37244931,10.1038/s41467-023-38647-7,Directionality of developing skeletal muscles is set by mechanical forces.,2023,Nature communications,29,"""LIMK1""; ""ROCK1""; ""ROCK2""; ""blebbistatin""; ""planar cell polarity""",compound x growth plate; target x growth x geometry,False,0.04833333333333333
PMC4416830,25716319,10.1074/jbc.m114.625939,Hyaluronan regulates bone morphogenetic protein-7-dependent prevention and reversal of myofibroblast phenotype.,2015,The Journal of biological chemistry,29,"""EIPA""; ""NHE1""; ""SLC9A1""",compound x growth plate; target x growth x geometry,False,0.04833333333333333
PMC9674217,36343245,10.1073/pnas.2122121119,SOX9 and SOX10 control fluid homeostasis in the inner ear for hearing through independent and cooperative mechanisms.,2022,Proceedings of the National Academy of Sciences of the United States of America,29,"""NKCC1""; ""SLC12A2""",target x growth x geometry,False,0.04833333333333333
PMC7401707,32271891,10.1167/iovs.61.4.2,Polymodal Sensory Transduction in Mouse Corneal Epithelial Cells.,2020,Investigative ophthalmology & visual science,29,"""GSK1016790A""; ""HC-067047""",compound x growth plate,False,0.04833333333333333
PMC9506338,36145607,10.3390/pharmaceutics14091859,Transient Receptor Potential Channels: Important Players in Ocular Pain and Dry Eye Disease.,2022,Pharmaceutics,28,"""GSK1016790A""; ""HC-067047""; ""RN-1734""",compound x growth plate,False,0.04666666666666667
PMC8699155,34943879,10.3390/cells10123371,Growth Hormone and IGF1 Actions in Kidney Development and Function.,2021,Cells,28,"""amiloride""",compound x growth plate,False,0.04666666666666667
PMC4279088,25561895,10.7150/ijbs.10773,Stanniocalcin-1 controls ion regulation functions of ion-transporting epithelium other than calcium balance.,2015,International journal of biological sciences,28,"""NKCC1""",target x growth x geometry,False,0.04666666666666667
PMC9876556,36696489,10.1126/sciadv.ade2155,Mechanoregulatory role of TRPV4 in prenatal skeletal development.,2023,Science advances,28,"""PIEZO2""; ""RN-1734""; ""TRPV4""",compound x growth plate; target x growth x geometry,False,0.04666666666666667
PMC10561412,37814319,10.1186/s12967-023-04393-z,Fibrosis and bone marrow: understanding causation and pathobiology.,2023,Journal of translational medicine,28,"""fasudil""",compound x growth plate,False,0.04666666666666667
PMC8324869,34330980,10.1038/s41598-021-94938-3,Activation of transient receptor potential vanilloid 4 protects articular cartilage against inflammatory responses via CaMKK/AMPK/NF-κB signaling pathway.,2021,Scientific reports,28,"""GSK1016790A""",compound x growth plate,False,0.04666666666666667
PMC7103103,21046382,10.1007/s00268-010-0825-5,Patterns of injury and violence in Yaoundé Cameroon: an analysis of hospital data.,2011,World journal of surgery,28,"""H-1152""",compound x growth plate,False,0.04666666666666667
PMC12328231,40369079,10.1038/s41586-025-09018-7,Taurine from tumour niche drives glycolysis to promote leukaemogenesis.,2025,Nature,28,"""MYH9""",target x growth x geometry,False,0.04666666666666667
PMC5082538,27600060,10.1002/wsbm.1356,In silico bone mechanobiology: modeling a multifaceted biological system.,2016,Wiley interdisciplinary reviews. Systems biology and medicine,28,"""actin cortex""",target x growth x geometry,False,0.04666666666666667
PMC7565205,32971982,10.3390/biom10091353,MiRNA Profiles of Extracellular Vesicles Secreted by Mesenchymal Stromal Cells-Can They Predict Potential Off-Target Effects?,2020,Biomolecules,28,"""LIMK1""",target x growth x geometry,False,0.04666666666666667
PMC10043491,36998478,10.3389/fendo.2023.1117489,The protective activity of natural flavonoids against osteoarthritis by targeting NF-κB signaling pathway.,2023,Frontiers in endocrinology,28,"""nobiletin""",compound x growth plate,False,0.04666666666666667
PMC11877758,40033190,10.1186/s10020-025-01131-7,Effects of hydrogel stiffness and viscoelasticity on organoid culture: a comprehensive review.,2025,"Molecular medicine (Cambridge, Mass.)",28,"""non-muscle myosin II""",target x growth x geometry,False,0.04666666666666667
PMC4643203,26635999,10.1517/21678707.2015.1083853,New therapeutic targets in rare genetic skeletal diseases.,2015,Expert opinion on orphan drugs,28,"""HC-067047""; ""lovastatin""",compound x growth plate,False,0.04666666666666667
PMC8126831,33941688,10.1073/pnas.2016322118,Delineating the heterogeneity of matrix-directed differentiation toward soft and stiff tissue lineages via single-cell profiling.,2021,Proceedings of the National Academy of Sciences of the United States of America,28,"""blebbistatin""; ""cofilin""",compound x growth plate; target x growth x geometry,False,0.04666666666666667
PMC11993959,40221779,10.1186/s13287-025-04288-4,The bone microenvironment: new insights into the role of stem cells and cell communication in bone regeneration.,2025,Stem cell research & therapy,27,"""ROCK1""",target x growth x geometry,False,0.045
PMC9945426,36810735,10.1038/s41467-023-36484-2,Sugar transporter Slc37a2 regulates bone metabolism in mice via a tubular lysosomal network in osteoclasts.,2023,Nature communications,27,"""nocodazole""",compound x growth plate,False,0.045
PMC8699812,34943934,10.3390/cells10123424,Geniposide Ameliorated Dexamethasone-Induced Cholesterol Accumulation in Osteoblasts by Mediating the GLP-1R/ABCA1 Axis.,2021,Cells,27,"""lovastatin""",compound x growth plate,False,0.045
PMC9565291,36234440,10.3390/nano12193308,Clay-Based Nanocomposite Hydrogels for Biomedical Applications: A Review.,2022,"Nanomaterials (Basel, Switzerland)",27,"""osmotic swelling""",target x growth x geometry,False,0.045
PMC3925090,24551036,10.1371/journal.pone.0085784,Functional annotation of rheumatoid arthritis and osteoarthritis associated genes by integrative genome-wide gene expression profiling analysis.,2014,PloS one,27,"""LIMK2""",target x growth x geometry,False,0.045
PMC9915196,36768212,10.3390/ijms24031889,Aquaporin-5 Dynamic Regulation.,2023,International journal of molecular sciences,27,"""NKCC1""; ""aquaporin""",target x growth x geometry,False,0.045
PMC9490090,36158191,10.3389/fcell.2022.954099,The interplay between physical cues and mechanosensitive ion channels in cancer metastasis.,2022,Frontiers in cell and developmental biology,27,"""NHE1""; ""SLC9A1""; ""aquaporin""",target x growth x geometry,False,0.045
PMC5447312,28588621,10.1155/2017/4276927,"Environmental Factors That Influence Stem Cell Migration: An ""Electric Field"".",2017,Stem cells international,27,"""NHE1""",target x growth x geometry,False,0.045
PMC8067475,33917551,10.3390/cells10040822,Ca<sup>2+</sup> Signaling by TRPV4 Channels in Respiratory Function and Disease.,2021,Cells,27,"""GSK1016790A""; ""RN-1734""; ""aquaporin""",compound x growth plate; target x growth x geometry,False,0.045
PMC8851264,35198892,10.1016/j.isci.2022.103836,The proteomic profile of the human myotendinous junction.,2022,iScience,27,"""integrin alpha10""",target x growth x geometry,False,0.045
PMC6286508,30526677,10.1186/s13287-018-1085-9,Type I collagen deposition via osteoinduction ameliorates YAP/TAZ activity in 3D floating culture clumps of mesenchymal stem cell/extracellular matrix complexes.,2018,Stem cell research & therapy,27,"""blebbistatin""; ""integrin beta1""",compound x growth plate; target x growth x geometry,False,0.045
PMC8164696,34079293,10.2147/jaa.s280247,Targeting Airway Smooth Muscle Hypertrophy in Asthma: An Approach Whose Time Has Come.,2021,Journal of asthma and allergy,26,"""latrunculin""",compound x growth plate,False,0.043333333333333335
PMC5909894,29677202,10.1371/journal.pone.0196021,β1 integrins mediate the BMP2 dependent transcriptional control of osteoblast differentiation and osteogenesis.,2018,PloS one,26,"""integrin beta1""",target x growth x geometry,False,0.043333333333333335
PMC10094338,37047394,10.3390/ijms24076423,Post-Transcriptional Regulatory Crosstalk between MicroRNAs and Canonical TGF-β/BMP Signalling Cascades on Osteoblast Lineage: A Comprehensive Review.,2023,International journal of molecular sciences,26,"""LIMK1""; ""cofilin""",target x growth x geometry,False,0.043333333333333335
PMC9563116,36231055,10.3390/cells11193093,Biochemical Pathways of Cellular Mechanosensing/Mechanotransduction and Their Role in Neurodegenerative Diseases Pathogenesis.,2022,Cells,26,"""LIMK1""; ""cofilin""",target x growth x geometry,False,0.043333333333333335
PMC10095409,37047487,10.3390/ijms24076513,The Role of the Piezo1 Mechanosensitive Channel in the Musculoskeletal System.,2023,International journal of molecular sciences,26,"""GsMTx4""",compound x growth plate,False,0.043333333333333335
PMC8160032,34024119,10.1302/2046-3758.105.bjr-2020-0020.r1,Extracellular vesicles derived from mesenchymal stem cells containing microRNA-381 protect against spinal cord injury in a rat model via the BRD4/WNT5A axis.,2021,Bone & joint research,26,"""Y27632""",compound x growth plate,False,0.043333333333333335
PMC10623372,37928253,10.1016/j.mtbio.2023.100835,Recent progress in bone-repair strategies in diabetic conditions.,2023,Materials today. Bio,26,"""simvastatin""",compound x growth plate,False,0.043333333333333335
PMC6505527,31065008,10.1038/s41598-019-43468-0,Emulating the early phases of human tooth development in vitro.,2019,Scientific reports,26,"""LIMK2""",target x growth x geometry,False,0.043333333333333335
PMC11470040,39394187,10.1038/s41413-024-00374-0,Metabolic reprogramming in skeletal cell differentiation.,2024,Bone research,26,"""cholesterol""",compound x growth plate; target x growth x geometry,False,0.043333333333333335
PMC6906425,31827137,10.1038/s41598-019-55212-9,Differential regulation of TRP channel gene and protein expression by intervertebral disc degeneration and back pain.,2019,Scientific reports,26,"""GSK1016790A""",compound x growth plate,False,0.043333333333333335
PMC9730121,36506096,10.3389/fcell.2022.1046617,Mechanics and regulation of cytokinetic abscission.,2022,Frontiers in cell and developmental biology,26,"""Y27632""; ""actin cortex""; ""blebbistatin""",compound x growth plate; target x growth x geometry,False,0.043333333333333335
PMC4940573,27433166,10.1155/2016/7290686,A Survey of Strategies to Modulate the Bone Morphogenetic Protein Signaling Pathway: Current and Future Perspectives.,2016,Stem cells international,26,"""fasudil""",compound x growth plate,False,0.043333333333333335
PMC4619696,26496357,10.1371/journal.pgen.1005569,LINE-1 Mediated Insertion into Poc1a (Protein of Centriole 1 A) Causes Growth Insufficiency and Male Infertility in Mice.,2015,PLoS genetics,26,"""centrosome""",target x growth x geometry,False,0.043333333333333335
PMC10532275,37762629,10.3390/ijms241814326,The Mechanotransduction Signaling Pathways in the Regulation of Osteogenesis.,2023,International journal of molecular sciences,26,"""cofilin""",target x growth x geometry,False,0.043333333333333335
PMC8808015,35128307,10.1177/25168657211064232,Roles of Wnt Signaling Pathway and ROR2 Receptor in Embryonic Development: An Update Review Article.,2022,Epigenetics insights,26,"""planar cell polarity""",target x growth x geometry,False,0.043333333333333335
PMC11862954,40017737,10.1021/jacsau.4c01170,Current Understanding and Translational Prospects of Tetrahedral Framework Nucleic Acids.,2025,JACS Au,26,"""nobiletin""",compound x growth plate,False,0.043333333333333335
PMC7759541,33362544,10.3389/fphar.2020.584849,Chemical Composition of <i>Pterospermum heterophyllum</i> Root and its Anti-Arthritis Effect on Adjuvant-Induced Arthritis in Rats <i>via</i> Modulation of Inflammatory Responses.,2020,Frontiers in pharmacology,26,"""nobiletin""",compound x growth plate,False,0.043333333333333335
PMC7907627,33644014,10.3389/fbioe.2021.614508,Mechanobiological Principles Influence the Immune Response in Regeneration: Implications for Bone Healing.,2021,Frontiers in bioengineering and biotechnology,25,"""osmotic swelling""",target x growth x geometry,False,0.041666666666666664
PMC10520786,37767395,10.3389/fphar.2023.1240433,Nrf2-mediated therapeutic effects of dietary flavones in different diseases.,2023,Frontiers in pharmacology,25,"""nobiletin""; ""osmotic swelling""",compound x growth plate; target x growth x geometry,False,0.041666666666666664
PMC9601711,36292765,10.3390/genes13101880,"Hereditary Metabolic Bone Diseases: A Review of Pathogenesis, Diagnosis and Management.",2022,Genes,25,"""colchicine""; ""jasplakinolide""",compound x growth plate,False,0.041666666666666664
PMC10951041,37863846,10.1007/s00431-023-05263-y,Novel therapeutic perspectives in Noonan syndrome and RASopathies.,2024,European journal of pediatrics,25,"""lovastatin""; ""simvastatin""",compound x growth plate,False,0.041666666666666664
PMC10068349,36724905,,Mechanosensitive ion channels in apoptosis and ferroptosis: focusing on the role of Piezo1.,2023,BMB reports,25,"""GsMTx4""",compound x growth plate,False,0.041666666666666664
PMC5855813,29462943,10.3390/ijms19020591,Functional Association between Regulatory RNAs and the Annexins.,2018,International journal of molecular sciences,25,"""LIMK1""",target x growth x geometry,False,0.041666666666666664
PMC5531003,28798665,10.3389/fnmol.2017.00237,Maternal Diabetes Alters Expression of MicroRNAs that Regulate Genes Critical for Neural Tube Development.,2017,Frontiers in molecular neuroscience,25,"""LIMK1""; ""LIMK2""",target x growth x geometry,False,0.041666666666666664
PMC12281384,40602406,10.1016/j.xcrm.2025.102209,Cardiolipin-mimic lipid nanoparticles without antibody modification delivered senolytic in vivo CAR-T therapy for inflamm-aging.,2025,Cell reports. Medicine,25,"""cytochalasin D""; ""nocodazole""",compound x growth plate,False,0.041666666666666664
PMC10953595,38145330,10.1002/advs.202302327,A Hierarchical Mechanotransduction System: From Macro to Micro.,2024,"Advanced science (Weinheim, Baden-Wurttemberg, Germany)",25,"""belumosudil""; ""cofilin""; ""defactinib""; ""fasudil""; ""osmotic swelling""",compound x growth plate; target x growth x geometry,False,0.041666666666666664
PMC7288923,32420902,10.18632/aging.103195,Apelin enhances IL-1β expression in human synovial fibroblasts by inhibiting miR-144-3p through the PI3K and ERK pathways.,2020,Aging,25,"""NHE1""",target x growth x geometry,False,0.041666666666666664
PMC7685790,33282941,10.1155/2020/2689701,3D Printing Decellularized Extracellular Matrix to Design Biomimetic Scaffolds for Skeletal Muscle Tissue Engineering.,2020,BioMed research international,25,"""latrunculin""",compound x growth plate,False,0.041666666666666664
PMC4868690,26716504,10.18632/oncotarget.6701,Rab23 promotes squamous cell carcinoma cell migration and invasion via integrin β1/Rac1 pathway.,2016,Oncotarget,25,"""integrin beta1""",target x growth x geometry,False,0.041666666666666664
PMC6381182,30783081,10.1038/s41368-018-0041-y,Dental-craniofacial manifestation and treatment of rare diseases.,2019,International journal of oral science,24,"""LIMK1""",target x growth x geometry,False,0.04
PMC5342873,27998393,10.5483/bmbrep.2017.50.2.170,Extracellular S100A4 negatively regulates osteoblast function by activating the NF-κB pathway.,2017,BMB reports,24,"""non-muscle myosin II""",target x growth x geometry,False,0.04
PMC9008486,35432302,10.3389/fimmu.2022.805076,Emergent Temporal Signaling in Human Trabecular Meshwork Cells: Role of TRPV4-TRPM4 Interactions.,2022,Frontiers in immunology,24,"""GSK1016790A""",compound x growth plate,False,0.04
PMC7017379,31905841,10.3390/cells9010089,Tensin-3 Regulates Integrin-Mediated Proliferation and Differentiation of Tonsil-Derived Mesenchymal Stem Cells.,2019,Cells,24,"""integrin beta1""",target x growth x geometry,False,0.04
PMC10487587,37686288,10.3390/ijms241713482,Cancer-Associated Fibroblast Heterogeneity and Its Influence on the Extracellular Matrix and the Tumor Microenvironment.,2023,International journal of molecular sciences,24,"""defactinib""",compound x growth plate,False,0.04
PMC4294653,25609920,10.2147/dddt.s71677,"Plumbagin elicits differential proteomic responses mainly involving cell cycle, apoptosis, autophagy, and epithelial-to-mesenchymal transition pathways in human prostate cancer PC-3 and DU145 cells.",2015,"Drug design, development and therapy",24,"""SLC12A2""",target x growth x geometry,False,0.04
PMC9085331,35547360,10.1155/2022/5832009,Pharmacological Therapies for the Management of Inflammatory Bone Resorption in Periodontal Disease: A Review of Preclinical Studies.,2022,BioMed research international,24,"""nobiletin""",compound x growth plate,False,0.04
PMC9259016,35748539,10.7554/elife.77614,Zebrafish fin regeneration involves generic and regeneration-specific osteoblast injury responses.,2022,eLife,24,"""blebbistatin""; ""cytochalasin D""; ""nocodazole""",compound x growth plate,False,0.04
PMC10143913,37110034,10.3390/ma16083197,Recent Advances in Decellularized Extracellular Matrix-Based Bioinks for 3D Bioprinting in Tissue Engineering.,2023,"Materials (Basel, Switzerland)",24,"""latrunculin""",compound x growth plate,False,0.04
PMC7564075,32878000,10.3390/cancers12092460,Decoding the Role of CD271 in Melanoma.,2020,Cancers,24,"""LIMK1""",target x growth x geometry,False,0.04
PMC6216233,30010889,10.1093/hmg/ddy253,Carbamazepine reduces disease severity in a mouse model of metaphyseal chondrodysplasia type Schmid caused by a premature stop codon (Y632X) in the Col10a1 gene.,2018,Human molecular genetics,24,"""NHE1""",target x growth x geometry,False,0.04
PMC5288170,27447975,10.18632/oncotarget.10628,Molecular mechanisms of OLIG2 transcription factor in brain cancer.,2016,Oncotarget,24,"""LIMK1""",target x growth x geometry,False,0.04
PMC4525731,25948494,10.1186/s12885-015-1343-5,Plasma membrane proteomic analysis of human Gastric Cancer tissues: revealing flotillin 1 as a marker for Gastric Cancer.,2015,BMC cancer,24,"""SLC12A2""",target x growth x geometry,False,0.04
PMC9612379,36287977,10.3390/toxins14100709,Mechanisms of Action of the Peptide Toxins Targeting Human and Rodent Acid-Sensing Ion Channels and Relevance to Their In Vivo Analgesic Effects.,2022,Toxins,23,"""amiloride""",compound x growth plate,False,0.03833333333333333
PMC9483725,36131726,10.3389/fbioe.2022.911281,Roles of the calcified cartilage layer and its tissue engineering reconstruction in osteoarthritis treatment.,2022,Frontiers in bioengineering and biotechnology,23,"""cadherin""",target x growth x geometry,False,0.03833333333333333
PMC11877876,40038745,10.1186/s12951-025-03217-0,Regulation of cancer-associated fibroblasts for enhanced cancer immunotherapy using advanced functional nanomedicines: an updated review.,2025,Journal of nanobiotechnology,23,"""blebbistatin""",compound x growth plate,False,0.03833333333333333
PMC4832367,26639105,10.1002/jcp.25282,E11/Podoplanin Protein Stabilization Through Inhibition of the Proteasome Promotes Osteocyte Differentiation in Murine in Vitro Models.,2016,Journal of cellular physiology,23,"""H-1152""",compound x growth plate,False,0.03833333333333333
PMC10778571,38201279,10.3390/cells13010075,"The Multifaceted Role of Human Dickkopf-3 (DKK-3) in Development, Immune Modulation and Cancer.",2023,Cells,23,"""planar cell polarity""",target x growth x geometry,False,0.03833333333333333
PMC9861938,36662184,10.3390/md21010011,Alginates Combined with Natural Polymers as Valuable Drug Delivery Platforms.,2022,Marine drugs,23,"""lovastatin""",compound x growth plate,False,0.03833333333333333
PMC11438603,39351160,10.12336/biomatertransl.2024.02.003,Decellularised extracellular matrix-based injectable hydrogels for tissue engineering applications.,2024,Biomaterials translational,23,"""osmotic swelling""",target x growth x geometry,False,0.03833333333333333
PMC8948490,35325978,10.11005/jbm.2022.29.1.1,The Extracellular Signal-Regulated Kinase Mitogen-Activated Protein Kinase Pathway in Osteoblasts.,2022,Journal of bone metabolism,23,"""CDC42""; ""lovastatin""",compound x growth plate; target x growth x geometry,False,0.03833333333333333
PMC9686908,36421414,10.3390/antiox11112228,Ageing and Low-Level Chronic Inflammation: The Role of the Biological Clock.,2022,"Antioxidants (Basel, Switzerland)",23,"""nobiletin""",compound x growth plate,False,0.03833333333333333
PMC11261115,39040381,10.1016/j.heliyon.2024.e33670,Recent advances in anti-inflammation via AMPK activation.,2024,Heliyon,23,"""nobiletin""",compound x growth plate,False,0.03833333333333333
PMC9478168,36120538,10.3389/fmolb.2022.981963,Emerging therapies for autosomal dominant polycystic kidney disease with a focus on cAMP signaling.,2022,Frontiers in molecular biosciences,23,"""NKCC1""",target x growth x geometry,False,0.03833333333333333
PMC5589808,28883483,10.1038/s41598-017-10983-x,SERPINB2 is a novel TGFβ-responsive lineage fate determinant of human bone marrow stromal cells.,2017,Scientific reports,23,"""LIMK1""",target x growth x geometry,False,0.03833333333333333
PMC11520482,39468616,10.1186/s13287-024-04011-9,Emerging role and function of Hippo-YAP/TAZ signaling pathway in musculoskeletal disorders.,2024,Stem cell research & therapy,23,"""SR3335""",compound x growth plate,False,0.03833333333333333
PMC5867598,29721020,10.1155/2018/7863412,Detection of HIV-1 and Human Proteins in Urinary Extracellular Vesicles from HIV+ Patients.,2018,Advances in virology,23,"""SLC12A2""; ""SLC9A1""",target x growth x geometry,False,0.03833333333333333
PMC8024891,33629503,10.15252/embr.202051861,Membrane potential regulates Hedgehog signalling in the Drosophila wing imaginal disc.,2021,EMBO reports,23,"""amiloride""",compound x growth plate,False,0.03833333333333333
PMC4617990,17726260,10.1155/2007/601497,Expression of integrin alpha10 is induced in malignant melanoma.,2007,Cellular oncology : the official journal of the International Society for Cellular Oncology,23,"""integrin alpha10""",target x growth x geometry,False,0.03833333333333333
PMC10381804,37511889,10.3390/life13071514,Triterpenes as Potential Drug Candidates for Rheumatoid Arthritis Treatment.,2023,"Life (Basel, Switzerland)",23,"""fasudil""",compound x growth plate,False,0.03833333333333333
PMC4533790,26204886,10.1186/s13287-015-0123-0,CDH1 and IL1-beta expression dictates FAK and MAPKK-dependent cross-talk between cancer cells and human mesenchymal stem cells.,2015,Stem cell research & therapy,23,"""PF-573228""",compound x growth plate,False,0.03833333333333333
PMC7868026,33549040,10.1186/s12885-021-07850-4,The role of S100A4 for bone metastasis in prostate cancer cells.,2021,BMC cancer,23,"""non-muscle myosin II""",target x growth x geometry,False,0.03833333333333333
PMC9685409,36439266,10.3389/fphys.2022.1037230,The mechanosensitive Piezo1 channels contribute to the arterial medial calcification.,2022,Frontiers in physiology,23,"""Yoda1""",compound x growth plate,False,0.03833333333333333
PMC11127344,38790026,10.1186/s12967-024-05047-4,Horizontal mitochondrial transfer as a novel bioenergetic tool for mesenchymal stromal/stem cells: molecular mechanisms and therapeutic potential in a variety of diseases.,2024,Journal of translational medicine,23,"""cofilin""",target x growth x geometry,False,0.03833333333333333
PMC6418084,30872687,10.1038/s41598-019-40810-4,Differential transactivation of the upstream aggrecan enhancer regulated by PAX1/9 depends on SOX9-driven transactivation.,2019,Scientific reports,22,"""osmotic swelling""",target x growth x geometry,False,0.03666666666666667
PMC10585098,37868964,10.3389/fimmu.2023.1241068,Novel therapies for graft versus host disease with a focus on cell therapies.,2023,Frontiers in immunology,22,"""belumosudil""",compound x growth plate,False,0.03666666666666667
PMC10594572,37881798,10.1016/j.ajps.2023.100845,The emerging potential of siRNA nanotherapeutics in treatment of arthritis.,2023,Asian journal of pharmaceutical sciences,22,"""osmotic swelling""",target x growth x geometry,False,0.03666666666666667
PMC10291087,37377733,10.3389/fcell.2023.1066788,TRPV4 regulates osteoblast differentiation and mitochondrial function that are relevant for channelopathy.,2023,Frontiers in cell and developmental biology,22,"""GSK1016790A""",compound x growth plate,False,0.03666666666666667
PMC5983826,29747379,10.3390/ijms19051410,Magnesium Deprivation Potentiates Human Mesenchymal Stem Cell Transcriptional Remodeling.,2018,International journal of molecular sciences,22,"""nocodazole""",compound x growth plate,False,0.03666666666666667
PMC8901060,35255108,10.1371/journal.pone.0265027,Lysine-Specific Demethylase 1 (LSD1) epigenetically controls osteoblast differentiation.,2022,PloS one,22,"""chondrocyte column""",target x growth x geometry,False,0.03666666666666667
PMC7131937,32040269,10.1111/jcmm.15049,Inhibition of Rac1 activity by NSC23766 prevents cartilage endplate degeneration via Wnt/β-catenin pathway.,2020,Journal of cellular and molecular medicine,22,"""NSC23766""",compound x growth plate,False,0.03666666666666667
PMC10849793,37697480,10.1111/cpr.13541,Notochordal cells: A potential therapeutic option for intervertebral disc degeneration.,2024,Cell proliferation,22,"""aquaporin""",target x growth x geometry,False,0.03666666666666667
PMC10904061,38426496,10.1172/jci174806,PIEZO1 is a distal nephron mechanosensor and is required for flow-induced K+ secretion.,2024,The Journal of clinical investigation,22,"""GsMTx4""; ""Yoda1""",compound x growth plate,False,0.03666666666666667
PMC6534379,31090541,10.7554/elife.43747,Stem cell topography splits growth and homeostatic functions in the fish gill.,2019,eLife,22,"""chondrocyte column""",target x growth x geometry,False,0.03666666666666667
PMC12255350,40655959,10.2147/jir.s527764,"Macrophages as Multifaceted Orchestrators of Tissue Repair: Bridging Inflammation, Regeneration, and Therapeutic Innovation.",2025,Journal of inflammation research,22,"""PIEZO2""; ""RAC1""; ""TRPV4""",target x growth x geometry,False,0.03666666666666667
PMC8239475,34029590,10.1016/j.jbc.2021.100819,The dipeptide prolyl-hydroxyproline promotes cellular homeostasis and lamellipodia-driven motility via active β1-integrin in adult tendon cells.,2021,The Journal of biological chemistry,22,"""integrin beta1""",target x growth x geometry,False,0.03666666666666667
PMC6718418,31477767,10.1038/s41598-019-49100-5,The role of anthrax toxin protein receptor 1 as a new mechanosensor molecule and its mechanotransduction in BMSCs under hydrostatic pressure.,2019,Scientific reports,22,"""integrin beta1""",target x growth x geometry,False,0.03666666666666667
PMC6203358,30365513,10.1371/journal.pone.0206041,Functional regulation of YAP mechanosensitive transcriptional coactivator by Focused Low-Intensity Pulsed Ultrasound (FLIPUS) enhances proliferation of murine mesenchymal precursors.,2018,PloS one,22,"""latrunculin""",compound x growth plate,False,0.03666666666666667
PMC9062110,35519618,10.3389/fbioe.2022.865370,Adipokine Signaling Pathways in Osteoarthritis.,2022,Frontiers in bioengineering and biotechnology,22,"""LIMK1""",target x growth x geometry,False,0.03666666666666667
PMC7063869,31818195,10.1080/21688370.2019.1695491,Cell-cell junctions in developing and adult tendons.,2020,Tissue barriers,22,"""blebbistatin""; ""non-muscle myosin II""",compound x growth plate; target x growth x geometry,False,0.03666666666666667
PMC10750277,38164177,10.7150/ijbs.88500,Mesenchymal Stem Cell-Derived Extracellular Vesicles in Cancer Therapy Resistance: from Biology to Clinical Opportunity.,2024,International journal of biological sciences,22,"""SLC9A1""",target x growth x geometry,False,0.03666666666666667
PMC9180634,35682595,10.3390/ijms23115916,Molecular Mechanism of Induction of Bone Growth by the C-Type Natriuretic Peptide.,2022,International journal of molecular sciences,22,"""cadherin""",target x growth x geometry,False,0.03666666666666667
PMC7912122,33498611,10.3390/biology10020084,Response of Pluripotent Stem Cells to Environmental Stress and Its Application for Directed Differentiation.,2021,Biology,22,"""NHE1""; ""SLC9A1""",target x growth x geometry,False,0.03666666666666667
PMC8491667,34595978,10.1080/10717544.2021.1983071,Endostatin in fibrosis and as a potential candidate of anti-fibrotic therapy.,2021,Drug delivery,22,"""fasudil""",compound x growth plate,False,0.03666666666666667
PMC11430612,39329767,10.3390/cells13181586,The Contribution of Macrophage Plasticity to Inflammatory Arthritis and Their Potential as Therapeutic Targets.,2024,Cells,21,"""aquaporin""",target x growth x geometry,False,0.035
PMC8789892,35079041,10.1038/s41598-022-05060-x,Sensitive asprosin detection in clinical samples reveals serum/saliva correlation and indicates cartilage as source for serum asprosin.,2022,Scientific reports,21,"""NHE1""",target x growth x geometry,False,0.035
PMC10868539,38354101,10.1080/19336950.2024.2313323,Recent advances on the structure and the function relationships of the TRPV4 ion channel.,2024,"Channels (Austin, Tex.)",21,"""GSK1016790A""; ""HC-067047""",compound x growth plate,False,0.035
PMC9928183,36798486,10.3389/fendo.2022.1034580,Burosumab for X-linked hypophosphatemia in children and adolescents: Opinion based on early experience in seven European countries.,2022,Frontiers in endocrinology,21,"""jasplakinolide""",compound x growth plate,False,0.035
PMC8989468,35401557,10.3389/fimmu.2022.856247,YAP Transcriptional Activity Dictates Cell Response to TNF <i>In Vitro</i>.,2022,Frontiers in immunology,21,"""Y27632""",compound x growth plate,False,0.035
PMC10966515,38225729,10.1002/advs.202309133,Tensile Stress-Activated and Exosome-Transferred YAP/TAZ-Notch Circuit Specifies Type H Endothelial Cell for Segmental Bone Regeneration.,2024,"Advanced science (Weinheim, Baden-Wurttemberg, Germany)",21,"""GsMTx4""",compound x growth plate,False,0.035
PMC9652369,36369360,10.1038/s42003-022-04156-4,A critical bioenergetic switch is regulated by IGF2 during murine cartilage development.,2022,Communications biology,21,"""cholesterol""",compound x growth plate; target x growth x geometry,False,0.035
PMC10955165,38509735,10.1111/jcmm.18235,Understanding formation processes of calcareous nephrolithiasis in renal interstitium and tubule lumen.,2024,Journal of cellular and molecular medicine,21,"""acetazolamide""",compound x growth plate,False,0.035
PMC10844364,38315203,10.1007/s00018-023-05104-z,A glimpse into novel acylations and their emerging role in regulating cancer metastasis.,2024,Cellular and molecular life sciences : CMLS,21,"""lovastatin""",compound x growth plate,False,0.035
PMC9633653,36338498,10.3389/fphys.2022.1039714,Mechanosensitive Piezo1 and Piezo2 ion channels in craniofacial development and dentistry: Recent advances and prospects.,2022,Frontiers in physiology,21,"""GsMTx4""; ""Yoda1""",compound x growth plate,False,0.035
PMC3250390,22235245,10.1371/journal.pone.0028439,Genome-wide gene expression analysis suggests an important role of suppressed immunity in pathogenesis of Kashin-Beck disease.,2012,PloS one,21,"""integrin beta1""",target x growth x geometry,False,0.035
PMC11150147,38199244,10.1111/cpr.13600,Signalling interaction between β-catenin and other signalling molecules during osteoarthritis development.,2024,Cell proliferation,21,"""planar cell polarity""",target x growth x geometry,False,0.035
PMC7880368,33440348,10.18632/aging.103905,Multiwalled carbon nanotubes co-delivering sorafenib and epidermal growth factor receptor siRNA enhanced tumor-suppressing effect on liver cancer.,2021,Aging,21,"""nocodazole""",compound x growth plate,False,0.035
PMC9534715,36213684,10.1155/2022/5372229,Effects of Exercise or Mechanical Stimulation on Bone Development and Bone Repair.,2022,Stem cells international,21,"""TRPV4""",target x growth x geometry,False,0.035
PMC11473147,39255038,10.1172/jci177220,Metabolic rewiring during bone development underlies tRNA m7G-associated primordial dwarfism.,2024,The Journal of clinical investigation,21,"""CDC42""; ""MYH9""; ""NSC23766""; ""RAC1""; ""RHOA""",compound x growth plate; target x growth x geometry,False,0.035
PMC10265162,37147884,10.1111/acel.13846,Piezo1 opposes age-associated cortical bone loss.,2023,Aging cell,21,"""Yoda1""",compound x growth plate,False,0.035
PMC6804941,31667000,10.1038/s41413-019-0068-5,S100A4 released from highly bone-metastatic breast cancer cells plays a critical role in osteolysis.,2019,Bone research,21,"""non-muscle myosin II""",target x growth x geometry,False,0.035
PMC8935546,35321462,10.1177/20503121221078722,Aromatase inhibitor-associated musculoskeletal pain: An overview of pathophysiology and treatment modalities.,2022,SAGE open medicine,21,"""furosemide""",compound x growth plate,False,0.035
PMC5932483,29765419,10.1155/2018/7061898,Low Magnitude of Compression Enhances Biosynthesis of Mesenchymal Stem Cells towards Nucleus Pulposus Cells via the TRPV4-Dependent Pathway.,2018,Stem cells international,21,"""GSK1016790A""",compound x growth plate,False,0.035
PMC7642454,33195234,10.3389/fcell.2020.585640,Incoherent Feedforward Regulation via Sox9 and ERK Underpins Mouse Tracheal Cartilage Development.,2020,Frontiers in cell and developmental biology,21,"""blebbistatin""; ""non-muscle myosin II""",compound x growth plate; target x growth x geometry,False,0.035
PMC3375203,22559715,10.1186/1755-8794-5-15,Fibroblasts from phenotypically normal palmar fascia exhibit molecular profiles highly similar to fibroblasts from active disease in Dupuytren's Contracture.,2012,BMC medical genomics,21,"""LIMK1""",target x growth x geometry,False,0.035
PMC10095193,37047496,10.3390/ijms24076525,Myokine Musclin Is Critical for Exercise-Induced Cardiac Conditioning.,2023,International journal of molecular sciences,21,"""blebbistatin""",compound x growth plate,False,0.035
PMC8910276,35269672,10.3390/ijms23052530,Spheroid-Based Tissue Engineering Strategies for Regeneration of the Intervertebral Disc.,2022,International journal of molecular sciences,21,"""actin cortex""",target x growth x geometry,False,0.035
PMC5890647,29306866,10.1136/bjophthalmol-2017-311150,Mechanical stress potentiates the differentiation of periodontal ligament stem cells into keratocytes.,2018,The British journal of ophthalmology,21,"""non-muscle myosin II""",target x growth x geometry,False,0.035
PMC7763964,33322145,10.3390/cells9122678,Role of Aquaporins in the Physiological Functions of Mesenchymal Stem Cells.,2020,Cells,20,"""osmotic swelling""",target x growth x geometry,False,0.03333333333333333
PMC3507216,23213437,10.1242/bio.2012638,The transformation suppressor gene Reck is required for postaxial patterning in mouse forelimbs.,2012,Biology open,20,"""acetazolamide""",compound x growth plate,False,0.03333333333333333
PMC9226163,35739091,10.1038/s41413-022-00214-z,Type II collagen-positive progenitors are important stem cells in controlling skeletal development and vascular formation.,2022,Bone research,20,"""Y-27632""",compound x growth plate,False,0.03333333333333333
PMC10889359,38394209,10.1126/sciadv.adl2238,Identification of the metaphyseal skeletal stem cell building trabecular bone.,2024,Science advances,20,"""cadherin""",target x growth x geometry,False,0.03333333333333333
PMC12025335,40305314,10.3390/biom15040598,Matrix Metalloproteinases: Pathophysiologic Implications and Potential Therapeutic Targets in Cardiovascular Disease.,2025,Biomolecules,20,"""lovastatin""",compound x growth plate,False,0.03333333333333333
PMC8148442,34066937,10.3390/pharmaceutics13050667,Nobiletin Inhibits Inflammatory Reaction in Interleukin-1β-Stimulated Human Periodontal Ligament Cells.,2021,Pharmaceutics,20,"""nobiletin""",compound x growth plate,False,0.03333333333333333
PMC9454630,36078071,10.3390/cells11172663,Contribution of Oxidative Stress (OS) in Calcific Aortic Valve Disease (CAVD): From Pathophysiology to Therapeutic Targets.,2022,Cells,20,"""nobiletin""",compound x growth plate,False,0.03333333333333333
PMC4811381,27066566,10.1212/nxg.0000000000000029,Novel mutations highlight the key role of the ankyrin repeat domain in TRPV4-mediated neuropathy.,2015,Neurology. Genetics,20,"""HC-067047""",compound x growth plate,False,0.03333333333333333
PMC10178586,37175488,10.3390/ijms24097775,The Epithelial Sodium Channel-An Underestimated Drug Target.,2023,International journal of molecular sciences,20,"""amiloride""",compound x growth plate,False,0.03333333333333333
PMC11479646,39394209,10.1038/s41467-024-53107-6,N-cadherin crosstalk with integrin weakens the molecular clutch in response to surface viscosity.,2024,Nature communications,20,"""cofilin""",target x growth x geometry,False,0.03333333333333333
PMC8073623,33924049,10.3390/cancers13081981,New Insights into YES-Associated Protein Signaling Pathways in Hematological Malignancies: Diagnostic and Therapeutic Challenges.,2021,Cancers,20,"""PF-573228""; ""latrunculin""",compound x growth plate,False,0.03333333333333333
PMC11101877,38765605,10.1016/j.jot.2024.04.003,Smoking and osteoimmunology: Understanding the interplay between bone metabolism and immune homeostasis.,2024,Journal of orthopaedic translation,20,"""ROCK2""",target x growth x geometry,False,0.03333333333333333
PMC11202131,38920679,10.3390/cells13121051,"Hypercalcemia in Cancer: Causes, Effects, and Treatment Strategies.",2024,Cells,20,"""aquaporin""; ""furosemide""",compound x growth plate; target x growth x geometry,False,0.03333333333333333
PMC2148065,17949499,10.1186/1471-2164-8-380,Proteomics reveals multiple routes to the osteogenic phenotype in mesenchymal stem cells.,2007,BMC genomics,20,"""non-muscle myosin II""",target x growth x geometry,False,0.03333333333333333
PMC9699986,36444299,10.1016/j.isci.2022.105518,Microdevice-based mechanical compression on living cells.,2022,iScience,20,"""ML141""",compound x growth plate,False,0.03333333333333333
PMC9989319,36895953,10.1016/j.omtn.2023.02.008,Royal jelly extracellular vesicles promote wound healing by modulating underlying cellular responses.,2023,Molecular therapy. Nucleic acids,20,"""amiloride""",compound x growth plate,False,0.03333333333333333
PMC9159811,35665228,10.3389/fphys.2022.899286,"The Role of Plasma Membrane Sodium/Hydrogen Exchangers in Gastrointestinal Functions: Proliferation and Differentiation, Fluid/Electrolyte Transport and Barrier Integrity.",2022,Frontiers in physiology,20,"""EIPA""; ""NHE1""; ""SLC9A1""; ""amiloride""; ""cariporide""",compound x growth plate; target x growth x geometry,False,0.03333333333333333
PMC8209416,34149433,10.3389/fphar.2021.690181,MicroRNA-10a-3p Improves Cartilage Degeneration by Regulating CH25H-CYP7B1-RORα Mediated Cholesterol Metabolism in Knee Osteoarthritis Rats.,2021,Frontiers in pharmacology,20,"""Ror-alpha""",target x growth x geometry,False,0.03333333333333333
PMC8882993,35237582,10.3389/fbioe.2022.828921,3D Printing for Bone-Cartilage Interface Regeneration.,2022,Frontiers in bioengineering and biotechnology,20,"""actin cortex""; ""osmotic swelling""",target x growth x geometry,False,0.03333333333333333
PMC6639465,31262970,10.1042/bsr20191374,The pathogenic role of connective tissue growth factor in osteoarthritis.,2019,Bioscience reports,20,"""cytochalasin D""",compound x growth plate,False,0.03333333333333333
PMC4625036,26509635,10.1371/journal.pone.0141097,Morphological Brain Changes after Climbing to Extreme Altitudes--A Prospective Cohort Study.,2015,PloS one,20,"""acetazolamide""",compound x growth plate,False,0.03333333333333333
PMC5480321,28685122,10.3762/bjnano.8.123,Nano-engineered skin mesenchymal stem cells: potential vehicles for tumour-targeted quantum-dot delivery.,2017,Beilstein journal of nanotechnology,20,"""EIPA""",compound x growth plate,False,0.03333333333333333
PMC8623874,34836440,10.3390/nu13114185,Flavonoid Phloretin Inhibits Adipogenesis and Increases OPG Expression in Adipocytes Derived from Human Bone-Marrow Mesenchymal Stromal-Cells.,2021,Nutrients,20,"""nocodazole""",compound x growth plate,False,0.03333333333333333
PMC7230935,32325753,10.3390/jcm9041163,"Caffeine, a Risk Factor for Osteoarthritis and Longitudinal Bone Growth Inhibition.",2020,Journal of clinical medicine,20,"""cholesterol""",compound x growth plate; target x growth x geometry,False,0.03333333333333333
PMC6769012,31570694,10.1038/s41419-019-1972-8,BK ablation attenuates osteoblast bone formation via integrin pathway.,2019,Cell death & disease,20,"""integrin beta1""",target x growth x geometry,False,0.03333333333333333
PMC10634342,37954594,10.3389/fimmu.2023.1273174,Mechanistic and therapeutic insights into the function of NLRP3 inflammasome in sterile arthritis.,2023,Frontiers in immunology,20,"""amiloride""",compound x growth plate,False,0.03333333333333333
PMC8071227,33920915,10.3390/biom11040578,The Emerging Role of Epigenetic Mechanisms in the Causation of Aberrant MMP Activity during Human Pathologies and the Use of Medicinal Drugs.,2021,Biomolecules,19,"""lovastatin""",compound x growth plate,False,0.03166666666666667
PMC11447141,39358326,10.1038/s41420-024-02181-2,Repair and regeneration: ferroptosis in the process of remodeling and fibrosis in impaired organs.,2024,Cell death discovery,19,"""nobiletin""",compound x growth plate,False,0.03166666666666667
PMC10542986,37051760,10.1111/cpr.13474,Targeting RORα in macrophages to boost diabetic bone regeneration.,2023,Cell proliferation,19,"""SR1078""; ""SR3335""",compound x growth plate,False,0.03166666666666667
PMC11074777,38715921,10.3389/fcell.2024.1363361,"Plasticity in cell migration modes across development, physiology, and disease.",2024,Frontiers in cell and developmental biology,19,"""CDC42""; ""FAK""; ""RAC1""; ""RHOA""; ""cadherin""; ""centrosome""; ""non-muscle myosin II""; ""planar cell polarity""",target x growth x geometry,False,0.03166666666666667
PMC10751971,38156056,10.1002/jsp2.1282,TRPV4 differentially controls inflammatory cytokine networks during static and dynamic compression of the intervertebral disc.,2023,JOR spine,19,"""GSK1016790A""",compound x growth plate,False,0.03166666666666667
PMC9273755,35817812,10.1038/s41598-022-14953-w,Cell mediated remodeling of stiffness matched collagen and fibrin scaffolds.,2022,Scientific reports,19,"""Y27632""",compound x growth plate,False,0.03166666666666667
PMC8018124,32336681,10.3324/haematol.2019.242727,Sec22b determines Weibel-Palade body length by controlling anterograde ER-Golgi transport.,2021,Haematologica,19,"""nocodazole""",compound x growth plate,False,0.03166666666666667
PMC11094955,38745115,10.1186/s11658-024-00591-9,The role of proinflammatory cytokines and CXC chemokines (CXCL1-CXCL16) in the progression of prostate cancer: insights on their therapeutic management.,2024,Cellular & molecular biology letters,19,"""PF-573228""",compound x growth plate,False,0.03166666666666667
PMC4274512,25534583,10.1038/srep07595,Comprehensive profiling analysis of actively resorbing osteoclasts identifies critical signaling pathways regulated by bone substrate.,2014,Scientific reports,19,"""SLC12A2""",target x growth x geometry,False,0.03166666666666667
PMC11269414,38961031,10.1007/s10067-024-07042-y,Inflammation as a therapeutic target for osteoarthritis: A literature review of clinical trials.,2024,Clinical rheumatology,19,"""colchicine""",compound x growth plate,False,0.03166666666666667
PMC10327399,37420255,10.1186/s13075-023-03093-9,Aberrant mechanical loading induces annulus fibrosus cells apoptosis in intervertebral disc degeneration via mechanosensitive ion channel Piezo1.,2023,Arthritis research & therapy,19,"""GsMTx4""; ""Yoda1""",compound x growth plate,False,0.03166666666666667
PMC7504142,32872378,10.3390/ijms21176248,"Recent Advances on the Model, Measurement Technique, and Application of Single Cell Mechanics.",2020,International journal of molecular sciences,19,"""actin cortex""",target x growth x geometry,False,0.03166666666666667
PMC10368522,37468187,10.1016/j.jacc.2023.05.031,Role of Human Epicardial Adipose Tissue-Derived miR-92a-3p in Myocardial Redox State.,2023,Journal of the American College of Cardiology,19,"""NSC23766""",compound x growth plate,False,0.03166666666666667
PMC7869691,33440155,10.1016/j.celrep.2020.108616,Magnesium and Calcium Homeostasis Depend on KCTD1 Function in the Distal Nephron.,2021,Cell reports,19,"""furosemide""",compound x growth plate,False,0.03166666666666667
PMC9916440,36768871,10.3390/ijms24032550,Pharmacological Interventions Targeting Pain in Fibrous Dysplasia/McCune-Albright Syndrome.,2023,International journal of molecular sciences,19,"""furosemide""",compound x growth plate,False,0.03166666666666667
PMC7493952,32934212,10.1038/s41419-020-02963-3,EZH2 reduction is an essential mechanoresponse for the maintenance of super-enhancer polarization against compressive stress in human periodontal ligament stem cells.,2020,Cell death & disease,19,"""latrunculin""",compound x growth plate,False,0.03166666666666667
PMC10114088,36943415,10.1021/acsabm.3c00093,Is 3D Printing Promising for Osteochondral Tissue Regeneration?,2023,ACS applied bio materials,19,"""Y27632""",compound x growth plate,False,0.03166666666666667
PMC11166825,38581527,10.1007/s00424-024-02951-y,"Piezo1, the new actor in cell volume regulation.",2024,Pflugers Archiv : European journal of physiology,19,"""NKCC1""; ""PIEZO1""; ""PIEZO2""; ""aquaporin""",target x growth x geometry,False,0.03166666666666667
PMC12384489,40867576,10.3390/biom15081130,Therapeutic Applications and Mechanisms of Superoxide Dismutase (SOD) in Different Pathogenesis.,2025,Biomolecules,19,"""fasudil""",compound x growth plate,False,0.03166666666666667
PMC10464418,37633928,10.1186/s13287-023-03452-y,The functional effects of Piezo channels in mesenchymal stem cells.,2023,Stem cell research & therapy,19,"""GsMTx4""",compound x growth plate,False,0.03166666666666667
PMC6523218,30959928,10.3390/cells8040324,The Importance of the Knee Joint Meniscal Fibrocartilages as Stabilizing Weight Bearing Structures Providing Global Protection to Human Knee-Joint Tissues.,2019,Cells,19,"""acetazolamide""",compound x growth plate,False,0.03166666666666667
PMC7865003,33547271,10.1038/s41368-020-00110-4,FACEts of mechanical regulation in the morphogenesis of craniofacial structures.,2021,International journal of oral science,19,"""blebbistatin""; ""non-muscle myosin II""",compound x growth plate; target x growth x geometry,False,0.03166666666666667
PMC10712084,38072952,10.1186/s40779-023-00495-3,Targeting NR1D1 in organ injury: challenges and prospects.,2023,Military Medical Research,19,"""GSK4112""",compound x growth plate,False,0.03166666666666667
PMC12369703,40434211,10.1002/adma.202417564,From Mechanoelectric Conversion to Tissue Regeneration: Translational Progress in Piezoelectric Materials.,2025,"Advanced materials (Deerfield Beach, Fla.)",19,"""FAK""; ""osmotic swelling""",target x growth x geometry,False,0.03166666666666667
PMC9656371,36361659,10.3390/ijms232112870,"Activation of Piezo1 Increases Na,K-ATPase-Mediated Ion Transport in Mouse Lens.",2022,International journal of molecular sciences,19,"""GsMTx4""; ""bumetanide""",compound x growth plate,False,0.03166666666666667
PMC7603119,33086603,10.3390/antiox9101013,Reactive Oxygen Species and Oxidative Stress in the Pathogenesis and Progression of Genetic Diseases of the Connective Tissue.,2020,"Antioxidants (Basel, Switzerland)",19,"""LIMK1""",target x growth x geometry,False,0.03166666666666667
PMC3897656,24465906,10.1371/journal.pone.0086115,"Multiscale, converging defects of macro-porosity, microstructure and matrix mineralization impact long bone fragility in NF1.",2014,PloS one,19,"""LIMK1""; ""LIMK2""",target x growth x geometry,False,0.03166666666666667
PMC5156907,27974831,10.1038/srep39096,Human dental stem cells suppress PMN activity after infection with the periodontopathogens Prevotella intermedia and Tannerella forsythia.,2016,Scientific reports,19,"""latrunculin""",compound x growth plate,False,0.03166666666666667
PMC8818874,35140604,10.3389/fphar.2021.784822,Confirmation of inhibitingTLR4/MyD88/NF-κB Signalling Pathway by Duhuo Jisheng Decoction on Osteoarthritis: A Network Pharmacology Approach-Integrated Experimental Study.,2021,Frontiers in pharmacology,19,"""LIMK2""",target x growth x geometry,False,0.03166666666666667
PMC7996181,33668846,10.3390/nu13030729,Interactions between Growth of Muscle and Stature: Mechanisms Involved and Their Nutritional Sensitivity to Dietary Protein: The Protein-Stat Revisited.,2021,Nutrients,19,"""NKCC1""",target x growth x geometry,False,0.03166666666666667
PMC11387732,39263604,10.1002/mco2.723,Krüppel-like factors family in health and disease.,2024,MedComm,19,"""simvastatin""",compound x growth plate,False,0.03166666666666667
PMC9030443,35453355,10.3390/antiox11040670,Is Nucleoredoxin a Master Regulator of Cellular Redox Homeostasis? Its Implication in Different Pathologies.,2022,"Antioxidants (Basel, Switzerland)",18,"""cofilin""",target x growth x geometry,False,0.03
PMC7039524,32095779,10.1186/s42490-019-0029-5,Models of tendon development and injury.,2019,BMC biomedical engineering,18,"""blebbistatin""",compound x growth plate,False,0.03
PMC11984661,39610146,10.1111/acel.14440,Piezo1 exacerbates inflammation-induced cartilaginous endplate degeneration by activating mitochondrial fission via the Ca&lt;sup&gt;2+&lt;/sup&gt;/CaMKII/Drp1 axis.,2025,Aging cell,18,"""GsMTx4""; ""Yoda1""",compound x growth plate,False,0.03
PMC9302971,35730929,10.7554/elife.78653,Pathogenic mutations in the chromokinesin KIF22 disrupt anaphase chromosome segregation.,2022,eLife,18,"""nocodazole""",compound x growth plate,False,0.03
PMC9454570,36078109,10.3390/cells11172697,Monoamine Oxidase-Dependent Pro-Survival Signaling in Diabetic Hearts Is Mediated by miRNAs.,2022,Cells,18,"""LIMK1""",target x growth x geometry,False,0.03
PMC9368769,35955603,10.3390/ijms23158468,A Review on the Molecular Mechanisms of Action of Natural Products in Preventing Bone Diseases.,2022,International journal of molecular sciences,18,"""GSK4112""",compound x growth plate,False,0.03
PMC6797607,31681419,10.3389/fgene.2019.00977,Understanding the Cellular and Molecular Mechanisms That Control Early Cell Fate Decisions During Appendicular Skeletogenesis.,2019,Frontiers in genetics,18,"""centrosome""; ""cytochalasin D""",compound x growth plate; target x growth x geometry,False,0.03
PMC9873657,36693942,10.1038/s41598-023-28541-z,Substrate stiffness controls proinflammatory responses in human gingival fibroblasts.,2023,Scientific reports,18,"""Y-27632""; ""blebbistatin""",compound x growth plate,False,0.03
PMC7948509,33571521,10.1016/j.jbc.2021.100400,MEKK2 and MEKK3 orchestrate multiple signals to regulate Hippo pathway.,2021,The Journal of biological chemistry,18,"""latrunculin""",compound x growth plate,False,0.03
PMC11334447,39160590,10.1186/s12951-024-02713-z,Advancing osteoarthritis therapy with GMOCS hydrogel-loaded BMSCs-exos.,2024,Journal of nanobiotechnology,18,"""cell rotation""",target x growth x geometry,False,0.03
PMC9599458,36291594,10.3390/biom12101383,Calcium-Permeable Channels Cooperation for Rheumatoid Arthritis: Therapeutic Opportunities.,2022,Biomolecules,18,"""amiloride""",compound x growth plate,False,0.03
PMC9779856,36555503,10.3390/ijms232415861,Overview of Anti-Inflammatory and Anti-Nociceptive Effects of Polyphenols to Halt Osteoarthritis: From Preclinical Studies to New Clinical Insights.,2022,International journal of molecular sciences,18,"""nobiletin""",compound x growth plate,False,0.03
PMC10770836,38189049,10.3389/fendo.2023.1292011,Circadian clock and lipid metabolism disorders: a potential therapeutic strategy for cancer.,2023,Frontiers in endocrinology,18,"""SR1078""",compound x growth plate,False,0.03
PMC7711556,33050204,10.3390/jdb8040025,Molecular and Cellular Pathogenesis of Ellis-van Creveld Syndrome: Lessons from Targeted and Natural Mutations in Animal Models.,2020,Journal of developmental biology,18,"""centrosome""",target x growth x geometry,False,0.03
PMC9255795,35837417,10.12336/biomatertransl.2021.04.008,Endogenous repair theory enriches construction strategies for orthopaedic biomaterials: a narrative review.,2021,Biomaterials translational,18,"""amiloride""",compound x growth plate,False,0.03
PMC10017878,36937743,10.3389/fbioe.2023.1128587,Aggrecan governs intervertebral discs development by providing critical mechanical cues of the extracellular matrix.,2023,Frontiers in bioengineering and biotechnology,18,"""osmotic swelling""",target x growth x geometry,False,0.03
PMC11711218,39801760,10.1002/btm2.10698,"Insights into the mechanisms, regulation, and therapeutic implications of extracellular matrix stiffness in cancer.",2025,Bioengineering & translational medicine,18,"""ROCK1""; ""ROCK2""; ""cofilin""",target x growth x geometry,False,0.03
PMC6928002,31921855,10.3389/fcell.2019.00344,Extracellular Vesicles From Pathological Microenvironment Induce Endothelial Cell Transformation and Abnormal Angiogenesis via Modulation of TRPV4 Channels.,2019,Frontiers in cell and developmental biology,18,"""GSK1016790A""",compound x growth plate,False,0.03
PMC10284140,37254794,10.1161/circresaha.122.322223,Missense Mutation in Human CHD4 Causes Ventricular Noncompaction by Repressing ADAMTS1.,2023,Circulation research,18,"""MYH9""",target x growth x geometry,False,0.03
PMC10530823,37762150,10.3390/ijms241813849,Role of Stem Cell-Derived Exosomes and microRNAs in Spinal Cord Injury.,2023,International journal of molecular sciences,18,"""MYH9""",target x growth x geometry,False,0.03
PMC11933331,40016424,10.1038/s44319-025-00405-9,The spectrum of lysosomal stress and damage responses: from mechanosensing to inflammation.,2025,EMBO reports,18,"""osmotic swelling""",target x growth x geometry,False,0.03
PMC11334359,39164778,10.1186/s13578-024-01277-7,Signaling pathways activated and regulated by stem cell-derived exosome therapy.,2024,Cell & bioscience,18,"""aquaporin""",target x growth x geometry,False,0.03
PMC8508632,34638957,10.3390/ijms221910599,Integrin β1 Promotes Pancreatic Tumor Growth by Upregulating Kindlin-2 and TGF-β Receptor-2.,2021,International journal of molecular sciences,18,"""integrin beta1""",target x growth x geometry,False,0.03
PMC11137048,38811544,10.1038/s41413-024-00335-7,"ATP6AP2, a regulator of LRP6/β-catenin protein trafficking, promotes Wnt/β-catenin signaling and bone formation in a cell type dependent manner.",2024,Bone research,18,"""cadherin""",target x growth x geometry,False,0.03
PMC8315099,34327200,10.3389/fcell.2021.687942,CXCL2 Impairs Functions of Bone Marrow Mesenchymal Stem Cells and Can Serve as a Serum Marker in High-Fat Diet-Fed Rats.,2021,Frontiers in cell and developmental biology,17,"""NSC23766""",compound x growth plate,False,0.028333333333333332
PMC2662825,19284652,10.1186/1472-6750-9-20,A BAC-bacterial recombination method to generate physically linked multiple gene reporter DNA constructs.,2009,BMC biotechnology,17,"""NHE1""",target x growth x geometry,False,0.028333333333333332
PMC8069044,33918699,10.3390/ijms22083887,Extracellular Vesicles and Renal Fibrosis: An Odyssey toward a New Therapeutic Approach.,2021,International journal of molecular sciences,17,"""NSC23766""",compound x growth plate,False,0.028333333333333332
PMC10356955,37468461,10.1038/s41419-023-05893-y,Loss of function mutation in Ank causes aberrant mineralization and acquisition of osteoblast-like-phenotype by the cells of the intervertebral disc.,2023,Cell death & disease,17,"""centrosome""",target x growth x geometry,False,0.028333333333333332
PMC10407561,37560476,10.3389/fphar.2023.1186712,Targeting extracellular matrix through phytochemicals: a promising approach of multi-step actions on the treatment and prevention of cancer.,2023,Frontiers in pharmacology,17,"""nobiletin""",compound x growth plate,False,0.028333333333333332
PMC10253422,37298592,10.3390/ijms24119642,"The Natriuretic Peptide System: A Single Entity, Pleiotropic Effects.",2023,International journal of molecular sciences,17,"""amiloride""; ""furosemide""",compound x growth plate,False,0.028333333333333332
PMC10600890,37901516,10.1021/acsomega.3c05377,"Optimization of 3-Cyano-7-cyclopropylamino-pyrazolo[1,5-<i>a</i>]pyrimidines toward the Development of an In Vivo Chemical Probe for CSNK2A.",2023,ACS omega,17,"""NKCC1""",target x growth x geometry,False,0.028333333333333332
PMC8899165,35118811,10.1111/jcmm.17211,Simvastatin inhibits stem cell proliferation in human leiomyoma via TGF-β3 and Wnt/β-Catenin pathways.,2022,Journal of cellular and molecular medicine,17,"""lovastatin""",compound x growth plate,False,0.028333333333333332
PMC10215322,37237554,10.3390/biology12050742,The Migration and the Fate of Dental Pulp Stem Cells.,2023,Biology,17,"""actin cortex""",target x growth x geometry,False,0.028333333333333332
PMC9737411,36498961,10.3390/ijms232314634,Role of YAP as a Mechanosensing Molecule in Stem Cells and Stem Cell-Derived Hematopoietic Cells.,2022,International journal of molecular sciences,17,"""CN03""; ""blebbistatin""; ""cytochalasin D""; ""latrunculin""",compound x growth plate,False,0.028333333333333332
PMC7694686,33172038,10.3390/genes11111316,Finding MEMO-Emerging Evidence for MEMO1's Function in Development and Disease.,2020,Genes,17,"""actin cortex""",target x growth x geometry,False,0.028333333333333332
PMC9802477,36714838,10.1093/pnasnexus/pgac212,Long-term and short-term preservation strategies for tissue engineering and regenerative medicine products: state of the art and emerging trends.,2022,PNAS nexus,17,"""osmotic swelling""",target x growth x geometry,False,0.028333333333333332
PMC9687758,36421707,10.3390/biom12111693,Genome-Wide RNA Sequencing of Human Trabecular Meshwork Cells Treated with TGF-β1: Relevance to Pseudoexfoliation Glaucoma.,2022,Biomolecules,17,"""LIMK2""; ""MYH9""",target x growth x geometry,False,0.028333333333333332
PMC3755072,23892436,10.4161/cc.25267,The multi zinc-finger protein Trps1 acts as a regulator of histone deacetylation during mitosis.,2013,"Cell cycle (Georgetown, Tex.)",17,"""nocodazole""",compound x growth plate,False,0.028333333333333332
PMC4001308,24743732,10.1038/cddis.2014.154,Salt-inducible kinase 3 is a novel mitotic regulator and a target for enhancing antimitotic therapeutic-mediated cell death.,2014,Cell death & disease,17,"""nocodazole""",compound x growth plate,False,0.028333333333333332
PMC11254675,39026663,10.3389/fimmu.2024.1414301,Characterizing mitochondrial features in osteoarthritis through integrative multi-omics and machine learning analysis.,2024,Frontiers in immunology,17,"""fasudil""",compound x growth plate,False,0.028333333333333332
PMC4002480,24776842,10.1371/journal.pone.0095987,Dissection of estrogen receptor alpha signaling pathways in osteoblasts using RNA-sequencing.,2014,PloS one,17,"""LIMK2""",target x growth x geometry,False,0.028333333333333332
PMC9185779,33797385,10.2174/1570159x19666210402102232,The Role of ASIC1a in Epilepsy: A Potential Therapeutic Target.,2021,Current neuropharmacology,17,"""acetazolamide""; ""amiloride""",compound x growth plate,False,0.028333333333333332
PMC10623781,37919768,10.1186/s12935-023-03091-6,"Exploring the role of the disulfidptosis-related gene SLC7A11 in adrenocortical carcinoma: implications for prognosis, immune infiltration, and therapeutic strategies.",2023,Cancer cell international,17,"""MYH9""",target x growth x geometry,False,0.028333333333333332
PMC10045377,36978936,10.3390/antiox12030689,"The Impact of Plasma Membrane Ion Channels on Bone Remodeling in Response to Mechanical Stress, Oxidative Imbalance, and Acidosis.",2023,"Antioxidants (Basel, Switzerland)",17,"""amiloride""; ""osmotic swelling""",compound x growth plate; target x growth x geometry,False,0.028333333333333332
PMC7499356,30963979,10.2174/1573402115666190409115330,Clinical and Molecular Perspectives of Monogenic Hypertension.,2020,Current hypertension reviews,17,"""amiloride""",compound x growth plate,False,0.028333333333333332
PMC8294092,34307349,10.3389/fcell.2021.664545,Uniaxial Cyclic Stretching Promotes Chromatin Accessibility of Gene Loci Associated With Mesenchymal Stem Cells Morphogenesis and Osteogenesis.,2021,Frontiers in cell and developmental biology,17,"""Y27632""",compound x growth plate,False,0.028333333333333332
PMC7095843,28795195,10.1007/s00125-017-4350-z,"53 &lt;sup&gt;rd&lt;/sup&gt; EASD Annual Meeting of the European Association for the Study of Diabetes : Lisbon, Portugal, 11 - 15 September 2017.",2017,Diabetologia,17,"""NHE1""; ""SLC12A2""; ""actin cortex""; ""bumetanide""; ""cariporide""",compound x growth plate; target x growth x geometry,False,0.028333333333333332
PMC11806630,39920799,10.1186/s12933-025-02614-x,Ferroptosis: mechanism and role in diabetes-related cardiovascular diseases.,2025,Cardiovascular diabetology,17,"""nobiletin""",compound x growth plate,False,0.028333333333333332
PMC9092710,35545776,10.1186/s13075-022-02785-y,Small molecules of herbal origin for osteoarthritis treatment: in vitro and in vivo evidence.,2022,Arthritis research & therapy,17,"""nobiletin""",compound x growth plate,False,0.028333333333333332
PMC10366316,36790694,10.1007/s12015-023-10517-1,Conditioned Medium - Is it an Undervalued Lab Waste with the Potential for Osteoarthritis Management?,2023,Stem cell reviews and reports,17,"""MYH9""",target x growth x geometry,False,0.028333333333333332
PMC12344620,39036851,10.1002/adhm.202401218,Extracellular Matrix-Surrogate Advanced Functional Composite Biomaterials for Tissue Repair and Regeneration.,2024,Advanced healthcare materials,17,"""cytochalasin D""",compound x growth plate,False,0.028333333333333332
PMC10882629,38390363,10.3389/fbioe.2024.1342149,The role of mechanically sensitive ion channel Piezo1 in bone remodeling.,2024,Frontiers in bioengineering and biotechnology,17,"""GsMTx4""; ""PIEZO2""; ""Yoda1""; ""osmotic swelling""",compound x growth plate; target x growth x geometry,False,0.028333333333333332
PMC11994450,40211055,10.1038/s44161-025-00628-y,Single-cell RNA sequencing reveals sex differences in the subcellular composition and associated gene-regulatory network activity of human carotid plaques.,2025,Nature cardiovascular research,17,"""MYH9""",target x growth x geometry,False,0.028333333333333332
PMC2742898,19774072,10.1371/journal.pone.0007144,Genomic analysis of the function of the transcription factor gata3 during development of the mammalian inner ear.,2009,PloS one,17,"""NKCC1""; ""SLC12A2""",target x growth x geometry,False,0.028333333333333332
PMC11940522,40149930,10.3390/biom15030394,"Multifaceted Therapeutic Potential of Plant-Derived Exosomes: Immunomodulation, Anticancer, Anti-Aging, Anti-Melanogenesis, Detoxification, and Drug Delivery.",2025,Biomolecules,16,"""aquaporin""",target x growth x geometry,False,0.02666666666666667
PMC7378409,32129549,10.1111/jdi.13244,Transient receptor potential vanilloid 4 channels as therapeutic targets in diabetes and diabetes-related complications.,2020,Journal of diabetes investigation,16,"""GSK1016790A""; ""HC-067047""; ""RN-1734""",compound x growth plate,False,0.02666666666666667
PMC6683124,31383843,10.1038/s41419-019-1823-7,O-cyclic phytosphingosine-1-phosphate stimulates HIF1α-dependent glycolytic reprogramming to enhance the therapeutic potential of mesenchymal stem cells.,2019,Cell death & disease,16,"""NHE1""; ""SLC9A1""",target x growth x geometry,False,0.02666666666666667
PMC9607568,36297049,10.3390/nu14204365,Statin-Induced Geranylgeranyl Pyrophosphate Depletion Promotes Ferroptosis-Related Senescence in Adipose Tissue.,2022,Nutrients,16,"""lovastatin""",compound x growth plate,False,0.02666666666666667
PMC11544184,39525574,10.1016/j.apsb.2024.06.020,Choroid plexus CCL2‒CCR2 signaling orchestrates macrophage recruitment and cerebrospinal fluid hypersecretion in hydrocephalus.,2024,Acta pharmaceutica Sinica. B,16,"""NKCC1""",target x growth x geometry,False,0.02666666666666667
PMC9531407,36195925,10.1186/s13287-022-02952-7,The therapeutic effect of adipose-derived stem cells on soft tissue injury after radiotherapy and their value for breast reconstruction.,2022,Stem cell research & therapy,16,"""LIMK1""",target x growth x geometry,False,0.02666666666666667
PMC10452180,37626963,10.3390/biology12081077,Circadian Dysfunction in Adipose Tissue: Chronotherapy in Metabolic Diseases.,2023,Biology,16,"""GSK4112""; ""SR1078""; ""SR3335""; ""nobiletin""",compound x growth plate,False,0.02666666666666667
PMC11968406,40191103,10.1038/s44341-025-00014-6,The role of extracellular matrix viscoelasticity in development and disease.,2025,npj biological physics and mechanics,16,"""NHE1""; ""TRPV4""",target x growth x geometry,False,0.02666666666666667
PMC6011033,29963051,10.3389/fimmu.2018.01354,"Approaches in Immunotherapy, Regenerative Medicine, and Bioengineering for Type 1 Diabetes.",2018,Frontiers in immunology,16,"""fasudil""",compound x growth plate,False,0.02666666666666667
PMC7795371,33396484,10.3390/ijms22010375,"Intervertebral Disc and Adipokine Leptin-Loves Me, Loves Me Not.",2020,International journal of molecular sciences,16,"""osmotic swelling""",target x growth x geometry,False,0.02666666666666667
PMC8773878,35053279,10.3390/biom12010132,Extracellular Vesicles as Mediators of Therapy Resistance in the Breast Cancer Microenvironment.,2022,Biomolecules,16,"""EIPA""",compound x growth plate,False,0.02666666666666667
PMC6662841,31358810,10.1038/s41598-019-47342-x,Transient Receptor Potential vanilloid 4 ion channel in C-fibres is involved in mechanonociception of the normal and inflamed joint.,2019,Scientific reports,16,"""GSK1016790A""; ""RN-1734""",compound x growth plate,False,0.02666666666666667
PMC9151705,35472067,10.1172/jci150533,Epigenetic regulator UHRF1 orchestrates proinflammatory gene expression in rheumatoid arthritis in a suppressive manner.,2022,The Journal of clinical investigation,16,"""nocodazole""",compound x growth plate,False,0.02666666666666667
PMC6687147,31393869,10.1371/journal.pone.0219492,Hyaluronan promotes TRPV4-induced chondrogenesis in ATDC5 cells.,2019,PloS one,16,"""GSK1016790A""",compound x growth plate,False,0.02666666666666667
PMC9721416,35754337,10.1080/19336950.2022.2085379,Piezo1-mediated fluid shear stress promotes OPG and inhibits RANKL via NOTCH3 in MLO-Y4 osteocytes.,2022,"Channels (Austin, Tex.)",16,"""GsMTx4""",compound x growth plate,False,0.02666666666666667
PMC11335502,39170742,10.3389/fendo.2024.1450328,The role of calcium channels in osteoporosis and their therapeutic potential.,2024,Frontiers in endocrinology,16,"""Yoda1""",compound x growth plate,False,0.02666666666666667
PMC7923672,33648469,10.1186/s12891-021-04095-x,Compressive mechanical stress enhances susceptibility to interleukin-1 by increasing interleukin-1 receptor expression in 3D-cultured ATDC5 cells.,2021,BMC musculoskeletal disorders,16,"""GSK1016790A""; ""HC-067047""",compound x growth plate,False,0.02666666666666667
PMC9842573,35585366,10.1007/s00467-022-05606-1,A clinical approach to tubulopathies in children and young adults.,2023,"Pediatric nephrology (Berlin, Germany)",16,"""amiloride""",compound x growth plate,False,0.02666666666666667
PMC7602291,33066437,10.3390/biomedicines8100418,The Acute Phase Reaction and Its Prognostic Impact in Patients with Head and Neck Squamous Cell Carcinoma: Single Biomarkers Including C-Reactive Protein Versus Biomarker Profiles.,2020,Biomedicines,16,"""NHE1""",target x growth x geometry,False,0.02666666666666667
PMC5331574,28212283,10.3390/nu9020143,The Effects of Tocotrienol and Lovastatin Co-Supplementation on Bone Dynamic Histomorphometry and Bone Morphogenetic Protein-2 Expression in Rats with Estrogen Deficiency.,2017,Nutrients,16,"""lovastatin""",compound x growth plate,False,0.02666666666666667
PMC11508709,39456905,10.3390/ijms252011124,Current State and Challenges of Tissue and Organ Cryopreservation in Biobanking.,2024,International journal of molecular sciences,16,"""Y27632""",compound x growth plate,False,0.02666666666666667
PMC9953024,36830575,10.3390/biom13020205,Polymeric Nanocomposite Hydrogel Scaffolds in Craniofacial Bone Regeneration: A Comprehensive Review.,2023,Biomolecules,16,"""lovastatin""",compound x growth plate,False,0.02666666666666667
PMC11869436,40016636,10.1186/s10194-025-01979-4,Advances in GLP-1 receptor agonists for pain treatment and their future potential.,2025,The journal of headache and pain,16,"""acetazolamide""",compound x growth plate,False,0.02666666666666667
PMC9323835,35883585,10.3390/cells11142142,Ribosomes and Ribosomal Proteins Promote Plasticity and Stemness Induction in Glioma Cells via Reprogramming.,2022,Cells,16,"""fasudil""",compound x growth plate,False,0.02666666666666667
PMC7278933,32443528,10.3390/ijms21103556,"The Zinc-Finger Domain Containing Protein ZC4H2 Interacts with TRPV4, Enhancing Channel Activity and Turnover at the Plasma Membrane.",2020,International journal of molecular sciences,16,"""GSK1016790A""",compound x growth plate,False,0.02666666666666667
PMC8903839,35256051,10.7554/elife.72068,Temperature evolution following joint loading promotes chondrogenesis by synergistic cues via calcium signaling.,2022,eLife,16,"""GSK1016790A""",compound x growth plate,False,0.02666666666666667
PMC10049508,36982275,10.3390/ijms24065200,The Antimicrobial Peptide AMP-IBP5 Suppresses Dermatitis-like Lesions in a Mouse Model of Atopic Dermatitis through the Low-Density Lipoprotein Receptor-Related Protein-1 Receptor.,2023,International journal of molecular sciences,16,"""NSC23766""",compound x growth plate,False,0.02666666666666667
PMC11276798,39062777,10.3390/ijms25147530,Natural Compounds for Preventing Age-Related Diseases and Cancers.,2024,International journal of molecular sciences,15,"""nobiletin""",compound x growth plate,False,0.025
PMC10938947,38487022,10.3389/fmed.2024.1339573,Application of dental pulp stem cells for bone regeneration.,2024,Frontiers in medicine,15,"""planar cell polarity""",target x growth x geometry,False,0.025
PMC9126660,35615580,10.1155/2022/8392313,Extracellular Vesicle-Derived circITGB1 Regulates Dendritic Cell Maturation and Cardiac Inflammation via miR-342-3p/NFAM1.,2022,Oxidative medicine and cellular longevity,15,"""integrin beta1""",target x growth x geometry,False,0.025
PMC9165486,35373921,10.1002/advs.202200053,Osteogenesis-Inducing Chemical Cues Enhance the Mechanosensitivity of Human Mesenchymal Stem Cells for Osteogenic Differentiation on a Microtopographically Patterned Surface.,2022,"Advanced science (Weinheim, Baden-Wurttemberg, Germany)",15,"""non-muscle myosin II""",target x growth x geometry,False,0.025
PMC11276275,39057453,10.3390/gels10070430,Hydrogel-Based 3D Bioprinting Technology for Articular Cartilage Regenerative Engineering.,2024,"Gels (Basel, Switzerland)",15,"""Y27632""",compound x growth plate,False,0.025
PMC6423592,30816472,10.3892/mmr.2019.9978,Fasudil may induce the differentiation of bone marrow mesenchymal stem cells into neuron‑like cells via the Wnt/β‑catenin pathway.,2019,Molecular medicine reports,15,"""fasudil""",compound x growth plate,False,0.025
PMC11193767,38909013,10.1038/s41420-024-02032-0,Interactomic exploration of LRRC8A in volume-regulated anion channels.,2024,Cell death discovery,15,"""CDC42""; ""RAC1""; ""cadherin""; ""cholesterol""; ""cofilin""; ""microtubule""; ""planar cell polarity""",target x growth x geometry,False,0.025
PMC9440116,35945449,10.1038/s12276-022-00820-1,Phospholipase D2 controls bone homeostasis by modulating M-CSF-dependent osteoclastic cell migration and microtubule stability.,2022,Experimental & molecular medicine,15,"""nocodazole""",compound x growth plate,False,0.025
PMC11772753,39870641,10.1038/s41413-025-00403-6,Signaling pathway mechanisms of circadian clock gene Bmal1 regulating bone and cartilage metabolism: a review.,2025,Bone research,15,"""RAC1""; ""RHOA""; ""Y-27632""",compound x growth plate; target x growth x geometry,False,0.025
PMC10474207,37647735,10.1016/j.bjorl.2023.101303,Brazilian Society of Otology task force - Otosclerosis: evaluation and treatment.,2023,Brazilian journal of otorhinolaryngology,15,"""acetazolamide""",compound x growth plate,False,0.025
PMC9162487,35663392,10.3389/fcell.2022.847852,FRET Visualization of Cyclic Stretch-Activated ERK <i>via</i> Calcium Channels Mechanosensation While Not Integrin β1 in Airway Smooth Muscle Cells.,2022,Frontiers in cell and developmental biology,15,"""blebbistatin""; ""nocodazole""",compound x growth plate,False,0.025
PMC9832881,36627660,10.1186/s13018-022-03381-1,IRF8 and its related molecules as potential diagnostic biomarkers or therapeutic candidates and immune cell infiltration characteristics in steroid-induced osteonecrosis of the femoral head.,2023,Journal of orthopaedic surgery and research,15,"""lovastatin""",compound x growth plate,False,0.025
PMC10260966,37308513,10.1038/s41598-023-36540-3,"Forecasting of potential anti-inflammatory targets of some immunomodulatory plants and their constituents using in vitro, molecular docking and network pharmacology-based analysis.",2023,Scientific reports,15,"""nobiletin""",compound x growth plate,False,0.025
PMC11702464,39764559,10.1002/mco2.70039,Loading of CAR-T cells with magnetic nanoparticles for controlled targeting suppresses inflammatory cytokine release and switches tumor cell death mechanism.,2025,MedComm,15,"""EIPA""",compound x growth plate,False,0.025
PMC12445009,40911285,10.1021/acsnano.5c10123,ZnCe-LDO Nanozyme-Based Multifunctional Hydrogel Promotes Bone Regeneration by Inflammatory Macrophage Reprogramming and Piezo1 Activation.,2025,ACS nano,15,"""Yoda1""",compound x growth plate,False,0.025
PMC9303681,35076977,10.1111/tra.12831,"Segregation of the membrane cargoes, BACE1 and amyloid precursor protein (APP) throughout the Golgi apparatus.",2022,"Traffic (Copenhagen, Denmark)",15,"""nocodazole""",compound x growth plate,False,0.025
PMC10675984,37986555,10.12659/msm.942215,Circadian Rhythms in Cardiovascular Function: Implications for Cardiac Diseases and Therapeutic Opportunities.,2023,Medical science monitor : international medical journal of experimental and clinical research,15,"""Ror-alpha""",target x growth x geometry,False,0.025
PMC9028203,35458085,10.3390/nano12081377,Static and Dynamic Biomaterial Engineering for Cell Modulation.,2022,"Nanomaterials (Basel, Switzerland)",15,"""non-muscle myosin II""",target x growth x geometry,False,0.025
PMC11206333,38939139,10.1039/d3sc06549a,Protein-based layer-by-layer films for biomedical applications.,2024,Chemical science,15,"""furosemide""",compound x growth plate,False,0.025
PMC8126052,34068655,10.3390/jcm10092036,"SGLT2 Inhibitors, What the Emergency Physician Needs to Know: A Narrative Review.",2021,Journal of clinical medicine,15,"""acetazolamide""; ""amiloride""",compound x growth plate,False,0.025
PMC11273958,39056698,10.3390/biology13070505,The Involvement of microRNAs in Bone Remodeling Signaling Pathways and Their Role in the Development of Osteoporosis.,2024,Biology,15,"""ROCK1""; ""planar cell polarity""",target x growth x geometry,False,0.025
PMC9369176,35955863,10.3390/ijms23158725,Systematic Review: Drug Repositioning for Congenital Disorders of Glycosylation (CDG).,2022,International journal of molecular sciences,15,"""acetazolamide""",compound x growth plate,False,0.025
PMC9947737,36846511,10.12336/biomatertransl.2022.04.007,New perspective of skeletal stem cells.,2022,Biomaterials translational,15,"""focal adhesion""",target x growth x geometry,False,0.025
PMC10951882,38506078,10.1111/jcmm.18183,Research progress on the regulatory mechanism of integrin-mediated mechanical stress in cells involved in bone metabolism.,2024,Journal of cellular and molecular medicine,15,"""ROCK2""",target x growth x geometry,False,0.025
PMC10662000,37990723,10.1016/j.obpill.2022.100031,"Metabolic, behavioral health, and disordered eating comorbidities associated with obesity in pediatric patients: An Obesity Medical Association (OMA) Clinical Practice Statement 2022.",2022,Obesity pillars,15,"""acetazolamide""",compound x growth plate,False,0.025
PMC11024792,38638133,10.3389/fendo.2024.1360054,Apigenin and Rutaecarpine reduce the burden of cellular senescence in bone marrow stromal stem cells.,2024,Frontiers in endocrinology,15,"""PF-573228""",compound x growth plate,False,0.025
PMC6902038,31850069,10.3389/fgene.2019.01215,Expression Quantitative Trait Loci in Equine Skeletal Muscle Reveals Heritable Variation in Metabolism and the Training Responsive Transcriptome.,2019,Frontiers in genetics,15,"""LIMK1""",target x growth x geometry,False,0.025
PMC7397037,32708880,10.3390/genes11070815,"Cortical Granule Distribution and Expression Pattern of Genes Regulating Cellular Component Size, Morphogenesis, and Potential to Differentiation are Related to Oocyte Developmental Competence and Maturational Capacity In Vivo and In Vitro.",2020,Genes,15,"""latrunculin""",compound x growth plate,False,0.025
PMC11520103,39466361,10.1080/07853890.2024.2420863,Regulating lipid metabolism in osteoarthritis: a complex area with important future therapeutic potential.,2024,Annals of medicine,15,"""colchicine""; ""simvastatin""",compound x growth plate,False,0.025
PMC8844053,35165260,10.1038/s41413-021-00184-8,On the horizon: Hedgehog signaling to heal broken bones.,2022,Bone research,15,"""cofilin""; ""primary cilia""",target x growth x geometry,False,0.025
PMC9906907,36750912,10.1186/s13287-023-03245-3,Shining the light on mesenchymal stem cell-derived exosomes in breast cancer.,2023,Stem cell research & therapy,15,"""SLC9A1""",target x growth x geometry,False,0.025
PMC10816018,38256251,10.3390/ijms25021179,The Multifaceted Functions of TRPV4 and Calcium Oscillations in Tissue Repair.,2024,International journal of molecular sciences,15,"""GSK1016790A""; ""HC-067047""",compound x growth plate,False,0.025
PMC10137217,37185721,10.3390/cimb45040197,Rheumatoid Arthritis and Reactive Oxygen Species: A Review.,2023,Current issues in molecular biology,15,"""nobiletin""",compound x growth plate,False,0.025
PMC10903386,38504927,10.1063/5.0127122,Sonomechanobiology: Vibrational stimulation of cells and its therapeutic implications.,2023,Biophysics reviews,14,"""osmotic swelling""",target x growth x geometry,False,0.023333333333333334
PMC11779684,39886531,10.1016/j.jot.2024.11.004,Harnessing the potential of hyaluronic acid methacrylate (HAMA) hydrogel for clinical applications in orthopaedic diseases.,2025,Journal of orthopaedic translation,14,"""ROCK2""",target x growth x geometry,False,0.023333333333333334
PMC11854976,38211570,10.1159/000536228,Invited Mini Review Metabolic Bone Disease of Prematurity: Overview and Practice Recommendations.,2025,Hormone research in paediatrics,14,"""furosemide""",compound x growth plate,False,0.023333333333333334
PMC7761812,33287408,10.3390/metabo10120496,The Role of Vitamin D in Small Animal Bone Metabolism.,2020,Metabolites,14,"""furosemide""",compound x growth plate,False,0.023333333333333334
PMC9026158,35465334,10.3389/fcell.2022.745372,Roles of Chondroitin Sulfate Proteoglycans as Regulators of Skeletal Development.,2022,Frontiers in cell and developmental biology,14,"""osmotic swelling""",target x growth x geometry,False,0.023333333333333334
PMC10754079,37897313,10.1002/advs.202303946,Impaired Efferocytosis Enables Apoptotic Osteoblasts to Escape Osteoimmune Surveillance During Aging.,2023,"Advanced science (Weinheim, Baden-Wurttemberg, Germany)",14,"""MYH9""",target x growth x geometry,False,0.023333333333333334
PMC10100340,37046337,10.1186/s13075-023-03042-6,Re-thinking osteoarthritis pathogenesis: what can we learn (and what do we need to unlearn) from mouse models about the mechanisms involved in disease development.,2023,Arthritis research & therapy,14,"""planar cell polarity""",target x growth x geometry,False,0.023333333333333334
PMC9839966,36647385,10.1016/j.isci.2022.105875,Mechanobiology: A landscape for reinterpreting stem cell heterogeneity and regenerative potential in diseased tissues.,2023,iScience,14,"""cytochalasin D""; ""non-muscle myosin II""",compound x growth plate; target x growth x geometry,False,0.023333333333333334
PMC12277835,40541178,10.1016/j.stemcr.2025.102543,Elimination of tumorigenic pluripotent stem cells from their differentiated cell therapy products: An important step toward ensuring safe cell therapy.,2025,Stem cell reports,14,"""NHE1""; ""Y27632""",compound x growth plate; target x growth x geometry,False,0.023333333333333334
PMC7377892,32621591,10.18632/aging.103384,LOXL2 from human amniotic mesenchymal stem cells accelerates wound epithelialization by promoting differentiation and migration of keratinocytes.,2020,Aging,14,"""MYH9""",target x growth x geometry,False,0.023333333333333334
PMC8816529,33990852,10.1007/s00467-021-05082-z,Genetic causes of neonatal and infantile hypercalcaemia.,2022,"Pediatric nephrology (Berlin, Germany)",14,"""furosemide""",compound x growth plate,False,0.023333333333333334
PMC10045579,36979822,10.3390/biomedicines11030840,Novel Potential Markers of Myofibroblast Differentiation Revealed by Single-Cell RNA Sequencing Analysis of Mesenchymal Stromal Cells in Profibrotic and Adipogenic Conditions.,2023,Biomedicines,14,"""MYH9""",target x growth x geometry,False,0.023333333333333334
PMC11111957,38784712,10.3389/fncel.2024.1362494,Biomaterials targeting the microenvironment for spinal cord injury repair: progression and perspectives.,2024,Frontiers in cellular neuroscience,14,"""fasudil""",compound x growth plate,False,0.023333333333333334
PMC7341822,32714187,10.3389/fphar.2020.00952,Hypo-Osmotic Loading Induces Expression of IL-6 in Nucleus Pulposus Cells of the Intervertebral Disc Independent of TRPV4 and TRPM7.,2020,Frontiers in pharmacology,14,"""GSK1016790A""",compound x growth plate,False,0.023333333333333334
PMC6690536,31404098,10.1371/journal.pone.0220846,Inflammatory cytokines via up-regulation of aquaporins deteriorated the pathogenesis of early osteoarthritis.,2019,PloS one,14,"""acetazolamide""",compound x growth plate,False,0.023333333333333334
PMC8357256,34396019,10.1097/pr9.0000000000000951,Suppression of joint pain in transient receptor potential vanilloid 4 knockout rats with monoiodoacetate-induced osteoarthritis.,2021,Pain reports,14,"""GSK1016790A""",compound x growth plate,False,0.023333333333333334
PMC8124575,34066483,10.3390/ijms22094926,Potential Therapeutic Strategies and Substances for Facial Nerve Regeneration Based on Preclinical Studies.,2021,International journal of molecular sciences,14,"""bumetanide""",compound x growth plate,False,0.023333333333333334
PMC11283587,39070181,10.1002/mco2.663,The role of mesenchymal stem cells in cancer and prospects for their use in cancer therapeutics.,2024,MedComm,14,"""SLC9A1""",target x growth x geometry,False,0.023333333333333334
PMC10968245,38539867,10.3390/antiox13030334,Beyond Mortality: Exploring the Influence of Plant Phenolics on Modulating Ferroptosis-A Systematic Review.,2024,"Antioxidants (Basel, Switzerland)",14,"""nobiletin""",compound x growth plate,False,0.023333333333333334
PMC8579289,34790038,10.7150/ijms.64045,Self-emulsified annatto tocotrienol improves bone histomorphometric parameters in a rat model of oestrogen deficiency through suppression of skeletal sclerostin level and RANKL/OPG ratio.,2021,International journal of medical sciences,14,"""lovastatin""",compound x growth plate,False,0.023333333333333334
PMC10784177,38223705,10.1016/j.heliyon.2023.e23779,Surface-modified titanium and titanium-based alloys for improved osteogenesis: A critical review.,2024,Heliyon,14,"""lovastatin""",compound x growth plate,False,0.023333333333333334
PMC9221175,35740972,10.3390/biom12060847,CPLANE Complex and Ciliopathies.,2022,Biomolecules,14,"""centrosome""; ""microtubule""; ""planar cell polarity""; ""primary cilia""",target x growth x geometry,False,0.023333333333333334
PMC10673568,38004925,10.3390/mi14112068,Nanoparticles and Mesenchymal Stem Cell (MSC) Therapy for Cancer Treatment: Focus on Nanocarriers and a si-RNA CXCR4 Chemokine Blocker as Strategies for Tumor Eradication In Vitro and In Vivo.,2023,Micromachines,14,"""nocodazole""",compound x growth plate,False,0.023333333333333334
PMC5871333,29580382,10.7554/elife.35337,High levels of histones promote whole-genome-duplications and trigger a Swe1<sup>WEE1</sup>-dependent phosphorylation of Cdc28<sup>CDK1</sup>.,2018,eLife,14,"""nocodazole""",compound x growth plate,False,0.023333333333333334
PMC10573612,37834343,10.3390/ijms241914895,"Exploring the Cellular and Molecular Mechanism of Discoidin Domain Receptors (DDR1 and DDR2) in Bone Formation, Regeneration, and Its Associated Disease Conditions.",2023,International journal of molecular sciences,14,"""RHOA""",target x growth x geometry,False,0.023333333333333334
PMC10164009,36378463,10.1007/s11010-022-04602-1,The role of Nod-like receptor protein 3 inflammasome activated by ion channels in multiple diseases.,2023,Molecular and cellular biochemistry,14,"""NKCC1""",target x growth x geometry,False,0.023333333333333334
PMC10796814,38261845,10.1016/j.bioactmat.2023.12.016,"2-N, 6-O sulfated chitosan evokes periosteal stem cells for bone regeneration.",2024,Bioactive materials,14,"""Y-27632""",compound x growth plate,False,0.023333333333333334
PMC11755887,39849659,10.1186/s40364-025-00727-9,Deciphering mechanical cues in the microenvironment: from non-malignant settings to tumor progression.,2025,Biomarker research,14,"""MYH9""; ""NHE1""; ""ROCK2""; ""defactinib""",compound x growth plate; target x growth x geometry,False,0.023333333333333334
PMC2736996,19725988,10.1186/1897-4287-5-2-79,Gene expression profiling in familial adenomatous polyposis adenomas and desmoid disease.,2007,Hereditary cancer in clinical practice,14,"""SLC12A2""",target x growth x geometry,False,0.023333333333333334
PMC11304419,39118939,10.21037/atm-23-1824,Remodeling of the bone marrow microenvironment during acute myeloid leukemia progression.,2024,Annals of translational medicine,14,"""lovastatin""",compound x growth plate,False,0.023333333333333334
PMC11313477,39125952,10.3390/ijms25158381,Peroxiporins and Oxidative Stress: Promising Targets to Tackle Inflammation and Cancer.,2024,International journal of molecular sciences,14,"""aquaporin""",target x growth x geometry,False,0.023333333333333334
PMC6249887,30463599,10.1186/s13287-018-1068-x,Stem cell library screen identified ruxolitinib as regulator of osteoblastic differentiation of human skeletal stem cells.,2018,Stem cell research & therapy,14,"""fasudil""",compound x growth plate,False,0.023333333333333334
PMC11471399,38700015,10.1111/cpr.13652,The Hippo signalling pathway in bone homeostasis: Under the regulation of mechanics and aging.,2024,Cell proliferation,14,"""CDC42""; ""PIEZO2""; ""cadherin""; ""planar cell polarity""",target x growth x geometry,False,0.023333333333333334
PMC11773492,39877080,10.1016/j.jtauto.2025.100269,Molecular mimicry in the pathogenesis of autoimmune rheumatic diseases.,2025,Journal of translational autoimmunity,13,"""aquaporin""",target x growth x geometry,False,0.021666666666666667
PMC11633500,39308181,10.1002/advs.202406876,Extracellular Vesicles Derived from Ligament Tissue Transport Interleukin-17A to Mediate Ligament-To-Bone Crosstalk in Ankylosing Spondylitis.,2024,"Advanced science (Weinheim, Baden-Wurttemberg, Germany)",13,"""latrunculin""",compound x growth plate,False,0.021666666666666667
PMC8880099,35207035,10.3390/membranes12020113,Acid-Sensing Ion Channel 2: Function and Modulation.,2022,Membranes,13,"""amiloride""",compound x growth plate,False,0.021666666666666667
PMC12135327,40468358,10.1186/s12964-025-02268-y,"Functionalized exosomes for targeted therapy in cancer and regenerative medicine: genetic, chemical, and physical modifications.",2025,Cell communication and signaling : CCS,13,"""EIPA""; ""amiloride""",compound x growth plate,False,0.021666666666666667
PMC9170189,35616162,10.3892/ijmm.2022.5150,Pathology and physiology of acid‑sensitive ion channels in the digestive system (Review).,2022,International journal of molecular medicine,13,"""amiloride""",compound x growth plate,False,0.021666666666666667
PMC9266888,35806407,10.3390/ijms23137401,Engineering a 3D In Vitro Model of Human Gingival Tissue Equivalent with Genipin/Cytochalasin D.,2022,International journal of molecular sciences,13,"""cytochalasin D""",compound x growth plate,False,0.021666666666666667
PMC6768280,30860936,10.1080/21623945.2019.1590929,KD025 (SLx-2119) suppresses adipogenesis at intermediate stage in human adipose-derived stem cells.,2019,Adipocyte,13,"""fasudil""; ""ripasudil""",compound x growth plate,False,0.021666666666666667
PMC5674217,29134113,10.4155/fsoa-2017-0010,Research advances in kinase enzymes and inhibitors for cardiovascular disease treatment.,2017,Future science OA,13,"""H-1152""; ""fasudil""; ""ripasudil""",compound x growth plate,False,0.021666666666666667
PMC10708253,38067658,10.3390/molecules28237929,Effects of Natural Products on Enzymes Involved in Ferroptosis: Regulation and Implications.,2023,"Molecules (Basel, Switzerland)",13,"""nobiletin""",compound x growth plate,False,0.021666666666666667
PMC9817311,36609359,10.1186/s40001-022-00982-8,Early urate-lowering therapy in gouty arthritis with acute flares: a double-blind placebo controlled clinical trial.,2023,European journal of medical research,13,"""colchicine""",compound x growth plate,False,0.021666666666666667
PMC9910594,36584300,10.1073/pnas.2208623119,"Hypomorphic and dominant-negative impact of truncated SOX9 dysregulates Hedgehog-Wnt signaling, causing campomelia.",2023,Proceedings of the National Academy of Sciences of the United States of America,13,"""planar cell polarity""",target x growth x geometry,False,0.021666666666666667
PMC7609673,33063247,10.1007/s13311-020-00937-z,Novel Analgesics with Peripheral Targets.,2020,Neurotherapeutics : the journal of the American Society for Experimental NeuroTherapeutics,13,"""NKCC1""; ""bumetanide""",compound x growth plate; target x growth x geometry,False,0.021666666666666667
PMC11743603,39828732,10.1038/s41413-024-00372-2,Fibrocyte enrichment and myofibroblastic adaptation causes nucleus pulposus fibrosis and associates with disc degeneration severity.,2025,Bone research,13,"""MYH9""",target x growth x geometry,False,0.021666666666666667
PMC11212243,38943082,10.1186/s12864-024-10552-3,The genomic landscape of Ménière's disease: a path to endolymphatic hydrops.,2024,BMC genomics,13,"""MYH9""",target x growth x geometry,False,0.021666666666666667
PMC9708896,36467684,10.3389/fphys.2022.1031519,Circadian clock-A promising scientific target in oral science.,2022,Frontiers in physiology,13,"""GSK4112""",compound x growth plate,False,0.021666666666666667
PMC9407355,36005097,10.3390/gels8080496,"Biomimetic Hydrogels in the Study of Cancer Mechanobiology: Overview, Biomedical Applications, and Future Perspectives.",2022,"Gels (Basel, Switzerland)",13,"""non-muscle myosin II""",target x growth x geometry,False,0.021666666666666667
PMC5333778,28104793,10.1042/bsr20160410,"Rab23's genetic structure, function and related diseases: a review.",2017,Bioscience reports,13,"""NSC23766""",compound x growth plate,False,0.021666666666666667
PMC10767058,38036731,10.1038/s12276-023-01122-w,Disruption of cholesterol homeostasis triggers periodontal inflammation and alveolar bone loss.,2023,Experimental & molecular medicine,13,"""SR3335""; ""lovastatin""",compound x growth plate,False,0.021666666666666667
PMC9116913,35656105,10.14336/ad.2021.1122,The Homeostasis of Cartilage Matrix Remodeling and the Regulation of Volume-Sensitive Ion Channel.,2022,Aging and disease,13,"""PIEZO2""; ""TRPV4""; ""aquaporin""",target x growth x geometry,False,0.021666666666666667
PMC6137060,30213970,10.1038/s41598-018-31830-7,Hypophosphatemia Regulates Molecular Mechanisms of Circadian Rhythm.,2018,Scientific reports,13,"""centrosome""",target x growth x geometry,False,0.021666666666666667
PMC9105101,35563508,10.3390/ijms23095119,Urocortin-1 Is Chondroprotective in Response to Acute Cartilage Injury via Modulation of Piezo1.,2022,International journal of molecular sciences,13,"""GsMTx4""; ""HC-067047""",compound x growth plate,False,0.021666666666666667
PMC7664616,33199985,10.3892/etm.2020.9390,Comprehensive evaluation of differential long non-coding RNA and gene expression in patients with cartilaginous endplate degeneration of cervical vertebra.,2020,Experimental and therapeutic medicine,13,"""chondrocyte column""",target x growth x geometry,False,0.021666666666666667
PMC6268239,23247370,10.3390/molecules171214975,The role of slingshot-1L (SSH1L) in the differentiation of human bone marrow mesenchymal stem cells into cardiomyocyte-like cells.,2012,"Molecules (Basel, Switzerland)",13,"""LIMK1""",target x growth x geometry,False,0.021666666666666667
PMC7617947,39652778,10.1152/ajpcell.00794.2024,In vitro examination of Piezo1-TRPV4 dynamics: implications for placental endothelial function in normal and preeclamptic pregnancies.,2025,American journal of physiology. Cell physiology,13,"""GSK1016790A""; ""TRPV4""; ""Yoda1""",compound x growth plate; target x growth x geometry,False,0.021666666666666667
PMC11378151,39182190,10.1021/acsami.4c08047,Carbonate Apatite Honeycomb Scaffold-Based Drug Delivery System for Repairing Osteoporotic Bone Defects.,2024,ACS applied materials & interfaces,13,"""lovastatin""",compound x growth plate,False,0.021666666666666667
PMC9266941,35805978,10.3390/ijms23136983,Pathophysiology and Emerging Molecular Therapeutic Targets in Heterotopic Ossification.,2022,International journal of molecular sciences,13,"""cadherin""",target x growth x geometry,False,0.021666666666666667
PMC7159716,24085684,10.1002/art.38216,"Abstracts of the 2013 Annual Meeting of the American College of Rheumatology. October 25-30, 2013. San Diego, California, USA.",2013,Arthritis and rheumatism,13,"""GSK4112""; ""NSC23766""; ""SLC9A1""",compound x growth plate; target x growth x geometry,False,0.021666666666666667
PMC10987120,38273642,10.1002/advs.202307050,External Mechanical Stability Regulates Hematoma Vascularization in Bone Healing Rather than Endothelial YAP/TAZ Mechanotransduction.,2024,"Advanced science (Weinheim, Baden-Wurttemberg, Germany)",13,"""cadherin""",target x growth x geometry,False,0.021666666666666667
PMC3598248,23394545,10.1186/1471-213x-13-6,Thyroid hormone increases fibroblast growth factor receptor expression and disrupts cell mechanics in the developing organ of corti.,2013,BMC developmental biology,13,"""latrunculin""",compound x growth plate,False,0.021666666666666667
PMC9025850,35447707,10.3390/bioengineering9040148,Impact of Microenvironmental Changes during Degeneration on Intervertebral Disc Progenitor Cells: A Comparison with Mesenchymal Stem Cells.,2022,"Bioengineering (Basel, Switzerland)",13,"""cariporide""",compound x growth plate,False,0.021666666666666667
PMC9139657,35626666,10.3390/cells11101629,Cytochalasin B Modulates Nanomechanical Patterning and Fate in Human Adipose-Derived Stem Cells.,2022,Cells,13,"""cofilin""; ""nocodazole""",compound x growth plate; target x growth x geometry,False,0.021666666666666667
PMC8933754,35106976,10.1002/brb3.2464,Involvement of the BDNF-TrkB-KCC2 pathway in neuropathic pain after brachial plexus avulsion.,2022,Brain and behavior,13,"""NKCC1""",target x growth x geometry,False,0.021666666666666667
PMC8427499,34512258,10.3389/fnmol.2021.720220,Novel Therapies for Parkinsonian Syndromes-Recent Progress and Future Perspectives.,2021,Frontiers in molecular neuroscience,13,"""fasudil""",compound x growth plate,False,0.021666666666666667
PMC9411099,36008729,10.1007/s00018-022-04521-w,Sertoli cell survival and barrier function are regulated by miR-181c/d-Pafah1b1 axis during mammalian spermatogenesis.,2022,Cellular and molecular life sciences : CMLS,13,"""LIMK1""; ""cofilin""",target x growth x geometry,False,0.021666666666666667
PMC12198077,40562987,10.1007/s00784-025-06422-1,Mechanistic insights into periodontal ligament stem cell-derived exosomes in tissue regeneration.,2025,Clinical oral investigations,13,"""simvastatin""",compound x growth plate,False,0.021666666666666667
PMC10452872,37627290,10.3390/biom13081225,Mechanisms of Modulation of Mitochondrial Architecture.,2023,Biomolecules,13,"""nocodazole""",compound x growth plate,False,0.021666666666666667
PMC7504376,32854405,10.3390/ijms21176124,Versatility of Induced Pluripotent Stem Cells (iPSCs) for Improving the Knowledge on Musculoskeletal Diseases.,2020,International journal of molecular sciences,13,"""nocodazole""",compound x growth plate,False,0.021666666666666667
PMC8541018,34681188,10.3390/ph14100964,Computational Approach Reveals Pronociceptive Potential of Cannabidiol in Osteoarthritis: Role of Transient Receptor Potential Channels.,2021,"Pharmaceuticals (Basel, Switzerland)",13,"""HC-067047""",compound x growth plate,False,0.021666666666666667
PMC11331086,39106310,10.1073/pnas.2405454121,A bioactive supramolecular and covalent polymer scaffold for cartilage repair in a sheep model.,2024,Proceedings of the National Academy of Sciences of the United States of America,13,"""osmotic swelling""",target x growth x geometry,False,0.021666666666666667
PMC11068458,38708382,10.1155/2024/2043550,Mesenchymal Stem Cells and Extracellular Vesicles: Therapeutic Potential in Organ Transplantation.,2024,Stem cells international,13,"""aquaporin""",target x growth x geometry,False,0.021666666666666667
PMC11194671,38915337,10.3389/fbioe.2024.1384599,Unveiling interactions between intervertebral disc morphologies and mechanical behavior through personalized finite element modeling.,2024,Frontiers in bioengineering and biotechnology,13,"""osmotic swelling""",target x growth x geometry,False,0.021666666666666667
PMC9768844,36570342,10.1002/hsr2.996,Importance of lactate dehydrogenase (LDH) and monocarboxylate transporters (MCTs) in cancer cells.,2023,Health science reports,13,"""bumetanide""",compound x growth plate,False,0.021666666666666667
PMC9219756,35740065,10.3390/antiox11061169,Oxidative Stress in Calcific Aortic Valve Stenosis: Protective Role of Natural Antioxidants.,2022,"Antioxidants (Basel, Switzerland)",13,"""nobiletin""",compound x growth plate,False,0.021666666666666667
PMC10859464,38348222,10.3389/fphys.2024.1339128,The role of mitophagy in metabolic diseases and its exercise intervention.,2024,Frontiers in physiology,12,"""ROCK2""",target x growth x geometry,False,0.02
PMC8967996,35371008,10.3389/fimmu.2022.838891,Global Proteomic Analyses Reveals Abnormal Immune Regulation in Patients With New Onset Ankylosing Spondylitis.,2022,Frontiers in immunology,12,"""ROCK2""",target x growth x geometry,False,0.02
PMC3858364,24340075,10.1371/journal.pone.0083024,Label retention identifies a multipotent mesenchymal stem cell-like population in the postnatal thymus.,2013,PloS one,12,"""integrin beta1""",target x growth x geometry,False,0.02
PMC7827374,33430025,10.3390/ijms22020569,Cartilage Targets of Knee Osteoarthritis Shared by Both Genders.,2021,International journal of molecular sciences,12,"""planar cell polarity""",target x growth x geometry,False,0.02
PMC11845195,39819765,10.1097/cm9.0000000000003244,Heterotopic ossification: Current developments and emerging potential therapies.,2025,Chinese medical journal,12,"""focal adhesion""; ""planar cell polarity""",target x growth x geometry,False,0.02
PMC9739507,36499735,10.3390/ijms232315408,Induction of Corneal Endothelial-like Cells from Mesenchymal Stem Cells of the Umbilical Cord.,2022,International journal of molecular sciences,12,"""H-1152""; ""Y-27632""",compound x growth plate,False,0.02
PMC11021029,37972149,10.1093/genetics/iyad189,Genetic models of fibrillinopathies.,2024,Genetics,12,"""SLC12A2""",target x growth x geometry,False,0.02
PMC10041386,36994464,10.1002/jsp2.1242,"Constitutive and conditional gene knockout mice for the study of intervertebral disc degeneration: Current status, decision considerations, and future possibilities.",2023,JOR spine,12,"""osmotic swelling""",target x growth x geometry,False,0.02
PMC6019962,29955625,10.1016/j.bonr.2018.01.005,The roles of vitamin D and dietary calcium in nutritional rickets.,2018,Bone reports,12,"""jasplakinolide""",compound x growth plate,False,0.02
PMC10372914,37521858,10.1016/j.apsb.2023.05.007,A novel mesenchymal stem cell-based regimen for acute myeloid leukemia differentiation therapy.,2023,Acta pharmaceutica Sinica. B,12,"""Y27632""",compound x growth plate,False,0.02
PMC9777187,36552711,10.3390/cells11243945,Effects of Simvastatin on Cartilage Homeostasis in Steroid-Induced Osteonecrosis of Femoral Head by Inhibiting Glucocorticoid Receptor.,2022,Cells,12,"""simvastatin""",compound x growth plate,False,0.02
PMC11696679,39746922,10.1038/s41413-024-00391-z,Discoidin domain receptor 2 is an important modulator of BMP signaling during heterotopic bone formation.,2025,Bone research,12,"""RAC1""",target x growth x geometry,False,0.02
PMC8780552,35057057,10.3390/pharmaceutics14010162,Efficient Treatment of Rheumatoid Arthritis by Degradable LPCE Nano-Conjugate-Delivered p65 siRNA.,2022,Pharmaceutics,12,"""amiloride""",compound x growth plate,False,0.02
PMC5789155,29298881,10.1042/bsr20171252,Multiple intracellular signaling pathways orchestrate adipocytic differentiation of human bone marrow stromal stem cells.,2018,Bioscience reports,12,"""PF-573228""",compound x growth plate,False,0.02
PMC11048698,38672135,10.3390/biomedicines12040779,Cellular and Molecular Mechanisms of Heterotopic Ossification in Fibrodysplasia Ossificans Progressiva.,2024,Biomedicines,12,"""RHOA""; ""cadherin""",target x growth x geometry,False,0.02
PMC11429838,39334958,10.3390/biom14091192,Significance of Necroptosis in Cartilage Degeneration.,2024,Biomolecules,12,"""amiloride""",compound x growth plate,False,0.02
PMC10276814,37330524,10.1038/s41467-023-39392-7,The NAD salvage pathway in mesenchymal cells is indispensable for skeletal development in mice.,2023,Nature communications,12,"""cholesterol""",compound x growth plate; target x growth x geometry,False,0.02
PMC11099347,38697125,10.1016/j.xgen.2024.100550,NRDE2 deficiency impairs homologous recombination repair and sensitizes hepatocellular carcinoma to PARP inhibitors.,2024,Cell genomics,12,"""MYH9""",target x growth x geometry,False,0.02
PMC11714165,39501934,10.1002/advs.202412014,Bone-Targeted Fluoropeptide Nanoparticle Inhibits NF-κB Signaling to Treat Osteosarcoma and Tumor-Induced Bone Destruction.,2025,"Advanced science (Weinheim, Baden-Wurttemberg, Germany)",12,"""EIPA""",compound x growth plate,False,0.02
PMC9664719,36380336,10.1186/s12891-022-05958-7,Identifying the key genes regulating mesenchymal stem cells chondrogenic differentiation: an in vitro study.,2022,BMC musculoskeletal disorders,12,"""SR1078""; ""SR3335""",compound x growth plate,False,0.02
PMC9938637,36811113,10.1093/lifemedi/lnac038,Skeletal stem cells: a game changer of skeletal biology and regenerative medicine?,2022,Life medicine,12,"""cadherin""",target x growth x geometry,False,0.02
PMC9068664,35334035,10.1007/s11010-022-04411-6,Empagliflozin inhibits angiotensin II-induced hypertrophy in H9c2 cardiomyoblasts through inhibition of NHE1 expression.,2022,Molecular and cellular biochemistry,12,"""NHE1""; ""SLC9A1""",target x growth x geometry,False,0.02
PMC11665827,39717475,10.34133/bmr.0122,The Biological Effects of Magnesium-Based Implants on the Skeleton and Their Clinical Implications in Orthopedic Trauma Surgery.,2024,Biomaterials research,12,"""Y15 FAK""",compound x growth plate,False,0.02
PMC10243798,36927955,10.1172/jci.insight.167074,Loss-of-function variant in SPIN4 causes an X-linked overgrowth syndrome.,2023,JCI insight,12,"""microtubule""",target x growth x geometry,False,0.02
PMC7956601,33668133,10.3390/ma14051053,Gelatin reduced Graphene Oxide Nanosheets as Kartogenin Nanocarrier Induces Rat ADSCs Chondrogenic Differentiation Combining with Autophagy Modification.,2021,"Materials (Basel, Switzerland)",12,"""amiloride""",compound x growth plate,False,0.02
PMC8962727,35356008,10.1210/jendso/bvac021,Safety and Efficacy of Burosumab in Pediatric Patients With X-Linked Hypophosphatemia: A Phase 3/4 Open-Label Trial.,2022,Journal of the Endocrine Society,12,"""acetazolamide""",compound x growth plate,False,0.02
PMC11304319,38810140,10.1002/advs.202308556,Kidney Organoid Modeling of WT1 Mutations Reveals Key Regulatory Paths Underlying Podocyte Development.,2024,"Advanced science (Weinheim, Baden-Wurttemberg, Germany)",12,"""MYH9""",target x growth x geometry,False,0.02
PMC6484313,30761733,10.1111/jcmm.14220,miR-181c-5p mediates simulated microgravity-induced impaired osteoblast proliferation by promoting cell cycle arrested in the G<sub>2</sub> phase.,2019,Journal of cellular and molecular medicine,12,"""nocodazole""",compound x growth plate,False,0.02
PMC10865918,38353470,10.1111/jcmm.18123,Targeting type H vessels in bone-related diseases.,2024,Journal of cellular and molecular medicine,12,"""defactinib""",compound x growth plate,False,0.02
PMC7103239,19898904,10.1007/s11307-009-0242-z,High-affinity alphavbeta3 integrin targeted optical probe as a new imaging biomarker for early atherosclerosis: initial studies in Watanabe rabbits.,2010,Molecular imaging and biology,12,"""fasudil""; ""hydroxyfasudil""",compound x growth plate,False,0.02
PMC11730424,39506433,10.1002/adhm.202402737,Therapeutic Controlled Release Strategies for Human Osteoarthritis.,2025,Advanced healthcare materials,12,"""GSK1016790A""; ""NSC23766""",compound x growth plate,False,0.02
PMC8564364,34746145,10.3389/fcell.2021.748804,Microtubule Stabilization Enhances the Chondrogenesis of Synovial Mesenchymal Stem Cells.,2021,Frontiers in cell and developmental biology,12,"""ROCK2""; ""nocodazole""",compound x growth plate; target x growth x geometry,False,0.02
PMC11735831,39830117,10.1007/s12551-024-01244-z,Mechanobiology of 3D cell confinement and extracellular crowding.,2024,Biophysical reviews,12,"""RHOA""; ""TRPV4""; ""focal adhesion""",target x growth x geometry,False,0.02
PMC11830322,39958756,10.1016/j.jbo.2025.100660,Lipid metabolic reprogramming and associated ferroptosis in osteosarcoma: From molecular mechanisms to potential targets.,2025,Journal of bone oncology,12,"""simvastatin""",compound x growth plate,False,0.02
PMC11566627,39548506,10.1186/s13287-024-04058-8,AGEs impair osteogenesis in orthodontic force-induced periodontal ligament stem cells through the KDM6B/Wnt self-reinforcing loop.,2024,Stem cell research & therapy,11,"""cytochalasin D""",compound x growth plate,False,0.018333333333333333
PMC5357481,28367360,10.1007/s40136-017-0144-6,Tissue-Engineered Larynx: Future Applications in Laryngeal Cancer.,2017,Current otorhinolaryngology reports,11,"""latrunculin""",compound x growth plate,False,0.018333333333333333
PMC9126307,35615665,10.3389/fphys.2022.892089,Piezo1 Affects Temporomandibular Joint Osteoarthritis by Influencing pSmad3.,2022,Frontiers in physiology,11,"""GsMTx4""",compound x growth plate,False,0.018333333333333333
PMC11513843,39469314,10.1016/j.mtbio.2024.101296,Programmable biomaterials for bone regeneration.,2024,Materials today. Bio,11,"""ROCK2""",target x growth x geometry,False,0.018333333333333333
PMC11884591,39792653,10.1002/advs.202411911,Sequential Targeting Chondroitin Sulfate-Bilirubin Nanomedicine Attenuates Osteoarthritis via Reprogramming Lipid Metabolism in M1 Macrophages.,2025,"Advanced science (Weinheim, Baden-Wurttemberg, Germany)",11,"""amiloride""",compound x growth plate,False,0.018333333333333333
PMC9114971,35582804,10.1098/rspb.2022.0621,Local mechanical stimuli correlate with tissue growth in axolotl salamander joint morphogenesis.,2022,Proceedings. Biological sciences,11,"""GSK1016790A""",compound x growth plate,False,0.018333333333333333
PMC11140548,38659380,10.1017/erm.2023.23,Roles of TRP and PIEZO receptors in autoimmune diseases.,2024,Expert reviews in molecular medicine,11,"""HC-067047""",compound x growth plate,False,0.018333333333333333
PMC11396215,39267140,10.1186/s13062-024-00528-4,Glucose deprivation-induced disulfidptosis in human nucleus pulposus cells: a novel pathological mechanism of intervertebral disc degeneration.,2024,Biology direct,11,"""MYH9""",target x growth x geometry,False,0.018333333333333333
PMC6383703,30828689,10.1002/jbm4.10074,"First-in-Asian Phase I Study of the Anti-Fibroblast Growth Factor 23 Monoclonal Antibody, Burosumab: Safety and Pharmacodynamics in Adults With X-linked Hypophosphatemia.",2019,JBMR plus,11,"""acetazolamide""",compound x growth plate,False,0.018333333333333333
PMC7169251,19392783,10.1111/j.1423-0410.2009.01187.x,New developments in the antiviral treatment of hepatitis C.,2009,Vox sanguinis,11,"""NSC23766""",compound x growth plate,False,0.018333333333333333
PMC11044818,38661437,10.1111/jcmm.18327,Cartilage stem/progenitor cells-derived exosomes facilitate knee cartilage repair in a subacute osteoarthritis rat model.,2024,Journal of cellular and molecular medicine,11,"""ROCK2""",target x growth x geometry,False,0.018333333333333333
PMC8322664,34335473,10.3389/fendo.2021.698963,"Mineral and Bone Consequences of High Dose Denosumab Therapy to Treat an Aneurysmal Bone Cyst, a Child Case Report.",2021,Frontiers in endocrinology,11,"""furosemide""",compound x growth plate,False,0.018333333333333333
PMC8457726,34567167,10.22037/ijpr.2021.114897.15089,Environmental Exposure to Heavy Metals Contributes to Diseases Via Deregulated Wnt Signaling Pathways.,2021,Iranian journal of pharmaceutical research : IJPR,11,"""ROCK1""",target x growth x geometry,False,0.018333333333333333
PMC9322318,35416346,10.1096/fj.202200169r,SIRT1 activity orchestrates ECM expression during hESC-chondrogenic differentiation.,2022,FASEB journal : official publication of the Federation of American Societies for Experimental Biology,11,"""Y27632""",compound x growth plate,False,0.018333333333333333
PMC7468876,32784915,10.3390/nu12082386,Hydroxytyrosol as a Promising Ally in the Treatment of Fibromyalgia.,2020,Nutrients,11,"""MYH9""",target x growth x geometry,False,0.018333333333333333
PMC10041755,36967395,10.1186/s40001-023-01064-z,The characteristics of extrachromosomal circular DNA in patients with end-stage renal disease.,2023,European journal of medical research,11,"""MYH9""",target x growth x geometry,False,0.018333333333333333
PMC11655565,39695119,10.1038/s41420-024-02254-2,Phytochemical-mediated efferocytosis and autophagy in inflammation control.,2024,Cell death discovery,11,"""amiloride""",compound x growth plate,False,0.018333333333333333
PMC7762572,33302347,10.3390/diagnostics10121063,Identification and Characterization of Serum microRNAs as Biomarkers for Human Disc Degeneration: An RNA Sequencing Analysis.,2020,"Diagnostics (Basel, Switzerland)",11,"""LIMK1""",target x growth x geometry,False,0.018333333333333333
PMC12010695,39936392,10.1042/bst20240419,PIEZO channels as multimodal mechanotransducers.,2025,Biochemical Society transactions,11,"""PIEZO1""; ""PIEZO2""; ""cadherin""; ""centrosome""; ""osmotic swelling""",target x growth x geometry,False,0.018333333333333333
PMC12093763,40399970,10.1186/s12967-025-06472-9,Therapeutic implications of mitochondrial transfer on stem cell fate in regenerative medicine.,2025,Journal of translational medicine,11,"""amiloride""",compound x growth plate,False,0.018333333333333333
PMC6959248,31937805,10.1038/s41598-019-57073-8,Hyaluronan suppresses enhanced cathepsin K expression via activation of NF-κB with mechanical stress loading in a human chondrocytic HCS-2/8 cells.,2020,Scientific reports,11,"""GSK1016790A""",compound x growth plate,False,0.018333333333333333
PMC10477349,37666823,10.1038/s41420-023-01624-6,Acid-sensing ion channel 1a modulation of apoptosis in acidosis-related diseases: implications for therapeutic intervention.,2023,Cell death discovery,11,"""amiloride""",compound x growth plate,False,0.018333333333333333
PMC9813376,36599901,10.1038/s42003-022-04392-8,Profilin 1 deficiency drives mitotic defects and reduces genome stability.,2023,Communications biology,11,"""nocodazole""",compound x growth plate,False,0.018333333333333333
PMC11067683,38695366,10.1177/09636897241244943,Role of Hedgehog Signaling Pathways in Multipotent Mesenchymal Stem Cells Differentiation.,2024,Cell transplantation,11,"""simvastatin""",compound x growth plate,False,0.018333333333333333
PMC10562917,37822517,10.1016/j.ibneur.2023.09.003,Administration of the GLP-1 receptor agonist exenatide in rats improves functional recovery after spinal cord injury by reducing endoplasmic reticulum stress.,2023,IBRO neuroscience reports,11,"""amiloride""",compound x growth plate,False,0.018333333333333333
PMC3322527,22514539,10.3389/fphys.2012.00085,Implications of TGFβ on Transcriptome and Cellular Biofunctions of Palatal Mesenchyme.,2012,Frontiers in physiology,11,"""LIMK1""",target x growth x geometry,False,0.018333333333333333
PMC12181847,40542446,10.1186/s40364-025-00801-2,Adipose-derived stem cell exosomes: mechanisms and therapeutic potentials in wound healing.,2025,Biomarker research,11,"""ROCK1""",target x growth x geometry,False,0.018333333333333333
PMC4173641,25258553,10.2147/tacg.s35474,Beckwith-Wiedemann and IMAGe syndromes: two very different diseases caused by mutations on the same gene.,2014,The application of clinical genetics,11,"""LIMK1""",target x growth x geometry,False,0.018333333333333333
PMC9861486,36674771,10.3390/ijms24021258,Metal Complexes as Promising Matrix Metalloproteinases Regulators.,2023,International journal of molecular sciences,11,"""NHE1""",target x growth x geometry,False,0.018333333333333333
PMC11935128,40212079,10.1002/smsc.202400061,A Novel Piezo1 Agonist Promoting Mesenchymal Stem Cell Proliferation and Osteogenesis to Attenuate Disuse Osteoporosis.,2024,Small science,11,"""PIEZO2""; ""Yoda1""",compound x growth plate; target x growth x geometry,False,0.018333333333333333
PMC10143138,37110236,10.3390/metabo13040578,Influence of Cholesterol on the Regulation of Osteoblast Function.,2023,Metabolites,11,"""lovastatin""",compound x growth plate,False,0.018333333333333333
PMC5585680,28904551,10.1155/2017/1791403,Suppressive Effect of the n-Hexane Extract of <i>Litsea japonica</i> Fruit Flesh on Monosodium-Iodoacetate-Induced Osteoarthritis in Rats.,2017,Evidence-based complementary and alternative medicine : eCAM,11,"""NHE1""",target x growth x geometry,False,0.018333333333333333
PMC8349293,34373771,10.1155/2021/9599608,Implications on the Therapeutic Potential of Statins <i>via</i> Modulation of Autophagy.,2021,Oxidative medicine and cellular longevity,11,"""lovastatin""",compound x growth plate,False,0.018333333333333333
PMC10390626,37523003,10.1007/s00018-023-04864-y,Vesicle-mediated transport of ALIX and ESCRT-III to the intercellular bridge during cytokinesis.,2023,Cellular and molecular life sciences : CMLS,11,"""nocodazole""",compound x growth plate,False,0.018333333333333333
PMC10772730,38043795,10.1016/j.jbc.2023.105524,Independent regulation of Piezo1 activity by principal and intercalated cells of the collecting duct.,2024,The Journal of biological chemistry,11,"""HC-067047""; ""furosemide""",compound x growth plate,False,0.018333333333333333
PMC3091467,21589733,10.3822/ijtmb.v2i3.61,Fascia Research II: Second International Fascia Research Congress.,2009,International journal of therapeutic massage & bodywork,11,"""non-muscle myosin II""",target x growth x geometry,False,0.018333333333333333
PMC11076776,38721528,10.3389/fcell.2024.1386149,Golgi defect as a major contributor to lysosomal dysfunction.,2024,Frontiers in cell and developmental biology,11,"""nocodazole""",compound x growth plate,False,0.018333333333333333
PMC10068946,36775884,10.1111/cpr.13417,Cartilage 3D bioprinting for rhinoplasty using adipose-derived stem cells as seed cells: Review and recent advances.,2023,Cell proliferation,11,"""NSC23766""",compound x growth plate,False,0.018333333333333333
PMC10545883,37795174,10.3389/fbioe.2023.1256825,Fluid flow shear stress and tissue remodeling-an orthodontic perspective: evidence synthesis and differential gene expression network analysis.,2023,Frontiers in bioengineering and biotechnology,11,"""LIMK2""",target x growth x geometry,False,0.018333333333333333
PMC11623955,39641269,10.1172/jci.insight.179963,The pivotal role of the Hes1/Piezo1 pathway in the pathophysiology of glucocorticoid-induced osteoporosis.,2024,JCI insight,11,"""Yoda1""",compound x growth plate,False,0.018333333333333333
PMC8699892,34944050,10.3390/cells10123542,LIM Kinases in Osteosarcoma Development.,2021,Cells,11,"""LIMK1""; ""LIMK2""; ""cofilin""",target x growth x geometry,False,0.018333333333333333
PMC7080987,32226378,10.3389/fphar.2020.00145,Medicinal Plants and Phytochemicals for the Treatment of Pulmonary Hypertension.,2020,Frontiers in pharmacology,11,"""nobiletin""",compound x growth plate,False,0.018333333333333333
PMC11128916,38803964,10.1016/j.heliyon.2024.e31162,Insights into the mechanical microenvironment within the cartilaginous endplate: An emerging role in maintaining disc homeostasis and normal function.,2024,Heliyon,11,"""NSC23766""; ""PIEZO2""",compound x growth plate; target x growth x geometry,False,0.018333333333333333
PMC9511792,36172012,10.3389/fbioe.2022.969843,Dual drug delivery platforms for bone tissue engineering.,2022,Frontiers in bioengineering and biotechnology,11,"""lovastatin""",compound x growth plate,False,0.018333333333333333
PMC6735303,31480869,10.1080/14756366.2019.1659791,An overview of carbonic anhydrases and membrane channels of synoviocytes in inflamed joints.,2019,Journal of enzyme inhibition and medicinal chemistry,11,"""acetazolamide""",compound x growth plate,False,0.018333333333333333
PMC10097661,37045841,10.1038/s41467-023-37791-4,WHIM Syndrome-linked CXCR4 mutations drive osteoporosis.,2023,Nature communications,11,"""latrunculin""",compound x growth plate,False,0.018333333333333333
PMC11341939,39183771,10.1016/j.mtbio.2024.101163,"Multifunctional human serum albumin-crosslinked and self-assembling nanoparticles for therapy of periodontitis by anti-oxidation, anti-inflammation and osteogenesis.",2024,Materials today. Bio,11,"""cytochalasin D""",compound x growth plate,False,0.018333333333333333
PMC11646438,39679432,10.2147/jpr.s490459,The Role of Mechanosensitive Piezo Channels in Chronic Pain.,2024,Journal of pain research,11,"""GsMTx4""; ""PIEZO2""; ""Yoda1""",compound x growth plate; target x growth x geometry,False,0.018333333333333333
PMC8588618,34772451,10.1186/s13287-021-02470-y,Efficient hepatic differentiation and regeneration potential under xeno-free conditions using mass-producible amnion-derived mesenchymal stem cells.,2021,Stem cell research & therapy,11,"""fasudil""",compound x growth plate,False,0.018333333333333333
PMC11288921,39086395,10.3389/fphar.2024.1426033,Pericytes: jack-of-all-trades in cancer-related inflammation.,2024,Frontiers in pharmacology,11,"""ROCK2""",target x growth x geometry,False,0.018333333333333333
PMC9618584,36325449,10.3389/fendo.2022.1040526,CTGF as a multifunctional molecule for cartilage and a potential drug for osteoarthritis.,2022,Frontiers in endocrinology,11,"""Y27632""",compound x growth plate,False,0.018333333333333333
PMC9860751,36676849,10.3390/membranes13010042,The Role of Inorganic Phosphate Transporters in Highly Proliferative Cells: From Protozoan Parasites to Cancer Cells.,2022,Membranes,11,"""furosemide""",compound x growth plate,False,0.018333333333333333
PMC12337498,40784879,10.1186/s40164-025-00695-8,In-depth insight into tumor-infiltrating stromal cells linked to tertiary lymphoid structures and their prospective function in cancer immunotherapy.,2025,Experimental hematology & oncology,11,"""ROCK2""",target x growth x geometry,False,0.018333333333333333
PMC10046955,36975520,10.3390/cimb45030150,"Effect of Atorvastatin on Angiogenesis-Related Genes VEGF-A, HGF and IGF-1 and the Modulation of PI3K/AKT/mTOR Transcripts in Bone-Marrow-Derived Mesenchymal Stem Cells.",2023,Current issues in molecular biology,11,"""lovastatin""",compound x growth plate,False,0.018333333333333333
PMC8864314,35222286,10.3389/fendo.2022.831369,Effect of Acetazolamide and Zoledronate on Simulated High Altitude-Induced Bone Loss.,2022,Frontiers in endocrinology,11,"""acetazolamide""",compound x growth plate,False,0.018333333333333333
PMC10454939,37628952,10.3390/ijms241612770,Osteoblast-Derived Matrix Vesicles Exhibit Exosomal Traits and a Unique Subset of microRNA: Their Caveolae-Dependent Endocytosis Results in Reduced Osteogenic Differentiation.,2023,International journal of molecular sciences,11,"""jasplakinolide""",compound x growth plate,False,0.018333333333333333
PMC6769584,31438519,10.3390/cells8090942,Closer to Nature Through Dynamic Culture Systems.,2019,Cells,11,"""integrin beta1""",target x growth x geometry,False,0.018333333333333333
PMC10266073,37324935,10.7150/ijbs.83024,Upregulated desmin/integrin β1/MAPK axis promotes elastic cartilage regeneration with increased ECM mechanical strength.,2023,International journal of biological sciences,10,"""integrin beta1""",target x growth x geometry,False,0.016666666666666666
PMC11083620,38731911,10.3390/ijms25094692,"Connective Tissue Growth Factor: Regulation, Diseases, and Drug Discovery.",2024,International journal of molecular sciences,10,"""netarsudil""",compound x growth plate,False,0.016666666666666666
PMC10427523,37118032,10.1007/s00198-023-06749-z,Reducing diagnostic delay in hypophosphatasia: a case series of 14 patients presenting to general rheumatology.,2023,Osteoporosis international : a journal established as result of cooperation between the European Foundation for Osteoporosis and the National Osteoporosis Foundation of the USA,10,"""colchicine""",compound x growth plate,False,0.016666666666666666
PMC9774646,36550950,10.3390/bioengineering9120744,Tissue Engineering Applied to Skeletal Muscle: Strategies and Perspectives.,2022,"Bioengineering (Basel, Switzerland)",10,"""actin cortex""",target x growth x geometry,False,0.016666666666666666
PMC9461702,36091464,10.3389/fbioe.2022.946992,A platform for automated and label-free monitoring of morphological features and kinetics of spheroid fusion.,2022,Frontiers in bioengineering and biotechnology,10,"""blebbistatin""",compound x growth plate,False,0.016666666666666666
PMC10120075,36916233,10.1242/dmm.049844,Mechanistic studies in Drosophila and chicken give new insights into functions of DVL1 in dominant Robinow syndrome.,2023,Disease models & mechanisms,10,"""planar cell polarity""",target x growth x geometry,False,0.016666666666666666
PMC11250479,39015772,10.3389/fgene.2024.1429844,Effect of DNA methylation on the osteogenic differentiation of mesenchymal stem cells: concise review.,2024,Frontiers in genetics,10,"""lovastatin""",compound x growth plate,False,0.016666666666666666
PMC10868574,31549136,10.1093/ajh/hpz151,Hypertension and Brachydactyly Syndrome Associated With Vertebral Artery Malformation Caused by a PDE3A Missense Mutation.,2020,American journal of hypertension,10,"""furosemide""",compound x growth plate,False,0.016666666666666666
PMC11431953,39337501,10.3390/ijms251810014,Omics Studies of Specialized Cells and Stem Cells under Microgravity Conditions.,2024,International journal of molecular sciences,10,"""cofilin""",target x growth x geometry,False,0.016666666666666666
PMC7404054,32650430,10.3390/ijms21144823,Distal-Less Homeobox 5 Is a Therapeutic Target for Attenuating Hypertrophy and Apoptosis of Mesenchymal Progenitor Cells.,2020,International journal of molecular sciences,10,"""osmotic swelling""",target x growth x geometry,False,0.016666666666666666
PMC9219923,35741380,10.3390/biology11060859,Natriuretic Peptide-Based Novel Therapeutics: Long Journeys of Drug Developments Optimized for Disease States.,2022,Biology,10,"""furosemide""",compound x growth plate,False,0.016666666666666666
PMC11961634,40169556,10.1038/s41419-025-07577-1,Mechanical sensing protein PIEZO1 controls osteoarthritis via glycolysis mediated mesenchymal stem cells-Th17 cells crosstalk.,2025,Cell death & disease,10,"""GsMTx4""",compound x growth plate,False,0.016666666666666666
PMC10863643,38231154,10.1039/d3bm01781h,Interpenetrating network hydrogels for studying the role of matrix viscoelasticity in 3D osteocyte morphogenesis.,2024,Biomaterials science,10,"""GSK1016790A""",compound x growth plate,False,0.016666666666666666
PMC9693355,36365145,10.3390/pharmaceutics14112327,Chondrogenic Differentiation of Human Mesenchymal Stem Cells via SOX9 Delivery in Cationic Niosomes.,2022,Pharmaceutics,10,"""amiloride""",compound x growth plate,False,0.016666666666666666
PMC11194333,38915778,10.3389/fphys.2024.1416967,The role of O-GlcNAcylation in bone metabolic diseases.,2024,Frontiers in physiology,10,"""ROCK2""",target x growth x geometry,False,0.016666666666666666
PMC11140907,38822427,10.1186/s13073-024-01347-y,Knockout mice with pituitary malformations help identify human cases of hypopituitarism.,2024,Genome medicine,10,"""centrosome""",target x growth x geometry,False,0.016666666666666666
PMC10111257,37082116,10.3389/fendo.2023.1119427,Glucocorticoid induced bone disorders in children: Research progress in treatment mechanisms.,2023,Frontiers in endocrinology,10,"""FAK""",target x growth x geometry,False,0.016666666666666666
PMC8998661,35408784,10.3390/ijms23073427,Autotaxin/Lysophosphatidic Acid Axis: From Bone Biology to Bone Disorders.,2022,International journal of molecular sciences,10,"""ROCK1""",target x growth x geometry,False,0.016666666666666666
PMC9964570,36839645,10.3390/pharmaceutics15020321,The Role of Microsphere Structures in Bottom-Up Bone Tissue Engineering.,2023,Pharmaceutics,10,"""lovastatin""; ""simvastatin""",compound x growth plate,False,0.016666666666666666
PMC8657861,34884494,10.3390/ijms222312677,Crosstalk between Sodium-Glucose Cotransporter Inhibitors and Sodium-Hydrogen Exchanger 1 and 3 in Cardiometabolic Diseases.,2021,International journal of molecular sciences,10,"""NHE1""; ""SLC9A1""; ""bumetanide""; ""cariporide""",compound x growth plate; target x growth x geometry,False,0.016666666666666666
PMC11567036,39374805,10.1016/j.jlr.2024.100664,PCPE2: Expression of multifunctional extracellular glycoprotein associated with diverse cellular functions.,2024,Journal of lipid research,10,"""NHE1""",target x growth x geometry,False,0.016666666666666666
PMC11647758,39676717,10.1096/fj.202400381r,FAPs orchestrate homeostasis of muscle physiology and pathophysiology.,2024,FASEB journal : official publication of the Federation of American Societies for Experimental Biology,10,"""ROCK2""; ""fasudil""",compound x growth plate; target x growth x geometry,False,0.016666666666666666
PMC7485501,33194345,10.7717/peerj.9746,Advances and complications of regenerative medicine in diabetes therapy.,2020,PeerJ,10,"""latrunculin""",compound x growth plate,False,0.016666666666666666
PMC8789790,35078974,10.1038/s41413-021-00177-7,Theobroma cacao improves bone growth by modulating defective ciliogenesis in a mouse model of achondroplasia.,2022,Bone research,10,"""primary cilia""",target x growth x geometry,False,0.016666666666666666
PMC10984830,38439564,10.1111/os.14026,Biomechanical Effects of Mechanical Stress on Cells Involved in Fracture Healing.,2024,Orthopaedic surgery,10,"""FAK""; ""PIEZO2""; ""primary cilia""",target x growth x geometry,False,0.016666666666666666
PMC11272257,39058826,10.1097/md.0000000000039102,"Etiology, pathology, and treatment of osteonecrosis of the femoral head in adolescents: A comprehensive review.",2024,Medicine,10,"""lovastatin""",compound x growth plate,False,0.016666666666666666
PMC6802640,31554784,10.1038/s12276-019-0314-3,Adaptor protein CrkII negatively regulates osteoblast differentiation and function through JNK phosphorylation.,2019,Experimental & molecular medicine,10,"""NSC23766""",compound x growth plate,False,0.016666666666666666
PMC7519898,32748171,10.1007/s00535-020-01710-x,Targeting the immune milieu in gastrointestinal cancers.,2020,Journal of gastroenterology,10,"""defactinib""",compound x growth plate,False,0.016666666666666666
PMC6123430,30181648,10.1038/s41598-018-31345-1,Continuous infusion of PTH<sub>1-34</sub> delayed fracture healing in mice.,2018,Scientific reports,10,"""jasplakinolide""",compound x growth plate,False,0.016666666666666666
PMC9096870,35573665,10.3389/fcell.2022.847157,Bioinformatic Analysis of the Perilymph Proteome to Generate a Human Protein Atlas.,2022,Frontiers in cell and developmental biology,10,"""MYH9""; ""acetazolamide""",compound x growth plate; target x growth x geometry,False,0.016666666666666666
PMC10573252,37834422,10.3390/ijms241914974,Articular Cartilage-From Basic Science Structural Imaging to Non-Invasive Clinical Quantitative Molecular Functional Information for AI Classification and Prediction.,2023,International journal of molecular sciences,10,"""osmotic swelling""",target x growth x geometry,False,0.016666666666666666
PMC10385170,37514001,10.3390/pharmaceutics15071814,Mesenchymal Stromal Cells-Derived Extracellular Vesicles as Potential Treatments for Osteoarthritis.,2023,Pharmaceutics,10,"""MYH9""",target x growth x geometry,False,0.016666666666666666
PMC10826518,38292459,10.2147/orr.s442025,Effect of Traditional Chinese Non-Pharmacological Therapies on Knee Osteoarthritis: A Narrative Review of Clinical Application and Mechanism.,2024,Orthopedic research and reviews,10,"""LIMK1""; ""cofilin""",target x growth x geometry,False,0.016666666666666666
PMC9589953,36278700,10.3390/biomimetics7040143,Effect of Diclofenac and Simvastatin on Bone Defect Healing-An In Vivo Animal Study.,2022,"Biomimetics (Basel, Switzerland)",10,"""simvastatin""",compound x growth plate,False,0.016666666666666666
PMC11960036,40165288,10.1186/s13287-025-04249-x,Cellular mechanical memory: a potential tool for mesenchymal stem cell-based therapy.,2025,Stem cell research & therapy,10,"""GsMTx4""; ""Y27632""; ""blebbistatin""",compound x growth plate,False,0.016666666666666666
PMC10755405,38161331,10.3389/fcell.2023.1276098,Single-cell RNA landscape of osteoimmune microenvironment in osteoporotic vertebral compression fracture and Kümmell's disease.,2023,Frontiers in cell and developmental biology,10,"""MYH9""",target x growth x geometry,False,0.016666666666666666
PMC5567257,28831165,10.1038/s41598-017-09495-5,Subcellular domain-dependent molecular hierarchy of SFK and FAK in mechanotransduction and cytokine signaling.,2017,Scientific reports,10,"""integrin beta1""",target x growth x geometry,False,0.016666666666666666
PMC10120404,37074415,10.1084/jem.20221010,Myeloid Src-family kinases are critical for neutrophil-mediated autoinflammation in gout and motheaten models.,2023,The Journal of experimental medicine,10,"""cytochalasin D""",compound x growth plate,False,0.016666666666666666
PMC10413151,37576868,10.1016/j.mtbio.2023.100735,Hydrogel platform facilitating astrocytic differentiation through cell mechanosensing and YAP-mediated transcription.,2023,Materials today. Bio,10,"""GsMTx4""; ""blebbistatin""; ""cytochalasin D""",compound x growth plate,False,0.016666666666666666
PMC10219319,37240338,10.3390/ijms24108993,Signal Pathways and microRNAs in Osteosarcoma Growth and the Dual Role of Mesenchymal Stem Cells in Oncogenesis.,2023,International journal of molecular sciences,10,"""ROCK1""; ""ROCK2""",target x growth x geometry,False,0.016666666666666666
PMC8209548,34150753,10.3389/fcell.2021.649862,Periostin/Filamin-A: A Candidate Central Regulatory Axis for Valve Fibrogenesis and Matrix Compaction.,2021,Frontiers in cell and developmental biology,10,"""latrunculin""",compound x growth plate,False,0.016666666666666666
PMC12302931,40727081,10.1016/j.mtbio.2025.102093,Organoid-based tissue engineering for advanced tissue repair and reconstruction.,2025,Materials today. Bio,10,"""aquaporin""",target x growth x geometry,False,0.016666666666666666
PMC9013301,35437455,10.1155/2022/1639560,Overexpression of Aquaporin-3 Alleviates Hyperosmolarity-Induced Nucleus Pulposus Cell Apoptosis via Regulating the ERK1/2 Pathway.,2022,Pain research & management,10,"""aquaporin""",target x growth x geometry,False,0.016666666666666666
PMC11607041,39320469,10.1007/s00223-024-01282-5,Zebrafish Models for Skeletal and Extraskeletal Osteogenesis Imperfecta Features: Unveiling Pathophysiology and Paving the Way for Drug Discovery.,2024,Calcified tissue international,10,"""simvastatin""",compound x growth plate,False,0.016666666666666666
PMC10813234,38254642,10.3390/biom14010042,Do Media Extracellular Vesicles and Extracellular Vesicles Bound to the Extracellular Matrix Represent Distinct Types of Vesicles?,2023,Biomolecules,10,"""cholesterol""; ""cytochalasin D""",compound x growth plate; target x growth x geometry,False,0.016666666666666666
PMC10278972,37178118,10.1016/j.celrep.2023.112509,Directed differentiation of human iPSCs into mesenchymal lineages by optogenetic control of TGF-β signaling.,2023,Cell reports,10,"""Y-27632""",compound x growth plate,False,0.016666666666666666
PMC11016914,38623327,10.1016/j.isci.2024.109585,Craniofacial chondrogenesis in organoids from human stem cell-derived neural crest cells.,2024,iScience,10,"""Y-27632""",compound x growth plate,False,0.016666666666666666
PMC11835267,39975568,10.1021/cbe.4c00129,Design and Fabrication of Viscoelastic Hydrogels as Extracellular Matrix Mimicry for Cell Engineering.,2024,Chem & bio engineering,10,"""ROCK2""; ""Y-27632""; ""blebbistatin""",compound x growth plate; target x growth x geometry,False,0.016666666666666666
PMC8183621,33830070,10.1530/ec-21-0083,New gene discoveries in skeletal diseases with short stature.,2021,Endocrine connections,10,"""centrosome""",target x growth x geometry,False,0.016666666666666666
PMC11373628,39239523,10.7150/thno.98763,Apoptotic vesicle-mediated senolytics requires mechanical loading.,2024,Theranostics,10,"""Yoda1""",compound x growth plate,False,0.016666666666666666
PMC11519736,38086515,10.1016/j.jare.2023.12.008,Loss of Sc5d results in micrognathia due to a failure in osteoblast differentiation.,2024,Journal of advanced research,9,"""simvastatin""",compound x growth plate,False,0.015
PMC12032948,40290887,10.1016/j.mtbio.2025.101778,Membrane biomimetic nanoenzyme-incorporated hybrid glycyrrhizic acid hydrogel for precise mitochondrial ROS scavenging for osteoarthritis treatment.,2025,Materials today. Bio,9,"""cytochalasin D""",compound x growth plate,False,0.015
PMC11806677,39925677,10.2147/ijn.s505591,Mitochondria-Targeted Biomaterials-Regulating Macrophage Polarization Opens New Perspectives for Disease Treatment.,2025,International journal of nanomedicine,9,"""Y-27632""",compound x growth plate,False,0.015
PMC12229678,40588525,10.1038/s12276-025-01481-6,"Progressing future osteoarthritis treatment toward precision medicine: integrating regenerative medicine, gene therapy and circadian biology.",2025,Experimental & molecular medicine,9,"""SR1078""; ""nobiletin""",compound x growth plate,False,0.015
PMC8593173,34783870,10.1007/s00018-021-03983-8,Pharmaceutical therapeutics for articular regeneration and restoration: state-of-the-art technology for screening small molecular drugs.,2021,Cellular and molecular life sciences : CMLS,9,"""EHT1864""; ""NSC23766""",compound x growth plate,False,0.015
PMC9898002,36737821,10.1186/s13018-023-03545-7,Deciphering the protective effect of Buzhong Yiqi Decoction on osteoporotic fracture through network pharmacology and experimental validation.,2023,Journal of orthopaedic surgery and research,9,"""nobiletin""",compound x growth plate,False,0.015
PMC9165817,35657824,10.1371/journal.pone.0268570,Pneumatic equiaxial compression device for mechanical manipulation of epithelial cell packing and physiology.,2022,PloS one,9,"""actin cortex""; ""osmotic swelling""",target x growth x geometry,False,0.015
PMC10453434,37627938,10.3390/diagnostics13162678,"Hydroxyapatite Deposition Disease: A Comprehensive Review of Pathogenesis, Radiological Findings, and Treatment Strategies.",2023,"Diagnostics (Basel, Switzerland)",9,"""colchicine""",compound x growth plate,False,0.015
PMC11368897,37086004,10.1177/19476035231169940,Inhibition of Leukotriene A&lt;sub&gt;4&lt;/sub&gt; Hydrolase Suppressed Cartilage Degradation and Synovial Inflammation in a Mouse Model of Experimental Osteoarthritis.,2024,Cartilage,9,"""HPCD""",compound x growth plate,False,0.015
PMC11727353,39767569,10.3390/biomedicines12122662,The Crosstalk Between Cartilage and Bone in Skeletal Growth.,2024,Biomedicines,9,"""NKCC1""; ""aquaporin""; ""chondrocyte column""; ""focal adhesion""",target x growth x geometry,False,0.015
PMC9590009,36278545,10.3390/jdb10040040,The Shape of the Jaw-Zebrafish Col11a1a Regulates Meckel's Cartilage Morphogenesis and Mineralization.,2022,Journal of developmental biology,9,"""planar cell polarity""",target x growth x geometry,False,0.015
PMC4773234,26930466,10.1371/journal.pone.0150004,Membrane Blebbing Is Required for Mesenchymal Precursor Migration.,2016,PloS one,9,"""actin cortex""; ""blebbistatin""",compound x growth plate; target x growth x geometry,False,0.015
PMC10108353,36976921,10.1021/acs.jmedchem.2c02098,Design and Pharmacological Characterization of α<sub>4</sub>β<sub>1</sub> Integrin Cyclopeptide Agonists: Computational Investigation of Ligand Determinants for Agonism versus Antagonism.,2023,Journal of medicinal chemistry,9,"""integrin beta1""",target x growth x geometry,False,0.015
PMC8396526,34445674,10.3390/ijms22168967,Aflatoxin Exposure during Early Life Is Associated with Differential DNA Methylation in Two-Year-Old Gambian Children.,2021,International journal of molecular sciences,9,"""LIMK1""",target x growth x geometry,False,0.015
PMC10178551,37175397,10.3390/ijms24097686,Cyclic Stretch-Induced Mechanical Stress Applied at 1 Hz Frequency Can Alter the Metastatic Potential Properties of SAOS-2 Osteosarcoma Cells.,2023,International journal of molecular sciences,9,"""GsMTx4""",compound x growth plate,False,0.015
PMC12675637,41315189,10.1038/s41467-025-65636-9,Piezo1-mediated mechanotransduction controls osteocyte maturation and dendrite development via a YAP-CCN-Src signaling axis.,2025,Nature communications,9,"""PIEZO1""; ""Yoda1""",compound x growth plate; target x growth x geometry,False,0.015
PMC8337132,34366712,10.1155/2021/9954909,Inverse Agonist of Retinoid-Related Orphan Receptor-Alpha Prevents Apoptosis and Degeneration in Nucleus Pulposus Cells via Upregulation of YAP.,2021,Mediators of inflammation,9,"""RORalpha""; ""SR3335""",compound x growth plate; target x growth x geometry,False,0.015
PMC11850152,40007782,10.1016/j.heliyon.2025.e42258,Extracecellulr vesicles (EVs) microRNAs (miRNAs) derived from mesenchymal stem cells (MSCs) in osteoarthritis (OA); detailed role in pathogenesis and possible therapeutics.,2025,Heliyon,9,"""ROCK1""",target x growth x geometry,False,0.015
PMC7851582,33542623,10.2147/cia.s289479,Identifying the Potential Differentially Expressed miRNAs and mRNAs in Osteonecrosis of the Femoral Head Based on Integrated Analysis.,2021,Clinical interventions in aging,9,"""ROCK2""",target x growth x geometry,False,0.015
PMC12114605,40431456,10.3390/nu17101716,The Antiaging Potential of Dietary Plant-Based Polyphenols: A Review on Their Role in Cellular Senescence Modulation.,2025,Nutrients,9,"""nobiletin""",compound x growth plate,False,0.015
PMC12211857,40600065,10.1016/j.gendis.2025.101569,Tumor microenvironment in osteosarcoma: From cellular mechanism to clinical therapy.,2025,Genes & diseases,9,"""aquaporin""",target x growth x geometry,False,0.015
PMC11873226,39894824,10.1038/s12276-025-01401-8,Rheumatoid arthritis severity is mediated by crosstalk between synoviocytes and mature osteoclasts through a calcium and cytokine feedback loop.,2025,Experimental & molecular medicine,9,"""EIPA""; ""amiloride""",compound x growth plate,False,0.015
PMC10969519,38534326,10.3390/cells13060482,Piezo1 and Its Function in Different Blood Cell Lineages.,2024,Cells,9,"""GsMTx4""; ""PIEZO2""; ""ROCK1""; ""centrosome""",compound x growth plate; target x growth x geometry,False,0.015
PMC10816997,38256208,10.3390/ijms25021137,Molecular and Cellular Mechanisms Underlying the Cardiac Hypertrophic and Pro-Remodelling Effects of Leptin.,2024,International journal of molecular sciences,9,"""ROCK2""",target x growth x geometry,False,0.015
PMC8122901,33922532,10.3390/ijms22094415,What Are the Potential Roles of Nuclear Perlecan and Other Heparan Sulphate Proteoglycans in the Normal and Malignant Phenotype.,2021,International journal of molecular sciences,9,"""centrosome""",target x growth x geometry,False,0.015
PMC9376626,35979436,10.3389/fendo.2022.930358,Isolation and <i>in vitro</i> characterization of murine young-adult long bone skeletal progenitors.,2022,Frontiers in endocrinology,9,"""Y-27632""",compound x growth plate,False,0.015
PMC9303970,35014036,10.1002/jcp.30677,Neurogenic and pericytic plasticity of conditionally immortalized cells derived from renal erythropoietin-producing cells.,2022,Journal of cellular physiology,9,"""latrunculin""",compound x growth plate,False,0.015
PMC8536179,34681656,10.3390/ijms222010998,Ion Selectivity in the ENaC/DEG Family: A Systematic Review with Supporting Analysis.,2021,International journal of molecular sciences,9,"""amiloride""",compound x growth plate,False,0.015
PMC10253631,37298263,10.3390/ijms24119311,Integrative Analysis Reveals the Diverse Effects of 3D Stiffness upon Stem Cell Fate.,2023,International journal of molecular sciences,9,"""centrosome""",target x growth x geometry,False,0.015
PMC10706299,38068915,10.3390/ijms242316592,Achilles' Heel-The Significance of Maintaining Microenvironmental Homeostasis in the Nucleus Pulposus for Intervertebral Discs.,2023,International journal of molecular sciences,9,"""amiloride""",compound x growth plate,False,0.015
PMC10929543,38420734,10.5371/hp.2024.36.1.1,Pathophysiology and Treatment of Gout Arthritis; including Gout Arthritis of Hip Joint: A Literature Review.,2024,Hip & pelvis,9,"""colchicine""",compound x growth plate,False,0.015
PMC9792887,36582823,10.1016/j.isci.2022.105713,Wnt antagonism without TGFβ induces rapid MSC chondrogenesis via increasing AJ interactions and restricting lineage commitment.,2023,iScience,9,"""cytochalasin D""",compound x growth plate,False,0.015
PMC10875302,38374961,10.3389/fendo.2023.1266986,A practical guide to the diagnosis and management of osteoporosis in childhood and adolescence.,2023,Frontiers in endocrinology,9,"""jasplakinolide""",compound x growth plate,False,0.015
PMC7445463,32840677,10.1007/s00125-020-05221-5,56<sup>th</sup> EASD Annual Meeting of the European Association for the Study of Diabetes : 21-25 September 2020.,2020,Diabetologia,9,"""cariporide""; ""fasudil""",compound x growth plate,False,0.015
PMC11200017,38582509,10.1002/advs.202305706,Building Haplotype-Resolved 3D Genome Maps of Chicken Skeletal Muscle.,2024,"Advanced science (Weinheim, Baden-Wurttemberg, Germany)",9,"""ROCK2""",target x growth x geometry,False,0.015
PMC8104968,33843584,10.7554/elife.65760,Morphological and genomic shifts in mole-rat 'queens' increase fecundity but reduce skeletal integrity.,2021,eLife,9,"""Y-27632""",compound x growth plate,False,0.015
PMC9707069,36457847,10.1016/j.mtbio.2022.100502,From mesenchymal niches to engineered <i>in vitro</i> model systems: Exploring and exploiting biomechanical regulation of vertebrate hedgehog signalling.,2022,Materials today. Bio,9,"""RHOA""; ""cholesterol""; ""microtubule""; ""primary cilia""",target x growth x geometry,False,0.015
PMC11548906,39525887,10.1097/gox.0000000000006288,"Transcriptomics of Subcutaneous Tissue of Lipedema Identified Differentially Expressed Genes Involved in Adipogenesis, Inflammation, and Pain.",2024,Plastic and reconstructive surgery. Global open,9,"""SLC12A2""",target x growth x geometry,False,0.015
PMC12101330,40036821,10.1093/cvr/cvaf030,Anti-senescence therapies: a new concept to address cardiovascular disease.,2025,Cardiovascular research,9,"""lovastatin""",compound x growth plate,False,0.015
PMC12317449,40753437,10.1186/s10020-025-01335-x,Piezo1 induces mitochondrial autophagy dysfunction leading to cartilage injury in knee osteoarthritis.,2025,"Molecular medicine (Cambridge, Mass.)",9,"""GsMTx4""; ""PIEZO1""; ""Yoda1""",compound x growth plate; target x growth x geometry,False,0.015
PMC10298227,37373036,10.3390/ijms24129890,Bone Growth Induction in Mucopolysaccharidosis IVA Mouse.,2023,International journal of molecular sciences,9,"""microtubule""",target x growth x geometry,False,0.015
PMC11345563,39002685,10.1016/j.jbc.2024.107567,Insights into molecular and cellular functions of the Golgi calcium/manganese-proton antiporter TMEM165.,2024,The Journal of biological chemistry,9,"""nocodazole""",compound x growth plate,False,0.015
PMC10369726,37491322,10.1186/s13036-023-00363-7,Non-viral gene delivery to human mesenchymal stem cells: a practical guide towards cell engineering.,2023,Journal of biological engineering,9,"""amiloride""",compound x growth plate,False,0.015
PMC11735818,39830129,10.1007/s12551-024-01242-1,Advances in mechanotransduction and sonobiology: effects of audible acoustic waves and low-vibration stimulations on mammalian cells.,2024,Biophysical reviews,9,"""centrosome""; ""primary cilia""",target x growth x geometry,False,0.015
PMC12623242,40603745,10.1038/s41551-025-01419-3,Jawbone-like organoids generated from human pluripotent stem cells.,2025,Nature biomedical engineering,9,"""Y-27632""",compound x growth plate,False,0.015
PMC12800155,41530114,10.1038/s41413-025-00497-y,"TGF-β/BMP signaling in skeletal biology: molecular mechanisms, regulatory networks, and therapeutic implications in development, regeneration, and disease.",2026,Bone research,9,"""LIMK1""; ""primary cilia""",target x growth x geometry,False,0.015
PMC11965263,40172727,10.1007/s11883-025-01294-y,The Atherosclerotic Plaque Microenvironment as a Therapeutic Target.,2025,Current atherosclerosis reports,9,"""colchicine""",compound x growth plate,False,0.015
PMC10094979,37047693,10.3390/ijms24076720,Prolonged Piezo1 Activation Induces Cardiac Arrhythmia.,2023,International journal of molecular sciences,8,"""Yoda1""; ""blebbistatin""",compound x growth plate,False,0.013333333333333334
PMC10371987,37495603,10.1038/s41467-023-40223-y,"A ubiquitin-based effector-to-inhibitor switch coordinates early brain, craniofacial, and skin development.",2023,Nature communications,8,"""CDC42""; ""ML141""",compound x growth plate; target x growth x geometry,False,0.013333333333333334
PMC9371536,35960127,10.1097/md.0000000000029501,A review of osteoarthritis signaling intervention using small-molecule inhibitors.,2022,Medicine,8,"""ML141""; ""netarsudil""",compound x growth plate,False,0.013333333333333334
PMC5051864,27706209,10.1371/journal.pone.0163870,Adipose-Derived Stem Cells Respond to Increased Osmolarities.,2016,PloS one,8,"""osmotic swelling""",target x growth x geometry,False,0.013333333333333334
PMC10957957,38514682,10.1038/s41598-024-56845-1,Human dental pulp stem cells derived extracellular matrix promotes mineralization via Hippo and Wnt pathways.,2024,Scientific reports,8,"""ROCK1""",target x growth x geometry,False,0.013333333333333334
PMC10498616,37700272,10.1186/s12885-023-11375-3,An exploratory study of cell stiffness as a mechanical label-free biomarker across multiple musculoskeletal sarcoma cells.,2023,BMC cancer,8,"""cytochalasin D""",compound x growth plate,False,0.013333333333333334
PMC11876498,39676140,10.1007/s12264-024-01334-8,Inhibition of the cGAS‑STING Pathway Reduces Cisplatin-Induced Inner Ear Hair Cell Damage.,2025,Neuroscience bulletin,8,"""furosemide""",compound x growth plate,False,0.013333333333333334
PMC10586021,35843385,10.1016/j.mce.2022.111724,Hyponatremia elicits gene expression changes driving osteoclast differentiation and functions.,2022,Molecular and cellular endocrinology,8,"""ROCK2""; ""SLC9A1""",target x growth x geometry,False,0.013333333333333334
PMC11430660,39329800,10.3390/bios14090425,Revolutionizing Drug Discovery: The Impact of Distinct Designs and Biosensor Integration in Microfluidics-Based Organ-on-a-Chip Technology.,2024,Biosensors,8,"""lovastatin""",compound x growth plate,False,0.013333333333333334
PMC10178541,37175587,10.3390/ijms24097879,"Estrogenic Modulation of Ionic Channels, Pumps and Exchangers in Airway Smooth Muscle.",2023,International journal of molecular sciences,8,"""NKCC1""; ""bumetanide""",compound x growth plate; target x growth x geometry,False,0.013333333333333334
PMC7096586,32266231,10.3389/fbioe.2020.00197,Chondroinduction of Mesenchymal Stem Cells on Cellulose-Silk Composite Nanofibrous Substrates: The Role of Substrate Elasticity.,2020,Frontiers in bioengineering and biotechnology,8,"""blebbistatin""",compound x growth plate,False,0.013333333333333334
PMC9465344,36105827,10.1016/j.radcr.2022.08.009,Spinal gout diagnosed by dual-energy CT: A case report.,2022,Radiology case reports,8,"""colchicine""",compound x growth plate,False,0.013333333333333334
PMC7979617,33533999,10.1007/s10237-020-01414-4,Visco- and poroelastic contributions of the zona pellucida to the mechanical response of oocytes.,2021,Biomechanics and modeling in mechanobiology,8,"""actin cortex""",target x growth x geometry,False,0.013333333333333334
PMC11018282,38527087,10.1371/journal.pbio.3002565,The scale of zebrafish pectoral fin buds is determined by intercellular K+ levels and consequent Ca2+-mediated signaling via retinoic acid regulation of Rcan2 and Kcnk5b.,2024,PLoS biology,8,"""blebbistatin""",compound x growth plate,False,0.013333333333333334
PMC11507850,39456754,10.3390/ijms252010971,"Membrane Ruffles: Composition, Function, Formation and Visualization.",2024,International journal of molecular sciences,8,"""EIPA""; ""NHE1""; ""RAC1""; ""SLC9A1""; ""amiloride""; ""blebbistatin""; ""cofilin""; ""nocodazole""",compound x growth plate; target x growth x geometry,False,0.013333333333333334
PMC8072665,33912052,10.3389/fphar.2021.637273,"Identification of the Key Role of NF-κB Signaling Pathway in the Treatment of Osteoarthritis With Bushen Zhuangjin Decoction, a Verification Based on Network Pharmacology Approach.",2021,Frontiers in pharmacology,8,"""LIMK1""; ""nobiletin""",compound x growth plate; target x growth x geometry,False,0.013333333333333334
PMC11940699,40149890,10.3390/biom15030354,"Mechanical Forces, Nucleus, Chromosomes, and Chromatin.",2025,Biomolecules,8,"""CDC42""; ""RHOA""; ""actin cortex""; ""microtubule""",target x growth x geometry,False,0.013333333333333334
PMC11175614,38836552,10.7554/elife.93457,Loss of ninein interferes with osteoclast formation and causes premature ossification.,2024,eLife,8,"""centrosome""; ""microtubule""; ""primary cilia""",target x growth x geometry,False,0.013333333333333334
PMC10605254,37894409,10.3390/cancers15205042,PDZ and LIM Domain-Encoding Genes: Their Role in Cancer Development.,2023,Cancers,8,"""LIMK1""; ""LIMK2""; ""MYH9""; ""ROCK1""; ""cofilin""",target x growth x geometry,False,0.013333333333333334
PMC8778463,35055123,10.3390/ijms23020934,Cellular and Molecular Alterations Underlying Abnormal Bone Growth in X-Linked Hypophosphatemia.,2022,International journal of molecular sciences,8,"""NKCC1""; ""aquaporin""",target x growth x geometry,False,0.013333333333333334
PMC6628107,31212619,10.3390/nu11061312,Dietary Supplements of Shiikuwasha Extract Attenuates Osteoarthritis Progression in Meniscal/ligamentous Injury and Obese Rats.,2019,Nutrients,8,"""nobiletin""",compound x growth plate,False,0.013333333333333334
PMC11107464,38648895,10.1016/j.advnut.2024.100232,Effects of (Poly)phenols on Circadian Clock Gene-Mediated Metabolic Homeostasis in Cultured Mammalian Cells: A Scoping Review.,2024,"Advances in nutrition (Bethesda, Md.)",8,"""nobiletin""",compound x growth plate,False,0.013333333333333334
PMC11940269,40149577,10.3390/biomedicines13030598,"Rethinking Osteoarthritis Management: Synergistic Effects of Chronoexercise, Circadian Rhythm, and Chondroprotective Agents.",2025,Biomedicines,8,"""osmotic swelling""",target x growth x geometry,False,0.013333333333333334
PMC12005813,39985217,10.1002/advs.202416265,Biomimetic Nanoplatform for Targeted Rheumatoid Arthritis Therapy: Modulating Macrophage Niches Through Self-Sustaining Positive Feedback-Driven Drug Release Mechanisms.,2025,"Advanced science (Weinheim, Baden-Wurttemberg, Germany)",8,"""amiloride""",compound x growth plate,False,0.013333333333333334
PMC10417164,37570223,10.3390/ani13152414,Genome-Wide Association Study of Body Conformation Traits in a Three-Way Crossbred Commercial Pig Population.,2023,Animals : an open access journal from MDPI,8,"""SLC12A2""",target x growth x geometry,False,0.013333333333333334
PMC11244150,38990714,10.1083/jcb.202312091,Mmp14-dependent remodeling of the pericellular-dermal collagen interface governs fibroblast survival.,2024,The Journal of cell biology,8,"""integrin beta1""",target x growth x geometry,False,0.013333333333333334
PMC8134874,33982785,10.3892/mmr.2021.12145,Regulation and mechanism of YAP/TAZ in the mechanical microenvironment of stem cells (Review).,2021,Molecular medicine reports,8,"""cofilin""",target x growth x geometry,False,0.013333333333333334
PMC9914837,36765992,10.3390/foods12030463,Evaluation and Optimization of Quality Based on the Physicochemical Characteristics and Metabolites Changes of Qingpi during Storage.,2023,"Foods (Basel, Switzerland)",8,"""nobiletin""",compound x growth plate,False,0.013333333333333334
PMC9238280,35783912,10.1002/jsp2.1209,Pericellular heparan sulfate proteoglycans: Role in regulating the biosynthetic response of nucleus pulposus cells to osmotic loading.,2022,JOR spine,8,"""osmotic swelling""",target x growth x geometry,False,0.013333333333333334
PMC9475348,36168408,10.3892/etm.2022.11591,Human placental mesenchymal stem cells regulate inflammation via the NF‑κB signaling pathway.,2022,Experimental and therapeutic medicine,8,"""fasudil""",compound x growth plate,False,0.013333333333333334
PMC5527094,28743889,10.1038/s41598-017-06898-2,Limbal stromal cells derived from porcine tissue demonstrate mesenchymal characteristics in vitro.,2017,Scientific reports,8,"""integrin beta1""",target x growth x geometry,False,0.013333333333333334
PMC10607075,37888169,10.3390/jfb14100504,Musculoskeletal Biomaterials: Stimulated and Synergized with Low Intensity Pulsed Ultrasound.,2023,Journal of functional biomaterials,8,"""simvastatin""",compound x growth plate,False,0.013333333333333334
PMC10324035,37426634,10.3389/fimmu.2023.1155606,Can pyroptosis be a new target in rheumatoid arthritis treatment?,2023,Frontiers in immunology,8,"""amiloride""",compound x growth plate,False,0.013333333333333334
PMC10504325,37714911,10.1038/s41598-023-42585-1,IL-1β stimulated human umbilical cord mesenchymal stem cells ameliorate rheumatoid arthritis via inducing apoptosis of fibroblast-like synoviocytes.,2023,Scientific reports,8,"""lovastatin""",compound x growth plate,False,0.013333333333333334
PMC7361708,32560459,10.3390/polym12061362,Role of Changes in State of Bound Water and Tissue Stiffness in Development of Age-Related Diseases.,2020,Polymers,8,"""latrunculin""",compound x growth plate,False,0.013333333333333334
PMC12192707,40565081,10.3390/ijms26125617,Induced Pluripotent (iPSC) and Mesenchymal (MSC) Stem Cells for In Vitro Disease Modeling and Regenerative Medicine.,2025,International journal of molecular sciences,8,"""fasudil""",compound x growth plate,False,0.013333333333333334
PMC12226547,40621210,10.3389/fbioe.2025.1570526,Targeting osteoarthritis with small extracellular vesicle therapy: potential and perspectives.,2025,Frontiers in bioengineering and biotechnology,8,"""MYH9""",target x growth x geometry,False,0.013333333333333334
PMC11599563,39592718,10.1038/s41598-024-79815-z,Delayed vacuolation in mammalian cells caused by hypotonicity and ion loss.,2024,Scientific reports,8,"""cytochalasin D""; ""osmotic swelling""",compound x growth plate; target x growth x geometry,False,0.013333333333333334
PMC8902710,35255809,10.1186/s12864-022-08396-w,Transcriptomic characterization of the molecular mechanisms induced by RGMa during skeletal muscle nuclei accretion and hypertrophy.,2022,BMC genomics,8,"""MYH9""",target x growth x geometry,False,0.013333333333333334
PMC4361563,25775093,10.1371/journal.pone.0119030,Double NF1 inactivation affects adrenocortical function in NF1Prx1 mice and a human patient.,2015,PloS one,8,"""LIMK1""; ""LIMK2""",target x growth x geometry,False,0.013333333333333334
PMC6773984,31079432,10.31616/asj.2018.0257,Comparison of Transforming Growth Factor-Beta1 and Lovastatin on Differentiating Mesenchymal Stem Cells toward Nucleus Pulposus-like Phenotype: An In Vitro Cell Culture Study.,2019,Asian spine journal,8,"""lovastatin""",compound x growth plate,False,0.013333333333333334
PMC10932244,38473800,10.3390/ijms25052554,Autosomal Dominant Polycystic Kidney Disease: Extrarenal Involvement.,2024,International journal of molecular sciences,8,"""planar cell polarity""; ""primary cilia""",target x growth x geometry,False,0.013333333333333334
PMC9323458,35887055,10.3390/ijms23147709,Of Mouse and Man: Cross-Species Characterization of Hypertensive Cardiac Remodeling.,2022,International journal of molecular sciences,8,"""bumetanide""; ""furosemide""",compound x growth plate,False,0.013333333333333334
PMC10217467,37232969,10.3390/gels9050377,Optimizing Delivery of Therapeutic Growth Factors for Bone and Cartilage Regeneration.,2023,"Gels (Basel, Switzerland)",8,"""simvastatin""",compound x growth plate,False,0.013333333333333334
PMC11346567,39169878,10.1080/19336950.2024.2393088,The role of mechanosensitive ion channel Piezo1 in knee osteoarthritis inflammation.,2024,"Channels (Austin, Tex.)",8,"""GsMTx4""; ""Yoda1""",compound x growth plate,False,0.013333333333333334
PMC9885078,36727055,10.3389/fonc.2022.1065071,<i>USP6</i>-associated soft tissue tumors with bone metaplasia: Clinicopathologic and genetic analysis and the identification of novel <i>USP6</i> fusion partners.,2022,Frontiers in oncology,8,"""MYH9""",target x growth x geometry,False,0.013333333333333334
PMC11745821,39833100,10.1111/jcmm.70338,"Resveratrol Upregulates miR-124-3p Expression to Target DAPK1, Regulating the NLRP3/Caspase-1/GSDMD Pathway to Inhibit Pyroptosis and Alleviate Spinal Cord Injury.",2025,Journal of cellular and molecular medicine,8,"""MYH9""",target x growth x geometry,False,0.013333333333333334
PMC10785288,38222874,10.3389/fdmed.2023.1181817,"Discoidin domain receptors; an ancient family of collagen receptors has major roles in bone development, regeneration and metabolism.",2023,Frontiers in dental medicine,8,"""cholesterol""; ""primary cilia""",compound x growth plate; target x growth x geometry,False,0.013333333333333334
PMC9974467,36795747,10.1073/pnas.2215747120,The energetics of rapid cellular mechanotransduction.,2023,Proceedings of the National Academy of Sciences of the United States of America,8,"""cytochalasin D""",compound x growth plate,False,0.013333333333333334
PMC10148992,37120524,10.1186/s12933-023-01822-7,Redox-driven cardioprotective effects of sodium-glucose co-transporter-2 inhibitors: comparative review.,2023,Cardiovascular diabetology,8,"""NHE1""; ""cariporide""",compound x growth plate; target x growth x geometry,False,0.013333333333333334
PMC9616891,36307458,10.1038/s41598-022-22734-8,TNF overexpression and dexamethasone treatment impair chondrogenesis and bone growth in an additive manner.,2022,Scientific reports,8,"""chondrocyte column""",target x growth x geometry,False,0.013333333333333334
PMC11930658,40129609,10.1016/j.jot.2025.01.006,Targeting Piezo1 channel to alleviate intervertebral disc degeneration.,2025,Journal of orthopaedic translation,8,"""GsMTx4""",compound x growth plate,False,0.013333333333333334
PMC10326424,36942989,10.3724/abbs.2023035,The Hippo signaling pathway: from multiple signals to the hallmarks of cancers.,2023,Acta biochimica et biophysica Sinica,8,"""NHE1""",target x growth x geometry,False,0.013333333333333334
PMC9114760,35600875,10.3389/fphar.2022.878556,The Role of Geranylgeraniol in Managing Bisphosphonate-Related Osteonecrosis of the Jaw.,2022,Frontiers in pharmacology,8,"""lovastatin""",compound x growth plate,False,0.013333333333333334
PMC5877742,29547542,10.3390/ijms19030881,Transepithelial Fluid and Salt Re-Absorption Regulated by cGK2 Signals.,2018,International journal of molecular sciences,8,"""NHE1""",target x growth x geometry,False,0.013333333333333334
PMC11324521,39155965,10.1038/s44161-024-00508-x,Endothelial LATS2 is a suppressor of bone marrow fibrosis.,2024,Nature cardiovascular research,8,"""FAK""",target x growth x geometry,False,0.013333333333333334
PMC7590701,33109258,10.1186/s13287-020-01976-1,RNA-seq reveals tight junction-relevant erythropoietic fate induced by OCT4 in human hair follicle mesenchymal stem cells.,2020,Stem cell research & therapy,8,"""ROCK1""",target x growth x geometry,False,0.013333333333333334
PMC11954588,39737878,10.1093/stcltm/szae093,Current perspectives on the dynamic culture of mesenchymal stromal/stem cell spheroids.,2025,Stem cells translational medicine,8,"""cytochalasin D""",compound x growth plate,False,0.013333333333333334
PMC2365610,18475618,10.1155/s0962935195000111,Regulation of electrolyte transport with IL-1beta in rabbit distal colon.,1995,Mediators of inflammation,8,"""bumetanide""",compound x growth plate,False,0.013333333333333334
PMC7385936,32725471,10.1007/s11606-020-05890-3,Abstracts from the 2020 Annual Meeting of the Society of General Internal Medicine.,2020,Journal of general internal medicine,8,"""bumetanide""",compound x growth plate,False,0.013333333333333334
PMC9672471,36407105,10.3389/fcell.2022.1046415,Modeling (not so) rare developmental disorders associated with mutations in the protein-tyrosine phosphatase SHP2.,2022,Frontiers in cell and developmental biology,8,"""lovastatin""; ""simvastatin""",compound x growth plate,False,0.013333333333333334
PMC8297041,34349861,10.14740/cr1268,"Update on the Cardiovascular Benefits of Sodium-Glucose Co-Transporter-2 Inhibitors: Mechanism of Action, Available Agents and Comprehensive Review of Literature.",2021,Cardiology research,8,"""bumetanide""",compound x growth plate,False,0.013333333333333334
PMC10383892,37513864,10.3390/ph16070952,Bioactive Molecules against Rheumatoid Arthritis by Suppressing Pyroptosis.,2023,"Pharmaceuticals (Basel, Switzerland)",8,"""amiloride""",compound x growth plate,False,0.013333333333333334
PMC8845463,35178382,10.3389/fbioe.2022.816362,Sa12b Improves Biological Activity of Human Degenerative Nucleus Pulposus Mesenchymal Stem Cells in a Severe Acid Environment by Inhibiting Acid-Sensitive Ion Channels.,2022,Frontiers in bioengineering and biotechnology,8,"""amiloride""",compound x growth plate,False,0.013333333333333334
PMC9617203,36317170,10.1016/j.xpro.2022.101786,A protocol to induce expandable limb-bud mesenchymal cells from human pluripotent stem cells.,2022,STAR protocols,8,"""Y-27632""",compound x growth plate,False,0.013333333333333334
PMC11788687,39902262,10.1016/j.jot.2024.12.006,Current status of nano-embedded growth factors and stem cells delivery to bone for targeted repair and regeneration.,2025,Journal of orthopaedic translation,8,"""simvastatin""",compound x growth plate,False,0.013333333333333334
PMC10869529,38370481,10.3389/fphar.2024.1336693,Therapeutic potential of hydrogen sulfide in osteoarthritis development.,2024,Frontiers in pharmacology,8,"""ROCK2""",target x growth x geometry,False,0.013333333333333334
PMC9917491,36769438,10.3390/jcm12030789,Immunohistochemical Markers of Temporomandibular Disorders: A Review of the Literature.,2023,Journal of clinical medicine,8,"""aquaporin""",target x growth x geometry,False,0.013333333333333334
PMC10961350,38529115,10.3389/fmed.2024.1327715,Recent advances in the therapeutic management of calcium pyrophosphate deposition disease.,2024,Frontiers in medicine,7,"""colchicine""",compound x growth plate,False,0.011666666666666667
PMC9120581,35603217,10.3389/fimmu.2022.870535,Induced Pluripotent Stem Cell-Derived Monocytes/Macrophages in Autoinflammatory Diseases.,2022,Frontiers in immunology,7,"""colchicine""",compound x growth plate,False,0.011666666666666667
PMC11809337,39680708,10.1002/advs.202410525,Dipeptidyl Peptidase 4 (DPP4) Exacerbates Osteoarthritis Progression in an Enzyme-Independent Manner.,2025,"Advanced science (Weinheim, Baden-Wurttemberg, Germany)",7,"""MYH9""; ""cytochalasin D""",compound x growth plate; target x growth x geometry,False,0.011666666666666667
PMC10574010,37834846,10.3390/jcm12196202,"Role of Sodium-Glucose Co-Transporter 2 Inhibitors in Chronic Kidney Disease, Congestive Heart Failure and Stroke-A Review and Clinical Guide for Healthcare Professionals.",2023,Journal of clinical medicine,7,"""furosemide""",compound x growth plate,False,0.011666666666666667
PMC11363364,39215244,10.1186/s12882-024-03725-5,Electrolyte disorders related emergencies in children.,2024,BMC nephrology,7,"""furosemide""",compound x growth plate,False,0.011666666666666667
PMC11440973,39354970,10.3389/fnume.2022.825891,Normal Variants and Pitfalls of <sup>18</sup>F-FDG PET/CT Imaging in Pediatric Oncology.,2022,Frontiers in nuclear medicine,7,"""furosemide""",compound x growth plate,False,0.011666666666666667
PMC10706372,38067152,10.3390/cells12232724,Hypoxia Induces Alterations in the Circadian Rhythm in Patients with Chronic Respiratory Diseases.,2023,Cells,7,"""GSK4112""",compound x growth plate,False,0.011666666666666667
PMC12428962,40943351,10.3390/ijms26178429,"Molecular and Immunomodulatory Mechanisms of Statins in Inflammation and Cancer Therapeutics with Emphasis on the NF-κB, NLRP3 Inflammasome, and Cytokine Regulatory Axes.",2025,International journal of molecular sciences,7,"""lovastatin""; ""simvastatin""",compound x growth plate,False,0.011666666666666667
PMC11423343,39320014,10.1111/jcmm.70113,Involvement of the Wnt/β-catenin signalling pathway in heterotopic ossification and ossification-related diseases.,2024,Journal of cellular and molecular medicine,7,"""RHOA""; ""ROCK1""; ""cadherin""; ""planar cell polarity""",target x growth x geometry,False,0.011666666666666667
PMC10070115,36787192,10.1172/jci.insight.163306,Transcription factor c-Maf deletion improves streptozotocin-induced diabetic nephropathy by directly regulating Sglt2 and Glut2.,2023,JCI insight,7,"""bumetanide""; ""furosemide""",compound x growth plate,False,0.011666666666666667
PMC11286675,39081381,10.1002/jsp2.1362,Diverse and multifunctional roles for perlecan (<i>HSPG2</i>) in repair of the intervertebral disc.,2024,JOR spine,7,"""FAK""; ""GSK1016790A""; ""TRPV4""; ""focal adhesion""",compound x growth plate; target x growth x geometry,False,0.011666666666666667
PMC11050564,38673736,10.3390/ijms25084152,Empowering Naringin's Anti-Inflammatory Effects through Nanoencapsulation.,2024,International journal of molecular sciences,7,"""cytochalasin D""",compound x growth plate,False,0.011666666666666667
PMC5412331,28368307,10.3390/ijms18040746,TRPV4 Stimulation Induced Melatonin Secretion by Increasing Arylalkymine N-acetyltransferase (AANAT) Protein Level.,2017,International journal of molecular sciences,7,"""GSK1016790A""; ""RN-1734""",compound x growth plate,False,0.011666666666666667
PMC9606871,36297331,10.3390/ph15101219,A Review of the Biological Activity of Amidrazone Derivatives.,2022,"Pharmaceuticals (Basel, Switzerland)",7,"""amiloride""",compound x growth plate,False,0.011666666666666667
PMC11686038,39737935,10.1038/s41467-024-54924-5,Reconstitution of pluripotency from mouse fibroblast through Sall4 overexpression.,2024,Nature communications,7,"""Y27632""",compound x growth plate,False,0.011666666666666667
PMC11872349,40024625,10.1002/jimd.70008,"Phosphoinositide Metabolism: Biochemistry, Physiology and Genetic Disorders.",2025,Journal of inherited metabolic disease,7,"""centrosome""",target x growth x geometry,False,0.011666666666666667
PMC5209364,28101499,10.3389/fcell.2016.00150,Plasma Membrane Targeting of Endogenous NKCC2 in COS7 Cells Bypasses Functional Golgi Cisternae and Complex N-Glycosylation.,2016,Frontiers in cell and developmental biology,7,"""NKCC1""; ""SLC12A2""; ""bumetanide""",compound x growth plate; target x growth x geometry,False,0.011666666666666667
PMC11515918,39207055,10.1002/advs.202405421,Hypoxic Upregulation of IER2 Increases Paracrine GMFG Signaling of Endoplasmic Reticulum Stress-CAF to Promote Chordoma Progression via Targeting ITGB1.,2024,"Advanced science (Weinheim, Baden-Wurttemberg, Germany)",7,"""integrin beta1""",target x growth x geometry,False,0.011666666666666667
PMC10338146,37448850,10.1016/j.reth.2023.06.015,Phenytoin regulates osteogenic differentiation of human bone marrow stem cells by PI3K/Akt pathway.,2023,Regenerative therapy,7,"""amiloride""",compound x growth plate,False,0.011666666666666667
PMC11742631,39830135,10.1016/j.mtbio.2024.101422,Functional hydrogel empowering 3D printing titanium alloys.,2025,Materials today. Bio,7,"""simvastatin""",compound x growth plate,False,0.011666666666666667
PMC12281159,40697324,10.1016/j.mtbio.2025.102063,Smart responsive biomaterials for spatiotemporal modulation of functional tissue repair.,2025,Materials today. Bio,7,"""Yoda1""",compound x growth plate,False,0.011666666666666667
PMC7414117,32770014,10.1038/s41598-020-69904-0,Radial shock waves prevent growth retardation caused by the clinically used drug vismodegib in ex vivo cultured bones.,2020,Scientific reports,7,"""chondrocyte column""",target x growth x geometry,False,0.011666666666666667
PMC10576435,37842082,10.3389/fcell.2023.1246955,Cell death induction and protection by activation of ubiquitously expressed anion/cation channels. Part 3: the roles and properties of TRPM2 and TRPM7.,2023,Frontiers in cell and developmental biology,7,"""amiloride""; ""osmotic swelling""",compound x growth plate; target x growth x geometry,False,0.011666666666666667
PMC11959384,39388709,10.17305/bb.2024.11156,Piezo1-driven mechanotransduction as a key regulator of cartilage degradation in early osteoarthritis.,2025,Biomolecules & biomedicine,7,"""GsMTx4""",compound x growth plate,False,0.011666666666666667
PMC11563798,39555091,10.3389/fphar.2024.1494131,Pan-cancer analysis of CLDN18.2 shed new insights on the targeted therapy of upper gastrointestinal tract cancers.,2024,Frontiers in pharmacology,7,"""GSK4112""",compound x growth plate,False,0.011666666666666667
PMC6720366,31531354,10.1155/2019/4714279,High Expression of Acid-Sensing Ion Channel 2 (ASIC2) in Bone Cells in Osteoporotic Vertebral Fractures.,2019,BioMed research international,7,"""amiloride""",compound x growth plate,False,0.011666666666666667
PMC9031934,35456453,10.3390/genes13040647,Construction of a ceRNA Network Related to Rheumatoid Arthritis.,2022,Genes,7,"""ROCK2""",target x growth x geometry,False,0.011666666666666667
PMC11357961,39211452,10.3389/fendo.2024.1414509,Meta-analysis and systematic review: burosumab as a promising treatment for children with X-linked hypophosphatemia.,2024,Frontiers in endocrinology,7,"""jasplakinolide""",compound x growth plate,False,0.011666666666666667
PMC11655182,39703198,10.1002/jsp2.70011,Targeting nucleus pulposus cell death in the treatment of intervertebral disc degeneration.,2024,JOR spine,7,"""osmotic swelling""",target x growth x geometry,False,0.011666666666666667
PMC9957133,36826287,10.3390/gels9020116,Engineering Hydrogels for Modulation of Dendritic Cell Function.,2023,"Gels (Basel, Switzerland)",7,"""actin cortex""",target x growth x geometry,False,0.011666666666666667
PMC9497223,36139414,10.3390/cells11182840,Mesenchymal Stem Cell Sheet Centrifuge-Assisted Layering Augments Pro-Regenerative Cytokine Production.,2022,Cells,7,"""integrin beta1""",target x growth x geometry,False,0.011666666666666667
PMC10901833,38418498,10.1038/s41398-024-02780-8,"Comparing stem cells, transdifferentiation and brain organoids as tools for psychiatric research.",2024,Translational psychiatry,7,"""colchicine""",compound x growth plate,False,0.011666666666666667
PMC10766312,38181263,10.1097/md.0000000000036722,"Treatment of gouty arthritis with traditional Chinese medicine decoction: Meta-analysis, network pharmacology analysis, and molecular docking.",2024,Medicine,7,"""colchicine""",compound x growth plate,False,0.011666666666666667
PMC8918533,35295951,10.3389/fgene.2022.833027,Network Pharmacology and Molecular Docking Elucidate the Pharmacological Mechanism of the OSTEOWONDER Capsule for Treating Osteoporosis.,2022,Frontiers in genetics,7,"""nobiletin""",compound x growth plate,False,0.011666666666666667
PMC9542162,35303367,10.1002/cne.25312,Structural and molecular characterization of paraventricular thalamic glucokinase-expressing neuronal circuits in the mouse.,2022,The Journal of comparative neurology,7,"""LIMK1""; ""SLC12A2""; ""SLC9A1""",target x growth x geometry,False,0.011666666666666667
PMC10053833,36985164,10.3390/microorganisms11030590,Isolation of Bioactive Metabolites from Soil Derived Fungus-<i>Aspergillus fumigatus</i>.,2023,Microorganisms,7,"""lovastatin""",compound x growth plate,False,0.011666666666666667
PMC6668949,31365666,10.1590/abd1806-4841.20198789,CHILD syndrome: successful treatment of skin lesions with topical lovastatin and cholesterol lotion.,2019,Anais brasileiros de dermatologia,7,"""lovastatin""",compound x growth plate,False,0.011666666666666667
PMC10749321,38146461,10.3389/fphar.2023.1290721,Preventative and therapeutic potential of tocotrienols on musculoskeletal diseases in ageing.,2023,Frontiers in pharmacology,7,"""lovastatin""",compound x growth plate,False,0.011666666666666667
PMC12448454,40978083,10.1093/pnasnexus/pgaf263,Mechanical cues guide the formation and patterning of 3D spheroids in fibrous environments.,2025,PNAS nexus,7,"""ROCK1""; ""Y-27632""; ""Y27632""",compound x growth plate; target x growth x geometry,False,0.011666666666666667
PMC11674193,39768194,10.3390/cells13242103,Intervertebral Disc Degeneration and Regeneration: New Molecular Mechanisms and Therapeutics: Obstacles and Potential Breakthrough Technologies.,2024,Cells,7,"""lovastatin""",compound x growth plate,False,0.011666666666666667
PMC4000589,24790809,10.1186/2193-1801-3-153,Intracranial hypotension after trauma.,2014,SpringerPlus,7,"""acetazolamide""",compound x growth plate,False,0.011666666666666667
PMC12065841,40348769,10.1038/s41467-025-59644-y,Endothelial major vault protein alleviates vascular remodeling via promoting Parkin-mediated mitophagy.,2025,Nature communications,7,"""MYH9""",target x growth x geometry,False,0.011666666666666667
PMC11068581,38480916,10.1038/s41388-024-03000-9,p53 modulates kinase inhibitor resistance and lineage plasticity in NF1-related MPNSTs.,2024,Oncogene,7,"""LIMK1""; ""LIMK2""",target x growth x geometry,False,0.011666666666666667
PMC12105643,40421201,10.15698/cst2025.05.304,NFAT5: a stress-related transcription factor with multiple functions in health and disease.,2025,Cell stress,7,"""NKCC1""; ""aquaporin""",target x growth x geometry,False,0.011666666666666667
PMC12133029,40463502,10.34133/research.0718,Piezo1-Mediated Ferroptosis Delays Wound Healing in Aging Mice by Regulating the Transcriptional Activity of SLC7A11 through Activating Transcription Factor 3.,2025,"Research (Washington, D.C.)",7,"""GsMTx4""; ""Yoda1""",compound x growth plate,False,0.011666666666666667
PMC11177392,38877402,10.1186/s12576-024-00926-3,Physiology of the volume-sensitive/regulatory anion channel VSOR/VRAC: part 2: its activation mechanisms and essential roles in organic signal release.,2024,The journal of physiological sciences : JPS,7,"""cholesterol""; ""osmotic swelling""",target x growth x geometry,False,0.011666666666666667
PMC9916887,36768920,10.3390/ijms24032600,The Potential Role of Connexins in the Pathogenesis of Atherosclerosis.,2023,International journal of molecular sciences,7,"""nobiletin""",compound x growth plate,False,0.011666666666666667
PMC8289582,34335088,10.1155/2021/5535844,Nobiletin Decreases Inflammatory Mediator Expression in Tumor Necrosis Factor-Stimulated Human Periodontal Ligament Cells.,2021,Mediators of inflammation,7,"""nobiletin""",compound x growth plate,False,0.011666666666666667
PMC11462153,39386221,10.1016/j.bioactmat.2024.09.025,"Understanding the cellular dynamics, engineering perspectives and translation prospects in bioprinting epithelial tissues.",2025,Bioactive materials,7,"""aquaporin""",target x growth x geometry,False,0.011666666666666667
PMC10436209,37600714,10.3389/fendo.2023.1223021,Neuropilin 2 in osteoblasts regulates trabecular bone mass in male mice.,2023,Frontiers in endocrinology,7,"""jasplakinolide""",compound x growth plate,False,0.011666666666666667
PMC11530925,39413671,10.1016/j.neo.2024.101058,Insights into the metastatic bone marrow niche gained from fibronectin and β1 integrin transgenic mice.,2024,"Neoplasia (New York, N.Y.)",7,"""integrin beta1""",target x growth x geometry,False,0.011666666666666667
PMC7804981,33490314,10.1016/j.bonr.2020.100744,Hiding in plain sight: Gene panel and genetic markers reveal 26-year undiagnosed tumor-induced osteomalacia of the rib concurrently misdiagnosed as X-linked hypophosphatemia.,2021,Bone reports,7,"""acetazolamide""",compound x growth plate,False,0.011666666666666667
PMC11430372,39329900,10.3390/cimb46090548,The Role of Extracellular Vesicles in Bone Regeneration and Associated Bone Diseases.,2024,Current issues in molecular biology,7,"""ROCK1""",target x growth x geometry,False,0.011666666666666667
PMC11973941,39506429,10.1002/adhm.202402656,Interpenetrating Polymer Network Hydrogels with Tunable Viscoelasticity and Proteolytic Cleavability to Direct Stem Cells In Vitro.,2025,Advanced healthcare materials,7,"""Y-27632""",compound x growth plate,False,0.011666666666666667
PMC12008988,40253404,10.1186/s13578-025-01393-y,Molecular mechanisms of endothelial-mesenchymal transition and its pathophysiological feature in cerebrovascular disease.,2025,Cell & bioscience,7,"""lovastatin""",compound x growth plate,False,0.011666666666666667
PMC12367753,40852589,10.3389/fcell.2025.1633801,"Bone marrow adipocytes: key players in vascular niches, aging, and disease.",2025,Frontiers in cell and developmental biology,7,"""fasudil""",compound x growth plate,False,0.011666666666666667
PMC11282412,39071110,10.1016/j.gendis.2023.06.030,Mechanism and application of feedback loops formed by mechanotransduction and histone modifications.,2024,Genes & diseases,7,"""H-1152""; ""ROCK1""; ""fasudil""; ""hydroxyfasudil""; ""netarsudil""; ""ripasudil""",compound x growth plate; target x growth x geometry,False,0.011666666666666667
PMC11887104,40055797,10.1186/s13008-025-00146-0,The role of MicroRNAs in mesenchymal stem cell differentiation into vascular smooth muscle cells.,2025,Cell division,7,"""ROCK2""",target x growth x geometry,False,0.011666666666666667
PMC5187906,27983657,10.3390/ijms17122106,Fingolimod Associated Bilateral Cystoid Macular Edema-Wait and See?,2016,International journal of molecular sciences,7,"""acetazolamide""",compound x growth plate,False,0.011666666666666667
PMC9352730,35927428,10.1038/s41598-022-17728-5,Nuclear β-catenin translocation plays a key role in osteoblast differentiation of giant cell tumor of bone.,2022,Scientific reports,7,"""NSC23766""",compound x growth plate,False,0.011666666666666667
PMC10230640,37265775,10.1016/j.chmed.2022.08.011,Pharmacological importance of Kunxian Capsule in clinical applications and its adverse effects: A review.,2023,Chinese herbal medicines,7,"""nobiletin""",compound x growth plate,False,0.011666666666666667
PMC9811450,36394087,10.1002/advs.202203183,Crystal Growth of 3D Poly(ε-caprolactone) Based Bone Scaffolds and Its Effects on the Physical Properties and Cellular Interactions.,2022,"Advanced science (Weinheim, Baden-Wurttemberg, Germany)",6,"""blebbistatin""",compound x growth plate,False,0.01
PMC12910031,41526350,10.1038/s41467-026-68387-3,Mechanical rejuvenation of senescent stem cells and aged bone via chromatin remodeling.,2026,Nature communications,6,"""FAK""; ""blebbistatin""; ""non-muscle myosin II""",compound x growth plate; target x growth x geometry,False,0.01
PMC11020867,38627836,10.1186/s13052-024-01638-5,Acute compartment syndrome and fasciotomy after a viper bite in Italy: a case report.,2024,Italian journal of pediatrics,6,"""furosemide""; ""jasplakinolide""",compound x growth plate,False,0.01
PMC11001277,38069821,10.1080/13880209.2023.2288289,Network pharmacology identification and <i>in vivo</i> validation of key pharmacological pathways of Qin Jiao for gout and arthritis.,2023,Pharmaceutical biology,6,"""colchicine""",compound x growth plate,False,0.01
PMC7199825,32377065,10.14744/semb.2019.00868,Approach Toward Diabetes Treatment in the Elderly.,2019,Sisli Etfal Hastanesi tip bulteni,6,"""furosemide""",compound x growth plate,False,0.01
PMC10136295,37189729,10.3390/biomedicines11041111,Characterization and Advancement of an Evaluation Method for the Treatment of Spontaneous Osteoarthritis in STR/ort Mice: GRGDS Peptides as a Potential Treatment for Osteoarthritis.,2023,Biomedicines,6,"""chondrocyte column""",target x growth x geometry,False,0.01
PMC11874768,40034405,10.2147/dddt.s494841,The Roles of Forkhead Box O3a (FOXO3a) in Bone and Cartilage Diseases - A Narrative Review.,2025,"Drug design, development and therapy",6,"""simvastatin""",compound x growth plate,False,0.01
PMC12343526,40808692,10.3389/fphar.2025.1594757,Quercetin ameliorates epithelial-mesenchymal transition and inflammation by targeting FSTL1 and modulating the NF-κB pathway in pulmonary fibrosis.,2025,Frontiers in pharmacology,6,"""cadherin""",target x growth x geometry,False,0.01
PMC11369024,38887851,10.1002/ame2.12439,"Animal models of tendon calcification: Past, present, and future.",2024,Animal models and experimental medicine,6,"""simvastatin""",compound x growth plate,False,0.01
PMC9915635,36767821,10.3390/ijerph20032455,Current Perspective on the Role of the Circadian Clock and Extracellular Matrix in Chronic Lung Diseases.,2023,International journal of environmental research and public health,6,"""GSK4112""",compound x growth plate,False,0.01
PMC11499118,39450183,10.3389/fimmu.2024.1343325,Cytoplasmic DNA and AIM2 inflammasome in RA: where they come from and where they go?,2024,Frontiers in immunology,6,"""amiloride""",compound x growth plate,False,0.01
PMC12140102,40475972,10.1093/burnst/tkaf013,Engineered extracellular vesicles derived from pluripotent stem cells: a cell-free approach to regenerative medicine.,2025,Burns & trauma,6,"""latrunculin""",compound x growth plate,False,0.01
PMC9309138,35699903,10.1007/s12325-022-02169-3,Clinical Considerations for Use of SGLT2 Inhibitor Therapy in Patients with Heart Failure and Reduced Ejection Fraction: A Review.,2022,Advances in therapy,6,"""furosemide""",compound x growth plate,False,0.01
PMC11359136,39205316,10.3390/v16081342,The Effects of Viral Infections on the Molecular and Signaling Pathways Involved in the Development of the PAOs.,2024,Viruses,6,"""planar cell polarity""",target x growth x geometry,False,0.01
PMC11828926,39952914,10.1038/s41413-025-00402-7,Matrix stiffness regulates nucleus pulposus cell glycolysis by MRTF-A-dependent mechanotransduction.,2025,Bone research,6,"""cytochalasin D""",compound x growth plate,False,0.01
PMC9805690,36587229,10.1186/s13578-022-00939-8,Targeting G-quadruplex for rescuing impaired chondrogenesis in WRN-deficient stem cells.,2022,Cell & bioscience,6,"""Y27632""",compound x growth plate,False,0.01
PMC10801085,38259612,10.3389/fgene.2023.1321379,Piezo1 mutant zebrafish as a model of idiopathic scoliosis.,2023,Frontiers in genetics,6,"""PIEZO1""; ""PIEZO2""",target x growth x geometry,False,0.01
PMC11456719,39043618,10.1111/os.14152,A New Tissue Engineering Strategy to Promote Tendon-bone Healing: Regulation of Osteogenic and Chondrogenic Differentiation of Tendon-derived Stem Cells.,2024,Orthopaedic surgery,6,"""simvastatin""",compound x growth plate,False,0.01
PMC12386134,40863236,10.3390/diseases13080263,PIEZO Channels in Mechano-Inflammation: Gatekeepers of Neuroimmune Crosstalk.,2025,"Diseases (Basel, Switzerland)",6,"""GsMTx4""; ""PIEZO2""",compound x growth plate; target x growth x geometry,False,0.01
PMC11600316,39605747,10.3389/fbioe.2024.1400472,Prospective and challenges of locally applied repurposed pharmaceuticals for periodontal tissue regeneration.,2024,Frontiers in bioengineering and biotechnology,6,"""lovastatin""; ""simvastatin""",compound x growth plate,False,0.01
PMC4408443,25967741,10.3402/jev.v4.27783,"The Fourth International Meeting of ISEV, ISEV2015.",2015,Journal of extracellular vesicles,6,"""fasudil""",compound x growth plate,False,0.01
PMC9205974,35715480,10.1038/s41598-022-14054-8,FAM111A is dispensable for electrolyte homeostasis in mice.,2022,Scientific reports,6,"""furosemide""",compound x growth plate,False,0.01
PMC9964763,36834981,10.3390/ijms24043569,Landscape of Well-Coordinated Fracture Healing in a Mouse Model Using Molecular and Cellular Analysis.,2023,International journal of molecular sciences,6,"""aquaporin""",target x growth x geometry,False,0.01
PMC12302762,40722154,10.1186/s12951-025-03597-3,A cell-free SHED lysate-hydrogel system for oral ulcer healing with anti-inflammatory and pro-angiogenic effects.,2025,Journal of nanobiotechnology,6,"""osmotic swelling""",target x growth x geometry,False,0.01
PMC12594717,40705152,10.1007/s11010-025-05358-0,Sirtuins in mitophagy: key gatekeepers of mitochondrial quality.,2025,Molecular and cellular biochemistry,6,"""nobiletin""",compound x growth plate,False,0.01
PMC7839819,33553990,10.1002/jbm4.10434,Probing the Scope and Mechanisms of Calcitriol Actions Using Genetically Modified Mouse Models.,2021,JBMR plus,6,"""jasplakinolide""",compound x growth plate,False,0.01
PMC12078793,40368898,10.1038/s41467-025-59665-7,Prolonging parathyroid hormone analog action in vitro and in vivo through peptide lipidation.,2025,Nature communications,6,"""jasplakinolide""",compound x growth plate,False,0.01
PMC9260372,34015897,10.6065/apem.2142006.003,Three pediatric patients with primary hyperparathyroidism caused by parathyroid adenoma.,2022,Annals of pediatric endocrinology & metabolism,6,"""furosemide""",compound x growth plate,False,0.01
PMC10179481,37176122,10.3390/ijms24098415,Peptide Regulation of Chondrogenic Stem Cell Differentiation.,2023,International journal of molecular sciences,6,"""cadherin""",target x growth x geometry,False,0.01
PMC11936482,40052602,10.3892/ijmm.2025.5516,Osteoking exerts pro‑osteogenic and anti‑adipogenic effects in promoting bone fracture healing via EGF/EGFR/HDAC1/Wnt/β‑catenin signaling.,2025,International journal of molecular medicine,6,"""cholesterol""",compound x growth plate,False,0.01
PMC9617813,36324366,10.7759/cureus.29764,Daptomycin-Related Rhabdomyolysis Complicated by Severe Hyperkalemia and Acute Kidney Injury.,2022,Cureus,6,"""furosemide""",compound x growth plate,False,0.01
PMC12508344,41062796,10.1186/s43556-025-00321-3,"Cholesterol metabolism: molecular mechanisms, biological functions, diseases, and therapeutic targets.",2025,Molecular biomedicine,6,"""lovastatin""",compound x growth plate,False,0.01
PMC9909034,36778003,10.3389/fphar.2023.1102318,Microtubule stabilization promotes the synthesis of type 2 collagen in nucleus pulposus cell by activating hippo-yap pathway.,2023,Frontiers in pharmacology,6,"""nocodazole""",compound x growth plate,False,0.01
PMC6501174,31149016,10.1155/2019/9792369,A Bioactive Cartilage Graft of IGF1-Transduced Adipose Mesenchymal Stem Cells Embedded in an Alginate/Bovine Cartilage Matrix Tridimensional Scaffold.,2019,Stem cells international,6,"""osmotic swelling""",target x growth x geometry,False,0.01
PMC11967064,40176023,10.1186/s12964-025-02156-5,ECM-binding properties of extracellular vesicles: advanced delivery strategies for therapeutic applications in bone and joint diseases.,2025,Cell communication and signaling : CCS,6,"""cholesterol""; ""focal adhesion""",compound x growth plate; target x growth x geometry,False,0.01
PMC12389070,40872573,10.3390/ph18081183,Ferroptosis as a Form of Cell Death-Medical Importance and Pharmacological Implications.,2025,"Pharmaceuticals (Basel, Switzerland)",6,"""lovastatin""",compound x growth plate,False,0.01
PMC7096097,27539147,10.1007/s00125-016-4046-9,Abstracts of 52nd EASD Annual Meeting.,2016,Diabetologia,6,"""NSC23766""",compound x growth plate,False,0.01
PMC10294482,37370126,10.1186/s12967-023-04275-4,Fam20c regulates the calpain proteolysis system through phosphorylating Calpasatatin to maintain cell homeostasis.,2023,Journal of translational medicine,6,"""CDC42""",target x growth x geometry,False,0.01
PMC7809376,33490663,10.1016/j.heliyon.2020.e05849,Progranulin depletion inhibits proliferation via the transforming growth factor beta/SMAD family member 2 signaling axis in Kasumi-1 cells.,2021,Heliyon,6,"""NSC23766""",compound x growth plate,False,0.01
PMC7889813,33614666,10.3389/fcell.2021.637011,CCDC154 Mutant Caused Abnormal Remodeling of the Otic Capsule and Hearing Loss in Mice.,2021,Frontiers in cell and developmental biology,6,"""LIMK1""; ""LIMK2""",target x growth x geometry,False,0.01
PMC11881422,40038808,10.1186/s13287-025-04144-5,Adipose-derived stem cells attenuate rheumatoid arthritis by restoring CX&lt;sub&gt;3&lt;/sub&gt;CR1&lt;sup&gt;+&lt;/sup&gt; synovial lining macrophage barrier.,2025,Stem cell research & therapy,6,"""nocodazole""",compound x growth plate,False,0.01
PMC11312232,39125703,10.3390/ijms25158128,Echocardiographic Strain Abnormalities Precede Left Ventricular Hypertrophy Development in Hypertrophic Cardiomyopathy Mutation Carriers.,2024,International journal of molecular sciences,6,"""MYH9""",target x growth x geometry,False,0.01
PMC9975954,36875767,10.3389/fcell.2023.987153,EWSR1 prevents the induction of aneuploidy through direct regulation of Aurora B.,2023,Frontiers in cell and developmental biology,6,"""nocodazole""",compound x growth plate,False,0.01
PMC11144130,38822888,10.1007/s10571-024-01482-5,Astrocyte-Specific Inhibition of the Primary Cilium Suppresses C3 Expression in Reactive Astrocyte.,2024,Cellular and molecular neurobiology,6,"""GSK1016790A""",compound x growth plate,False,0.01
PMC12110717,40422236,10.3390/cells14100733,Coupling of Intracellular Calcium Homeostasis and Formation and Secretion of Matrix Vesicles: Their Role in the Mechanism of Biomineralization.,2025,Cells,6,"""MYH9""",target x growth x geometry,False,0.01
PMC11103544,38770346,10.1016/j.heliyon.2024.e30983,"Revealing the potential bioactive components and mechanism of Qianhua Gout Capsules in the treatment of gouty arthritis through network pharmacology, molecular docking and pharmacodynamic study strategies.",2024,Heliyon,6,"""nobiletin""",compound x growth plate,False,0.01
PMC11648121,39615461,10.1016/j.ebiom.2024.105476,Homozygous variant in translocase of outer mitochondrial membrane 7 leads to metabolic reprogramming and microcephalic osteodysplastic dwarfism with moyamoya disease.,2024,EBioMedicine,6,"""Y-27632""",compound x growth plate,False,0.01
PMC10887778,38391445,10.3390/gels10020114,"Advances in Hydrogels for Meniscus Tissue Engineering: A Focus on Biomaterials, Crosslinking, Therapeutic Additives.",2024,"Gels (Basel, Switzerland)",6,"""simvastatin""",compound x growth plate,False,0.01
PMC11124183,38794160,10.3390/ph17050590,Potential Role of Dietary Phenolic Compounds in the Prevention and Treatment of Rheumatoid Arthritis: Current Reports.,2024,"Pharmaceuticals (Basel, Switzerland)",6,"""nobiletin""",compound x growth plate,False,0.01
PMC8855033,35186920,10.3389/fcell.2022.795522,Multiscale Strain Transfer in Cartilage.,2022,Frontiers in cell and developmental biology,6,"""osmotic swelling""",target x growth x geometry,False,0.01
PMC10795253,38233961,10.1186/s13287-024-03633-3,Modeled microgravity unravels the roles of mechanical forces in renal progenitor cell physiology.,2024,Stem cell research & therapy,6,"""ROCK1""; ""ROCK2""",target x growth x geometry,False,0.01
PMC9767356,36538560,10.1371/journal.pone.0275682,"Modulation of the long non-coding RNA Mir155hg by high, but not moderate, hydrostatic pressure in cartilage precursor cells.",2022,PloS one,6,"""EIPA""; ""amiloride""",compound x growth plate,False,0.01
PMC6089759,29916531,10.3892/ijmm.2018.3734,Proliferation and differentiation of rat adipose‑derived stem cells are regulated by yes‑associated protein.,2018,International journal of molecular medicine,6,"""latrunculin""",compound x growth plate,False,0.01
PMC11548305,39517820,10.3390/s24216923,TRPV4-A Multifunctional Cellular Sensor Protein with Therapeutic Potential.,2024,"Sensors (Basel, Switzerland)",6,"""GSK1016790A""; ""HC-067047""; ""RN-1734""; ""TRPV4""; ""aquaporin""",compound x growth plate; target x growth x geometry,False,0.01
PMC12459069,40988065,10.1186/s12967-025-06886-5,"Bio fluid exosomes: promises, challenges, and future directions in translational medicine.",2025,Journal of translational medicine,6,"""cofilin""",target x growth x geometry,False,0.01
PMC8325925,34258610,10.1242/bio.058544,Pressure-induced changes on the morphology and gene expression in mammalian cells.,2021,Biology open,6,"""ROCK2""",target x growth x geometry,False,0.01
PMC11595303,39597785,10.3390/jcm13226641,Exploring Metabolic Mechanisms in Calcific Tendinopathy and Shoulder Arthrofibrosis: Insights and Therapeutic Implications.,2024,Journal of clinical medicine,6,"""GsMTx4""",compound x growth plate,False,0.01
PMC6471772,30942403,10.3892/mmr.2019.10078,The role of lateral pterygoid muscle in the traumatic temporomandibular joint ankylosis: A gene chip based analysis.,2019,Molecular medicine reports,6,"""SLC12A2""",target x growth x geometry,False,0.01
PMC9106624,35088103,10.1007/s00198-021-06221-w,The efficacy and safety of different doses of calcitriol combined with neutral phosphate in X-linked hypophosphatemia: a prospective study.,2022,Osteoporosis international : a journal established as result of cooperation between the European Foundation for Osteoporosis and the National Osteoporosis Foundation of the USA,6,"""acetazolamide""",compound x growth plate,False,0.01
PMC5428963,28440393,10.3892/ijmm.2017.2954,Identification of key genes associated with Schmid-type metaphyseal chondrodysplasia based on microarray data.,2017,International journal of molecular medicine,6,"""MYH9""",target x growth x geometry,False,0.01
PMC12771863,41492134,10.1186/s12929-025-01211-0,Decoding collagen cues: the interplay of integrins and discoidin domain receptors in health and disease.,2026,Journal of biomedical science,6,"""MYH9""",target x growth x geometry,False,0.01
PMC12530706,40605036,10.1002/mabi.202500096,Recent Advances in Injectable Hydrogel Biotherapeutics for Regenerative Dental Medicine.,2025,Macromolecular bioscience,6,"""lovastatin""",compound x growth plate,False,0.01
PMC9917188,36768520,10.3390/ijms24032202,The Cell-Specific Role of SHP2 in Regulating Bone Homeostasis and Regeneration Niches.,2023,International journal of molecular sciences,6,"""cofilin""; ""lovastatin""",compound x growth plate; target x growth x geometry,False,0.01
PMC11941372,40136435,10.3390/cimb47030181,The Therapeutic Potential of Baicalin and Baicalein in Breast Cancer: A Systematic Review of Mechanisms and Efficacy.,2025,Current issues in molecular biology,6,"""nobiletin""",compound x growth plate,False,0.01
PMC10721276,37796615,10.1172/jci.insight.171984,Altered Sox9 and FGF signaling gene expression in Aga2 OI mice negatively affects linear growth.,2023,JCI insight,6,"""RAC1""; ""focal adhesion""",target x growth x geometry,False,0.01
PMC12105466,40376999,10.3892/mmr.2025.13565,Roles of Piezo1 in chronic inflammatory diseases and prospects for drug treatment (Review).,2025,Molecular medicine reports,6,"""GsMTx4""; ""Yoda1""",compound x growth plate,False,0.01
PMC9279576,35846330,10.3389/fendo.2022.920931,"Total Flavonoids of Drynariae Rhizoma Improve Glucocorticoid-Induced Osteoporosis of Rats: UHPLC-MS-Based Qualitative Analysis, Network Pharmacology Strategy and Pharmacodynamic Validation.",2022,Frontiers in endocrinology,6,"""nobiletin""",compound x growth plate,False,0.01
PMC11761576,39857766,10.3390/biomedicines13010182,Subgingival Delivery of Statins as an Adjunct in the Non-Surgical Treatment of Periodontitis: A Systematic Review.,2025,Biomedicines,5,"""lovastatin""; ""simvastatin""",compound x growth plate,False,0.008333333333333333
PMC11730102,39713884,10.4274/jcrpe.galenos.2024.2024-6-21-s,Rare Types of Congenital Adrenal Hyperplasias Other Than 21-hydroxylase Deficiency,2025,Journal of clinical research in pediatric endocrinology,5,"""amiloride""",compound x growth plate,False,0.008333333333333333
PMC11270426,39051200,10.3390/jdb12030018,Getting to the Core: Exploring the Embryonic Development from Notochord to Nucleus Pulposus.,2024,Journal of developmental biology,5,"""osmotic swelling""",target x growth x geometry,False,0.008333333333333333
PMC9968865,36795617,10.1089/zeb.2022.0042,"<i>wnt11f2</i> Zebrafish, an Animal Model for Development and New Insights in Bone Formation.",2023,Zebrafish,5,"""planar cell polarity""",target x growth x geometry,False,0.008333333333333333
PMC11660811,39702131,10.1186/s12891-024-08161-y,High molecular weight hyaluronic acid alleviates ovariectomy-induced bone loss in mice.,2024,BMC musculoskeletal disorders,5,"""Y27632""; ""simvastatin""",compound x growth plate,False,0.008333333333333333
PMC11300091,39104594,10.1155/2024/4751168,Promoting Articular Cartilage Regeneration through Microenvironmental Regulation.,2024,Journal of immunology research,5,"""GsMTx4""; ""PIEZO2""",compound x growth plate; target x growth x geometry,False,0.008333333333333333
PMC9810430,36636310,10.1098/rsos.220607,Changes in the mechanical properties of human mesenchymal stem cells during differentiation.,2023,Royal Society open science,5,"""cytochalasin D""",compound x growth plate,False,0.008333333333333333
PMC10858134,38334883,10.1007/s00432-024-05616-6,"Overexpression of aquaporin-1 plays a vital role in proliferation, apoptosis, and pyroptosis of Wilms' tumor cells.",2024,Journal of cancer research and clinical oncology,5,"""aquaporin""",target x growth x geometry,False,0.008333333333333333
PMC11294269,38763958,10.1007/s11154-024-09885-x,Inadequate linear catch-up growth in children born small for gestational age: Influencing factors and underlying mechanisms.,2024,Reviews in endocrine & metabolic disorders,5,"""CDC42""",target x growth x geometry,False,0.008333333333333333
PMC12528374,41093846,10.1038/s41467-025-64185-5,Piezo1 regulates the mechanotransduction of soft matrix viscoelasticity.,2025,Nature communications,5,"""PIEZO1""; ""ROCK2""; ""blebbistatin""; ""focal adhesion""",compound x growth plate; target x growth x geometry,False,0.008333333333333333
PMC11695707,39734277,10.1096/fj.202401712r,Ginsenoside Ro improves Salmonella Typhimurium-induced colitis through inhibition of the virulence factors SopB and SopE2 via the RAC1/CDC42/ARP2/3 pathway.,2024,FASEB journal : official publication of the Federation of American Societies for Experimental Biology,5,"""CDC42""",target x growth x geometry,False,0.008333333333333333
PMC11035113,38654935,10.1016/j.mtbio.2024.101050,Cyclic stretch induced epigenetic activation of periodontal ligament cells.,2024,Materials today. Bio,5,"""blebbistatin""; ""cytochalasin D""; ""nocodazole""",compound x growth plate,False,0.008333333333333333
PMC12309380,40740686,10.1093/burnst/tkaf027,Advances in mesenchymal stem cells and their derivatives for promoting peripheral nerve regeneration.,2025,Burns & trauma,5,"""cytochalasin D""",compound x growth plate,False,0.008333333333333333
PMC7100643,21969099,10.1007/s00210-011-0694-y,Tegaserod in the treatment of constipation-predominant irritable bowel syndrome. Do the risks outweigh the benefits?,2012,Naunyn-Schmiedeberg's archives of pharmacology,5,"""bumetanide""",compound x growth plate,False,0.008333333333333333
PMC7086823,27744567,10.1007/s00431-016-2785-8,"EAPS Congress 2016 : October 21-25, 2016.",2016,European journal of pediatrics,5,"""bumetanide""",compound x growth plate,False,0.008333333333333333
PMC11269110,39055494,10.3389/fphar.2024.1419494,Critical signaling molecules in the temporomandibular joint osteoarthritis under different magnitudes of mechanical stimulation.,2024,Frontiers in pharmacology,5,"""PIEZO2""; ""aquaporin""; ""primary cilia""",target x growth x geometry,False,0.008333333333333333
PMC11906866,40082449,10.1038/s41467-025-57610-2,A skin organoid-based infection platform identifies an inhibitor specific for HFMD.,2025,Nature communications,5,"""Y27632""",compound x growth plate,False,0.008333333333333333
PMC11312506,39125906,10.3390/ijms25158339,Potential Targeting Mechanisms for Bone-Directed Therapies.,2024,International journal of molecular sciences,5,"""FAK""; ""GsMTx4""; ""focal adhesion""",compound x growth plate; target x growth x geometry,False,0.008333333333333333
PMC7644914,33195276,10.3389/fcell.2020.596304,"Factors and Molecular Mechanisms Influencing the Protein Synthesis, Degradation and Membrane Trafficking of ASIC1a.",2020,Frontiers in cell and developmental biology,5,"""amiloride""",compound x growth plate,False,0.008333333333333333
PMC10714381,38038377,10.1530/eor-23-0138,Current indications for denosumab in benign bone tumours.,2023,EFORT open reviews,5,"""simvastatin""",compound x growth plate,False,0.008333333333333333
PMC12206867,40589764,10.3389/fimmu.2025.1599930,Integrated multi-omics and machine learning reveals immune-metabolic signatures in osteoarthritis: from bulk RNA-seq to single-cell resolution.,2025,Frontiers in immunology,5,"""fasudil""",compound x growth plate,False,0.008333333333333333
PMC9892552,36743414,10.3389/fcell.2023.1116128,Brief research report: Effects of Pinch deficiency on cartilage homeostasis in adult mice.,2023,Frontiers in cell and developmental biology,5,"""chondrocyte column""",target x growth x geometry,False,0.008333333333333333
PMC10813551,38275401,10.3390/biomedicines12010230,Modulating TRPV4 Channel Activity in Pro-Inflammatory Macrophages within the 3D Tissue Analog.,2024,Biomedicines,5,"""GSK1016790A""; ""HC-067047""; ""RN-1734""",compound x growth plate,False,0.008333333333333333
PMC10411344,37564993,10.3389/fbioe.2023.1252703,Editorial: Intervertebral disc degeneration and osteoarthritis: mechanisms of disease and functional repair.,2023,Frontiers in bioengineering and biotechnology,5,"""simvastatin""",compound x growth plate,False,0.008333333333333333
PMC10229697,36595209,10.1007/s43032-022-01162-z,Role and Clinical Significance of Monocarboxylate Transporter 8 (MCT8) During Pregnancy.,2023,"Reproductive sciences (Thousand Oaks, Calif.)",5,"""bumetanide""",compound x growth plate,False,0.008333333333333333
PMC10664884,37992123,10.1371/journal.pone.0294761,"BMP9 is a potent inducer of chondrogenesis, volumetric expansion and collagen type II accumulation in bovine auricular cartilage chondroprogenitors.",2023,PloS one,5,"""osmotic swelling""",target x growth x geometry,False,0.008333333333333333
PMC6396437,30806851,10.1186/s13244-019-0713-y,"ECR 2019: Book of Abstracts : Vienna, Austria. February 27 - March 3, 2019.",2019,Insights into imaging,5,"""acetazolamide""",compound x growth plate,False,0.008333333333333333
PMC11280082,39065733,10.3390/ph17070883,Anti-Inflammatory Effect of Atorvastatin and Rosuvastatin on Monosodium Urate-Induced Inflammation through IL-37/Smad3-Complex Activation in an In Vitro Study Using THP-1 Macrophages.,2024,"Pharmaceuticals (Basel, Switzerland)",5,"""lovastatin""",compound x growth plate,False,0.008333333333333333
PMC13149025,41781615,10.1038/s41586-026-10182-7,The molecular basis of force selectivity by PIEZO2.,2026,Nature,5,"""PIEZO1""; ""PIEZO2""; ""actin cortex""; ""cytochalasin D""; ""latrunculin""; ""osmotic swelling""",compound x growth plate; target x growth x geometry,False,0.008333333333333333
PMC12359172,40683107,10.1016/j.pharmr.2025.100077,Cell and tissue reprogramming: Unlocking a new era in medical drug discovery.,2025,Pharmacological reviews,5,"""Y-27632""; ""Y27632""; ""blebbistatin""",compound x growth plate,False,0.008333333333333333
PMC10968646,38534484,10.3390/bioengineering11030211,Regulation of Oxygen Tension as a Strategy to Control Chondrocytic Phenotype for Cartilage Tissue Engineering and Regeneration.,2024,"Bioengineering (Basel, Switzerland)",5,"""Y-27632""; ""fasudil""; ""netarsudil""; ""nocodazole""; ""ripasudil""",compound x growth plate,False,0.008333333333333333
PMC11624683,39649420,10.2147/jir.s498914,Mechanical Signal Transduction: A Key Role of Fluid Shear Forces in the Development of Osteoarthritis.,2024,Journal of inflammation research,5,"""PIEZO2""; ""TRPV4""",target x growth x geometry,False,0.008333333333333333
PMC10454035,37629084,10.3390/ijms241612903,Hedgehog-Related Mutation Causes Bone Malformations with or without Hereditary Gene Mutations.,2023,International journal of molecular sciences,5,"""cholesterol""; ""microtubule""; ""primary cilia""",compound x growth plate; target x growth x geometry,False,0.008333333333333333
PMC11121347,38786247,10.3390/gels10050330,Sulfated Hydrogels as Primary Intervertebral Disc Cell Culture Systems.,2024,"Gels (Basel, Switzerland)",5,"""osmotic swelling""",target x growth x geometry,False,0.008333333333333333
PMC10361617,37484945,10.3389/fendo.2023.1168306,The intricate mechanism of PLS3 in bone homeostasis and disease.,2023,Frontiers in endocrinology,5,"""cofilin""",target x growth x geometry,False,0.008333333333333333
PMC11926516,39420694,10.1002/smtd.202401144,An Integrated Microcurrent Delivery System Facilitates Human Parathyroid Hormone Delivery for Enhancing Osteoanabolic Effect.,2025,Small methods,5,"""RHOA""; ""Y27632""; ""cadherin""",compound x growth plate; target x growth x geometry,False,0.008333333333333333
PMC10889095,38396635,10.3390/ijms25041956,Sirtuins as Players in the Signal Transduction of <i>Citrus</i> Flavonoids.,2024,International journal of molecular sciences,5,"""nobiletin""",compound x growth plate,False,0.008333333333333333
PMC12291741,40722901,10.3390/antiox14070797,Antioxidant Intervention Against Microplastic Hazards.,2025,"Antioxidants (Basel, Switzerland)",5,"""nobiletin""",compound x growth plate,False,0.008333333333333333
PMC11761930,39872449,10.1016/j.heliyon.2025.e41730,Transient receptor potential channels in dental inflammation and pain perception: A comprehensive review.,2025,Heliyon,5,"""GSK1016790A""; ""HC-067047""; ""RN-1734""",compound x growth plate,False,0.008333333333333333
PMC11942259,40141196,10.3390/ijms26062554,"Glycosaminoglycans, Instructive Biomolecules That Regulate Cellular Activity and Synaptic Neuronal Control of Specific Tissue Functional Properties.",2025,International journal of molecular sciences,5,"""osmotic swelling""",target x growth x geometry,False,0.008333333333333333
PMC8465344,34571848,10.3390/cells10092199,Extracellular Vehicles of Oxygen-Depleted Mesenchymal Stromal Cells: Route to Off-Shelf Cellular Therapeutics?,2021,Cells,5,"""SLC9A1""",target x growth x geometry,False,0.008333333333333333
PMC3836919,24303342,10.1055/s-0033-1348955,Pathophysiology and treatment options in trigeminal meningoceles.,2013,Journal of neurological surgery reports,5,"""acetazolamide""",compound x growth plate,False,0.008333333333333333
PMC11466900,39398533,10.3389/fpain.2024.1452389,The mechanism and potential therapeutic target of piezo channels in pain.,2024,"Frontiers in pain research (Lausanne, Switzerland)",5,"""GsMTx4""; ""PIEZO2""; ""Yoda1""",compound x growth plate; target x growth x geometry,False,0.008333333333333333
PMC12020859,40275948,10.1016/j.mtbio.2025.101735,Advances in abiotic tissue-based biomaterials: A focus on decellularization and devitalization techniques.,2025,Materials today. Bio,5,"""latrunculin""",compound x growth plate,False,0.008333333333333333
PMC11727420,39727954,10.3390/cimb46120826,Clinical Potential of Misshapen/NIKs-Related Kinase (MINK) 1-A Many-Sided Element of Cell Physiology and Pathology.,2024,Current issues in molecular biology,5,"""CDC42""; ""aquaporin""; ""nocodazole""; ""planar cell polarity""",compound x growth plate; target x growth x geometry,False,0.008333333333333333
PMC11293425,38646780,10.1152/ajpcell.00613.2023,Involvement of kinesins in skeletal dysplasia: a review.,2024,American journal of physiology. Cell physiology,5,"""cell rotation""; ""centrosome""; ""microtubule""; ""primary cilia""",target x growth x geometry,False,0.008333333333333333
PMC12293748,40723914,10.3390/biom15071043,β-Catenin: A Key Molecule in Osteoblast Differentiation.,2025,Biomolecules,5,"""RAC1""; ""RHOA""; ""cadherin""; ""centrosome""; ""planar cell polarity""",target x growth x geometry,False,0.008333333333333333
PMC10373345,37516911,10.1084/jem.20220953,Skin mesenchymal niches maintain and protect AML-initiating stem cells.,2023,The Journal of experimental medicine,5,"""nocodazole""",compound x growth plate,False,0.008333333333333333
PMC10480249,37668682,10.1007/s00018-023-04930-5,Tensin-3 is involved in osteogenic versus adipogenic fate of human bone marrow stromal cells.,2023,Cellular and molecular life sciences : CMLS,5,"""RHOA""",target x growth x geometry,False,0.008333333333333333
PMC6248943,30462693,10.1371/journal.pone.0207309,Functional analyses of heteromeric human PIEZO1 Channels.,2018,PloS one,5,"""NHE1""",target x growth x geometry,False,0.008333333333333333
PMC9399521,36034872,10.3389/fphar.2022.888533,Unbiased transcriptome mapping and modeling identify candidate genes and compounds of osteoarthritis.,2022,Frontiers in pharmacology,5,"""fasudil""",compound x growth plate,False,0.008333333333333333
PMC7896741,33623369,10.2147/dddt.s286306,"Preparation, Characterization and in vitro/in vivo Evaluation of Lovastatin-Loaded PLGA Microspheres by Local Administration for Femoral Head Necrosis.",2021,"Drug design, development and therapy",5,"""lovastatin""",compound x growth plate,False,0.008333333333333333
PMC12210473,40598543,10.1186/s13287-025-04438-8,Pharmacological modulation of stem cells signaling pathway for therapeutic applications.,2025,Stem cell research & therapy,5,"""CDC42""; ""lovastatin""; ""planar cell polarity""",compound x growth plate; target x growth x geometry,False,0.008333333333333333
PMC12112630,40429954,10.3390/ijms26104814,The Double Life of microRNAs in Bone Sarcomas: Oncogenic Drivers and Tumor Suppressors.,2025,International journal of molecular sciences,5,"""ROCK1""",target x growth x geometry,False,0.008333333333333333
PMC12138068,40486838,10.1016/j.apsb.2025.02.007,Post-translational modifications of collagen and its related diseases in metabolic pathways.,2025,Acta pharmaceutica Sinica. B,5,"""FAK""; ""focal adhesion""",target x growth x geometry,False,0.008333333333333333
PMC10815230,38275606,10.3390/genes15010125,A Study of Polish Family with Scoliosis and Limb Contractures Expands the MYH3 Disease Spectrum.,2024,Genes,5,"""MYH9""",target x growth x geometry,False,0.008333333333333333
PMC11770177,39865089,10.1038/s41413-024-00393-x,Skeletal progenitor LRP1 deficiency causes severe and persistent skeletal defects with Wnt pathway dysregulation.,2025,Bone research,5,"""cholesterol""; ""planar cell polarity""",compound x growth plate; target x growth x geometry,False,0.008333333333333333
PMC10189438,37206246,10.1002/btm2.10468,Stirred culture of cartilaginous microtissues promotes chondrogenic hypertrophy through exposure to intermittent shear stress.,2023,Bioengineering & translational medicine,5,"""Y27632""",compound x growth plate,False,0.008333333333333333
PMC9236962,35784155,10.1016/j.jds.2022.04.017,A novel approach to establishing a temporomandibular joint fibrocartilage cell line.,2022,Journal of dental sciences,5,"""ROCK1""; ""Y-27632""",compound x growth plate; target x growth x geometry,False,0.008333333333333333
PMC11172055,38891981,10.3390/ijms25115795,Early Stages of Ex Vivo Collagen Glycation Disrupt the Cellular Interaction and Its Remodeling by Mesenchymal Stem Cells-Morphological and Biochemical Evidence.,2024,International journal of molecular sciences,5,"""focal adhesion""",target x growth x geometry,False,0.008333333333333333
PMC10471688,37380823,10.1007/s12035-023-03453-1,SLC26A11 Inhibition Reduces Oncotic Neuronal Death and Attenuates Stroke Reperfusion Injury.,2023,Molecular neurobiology,5,"""NKCC1""",target x growth x geometry,False,0.008333333333333333
PMC11700608,39498496,10.1093/jbmr/zjae178,Modeling of skeletal development and diseases using human pluripotent stem cells.,2024,Journal of bone and mineral research : the official journal of the American Society for Bone and Mineral Research,5,"""Y-27632""",compound x growth plate,False,0.008333333333333333
PMC12616850,41245993,10.1093/burnst/tkaf054,Piezo1 and tissue fibrosis: insights into its role and potential for modulation.,2025,Burns & trauma,5,"""GsMTx4""; ""MYH9""; ""PIEZO1""; ""PIEZO2""; ""ROCK1""; ""TRPV4""; ""Yoda1""; ""aquaporin""; ""non-muscle myosin II""",compound x growth plate; target x growth x geometry,False,0.008333333333333333
PMC11245777,39003467,10.1186/s12891-024-07644-2,Emerging biologic augmentation strategies for meniscal repair: a systematic review.,2024,BMC musculoskeletal disorders,5,"""simvastatin""",compound x growth plate,False,0.008333333333333333
PMC12582999,41195420,10.3389/fmolb.2025.1693456,"Mechanosensitive channel Piezo1 in calcium dynamics: structure, function, and emerging therapeutic strategies.",2025,Frontiers in molecular biosciences,5,"""GsMTx4""; ""Yoda1""",compound x growth plate,False,0.008333333333333333
PMC12865972,41444609,10.1186/s12967-025-07605-w,Mitochondrial fission and fusion in inflammatory diseases: mechanisms and therapeutic implications.,2025,Journal of translational medicine,5,"""ROCK1""",target x growth x geometry,False,0.008333333333333333
PMC12059161,40335469,10.1038/s41413-025-00422-3,Sirt6 deficiency promotes senescence and age-associated intervertebral disc degeneration in mice.,2025,Bone research,5,"""microtubule""",target x growth x geometry,False,0.008333333333333333
PMC11938090,40144794,10.1016/j.bioactmat.2025.02.043,Advances in locally administered nucleic acid therapeutics.,2025,Bioactive materials,5,"""NKCC1""",target x growth x geometry,False,0.008333333333333333
PMC10776937,38205313,10.1016/j.heliyon.2023.e23723,NMDAR activation attenuates the protective effect of BM-MSCs on bleomycin-induced ALI via the COX-2/PGE<sub>2</sub> pathway.,2024,Heliyon,5,"""NHE1""",target x growth x geometry,False,0.008333333333333333
PMC10701887,38075770,10.1021/acsomega.3c06228,Recent Advances in Chemically Engineered Nanostructures Impact on Ischemic Stroke Treatment.,2023,ACS omega,5,"""fasudil""",compound x growth plate,False,0.008333333333333333
PMC11694398,39496487,10.1523/jneurosci.0606-24.2024,Human iPSC-Derived MSCs Induce Neurotrophic Effects and Improve Metabolic Activity in Acute Neuronal Injury Models.,2025,The Journal of neuroscience : the official journal of the Society for Neuroscience,5,"""Y27632""",compound x growth plate,False,0.008333333333333333
PMC11255903,38917610,10.1016/j.psj.2024.103950,Hypothalamic transcriptome profile from laying period to incubation period of Changshun green-shell laying hens.,2024,Poultry science,5,"""MYH9""",target x growth x geometry,False,0.008333333333333333
PMC8688813,34988338,10.1016/j.ncrna.2021.12.003,Uncovering pathways regulating chondrogenic differentiation of CHH fibroblasts.,2021,Non-coding RNA research,5,"""cholesterol""",compound x growth plate,False,0.008333333333333333
PMC11673555,39767687,10.3390/biomedicines12122780,Dehydroepiandrosterone and Bone Health: Mechanisms and Insights.,2024,Biomedicines,5,"""cholesterol""",compound x growth plate; target x growth x geometry,False,0.008333333333333333
PMC10166724,37182087,10.7759/cureus.37310,Sodium-Glucose Cotransporter 2 Inhibitors: A Scoping Review of the Positive Implications on Cardiovascular and Renal Health and Dynamics for Clinical Practice.,2023,Cureus,5,"""furosemide""",compound x growth plate,False,0.008333333333333333
PMC11705844,39762888,10.1186/s12964-024-02019-5,BMAL1 ameliorates type 2 diabetes-induced cognitive impairment via AREG upregulation and PI3K/Akt/GSK-3β pathway activation.,2025,Cell communication and signaling : CCS,5,"""nobiletin""",compound x growth plate,False,0.008333333333333333
PMC11905839,40083835,10.1016/j.ocarto.2025.100572,The inflammatory endotype in osteoarthritis: Reflections from the 2024 OARSI clinical trials symposium (CTS) with a special emphasis on feasibility for clinical development.,2025,Osteoarthritis and cartilage open,5,"""colchicine""",compound x growth plate,False,0.008333333333333333
PMC12004445,40052622,10.1002/adhm.202403742,An Intervertebral Disc (IVD) Regeneration Model Using Human Nucleus Pulposus Cells (iHNPCs) and Annulus Fibrosus Cells (iHAFCs).,2025,Advanced healthcare materials,5,"""osmotic swelling""",target x growth x geometry,False,0.008333333333333333
PMC6936038,31847759,10.1098/rsif.2019.0571,Free-energy-based framework for early forecasting of stem cell differentiation.,2019,"Journal of the Royal Society, Interface",5,"""blebbistatin""",compound x growth plate,False,0.008333333333333333
PMC11238009,38994100,10.1016/j.heliyon.2024.e32974,Aging-related changes in the mechanical properties of single cells.,2024,Heliyon,5,"""actin cortex""",target x growth x geometry,False,0.008333333333333333
PMC9729200,36477591,10.1038/s41536-022-00265-0,Rapid induction and long-term self-renewal of neural crest-derived ectodermal chondrogenic cells from hPSCs.,2022,NPJ Regenerative medicine,5,"""blebbistatin""",compound x growth plate,False,0.008333333333333333
PMC12702195,41399464,10.1016/j.bioactmat.2025.11.024,"Three-tier framework for high-throughput biofabrication: Integrating 3D bioprinting, assistive platforms, and translational opportunities.",2026,Bioactive materials,5,"""blebbistatin""",compound x growth plate,False,0.008333333333333333
PMC12202797,40571699,10.1038/s41467-025-61071-y,Integrin beta 1 facilitates non-enveloped hepatitis E virus cell entry through the recycling endosome.,2025,Nature communications,5,"""integrin beta1""",target x growth x geometry,False,0.008333333333333333
PMC11907416,40093630,10.5851/kosfa.2025.e7,The Impact of Fermented Dairy Products and Probiotics on Bone Health Improvement.,2025,Food science of animal resources,4,"""jasplakinolide""",compound x growth plate,False,0.006666666666666667
PMC11060996,38457001,10.1007/s11914-024-00863-5,Osteocytes and Paget's Disease of Bone.,2024,Current osteoporosis reports,4,"""jasplakinolide""",compound x growth plate,False,0.006666666666666667
PMC12647678,41290657,10.1038/s41467-025-65463-y,Active foam dynamics of tissue spheroid fusion.,2025,Nature communications,4,"""Y-27632""; ""blebbistatin""; ""jasplakinolide""; ""non-muscle myosin II""",compound x growth plate; target x growth x geometry,False,0.006666666666666667
PMC12630531,41258926,10.1186/s40729-025-00656-0,Bridging the missing middle in osseointegration: meso-scale topography between macro design and microroughness.,2025,International journal of implant dentistry,4,"""osmotic swelling""",target x growth x geometry,False,0.006666666666666667
PMC9743772,36510185,10.1186/s12877-022-03589-0,Detecting low-intake dehydration using bioelectrical impedance analysis in older adults in acute care settings: a systematic review.,2022,BMC geriatrics,4,"""furosemide""",compound x growth plate,False,0.006666666666666667
PMC12140095,40444490,10.3892/ijmm.2025.5556,Epigenetic roles of chromatin remodeling complexes in bone biology and the pathogenesis of bone‑related disease (Review).,2025,International journal of molecular medicine,4,"""CDC42""",target x growth x geometry,False,0.006666666666666667
PMC8269345,34281215,10.3390/ijms22137162,Antiepileptic Stiripentol May Influence Bones.,2021,International journal of molecular sciences,4,"""jasplakinolide""",compound x growth plate,False,0.006666666666666667
PMC9941846,36824691,10.1002/pul2.12200,Aggrecan accumulates at sites of increased pulmonary arterial pressure in idiopathic pulmonary arterial hypertension.,2023,Pulmonary circulation,4,"""osmotic swelling""",target x growth x geometry,False,0.006666666666666667
PMC10888373,38392197,10.3390/cimb46020079,"Genomic Determinants of Knee Joint Biomechanics: An Exploration into the Molecular Basis of Locomotor Function, a Narrative Review.",2024,Current issues in molecular biology,4,"""osmotic swelling""",target x growth x geometry,False,0.006666666666666667
PMC5979447,29570665,10.3390/ijms19040960,Compressive Force Spectroscopy: From Living Cells to Single Proteins.,2018,International journal of molecular sciences,4,"""actin cortex""",target x growth x geometry,False,0.006666666666666667
PMC12244518,40657190,10.1002/smsc.202400410,"Micropillars in Cell Mechanobiology: Design, Fabrication, Characterization, and Biosensing Applications.",2025,Small science,4,"""blebbistatin""; ""focal adhesion""",compound x growth plate; target x growth x geometry,False,0.006666666666666667
PMC8891868,35209729,10.1177/23247096221076275,A Fatal Case of Penile Calciphylaxis.,2022,Journal of investigative medicine high impact case reports,4,"""furosemide""",compound x growth plate,False,0.006666666666666667
PMC8485489,34593051,10.1186/s40842-021-00132-9,Risk factors for diabetic foot ulcers in metreleptin naïve patients with lipodystrophy.,2021,Clinical diabetes and endocrinology,4,"""furosemide""",compound x growth plate,False,0.006666666666666667
PMC8470846,34576079,10.3390/ijms22189917,Zone-Dependent Architecture and Biochemical Composition of Decellularized Porcine Nasal Cartilage Modulate the Activity of Adipose Tissue-Derived Stem Cells in Cartilage Regeneration.,2021,International journal of molecular sciences,4,"""ROCK2""",target x growth x geometry,False,0.006666666666666667
PMC11426494,39325741,10.1371/journal.pone.0308233,Synergistic celecoxib and dimethyl-celecoxib combinations block cervix cancer growth through multiple mechanisms.,2024,PloS one,4,"""acetazolamide""; ""fasudil""",compound x growth plate,False,0.006666666666666667
PMC12686584,41377763,10.1002/mco2.70523,"Mechanical Signaling: Molecular Mechanisms, Biological Functions, Diseases, and Therapeutic Targets.",2025,MedComm,4,"""CDC42""; ""FAK""; ""RAC1""; ""RHOA""; ""ROCK1""; ""ROCK2""; ""belumosudil""; ""blebbistatin""; ""cadherin""; ""cofilin""; ""defactinib""; ""fasudil""; ""focal adhesion""; ""latrunculin""; ""microtubule""",compound x growth plate; target x growth x geometry,False,0.006666666666666667
PMC11234256,38981683,10.26508/lsa.202402842,ER procollagen storage defect without coupled unfolded protein response drives precocious arthritis.,2024,Life science alliance,4,"""Y-27632""",compound x growth plate,False,0.006666666666666667
PMC11458798,39375515,10.1038/s42003-024-06976-y,Calcium wave dynamics in the embryonic mouse gut mesenchyme: impact on smooth muscle differentiation.,2024,Communications biology,4,"""Y-27632""",compound x growth plate,False,0.006666666666666667
PMC12710065,41550639,10.1016/j.pscia.2025.100085,Circular RNA: From non-coding regulators to functional protein encoders.,2025,Pharmaceutical science advances,4,"""MYH9""",target x growth x geometry,False,0.006666666666666667
PMC11874676,39690790,10.1002/adhm.202401752,"TP8, A Novel Chondroinductive Peptide, Significantly Promoted Neo-Cartilage Repair without Activating Bone Formation.",2025,Advanced healthcare materials,4,"""cadherin""",target x growth x geometry,False,0.006666666666666667
PMC10854544,38338049,10.3390/ani14030406,Proteomic Analysis Reveals the Effects of Different Dietary Protein Levels on Growth and Development of Jersey-Yak.,2024,Animals : an open access journal from MDPI,4,"""MYH9""",target x growth x geometry,False,0.006666666666666667
PMC11351826,39200324,10.3390/biomedicines12081860,Endocrine Disorders in Nephrotic Syndrome-A Comprehensive Review.,2024,Biomedicines,4,"""aquaporin""; ""furosemide""",compound x growth plate; target x growth x geometry,False,0.006666666666666667
PMC11947321,40140357,10.1038/s41413-025-00418-z,Callus organoids reveal distinct cartilage to bone transition mechanisms across donors and a role for biological sex.,2025,Bone research,4,"""Y27632""",compound x growth plate,False,0.006666666666666667
PMC12190186,40564465,10.3390/bioengineering12060649,Toward Integrative Biomechanical Models of Osteochondral Tissues: A Multilayered Perspective.,2025,"Bioengineering (Basel, Switzerland)",4,"""osmotic swelling""",target x growth x geometry,False,0.006666666666666667
PMC10864776,38351731,10.22074/cellj.2023.2009047.1391,Fabrication of Rosuvastatin-Incorporated Polycaprolactone -Gelatin Scaffold for Bone Repair: A Preliminary <i>In Vitro</i> Study.,2024,Cell journal,4,"""lovastatin""",compound x growth plate,False,0.006666666666666667
PMC11457791,39377043,10.2147/jir.s475617,Roles of Microenvironment on Mesenchymal Stem Cells Therapy for Osteoarthritis.,2024,Journal of inflammation research,4,"""lovastatin""",compound x growth plate,False,0.006666666666666667
PMC9671658,36406265,10.3389/fmolb.2022.1009402,<i>Glis1</i> and oxaloacetate in nucleus pulposus stromal cell somatic reprogramming and survival.,2022,Frontiers in molecular biosciences,4,"""SLC9A1""",target x growth x geometry,False,0.006666666666666667
PMC11182653,38887221,10.1093/burnst/tkae017,Early short-term hypoxia promotes epidermal cell migration by activating the CCL2-ERK1/2 pathway and epithelial-mesenchymal transition during wound healing.,2024,Burns & trauma,4,"""MYH9""",target x growth x geometry,False,0.006666666666666667
PMC7488610,32963785,10.1177/2050313x20944308,Thrombotic microangiopathy following hump-nosed viper '<i>Hypnale'</i> envenomation.,2020,SAGE open medical case reports,4,"""furosemide""",compound x growth plate,False,0.006666666666666667
PMC10300351,37388412,10.3389/fncel.2023.1210279,"The role of epigenetic modifications in sensory hair cell development, survival, and regulation.",2023,Frontiers in cellular neuroscience,4,"""furosemide""",compound x growth plate,False,0.006666666666666667
PMC10134709,37131920,10.1186/s41100-023-00475-2,"Review on kidney diseases: types, treatment and potential of stem cell therapy.",2023,Renal replacement therapy,4,"""furosemide""",compound x growth plate,False,0.006666666666666667
PMC10408075,37553672,10.1186/s13000-023-01348-2,Circ_0001715 accelerated lung adenocarcinoma process by the miR-1322/CANT1 axis.,2023,Diagnostic pathology,4,"""LIMK1""",target x growth x geometry,False,0.006666666666666667
PMC9259575,35794133,10.1038/s41598-022-15225-3,A structural homology approach to identify potential cross-reactive antibody responses following SARS-CoV-2 infection.,2022,Scientific reports,4,"""LIMK1""; ""LIMK2""",target x growth x geometry,False,0.006666666666666667
PMC10733461,38130826,10.3389/fbioe.2023.1290870,Recent advances in polymeric microparticle-based drug delivery systems for knee osteoarthritis treatment.,2023,Frontiers in bioengineering and biotechnology,4,"""NSC23766""",compound x growth plate,False,0.006666666666666667
PMC12479186,40322858,10.1002/art.43215,Gout and NLRP3 Inflammasome Biology.,2025,"Arthritis & rheumatology (Hoboken, N.J.)",4,"""colchicine""",compound x growth plate,False,0.006666666666666667
PMC11351947,39194503,10.3390/biology13080565,Converging Mechanisms of Vascular and Cartilaginous Calcification.,2024,Biology,4,"""cholesterol""; ""focal adhesion""",compound x growth plate; target x growth x geometry,False,0.006666666666666667
PMC11600836,39593070,10.1186/s12964-024-01934-x,miR-574-5p in epigenetic regulation and Toll-like receptor signaling.,2024,Cell communication and signaling : CCS,4,"""ROCK2""",target x growth x geometry,False,0.006666666666666667
PMC10265575,37202924,10.1021/acsbiomaterials.3c00254,Proteomic Analysis of Mesenchymal Stem Cells and Monocyte Co-Cultures Exposed to a Bioactive Silica-Based Sol-Gel Coating.,2023,ACS biomaterials science & engineering,4,"""MYH9""; ""ROCK2""",target x growth x geometry,False,0.006666666666666667
PMC11310048,39130631,10.3389/fphar.2024.1388753,Chinese classical decoction Wuwei Xiaodu Drink alleviates gout arthritis by suppressing NLRP3-Mediated inflammation.,2024,Frontiers in pharmacology,4,"""colchicine""",compound x growth plate,False,0.006666666666666667
PMC11286676,38727898,10.1007/s11626-024-00909-z,The role of semaphorin 3A on chondrogenic differentiation.,2024,In vitro cellular & developmental biology. Animal,4,"""RAC1""",target x growth x geometry,False,0.006666666666666667
PMC9814489,36620224,10.3389/fphys.2022.1095868,Bibliometric insights from publications on subchondral bone research in osteoarthritis.,2022,Frontiers in physiology,4,"""defactinib""",compound x growth plate,False,0.006666666666666667
PMC10361663,37484914,10.3389/fcell.2023.981425,HURP localization in metaphase is the result of a multi-step process requiring its phosphorylation at Ser627 residue.,2023,Frontiers in cell and developmental biology,4,"""nocodazole""",compound x growth plate,False,0.006666666666666667
PMC11941925,40136918,10.3390/gels11030213,"Influence of Cell Seeding Density and Material Stiffness on Chondrogenesis of Human Stem Cells Within Soft Hydrogels, Without the Use of Exogenous Growth Factors.",2025,"Gels (Basel, Switzerland)",4,"""cadherin""; ""cytochalasin D""",compound x growth plate; target x growth x geometry,False,0.006666666666666667
PMC11139932,38816547,10.1038/s42003-024-06369-1,Single cell RNA analysis uncovers the cell differentiation and functionalization for air breathing of frog lung.,2024,Communications biology,4,"""MYH9""",target x growth x geometry,False,0.006666666666666667
PMC12116271,40443403,10.1515/jtim-2025-0016,Eupatilin unveiled: An in-depth exploration of research advancements and clinical therapeutic prospects.,2025,Journal of translational internal medicine,4,"""cofilin""",target x growth x geometry,False,0.006666666666666667
PMC7450316,32908542,10.1155/2020/5385960,Mechanical Strain-Mediated Tenogenic Differentiation of Mesenchymal Stromal Cells Is Regulated through Epithelial Sodium Channels.,2020,Stem cells international,4,"""amiloride""",compound x growth plate,False,0.006666666666666667
PMC11861680,40000807,10.1038/s42003-025-07765-x,Mapk7 enhances osteogenesis and suppresses adipogenesis by activating Lrp6/β-catenin signaling axis in mesenchymal stem cells.,2025,Communications biology,4,"""FAK""",target x growth x geometry,False,0.006666666666666667
PMC6180608,30305023,10.1186/s12863-018-0678-8,A recessive lethal chondrodysplasia in a miniature zebu family results from an insertion affecting the chondroitin sulfat domain of aggrecan.,2018,BMC genetics,4,"""chondrocyte column""",target x growth x geometry,False,0.006666666666666667
PMC12586686,41034524,10.1038/s12276-025-01546-6,An overview of mechanical microenvironment and mechanotransduction in intervertebral disc degeneration.,2025,Experimental & molecular medicine,4,"""FAK""; ""PIEZO1""; ""RHOA""; ""ROCK1""; ""TRPV4""; ""cadherin""",target x growth x geometry,False,0.006666666666666667
PMC11296484,39093811,10.1097/md.0000000000038744,Bioinformatics and machine learning approaches reveal key genes and underlying molecular mechanisms of atherosclerosis: A review.,2024,Medicine,4,"""fasudil""",compound x growth plate,False,0.006666666666666667
PMC11783947,39891158,10.1186/s13018-025-05487-8,The protective effect and experimental research progress of pleotropic statins in intervertebral disc degeneration.,2025,Journal of orthopaedic surgery and research,4,"""lovastatin""; ""simvastatin""",compound x growth plate,False,0.006666666666666667
PMC11705767,39515335,10.1016/j.crmeth.2024.100897,Generation of self-renewing neuromesodermal progenitors with neuronal and skeletal muscle bipotential from human embryonic stem cells.,2024,Cell reports methods,4,"""blebbistatin""",compound x growth plate,False,0.006666666666666667
PMC12703228,41392598,10.1111/imr.70086,Mechanosensing in Dendritic Cells.,2026,Immunological reviews,4,"""CDC42""; ""PIEZO1""; ""RAC1""; ""RHOA""; ""actin cortex""; ""blebbistatin""; ""centrosome""; ""cholesterol""; ""cofilin""; ""focal adhesion""; ""microtubule""; ""nocodazole""",compound x growth plate; target x growth x geometry,False,0.006666666666666667
PMC8149919,34037924,10.1007/s12015-021-10187-x,Equine Hoof Stem Progenitor Cells (HPC) CD29 + /Nestin + /K15 + - a Novel Dermal/epidermal Stem Cell Population With a Potential Critical Role for Laminitis Treatment.,2021,Stem cell reviews and reports,4,"""integrin beta1""",target x growth x geometry,False,0.006666666666666667
PMC8214166,33962231,10.1016/j.ijpp.2021.04.007,"Gout and 'Podagra' in medieval Cambridge, England.",2021,International journal of paleopathology,4,"""colchicine""",compound x growth plate,False,0.006666666666666667
PMC11926326,40111633,10.1007/s12672-025-02116-y,Citrus flavonoids for overcoming breast cancer resistance to methotrexate: identification of potential targets of nobiletin and sinensetin.,2025,Discover oncology,4,"""nobiletin""",compound x growth plate,False,0.006666666666666667
PMC12071641,40362332,10.3390/ijms26094093,In Silico Insights into the Inhibition of ADAMTS-5 by Punicalagin and Ellagic Acid for the Treatment of Osteoarthritis.,2025,International journal of molecular sciences,4,"""osmotic swelling""",target x growth x geometry,False,0.006666666666666667
PMC12356849,40817102,10.1038/s41467-025-62972-8,RKIP regulates bone marrow macrophage differentiation to mediate osteoclastogenesis and H-type vessel formation.,2025,Nature communications,4,"""CDC42""",target x growth x geometry,False,0.006666666666666667
PMC12024848,40282211,10.3390/biology14040346,Mechanotransduction in Development: A Focus on Angiogenesis.,2025,Biology,4,"""CDC42""; ""FAK""; ""PIEZO1""; ""PIEZO2""; ""TRPV4""; ""aquaporin""; ""cadherin""; ""cholesterol""; ""focal adhesion""; ""microtubule""; ""planar cell polarity""; ""primary cilia""",target x growth x geometry,False,0.006666666666666667
PMC10223080,37233703,10.3390/metabo13050662,Bone Metabolite Profile Differs between Normal and Femur Head Necrosis (FHN/BCO)-Affected Broilers: Implications for Dysregulated Metabolic Cascades in FHN Pathophysiology.,2023,Metabolites,4,"""aquaporin""",target x growth x geometry,False,0.006666666666666667
PMC11820189,39940432,10.3390/nu17030574,Sericin's Potential in Osteoporosis Management: The Roles of L-Serine and D-Serine in Bone Metabolism Regulation.,2025,Nutrients,4,"""jasplakinolide""",compound x growth plate,False,0.006666666666666667
PMC12589126,40817406,10.1038/s41375-025-02734-z,Distinct stromal cell populations define the B-cell acute lymphoblastic leukemia microenvironment.,2025,Leukemia,4,"""integrin beta1""",target x growth x geometry,False,0.006666666666666667
PMC10629087,37932828,10.1186/s13578-023-01145-w,Safety and efficacy of human ESC-derived corneal endothelial cells for corneal endothelial dysfunction.,2023,Cell & bioscience,4,"""Y27632""",compound x growth plate,False,0.006666666666666667
PMC12082312,40395493,10.1016/j.mbm.2024.100066,Advances in micropatterning technology for mechanotransduction research.,2024,Mechanobiology in medicine,4,"""FAK""; ""RAC1""; ""RHOA""; ""centrosome""; ""focal adhesion""",target x growth x geometry,False,0.006666666666666667
PMC12317061,40750776,10.1038/s41467-025-62540-0,Peptide-based rigid nanorod-reinforced gelatin methacryloyl hydrogels for osteochondral regeneration and additive manufacturing.,2025,Nature communications,4,"""cytochalasin D""",compound x growth plate,False,0.006666666666666667
PMC11477157,39408816,10.3390/ijms251910488,Genetic Background of Medication-Related Osteonecrosis of the Jaw: Current Evidence and Future Perspectives.,2024,International journal of molecular sciences,4,"""amiloride""",compound x growth plate,False,0.006666666666666667
PMC8910499,35269809,10.3390/ijms23052661,Identification of Surface Antigens That Define Human Pluripotent Stem Cell-Derived PRRX1+Limb-Bud-like Mesenchymal Cells.,2022,International journal of molecular sciences,4,"""Y27632""",compound x growth plate,False,0.006666666666666667
PMC10466773,37644502,10.1186/s40824-023-00419-1,Self-organized insulin-producing β-cells differentiated from human omentum-derived stem cells and their in vivo therapeutic potential.,2023,Biomaterials research,4,"""latrunculin""",compound x growth plate,False,0.006666666666666667
PMC12058784,40342928,10.3389/fcell.2025.1553683,ANXA5: related mechanisms of osteogenesis and additional biological functions.,2025,Frontiers in cell and developmental biology,4,"""RHOA""",target x growth x geometry,False,0.006666666666666667
PMC10855786,38339062,10.3390/ijms25031783,Transcriptome Analysis Reveals Anti-Cancer Effects of Isorhapontigenin (ISO) on Highly Invasive Human T24 Bladder Cancer Cells.,2024,International journal of molecular sciences,4,"""MYH9""",target x growth x geometry,False,0.006666666666666667
PMC11594888,39596516,10.3390/ijms252212450,Screening of SNP Loci Related to Leg Length Trait in Leizhou Goats Based on Whole-Genome Resequencing.,2024,International journal of molecular sciences,4,"""RAC1""",target x growth x geometry,False,0.006666666666666667
PMC11345164,39188913,10.3389/fendo.2024.1429567,The role of Clec11a in bone construction and remodeling.,2024,Frontiers in endocrinology,4,"""FAK""; ""PIEZO1""",target x growth x geometry,False,0.006666666666666667
PMC12752602,41082442,10.1002/advs.202514174,Electrosensitive Heterogeneous Short Fibers via Acousto-Electric Coupling for Sequential Bone Regeneration in Infectious Defects.,2025,"Advanced science (Weinheim, Baden-Wurttemberg, Germany)",4,"""GSK1016790A""; ""integrin alpha10""",compound x growth plate; target x growth x geometry,False,0.006666666666666667
PMC12016306,40269911,10.1186/s12938-025-01368-7,Application and optimization of bioengineering strategies in facilitating tendon-bone healing.,2025,Biomedical engineering online,4,"""simvastatin""",compound x growth plate,False,0.006666666666666667
PMC10716882,37694792,10.2174/1570159x21666230908094159,Involvement of the Transient Receptor Channels in Preclinical Models of Musculoskeletal Pain.,2024,Current neuropharmacology,4,"""HC-067047""; ""amiloride""",compound x growth plate,False,0.006666666666666667
PMC11872873,40025280,10.1007/s00018-025-05622-y,SOX9 haploinsufficiency reveals SOX9-Noggin interaction in BMP-SMAD signaling pathway in chondrogenesis.,2025,Cellular and molecular life sciences : CMLS,4,"""Y-27632""",compound x growth plate,False,0.006666666666666667
PMC11426247,39346542,10.7150/thno.98149,Nicotinamide mononucleotide enhances fracture healing by promoting skeletal stem cell proliferation.,2024,Theranostics,4,"""Y-27632""",compound x growth plate,False,0.006666666666666667
PMC11735927,39822341,10.1016/j.reth.2024.09.007,Automated xeno-free chondrogenic differentiation from human embryonic stem cells: Enhancing efficiency and ensuring high-quality mass production.,2024,Regenerative therapy,4,"""Y-27632""",compound x growth plate,False,0.006666666666666667
PMC12071322,40362247,10.3390/ijms26094007,Mechanosignaling in Osteoporosis: When Cells Feel the Force.,2025,International journal of molecular sciences,4,"""GSK1016790A""; ""PIEZO2""; ""TRPV4""; ""Yoda1""; ""cofilin""; ""primary cilia""",compound x growth plate; target x growth x geometry,False,0.006666666666666667
PMC11638852,39423254,10.1093/jbmr/zjae173,Achondroplasia: aligning mouse model with human clinical studies shows crucial importance of immediate postnatal start of the therapy.,2024,Journal of bone and mineral research : the official journal of the American Society for Bone and Mineral Research,4,"""primary cilia""",target x growth x geometry,False,0.006666666666666667
PMC10705919,38069012,10.3390/ijms242316687,"Ouabain's Influence on TRPV4 Channels of Epithelial Cells: An Exploration of TRPV4 Activity, Expression, and Signaling Pathways.",2023,International journal of molecular sciences,4,"""GSK1016790A""; ""HC-067047""",compound x growth plate,False,0.006666666666666667
PMC12296549,40718731,10.1016/j.bioactmat.2025.07.007,"Shape memory bone screws loading L-arginine and Ca&lt;sup&gt;2+&lt;/sup&gt; propagate mechanical stimulation, energize bone cells and augment bone regeneration.",2025,Bioactive materials,4,"""PIEZO2""",target x growth x geometry,False,0.006666666666666667
PMC11940178,40149669,10.3390/biomedicines13030693,"&lt;i&gt;Prg4&lt;/i&gt; and Osteoarthritis: Functions, Regulatory Factors, and Treatment Strategies.",2025,Biomedicines,4,"""RHOA""; ""planar cell polarity""",target x growth x geometry,False,0.006666666666666667
PMC9405370,36009792,10.3390/biology11081165,Morphometric and Genetic Description of Trophic Adaptations in Cichlid Fishes.,2022,Biology,4,"""NKCC1""; ""SLC12A2""",target x growth x geometry,False,0.006666666666666667
PMC8310197,34208941,10.3390/toxins13070459,<i>Bothrops moojeni</i> Venom and Its Components Strongly Affect Osteoclasts' Maturation and Protein Patterns.,2021,Toxins,4,"""NHE1""",target x growth x geometry,False,0.006666666666666667
PMC10642248,37965041,10.3389/fnmol.2023.1229728,Urine-derived stem cells in neurological diseases: current state-of-the-art and future directions.,2023,Frontiers in molecular neuroscience,4,"""Y27632""",compound x growth plate,False,0.006666666666666667
PMC11173070,38892322,10.3390/ijms25116134,In Vitro Cell Culture Model for Osteoclast Activation during Estrogen Withdrawal.,2024,International journal of molecular sciences,4,"""nocodazole""; ""non-muscle myosin II""",compound x growth plate; target x growth x geometry,False,0.006666666666666667
PMC12234856,40624278,10.1038/s41598-025-09549-z,PIEZO1 activity promotes stemness in mesenchymal stem cells under shear stress and enhances protection of leukemia cells.,2025,Scientific reports,4,"""Yoda1""",compound x growth plate,False,0.006666666666666667
PMC12620628,41255574,10.34133/research.0978,Dual-Function Biomaterials for Postoperative Osteosarcoma: Tumor Suppression and Bone Regeneration.,2025,"Research (Washington, D.C.)",4,"""simvastatin""",compound x growth plate,False,0.006666666666666667
PMC12346948,40806716,10.3390/ijms26157590,Curcumin as a Dual Modulator of Pyroptosis: Mechanistic Insights and Therapeutic Potential.,2025,International journal of molecular sciences,4,"""nobiletin""; ""simvastatin""",compound x growth plate,False,0.006666666666666667
PMC5918624,29720879,10.2147/tacg.s150982,Fetal chondrodysplasia punctata associated with maternal autoimmune diseases: a review.,2018,The application of clinical genetics,4,"""acetazolamide""",compound x growth plate,False,0.006666666666666667
PMC11226812,38975170,10.1016/j.heliyon.2024.e32434,"Diverse role, structural trends, and applications of fluorinated sulphonamide compounds in agrochemical and pharmaceutical fields.",2024,Heliyon,4,"""acetazolamide""",compound x growth plate,False,0.006666666666666667
PMC11729033,39807177,10.1016/j.ijpx.2024.100313,Synthesis and use of thermoplastic polymers for tissue engineering purposes.,2025,International journal of pharmaceutics: X,4,"""ROCK1""",target x growth x geometry,False,0.006666666666666667
PMC11817742,39936974,10.3390/cells14030180,"GJA1-20k, a Short Isoform of Connexin43, from Its Discovery to Its Potential Implication in Cancer Progression.",2025,Cells,4,"""microtubule""",target x growth x geometry,False,0.006666666666666667
PMC11045468,38680671,10.5312/wjo.v15.i4.363,Exercise promotes osteogenic differentiation by activating the long non-coding RNA H19/microRNA-149 axis.,2024,World journal of orthopedics,4,"""microtubule""",target x growth x geometry,False,0.006666666666666667
PMC10095002,37047767,10.3390/ijms24076796,Ca<sup>2+</sup>-Activated K<sup>+</sup> Channels in Progenitor Cells of Musculoskeletal Tissues: A Narrative Review.,2023,International journal of molecular sciences,4,"""acetazolamide""; ""aquaporin""",compound x growth plate; target x growth x geometry,False,0.006666666666666667
PMC11471397,38736291,10.1111/cpr.13654,IRE1α pathway: A potential bone metabolism mediator.,2024,Cell proliferation,4,"""cholesterol""",compound x growth plate; target x growth x geometry,False,0.006666666666666667
PMC7705438,33262485,10.1038/s41431-020-00739-z,Abstracts from the 53rd European Society of Human Genetics (ESHG) Conference: Interactive e-Posters.,2020,European journal of human genetics : EJHG,4,"""LIMK2""; ""NKCC1""; ""SLC12A2""; ""acetazolamide""",compound x growth plate; target x growth x geometry,False,0.006666666666666667
PMC8783331,34897814,10.1111/jvim.16332,Proceedings 33<sup>rd</sup> On-line Symposium ESVN-ECVN.,2022,Journal of veterinary internal medicine,4,"""acetazolamide""",compound x growth plate,False,0.006666666666666667
PMC12221230,40606845,10.1016/j.jot.2025.06.005,Inhibiting the REV-ERBα expression protects against mechanical overloading-induced cartilage clock disruption and osteoarthritis progression.,2025,Journal of orthopaedic translation,4,"""GSK4112""",compound x growth plate,False,0.006666666666666667
PMC10542758,37777562,10.1038/s41598-023-43798-0,Estimating residual undifferentiated cells in human chemically induced pluripotent stem cell derived islets using lncRNA as biomarkers.,2023,Scientific reports,4,"""Y27632""",compound x growth plate,False,0.006666666666666667
PMC12140351,40167251,10.1002/advs.202412921,Histone Deacetylase 6 (HDAC6) in Ciliopathies: Emerging Insights and Therapeutic Implications.,2025,"Advanced science (Weinheim, Baden-Wurttemberg, Germany)",4,"""primary cilia""",target x growth x geometry,False,0.006666666666666667
PMC11787465,39896346,10.1016/j.ncrna.2024.12.010,Recent advances of miR-23 in human diseases and growth development.,2025,Non-coding RNA research,3,"""LIMK1""; ""NHE1""; ""SLC9A1""",target x growth x geometry,False,0.005
PMC10810760,38283179,10.1002/jsp2.1313,Developmental morphogens direct human induced pluripotent stem cells toward an annulus fibrosus-like cell phenotype.,2024,JOR spine,3,"""MYH9""; ""ROCK2""",target x growth x geometry,False,0.005
PMC12155322,40507840,10.3390/ijms26115027,The Development of 3D Primary Co-Culture Models of the Human Airway.,2025,International journal of molecular sciences,3,"""Y-27632""",compound x growth plate,False,0.005
PMC12176996,40319222,10.1007/s10787-025-01738-6,Targeting TREM-1 receptors with metformin and pravastatin modulate monosodium iodoacetate-induced osteoarthritis.,2025,Inflammopharmacology,3,"""lovastatin""",compound x growth plate,False,0.005
PMC12347496,40806771,10.3390/ijms26157642,"Molecular Crosstalk Between RUNX2 and HIF-1α in Osteosarcoma: Implications for Angiogenesis, Metastasis, and Therapy Resistance.",2025,International journal of molecular sciences,3,"""cadherin""",target x growth x geometry,False,0.005
PMC12841352,41596432,10.3390/ijms27020785,Bone Metastasis in Estrogen Receptor-Positive Breast Cancer: Molecular Insights and Therapeutic Advances.,2026,International journal of molecular sciences,3,"""defactinib""",compound x growth plate,False,0.005
PMC11759188,39851782,10.3390/biomimetics10010066,Bone Marrow Stromal Cells Generate a Pro-Healing Inflammasome When Cultured on Titanium-Aluminum-Vanadium Surfaces with Microscale/Nanoscale Structural Features.,2025,"Biomimetics (Basel, Switzerland)",3,"""ROCK2""; ""planar cell polarity""",target x growth x geometry,False,0.005
PMC12026216,40277910,10.3390/cells14080584,Softness or Stiffness What Contributes to Cancer and Cancer Metastasis?,2025,Cells,3,"""fasudil""",compound x growth plate,False,0.005
PMC11117709,38785963,10.3390/biom14050556,Bone and Extracellular Signal-Related Kinase 5 (ERK5).,2024,Biomolecules,3,"""CDC42""",target x growth x geometry,False,0.005
PMC11983431,40213395,10.3389/fcell.2025.1571448,Regulation of apoptosis and interaction with cartilage degeneration in osteoarthritis.,2025,Frontiers in cell and developmental biology,3,"""cytochalasin D""",compound x growth plate,False,0.005
PMC11677965,39769050,10.3390/ijms252413285,Damage of the Bone Marrow Stromal Precursors in Patients with Acute Leukemia at the Onset of the Disease and During Treatment.,2024,International journal of molecular sciences,3,"""MYH9""",target x growth x geometry,False,0.005
PMC10445621,37384872,10.1097/brs.0000000000004763,Identification of Bone Morphometric Protein-Related Hub Genes and Construction of a Transcriptional Regulatory Network in Patients With Ossification of the Ligamentum Flavum.,2023,Spine,3,"""cofilin""",target x growth x geometry,False,0.005
PMC12753672,41315309,10.1038/s41467-025-66353-z,Mechanical confinement induces ferroptosis through mitochondrial dysfunction.,2025,Nature communications,3,"""cytochalasin D""",compound x growth plate,False,0.005
PMC10931372,38474364,10.3390/cells13050400,Cytochalasins as Modulators of Stem Cell Differentiation.,2024,Cells,3,"""FAK""; ""RHOA""; ""cadherin""; ""centrosome""; ""cytochalasin D""; ""focal adhesion""",compound x growth plate; target x growth x geometry,False,0.005
PMC12192979,40565283,10.3390/ijms26125821,"Macrophage Polarization in Heterotopic Ossification: Inflammation, Osteogenesis, and Emerging Therapeutic Targets.",2025,International journal of molecular sciences,3,"""PF-573228""; ""lovastatin""",compound x growth plate,False,0.005
PMC7711985,33105842,10.3390/vetsci7040160,Rhabdomyolysis and Acute Renal Failure Associated with Oxytetracycline Administration in Two Neonatal Foals Affected by Flexural Limb Deformity.,2020,Veterinary sciences,3,"""furosemide""",compound x growth plate,False,0.005
PMC9361648,35945639,10.1186/s40360-022-00600-7,Fluvastatin promotes chondrogenic differentiation of adipose-derived mesenchymal stem cells by inducing bone morphogenetic protein 2.,2022,BMC pharmacology & toxicology,3,"""NSC23766""; ""Y27632""",compound x growth plate,False,0.005
PMC11330747,39161359,10.2147/ijn.s466437,Progress and Challenges of Topical Delivery Technologies Meditated Drug Therapy for Osteoarthritis.,2024,International journal of nanomedicine,3,"""NSC23766""",compound x growth plate,False,0.005
PMC13045864,41939725,10.1016/j.bioactmat.2025.12.029,Engineered small extracellular vesicles as bioactive materials: Integrating engineering strategies for cargo loading and targeted delivery systems.,2026,Bioactive materials,3,"""osmotic swelling""",target x growth x geometry,False,0.005
PMC10996939,38584835,10.1515/med-2024-0902,FLRT2 mediates chondrogenesis of nasal septal cartilage and mandibular condyle cartilage.,2024,"Open medicine (Warsaw, Poland)",3,"""cadherin""",target x growth x geometry,False,0.005
PMC12127530,40458527,10.2147/dmso.s520465,Is It Time to Revisit the Role of Interleukin-1 Inhibitors in Osteoarthritis?,2025,"Diabetes, metabolic syndrome and obesity : targets and therapy",3,"""colchicine""",compound x growth plate,False,0.005
PMC11940237,40136838,10.3390/biomimetics10030184,Biomimetic Polyurethanes in Tissue Engineering.,2025,"Biomimetics (Basel, Switzerland)",3,"""Y27632""",compound x growth plate,False,0.005
PMC11703976,39777263,10.3389/fcell.2024.1532614,Effects of advanced glycation end products on stem cell.,2024,Frontiers in cell and developmental biology,3,"""planar cell polarity""",target x growth x geometry,False,0.005
PMC11856472,40004644,10.3390/jcm14041113,Reviewing the Genetic and Molecular Foundations of Congenital Spinal Deformities: Implications for Classification and Diagnosis.,2025,Journal of clinical medicine,3,"""planar cell polarity""",target x growth x geometry,False,0.005
PMC10259310,37313059,10.7759/cureus.38963,High-Output Heart Failure in a Patient With Klippel-Trénaunay Syndrome: A Case Report.,2023,Cureus,3,"""furosemide""",compound x growth plate,False,0.005
PMC9718103,36474753,10.1016/j.ocarto.2021.100215,The state of trial registrations in the field of Orthopaedics in years 2015-2020. A meta-epidemiological study.,2021,Osteoarthritis and cartilage open,3,"""defactinib""",compound x growth plate,False,0.005
PMC12256581,40661139,10.1002/mco2.70298,Phosphate in Physiological and Pathological Mineralization: Important yet Often Unheeded.,2025,MedComm,3,"""acetazolamide""; ""colchicine""",compound x growth plate,False,0.005
PMC11941073,40136688,10.3390/cells14060439,GOLPH3-mTOR Crosstalk and Glycosylation: A Molecular Driver of Cancer Progression.,2025,Cells,3,"""non-muscle myosin II""",target x growth x geometry,False,0.005
PMC10811982,37387221,10.1177/1098612x231165630,Feline precision medicine using whole-exome sequencing identifies a novel frameshift mutation for vitamin D-dependent rickets type 2.,2023,Journal of feline medicine and surgery,3,"""jasplakinolide""",compound x growth plate,False,0.005
PMC11354534,39201250,10.3390/ijms25168563,Biomarker Landscape in RASopathies.,2024,International journal of molecular sciences,3,"""LIMK2""; ""cofilin""",target x growth x geometry,False,0.005
PMC11816753,39940700,10.3390/ijms26030932,Periostin Splice Variant Expression in Human Osteoblasts from Osteoporotic Patients and Its Effects on Interleukin-6 and Osteoprotegerin.,2025,International journal of molecular sciences,3,"""PF-573228""",compound x growth plate,False,0.005
PMC11551537,39529853,10.3389/fvets.2024.1467043,Point of care ultrasound measurement of paralumbar caudal vena cava diameter and caudal vena cava to aortic ratio in hypovolemic dogs.,2024,Frontiers in veterinary science,3,"""furosemide""",compound x growth plate,False,0.005
PMC10981997,38555936,10.1302/2046-3758.134.bjr-2023-0179.r2,PEDF peptide plus hyaluronic acid stimulates cartilage regeneration in osteoarthritis via STAT3-mediated chondrogenesis.,2024,Bone & joint research,3,"""osmotic swelling""",target x growth x geometry,False,0.005
PMC12402510,40890141,10.1038/s41368-025-00392-6,Local abaloparatide administration promotes in situ alveolar bone augmentation via FAK-mediated periosteal osteogenesis.,2025,International journal of oral science,3,"""PF-573228""",compound x growth plate,False,0.005
PMC10225115,37252479,10.7759/cureus.38247,Dual-Energy Computed Tomography (DECT) Resolves the Diagnostic Dilemma in an Atypically Presenting Case of Gout.,2023,Cureus,3,"""colchicine""",compound x growth plate,False,0.005
PMC11399809,39280111,10.1016/j.mtbio.2024.101202,Therapeutic framework nucleic acid complexes targeting oxidative stress and pyroptosis for the treatment of osteoarthritis.,2024,Materials today. Bio,3,"""nobiletin""",compound x growth plate,False,0.005
PMC11340605,39175774,10.1016/j.isci.2024.110557,Substrate stiffness alters layer architecture and biophysics of human induced pluripotent stem cells to modulate their differentiation potential.,2024,iScience,3,"""actin cortex""",target x growth x geometry,False,0.005
PMC11638558,39385466,10.1093/jbmr/zjae166,Maternal loss of 24-hydroxylase causes increased intestinal calcium absorption and hypercalcemia during pregnancy but reduced skeletal resorption during lactation in mice.,2024,Journal of bone and mineral research : the official journal of the American Society for Bone and Mineral Research,3,"""jasplakinolide""",compound x growth plate,False,0.005
PMC11402712,39286484,10.3389/fcell.2024.1457344,Novel insights from human induced pluripotent stem cells on origins and roles of fibro/adipogenic progenitors as heterotopic ossification precursors.,2024,Frontiers in cell and developmental biology,3,"""planar cell polarity""",target x growth x geometry,False,0.005
PMC12068849,40145557,10.3892/ijo.2025.5742,Role of the Wnt signaling pathway in the complex microenvironment of breast cancer and prospects for therapeutic potential (Review).,2025,International journal of oncology,3,"""planar cell polarity""",target x growth x geometry,False,0.005
PMC11996959,40227313,10.1007/s00223-025-01369-7,Roles of Insulin-Like Growth Factor-1 in Muscle Wasting and Osteopenia in Mice with Hyponatremia.,2025,Calcified tissue international,3,"""furosemide""",compound x growth plate,False,0.005
PMC10025331,36950129,10.3389/fnins.2023.1139537,Acupuncture for the treatment of thalamencephalic and mesencephalic injury secondary to electrical trauma: A case report.,2023,Frontiers in neuroscience,3,"""furosemide""",compound x growth plate,False,0.005
PMC11417005,39315312,10.3389/fbioe.2024.1478517,Alternatives of mesenchymal stem cell-derived exosomes as potential therapeutic platforms.,2024,Frontiers in bioengineering and biotechnology,3,"""nobiletin""",compound x growth plate,False,0.005
PMC10543743,37427438,10.5152/turkarchpediatr.2023.23050,Approach to Rickets: Is It Calciopenic or Phosphopenic?,2023,Turkish archives of pediatrics,3,"""jasplakinolide""",compound x growth plate,False,0.005
PMC12588548,40920031,10.1002/ijc.70141,"24R,25(OH)&lt;sub&gt;2&lt;/sub&gt;D&lt;sub&gt;3&lt;/sub&gt; regulates tumorigenesis in estrogen sensitive laryngeal cancer cells via membrane-associated receptor complexes in ER+ and ER- cells.",2026,International journal of cancer,3,"""jasplakinolide""",compound x growth plate,False,0.005
PMC11842143,39980864,10.1155/sci/5551222,Impact of Different Cell Types on the Osteogenic Differentiation Process of Mesenchymal Stem Cells.,2025,Stem cells international,3,"""planar cell polarity""",target x growth x geometry,False,0.005
PMC11892025,40066231,10.1002/mco2.70128,The Role of Yes-Associated Protein in Inflammatory Diseases and Cancer.,2025,MedComm,3,"""ROCK1""",target x growth x geometry,False,0.005
PMC11894655,39921656,10.1021/acs.jproteome.4c00859,"O-GlcNAcylation: Sagacious Orchestrator of Bone-, Joint-, and Spine-Related Diseases.",2025,Journal of proteome research,3,"""ROCK2""",target x growth x geometry,False,0.005
PMC11557414,39539395,10.3389/fchem.2024.1415390,Exploring the mechanism of tetramethylpyrazine in the treatment of osteoarthritis based on network pharmacology.,2024,Frontiers in chemistry,3,"""SLC9A1""",target x growth x geometry,False,0.005
PMC12304701,40735514,10.1016/j.jot.2025.03.012,PTHrP buffers Wnt/β-catenin activity through a PKC-ζ involved negative feedback loop to maintain articular cartilage homeostasis and attenuate osteoarthritis.,2025,Journal of orthopaedic translation,3,"""planar cell polarity""",target x growth x geometry,False,0.005
PMC11594964,39596469,10.3390/ijms252212406,"Gla Rich Protein (GRP) Mediates Vascular Smooth Muscle Cell (VSMC) Osteogenic Differentiation, Extracellular Vesicle (EV) Calcification Propensity, and Immunomodulatory Properties.",2024,International journal of molecular sciences,3,"""cofilin""",target x growth x geometry,False,0.005
PMC12066684,40357434,10.3389/fcvm.2025.1518036,Current state of heart failure treatment: are mesenchymal stem cells and their exosomes a future therapy?,2025,Frontiers in cardiovascular medicine,3,"""furosemide""",compound x growth plate,False,0.005
PMC11324318,36321909,10.1093/fampra/cmac122,"Foot, ankle, and leg problems in Australian primary care: consultation patterns, management practices, and costs.",2024,Family practice,3,"""furosemide""",compound x growth plate,False,0.005
PMC6039983,30002787,10.1016/j.radcr.2018.05.016,Insufficiency fractures: A rare cause of foot and ankle pain in three patients with rheumatoid arthritis.,2018,Radiology case reports,3,"""furosemide""",compound x growth plate,False,0.005
PMC9562901,36230915,10.3390/cells11192951,Cartilaginous Metabolomics Reveals the Biochemical-Niche Fate Control of Bone Marrow-Derived Stem Cells.,2022,Cells,3,"""nocodazole""",compound x growth plate,False,0.005
PMC11700580,39485938,10.1093/jbmr/zjae175,Family-based whole-exome sequencing implicates a variant in lysyl oxidase like 4 in atypical femur fractures.,2024,Journal of bone and mineral research : the official journal of the American Society for Bone and Mineral Research,3,"""SLC12A2""",target x growth x geometry,False,0.005
PMC11747568,39833191,10.1038/s41536-025-00392-4,Hedgehog signaling directs cell differentiation and plays a critical role in tendon enthesis healing.,2025,NPJ Regenerative medicine,3,"""primary cilia""",target x growth x geometry,False,0.005
PMC12503741,40931497,10.1159/000548003,The Role of Piezo-type Mechanosensitive Ion Channel Component 1 in Inflammatory Bowel Disease.,2025,Journal of innate immunity,3,"""GsMTx4""; ""ROCK1""; ""ROCK2""; ""Yoda1""",compound x growth plate; target x growth x geometry,False,0.005
PMC12639131,41272390,10.1038/s41413-025-00467-4,Single-cell sequencing reveals a senescent immune landscape in bone marrow lesions inducing articular cartilage damage in osteoarthritis.,2025,Bone research,3,"""PIEZO2""",target x growth x geometry,False,0.005
PMC12547082,41143275,10.1002/mco2.70435,"Circadian Rhythm: Biological Functions, Diseases, and Therapeutic Targets.",2025,MedComm,3,"""Y-27632""",compound x growth plate,False,0.005
PMC12667516,40999873,10.1002/advs.202510103,The Sirt1-Piezo1 Axis Promotes Bone Formation and Repair in Mice.,2025,"Advanced science (Weinheim, Baden-Wurttemberg, Germany)",3,"""GsMTx4""; ""Yoda1""",compound x growth plate,False,0.005
PMC11220047,38956385,10.1038/s41597-024-03558-9,A single-cell chromatin accessibility dataset of human primed and naïve pluripotent stem cell-derived teratoma.,2024,Scientific data,3,"""Y-27632""",compound x growth plate,False,0.005
PMC11127186,38800718,10.1016/j.bioactmat.2024.05.023,Targeting micromotion for mimicking natural bone healing by using NIPAM/Nb<sub>2</sub>C hydrogel.,2024,Bioactive materials,3,"""GsMTx4""; ""Yoda1""",compound x growth plate,False,0.005
PMC11762092,39857273,10.3390/biology14010042,Epigenetic Mechanisms in the Transcriptional Regulation of Circadian Rhythm in Mammals.,2025,Biology,3,"""SR1078""",compound x growth plate,False,0.005
PMC12015983,40271075,10.3389/fphar.2025.1550163,A novel perspective on bone tumors: advances in organoid research.,2025,Frontiers in pharmacology,3,"""Y-27632""",compound x growth plate,False,0.005
PMC11615010,39634196,10.2147/ijn.s492020,Nanoscale Morphologies on the Surface of Substrates/Scaffolds Enhance Chondrogenic Differentiation of Stem Cells: A Systematic Review of the Literature.,2024,International journal of nanomedicine,3,"""RHOA""; ""cadherin""",target x growth x geometry,False,0.005
PMC12752645,41001773,10.1002/advs.202507288,Cell Contractile Force-Mediated Morphogenetic Tissue Engineering via 4D Printed Degradable Hydrogel Scaffolds.,2025,"Advanced science (Weinheim, Baden-Wurttemberg, Germany)",3,"""cadherin""",target x growth x geometry,False,0.005
PMC11751307,39837840,10.1038/s41413-024-00385-x,FGFR antagonists restore defective mandibular bone repair in a mouse model of osteochondrodysplasia.,2025,Bone research,3,"""microtubule""; ""primary cilia""",target x growth x geometry,False,0.005
PMC12152663,40502370,10.1016/j.mtbio.2025.101879,TGF-β1/BSA coating modulates multi-phasic scaffolds for osteochondral tissue regeneration.,2025,Materials today. Bio,3,"""simvastatin""",compound x growth plate,False,0.005
PMC12428824,40943530,10.3390/ijms26178617,CD93 in Health and Disease: Bridging Physiological Functions and Clinical Applications.,2025,International journal of molecular sciences,3,"""cadherin""",target x growth x geometry,False,0.005
PMC12104164,40421144,10.1016/j.jot.2025.04.013,Fibrocartilage hyalinization: A potential therapeutic strategy for articular fibrocartilage.,2025,Journal of orthopaedic translation,3,"""PIEZO1""; ""TRPV4""; ""cytochalasin D""; ""microtubule""",compound x growth plate; target x growth x geometry,False,0.005
PMC11740713,39817348,10.1080/19336918.2025.2450311,Influences of physical stimulations on the migration and differentiation of Schwann cells involved in peripheral nerve repair.,2025,Cell adhesion & migration,3,"""CDC42""; ""RAC1""; ""centrosome""; ""cofilin""",target x growth x geometry,False,0.005
PMC10528602,37759515,10.3390/cells12182293,Decellularization of Dense Regular Connective Tissue-Cellular and Molecular Modification with Applications in Regenerative Medicine.,2023,Cells,3,"""latrunculin""",compound x growth plate,False,0.005
PMC12374810,40860192,10.7150/ijbs.113585,The function of GPCRs in different bone cells.,2025,International journal of biological sciences,3,"""FAK""; ""RAC1""; ""primary cilia""",target x growth x geometry,False,0.005
PMC9864425,36674738,10.3390/ijms24021222,Predicting Modifiers of Genotype-Phenotype Correlations in Craniofacial Development.,2023,International journal of molecular sciences,3,"""nocodazole""",compound x growth plate,False,0.005
PMC12265369,40670976,10.1186/s12902-025-01997-y,Stem cell-derived pancreatic beta cells: a step closer to functional diabetes treatment?,2025,BMC endocrine disorders,3,"""latrunculin""",compound x growth plate,False,0.005
PMC11906413,40092377,10.3389/fbioe.2025.1518905,Decellularization techniques: unveiling the blueprint for tracheal tissue engineering.,2025,Frontiers in bioengineering and biotechnology,3,"""latrunculin""",compound x growth plate,False,0.005
PMC12533185,41102140,10.1038/s41467-025-64212-5,Virus-inspired lipopeptide-derived nucleic acid delivery to cartilage for osteoarthritis therapy.,2025,Nature communications,3,"""amiloride""",compound x growth plate,False,0.005
PMC12383948,40868146,10.3390/biomedicines13081891,The Cannabinoid Pharmacology of Bone Healing: Developments in Fusion Medicine.,2025,Biomedicines,3,"""TRPV4""",target x growth x geometry,False,0.005
PMC11354934,39201755,10.3390/ijms25169068,Pyroptosis in Skeleton Diseases: A Potential Therapeutic Target Based on Inflammatory Cell Death.,2024,International journal of molecular sciences,3,"""amiloride""",compound x growth plate,False,0.005
PMC12387175,40868886,10.3390/life15081238,Breaking Down Osteoarthritis: Exploring Inflammatory and Mechanical Signaling Pathways.,2025,"Life (Basel, Switzerland)",3,"""FAK""; ""planar cell polarity""",target x growth x geometry,False,0.005
PMC7748351,33371120,10.1097/md.0000000000023713,Pulmonary edema following shoulder arthroscopy under general anesthesia with nerve block: An observational study.,2020,Medicine,3,"""furosemide""",compound x growth plate,False,0.005
PMC12713081,40999893,10.1002/advs.202513314,Mechanical Stress Triggers Premature Senescence in Cardiac Fibroblasts.,2025,"Advanced science (Weinheim, Baden-Wurttemberg, Germany)",3,"""microtubule""",target x growth x geometry,False,0.005
PMC12173940,40514430,10.1038/s41556-025-01678-x,Cell state-specific cytoplasmic density controls spindle architecture and scaling.,2025,Nature cell biology,3,"""centrosome""; ""microtubule""",target x growth x geometry,False,0.005
PMC12462494,40998791,10.1038/s41467-025-63551-7,Macrophage-derived amphiregulin induces myofibroblast transition in adipogenic lineage precursors near Staphylococcus aureus abscess in bone marrow.,2025,Nature communications,3,"""cytochalasin D""",compound x growth plate,False,0.005
PMC12179034,40537609,10.1007/s00018-025-05789-4,Piezo1 selectively enhances TGF-β1-induced IgA class switching by B cells.,2025,Cellular and molecular life sciences : CMLS,3,"""Yoda1""",compound x growth plate,False,0.005
PMC9368720,35954234,10.3390/cells11152390,Pre-Synaptic GABA<sub>A</sub> in NaV1.8<sup>+</sup> Primary Afferents Is Required for the Development of Punctate but Not Dynamic Mechanical Allodynia following CFA Inflammation.,2022,Cells,3,"""NKCC1""",target x growth x geometry,False,0.005
PMC11968285,40190343,10.1016/j.jot.2025.01.008,The role of Piezo1 in bone marrow stem cells in response to elevated intraosseous pressure on regulating osteogenesis and angiogenesis of steroid-induced osteonecrosis of the femoral head.,2025,Journal of orthopaedic translation,3,"""GsMTx4""; ""Yoda1""",compound x growth plate,False,0.005
PMC12210528,40598380,10.1186/s13287-025-04439-7,Tensile stress promotes the chondrogenic ability of condylar cartilage stem/progenitor cells in the temporomandibular joint via the Piezo1-Ca<sup>2+</sup>-Prkca pathway.,2025,Stem cell research & therapy,3,"""GsMTx4""; ""PIEZO1""",compound x growth plate; target x growth x geometry,False,0.005
PMC12442881,40961208,10.1126/sciadv.ady5212,Gangliosides modulate the secretion of extracellular vesicles and their misfolded protein cargo.,2025,Science advances,3,"""Y-27632""",compound x growth plate,False,0.005
PMC12095870,40405967,10.3389/fendo.2025.1571502,Matrix stiffness in osteoarthritis: from mechanism introduction to biomaterial-based therapies.,2025,Frontiers in endocrinology,3,"""RAC1""; ""RHOA""; ""TRPV4""",target x growth x geometry,False,0.005
PMC11048829,38667667,10.3390/gels10040248,Recent Advancements in Hydrogel Biomedical Research in Italy.,2024,"Gels (Basel, Switzerland)",3,"""latrunculin""",compound x growth plate,False,0.005
PMC12305335,40735355,10.1016/j.bioactmat.2025.07.027,Mechanosignaling and 3D morphological adaptation of MSCs in response to hydrogel rigidity underpin angiogenic and immunomodulatory efficacy for ischemic injury regeneration.,2025,Bioactive materials,3,"""FAK""; ""Y-27632""; ""Y27632""; ""blebbistatin""; ""latrunculin""",compound x growth plate; target x growth x geometry,False,0.005
PMC12361519,40825772,10.1038/s41467-025-62020-5,Plant-derived hydrogel and photosynthetic nano-units for myocardial infarction therapy.,2025,Nature communications,3,"""amiloride""",compound x growth plate,False,0.005
PMC12580230,40855815,10.1111/os.70161,Pain Phenotype in Knee Osteoarthritis: Implications for Mechanism-Based Therapy.,2025,Orthopaedic surgery,3,"""GsMTx4""",compound x growth plate,False,0.005
PMC12088769,40391024,10.1016/j.mtbio.2025.101805,Ultrasound-driven wireless piezoelectric hydrogel synergizes with cotransplantation of NSCs-hUCMSCs for structural and functional recovery in spinal cord injury.,2025,Materials today. Bio,3,"""GsMTx4""",compound x growth plate,False,0.005
PMC12454285,40995111,10.1016/j.bioactmat.2025.08.043,Core-shell engineered Col/Cs@ECM microspheres for macrophage-targeted intracellular drug release in RA therapy.,2025,Bioactive materials,3,"""cytochalasin D""",compound x growth plate,False,0.005
PMC12027123,40332148,10.3390/ijms26083630,&lt;i&gt;Segatella copri&lt;/i&gt; Outer-Membrane Vesicles Are Internalized by Human Macrophages and Promote a Pro-Inflammatory Profile.,2025,International journal of molecular sciences,3,"""cytochalasin D""",compound x growth plate,False,0.005
PMC12470000,41010044,10.3390/genes16091099,De Novo Variants Predominate in Autism Spectrum Disorder.,2025,Genes,3,"""amiloride""; ""aquaporin""",compound x growth plate; target x growth x geometry,False,0.005
PMC12770474,41350258,10.1038/s41467-025-66791-9,Bone homeostasis regulation by in vivo generation of osteoclast-derived apoptotic bodies using targeted self-assembly.,2025,Nature communications,3,"""EIPA""; ""amiloride""",compound x growth plate,False,0.005
PMC10870055,38083984,10.1002/advs.202306143,A Novel Cargo Delivery System-AnCar-Exo<sup>LaIMTS</sup> Ameliorates Arthritis via Specifically Targeting Pro-Inflammatory Macrophages.,2024,"Advanced science (Weinheim, Baden-Wurttemberg, Germany)",3,"""amiloride""",compound x growth plate,False,0.005
PMC11988852,40243480,10.3390/ijms26072896,Cathepsin K Inhibitors as Potential Drugs for the Treatment of Osteoarthritis.,2025,International journal of molecular sciences,3,"""primary cilia""",target x growth x geometry,False,0.005
PMC11807010,39923120,10.1111/iep.12525,Extracellular matrix: Dystroglycan interactions-Roles for the dystrophin-associated glycoprotein complex in skeletal tissue dynamics.,2025,International journal of experimental pathology,3,"""FAK""; ""PIEZO1""; ""focal adhesion""",target x growth x geometry,False,0.005
PMC11034643,38648228,10.1371/journal.pone.0297766,Assessing the causal associations of different types of statins use and knee/hip osteoarthritis: A Mendelian randomization study.,2024,PloS one,3,"""simvastatin""",compound x growth plate,False,0.005
PMC11103748,38614122,10.1530/ec-23-0374,"Smoking enhances proliferation, inflammatory markers, and immunoglobulins in peripheral blood mononuclear cells from Graves' patients.",2024,Endocrine connections,3,"""simvastatin""",compound x growth plate,False,0.005
PMC10393040,37533694,10.3389/fbioe.2023.1217919,Chirality-biased protein expression profile during early stages of bone regeneration.,2023,Frontiers in bioengineering and biotechnology,3,"""fasudil""",compound x growth plate,False,0.005
PMC12269283,40678261,10.1016/j.bioactmat.2025.06.047,Mevalonate pathway-triggered phase transition of injectable hydrogel for cholesterol-downregulated therapy of osteoarthritis.,2025,Bioactive materials,3,"""simvastatin""",compound x growth plate,False,0.005
PMC12331885,40787071,10.1002/mco2.70325,Molecular Mechanisms of Chronic Pain and Therapeutic Interventions.,2025,MedComm,3,"""amiloride""",compound x growth plate,False,0.005
PMC11789390,39658204,10.1093/jbmr/zjae199,An activating calcium-sensing receptor variant with biased signaling reveals a critical residue for Gα11 coupling.,2025,Journal of bone and mineral research : the official journal of the American Society for Bone and Mineral Research,3,"""amiloride""",compound x growth plate,False,0.005
PMC8921176,35066808,10.1007/s13258-021-01204-x,Integrin β-like 1 protein (ITGBL1) promotes cell migration by preferentially inhibiting integrin-ECM binding at the trailing edge.,2022,Genes & genomics,3,"""integrin beta1""; ""non-muscle myosin II""",target x growth x geometry,False,0.005
PMC10023793,36932137,10.1038/s41598-023-31437-7,Rapid and effective preparation of clonal bone marrow-derived mesenchymal stem/stromal cell sheets to reduce renal fibrosis.,2023,Scientific reports,3,"""non-muscle myosin II""",target x growth x geometry,False,0.005
PMC12277764,40697780,10.1016/j.xinn.2025.100913,Trojan horse-inspired spatiotemporal strategy augments cartilage regeneration by enhancing mitochondrial energy production.,2025,Innovation (Cambridge (Mass.)),3,"""osmotic swelling""",target x growth x geometry,False,0.005
PMC12445042,40968356,10.1186/s40779-025-00646-8,ALDH2 in autophagy and cell death: molecular mechanisms and implications for diseases.,2025,Military Medical Research,3,"""aquaporin""",target x growth x geometry,False,0.005
PMC11572509,39551765,10.1186/s13287-024-03960-5,Prolonged cultivation enhances the stimulatory activity of hiPSC mesenchymal progenitor-derived conditioned medium.,2024,Stem cell research & therapy,3,"""MYH9""; ""centrosome""",target x growth x geometry,False,0.005
PMC11946555,40137550,10.3390/toxics13030223,Acrylamide and Its Metabolite Glycidamide Induce Reproductive Toxicity During In Vitro Maturation of Bovine Oocytes.,2025,Toxics,3,"""centrosome""",target x growth x geometry,False,0.005
PMC11101682,38764447,10.1016/j.bioactmat.2024.05.011,Ultrasound-triggered three dimensional hyaluronic acid hydrogel promotes in vitro and in vivo reprogramming into induced pluripotent stem cells.,2024,Bioactive materials,3,"""cytochalasin D""",compound x growth plate,False,0.005
PMC10949803,38500216,10.1186/s13287-024-03691-7,iMSC-mediated delivery of ACVR2B-Fc fusion protein reduces heterotopic ossification in a mouse model of fibrodysplasia ossificans progressiva.,2024,Stem cell research & therapy,3,"""Y27632""",compound x growth plate,False,0.005
PMC12772458,40062454,10.1021/acsami.4c15873,Kidney-Derived ECM Hydrogels as Cell Delivery Devices.,2025,ACS applied materials & interfaces,3,"""aquaporin""",target x growth x geometry,False,0.005
PMC12384526,40862735,10.3390/cells14161256,Fibroblast Growth Factors in Lung Development and Regeneration: Mechanisms and Therapeutic Potential.,2025,Cells,3,"""aquaporin""",target x growth x geometry,False,0.005
PMC11664833,36688798,10.5152/eurjrheum.2023.21093,Chondrocalcinosis and Osteoarthritis: A Literature Review.,2023,European journal of rheumatology,3,"""colchicine""",compound x growth plate,False,0.005
PMC7906808,33679988,10.1155/2021/6633386,Molecular Insights into the Potential of Extracellular Vesicles Released from Mesenchymal Stem Cells and Other Cells in the Therapy of Hematologic Malignancies.,2021,Stem cells international,3,"""integrin beta1""",target x growth x geometry,False,0.005
PMC12191441,40563777,10.3390/brainsci15060605,Bidirectional Role of Pericytes in Ischemic Stroke.,2025,Brain sciences,3,"""aquaporin""",target x growth x geometry,False,0.005
PMC11941486,40136734,10.3390/dj13030106,Age-Related Oral and Para-Oral Tissue Disorders: The Evolving Therapeutic and Diagnostic Potential of Exosomes.,2025,Dentistry journal,3,"""aquaporin""",target x growth x geometry,False,0.005
PMC12187747,40567499,10.3389/fcell.2025.1547582,&lt;i&gt;KRAS&lt;/i&gt; and &lt;i&gt;NRF2&lt;/i&gt; drive metabolic reprogramming in pancreatic cancer cells: the influence of oxidative and nitrosative stress.,2025,Frontiers in cell and developmental biology,3,"""aquaporin""",target x growth x geometry,False,0.005
PMC12329282,40777543,10.1016/j.ajpc.2025.101061,Sodium-glucose cotransporter 2 inhibitors and atherosclerosis.,2025,American journal of preventive cardiology,3,"""colchicine""",compound x growth plate,False,0.005
PMC12044026,40307492,10.1038/s41598-025-99693-3,Integrating microbiome and metabolome analyses to unravel the role of inulin in enhancing the meat quality and bone health of ducks.,2025,Scientific reports,2,"""cholesterol""; ""jasplakinolide""",compound x growth plate; target x growth x geometry,False,0.0033333333333333335
PMC12293388,40728978,10.3390/cimb47070509,Tissue Repair Mechanisms of Dental Pulp Stem Cells: A Comprehensive Review from Cutaneous Regeneration to Mucosal Healing.,2025,Current issues in molecular biology,2,"""CDC42""",target x growth x geometry,False,0.0033333333333333335
PMC12530705,40582013,10.1002/mabi.202500093,A Tissue Engineering's Guide to Biomimicry.,2025,Macromolecular bioscience,2,"""aquaporin""",target x growth x geometry,False,0.0033333333333333335
PMC12504238,41070095,10.3389/fcvm.2025.1664067,Macrophages as key modulators of calcific aortic valve disease.,2025,Frontiers in cardiovascular medicine,2,"""colchicine""; ""cytochalasin D""",compound x growth plate,False,0.0033333333333333335
PMC12562032,41153769,10.3390/biomedicines13102486,Exosomes in Osteoarthritis: Breakthrough Innovations and Advanced Tissue Engineering for Cartilage Regeneration Since 2020.,2025,Biomedicines,2,"""MYH9""",target x growth x geometry,False,0.0033333333333333335
PMC10219133,37240210,10.3390/ijms24108864,"A Novel Mutation in the &lt;i&gt;ADAMTS10&lt;/i&gt; Associated with Weil-Marchesani Syndrome with a Unique Presentation of Developed Membranes Causing Severe Stenosis of the Supra Pulmonic, Supramitral, and Subaortic Areas in the Heart.",2023,International journal of molecular sciences,2,"""furosemide""",compound x growth plate,False,0.0033333333333333335
PMC12033550,40291758,10.1177/17562864251326769,Secondary stroke prevention beyond antiplatelets: The role of colchicine and GLP-1RA - an ounce of prevention is worth a pound of cure.,2025,Therapeutic advances in neurological disorders,2,"""colchicine""",compound x growth plate,False,0.0033333333333333335
PMC12625291,41254711,10.1186/s40001-025-03408-3,NETosis-specific cell death: a novel mechanism in the pathogenesis of gouty arthritis.,2025,European journal of medical research,2,"""colchicine""",compound x growth plate,False,0.0033333333333333335
PMC12375887,40851321,10.1111/1756-185x.70402,2024 Update of Chinese Guidelines for Management of Hyperuricemia and Gout Part II: Recommendations for Patients With Common Comorbidities.,2025,International journal of rheumatic diseases,2,"""colchicine""",compound x growth plate,False,0.0033333333333333335
PMC12171443,40530333,10.3389/fcell.2025.1586193,Chronotherapy and intervertebral disc degeneration: understanding the role of circadian rhythm in degenerative processes.,2025,Frontiers in cell and developmental biology,2,"""GSK4112""; ""nobiletin""",compound x growth plate,False,0.0033333333333333335
PMC12154245,40508141,10.3390/ijms26115333,Pericytes and Diabetic Microangiopathies: Tissue Resident Mesenchymal Stem Cells with High Plasticity and Regenerative Capacity.,2025,International journal of molecular sciences,2,"""fasudil""",compound x growth plate,False,0.0033333333333333335
PMC11940411,40149974,10.3390/biom15030438,Efficient Fabrication of Human Corneal Stromal Cell Spheroids and Promoting Cell Stemness Based on 3D-Printed Derived PDMS Microwell Platform.,2025,Biomolecules,2,"""LIMK1""",target x growth x geometry,False,0.0033333333333333335
PMC7890980,33602260,10.1186/s13005-021-00256-4,Neurofibromin expression by normal salivary glands.,2021,Head & face medicine,2,"""LIMK2""",target x growth x geometry,False,0.0033333333333333335
PMC12307154,40740858,10.3389/fonc.2025.1611920,Polyploid giant cancer cells and tumor budding: translation from basic research to clinical application.,2025,Frontiers in oncology,2,"""CDC42""; ""centrosome""",target x growth x geometry,False,0.0033333333333333335
PMC10553199,37811011,10.1097/ms9.0000000000001146,Pachydermoperiostosis: a case report of initial improvement with etoricoxib.,2023,Annals of medicine and surgery (2012),2,"""colchicine""",compound x growth plate,False,0.0033333333333333335
PMC6958548,31939513,10.1590/1984-0462/2020/38/2018239,BARIATRIC SURGERY AS A TREATMENT FOR IDIOPATHIC INTRACRANIAL HYPERTENSION IN A MALE ADOLESCENT: CASE REPORT.,2020,Revista paulista de pediatria : orgao oficial da Sociedade de Pediatria de Sao Paulo,2,"""acetazolamide""",compound x growth plate,False,0.0033333333333333335
PMC12891525,41667436,10.1038/s41413-025-00503-3,"Pharmacological HIF activation protects against diet-induced obesity, glucose intolerance, and skeletal dysfunction by exerting dual beneficial effects on energy metabolism and bone.",2026,Bone research,2,"""cholesterol""",compound x growth plate; target x growth x geometry,False,0.0033333333333333335
PMC10814392,38255389,10.3390/children11010076,Neurodevelopment Outcomes in Very-Low-Birth-Weight Infants with Metabolic Bone Disease at 2 Years of Age.,2024,"Children (Basel, Switzerland)",2,"""furosemide""",compound x growth plate,False,0.0033333333333333335
PMC12221575,40606846,10.1016/j.jot.2025.06.007,Electric currents in disc health: The role of ion channels in intervertebral disc pathophysiology.,2025,Journal of orthopaedic translation,2,"""GsMTx4""; ""amiloride""",compound x growth plate,False,0.0033333333333333335
PMC11885616,40050624,10.1038/s41598-025-89370-w,Inhibition of TGF-β signaling enhances osteogenic potential of iPSC-derived MSCs.,2025,Scientific reports,2,"""Y27632""",compound x growth plate,False,0.0033333333333333335
PMC10218682,37239471,10.3390/genes14051111,Differential Regulation of POC5 by ERα in Human Normal and Scoliotic Cells.,2023,Genes,2,"""centrosome""",target x growth x geometry,False,0.0033333333333333335
PMC12026827,40332204,10.3390/ijms26083626,Piceatannol Inhibits the Immunostimulatory Functions of Dendritic Cells and Alleviates Experimental Arthritis.,2025,International journal of molecular sciences,2,"""cytochalasin D""",compound x growth plate,False,0.0033333333333333335
PMC11730662,39535422,10.1002/adhm.202402400,Hydrogel Elastic Energy: A Stressor Triggering an Adaptive Stress-Mediated Cell Response.,2025,Advanced healthcare materials,2,"""cytochalasin D""; ""nocodazole""; ""osmotic swelling""",compound x growth plate; target x growth x geometry,False,0.0033333333333333335
PMC12193150,40564894,10.3390/ijms26125430,Unveiling the Involvement of Extracellular Vesicles in Breast Cancer's Organotrophic Metastasis: Molecular Mechanisms and Translational Prospects.,2025,International journal of molecular sciences,2,"""MYH9""; ""NKCC1""",target x growth x geometry,False,0.0033333333333333335
PMC8944783,35327184,10.3390/ani12060788,"Comprehensive Analyses of Bone and Cartilage Transcriptomes Evince Ion Transport, Inflammation and Cartilage Development-Related Genes Involved in Chickens' Femoral Head Separation.",2022,Animals : an open access journal from MDPI,2,"""MYH9""",target x growth x geometry,False,0.0033333333333333335
PMC12631886,40878476,10.1002/advs.202509453,Centimeter-Scale Self-Assembling Tendon Organoids Drive Tissue Regeneration.,2025,"Advanced science (Weinheim, Baden-Wurttemberg, Germany)",2,"""Y27632""",compound x growth plate,False,0.0033333333333333335
PMC11650276,39691700,10.1016/j.ocarto.2024.100550,MicroRNA-181a/b-1 enhances chondroprogenitor anabolism and downregulates aquaporin-9.,2025,Osteoarthritis and cartilage open,2,"""aquaporin""",target x growth x geometry,False,0.0033333333333333335
PMC12848019,41469373,10.1038/s41467-025-67793-3,Chemotherapy-induced adipo-lineage cell senescence drives bone loss.,2025,Nature communications,2,"""cholesterol""",target x growth x geometry,False,0.0033333333333333335
PMC13261385,42104641,10.1002/adma.202516189,Synchronizing the Osteochondral Regeneration Process through Spatial Patterning of Stable and Hypertrophic Cartilage Organoids.,2026,"Advanced materials (Deerfield Beach, Fla.)",2,"""Y27632""",compound x growth plate,False,0.0033333333333333335
PMC12457634,40986224,10.1007/s40520-025-03119-z,"World Congress on Osteoporosis, Osteoarthritis and Musculoskeletal Diseases (WCO-IOF-ESCEO 2025).",2025,Aging clinical and experimental research,2,"""furosemide""",compound x growth plate,False,0.0033333333333333335
PMC11653010,39697524,10.1093/jbmrpl/ziae133,"Geranylgeranyl diphosphate synthase inhibition impairs osteoclast differentiation, morphology, and resorptive activity.",2025,JBMR plus,2,"""CDC42""; ""RAC1""; ""lovastatin""",compound x growth plate; target x growth x geometry,False,0.0033333333333333335
PMC10071761,37013640,10.1186/s13018-023-03757-x,Minimally invasive excision and reconstruction of Achilles tendon xanthoma using free autologous semitendinosus tendon transfer: a surgical technique.,2023,Journal of orthopaedic surgery and research,2,"""lovastatin""",compound x growth plate,False,0.0033333333333333335
PMC10491590,37684281,10.1038/s41598-023-41017-4,Identification of co-diagnostic effect genes for aortic dissection and metabolic syndrome by multiple machine learning algorithms.,2023,Scientific reports,2,"""SLC9A1""",target x growth x geometry,False,0.0033333333333333335
PMC12514186,41073372,10.1038/s41467-025-63606-9,Cellular and genetic mechanisms that shape the development and evolution of tail vertebral proportion in mice and jerboas.,2025,Nature communications,2,"""planar cell polarity""",target x growth x geometry,False,0.0033333333333333335
PMC11338775,39176085,10.3389/fimmu.2024.1353915,Unveiling the bioinformatic genes and their involved regulatory mechanisms in type 2 diabetes combined with osteoarthritis.,2024,Frontiers in immunology,2,"""lovastatin""",compound x growth plate,False,0.0033333333333333335
PMC11447359,39364244,10.1016/j.heliyon.2024.e38006,Obtaining source material for cellular agriculture.,2024,Heliyon,2,"""MYH9""",target x growth x geometry,False,0.0033333333333333335
PMC9304623,35873582,10.3389/fphar.2022.942209,The Role of ASIC1a in Inflammatory Immune Diseases: A Potential Therapeutic Target.,2022,Frontiers in pharmacology,2,"""NSC23766""; ""amiloride""",compound x growth plate,False,0.0033333333333333335
PMC7102202,28840254,10.1007/s00467-017-3753-x,"Abstracts of the 50th Anniversary ESPN Meeting, Glasgow, September 2017.",2017,"Pediatric nephrology (Berlin, Germany)",2,"""LIMK1""",target x growth x geometry,False,0.0033333333333333335
PMC12828605,41585444,10.1016/j.mtbio.2026.102782,Mechanochemical regulation of organoid morphogenesis: Integrated signaling circuits in engineered microenvironments.,2026,Materials today. Bio,2,"""PIEZO1""; ""TRPV4""",target x growth x geometry,False,0.0033333333333333335
PMC12791149,41521187,10.1038/s41413-025-00487-0,"Biologics for bone regeneration: advances in cell, protein, gene, and mRNA therapies.",2026,Bone research,2,"""simvastatin""",compound x growth plate,False,0.0033333333333333335
PMC12919287,41727274,10.1016/j.bioactmat.2026.01.049,Hierarchical micro-/nanostructured hydroxyapatite scaffolds promote osteoporotic bone regeneration via activation of hedgehog and HIF-1α signaling.,2026,Bioactive materials,2,"""FAK""; ""focal adhesion""",target x growth x geometry,False,0.0033333333333333335
PMC11550462,39521910,10.1038/s41598-024-78580-3,Meniscus gene expression profiling of inner and outer zone meniscus tissue compared to cartilage and passaged monolayer meniscus cells.,2024,Scientific reports,2,"""MYH9""",target x growth x geometry,False,0.0033333333333333335
PMC12204310,40577073,10.1096/fj.202402989r,Aging and Altered Gravity: A Cellular Perspective.,2025,FASEB journal : official publication of the Federation of American Societies for Experimental Biology,2,"""FAK""; ""microtubule""",target x growth x geometry,False,0.0033333333333333335
PMC12550959,41141284,10.3389/fbioe.2025.1652897,Extended view on the mechanobiology of fracture healing: interplay between mechanics and inflammation.,2025,Frontiers in bioengineering and biotechnology,2,"""TRPV4""",target x growth x geometry,False,0.0033333333333333335
PMC12064995,40346964,10.1111/jcmm.70601,The Potential Hepatocyte Differentiation Targets and MSC Proliferation by FH1.,2025,Journal of cellular and molecular medicine,2,"""centrosome""",target x growth x geometry,False,0.0033333333333333335
PMC11604762,39609464,10.1038/s41598-024-75538-3,CMTM7 shapes the chronic inflammatory and immunosuppressive tumor microenvironment in hepatocellular carcinoma as an M2 macrophage biomarker.,2024,Scientific reports,2,"""fasudil""",compound x growth plate,False,0.0033333333333333335
PMC9388969,34585268,10.1007/s00259-021-05356-6,"The false myth of ""iodine allergy"" also in nuclear medicine.",2021,European journal of nuclear medicine and molecular imaging,2,"""acetazolamide""",compound x growth plate,False,0.0033333333333333335
PMC11007094,38606170,10.3389/fphar.2024.1337161,"A comprehensive review of the botany, phytochemistry, pharmacology, and toxicology of Murrayae Folium et Cacumen.",2024,Frontiers in pharmacology,2,"""acetazolamide""",compound x growth plate,False,0.0033333333333333335
PMC12727127,39908267,10.14336/ad.2024.1408,"Unveiling Lipid Droplet Transport Dynamics as Biomarkers of Senescence Using Label-Free, Time-Lapse Holotomography.",2025,Aging and disease,2,"""centrosome""",target x growth x geometry,False,0.0033333333333333335
PMC12024444,40292098,10.7717/peerj.19334,The Hippo pathway in bone and cartilage: implications for development and disease.,2025,PeerJ,2,"""simvastatin""",compound x growth plate,False,0.0033333333333333335
PMC11506307,39476113,10.1590/0103-6440202406114,Effect of local and systemic administration of atorvastatin for improving bone healing on critical defects.,2024,Brazilian dental journal,2,"""lovastatin""; ""simvastatin""",compound x growth plate,False,0.0033333333333333335
PMC12204717,40584816,10.1063/5.0271050,Epigenetic regulation and mechanobiological adaptation in tenocytes during maturation.,2025,APL bioengineering,2,"""MYH9""",target x growth x geometry,False,0.0033333333333333335
PMC12481617,41035432,10.1016/j.bioactmat.2025.09.016,Remodeling of senescent macrophages in synovium alleviates trauma- and aging-induced osteoarthritis.,2026,Bioactive materials,2,"""EIPA""; ""cytochalasin D""",compound x growth plate,False,0.0033333333333333335
PMC12190086,40564003,10.3390/biomedicines13061283,Exosomal Protein Biomarkers in Arthritis: Deciphering the Inflammatory Profiles of RA and OA.,2025,Biomedicines,2,"""ROCK2""",target x growth x geometry,False,0.0033333333333333335
PMC13017717,41055578,10.1093/jbmr/zjaf141,"Hypophosphatasia-pathophysiological understanding, preclinical data looking beyond the skeleton, and upcoming treatments.",2026,Journal of bone and mineral research : the official journal of the American Society for Bone and Mineral Research,2,"""cholesterol""",compound x growth plate,False,0.0033333333333333335
PMC12487600,40846464,10.1113/jp288924,From fibro/adipogenic progenitors to adipocytes: Understanding adipogenesis in muscle degeneration for disease modulation.,2025,The Journal of physiology,2,"""ROCK2""",target x growth x geometry,False,0.0033333333333333335
PMC11083072,38727280,10.3390/cells13090744,Stem-Cell-Driven Chondrogenesis: Perspectives on Amnion-Derived Cells.,2024,Cells,2,"""cadherin""",target x growth x geometry,False,0.0033333333333333335
PMC12011707,40257501,10.1007/s00018-025-05681-1,Increased thermal stability of FGF10 leads to ectopic signaling during development.,2025,Cellular and molecular life sciences : CMLS,2,"""cadherin""",target x growth x geometry,False,0.0033333333333333335
PMC10008777,36923207,10.7759/cureus.34789,Confusion With Presentations of Calcium Pyrophosphate Dihydrate Disease: A Report of Two Cases Mistaken for Cellulitis.,2023,Cureus,2,"""colchicine""; ""lovastatin""",compound x growth plate,False,0.0033333333333333335
PMC12288192,40697045,10.1080/07853890.2025.2533428,Using Mendelian randomization analyses in osteoarthritis: state of art and future perspectives.,2025,Annals of medicine,2,"""simvastatin""",compound x growth plate,False,0.0033333333333333335
PMC12873127,41484482,10.1038/s42003-025-09433-6,A human pathophysiological 3D-bone marrow model reveals immune and stromal cell heterogeneity.,2026,Communications biology,2,"""Y-27632""",compound x growth plate,False,0.0033333333333333335
PMC12360289,40824304,10.1083/jcb.202411167,"Multiple golgins are required to support extracellular matrix secretion, modification, and assembly.",2025,The Journal of cell biology,2,"""nocodazole""",compound x growth plate,False,0.0033333333333333335
PMC11508627,39456957,10.3390/ijms252011176,"p57<sup>Kip2</sup> Phosphorylation Modulates Its Localization, Stability, and Interactions.",2024,International journal of molecular sciences,2,"""LIMK1""; ""cofilin""; ""nocodazole""",compound x growth plate; target x growth x geometry,False,0.0033333333333333335
PMC12783963,41020390,10.1002/adma.202512399,The Bionic Interface: Considering the Material Mediated Electrical Stimulation of Stem Cells.,2026,"Advanced materials (Deerfield Beach, Fla.)",2,"""cytochalasin D""",compound x growth plate,False,0.0033333333333333335
PMC2595676,685300,,A model for ulnar dysmelia.,1978,The Yale journal of biology and medicine,2,"""acetazolamide""",compound x growth plate,False,0.0033333333333333335
PMC5321634,28211023,10.1007/s13244-017-0546-5,ECR 2017 - BOOK OF ABSTRACTS.,2017,Insights into imaging,2,"""acetazolamide""",compound x growth plate,False,0.0033333333333333335
PMC12545115,41141273,10.3389/fnut.2025.1696230,Sexual dimorphism in LC-MS/MS-based vitamin D metabolite profiling and nutrition-acquired biochemical osteomalacia among adolescents.,2025,Frontiers in nutrition,2,"""cholesterol""",compound x growth plate,False,0.0033333333333333335
PMC12454292,40995602,10.1016/j.jot.2025.07.007,Natural products in the treatment of osteoarthritis: Current status and prospects.,2025,Journal of orthopaedic translation,2,"""ROCK1""",target x growth x geometry,False,0.0033333333333333335
PMC11473111,39401064,10.7554/elife.89701,Systems analysis of miR-199a/b-5p and multiple miR-199a/b-5p targets during chondrogenesis.,2024,eLife,2,"""MYH9""; ""ROCK1""",target x growth x geometry,False,0.0033333333333333335
PMC12454451,40995561,10.3389/fcell.2025.1621648,Tcirg1 deficiency delays osteoarthritis progression by impairing lysosome acidification and peripheral accumulation in osteoclasts.,2025,Frontiers in cell and developmental biology,2,"""microtubule""",target x growth x geometry,False,0.0033333333333333335
PMC12341773,40410950,10.1111/acel.70087,Combined Effects of Mechanical Loading and Piezo1 Chemical Activation on 22-Months-Old Female Mouse Bone Adaptation.,2025,Aging cell,2,"""Yoda1""",compound x growth plate,False,0.0033333333333333335
PMC12791148,41521175,10.1038/s41413-025-00482-5,Electric field stimulation-responsive hydrogels for bone regeneration: from mechanisms to applications.,2026,Bone research,2,"""FAK""; ""GsMTx4""; ""PIEZO1""; ""PIEZO2""; ""TRPV4""; ""Yoda1""; ""cadherin""; ""focal adhesion""; ""primary cilia""",compound x growth plate; target x growth x geometry,False,0.0033333333333333335
PMC12849641,41519760,10.1186/s12964-025-02633-x,Mechanoresponsive ion channels Piezo1 and TRPV4 stimulate ADAM10 and ADAM17 with differential impact on endothelial migration and proliferation.,2026,Cell communication and signaling : CCS,2,"""GSK1016790A""; ""GsMTx4""; ""HC-067047""; ""Yoda1""",compound x growth plate,False,0.0033333333333333335
PMC12073913,39930949,10.1111/acel.14504,Oral Citrate Supplementation Mitigates Age-Associated Pathologic Intervertebral Disc Calcification in LG/J Mice.,2025,Aging cell,2,"""cholesterol""",compound x growth plate; target x growth x geometry,False,0.0033333333333333335
PMC11819963,39942697,10.3390/molecules30030593,In Vitro CO-Releasing and Antioxidant Properties of Sulfonamide-Based CAI-CORMs in a H&lt;sub&gt;2&lt;/sub&gt;O&lt;sub&gt;2&lt;/sub&gt;-Stimulated Human Achilles Tendon-Derived Cell Model.,2025,"Molecules (Basel, Switzerland)",2,"""acetazolamide""",compound x growth plate,False,0.0033333333333333335
PMC12774628,40781923,10.1111/cpr.70112,Piezo2 in Mechanosensory Biology: From Physiological Homeostasis to Disease-Promoting Mechanisms.,2026,Cell proliferation,2,"""PIEZO2""",target x growth x geometry,False,0.0033333333333333335
PMC12498448,41047414,10.1186/s13020-025-01218-7,Electroacupuncture attenuates intestinal epithelial ferroptosis in inflammatory bowel disease via Piezo1-mediated mitochondrial homeostasis.,2025,Chinese medicine,2,"""GsMTx4""; ""Yoda1""",compound x growth plate,False,0.0033333333333333335
PMC11257685,39027358,10.1002/ccr3.9191,Osteopoikilosis-the incidental finding of a rare bone dysplasia: A case report.,2024,Clinical case reports,2,"""simvastatin""",compound x growth plate,False,0.0033333333333333335
PMC11276887,39063189,10.3390/ijms25147948,Transcriptome Analysis of Mesenchymal Progenitor Cells Revealed Molecular Insights into Metabolic Dysfunction and Inflammation in Polycystic Ovary Syndrome.,2024,International journal of molecular sciences,2,"""Y-27632""",compound x growth plate,False,0.0033333333333333335
PMC13225603,39814250,10.1016/j.bone.2025.117390,Skeletal and dental tissue mineralization: The potential role of the endoplasmic reticulum/Golgi complex and the endolysosomal and autophagic transport systems.,2025,Bone,2,"""RAC1""; ""RHOA""; ""cholesterol""; ""microtubule""",target x growth x geometry,False,0.0033333333333333335
PMC12391163,40894924,10.3389/fcell.2025.1632710,Role and mechanism of Integrin α5β1 in bone formation and disease.,2025,Frontiers in cell and developmental biology,2,"""simvastatin""",compound x growth plate,False,0.0033333333333333335
PMC13055110,42032145,10.1038/s44385-025-00059-1,"Mechanical regulation of metabolism, epigenetics, and their interplay.",2026,npj biomedical innovations,2,"""CDC42""; ""FAK""; ""NHE1""; ""PIEZO1""; ""PIEZO2""; ""RAC1""; ""RHOA""; ""TRPV4""; ""Yoda1""; ""cofilin""; ""focal adhesion""; ""non-muscle myosin II""",compound x growth plate; target x growth x geometry,False,0.0033333333333333335
PMC11854965,40004032,10.3390/ijms26041567,Chronic Kidney Disease and Osteoarthritis: Current Understanding and Future Research Directions.,2025,International journal of molecular sciences,2,"""PIEZO1""",target x growth x geometry,False,0.0033333333333333335
PMC13060751,40886429,10.1016/j.semcdb.2025.103649,"Biophysical, cellular, and mouse model approaches to investigate the mechanical regulation of folliculogenesis.",2025,Seminars in cell & developmental biology,2,"""Y-27632""",compound x growth plate,False,0.0033333333333333335
PMC9718125,36475280,10.1016/j.ocarto.2022.100263,TRPV4 activation enhances compressive properties and glycosaminoglycan deposition of equine neocartilage sheets.,2022,Osteoarthritis and cartilage open,2,"""RN-1734""",compound x growth plate,False,0.0033333333333333335
PMC12768486,41416447,10.3892/ijmm.2025.5717,"A comprehensive review on pain: Model, target, therapy, and prospect (Review).",2026,International journal of molecular medicine,2,"""amiloride""",compound x growth plate,False,0.0033333333333333335
PMC12752600,41268707,10.1002/advs.202514522,Nanomedicines Against Mitochondrial Dysfunction-Induced Metabolic Diseases.,2025,"Advanced science (Weinheim, Baden-Wurttemberg, Germany)",2,"""simvastatin""",compound x growth plate,False,0.0033333333333333335
PMC11631174,39168116,10.1159/000541044,"Clinical Characteristics, Current Treatment Options, Potential Mechanisms, Biomarkers, and Therapeutic Targets in Avascular Necrosis of Femoral Head.",2024,"Medical principles and practice : international journal of the Kuwait University, Health Science Centre",2,"""lovastatin""; ""simvastatin""",compound x growth plate,False,0.0033333333333333335
PMC12078208,40376614,10.3389/fcell.2025.1549812,Implications of mechanosensitive ion channels in the pathogenesis of osteoarthritis: a comprehensive review.,2025,Frontiers in cell and developmental biology,2,"""GSK1016790A""; ""GsMTx4""; ""HC-067047""; ""PIEZO2""; ""Yoda1""",compound x growth plate; target x growth x geometry,False,0.0033333333333333335
PMC12310468,40747304,10.3389/fendo.2025.1626796,ApoBDs: a paradigm shift from cellular debris to therapeutic vehicles.,2025,Frontiers in endocrinology,2,"""ROCK1""",target x growth x geometry,False,0.0033333333333333335
PMC12362752,40349177,10.1002/advs.202410413,"Presbycusis: Pathology, Signal Pathways, and Therapeutic Strategy.",2025,"Advanced science (Weinheim, Baden-Wurttemberg, Germany)",2,"""NKCC1""; ""bumetanide""; ""furosemide""",compound x growth plate; target x growth x geometry,False,0.0033333333333333335
PMC12006074,40255337,10.3389/fcvm.2025.1516279,Role of circadian transcription factor REV-ERB in cardiovascular diseases: a review.,2025,Frontiers in cardiovascular medicine,2,"""GSK4112""",compound x growth plate,False,0.0033333333333333335
PMC11407379,39282983,10.1080/19336950.2024.2396354,Piezo1 channel: A global bibliometric analysis from 2010 to 2024.,2024,"Channels (Austin, Tex.)",2,"""GsMTx4""",compound x growth plate,False,0.0033333333333333335
PMC12961538,40730513,10.1111/cpr.70107,Mechanism of ITGB2 in Osteoclast Differentiation in Osteoarthritis.,2026,Cell proliferation,2,"""RAC1""; ""integrin beta1""",target x growth x geometry,False,0.0033333333333333335
PMC7104428,25769533,10.1177/1933719115579631,"Abstracts of the 62nd Annual Scientific Meeting, March 26-28, 2015, San Francisco, California.",2015,"Reproductive sciences (Thousand Oaks, Calif.)",2,"""SLC12A2""",target x growth x geometry,False,0.0033333333333333335
PMC12490864,40884791,10.1016/j.celrep.2025.116175,The bidirectional interplay between RNA processing and mechanotransduction.,2025,Cell reports,2,"""PIEZO2""",target x growth x geometry,False,0.0033333333333333335
PMC11094677,38634615,10.1021/acsbiomaterials.3c01799,Calcified Cartilage-Guided Identification of Osteogenic Molecules and Geometries.,2024,ACS biomaterials science & engineering,2,"""cadherin""",target x growth x geometry,False,0.0033333333333333335
PMC12822483,41360735,10.1002/advs.202416992,Mechanobiological Dynamics-Inspired Mechanomodulatory Biomaterials.,2026,"Advanced science (Weinheim, Baden-Wurttemberg, Germany)",2,"""CDC42""; ""PIEZO2""; ""cofilin""; ""focal adhesion""; ""nocodazole""",compound x growth plate; target x growth x geometry,False,0.0033333333333333335
PMC11859969,40006052,10.3390/ph18020239,Nanofibrous Scaffolds' Ability to Induce Mesenchymal Stem Cell Differentiation for Soft Tissue Regenerative Applications.,2025,"Pharmaceuticals (Basel, Switzerland)",2,"""nocodazole""",compound x growth plate,False,0.0033333333333333335
PMC13070338,41978837,10.2147/jir.s582297,Impaired Macrophage Efferocytosis: Shared Mechanisms and Therapeutic Implications in Immune-Mediated Inflammatory Diseases.,2026,Journal of inflammation research,2,"""RAC1""",target x growth x geometry,False,0.0033333333333333335
PMC11928613,40118904,10.1038/s41598-025-88583-3,Mining of candidate genes related to body size in Chinese native pig breeds based on public data.,2025,Scientific reports,2,"""PIEZO2""",target x growth x geometry,False,0.0033333333333333335
PMC12147992,40123288,10.1002/adhm.202403229,Soft Pneumatic Device Designed to Mimic the Periosteal Environment for Regulating the Fate of Mesenchymal Stem Cells.,2025,Advanced healthcare materials,2,"""PIEZO2""",target x growth x geometry,False,0.0033333333333333335
PMC12325293,40771725,10.3389/fbioe.2025.1640560,Physical cues in biomaterials modulate macrophage polarization for bone regeneration: a review.,2025,Frontiers in bioengineering and biotechnology,2,"""RAC1""; ""RHOA""",target x growth x geometry,False,0.0033333333333333335
PMC12631191,41281748,10.7150/ijbs.119301,"Extracellular matrix dysregulation in aging, calcification, and cancer diseases: insights into cellular senescence, inflammation, and novel therapeutic strategies.",2025,International journal of biological sciences,2,"""cadherin""",target x growth x geometry,False,0.0033333333333333335
PMC11739449,39821381,10.1186/s11671-024-04164-9,Phytonanoparticles as novel drug carriers for enhanced osteogenesis and osseointegration.,2025,Discover nano,2,"""simvastatin""",compound x growth plate,False,0.0033333333333333335
PMC13017754,41071099,10.1093/jbmr/zjaf145,Mechanosensitive ion channels as novel targets in osteoporosis.,2026,Journal of bone and mineral research : the official journal of the American Society for Bone and Mineral Research,2,"""PIEZO1""; ""PIEZO2""; ""Yoda1""",compound x growth plate; target x growth x geometry,False,0.0033333333333333335
PMC12103965,40420945,10.1155/mi/9998838,The Mechanosensitive PIEZO1 Channel Contributes to the Reaction of RAW264.7 Macrophages to Mechanical Strain.,2025,Mediators of inflammation,2,"""GsMTx4""; ""Yoda1""",compound x growth plate,False,0.0033333333333333335
PMC12285922,40700001,10.1039/d5bm00550g,Design considerations for photoinitiator selection in cell-laden gelatin methacryloyl hydrogels.,2026,Biomaterials science,2,"""focal adhesion""",target x growth x geometry,False,0.0033333333333333335
PMC12076280,40251729,10.1021/acsbiomaterials.4c02156,"Fabrication of Multiscale, Multidirectional Orientated Collagen Hydrogels with Guided Cell Alignment Using Fluidics and a Three-Dimensional Printing.",2025,ACS biomaterials science & engineering,2,"""focal adhesion""",target x growth x geometry,False,0.0033333333333333335
PMC12786201,41511334,10.3390/cells15010050,The Critical Role of Transcription Factor RUNX2 in Bone Mechanobiology.,2025,Cells,2,"""FAK""; ""TRPV4""",target x growth x geometry,False,0.0033333333333333335
PMC12141052,40487350,10.1016/j.omtn.2025.102551,Novel PEI-aldehyde conjugates for gene delivery: Promoting chondrogenic differentiation in human mesenchymal stem cells.,2025,Molecular therapy. Nucleic acids,2,"""amiloride""",compound x growth plate,False,0.0033333333333333335
PMC12056083,40328789,10.1038/s41598-025-00538-w,TNF induces catabolism in human cartilaginous endplate cells in 3D agarose culture under dynamic compression.,2025,Scientific reports,2,"""TRPV4""",target x growth x geometry,False,0.0033333333333333335
PMC12754226,41480405,10.1016/j.bioactmat.2025.11.046,Extracellular vesicles from IPFP-MSCs trigger osteoarthritis by transferring mtDNA.,2026,Bioactive materials,2,"""amiloride""; ""cytochalasin D""",compound x growth plate,False,0.0033333333333333335
PMC10972838,38551002,10.1016/j.isci.2024.109449,Microstructure changes and miRNA-mRNA network in a developmental dysplasia of the hip rat model.,2024,iScience,2,"""microtubule""",target x growth x geometry,False,0.0033333333333333335
PMC12365376,40830968,10.1002/wnan.70031,Engineered Extracellular Vesicles in Arthritic Diseases: Therapeutic Applications &amp; Challenges.,2025,Wiley interdisciplinary reviews. Nanomedicine and nanobiotechnology,2,"""MYH9""",target x growth x geometry,False,0.0033333333333333335
PMC12539266,41126895,10.1016/j.isci.2025.113464,Single-nucleus profiling of Ossabaw pig atherosclerosis model.,2025,iScience,2,"""MYH9""",target x growth x geometry,False,0.0033333333333333335
PMC11976884,40200768,10.22074/ijfs.2024.2031240.1705,Mesenchymal Stem Cell-Derived Small Extracellular Vesicle as A Novel Therapeutic Approach for Chemotherapy-Induced Male Infertility: A Review Article.,2025,International journal of fertility & sterility,2,"""ROCK1""",target x growth x geometry,False,0.0033333333333333335
PMC12541691,41122897,10.1096/fj.202500767rrr,Soy Isoflavones Prevent Bone Quality Loss Induced by High-Fat Diet in Rats Through Epigenetic Modifications.,2025,FASEB journal : official publication of the Federation of American Societies for Experimental Biology,2,"""cholesterol""",compound x growth plate; target x growth x geometry,False,0.0033333333333333335
PMC11353020,39199396,10.3390/biom14081009,Molecular Developmental Biology of Fibrodysplasia Ossificans Progressiva: Measuring the Giant by Its Toe.,2024,Biomolecules,2,"""RHOA""",target x growth x geometry,False,0.0033333333333333335
PMC12236066,40627336,10.1093/stcltm/szaf033,Use of adipose-derived stem cells on decellularized bladder scaffolds for functional bladder mucosa regeneration.,2025,Stem cells translational medicine,2,"""latrunculin""",compound x growth plate,False,0.0033333333333333335
PMC12239387,40635000,10.1186/s13075-025-03609-5,Receptor activator of nuclear factor-kappa B ligand-derived microglia healing peptide 1-AcN inhibits osteoarthritis progression in mice.,2025,Arthritis research & therapy,2,"""CDC42""; ""RAC1""",target x growth x geometry,False,0.0033333333333333335
PMC12835426,41544436,10.1016/j.psj.2026.106410,Review on the hepatic osteodystrophy in poultry: From pathogenesis to management implications.,2026,Poultry science,2,"""cholesterol""",compound x growth plate,False,0.0033333333333333335
PMC11890108,40059972,10.1093/toxres/tfaf033,Do the azo food colorings carmoisine and ponceau 4R have a genotoxic potential?,2025,Toxicology research,2,"""colchicine""",compound x growth plate,False,0.0033333333333333335
PMC11616764,39627031,10.1080/0886022x.2024.2435485,Research progress on the association between TMAO and vascular calcification in patients with chronic kidney disease.,2024,Renal failure,2,"""nobiletin""",compound x growth plate,False,0.0033333333333333335
PMC8478347,34589670,10.14218/jerp.2020.00020,"A Novel Vitamin D Receptor Agonist, VS-105, Improves Bone Mineral Density without Affecting Serum Calcium in a Postmenopausal Osteoporosis Rat Model.",2020,Journal of exploratory research in pharmacology,2,"""jasplakinolide""",compound x growth plate,False,0.0033333333333333335
PMC13284645,40755097,10.2174/0118715303409910250725043347,Severe Hypercalcemia Following Pembrolizumab Therapy: A Case Report and A Literature Review,2026,"Endocrine, metabolic & immune disorders drug targets",2,"""furosemide""",compound x growth plate,False,0.0033333333333333335
PMC10476562,37483149,10.1002/2211-5463.13678,Titanium particles inhibit bone marrow mesenchymal stem cell osteogenic differentiation through the MAPK signaling pathway.,2023,FEBS open bio,2,"""cytochalasin D""",compound x growth plate,False,0.0033333333333333335
PMC8596276,34795996,10.17691/stm2020.12.4.10,Mechanosensitivity of Cells and Its Role in the Regulation of Physiological Functions and the Implementation of Physiotherapeutic Effects (Review).,2021,Sovremennye tekhnologii v meditsine,2,"""osmotic swelling""",target x growth x geometry,False,0.0033333333333333335
PMC11461523,39010241,10.1262/jrd.2024-017,A polysaccharide gel made of gellan gum improves oocyte maturation and embryonic development in pigs.,2024,The Journal of reproduction and development,2,"""nobiletin""",compound x growth plate,False,0.0033333333333333335
PMC10971216,38542041,10.3390/jcm13061817,Tumour-Induced Osteomalacia-A Long Way to the Diagnosis Facilitated by [<sup>68</sup>Ga]Ga-DOTATATE PET/CT.,2024,Journal of clinical medicine,2,"""furosemide""",compound x growth plate,False,0.0033333333333333335
PMC12093937,40399946,10.1186/s12943-025-02289-8,Double-sided niche regulation in skin stem cell and cancer: mechanisms and clinical applications.,2025,Molecular cancer,2,"""ROCK2""",target x growth x geometry,False,0.0033333333333333335
PMC11659590,39702750,10.1038/s41467-024-55100-5,Mechanical induction in metazoan development and evolution: from earliest multi-cellular organisms to modern animal embryos.,2024,Nature communications,2,"""blebbistatin""",compound x growth plate,False,0.0033333333333333335
PMC12226426,40181576,10.1002/2211-5463.70024,Adenosine A&lt;sub&gt;3&lt;/sub&gt; receptor antagonists as anti-tumor treatment in human prostate cancer: an in vitro study.,2025,FEBS open bio,2,"""aquaporin""",target x growth x geometry,False,0.0033333333333333335
PMC12035695,40297189,10.1093/jbmrpl/ziaf042,Burosumab treatment of a child with McCune-Albright syndrome/polyostotic fibrous dysplasia: challenges and benefits.,2025,JBMR plus,2,"""jasplakinolide""",compound x growth plate,False,0.0033333333333333335
PMC12138995,40485946,10.5114/reum/199980,Clinical expert statement on osteoarthritis: diagnosis and therapeutic choices.,2025,Reumatologia,2,"""colchicine""",compound x growth plate,False,0.0033333333333333335
PMC12328314,40777991,10.3389/fphar.2025.1619776,Effects and molecular mechanisms of &lt;i&gt;Achyranthes bidentata&lt;/i&gt; Blume and &lt;i&gt;Cyathula officinalis&lt;/i&gt; K.C. Kuan in the treatment of rheumatoid arthritis.,2025,Frontiers in pharmacology,2,"""nobiletin""",compound x growth plate,False,0.0033333333333333335
PMC7163973,,,Poster Presentations,2012,The FEBS journal,2,"""actin cortex""; ""fasudil""",compound x growth plate; target x growth x geometry,False,0.0033333333333333335
PMC7167200,,,ACVIM Abstracts,2005,Journal of veterinary internal medicine,2,"""fasudil""",compound x growth plate,False,0.0033333333333333335
PMC12730261,41463344,10.3390/biom15121688,Proteoglycans in Breast Cancer: Friends and Foes.,2025,Biomolecules,2,"""CDC42""; ""FAK""",target x growth x geometry,False,0.0033333333333333335
PMC10982071,38563035,10.2147/jpr.s449044,Tandem Mass Tag-Based Proteomic Analysis of Normal and Degenerated Human Intervertebral Discs.,2024,Journal of pain research,2,"""aquaporin""",target x growth x geometry,False,0.0033333333333333335
PMC11695430,39759512,10.3389/fimmu.2024.1425602,The modulation of immune cell death in connection to microRNAs and natural products.,2024,Frontiers in immunology,2,"""colchicine""",compound x growth plate,False,0.0033333333333333335
PMC12110887,40429679,10.3390/ijms26104537,"Hand Osteoarthritis: Molecular Mechanisms, Randomized Controlled Trials, and the Future of Targeted Treatment.",2025,International journal of molecular sciences,2,"""colchicine""",compound x growth plate,False,0.0033333333333333335
PMC12683809,41354800,10.1186/s13020-025-01196-w,"Pathological characteristics of traditional Chinese medicine Shi Zheng and related therapeutic formula, effective compounds: a general review.",2025,Chinese medicine,1,"""aquaporin""; ""colchicine""",compound x growth plate; target x growth x geometry,False,0.0016666666666666668
PMC13223456,40619666,10.2174/0113862073378606250616114958,Juanbi Lijieqing Decoction Inhibits TLR4/NF-κB Signaling Pathway by Promoting PPARγ Expression to Relieve Acute Gouty Arthritis.,2026,Combinatorial chemistry & high throughput screening,1,"""colchicine""",compound x growth plate,False,0.0016666666666666668
PMC9908298,36779117,10.7759/cureus.33554,Subacute Bacterial Cellulitis With a Subacute Clinical Course With Difficulty in Distinguishing From Sjögren's Syndrome: A Case Report.,2023,Cureus,1,"""colchicine""",compound x growth plate,False,0.0016666666666666668
PMC11179734,38882993,10.7759/cureus.60434,"A Narrative Review of Chondrocalcinosis: Clinical Presentation, Diagnosis, and Therapies.",2024,Cureus,1,"""colchicine""",compound x growth plate,False,0.0016666666666666668
PMC11215724,38866385,10.1021/acs.jmedchem.4c00855,Discovery of CDC42 Inhibitors with a Favorable Pharmacokinetic Profile and Anticancer In Vivo Efficacy.,2024,Journal of medicinal chemistry,1,"""CASIN""",compound x growth plate,False,0.0016666666666666668
PMC7095910,21194004,10.1007/s00011-010-0290-5,"Inflammation research: modern design, more quality science.",2011,Inflammation research : official journal of the European Histamine Research Society ... [et al.],1,"""fasudil""",compound x growth plate,False,0.0016666666666666668
PMC7167044,,,Abstracts,2005,Journal of veterinary internal medicine,1,"""fasudil""",compound x growth plate,False,0.0016666666666666668
PMC12537897,41127809,10.3389/fphys.2025.1674714,Hippo in smooth muscle - a therapeutic target in vascular diseases driven by aging and hypertension.,2025,Frontiers in physiology,1,"""ROCK1""; ""ROCK2""; ""blebbistatin""; ""latrunculin""",compound x growth plate; target x growth x geometry,False,0.0016666666666666668
PMC11671864,38747088,10.1002/smtd.202400210,Biomimetic Approach of Brain Vasculature Rapidly Characterizes Inter- and Intra-Patient Migratory Diversity of Glioblastoma.,2024,Small methods,1,"""blebbistatin""; ""latrunculin""; ""nocodazole""",compound x growth plate,False,0.0016666666666666668
PMC13286375,42163648,10.1242/jcs.265025,"Molecular insights into profilin 1-dependent regulation of cellular phosphatidylinositol (4,5)-bisphosphate.",2026,Journal of cell science,1,"""CDC42""; ""blebbistatin""; ""cholesterol""; ""cofilin""; ""latrunculin""; ""non-muscle myosin II""",compound x growth plate; target x growth x geometry,False,0.0016666666666666668
PMC12302468,40708540,10.1080/07853890.2025.2537348,Ultrasound therapy inhibits knee osteoarthritis progression in rabbits by activating the PPARs pathway: a pilot study.,2025,Annals of medicine,1,"""aquaporin""",target x growth x geometry,False,0.0016666666666666668
PMC12536539,41111150,10.1186/s13020-025-01215-w,Detumescence Analgesic Plaster mitigates knee osteoarthritis via active ingredients targeting mitochondrial complex 1/AMPK/MYL3-regulated cartilage homeostasis.,2025,Chinese medicine,1,"""aquaporin""",target x growth x geometry,False,0.0016666666666666668
PMC12356736,40423739,10.1007/s12015-025-10900-0,Transcriptome Profiling of Trabecular Meshwork Progenitor Cells.,2025,Stem cell reviews and reports,1,"""aquaporin""",target x growth x geometry,False,0.0016666666666666668
PMC11923336,40105989,10.1007/s00018-025-05639-3,Estrogen-induced circFAM171A1 regulates sheep myoblast proliferation through the oar-miR-485-5p/MAPK15/MAPK pathway.,2025,Cellular and molecular life sciences : CMLS,1,"""aquaporin""",target x growth x geometry,False,0.0016666666666666668
PMC12586149,40903537,10.1038/s41440-025-02348-z,Goreisan attenuates cardiac hypertrophy and diastolic dysfunction in heart failure with preserved ejection fraction induced by HFD/L-NAME via regulation of ICAT-β-catenin/ERK axis.,2025,Hypertension research : official journal of the Japanese Society of Hypertension,1,"""aquaporin""",target x growth x geometry,False,0.0016666666666666668
PMC11630017,39167826,10.1093/cvr/cvae174,Smooth muscle-specific deletion of cellular communication network factor 2 causes severe aorta malformation and atherosclerosis.,2024,Cardiovascular research,1,"""osmotic swelling""",target x growth x geometry,False,0.0016666666666666668
PMC12082136,40395869,10.1016/j.mbm.2023.100002,Mechanobiology research in China.,2023,Mechanobiology in medicine,1,"""non-muscle myosin II""",target x growth x geometry,False,0.0016666666666666668
PMC12524625,41096638,10.3390/ijms26199370,S100A4/FSP1: A Prognostic Marker and a Promising Target for Antitumor Therapy.,2025,International journal of molecular sciences,1,"""blebbistatin""; ""non-muscle myosin II""",compound x growth plate; target x growth x geometry,False,0.0016666666666666668
PMC11838009,39970229,10.1126/sciadv.adr9869,Noninvasive characterization of oocyte deformability in microconstrictions.,2025,Science advances,1,"""actin cortex""; ""cofilin""; ""microtubule""",target x growth x geometry,False,0.0016666666666666668
PMC12716060,41402996,10.1080/19491034.2025.2600901,Mechanotransduction by nuclear envelope tension.,2026,"Nucleus (Austin, Tex.)",1,"""actin cortex""; ""osmotic swelling""",target x growth x geometry,False,0.0016666666666666668
PMC8986393,35399624,10.1155/2022/7044775,"Integrated RNA-Seq Analysis Uncovers the Potential Mechanism of the ""Kidney Governing Bones"" Theory of TCM.",2022,Evidence-based complementary and alternative medicine : eCAM,1,"""aquaporin""",target x growth x geometry,False,0.0016666666666666668
PMC12461018,40848713,10.1016/j.ajhg.2025.07.018,"Single-cell analysis of human fibrous dysplasia bone reveals a fibrotic transcriptome and GNAS variants in endothelial, perivascular, and stromal cells.",2025,American journal of human genetics,1,"""planar cell polarity""",target x growth x geometry,False,0.0016666666666666668
PMC12015613,40271154,10.3389/fcell.2025.1523833,Wnt5a and Notum influence the temporal dynamics of cartilaginous mesenchymal condensations in developing trachea.,2025,Frontiers in cell and developmental biology,1,"""planar cell polarity""",target x growth x geometry,False,0.0016666666666666668
PMC12508500,40454459,10.1177/00220345251336191,Wnt1's Differential Effects on Craniofacial Bone and Tooth Development.,2025,Journal of dental research,1,"""planar cell polarity""",target x growth x geometry,False,0.0016666666666666668
PMC12204885,40038218,10.1007/s11604-025-01763-z,Imaging insights of FDG-PET from neonates to infants.,2025,Japanese journal of radiology,1,"""furosemide""",compound x growth plate,False,0.0016666666666666668
PMC12110605,40426795,10.3390/children12050616,Growth Failure in Children with Congenital Heart Disease.,2025,"Children (Basel, Switzerland)",1,"""furosemide""",compound x growth plate,False,0.0016666666666666668
PMC12202888,40566874,10.1177/00368504251352033,"A 5-year limb salvage for long-term limb salvage in chronic limb-threatening ischemia without options for revascularization, utilizing a hybrid deep venous arterialization technique: A case report.",2025,Science progress,1,"""furosemide""",compound x growth plate,False,0.0016666666666666668
PMC12717146,41417248,10.1007/s10456-025-10024-6,Secreted frizzled-related proteins in angiogenesis: molecular mechanisms and clinical implications.,2025,Angiogenesis,1,"""ROCK2""",target x growth x geometry,False,0.0016666666666666668
PMC12382691,40867904,10.3390/antiox14081008,Mitochondrial Transfer Between Cancer and T Cells: Implications for Immune Evasion.,2025,"Antioxidants (Basel, Switzerland)",1,"""cofilin""",target x growth x geometry,False,0.0016666666666666668
PMC9348492,35666135,10.1002/micr.30930,Free flap reconstruction of distal extremity necrosis after COVID-19-related multisystem inflammatory syndrome in a pediatric patient.,2022,Microsurgery,1,"""jasplakinolide""",compound x growth plate,False,0.0016666666666666668
PMC11001633,38484798,10.1016/j.jbc.2024.107164,Loss of the glycosyltransferase Galnt11 affects vitamin D homeostasis and bone composition.,2024,The Journal of biological chemistry,1,"""jasplakinolide""",compound x growth plate,False,0.0016666666666666668
PMC12294067,40729016,10.3390/cimb47070547,The Clock and the Brain: Circadian Rhythm and Alzheimer's Disease.,2025,Current issues in molecular biology,1,"""nobiletin""",compound x growth plate,False,0.0016666666666666668
PMC10820070,38257234,10.3390/molecules29020322,Hydroxylated Tetramethoxyflavone Affects Intestinal Cell Permeability and Inhibits Cytochrome P450 Enzymes.,2024,"Molecules (Basel, Switzerland)",1,"""nobiletin""",compound x growth plate,False,0.0016666666666666668
PMC12427717,40943267,10.3390/ijms26178347,Bromelain in Obesity Therapy: A Review of Anti-Inflammatory and Metabolic Mechanisms.,2025,International journal of molecular sciences,1,"""nobiletin""",compound x growth plate,False,0.0016666666666666668
PMC11885941,40061264,10.4252/wjsc.v17.i2.98693,Stem cell therapy: A promising therapeutic approach for skeletal muscle atrophy.,2025,World journal of stem cells,1,"""nobiletin""",compound x growth plate,False,0.0016666666666666668
PMC12604524,41229549,10.2147/ijgm.s542924,Comprehensive Treatment of Gout with Traditional Chinese Medicine: A Modern Pathophysiological Perspective.,2025,International journal of general medicine,1,"""colchicine""",compound x growth plate,False,0.0016666666666666668
PMC12916663,41727428,10.3389/fimmu.2026.1769719,Ferroptosis in gouty arthritis: a potential therapeutic strategy.,2026,Frontiers in immunology,1,"""colchicine""",compound x growth plate,False,0.0016666666666666668
PMC12035769,40297179,10.3389/fendo.2025.1544016,Quality of life of 26 family members from four generations with X-linked hypophosphatemia: a cross-sectional study.,2025,Frontiers in endocrinology,1,"""jasplakinolide""",compound x growth plate,False,0.0016666666666666668
PMC10578408,37908277,10.1210/jcemcr/luac022,"Genu Valgum, Fractures, and Renal Stones in a 10-year-old Girl.",2023,JCEM case reports,1,"""jasplakinolide""",compound x growth plate,False,0.0016666666666666668
PMC10887983,38405617,10.2147/ijgm.s435650,Identification of a Novel Gene Expression Signature Associated with Amino Acid Metabolism (AAM) in Ankylosing Spondylitis (AS).,2024,International journal of general medicine,1,"""colchicine""",compound x growth plate,False,0.0016666666666666668
PMC11410711,39301197,10.3389/fragi.2024.1452453,The genetic advantage of healthy centenarians: unraveling the central role of NLRP3 in exceptional healthspan.,2024,Frontiers in aging,1,"""colchicine""",compound x growth plate,False,0.0016666666666666668
PMC12167113,40466439,10.1016/j.clinsp.2025.100665,Baihu Guizhi decoction alleviates inflammation in rats with acute gouty arthritis by targeting miR-17-5p to regulate the TLR4/Myd88/NF-κB signaling pathway.,2025,"Clinics (Sao Paulo, Brazil)",1,"""colchicine""",compound x growth plate,False,0.0016666666666666668
PMC12870969,41495757,10.1186/s12964-025-02630-0,The interplay between the extracellular matrix and extracellular vesicle-associated microRNAs.,2026,Cell communication and signaling : CCS,1,"""aquaporin""; ""cholesterol""",target x growth x geometry,False,0.0016666666666666668
PMC11946488,40267007,10.3390/vetsci12030271,Metabolic Bone Disease in Captive Flying Foxes: A Comprehensive Survey Across Zoological Parks.,2025,Veterinary sciences,1,"""jasplakinolide""",compound x growth plate,False,0.0016666666666666668
PMC11932947,40134564,10.25259/cytojournal_237_2024,The physiological and pathogenic roles of yes-associated protein/transcriptional co-activator with PDZ-binding motif in bone or skeletal motor system-related cells.,2025,CytoJournal,1,"""SR3335""; ""latrunculin""",compound x growth plate,False,0.0016666666666666668
PMC12652212,41303312,10.3390/ijms262210825,Structure and Function of the Extracellular Matrix in Normal and Pathological Conditions: Looking at the Bicuspid Aortic Valve.,2025,International journal of molecular sciences,1,"""RAC1""",target x growth x geometry,False,0.0016666666666666668
PMC12536042,41111094,10.1038/s41413-025-00463-8,Pak4-mediated crosstalk between necroptotic macrophages and tendon stem/progenitor cells contributes to traumatic heterotopic ossification formation.,2025,Bone research,1,"""EIPA""",compound x growth plate,False,0.0016666666666666668
PMC12359970,40826362,10.1186/s12951-025-03651-0,The potential of plant-derived vesicles in treating periodontitis and associated systemic diseases: current advances and future directions.,2025,Journal of nanobiotechnology,1,"""EIPA""",compound x growth plate,False,0.0016666666666666668
PMC12482324,41023668,10.1186/s12951-025-03707-1,Dimensional control of DNA nanostructures enhances cellular uptake and guides tissue-regenerative responses.,2025,Journal of nanobiotechnology,1,"""MYH9""",target x growth x geometry,False,0.0016666666666666668
PMC10232305,37274502,10.4055/cios22237,Computational Analysis of miR-140 and miR-135 as Potential Targets to Develop Combinatorial Therapeutics for Degenerative Tendinopathy.,2023,Clinics in orthopedic surgery,1,"""ROCK1""",target x growth x geometry,False,0.0016666666666666668
PMC12885548,41669515,10.1253/circrep.cr-25-0257,Endovascular Treatment Alone vs. Endovascular Treatment Plus Rheocarna for Patients With Chronic Limb-Threatening Ischemia　- Multicenter Comparative Study.,2026,Circulation reports,1,"""cholesterol""",compound x growth plate,False,0.0016666666666666668
PMC12961481,41799065,10.1021/acsomega.5c11197,Psychological Stress Modulates Bone Remodeling Pathways in Normotensive and Hypertensive Rats: A Cellular and Molecular Approach.,2026,ACS omega,1,"""cholesterol""",compound x growth plate,False,0.0016666666666666668
PMC10752378,38152138,10.3389/fendo.2023.1258313,Identification of novel genes including <i>NAV2</i> associated with isolated tall stature.,2023,Frontiers in endocrinology,1,"""cholesterol""; ""primary cilia""",compound x growth plate; target x growth x geometry,False,0.0016666666666666668
PMC12948659,41760388,10.1002/wnan.70058,Nanoparticles-Mediated Modulation of TRP Channels: Advances and Therapeutic Potential.,2026,Wiley interdisciplinary reviews. Nanomedicine and nanobiotechnology,1,"""GSK1016790A""; ""TRPV4""",compound x growth plate; target x growth x geometry,False,0.0016666666666666668
PMC12098355,40417213,10.3389/fphar.2025.1583487,The role of transient receptor potential channels in chronic kidney disease-mineral and bone disorder.,2025,Frontiers in pharmacology,1,"""GSK1016790A""; ""TRPV4""",compound x growth plate; target x growth x geometry,False,0.0016666666666666668
PMC12839894,41614872,10.3390/cimb48010042,Collagen Type II-Targeting Lentiviral Gene Therapy for Mucopolysaccharidosis IVA.,2025,Current issues in molecular biology,1,"""chondrocyte column""",target x growth x geometry,False,0.0016666666666666668
PMC12269278,40677837,10.1016/j.omtm.2025.101514,&lt;i&gt;In vivo&lt;/i&gt; direct lentiviral gene therapy improves disease pathology in a mucopolysaccharidosis IVA murine model.,2025,Molecular therapy. Methods & clinical development,1,"""chondrocyte column""",target x growth x geometry,False,0.0016666666666666668
PMC10779005,38203342,10.3390/ijms25010171,Ion Channels as a Therapeutic Target: Drug Design and Pharmacological Investigation.,2023,International journal of molecular sciences,1,"""amiloride""",compound x growth plate,False,0.0016666666666666668
PMC12785347,41515965,10.3390/ijms27010086,PAI-1: A Key Signal at the Crossroads of Stem Cell Differentiation and Senescence.,2025,International journal of molecular sciences,1,"""amiloride""",compound x growth plate,False,0.0016666666666666668
PMC2648045,19152120,10.1007/s12079-008-0035-1,"Fifth International Workshop on the CCN Family of Genes: Abstracts and Posters October 18-22, 2008.",2008,Journal of cell communication and signaling,1,"""latrunculin""",compound x growth plate,False,0.0016666666666666668
PMC11362462,39209805,10.1038/s41420-024-02123-y,Publisher Correction: Interactomic exploration of LRRC8A in volume-regulated anion channels.,2024,Cell death discovery,1,"""CDC42""; ""RAC1""; ""RHOA""; ""cadherin""; ""cholesterol""; ""cofilin""; ""microtubule""; ""planar cell polarity""",target x growth x geometry,False,0.0016666666666666668
PMC12282447,40698068,10.1016/j.jot.2025.04.018,Mechanical effects in aging of the musculoskeletal system: Molecular signaling and spatial scale alterations.,2025,Journal of orthopaedic translation,1,"""Yoda1""",compound x growth plate,False,0.0016666666666666668
PMC12531237,41112068,10.3389/fbioe.2025.1677422,The application of dental mesenchymal stem cells (DMSCs) in the repair of oral and maxillofacial defects.,2025,Frontiers in bioengineering and biotechnology,1,"""simvastatin""",compound x growth plate,False,0.0016666666666666668
PMC13051930,41635000,10.1111/cpr.70178,Application Strategies of Bone Marrow Mesenchymal Stromal Cells in Bone-Related Diseases.,2026,Cell proliferation,1,"""simvastatin""",compound x growth plate,False,0.0016666666666666668
PMC12380351,40857264,10.1371/journal.pone.0330282,Piezo1 regulates autophagy in HT22 hippocampal neurons through the Ca2+/Calpain and Calcineurin/TFEB signaling pathways.,2025,PloS one,1,"""GsMTx4""; ""Yoda1""",compound x growth plate,False,0.0016666666666666668
PMC11514553,39473520,10.5312/wjo.v15.i10.918,Application prospects of urine-derived stem cells in neurological and musculoskeletal diseases.,2024,World journal of orthopedics,1,"""Y-27632""; ""Y27632""",compound x growth plate,False,0.0016666666666666668
PMC11790864,39900591,10.1038/s41514-025-00195-3,Knee adipose tissue: from its implication in osteoarthritis to its supposed role in tissue engineering.,2025,npj aging,1,"""PIEZO2""",target x growth x geometry,False,0.0016666666666666668
PMC11935236,40212118,10.1002/smsc.202300316,A Proteomic Approach to Determine Stem Cell Skeletal Differentiation Signature on Additive Manufactured Scaffolds.,2024,Small science,1,"""cadherin""",target x growth x geometry,False,0.0016666666666666668
PMC12097805,40406350,10.1093/jbmrpl/ziaf048,Porcupine inhibition enhances hypertrophic cartilage differentiation.,2025,JBMR plus,1,"""planar cell polarity""; ""primary cilia""",target x growth x geometry,False,0.0016666666666666668
PMC11011560,38612447,10.3390/ijms25073635,Identification of the Efficient Enhancer Elements in FVIII-Padua for Gene Therapy Study of Hemophilia A.,2024,International journal of molecular sciences,1,"""Y27632""",compound x growth plate,False,0.0016666666666666668
PMC12882330,41108076,10.1016/j.ymthe.2025.10.040,HBEGF/EGFR pathway activation by hUC-MSCs improves cognitive outcomes in anti-NMDAR encephalitis.,2026,Molecular therapy : the journal of the American Society of Gene Therapy,1,"""Y27632""",compound x growth plate,False,0.0016666666666666668
PMC9291078,34331786,10.1002/stem.3441,Three-dimensional migration of human amniotic fluid stem cells involves mesenchymal and amoeboid modes and is regulated by mTORC1.,2021,"Stem cells (Dayton, Ohio)",1,"""Y27632""",compound x growth plate,False,0.0016666666666666668
PMC13088745,41580912,10.1002/adhm.202504857,A Synovium-on-Chip Platform to Study Multicellular Interactions in Arthritis.,2026,Advanced healthcare materials,1,"""cadherin""",target x growth x geometry,False,0.0016666666666666668
PMC4770861,26928673,10.3402/jev.v5.30924,"The 2nd United Kingdom Extracellular Vesicle Forum Meeting Abstracts: 15 December 2015, Hadyn Ellis Building, Cardiff University.",2016,Journal of extracellular vesicles,1,"""EIPA""",compound x growth plate,False,0.0016666666666666668
PMC7164047,,,Poster Presentations,2010,The FEBS journal,1,"""EIPA""",compound x growth plate,False,0.0016666666666666668
PMC12121814,40440285,10.1371/journal.pone.0324179,Proteomic profiling of small extracellular vesicles from bovine nucleus pulposus cells.,2025,PloS one,1,"""CDC42""; ""MYH9""; ""RAC1""",target x growth x geometry,False,0.0016666666666666668
PMC12683204,40545833,10.1002/adhm.202500706,Conditioned Media from Mechanically Stimulated Macrophages Upregulate Osteogenic Genes in Human Mesenchymal Stromal Cells.,2025,Advanced healthcare materials,1,"""PIEZO1""; ""RAC1""; ""TRPV4""",target x growth x geometry,False,0.0016666666666666668
PMC12834846,41544301,10.1016/j.jacbts.2025.101452,Activating PRKG1 Variant Enhances Smooth Muscle Cell Deformability to Cause Aortopathy.,2026,JACC. Basic to translational science,1,"""Y-27632""; ""microtubule""",compound x growth plate; target x growth x geometry,False,0.0016666666666666668
PMC12383421,40868398,10.3390/bioengineering12080886,Current Mechanobiological Pathways and Therapies Driving Spinal Health.,2025,"Bioengineering (Basel, Switzerland)",1,"""PIEZO2""",target x growth x geometry,False,0.0016666666666666668
PMC7162011,17577950,,"International Symposium on Frontiers in Life Sciences: Molecular Basis of Disease, Prevention and Treatment. Qingdao, China, 20-23 September 2006. Abstracts.",2006,Cell biology international,1,"""bumetanide""",compound x growth plate,False,0.0016666666666666668
PMC12903307,41680844,10.1186/s12951-026-04142-6,Bioengineering of extracellular vesicles with scaffold proteins for drug delivery.,2026,Journal of nanobiotechnology,1,"""bumetanide""",compound x growth plate,False,0.0016666666666666668
PMC11384909,38984987,10.1093/function/zqae031,Identification and Properties of TRPV4 Mutant Channels Present in Polycystic Kidney Disease Patients.,2024,"Function (Oxford, England)",1,"""GSK1016790A""",compound x growth plate,False,0.0016666666666666668
PMC12499458,41058722,10.1002/smsc.202500095,Built-In Electric Field Accelerates Nanotopography-Mediated Enhancement of Vascularized Osseointegration via Ca&lt;sub&gt;v1.2&lt;/sub&gt;/Piezo/Ca&lt;sup&gt;2+&lt;/sup&gt;/PI3K Signaling.,2025,Small science,1,"""GsMTx4""; ""PIEZO2""",compound x growth plate; target x growth x geometry,False,0.0016666666666666668
PMC12840696,41596344,10.3390/ijms27020694,Exercise-Based Mechanotherapy: From Biomechanical Principles and Mechanotransduction to Precision Regenerative Rehabilitation.,2026,International journal of molecular sciences,1,"""FAK""; ""PIEZO1""; ""PIEZO2""; ""RAC1""; ""RHOA""; ""TRPV4""; ""focal adhesion""; ""osmotic swelling""",target x growth x geometry,False,0.0016666666666666668
PMC12735534,41471311,10.3390/ph18121822,"Challenge of Corneal Ulcer Healing: A Novel Conceptual Framework, the ""Triad"" of Corneal Ulcer Healing/Corneal Neovascularization/Intraocular Pressure, and Avascular Tendon Healing, for Evaluation of Corneal Ulcer Therapy, Therapy of Neovascularizati",2025,"Pharmaceuticals (Basel, Switzerland)",1,"""acetazolamide""; ""fasudil""; ""netarsudil""; ""ripasudil""",compound x growth plate,False,0.0016666666666666668
PMC12449194,40979903,10.1093/burnst/tkaf052,From injury to integrity: tissue engineering solutions in combined bone repair and regeneration and muscle repair.,2025,Burns & trauma,1,"""PIEZO2""; ""simvastatin""",compound x growth plate; target x growth x geometry,False,0.0016666666666666668
PMC13065784,42032264,10.1038/s44385-026-00082-w,Peptide-based targeted drug delivery strategies for osteoarthritis treatment.,2026,npj biomedical innovations,1,"""simvastatin""",compound x growth plate,False,0.0016666666666666668
PMC12463553,40721379,10.2183/pjab.101.027,Molecular basis of individual locomotor function: Integrated understanding of gene expression regulation in the development and homeostasis of the musculoskeletal system.,2025,"Proceedings of the Japan Academy. Series B, Physical and biological sciences",1,"""PIEZO1""",target x growth x geometry,False,0.0016666666666666668
PMC12432385,40795844,10.1016/j.xcrm.2025.102297,Enhanced regenerative and developmental potential of embryonal and stem cell-derived platelets compared to adult platelets.,2025,Cell reports. Medicine,1,"""H-1152""; ""Y-27632""",compound x growth plate,False,0.0016666666666666668
PMC12149115,40495887,10.3389/fphar.2025.1617713,Unravelling the link between circadian clock genes and brain tumors: From pathological disruptions to potential therapeutic interventions.,2025,Frontiers in pharmacology,1,"""SR1078""",compound x growth plate,False,0.0016666666666666668
PMC11930770,40130094,10.7759/cureus.79420,Does Statin Therapy Have a Beneficial Effect on Knee Osteoarthritis?,2025,Cureus,1,"""simvastatin""",compound x growth plate,False,0.0016666666666666668
PMC12490143,41039495,10.1186/s12964-025-02403-9,The primary cilium as a multifunctional organelle: emerging roles and unanswered questions.,2025,Cell communication and signaling : CCS,1,"""centrosome""; ""primary cilia""",target x growth x geometry,False,0.0016666666666666668
PMC12407540,40825043,10.1371/journal.pgen.1011611,RAB23 loss-of-function mutation causes context-dependent ciliopathy in Carpenter syndrome.,2025,PLoS genetics,1,"""primary cilia""",target x growth x geometry,False,0.0016666666666666668
PMC12592316,41196390,10.1007/s00418-025-02432-y,The role of the primary cilium in thyroid function and dysfunction with implications for thyroid disease.,2025,Histochemistry and cell biology,1,"""centrosome""; ""primary cilia""",target x growth x geometry,False,0.0016666666666666668
PMC12008630,40256430,10.1016/j.gendis.2024.101436,Advances in the mechanism and therapies of achondroplasia.,2025,Genes & diseases,1,"""primary cilia""",target x growth x geometry,False,0.0016666666666666668
PMC13260949,42106575,10.1038/s44319-026-00795-4,Cellular mechanometabolism: stimuli and implications.,2026,EMBO reports,1,"""FAK""; ""PIEZO1""; ""PIEZO2""; ""RHOA""; ""microtubule""",target x growth x geometry,False,0.0016666666666666668
PMC12681786,41362672,10.1016/j.gendis.2025.101731,Mechanotransduction and musculoskeletal regeneration: Molecular mechanisms and interdisciplinary applications.,2026,Genes & diseases,1,"""PIEZO1""; ""PIEZO2""; ""RHOA""; ""TRPV4""",target x growth x geometry,False,0.0016666666666666668
PMC12497585,41058969,10.3389/fnmol.2025.1668523,Advances in research on propofol-induced postoperative cognitive dysfunction via Piezo channels.,2025,Frontiers in molecular neuroscience,1,"""PIEZO2""",target x growth x geometry,False,0.0016666666666666668
PMC12764147,41316376,10.1186/s13036-025-00564-2,Chewing loads alter TMJ metabolism and Zn homeostasis via PIEZO1/ TRPV4.,2025,Journal of biological engineering,1,"""GSK1016790A""; ""GsMTx4""; ""PIEZO1""; ""TRPV4""; ""Yoda1""",compound x growth plate; target x growth x geometry,False,0.0016666666666666668
PMC12378244,40854881,10.1038/s41421-025-00822-z,Targeting miR-337 mitigates disuse-induced bone loss.,2025,Cell discovery,1,"""Yoda1""",compound x growth plate,False,0.0016666666666666668
PMC12998481,41858583,10.2147/ijn.s568671,Exosomes in Bone Generation and Repair: Focusing on Bone Microenvironmental Crosstalk and Engineering Biomaterial Designs.,2026,International journal of nanomedicine,1,"""Yoda1""",compound x growth plate,False,0.0016666666666666668
PMC12655705,41304707,10.3390/pharmaceutics17111368,Glycosaminoglycans Targeted by Colchicine in MCF-7 Cells.,2025,Pharmaceutics,1,"""colchicine""",compound x growth plate,False,0.0016666666666666668
PMC11123361,38792634,10.3390/life14050613,A Sole Case of the FGF23 Gene Mutation c.202A>G (p.Thr68Ala) Associated with Multiple Severe Vascular Aneurysms and a Hyperphosphatemic Variant of Tumoral Calcinosis-A Case Report.,2024,"Life (Basel, Switzerland)",1,"""acetazolamide""",compound x growth plate,False,0.0016666666666666668
PMC12702220,41399767,10.1016/j.jbo.2025.100729,The regulatory networks and mechanisms of bone microenvironment in tumorigenesis and metastasis.,2025,Journal of bone oncology,1,"""acetazolamide""",compound x growth plate,False,0.0016666666666666668
PMC11384636,39251458,10.1007/s00436-024-08329-4,"Molecular similarities between the genes for Trypanosoma cruzi microtubule-associated proteins, mammalian interferons, and TRIMs.",2024,Parasitology research,1,"""ROCK1""",target x growth x geometry,False,0.0016666666666666668
PMC12367793,40851668,10.3389/fnagi.2025.1592280,Curcumin and neuroplasticity: epigenetic mechanisms underlying cognitive enhancement in aging and neurodegenerative disorders.,2025,Frontiers in aging neuroscience,1,"""ROCK1""",target x growth x geometry,False,0.0016666666666666668
PMC11812091,39523770,10.12701/jyms.2024.01088,Overview of hepatocarcinogenesis focusing on cellular origins of liver cancer stem cells: a narrative review.,2025,Journal of Yeungnam medical science,1,"""ROCK1""",target x growth x geometry,False,0.0016666666666666668
PMC12933907,41618314,10.1186/s13062-026-00733-3,Acrylamide disrupts meiotic G2/M transition and SAC activity during oocyte maturation.,2026,Biology direct,1,"""microtubule""",target x growth x geometry,False,0.0016666666666666668
PMC10477785,37675393,10.3389/fped.2023.1229666,"What the pediatric endocrinologist needs to know about skeletal dysplasia, a primer.",2023,Frontiers in pediatrics,1,"""TRPV4""",target x growth x geometry,False,0.0016666666666666668
PMC12652598,41303656,10.3390/ijms262211168,Toxicological Effects of Titanium Dioxide Nanoparticles on Human Menstrual Blood Mesenchymal Stem Cells.,2025,International journal of molecular sciences,1,"""cytochalasin D""",compound x growth plate,False,0.0016666666666666668
PMC12452706,40981097,10.3390/ebj6030049,21st Congress of the European Burns Association (EBA).,2025,European burn journal,1,"""acetazolamide""",compound x growth plate,False,0.0016666666666666668
PMC7080153,30937493,10.1007/s00247-019-04376-7,SPR 2019.,2019,Pediatric radiology,1,"""acetazolamide""",compound x growth plate,False,0.0016666666666666668
PMC9303130,35872950,10.1155/2022/7416572,The Impact of Atorvastatin on RANKL Expression in Rats during the Retention Stage after Orthodontic Tooth Movement.,2022,Computational and mathematical methods in medicine,1,"""lovastatin""",compound x growth plate,False,0.0016666666666666668
PMC7987143,33755684,10.1371/journal.pone.0248104,Repetitive in vivo manual loading of the spine elicits cellular responses in porcine annuli fibrosi.,2021,PloS one,1,"""SLC12A2""",target x growth x geometry,False,0.0016666666666666668
PMC12863296,41355489,10.1242/jcs.264166,Selective disruption of microtubule formation at the nuclear envelope impairs the bone resorption capacity of osteoclasts.,2026,Journal of cell science,1,"""centrosome""; ""microtubule""; ""nocodazole""",compound x growth plate; target x growth x geometry,False,0.0016666666666666668
PMC10179098,37175790,10.3390/ijms24098077,A Descriptive Whole-Genome Transcriptomics Study in a Stem Cell-Based Tool Predicts Multiple Tissue-Specific Beneficial Potential and Molecular Targets of Carnosic Acid.,2023,International journal of molecular sciences,1,"""LIMK1""; ""LIMK2""",target x growth x geometry,False,0.0016666666666666668
PMC10851330,38333638,10.3892/ol.2024.14260,Knockdown of TFAP2E results in rapid G<sub>2</sub>/M transition in oral squamous cell carcinoma cells.,2024,Oncology letters,1,"""nocodazole""",compound x growth plate,False,0.0016666666666666668
PMC12082155,40396132,10.1016/j.mbm.2024.100099,Mechanotransductive N-cadherin binding induces differentiation in human neural stem cells.,2025,Mechanobiology in medicine,1,"""cadherin""",target x growth x geometry,False,0.0016666666666666668
PMC12516477,40992389,10.1088/1758-5090/ae0aff,Tailoring agarose fluid gels for use in suspension bath bioprinting and culture of spheroid-based bioinks.,2025,Biofabrication,1,"""cadherin""",target x growth x geometry,False,0.0016666666666666668
PMC13209540,42197308,10.3390/molecules31101749,Medicinal Mushrooms and Their Bioactive Compounds: From Traditional Use to Therapeutic Potential.,2026,"Molecules (Basel, Switzerland)",1,"""lovastatin""",compound x growth plate,False,0.0016666666666666668
PMC11961953,40177132,10.3389/fcell.2025.1536947,Generation and characterization of induced pluripotent stem cells of small apes.,2025,Frontiers in cell and developmental biology,1,"""Y-27632""",compound x growth plate,False,0.0016666666666666668
PMC8856871,35181845,10.1007/s43032-022-00883-5,SRI 2022: Scientific Abstracts.,2022,"Reproductive sciences (Thousand Oaks, Calif.)",1,"""NKCC1""",target x growth x geometry,False,0.0016666666666666668
PMC12628300,41268482,10.1039/d5ra06688c,Differentiation properties of 3D scaffolds nanostructured with multi-walled carbon nanotubes on human induced pluripotent stem cells.,2025,RSC advances,1,"""Y-27632""",compound x growth plate,False,0.0016666666666666668
PMC11043850,38666049,10.1016/j.bonr.2024.101763,Chloride/proton antiporters ClC3 and ClC5 support bone formation in mice.,2024,Bone reports,1,"""NHE1""; ""SLC9A1""",target x growth x geometry,False,0.0016666666666666668
PMC11641808,39684719,10.3390/ijms252313008,Fibroblast Heterogeneity in Inflammatory Bowel Disease.,2024,International journal of molecular sciences,1,"""ROCK2""",target x growth x geometry,False,0.0016666666666666668
PMC12599969,41212880,10.1371/journal.pone.0336508,Insufficient impact of the aldose reductase inhibitor cemtirestat on the skeletal system in type 2 diabetic rat model.,2025,PloS one,1,"""cholesterol""",compound x growth plate; target x growth x geometry,False,0.0016666666666666668
PMC12767480,41498043,10.1155/mi/5715332,Gut-Bone Axis Mediates Exercise Modality-Dependent Suppression of Inflammatory Osteoclastogenesis in Ovariectomy-Induced Bone Loss.,2025,Mediators of inflammation,1,"""cholesterol""",compound x growth plate; target x growth x geometry,False,0.0016666666666666668
PMC12485884,40883966,10.1002/2211-5463.70094,Osmotic pressure-induced calcium response states.,2025,FEBS open bio,1,"""GsMTx4""; ""Y27632""; ""aquaporin""; ""blebbistatin""; ""cytochalasin D""",compound x growth plate; target x growth x geometry,False,0.0016666666666666668
PMC12744589,41466802,10.2147/ijn.s569204,From Garden to Clinic: Plant‑Derived Exosome‑Like Nanovesicles for Precision Oxidative Stress Therapy.,2025,International journal of nanomedicine,1,"""amiloride""; ""cytochalasin D""",compound x growth plate,False,0.0016666666666666668
PMC12940486,41752117,10.3390/ijms27041984,Lipid Regulation of Mechanosensitive Ion Channels.,2026,International journal of molecular sciences,1,"""PIEZO1""; ""PIEZO2""; ""TRPV4""; ""Yoda1""; ""cholesterol""; ""cytochalasin D""; ""latrunculin""; ""osmotic swelling""",compound x growth plate; target x growth x geometry,False,0.0016666666666666668
PMC10415317,37563195,10.1038/s41598-023-38880-6,Locational memory of macrovessel vascular cells is transcriptionally imprinted.,2023,Scientific reports,1,"""MYH9""",target x growth x geometry,False,0.0016666666666666668
PMC12469775,41009407,10.3390/ijms26188838,Molecular Consequences of <i>CCN6</i> Variants Encoding WISP3 in Progressive Pseudorheumatoid Dysplasia.,2025,International journal of molecular sciences,1,"""MYH9""",target x growth x geometry,False,0.0016666666666666668
PMC12480486,41022785,10.1038/s41467-025-63596-8,Dynamic cell fate plasticity and tissue reintegration drive functional adult synovial joint regeneration after complete resection.,2025,Nature communications,1,"""MYH9""",target x growth x geometry,False,0.0016666666666666668
PMC12817116,41031706,10.1002/adhm.202502773,Geometry-Guided Osteogenesis in Bone-on-a-Chip Systems Using Triply Periodic Minimal Surface Scaffolds.,2026,Advanced healthcare materials,1,"""cell rotation""",target x growth x geometry,False,0.0016666666666666668
PMC12619159,41239461,10.1186/s13018-025-06431-6,RNA-sequencing-based elucidation of the mechanism underlying aFGF mediated regulation of BMSCs via the PI3K-AKT pathway and its implications for rotator cuff injury repair.,2025,Journal of orthopaedic surgery and research,1,"""centrosome""",target x growth x geometry,False,0.0016666666666666668
PMC7167908,,,Poster Session Abstracts,2010,Pediatric pulmonology,1,"""bumetanide""",compound x growth plate,False,0.0016666666666666668
PMC12621475,41255422,10.1016/j.mtbio.2025.102470,"Innovative biomaterials in promoting intraoral wound healing: Mechanisms, applications, and challenges.",2025,Materials today. Bio,1,"""simvastatin""",compound x growth plate,False,0.0016666666666666668
PMC12175405,40528269,10.1186/s13287-025-04411-5,Mechanical harvesting of cell sheets: an efficient approach for bone and cartilage tissue engineering.,2025,Stem cell research & therapy,1,"""simvastatin""",compound x growth plate,False,0.0016666666666666668
PMC11682284,39732756,10.1038/s41598-024-82423-6,Transcriptomic comparison of corneal endothelial cells in young versus old corneas.,2024,Scientific reports,1,"""centrosome""",target x growth x geometry,False,0.0016666666666666668
PMC12813374,40734497,10.4093/dmj.2024.0790,High-Fat Diet-Fed Kcnq1 Mutant Mice Have Reduced Pancreatic β-Cell Mass via Gene-Environment Interaction.,2026,Diabetes & metabolism journal,1,"""centrosome""",target x growth x geometry,False,0.0016666666666666668
PMC11470920,39017987,10.1007/s11154-024-09894-w,Ciliopathies are responsible for short stature and insulin resistance: A systematic review of this clinical association regarding SOFT syndrome.,2024,Reviews in endocrine & metabolic disorders,1,"""centrosome""",target x growth x geometry,False,0.0016666666666666668
PMC12362644,40838219,10.5312/wjo.v16.i8.108407,"Skeletal stem cells, a new direction for the treatment of bone and joint diseases.",2025,World journal of orthopedics,1,"""FAK""",target x growth x geometry,False,0.0016666666666666668
PMC12000498,40016417,10.1038/s44318-025-00399-z,An epitranscriptomic program maintains skeletal stem cell quiescence via a METTL3-FEM1B-GLI1 axis.,2025,The EMBO journal,1,"""MYH9""",target x growth x geometry,False,0.0016666666666666668
PMC12564196,41154580,10.3390/biom15101351,The Effects and Mechanisms of Low-Intensity Pulsed Ultrasound on Bone Remodeling: From Laboratory to Clinic.,2025,Biomolecules,1,"""FAK""; ""PIEZO1""; ""TRPV4""",target x growth x geometry,False,0.0016666666666666668
PMC12665141,41328350,10.7150/thno.123532,The talin1-p53 axis inhibits osteocyte senescence to promote bone mass and mediate skeletal adaptation to mechanical stimulation.,2026,Theranostics,1,"""FAK""",target x growth x geometry,False,0.0016666666666666668
PMC13224577,41998730,10.1186/s13062-026-00803-6,Prenatal bisphenol A exposure perturbs sex-dependent transcriptomic regionalization of autism-associated genes in the developing brain.,2026,Biology direct,1,"""MYH9""",target x growth x geometry,False,0.0016666666666666668
PMC8691147,34932655,10.1590/acb361201,Use of hyaluronic acid associated with triamcinolone acetonide or ozone gas in the treatment of induced osteoarthritis in rabbits.,2021,Acta cirurgica brasileira,1,"""chondrocyte column""",target x growth x geometry,False,0.0016666666666666668
PMC12588917,41210250,10.3389/fcell.2025.1643255,Non-coding RNAs mediate mechanical load-regulating bone metabolic homeostasis.,2025,Frontiers in cell and developmental biology,1,"""ROCK1""",target x growth x geometry,False,0.0016666666666666668
PMC13091945,42011200,10.1016/j.bioactmat.2026.04.010,Topographical design principles for osteochondral tissue engineering.,2026,Bioactive materials,1,"""CDC42""; ""FAK""; ""PIEZO1""; ""PIEZO2""; ""RAC1""; ""RHOA""; ""ROCK1""; ""focal adhesion""",target x growth x geometry,False,0.0016666666666666668
PMC12977883,41654894,10.1186/s12951-026-04115-9,Exercise-derived exosomes: molecular mediators of systemic health and disease therapy.,2026,Journal of nanobiotechnology,1,"""ROCK1""",target x growth x geometry,False,0.0016666666666666668
PMC12403447,40898211,10.1186/s12967-025-06950-0,Butyric acid and valeric acid attenuate stress-induced ferroptosis and depressive-like behaviors by suppressing hippocampal neuroinflammation.,2025,Journal of translational medicine,1,"""ROCK1""",target x growth x geometry,False,0.0016666666666666668
PMC11785709,39779619,10.1007/s11095-024-03809-9,Angelica gigas Nakai (Korean Dang-gui) Root Alcoholic Extracts in Health Promotion and Disease Therapy - active Phytochemicals and In Vivo Molecular Targets.,2025,Pharmaceutical research,1,"""MYH9""; ""ROCK1""; ""ROCK2""",target x growth x geometry,False,0.0016666666666666668
PMC12723048,41349485,10.1016/j.psj.2025.106159,A lactobacilli-based probiotic but not its postbiotic reduces intestinal inflammatory pathways expression in broilers fed a non-starch polysaccharide rich challenge diet.,2026,Poultry science,1,"""cholesterol""",compound x growth plate; target x growth x geometry,False,0.0016666666666666668
PMC13022127,41886037,10.1186/s43556-026-00436-1,"The extracellular matrix: structure, composition, biological functions, diseases, and therapeutic targets.",2026,Molecular biomedicine,1,"""defactinib""",compound x growth plate,False,0.0016666666666666668
PMC11986068,40210857,10.1038/s41413-025-00420-5,"NELL2, a novel osteoinductive factor, regulates osteoblast differentiation and bone homeostasis through fibronectin 1/integrin-mediated FAK/AKT signaling.",2025,Bone research,1,"""FAK""; ""defactinib""; ""focal adhesion""; ""integrin beta1""",compound x growth plate; target x growth x geometry,False,0.0016666666666666668
PMC12840944,41596231,10.3390/ijms27020579,Anoikis: To Die or Not to Die?,2026,International journal of molecular sciences,1,"""FAK""; ""NHE1""; ""SLC9A1""; ""defactinib""",compound x growth plate; target x growth x geometry,False,0.0016666666666666668
PMC13026117,41898814,10.3390/genes17030282,&lt;i&gt;Sirt1&lt;/i&gt; Promotes Cardiomyocyte Differentiation Through the XR_951230.1/miR-3663-3p/SMYD1 Axis.,2026,Genes,1,"""Y-27632""; ""Y27632""",compound x growth plate,False,0.0016666666666666668
PMC9377386,35990385,10.1002/ccr3.6217,X-linked hypophosphatemic rickets: Case report of late diagnosis and bone pain improvement with targeted treatment.,2022,Clinical case reports,1,"""jasplakinolide""",compound x growth plate,False,0.0016666666666666668
PMC10792407,38234610,10.3892/etm.2023.12354,Spinal gout with intervertebral foramen infiltration: A rare case perfectly mimicking degenerative lumbar disc disease.,2024,Experimental and therapeutic medicine,1,"""colchicine""; ""jasplakinolide""",compound x growth plate,False,0.0016666666666666668
PMC12176200,40531862,10.1371/journal.pone.0315161,Non-viral derivation of induced pluripotent stem cells from the canine umbilical cord.,2025,PloS one,1,"""Y-27632""",compound x growth plate,False,0.0016666666666666668
PMC13019076,41909512,10.1016/j.bioactmat.2026.03.014,Adaptable sliding hydrogels enable pericellular pocket formation while enhancing MSC chondrogenesis and survival in 3D.,2026,Bioactive materials,1,"""RAC1""; ""RHOA""; ""TRPV4""; ""Y-27632""; ""Y27632""; ""blebbistatin""; ""focal adhesion""",compound x growth plate; target x growth x geometry,False,0.0016666666666666668
PMC12523190,41088418,10.1186/s13287-025-04687-7,Cholesterol metabolism on stem cell fate determination: a frontier horizon.,2025,Stem cell research & therapy,1,"""lovastatin""",compound x growth plate,False,0.0016666666666666668
PMC9868163,36698630,10.3389/fbioe.2022.1105599,Repurposing existing products to accelerate injury recovery (REPAIR) of military relevant musculoskeletal conditions.,2022,Frontiers in bioengineering and biotechnology,1,"""lovastatin""",compound x growth plate,False,0.0016666666666666668
PMC11354812,39195159,10.3390/jcdd11080251,The Effects of Colchicum Dispert and Bone Marrow-Derived Mesenchymal Stem Cell Therapy on Skeletal Muscle Injury in a Rat Aortic Ischemia-Reperfusion Model.,2024,Journal of cardiovascular development and disease,1,"""colchicine""",compound x growth plate,False,0.0016666666666666668
PMC12691886,41373603,10.3390/ijms262311447,A Multidimensional Definition of Pre-Osteoarthritis: Toward 21st-Century Subclinical Detection and Targeted Intervention.,2025,International journal of molecular sciences,1,"""osmotic swelling""",target x growth x geometry,False,0.0016666666666666668
PMC12750755,41476723,10.1016/j.jpha.2025.101341,Nanometer preparation of natural bioactive compounds for treatment of rheumatoid arthritis.,2025,Journal of pharmaceutical analysis,1,"""nobiletin""",compound x growth plate,False,0.0016666666666666668
PMC12180619,40540523,10.1371/journal.pone.0325190,PPARγ inhibitors enhance the efficacy of statin therapy for steroid-induced osteonecrosis of the femoral head by directly inhibiting apoptosis and indirectly modulating lipoprotein subfractions.,2025,PloS one,1,"""lovastatin""",compound x growth plate,False,0.0016666666666666668
PMC9724386,36483847,10.4252/wjsc.v14.i11.798,Tumor necrosis factor-α inhibition restores matrix formation by human adipose-derived stem cells in the late stage of chondrogenic differentiation.,2022,World journal of stem cells,1,"""nobiletin""",compound x growth plate,False,0.0016666666666666668
PMC11681327,39734680,10.1016/j.jot.2024.11.002,"New developments in osteoporosis, osteoarthritis and soft tissue repair.",2024,Journal of orthopaedic translation,1,"""planar cell polarity""",target x growth x geometry,False,0.0016666666666666668
PMC9913657,36766368,10.3390/ani13030479,A Bioeconomic Model for the Thoroughbred Racing Industry-Optimisation of the Production Cycle with a Horse Centric Welfare Perspective.,2023,Animals : an open access journal from MDPI,1,"""furosemide""",compound x growth plate,False,0.0016666666666666668
PMC9515392,36187135,10.3389/fendo.2022.970571,Case report: Denosumab-associated acute heart failure in patients with cardiorenal insufficiency.,2022,Frontiers in endocrinology,1,"""furosemide""",compound x growth plate,False,0.0016666666666666668
PMC8645169,34917382,10.1002/ccr3.5185,Leukocyte chemotactic factor 2-related amyloidosis presenting with severe jaundice and hepatic encephalopathy.,2021,Clinical case reports,1,"""furosemide""",compound x growth plate,False,0.0016666666666666668
PMC9704036,36457539,10.2144/fsoa-2022-0028,Osteopetrosis: a rare case of portal hypertension.,2022,Future science OA,1,"""furosemide""",compound x growth plate,False,0.0016666666666666668
PMC11216646,38957754,10.4103/jcvjs.jcvjs_160_23,Is foramen magnum decompression for acquired Chiari I malformation like putting a finger in the dyke? - A simplistic overview of artificial intelligence in assessing critical upstream and downstream etiologies.,2024,Journal of craniovertebral junction & spine,1,"""acetazolamide""",compound x growth plate,False,0.0016666666666666668
PMC11988356,40214498,10.3390/cells14070545,The Emerging Role of Water Loss in Dog Aging.,2025,Cells,1,"""aquaporin""",target x growth x geometry,False,0.0016666666666666668
PMC13029298,41900114,10.3390/molecules31061015,"Herbal Textual Research, Phytochemistry, Pharmacology and Toxicity of Atractylodis Rhizoma: A Comprehensive Review.",2026,"Molecules (Basel, Switzerland)",1,"""aquaporin""",target x growth x geometry,False,0.0016666666666666668
PMC13054579,41953053,10.1016/j.mmr.2026.100006,3D bioprinting of tissues and organs for systemic diseases and localized injuries.,2026,Military Medical Research,1,"""aquaporin""",target x growth x geometry,False,0.0016666666666666668
PMC10788211,38226334,10.1016/j.bonr.2023.101731,"X-linked hypophosphatemia due to a de novo novel splice-site variant in a 7-year-old girl with scaphocephaly, Chiari syndrome type I and syringomyelia.",2024,Bone reports,1,"""jasplakinolide""",compound x growth plate,False,0.0016666666666666668
PMC11802214,38811218,10.2169/internalmedicine.3755-24,Intravenous Thrombolysis for Pediatric Ischemic Stroke Secondary to Cancer Therapy-related Cardiac Dysfunction.,2025,"Internal medicine (Tokyo, Japan)",1,"""furosemide""; ""jasplakinolide""",compound x growth plate,False,0.0016666666666666668
PMC12128661,40444707,10.1080/15476286.2025.2512610,Deciphering the multifaceted role of double-stranded RNA sensor protein kinase R: pathophysiological function beyond the antiviral response.,2025,RNA biology,1,"""aquaporin""",target x growth x geometry,False,0.0016666666666666668
PMC11965261,40175653,10.1007/s10565-025-10020-y,Sodium fluoride promotes myopia progression via the activation of the ferroptosis pathway by PIEZO1 and pharmacological targeting PIEZO1 represents an innovative approach for myopia treatment.,2025,Cell biology and toxicology,1,"""GsMTx4""",compound x growth plate,False,0.0016666666666666668
PMC12913423,41717582,10.3389/fcvm.2026.1773671,Mechanisms of mitral valve development and disease.,2026,Frontiers in cardiovascular medicine,1,"""MYH9""; ""primary cilia""",target x growth x geometry,False,0.0016666666666666668
PMC12407340,40679074,10.1002/advs.202505318,Advances in Medical Devices for Augmented Acupuncture Therapy.,2025,"Advanced science (Weinheim, Baden-Wurttemberg, Germany)",1,"""Y27632""",compound x growth plate,False,0.0016666666666666668
PMC12694625,40537004,10.4103/nrr.nrr-d-24-01322,"Cell-based therapies for traumatic optic neuropathy: Recent advances, challenges, and perspectives.",2026,Neural regeneration research,1,"""Y27632""; ""blebbistatin""",compound x growth plate,False,0.0016666666666666668
PMC12714311,41370665,10.20945/2359-4292-2025-0374,Supplements for bone health.,2025,Archives of endocrinology and metabolism,1,"""amiloride""",compound x growth plate,False,0.0016666666666666668
PMC12355202,40814286,10.1096/fj.202501025rr,Decoding Pain: Next-Generation In Vitro Systems for Mechanistic Insights and Drug Discovery.,2025,FASEB journal : official publication of the Federation of American Societies for Experimental Biology,1,"""amiloride""",compound x growth plate,False,0.0016666666666666668
PMC12058311,40335058,10.1302/2046-3758.145.bjr-2024-0262.r2,Cyclooxygenase-2 negatively regulates osteogenic differentiation in murine bone marrow mesenchymal stem cells via the FOXO3a/p27kip1 pathway.,2025,Bone & joint research,1,"""centrosome""",target x growth x geometry,False,0.0016666666666666668
PMC12820293,41559024,10.1038/s41421-025-00853-6,"Cell signaling and transcriptional regulation of osteoclast lineage commitment, differentiation, bone resorption and diseases.",2026,Cell discovery,1,"""centrosome""",target x growth x geometry,False,0.0016666666666666668
PMC12886888,41501150,10.1038/s42003-025-09476-9,Organoid Modeling and Single-Cell Profiling Reveal Smooth Muscle Cell Migration in Moyamoya Disease.,2026,Communications biology,1,"""Y-27632""",compound x growth plate,False,0.0016666666666666668
PMC8093552,33981532,10.3762/bjnano.12.31,The impact of molecular tumor profiling on the design strategies for targeting myeloid leukemia and EGFR/CD44-positive solid tumors.,2021,Beilstein journal of nanotechnology,1,"""HPCD""",compound x growth plate,False,0.0016666666666666668
PMC13124806,42050227,10.1007/s11102-026-01639-z,Consensus on acromegaly complications: an update.,2026,Pituitary,1,"""amiloride""",compound x growth plate,False,0.0016666666666666668
PMC12056187,40328901,10.1038/s41598-025-99017-5,Integrative bioinformatics and machine learning identify key crosstalk genes and immune interactions in head and neck cancer and Hodgkin lymphoma.,2025,Scientific reports,1,"""amiloride""",compound x growth plate,False,0.0016666666666666668
PMC13042918,41709861,10.1002/advs.202516120,miR-185-5p Derived From hUC-MSC Exosomes via Suspension Culture Under Hypoxic Conditions Promotes Scarless Wound Healing in Mice by Precisely Regulating Collagen I/III Regeneration.,2026,"Advanced science (Weinheim, Baden-Wurttemberg, Germany)",1,"""RAC1""; ""RHOA""",target x growth x geometry,False,0.0016666666666666668
PMC12827264,41392088,10.1038/s41467-025-67580-0,A bio-adaptive physical hydrogel enables dynamic tissue engineering for tracheal reconstruction.,2025,Nature communications,1,"""Y-27632""",compound x growth plate,False,0.0016666666666666668
PMC11033282,38644369,10.1038/s41598-024-59504-7,Dynamics of CD44&lt;sup&gt;+&lt;/sup&gt; bovine nucleus pulposus cells with inflammation.,2024,Scientific reports,1,"""centrosome""",target x growth x geometry,False,0.0016666666666666668
PMC12470565,41009714,10.3390/ijms26189153,Effect of Reoxygenation on Radioresistance of Chronically Hypoxic A549 Non-Small Cell Lung Cancer (NSCLC) Cells Following X-Ray and Carbon Ion Exposure.,2025,International journal of molecular sciences,1,"""centrosome""",target x growth x geometry,False,0.0016666666666666668
PMC11723726,39801870,10.13107/jocr.2025.v15.i01.5130,Pre-patellar Tumoral Calcinosis of Knee with Intra-articular Extension: An Index Case Study.,2025,Journal of orthopaedic case reports,1,"""acetazolamide""",compound x growth plate,False,0.0016666666666666668
PMC11894588,40066707,10.1002/jbt.70217,Investigating the Anti-Inflammatory Potential of SLC-0111: A Carbonic Anhydrase Inhibitor Targeting Cyclooxygenase-Mediated Inflammatory Pathways in a Carrageenan-Induced Rat Model.,2025,Journal of biochemical and molecular toxicology,1,"""acetazolamide""",compound x growth plate,False,0.0016666666666666668
PMC12192781,40564983,10.3390/ijms26125519,"Study of Retinoic Acid-Induced Osteoarthritis: Integrating RNA-Sequencing, Network Pharmacology, Molecular Docking, and Experimental Validation.",2025,International journal of molecular sciences,1,"""acetazolamide""",compound x growth plate,False,0.0016666666666666668
PMC11982284,40204733,10.1038/s41420-025-02445-5,A high-fructose diet leads to osteoporosis by suppressing the expression of Thrb and facilitating the accumulation of cholesterol.,2025,Cell death discovery,1,"""cholesterol""",compound x growth plate,False,0.0016666666666666668
PMC9486598,36131909,10.1093/ehjcr/ytac364,Diffused calcification in a patient with long-term warfarin therapy: a case report.,2022,European heart journal. Case reports,1,"""furosemide""",compound x growth plate,False,0.0016666666666666668
PMC10486337,37259472,10.1002/ame2.12326,Transcriptomic and proteomic studies of condylar ossification of the temporomandibular joint in porcine embryos.,2023,Animal models and experimental medicine,1,"""LIMK1""",target x growth x geometry,False,0.0016666666666666668
PMC11846592,39904283,10.1016/j.tranon.2025.102305,Uncarboxylated osteocalcin induced miR-143-3p targets SP7 and activates PI3K/Akt signaling in TNBC cells to promote invasion and migration.,2025,Translational oncology,1,"""LIMK1""",target x growth x geometry,False,0.0016666666666666668
PMC12362879,40830783,10.1186/s12894-025-01861-0,An updated narrative review on revolutionizing erectile dysfunction treatment: the crucial role of trophic factors in Adipose-Derived stem cell therapy.,2025,BMC urology,1,"""LIMK2""; ""cofilin""",target x growth x geometry,False,0.0016666666666666668
PMC12439377,40958115,10.1186/s12969-025-01138-8,Proceedings of the 32nd European Paediatric Rheumatology Congress.,2025,Pediatric rheumatology online journal,1,"""colchicine""",compound x growth plate,False,0.0016666666666666668
PMC11684588,39775222,10.1371/journal.pone.0316126,Colchicine combination therapy increases treatment tolerance in patients with arthritis: A systematic review and meta-analysis.,2024,PloS one,1,"""colchicine""",compound x growth plate,False,0.0016666666666666668
PMC12785648,41516113,10.3390/ijms27010233,"Clonal Hematopoiesis of Indeterminate Potential and Cardiometabolic Disease: Challenges, Controversies and Future Perspectives.",2025,International journal of molecular sciences,1,"""colchicine""",compound x growth plate,False,0.0016666666666666668
PMC12009114,40256359,10.1016/j.afos.2025.03.002,Disorders of bone and mineral metabolism in pregnancy and lactation: A case based clinical review.,2025,Osteoporosis and sarcopenia,1,"""jasplakinolide""",compound x growth plate,False,0.0016666666666666668
PMC12669117,41341576,10.3389/fimmu.2025.1690583,Trophic and temporal dynamics of macrophage biology in human inner ear organogenesis.,2025,Frontiers in immunology,1,"""CDC42""; ""cadherin""; ""planar cell polarity""",target x growth x geometry,False,0.0016666666666666668
PMC11861073,40013306,10.3389/fbioe.2025.1526808,Humanising nanotoxicology: replacement of animal-derived products in the application of integrated approaches to testing and assessment of nanomaterial inhalation hazard.,2025,Frontiers in bioengineering and biotechnology,1,"""cofilin""",target x growth x geometry,False,0.0016666666666666668
PMC11325577,,,Abstracts of the 11th International Conference on Children's Bone Health,2024,JBMR plus,1,"""furosemide""",compound x growth plate,False,0.0016666666666666668
PMC11103551,38770413,10.1002/ccr3.8885,Unusual presentation of tumor-induced osteomalacia mismanaged due to misdiagnosis: A literature review based on a case report.,2024,Clinical case reports,1,"""jasplakinolide""",compound x growth plate,False,0.0016666666666666668
PMC12680499,41219171,10.1210/endocr/bqaf167,Female Mice with HSD17B1 Inactivation Show Mild Hyperandrogenism without Notable Impact on Reproductive Function or Bone.,2025,Endocrinology,1,"""aquaporin""; ""cholesterol""",target x growth x geometry,False,0.0016666666666666668
PMC12515811,41089834,10.3389/fphar.2025.1647343,"&lt;i&gt;Neoshirakia japonica&lt;/i&gt; (Siebold &amp; Zucc.) Esser [Euphorbiaceae] fruit suppresses obesity and obesity-induced inflammation in adipocytes, macrophages, and obese mice.",2025,Frontiers in pharmacology,1,"""cholesterol""",target x growth x geometry,False,0.0016666666666666668
PMC12991812,41428589,10.1159/000550168,A Lipid Road to Neuroimmunology: Fatty Acids Linking Immune and Nervous Systems.,2026,Neuroimmunomodulation,1,"""aquaporin""",target x growth x geometry,False,0.0016666666666666668
PMC9407333,36011303,10.3390/genes13081392,Effects of Burosumab Treatment on Two Siblings with X-Linked Hypophosphatemia. Case Report and Literature Review.,2022,Genes,1,"""jasplakinolide""",compound x growth plate,False,0.0016666666666666668
PMC12978636,41738782,10.1530/ec-25-0601,Burosumab for adults with tumor-induced osteomalacia in China.,2026,Endocrine connections,0,"""acetazolamide""; ""jasplakinolide""",compound x growth plate,False,0.0
PMC12331037,40773440,10.1371/journal.pone.0329944,Management preferences of orthopedic surgeons in rickets patients in Turkey: Results of a nationwide survey.,2025,PloS one,0,"""jasplakinolide""",compound x growth plate,False,0.0
PMC13041684,41632539,10.1172/jci.insight.196932,Stem cell-associated osteogenic deficiency causes craniofacial deformities with progeroid accumulation of prelamin A.,2026,JCI insight,0,"""cytochalasin D""; ""focal adhesion""; ""jasplakinolide""; ""microtubule""",compound x growth plate; target x growth x geometry,False,0.0
PMC11408811,39301310,10.1016/j.acpath.2024.100144,Educational Case: Compare and contrast osteomalacia and rickets with respect to pathogenesis and clinicopathologic features.,2024,Academic pathology,0,"""jasplakinolide""",compound x growth plate,False,0.0
PMC12732684,41465148,10.3390/genes16121475,Hypophosphatasia: 90 Years from a Canadian Discovery-A Comprehensive Review of the &lt;i&gt;ALPL&lt;/i&gt; Gene Underlying Rathbun's Syndrome.,2025,Genes,0,"""jasplakinolide""",compound x growth plate,False,0.0
PMC12401308,40898525,10.1097/md.0000000000044123,Causal relationship between vitamin D and adult height: A bidirectional Mendelian randomization study.,2025,Medicine,0,"""jasplakinolide""",compound x growth plate,False,0.0
PMC13296382,,,The Role of AXL Signaling and Mutant Isocitrate Dehydrogenase 1/2 in Conventional Chondrosarcoma,2026,Cancers,0,"""jasplakinolide""",compound x growth plate,False,0.0
PMC12680013,41355887,10.1093/burnst/tkaf064,Practical guidelines for the prevention and management of diabetic foot disease in China.,2025,Burns & trauma,0,"""jasplakinolide""",compound x growth plate,False,0.0
PMC12456671,40995270,10.7759/cureus.90894,Chondrodysplasia Punctata: A Rare Entity Identified Incidentally.,2025,Cureus,0,"""cholesterol""",target x growth x geometry,False,0.0
PMC12841933,41582817,10.1161/circgen.125.005169,&lt;i&gt;ACTA2&lt;/i&gt; Pathogenic Variants Activating Heat Shock Factor 1 and Increasing Cholesterol Biosynthesis in Smooth Muscle Cells Predispose to Early Onset Atherosclerosis.,2026,Circulation. Genomic and precision medicine,0,"""cholesterol""",target x growth x geometry,False,0.0
PMC13211409,42188841,10.3390/tropicalmed11050112,"&lt;i&gt;Brucella abortus&lt;/i&gt; Infection Promotes Mesenchymal Stem Cell Differentiation Toward Adipogenesis, Enhancing the Proinflammatory Profile.",2026,Tropical medicine and infectious disease,0,"""cholesterol""",target x growth x geometry,False,0.0
PMC12630319,41258582,10.1007/s11033-025-11138-2,Farnesyltransferase inhibitors decrease matrix-vesicle-mediated mineralization in SaOS-2 cells.,2025,Molecular biology reports,0,"""cholesterol""",target x growth x geometry,False,0.0
PMC7103906,,,Posters,2009,"The journal of nutrition, health & aging",0,"""RORalpha""",target x growth x geometry,False,0.0
PMC13296239,42367231,10.1155/anu/7583815,A Comprehensive Analysis of Dietary Fishmeal Replaced by Black Soldier Fly (&lt;i&gt;Hermetia illucens&lt;/i&gt; L.) in Largemouth Bass (&lt;i&gt;Micropterus salmoides&lt;/i&gt;).,2026,Aquaculture nutrition,0,"""cholesterol""",target x growth x geometry,False,0.0
PMC13019688,41908158,10.1093/jbmrpl/ziag032,The orally available SIK2/SIK3 inhibitor SK-124 increases bone mass in hypogonadal male mice.,2026,JBMR plus,0,"""cholesterol""",target x growth x geometry,False,0.0
PMC12840937,41590097,10.3390/gels12010072,"Puerarin-Loaded Proniosomal Gel: Formulation, Characterization, <i>In Vitro</i> Antimelanoma Cytotoxic Potential, and <i>In Ovo</i> Irritation Assessment.",2026,"Gels (Basel, Switzerland)",0,"""cholesterol""",target x growth x geometry,False,0.0
PMC13216223,42221788,10.3389/fnut.2026.1735869,The 5:2 diet induces male-specific weight loss and sex-independent enhancement of lipid storage in mice via activation of GHSR.,2026,Frontiers in nutrition,0,"""cholesterol""",target x growth x geometry,False,0.0
PMC13285656,42338756,10.1016/j.ajps.2026.101168,Red ginseng-derived nanovesicles to modulate osteoblast and osteoclastogenesis for osteoporosis therapy.,2026,Asian journal of pharmaceutical sciences,0,"""cholesterol""",target x growth x geometry,False,0.0
PMC13241647,42103232,10.1016/j.jbc.2026.113108,Geranylgeraniol promotes osteoblast differentiation and inhibits osteoclastogenesis through MAPK and nuclear receptor signaling.,2026,The Journal of biological chemistry,0,"""cholesterol""",target x growth x geometry,False,0.0
PMC13064060,41772562,10.1186/s12920-026-02339-0,Association of VDR BsmI polymorphism and vitamin D status with osteoarthritis susceptibility.,2026,BMC medical genomics,0,"""jasplakinolide""",compound x growth plate,False,0.0
PMC12985997,,,Emodin and the Anthraquinone Scaffold: Therapeutic Promise and Strategies to Overcome Translational Barriers,2026,"Molecules (Basel, Switzerland)",0,"""aquaporin""",target x growth x geometry,False,0.0
PMC11621899,39649642,10.21037/tp-24-265,Genome-wide Mendelian randomization identifies drugs associated with body height.,2024,Translational pediatrics,0,"""colchicine""",compound x growth plate,False,0.0
PMC13127886,41433426,10.1093/jnen/nlaf151,A case series of calcium pyrophosphate deposition in the spine: An underrecognized debilitating disease.,2026,Journal of neuropathology and experimental neurology,0,"""colchicine""",compound x growth plate,False,0.0
PMC12816298,41567632,10.3389/fphar.2025.1724568,Nobiletin promotes fracture healing by modulating macrophage polarization: a review.,2025,Frontiers in pharmacology,0,"""nobiletin""",compound x growth plate,False,0.0
PMC11901578,40077692,10.3390/nu17050822,Polymethoxyflavones and Bone Metabolism.,2025,Nutrients,0,"""nobiletin""",compound x growth plate,False,0.0
PMC13066292,41971546,10.3389/fpls.2026.1782554,Plant secondary metabolites exert therapeutic effects by modulating autophagy pathways.,2026,Frontiers in plant science,0,"""nobiletin""",compound x growth plate,False,0.0
PMC12839170,41597185,10.3390/cells15020110,From Orange to Oncology: Anti-Inflammatory and Anti-Cancer Mechanisms of Sinensetin.,2026,Cells,0,"""nobiletin""",compound x growth plate,False,0.0
PMC12789013,41522721,10.1038/s44323-025-00061-1,Dual roles of circadian clock proteins in development and adult homeostasis.,2026,Npj biological timing and sleep,0,"""SR1078""; ""nobiletin""",compound x growth plate,False,0.0
PMC10861770,38352710,10.3389/fendo.2024.1310466,Relationship of the bone phenotype of the Klotho mutant mouse model of accelerated aging to changes in skeletal architecture that occur with chronological aging.,2024,Frontiers in endocrinology,0,"""jasplakinolide""",compound x growth plate,False,0.0
PMC7209290,,,SAT-337 Ga-DOTATATE and Tumor Induced Osteomalacia: Finding the Culprit Lesion,2020,Journal of the Endocrine Society,0,"""jasplakinolide""",compound x growth plate,False,0.0
PMC12838087,41594904,10.3390/biology15020169,Systematic Evaluation of a Mouse Model of Aging-Associated Parkinson's Disease Induced with MPTP and D-Galactose.,2026,Biology,0,"""jasplakinolide""",compound x growth plate,False,0.0
PMC11835120,39960950,10.1097/md.0000000000041527,Symmetrical peripheral gangrene after cardiac surgery: A case report and review of literature.,2025,Medicine,0,"""jasplakinolide""",compound x growth plate,False,0.0
PMC12515585,41090047,10.1002/ccr3.71181,Relapsed Chronic Lymphocytic Leukemia Heralded by Parathyroid Hormone Related Peptide-Mediated Hypercalcemia.,2025,Clinical case reports,0,"""jasplakinolide""",compound x growth plate,False,0.0
PMC13003812,41868029,10.2147/idr.s564043,Development and Validation of a Preoperative Nomogram for Predicting Prolonged Hospital Stay After Spinal Tuberculosis Surgery.,2026,Infection and drug resistance,0,"""jasplakinolide""",compound x growth plate,False,0.0
PMC11051522,38673536,10.3390/jcm13082263,Hypophosphatasia Presenting as a Chronic Diffuse Pain Syndrome with Extra-Articular Calcifications.,2024,Journal of clinical medicine,0,"""colchicine""",compound x growth plate,False,0.0
PMC13044024,41938063,10.3389/fbioe.2026.1764724,"Plant-derived extracellular vesicles in skin and bone tissue engineering: current status, challenges, and future perspectives.",2026,Frontiers in bioengineering and biotechnology,0,"""aquaporin""",target x growth x geometry,False,0.0
PMC12946866,41767232,10.1039/d5ra09529h,The osteochondral regeneration paradox: why biomimetic scaffolds are biologically superior but injectable systems dominate the clinic.,2026,RSC advances,0,"""osmotic swelling""",target x growth x geometry,False,0.0
PMC13038531,41928887,10.3389/fendo.2026.1762302,Research on vitamin D metabolic regulation in the pathogenesis of related diseases.,2026,Frontiers in endocrinology,0,"""jasplakinolide""",compound x growth plate,False,0.0
PMC11759187,39857606,10.3390/biomedicines13010022,Comprehensive Metabolomic Profiling in Adults with X-Linked Hypophosphatemia: A Case-Control Study.,2024,Biomedicines,0,"""jasplakinolide""",compound x growth plate,False,0.0
PMC13095749,42022559,10.3389/fphar.2026.1790867,Real-world pharmacovigilance of drug-induced osteoporosis: a focus on antiretroviral therapy and toxicological mechanisms in the elderly.,2026,Frontiers in pharmacology,0,"""jasplakinolide""",compound x growth plate,False,0.0
PMC10062235,36987774,10.1080/19932820.2023.2194100,Clinical significance of serum CDC42 in the prediction of uremic vascular calcification incidence and progression.,2023,The Libyan journal of medicine,0,"""CDC42""; ""jasplakinolide""",compound x growth plate; target x growth x geometry,False,0.0
PMC9724511,36483799,10.12998/wjcc.v10.i33.12247,Unusual presentation of Loeys-Dietz syndrome: A case report of clinical findings and treatment challenges.,2022,World journal of clinical cases,0,"""jasplakinolide""",compound x growth plate,False,0.0
PMC13042502,41517829,10.1002/advs.202515994,Endothelial Cell-Specific Molecule-1 (ESM1): An Endogenous Anticoagulant and Protective Factor in Venous Thrombosis.,2026,"Advanced science (Weinheim, Baden-Wurttemberg, Germany)",0,"""jasplakinolide""",compound x growth plate,False,0.0
PMC11439522,39351120,10.1210/jcemcr/luae176,Vitamin D-dependent Rickets Type 1A Mimicking Pseudohypoparathyroidism in Presence of Active Tuberculosis.,2024,JCEM case reports,0,"""jasplakinolide""",compound x growth plate,False,0.0
PMC12144363,40488138,10.1177/11795735251347335,Lumbar Intraspinal Calcium Pyrophosphate Deposition: A Comprehensive Case Study.,2025,Journal of central nervous system disease,0,"""colchicine""",compound x growth plate,False,0.0
PMC12943933,,,Exosomes Derived from BMSCs Treated with CeONPs Ameliorate Radiation-Induced Jaw Bone Injury via miR-21-5p/STAT3 Axis-Mediated Osteogenesis and ROS Scavenging,2026,Pharmaceutics,0,"""nobiletin""",compound x growth plate,False,0.0
PMC12615189,41246326,10.3389/fimmu.2025.1703672,Flavonoids as Immunoregulators: Molecular Mechanisms in Regulating Immune Cells and Their Therapeutic Applications in Inflammatory Diseases.,2025,Frontiers in immunology,0,"""nobiletin""",compound x growth plate,False,0.0
PMC13186023,42164098,10.1016/j.mmr.2026.100025,Circadian clock and cancer.,2026,Military Medical Research,0,"""GSK4112""; ""SR1078""; ""nobiletin""",compound x growth plate,False,0.0
PMC12548078,41123484,10.1080/07853890.2025.2576643,Circadian clock genes and insomnia: molecular mechanisms and therapeutic implications.,2025,Annals of medicine,0,"""nobiletin""",compound x growth plate,False,0.0
PMC13092457,42016799,10.2147/ijgm.s597129,"Network Pharmacology-Serum Metabolomics Integration Identifies Key Targets, Biomarkers and Mechanism of Sendeng-4 in Rheumatoid Arthritis Therapy.",2026,International journal of general medicine,0,"""nobiletin""",compound x growth plate,False,0.0
PMC13095723,42021885,10.12182/20260360202,Nanoparticle Delivery Systems in Rheumatoid Arthritis: More Than Vehicles.,2026,Sichuan da xue xue bao. Yi xue ban = Journal of Sichuan University. Medical science edition,0,"""nobiletin""",compound x growth plate,False,0.0
PMC13297320,,,Sirtuins in Medicine: Multifaceted Roles in Physiological Processes and Cardiovascular Diseases,2026,Biomolecules,0,"""nobiletin""",compound x growth plate,False,0.0
PMC12074023,39741419,10.1111/acel.14464,P2Y&lt;sub&gt;2&lt;/sub&gt; Inhibition Modifies the Anabolic Response to Exercise in Adult Mice.,2025,Aging cell,0,"""LIMK2""",target x growth x geometry,False,0.0
PMC12862956,41416904,10.1042/bst20253131,Cell fusion in osteoclastogenesis.,2025,Biochemical Society transactions,0,"""actin cortex""",target x growth x geometry,False,0.0
PMC12984370,,,Pathogenesis of Shoulder Calcific Tendinopathy,2026,International journal of molecular sciences,0,"""NSC23766""",compound x growth plate,False,0.0
PMC4300815,,,Posters,2010,Cartilage,0,"""non-muscle myosin II""",target x growth x geometry,False,0.0
PMC13049305,41939511,10.1016/j.jve.2026.100624,Single-cell transcriptomic profiling of the splenic and peripheral immune landscape in rhesus macaques during CHIKV infection.,2026,Journal of virus eradication,0,"""LIMK2""",target x growth x geometry,False,0.0
PMC13153815,42112397,10.3389/fimmu.2026.1825523,"Multifactorial pathogenesis of rheumatoid arthritis: interaction between inflammation, metabolic dysregulation, and tissue mechanics.",2026,Frontiers in immunology,0,"""FAK""; ""PF-573228""",compound x growth plate; target x growth x geometry,False,0.0
PMC12828606,41585435,10.1016/j.mtbio.2026.102786,Stiff matrix promotes lung cancer cell migration through down-regulating the Piezo1 channel expression to facilitate Ca&lt;sup&gt;2+&lt;/sup&gt;-dependent filopodia formation.,2026,Materials today. Bio,0,"""GsMTx4""; ""PF-573228""; ""PIEZO1""; ""Yoda1""; ""cofilin""",compound x growth plate; target x growth x geometry,False,0.0
PMC13228802,,,Oncogenic cell fate decision in breast epithelial cells I: growth factors and mechanisms,2026,Research square,0,"""LIMK1""",target x growth x geometry,False,0.0
PMC13115528,42042026,10.3390/cimb48040366,Icariin Modulates the Reproductive-Immune Axis: Molecular Insights and Therapeutic Potential.,2026,Current issues in molecular biology,0,"""CDC42""",target x growth x geometry,False,0.0
PMC13052117,41937492,10.1111/jcmm.71120,OMICS Profiling Identifies Signatures of Senescence in Osteogenesis Imperfecta Osteoblasts Counteracted by 4-PBA.,2026,Journal of cellular and molecular medicine,0,"""CDC42""; ""SLC12A2""",target x growth x geometry,False,0.0
PMC12679313,41356258,10.1002/jsp2.70138,The Prognostic Significance of LINC00638 in Lumbar Disc Herniation and Its Effect on Senescence of Nucleus Pulposus Cells.,2025,JOR spine,0,"""CDC42""",target x growth x geometry,False,0.0
PMC13085373,41888835,10.1186/s12964-026-02828-w,Integrins in cancer: insights into mechanisms and therapeutic potential.,2026,Cell communication and signaling : CCS,0,"""CDC42""; ""FAK""; ""cadherin""",target x growth x geometry,False,0.0
PMC12729918,41463472,10.3390/biology14121699,A Multi-Breed GWAS for Carcass Weight in Jeju Black Cattle and Hanwoo × Jeju Black Crossbreds.,2025,Biology,0,"""CDC42""",target x growth x geometry,False,0.0
PMC7091704,,,Physicians Poster Abstracts : EBMT 2010,2010,Bone marrow transplantation,0,"""NSC23766""",compound x growth plate,False,0.0
PMC12852571,41624177,10.34133/bmr.0299,"Design Considerations, Formulation Approaches, and Strategic Advances of Hydrogel Platforms for Tendinopathy Management.",2026,Biomaterials research,0,"""NSC23766""",compound x growth plate,False,0.0
PMC12613727,41225364,10.1186/s12864-025-12236-y,The systemic wrinkled skin phenotype involves aberrant expression and variation of genes related to the oxidative stress and extracellular matrix in Xiang pigs.,2025,BMC genomics,0,"""LIMK2""",target x growth x geometry,False,0.0
PMC12696013,41372605,10.1007/s10565-025-10117-4,Gentisic acid ameliorates lumbar disc herniation by regulating M1/M2 Polarization via the MAPK14/S100A9/Rac1/2 pathway.,2025,Cell biology and toxicology,0,"""EHT1864""; ""RAC1""",compound x growth plate; target x growth x geometry,False,0.0
PMC10910758,,,Role of the NF-kB signalling pathway in heterotopic ossification: biological and therapeutic significance,2024,Cell communication and signaling : CCS,0,"""EHT1864""; ""FAK""; ""RAC1""",compound x growth plate; target x growth x geometry,False,0.0
PMC4023431,,,Oral Presentation,2012,Journal of diabetes investigation,0,"""fasudil""",compound x growth plate,False,0.0
PMC10932484,,,Cancer cell response to extrinsic and intrinsic mechanical cue: opportunities for tumor apoptosis strategies,2024,Regenerative biomaterials,0,"""actin cortex""; ""cofilin""; ""fasudil""; ""non-muscle myosin II""",compound x growth plate; target x growth x geometry,False,0.0
PMC7167610,,,The 3rd Congress of Asian Society for Pediatric Research,2008,Pediatrics international : official journal of the Japan Pediatric Society,0,"""fasudil""",compound x growth plate,False,0.0
PMC7163937,,,Poster Sessions,2014,The FEBS journal,0,"""LIMK2""; ""acetazolamide""; ""actin cortex""; ""fasudil""; ""integrin beta1""",compound x growth plate; target x growth x geometry,False,0.0
PMC12785337,41516217,10.3390/ijms27010341,New Knowledge About Tissue Engineering Under Microgravity Conditions in Space and on Earth.,2025,International journal of molecular sciences,0,"""CDC42""",target x growth x geometry,False,0.0
PMC13114014,42072398,10.3390/biomedicines14040857,Modulation Effects of Reproductive Hormones on Oogenesis in a Collagenase-Induced Osteoarthritis Mouse Model.,2026,Biomedicines,0,"""CDC42""; ""microtubule""",target x growth x geometry,False,0.0
PMC12890488,41217833,10.1172/jci.insight.190598,GDF15 induces excessive activation of osteoclasts within the vertebral endplates leading to early endplate degeneration.,2026,JCI insight,0,"""CDC42""; ""NSC23766""; ""RAC1""",compound x growth plate; target x growth x geometry,False,0.0
PMC6925586,31933526,,"Abstract Proceedings of the 7th International Congress of the Molecular Biology Association of Turkey: İstanbul, Turkey. 27-29 September 2019.",2019,Turkish journal of biology = Turk biyoloji dergisi,0,"""EHT1864""; ""RORalpha""; ""Ror-alpha""",compound x growth plate; target x growth x geometry,False,0.0
PMC6493311,,,ISEV2019 Abstract Book,2019,Journal of extracellular vesicles,0,"""EHT1864""",compound x growth plate,False,0.0
PMC13064422,41954370,10.1111/nyas.70247,Detection of Mesenchymal Stem Cell Aging Using an Integrin Mechano-Probe.,2026,Annals of the New York Academy of Sciences,0,"""integrin beta1""",target x growth x geometry,False,0.0
PMC12403387,40898269,10.1186/s13287-025-04593-y,Platelet-rich plasma enhances local homing of umbilical cord-derived mesenchymal stem cells to articular cartilage by increasing the quantity and activation of integrin ꞵ1.,2025,Stem cell research & therapy,0,"""integrin beta1""",target x growth x geometry,False,0.0
PMC12560119,41147645,10.1002/jev2.70157,ISEV2025 Abstract Book.,2025,Journal of extracellular vesicles,0,"""EIPA""; ""amiloride""; ""blebbistatin""; ""nocodazole""",compound x growth plate,False,0.0
PMC7480431,,,ISEV2020 Abstract Book,,Journal of extracellular vesicles,0,"""blebbistatin""",compound x growth plate,False,0.0
PMC13039135,41881967,10.1038/s41419-026-08651-y,cGAS-STING/HMGB1-mediated senescence induced by LRRK2 accelerates cartilage degeneration in osteoarthritis.,2026,Cell death & disease,0,"""ML141""",compound x growth plate,False,0.0
PMC13254587,42103217,10.1016/j.jbc.2026.113111,Arylsulfatase L is a Golgi chondroitin sulfatase regulating skeletal development.,2026,The Journal of biological chemistry,0,"""microtubule""; ""nocodazole""",compound x growth plate; target x growth x geometry,False,0.0
PMC13069430,41970710,10.1016/j.xinn.2026.101307,Transformative biomechanics and mechanobiology breakthroughs shaping the future of health and medicine.,2026,Innovation (Cambridge (Mass.)),0,"""FAK""; ""LIMK1""; ""PIEZO1""; ""PIEZO2""; ""TRPV4""; ""cofilin""; ""defactinib""; ""osmotic swelling""",compound x growth plate; target x growth x geometry,False,0.0
PMC12772631,41493844,10.1111/cas.70254,Abstracts of the 84&lt;sup&gt;th&lt;/sup&gt; Annual Meeting of the Japanese Cancer Association.,2026,Cancer science,0,"""NHE1""; ""defactinib""; ""nobiletin""; ""nocodazole""",compound x growth plate; target x growth x geometry,False,0.0
PMC13156973,42112088,10.2147/dddt.s606941,Pathogenesis of Osteoarthritis: Mechanisms of Action of Disulfidptosis and Targeted Therapeutic Strategies.,2026,"Drug design, development and therapy",0,"""PIEZO1""; ""RAC1""",target x growth x geometry,False,0.0
PMC13031594,41907099,10.1007/s12195-025-00877-8,The Interplay Between Stiffness and Hyperglycemia on Diabetic Foot Ulcer Wound Closure.,2026,Cellular and molecular bioengineering,0,"""RAC1""",target x growth x geometry,False,0.0
PMC13299826,,,Mitochondrial Transport in Bone Metabolism Homeostasis: Molecular Mechanisms and Targeted Therapeutic Strategies,2026,International journal of molecular sciences,0,"""CDC42""; ""RAC1""; ""microtubule""",target x growth x geometry,False,0.0
PMC11728170,39769393,10.3390/ijms252413631,Fine-Tuned Expression of Evolutionarily Conserved Signaling Molecules in the <i>Ciona</i> Notochord.,2024,International journal of molecular sciences,0,"""RAC1""",target x growth x geometry,False,0.0
PMC7164111,,,Poster Presentations,2011,The FEBS journal,0,"""EIPA""",compound x growth plate,False,0.0
PMC13200105,42199385,10.1016/j.bioactmat.2026.04.020,Modular living assembly of bone organoids with in situ guided vascularization.,2026,Bioactive materials,0,"""cadherin""",target x growth x geometry,False,0.0
PMC12966593,41800230,10.1016/j.jot.2025.101033,A scaffold-free cartilage construct fabricated using a bio 3D printer accelerates critical-size bone defect regeneration.,2026,Journal of orthopaedic translation,0,"""cadherin""",target x growth x geometry,False,0.0
PMC12828720,41493378,10.1021/acsami.5c16589,"Zinc-Releasing Fibrous Scaffolds Modulate Fibroblast, Endothelial, and Macrophage Interactions for Vascularized Tissue Engineering.",2026,ACS applied materials & interfaces,0,"""cadherin""",target x growth x geometry,False,0.0
PMC13201929,42179090,10.1177/09636897261445006,Imaging-based tracking of stem-cell responses for 3D bioprinting optimization.,2026,Cell transplantation,0,"""cadherin""",target x growth x geometry,False,0.0
PMC12966426,41724787,10.1038/s41419-026-08498-3,PRDM1 restricts bladder cancer progression and enhances chemosensitivity by suppressing OTUD6A-mediated deubiquitination of CDC6.,2026,Cell death & disease,0,"""centrosome""; ""nocodazole""",compound x growth plate; target x growth x geometry,False,0.0
PMC13147637,41888809,10.1186/s12964-026-02843-x,Mitochondrial interplay with membrane organelles in health and disease.,2026,Cell communication and signaling : CCS,0,"""microtubule""; ""nocodazole""",compound x growth plate; target x growth x geometry,False,0.0
PMC7104432,,,Scientific Abstracts,2007,"Reproductive sciences (Thousand Oaks, Calif.)",0,"""H-1152""",compound x growth plate,False,0.0
PMC7101945,,,"Abstracts of the 9th Congress of the International Pediatric Nephrology Association, August 30–September 4, 1992, Jerusalem, Israel",1992,"Pediatric nephrology (Berlin, Germany)",0,"""EIPA""; ""H-1152""",compound x growth plate,False,0.0
PMC12813099,41560822,10.1016/j.mtbio.2025.102647,Osteoimmunology uncovered: How macrophages and biomaterials revolutionize bone healing.,2026,Materials today. Bio,0,"""CDC42""",target x growth x geometry,False,0.0
PMC13257934,42278665,10.3390/ijms27115141,Proteome and miRNAs Expression in Medication-Related Osteonecrosis of the Jaw.,2026,International journal of molecular sciences,0,"""cadherin""; ""cofilin""",target x growth x geometry,False,0.0
PMC12935865,41768997,10.3389/fcell.2026.1789070,Editorial: Mechanopathology: unraveling the mechanical forces driving disease mechanisms.,2026,Frontiers in cell and developmental biology,0,"""FAK""; ""PIEZO1""; ""PIEZO2""; ""TRPV4""; ""cadherin""",target x growth x geometry,False,0.0
PMC13179420,42141708,10.1002/cam4.71940,DEC1 Deficiency Attenuates Breast Cancer-Induced Osteolytic Destruction by Suppression of Cancer-Associated Fibroblast Differentiation.,2026,Cancer medicine,0,"""cadherin""",target x growth x geometry,False,0.0
PMC12666587,41332939,10.1016/j.mtbio.2025.102560,Cryogenic 3D printing of heterogeneous scaffolds with capability to spatially tune cellular morphology of mesenchymal stem cells for integrated osteochondral regeneration.,2025,Materials today. Bio,0,"""cadherin""",target x growth x geometry,False,0.0
PMC12226525,40605688,10.1177/19476035251351713,Differentiation of Human Induced Pluripotent Stem Cells Toward Implantable Chondroprogenitor Cells.,2025,Cartilage,0,"""cadherin""; ""cholesterol""; ""planar cell polarity""",target x growth x geometry,False,0.0
PMC12752162,41466446,10.1186/s13287-025-04790-9,"Next-generation osteoarthritis models: integrating biological, computational, and engineering approaches.",2025,Stem cell research & therapy,0,"""cadherin""",target x growth x geometry,False,0.0
PMC13215406,42189047,10.1080/10717544.2026.2677302,Self-assembled non-steroidal anti-inflammatory drug-peptide hydrogel to effectively mitigate ocular inflammation.,2026,Drug delivery,0,"""cadherin""",target x growth x geometry,False,0.0
PMC12096252,40415854,10.1021/acsomega.5c00390,Silencing of LncRNA XIST Suppressed Tumor Growth and Metastasis in Papillary Thyroid Carcinoma by Modulating miR-204/FN1 Axis.,2025,ACS omega,0,"""defactinib""",compound x growth plate,False,0.0
PMC13093804,41833526,10.1002/alz.71263,"Measuring blood-brain barrier dysfunction: a critical appraisal of fluid biomarkers, in vitro models, in vivo imaging, and post-mortem approaches.",2026,Alzheimer's & dementia : the journal of the Alzheimer's Association,0,"""TGN-020""; ""aquaporin""",compound x growth plate; target x growth x geometry,False,0.0
PMC12500971,41053185,10.1038/s41467-025-63524-w,"Cells adapt to extracellular acidic pH through TM9SF3-mediated PI(4,5)P&lt;sub&gt;2&lt;/sub&gt; flop.",2025,Nature communications,0,"""non-muscle myosin II""",target x growth x geometry,False,0.0
PMC12979415,41836759,10.3389/fbioe.2026.1748736,Research progress on osseointegration performance of porous structure-modified titanium alloy implants.,2026,Frontiers in bioengineering and biotechnology,0,"""non-muscle myosin II""",target x growth x geometry,False,0.0
PMC13200207,42199454,10.2147/blctt.s511758,Exploring the Bone Marrow Microenvironment as a Therapeutic Barrier and Targetable Source of Crosstalk in Acute Myeloid Leukemia.,2026,Blood and lymphatic cancer : targets and therapy,0,"""defactinib""",compound x growth plate,False,0.0
PMC13158527,42125068,10.1002/mco2.70763,Targeting Tumor Stroma: Current Challenges and Future Directions.,2026,MedComm,0,"""GSK1016790A""; ""defactinib""",compound x growth plate,False,0.0
PMC7128221,,,Free Communications (Poster Sessions),2015,Journal of pharmacological sciences,0,"""NSC23766""",compound x growth plate,False,0.0
PMC12467821,41007258,10.3390/biology14091112,Bone-Derived Factors: Regulating Brain and Treating Alzheimer's Disease.,2025,Biology,0,"""fasudil""",compound x growth plate,False,0.0
PMC12856188,41624077,10.1016/j.bioactmat.2026.01.006,NsPEFs-enriched ADSCs-EVs alleviate osteoarthritis via RSPO3-mediated dual pro-chondrogenic and pro-M2 macrophage properties.,2026,Bioactive materials,0,"""EIPA""",compound x growth plate,False,0.0
PMC13290663,42337937,10.1111/acel.70607,"Engineering Extracellular Vesicles for Anti-Aging Therapy: Mechanisms, Applications, and Perspectives.",2026,Aging cell,0,"""EIPA""",compound x growth plate,False,0.0
PMC11245638,,,ISEV2024 Abstract Book,2024,Journal of extracellular vesicles,0,"""EIPA""",compound x growth plate,False,0.0
PMC13151096,41904512,10.1186/s12964-026-02820-4,Mitochondria transfer: intercellular communication and tumor microenvironment dynamics.,2026,Cell communication and signaling : CCS,0,"""CDC42""; ""RAC1""",target x growth x geometry,False,0.0
PMC12602496,41229417,10.3389/fimmu.2025.1647931,Immunometabolic regulation of disulfidptosis in orthopedic diseases: mechanistic heterogeneity and therapeutic targets.,2025,Frontiers in immunology,0,"""MYH9""; ""RAC1""",target x growth x geometry,False,0.0
PMC13231653,41652412,10.1186/s12920-026-02319-4,Genome-wide profiling of salivary promoter-region DNA methylation in periodontitis: the Tromsø Study.,2026,BMC medical genomics,0,"""CDC42""; ""RAC1""; ""microtubule""",target x growth x geometry,False,0.0
PMC12799502,41542101,10.1016/j.jot.2025.11.001,"Redefining orthopaedic translation: Harnessing multi-omics, smart biomaterials, and regenerative immunomodulation.",2025,Journal of orthopaedic translation,0,"""EIPA""",compound x growth plate,False,0.0
PMC13247514,42272524,10.1016/j.fmre.2024.12.021,Crosstalk between bone and vasculature within bone.,2026,Fundamental research,0,"""RAC1""",target x growth x geometry,False,0.0
PMC12613505,41257398,10.5152/turkarchpediatr.2025.25159,Cell Trafficking Disorders Play an Important Role in the Pathogenesis of Skeletal Dysplasias.,2025,Turkish archives of pediatrics,0,"""microtubule""; ""primary cilia""",target x growth x geometry,False,0.0
PMC12808898,41550739,10.1016/j.isci.2025.114290,EVC protein regulates Sonic hedgehog signaling during human intervertebral disc development and degeneration.,2026,iScience,0,"""primary cilia""",target x growth x geometry,False,0.0
PMC12428057,40940792,10.3390/cells14171382,Numerical Modelling of Keratinocyte Behaviour: A Comprehensive Review of Biochemical and Mechanical Frameworks.,2025,Cells,0,"""PIEZO1""; ""cadherin""; ""centrosome""",target x growth x geometry,False,0.0
PMC12870023,41491534,10.1186/s40001-025-03744-4,CORT silencing impairs migration and invasion: validation of a glycosylation-based risk model (CORT/LPAR5/CEBPA/MYH10/MAGEA11) in osteosarcoma.,2026,European journal of medical research,0,"""cadherin""",target x growth x geometry,False,0.0
PMC11327403,,,Abstracts of the Bone Research Society Annual Meeting 2024,2024,JBMR plus,0,"""cadherin""",target x growth x geometry,False,0.0
PMC13023307,41897845,10.3390/ani16060867,Genome-Wide Identification of Genomic Regions Associated with Body Weight and Morphometric Traits in Awassi Sheep.,2026,Animals : an open access journal from MDPI,0,"""focal adhesion""; ""microtubule""; ""primary cilia""",target x growth x geometry,False,0.0
PMC12523856,41090744,10.3390/cells14191516,Beyond Molecular Markers: The Therapeutic Significance of Mesenchymal Stem Cell Deformability in Regenerative Medicine.,2025,Cells,0,"""CDC42""; ""FAK""; ""RAC1""; ""RHOA""; ""TRPV4""; ""actin cortex""; ""focal adhesion""",target x growth x geometry,False,0.0
PMC13157110,42110953,10.1016/j.jot.2026.101106,Advances of piezoelectric biomaterials in bone defect repair: The role of direct and inverse piezoelectric effect.,2026,Journal of orthopaedic translation,0,"""FAK""; ""PIEZO1""; ""PIEZO2""; ""RHOA""; ""focal adhesion""",target x growth x geometry,False,0.0
PMC13038982,41929254,10.3389/fphar.2026.1723882,A review of the pharmacological mechanism of corosolic acid.,2026,Frontiers in pharmacology,0,"""CDC42""",target x growth x geometry,False,0.0
PMC12950527,41764140,10.1369/00221554261416994,Transforming Growth Factor-β Drives Epithelial Mesenchymal Transition and Reduces Synthesis of Unelaborated O-GalNAc Glycans in Breast Cancer Cells.,2026,The journal of histochemistry and cytochemistry : official journal of the Histochemistry Society,0,"""cadherin""",target x growth x geometry,False,0.0
PMC13039522,41928906,10.34133/research.1227,Dysregulation of the Cant1/β-Catenin/TCF4-CHSY1 Axis Underpins Impaired ECM Biosynthesis in Skeletal Disorders.,2026,"Research (Washington, D.C.)",0,"""cadherin""",target x growth x geometry,False,0.0
PMC12483635,41027468,10.1098/rsob.250103,Bone marrow endosteum in homeostasis and metastasis.,2025,Open biology,0,"""cadherin""",target x growth x geometry,False,0.0
PMC13094535,42016763,10.1002/exp.20240469,Micro Pattern-Based 3D Cell Culture Platform: An Overview of Technologies and Applications.,2026,"Exploration (Beijing, China)",0,"""cadherin""; ""focal adhesion""; ""microtubule""",target x growth x geometry,False,0.0
PMC13265173,42305518,10.21037/tcr-2025-aw-2165,COL10A1 overexpression potentially contributes to poor outcomes in breast cancer via autophagy and vasculogenic mimicry.,2026,Translational cancer research,0,"""FAK""; ""cadherin""",target x growth x geometry,False,0.0
PMC12839117,41594596,10.3390/biom16010056,Insights into the Pathophysiology of Scheuermann's Kyphosis: From Structural Deformities to Genetic Predisposition and Underlying Signalling Pathways.,2025,Biomolecules,0,"""primary cilia""",target x growth x geometry,False,0.0
PMC13114046,42072706,10.3390/biom16040585,"Heterotopic Ossification: Molecular Drivers, Subtype-Specific Mechanisms, and Translational Therapeutic Advances.",2026,Biomolecules,0,"""primary cilia""",target x growth x geometry,False,0.0
PMC7087533,8432370,,"25th Annual Meeting of the Swiss Societies for Experimental Biology. Lausanne, March 25-26, 1993. Abstracts.",1993,Experientia,0,"""EIPA""",compound x growth plate,False,0.0
PMC10910747,,,Large-scale phosphoproteomics reveals activation of the MAPK/GADD45β/P38 axis and cell cycle inhibition in response to BMP9 and BMP10 stimulation in endothelial cells,2024,Cell communication and signaling : CCS,0,"""LIMK1""",target x growth x geometry,False,0.0
PMC10187017,,,ISEV2023 Abstract Book,2023,Journal of extracellular vesicles,0,"""EIPA""",compound x growth plate,False,0.0
PMC13202827,41992329,10.1186/s13036-026-00673-6,Application of extracellular vesicles in the CRISPR-based diagnosis and treatment: possibilities and challenges.,2026,Journal of biological engineering,0,"""nocodazole""",compound x growth plate,False,0.0
PMC10529754,,,Matrix Stiffness Activating YAP/TEAD1-Cyclin B1 in Nucleus Pulposus Cells Promotes Intervertebral Disc Degeneration,2023,Aging and disease,0,"""nocodazole""",compound x growth plate,False,0.0
PMC12827430,41397992,10.1038/s41467-025-67591-x,LncRNA CISTR-ACT regulates cell size in human and mouse by guiding FOSL2.,2025,Nature communications,0,"""nocodazole""",compound x growth plate,False,0.0
PMC13280183,42007521,10.1002/adhm.202600004,Microengineered Gradient Hydrogels for Mechanobiology.,2026,Advanced healthcare materials,0,"""FAK""; ""TRPV4""; ""cadherin""; ""focal adhesion""",target x growth x geometry,False,0.0
PMC12731178,41463123,10.3390/biomedicines13123115,Dynamic Interplay of Epithelial-Mesenchymal and Mesenchymal-Epithelial Transitions in Cochlear Development and Disease: Molecular Mechanisms and Therapeutic Implications.,2025,Biomedicines,0,"""cadherin""",target x growth x geometry,False,0.0
PMC12687386,41376803,10.1002/jsp2.70145,Intervertebral Disc Proteoglycans: Multifunctional Tissue Stabilizing and Instructional Cell Regulatory Proteins That Control Tissue Homeostasis.,2025,JOR spine,0,"""FAK""; ""RHOA""; ""focal adhesion""",target x growth x geometry,False,0.0
PMC13049008,41813908,10.1038/s12276-026-01682-7,Osteoblast-derived osteomodulin restrains osteoclastogenesis via ITGB8/RRM2-mediated reduction of mitochondrial respiration and mitochondrial ATP production.,2026,Experimental & molecular medicine,0,"""RAC1""; ""RHOA""",target x growth x geometry,False,0.0
PMC13167981,42137409,10.3389/fspor.2026.1785754,Platelet-rich plasma in cartilage repair: biological mechanisms and clinical perspectives.,2026,Frontiers in sports and active living,0,"""RHOA""; ""planar cell polarity""",target x growth x geometry,False,0.0
PMC12564346,41155387,10.3390/ijms262010095,Selective Paracrine Modulation of Stromal Cells: Wharton's Jelly MSC Secretome Enhances Adipose-Derived MSC Functionality While Maintaining Dermal Fibroblast Quiescence.,2025,International journal of molecular sciences,0,"""RAC1""; ""RHOA""",target x growth x geometry,False,0.0
PMC12089105,40395673,10.3389/fbioe.2025.1570518,Involvement of long non-coding RNA (lncRNA) MALAT1 in shear stress regulated adipocyte differentiation.,2025,Frontiers in bioengineering and biotechnology,0,"""FAK""; ""RAC1""; ""RHOA""",target x growth x geometry,False,0.0
PMC13076256,41987793,10.3389/fmed.2026.1780606,Associations between mechanical stress and epigenetic modifications in outer retinal layer remodeling in high myopia.,2026,Frontiers in medicine,0,"""FAK""; ""RAC1""; ""RHOA""; ""actin cortex""; ""cadherin""",target x growth x geometry,False,0.0
PMC13138232,42088055,10.1016/j.mmr.2026.100027,The hierarchical stratum response system of organism to microgravity during spaceflight.,2026,Military Medical Research,0,"""TRPV4""; ""cholesterol""; ""focal adhesion""; ""microtubule""; ""primary cilia""",target x growth x geometry,False,0.0
PMC12076839,40361250,10.1186/s13287-025-04346-x,Mesenchymal stem cells derived from hPSC via neural crest attenuate chemotherapy-induced premature ovarian insufficiency by ameliorating apoptosis and oxidative stress in granulosa cells.,2025,Stem cell research & therapy,0,"""Y27632""",compound x growth plate,False,0.0
PMC12985125,,,Research Progress on Dance Training as a Mechanical Stimulus for the Prevention and Treatment of Osteoporosis: A Narrative Review,2026,International journal of molecular sciences,0,"""FAK""; ""primary cilia""",target x growth x geometry,False,0.0
PMC13007999,41823544,10.3892/ijmm.2026.5798,Mechanotransduction and its impact on regenerative medicine in orthopedic rehabilitation (Review).,2026,International journal of molecular medicine,0,"""primary cilia""",target x growth x geometry,False,0.0
PMC13234628,42233350,10.1042/bst20253108,"The primary cilium at the helm: gatekeeper of TGF-β superfamily signaling in development, homeostasis, and disease.",2026,Biochemical Society transactions,0,"""centrosome""; ""primary cilia""",target x growth x geometry,False,0.0
PMC13130400,42078511,10.1021/acs.chemmater.5c03410,Cell-Mediated Mechanical Stability Enhancement of Biomimetic Collagen-Alginate Hydrogels: A Mechanistic Study on the Two-Dimensional Extracellular Matrix-Cell Interaction.,2026,Chemistry of materials : a publication of the American Chemical Society,0,"""FAK""; ""RHOA""; ""focal adhesion""",target x growth x geometry,False,0.0
PMC13100042,42014392,10.1038/s41413-026-00534-4,Neural regulation of bone: from central neural circuits to peripheral innervation of the skeletal stem cell niche.,2026,Bone research,0,"""RHOA""; ""cadherin""",target x growth x geometry,False,0.0
PMC12683222,40847732,10.1002/adhm.202502026,At the Pointy End of Mechanobiology: AFM for Transient Biomechanical Analysis.,2025,Advanced healthcare materials,0,"""LIMK1""; ""RHOA""; ""focal adhesion""",target x growth x geometry,False,0.0
PMC12017852,40271194,10.1016/j.gendis.2024.101480,The role of RGS12 in tissue repair and human diseases.,2025,Genes & diseases,0,"""RHOA""; ""primary cilia""",target x growth x geometry,False,0.0
PMC13161832,42116714,10.1002/cbf.70224,Shear Stress as a Driver of Retinal Müller Glia Survival and Fibrotic Reprogramming.,2026,Cell biochemistry and function,0,"""RHOA""; ""TRPV4""; ""focal adhesion""",target x growth x geometry,False,0.0
PMC12930055,41743835,10.1016/j.bioactmat.2025.12.021,Biophysical signal-driven scaffold design for stem cell-guided osteochondral regeneration.,2026,Bioactive materials,0,"""FAK""; ""PIEZO1""; ""RHOA""; ""TRPV4""; ""focal adhesion""",target x growth x geometry,False,0.0
PMC12509514,40851240,10.47162/rjme.66.2.03,"Short histological kaleidoscope - recent findings in histology. Part V. About tendons, ligaments, and cartilages.",2025,Romanian journal of morphology and embryology = Revue roumaine de morphologie et embryologie,0,"""PIEZO1""; ""TRPV4""; ""primary cilia""",target x growth x geometry,False,0.0
PMC12876046,41660554,10.1155/humu/8584408,miR-221/222 Facilitate Pituitary Adenoma Progression Via PHACTR4 Downregulation.,2026,Human mutation,0,"""cadherin""",target x growth x geometry,False,0.0
PMC12657465,41305939,10.1093/stcltm/szaf057,Comparative analysis of scaffold-free tissue-engineered cartilage derived from different seed cells: in vitro and in vivo studies.,2025,Stem cells translational medicine,0,"""cadherin""",target x growth x geometry,False,0.0
PMC12785246,41511366,10.3390/cells15010084,SOX11 Is Regulated by EGFR-STAT3 and Promotes Epithelial-Mesenchymal Transition in Head and Neck Squamous Cell Carcinoma.,2026,Cells,0,"""cadherin""",target x growth x geometry,False,0.0
PMC13096267,42009636,10.1038/s41413-026-00519-3,Identification of a new population of Tnn&lt;sup&gt;+&lt;/sup&gt; progenitors to form tendon enthesis fibrocartilage.,2026,Bone research,0,"""PIEZO1""; ""TRPV4""; ""microtubule""; ""primary cilia""",target x growth x geometry,False,0.0
PMC12238619,40628804,10.1038/s41598-025-08570-6,CAV-1 regulates osteocyte communication with osteoclast and osteoblast precursors.,2025,Scientific reports,0,"""primary cilia""",target x growth x geometry,False,0.0
PMC12965064,41799780,10.7150/ijms.124996,LIPUS as a potential strategy for anti-inflammation and repair: A review of the mechanisms.,2026,International journal of medical sciences,0,"""FAK""; ""aquaporin""; ""primary cilia""",target x growth x geometry,False,0.0
PMC13240821,42092439,10.1016/j.mcpro.2026.101579,Proteome Unravels Mechanism Differences in Embryogenesis Between Honey Bee Drone and Worker (Apis mellifera L.).,2026,Molecular & cellular proteomics : MCP,0,"""RAC1""; ""cholesterol""; ""cofilin""",target x growth x geometry,False,0.0
PMC12771354,41503090,10.1016/j.ncrna.2025.11.008,The crosstalk network of non-coding RNAs: Emerging opportunities for the clinical application of osteoporosis.,2026,Non-coding RNA research,0,"""RAC1""; ""microtubule""",target x growth x geometry,False,0.0
PMC12445047,40978734,10.3389/fmed.2025.1572418,"The impact of Panx1 on inflammation, immunity, and cancer: a comprehensive review.",2025,Frontiers in medicine,0,"""RAC1""; ""aquaporin""",target x growth x geometry,False,0.0
PMC12818817,41549985,10.1080/21623945.2025.2610544,Physical differentiation of adipose-derived mesenchymal stem cells into pancreatic beta-like cells using cell-imprinting and evaluation of insulin production.,2026,Adipocyte,0,"""RAC1""; ""RHOA""; ""focal adhesion""",target x growth x geometry,False,0.0
PMC12837877,41595956,10.3390/bioengineering13010024,From Production to the Clinic: Decellularized Extracellular Matrix as a Biomaterial for Tissue Engineering and Regenerative Medicine.,2025,"Bioengineering (Basel, Switzerland)",0,"""latrunculin""",compound x growth plate,False,0.0
PMC13232172,,,Intermittent parathyroid hormone employs autonomous and non-autonomous mechanisms to drive osteogenesis from Ebf3-expressing skeletal progenitor cells,2026,bioRxiv : the preprint server for biology,0,"""RAC1""; ""focal adhesion""",target x growth x geometry,False,0.0
PMC12960723,41781377,10.1038/s41368-025-00399-z,JAK-STAT signaling: molecular mechanism and targeted treatment in dento-maxillofacial abnormalities.,2026,International journal of oral science,0,"""RAC1""; ""cadherin""",target x growth x geometry,False,0.0
PMC13123499,42058932,10.1016/j.jot.2026.101091,"Metallic topological structures in bone repair implants: Design, properties, and biological interactions.",2026,Journal of orthopaedic translation,0,"""CDC42""; ""PIEZO1""; ""PIEZO2""; ""RHOA""",target x growth x geometry,False,0.0
PMC12667187,41334438,10.3389/fendo.2025.1703129,Fracture healing: cellular mechanisms and impact of parathyroid hormone and its analogs.,2025,Frontiers in endocrinology,0,"""RHOA""; ""cadherin""",target x growth x geometry,False,0.0
PMC12678136,41342411,10.1177/19476035251393403,MiRNA-140-5p Modulates Cartilage Mechanical Environment by Preserving Surface Stress Homeostasis.,2025,Cartilage,0,"""LIMK1""; ""LIMK2""; ""RAC1""; ""RHOA""",target x growth x geometry,False,0.0
PMC12314253,40755459,10.1177/20417314251358567,From niche to organoid: Engineering bone tissues through microenvironmental insights.,2025,Journal of tissue engineering,0,"""latrunculin""",compound x growth plate,False,0.0
PMC11077711,,,Proceedings of the 101st Annual Meeting of The Physiological Society of Japan,2024,The journal of physiological sciences : JPS,0,"""GSK1016790A""; ""NHE1""; ""NKCC1""; ""SLC12A2""; ""bumetanide""; ""latrunculin""",compound x growth plate; target x growth x geometry,False,0.0
PMC12444725,40978892,10.7759/cureus.90337,"Distal Renal Tubular Acidosis: A Conundrum of Short Stature, Failure to Thrive, Rickets, and Nephrocalcinosis.",2025,Cureus,0,"""amiloride""",compound x growth plate,False,0.0
PMC13223721,42232748,10.1016/j.bioactmat.2026.05.016,A sustained NAD&lt;sup&gt;+&lt;/sup&gt; supplementation-biosynthesis nanoplatform for metabolic restoration in aged bone regeneration.,2026,Bioactive materials,0,"""amiloride""",compound x growth plate,False,0.0
PMC13235294,42014041,10.1210/clinem/dgag114,Acromegaly complications: an update.,2026,The Journal of clinical endocrinology and metabolism,0,"""amiloride""",compound x growth plate,False,0.0
PMC12696587,41378714,10.1111/jcmm.70918,The Promise of Exosomes in Cardiac Repair: When 'Best Things Come in Small Packages'.,2025,Journal of cellular and molecular medicine,0,"""amiloride""",compound x growth plate,False,0.0
PMC13164822,42123928,10.3390/nu18091326,"Effects of &lt;i&gt;Allium fistulosum&lt;/i&gt; L. (Green Onion) Root and &lt;i&gt;Avena sativa&lt;/i&gt; L. (Oat) Mixtures (WCO31) on the Height of Children: A Multi-Center, Randomized, Double-Blind, Placebo-Controlled Clinical Trial.",2026,Nutrients,0,"""cholesterol""",compound x growth plate; target x growth x geometry,False,0.0
PMC13046482,41938109,10.3389/fendo.2026.1783132,Alcohol consumption exacerbates high-fat diet-mediated disruptions in myelopoiesis and osteoclastogenesis in mouse models of metabolic dysfunction-associated liver diseases.,2026,Frontiers in endocrinology,0,"""cholesterol""",compound x growth plate; target x growth x geometry,False,0.0
PMC13169458,42125896,10.1302/2046-3758.155.bjr-2025-0563.r1,Sex-specific hormonal rescue of bone growth in PAPPA2-deficient mice : a role for cannabinoid receptors and STAT3.,2026,Bone & joint research,0,"""cholesterol""",compound x growth plate; target x growth x geometry,False,0.0
PMC13047836,41857607,10.1186/s13018-026-06792-6,The best solution is the simplest: advances in surgical and minimally invasive management of aneurysmal and simple bone cysts.,2026,Journal of orthopaedic surgery and research,0,"""cholesterol""",compound x growth plate,False,0.0
PMC12733895,41464859,10.3390/jcm14248957,Growth Without GH: A Case Series and Literature Review.,2025,Journal of clinical medicine,0,"""centrosome""; ""cholesterol""",compound x growth plate; target x growth x geometry,False,0.0
PMC11883292,40045933,10.1002/mgg3.70085,A Novel Biallelic Variant in IHH Causing Acrocapitofemoral Dysplasia in a Pakistani Family.,2025,Molecular genetics & genomic medicine,0,"""cholesterol""",compound x growth plate; target x growth x geometry,False,0.0
PMC13175643,42147995,10.2478/bjmg-2025-00024,Identification of a Novel Homozygous &lt;i&gt;IHH&lt;/i&gt; Variant Causing Novel Acromesomelic Maroteaux-Type Skeletal Dysplasia in a Pakistani Family.,2025,Balkan journal of medical genetics : BJMG,0,"""cholesterol""",compound x growth plate; target x growth x geometry,False,0.0
PMC12679099,41355829,10.5312/wjo.v16.i11.110155,Internal diseases and molecular mechanisms causing slipped capital femoral epiphysis in children.,2025,World journal of orthopedics,0,"""FAK""; ""RAC1""; ""RHOA""; ""focal adhesion""; ""primary cilia""",target x growth x geometry,False,0.0
PMC12970192,41487103,10.1002/advs.202522295,CGRP Enhances the Regeneration of Bone Defects by Regulating Bone Marrow Mesenchymal Stem Cells Through Promoting ANGPTL4 Secretion by Bone Blood Vessels.,2026,"Advanced science (Weinheim, Baden-Wurttemberg, Germany)",0,"""FAK""; ""MYH9""",target x growth x geometry,False,0.0
PMC13055096,42032004,10.1038/s44385-026-00071-z,"Silent forces, hidden currents: the influence of static magnetic field stimulation on tumor biophysics.",2026,npj biomedical innovations,0,"""FAK""; ""focal adhesion""; ""microtubule""",target x growth x geometry,False,0.0
PMC12738388,40750730,10.1007/s13105-025-01113-7,Hedgehog signaling pathway is an influential factor on vascular biology: a review.,2025,Journal of physiology and biochemistry,0,"""primary cilia""",target x growth x geometry,False,0.0
PMC11810917,39935787,10.3389/fcell.2024.1511908,BMP9 induces postnatal zonal stratification of immature articular cartilage through reconfiguration of the existing collagen framework.,2024,Frontiers in cell and developmental biology,0,"""primary cilia""",target x growth x geometry,False,0.0
PMC13206301,41834288,10.1002/adhm.71001,"3D Soft Hydrogels Induce Human Mesenchymal Stem Cells ""Deep"" Quiescence.",2026,Advanced healthcare materials,0,"""CDC42""; ""Y27632""; ""blebbistatin""",compound x growth plate; target x growth x geometry,False,0.0
PMC13112927,41834042,10.1186/s13287-026-04918-5,Intervertebral disc progenitor cells: roles in regeneration and disease.,2026,Stem cell research & therapy,0,"""Y27632""; ""amiloride""",compound x growth plate,False,0.0
PMC12548077,41122062,10.1080/07853890.2025.2575109,Research progress on scar-free healing.,2025,Annals of medicine,0,"""ROCK1""; ""ROCK2""; ""Y27632""",compound x growth plate; target x growth x geometry,False,0.0
PMC13204570,42194094,10.3390/biom16050746,Palmitic Acid Alters Longitudinal Bone Growth While Enhancing Matrix Maturation in an Organotypic Bone Model.,2026,Biomolecules,0,"""cholesterol""; ""microtubule""",compound x growth plate; target x growth x geometry,False,0.0
PMC12803787,41535231,10.1093/stcltm/szaf077,The protection of mesenchymal stem cells in metabolic reprogramming and endothelial-mesenchymal transition in diabetic aortas.,2026,Stem cells translational medicine,0,"""ROCK1""; ""fasudil""",compound x growth plate; target x growth x geometry,False,0.0
PMC12574161,41163067,10.1186/s13287-025-04605-x,Chemical direct conversion of human fibroblasts to mesenchymal stem cells that can alleviate inflammation in vivo.,2025,Stem cell research & therapy,0,"""fasudil""",compound x growth plate,False,0.0
PMC10912584,,,Characterizing hedgehog pathway features in senescence associated osteoarthritis through Integrative multi-omics and machine learning analysis,2024,Frontiers in genetics,0,"""fasudil""",compound x growth plate,False,0.0
PMC11332985,39161656,10.1016/j.jot.2024.07.003,Understanding pathophysiology and injury mechanisms is the foundation for invention/innovation and clinical translation in orthopaedics.,2024,Journal of orthopaedic translation,0,"""fasudil""",compound x growth plate,False,0.0
PMC12056312,40337141,10.34133/bmr.0190,Evaluation of Hepatic Progenitor and Hepatocyte-Like Cell Differentiation Using Machine Learning Analysis-Assisted Surface-Enhanced Raman Spectroscopy.,2025,Biomaterials research,0,"""fasudil""",compound x growth plate,False,0.0
PMC13273255,42268882,10.1073/pnas.2524671123,Nf2 orchestrates β-arrestin2-biased PTH1R signaling to couple bone mass with skeletal integrity.,2026,Proceedings of the National Academy of Sciences of the United States of America,0,"""FAK""; ""PIEZO1""; ""focal adhesion""",target x growth x geometry,False,0.0
PMC12924909,41732176,10.1016/j.bonr.2026.101905,Phosphodiesterase inhibitors as emerging therapeutics for skeletal disorders: A comprehensive review of mechanisms and repurposing potential.,2026,Bone reports,0,"""FAK""; ""PIEZO1""; ""focal adhesion""",target x growth x geometry,False,0.0
PMC12996184,41858781,10.3389/fcell.2026.1707176,Angiogenesis in ossification of the posterior longitudinal ligament: progress from mechanism to targeted intervention.,2026,Frontiers in cell and developmental biology,0,"""FAK""",target x growth x geometry,False,0.0
PMC12634604,41278200,10.3389/fcell.2025.1661846,ER-resident proteins are key players in cartilage and bone homeostasis.,2025,Frontiers in cell and developmental biology,0,"""cholesterol""",compound x growth plate; target x growth x geometry,False,0.0
PMC13247446,42272529,10.1016/j.fmre.2024.01.024,Blocking acid-sensing ion channel 1a attenuates bilirubin-induced ototoxicity in cochlear organotypic culture.,2026,Fundamental research,0,"""NKCC1""; ""SLC12A2""; ""amiloride""",compound x growth plate; target x growth x geometry,False,0.0
PMC13264192,42294469,10.1016/j.jot.2026.101144,The emerging role of lactate in skeletal homeostasis and disorders: Integrated mechanisms and translational opportunities.,2026,Journal of orthopaedic translation,0,"""amiloride""",compound x growth plate,False,0.0
PMC12718624,41431547,10.7759/cureus.97459,Exploring the Interplay Between Hypertension and Osteoporosis: A Narrative Review.,2025,Cureus,0,"""amiloride""",compound x growth plate,False,0.0
PMC13290671,42359345,10.3389/fnins.2026.1848764,Do stretch sensors expressed by aortic baroreceptors interact with circulating estradiol to mediate baroreflex sensitivity in hypertension?,2026,Frontiers in neuroscience,0,"""PIEZO1""; ""PIEZO2""; ""TRPV4""; ""amiloride""; ""aquaporin""",compound x growth plate; target x growth x geometry,False,0.0
PMC12728634,41450662,10.1021/jacsau.5c00827,Harnessing Bone-Liver Crosstalk: A Dual-Action LYTAC Approach for Bone-Specific Accumulation and Liver-Specific Protein Degradation in Bone Disorders.,2025,JACS Au,0,"""amiloride""",compound x growth plate,False,0.0
PMC12439152,40963902,10.7150/thno.113974,RIPK3 promotes ASIC1a-mediated fibroblast-like synoviocyte migration and invasion via malate shuttle-driven mitochondrial respiration in rheumatoid arthritis.,2025,Theranostics,0,"""amiloride""",compound x growth plate,False,0.0
PMC12655520,41304793,10.3390/pharmaceutics17111457,Modern Approaches and Emerging Biological Therapies to Treat Fracture Nonunion.,2025,Pharmaceutics,0,"""FAK""",target x growth x geometry,False,0.0
PMC7155545,,,Neonatology,2013,Equine Emergencies,0,"""acetazolamide""",compound x growth plate,False,0.0
PMC13191186,,,E-Posters,2026,Global Spine Journal,0,"""acetazolamide""",compound x growth plate,False,0.0
PMC8551951,,,"20th IUPAB International Congress, 45th SBBf Congress and 50th Annual Meeting of SBBq : Poster Abstracts",2021,Biophysical reviews,0,"""latrunculin""",compound x growth plate,False,0.0
PMC12427661,40941225,10.3390/foods14173109,Egg Yolk Granule Nanoparticles Promote Longitudinal Bone Growth in HFD-Obese Mice.,2025,"Foods (Basel, Switzerland)",0,"""cholesterol""",compound x growth plate; target x growth x geometry,False,0.0
PMC12898619,41683657,10.3390/ijms27031230,Circulating Exosomal MicroRNA Profiles Associated with Heavy Metal Exposure and Short Stature in Children.,2026,International journal of molecular sciences,0,"""FAK""; ""cholesterol""",compound x growth plate; target x growth x geometry,False,0.0
PMC13157389,,,Not only body height: pleiotropic effects of recombinant growth hormone treatment in the pediatric population Nie tylko wysokość ciała: plejotropowe efekty leczenia rekombinowanym hormonem wzrostu w populacji pediatrycznej,2026,"Pediatric endocrinology, diabetes, and metabolism",0,"""cholesterol""",compound x growth plate,False,0.0
PMC12879357,41514221,10.1186/s12864-026-12541-0,Deciphering the cellular basis of heterosis in pigs through single-cell transcriptomics of growth axis-related tissues.,2026,BMC genomics,0,"""cholesterol""; ""focal adhesion""",compound x growth plate; target x growth x geometry,False,0.0
PMC12991266,41838692,10.1371/journal.pone.0343070,Alterations in bone malformation in the absence of the endosomal SNAREs Vti1a and Vti1b.,2026,PloS one,0,"""cholesterol""",compound x growth plate; target x growth x geometry,False,0.0
PMC12690856,41366807,10.1186/s40104-025-01304-8,Unique Sertoli cell adaptations support enhanced spermatogenesis in chickens.,2025,Journal of animal science and biotechnology,0,"""MYH9""",target x growth x geometry,False,0.0
PMC12490021,40963099,10.1021/acsnano.5c05416,"Exosome-Based Therapeutics for Musculoskeletal Disorders: Advances in Engineering, Targeting, and Biomaterial Integration.",2025,ACS nano,0,"""MYH9""",target x growth x geometry,False,0.0
PMC13241940,42256888,10.1016/j.bioactmat.2026.05.050,The mechano-immune-vesicle regulatory circuit: a systems framework for bone homeostasis and regeneration.,2026,Bioactive materials,0,"""FAK""; ""PIEZO1""; ""TRPV4""",target x growth x geometry,False,0.0
PMC12469522,41002510,10.3390/gels11090736,Exploring Mechanotransduction and Inflammation in Human Cartilaginous Endplate Cells in Blended Collagen-Agarose Hydrogels Under Cyclic Compression.,2025,"Gels (Basel, Switzerland)",0,"""FAK""; ""TRPV4""",target x growth x geometry,False,0.0
PMC13116013,41773079,10.1002/advs.202516602,"Developmentally Inspired, Mechanical-Metabolic Dual Gradient Osteochondral Constructs Bridging Regeneration and Therapeutic Screening.",2026,"Advanced science (Weinheim, Baden-Wurttemberg, Germany)",0,"""FAK""",target x growth x geometry,False,0.0
PMC12776226,41510106,10.21037/tcr-2025-1439,Machine learning screening for disulfidptosis genes-associated immunosuppression status in osteosarcoma and rhabdomyosarcoma.,2025,Translational cancer research,0,"""MYH9""",target x growth x geometry,False,0.0
PMC13111428,42036678,10.1111/jcmm.71155,Pathophysiology and Molecular Signalling in Osteoporosis: Linking Risk Factors to Bone Loss.,2026,Journal of cellular and molecular medicine,0,"""FAK""; ""focal adhesion""",target x growth x geometry,False,0.0
PMC12993172,41853702,10.1016/j.bioactmat.2026.03.003,Biomimetic &lt;i&gt;de novo&lt;/i&gt; construction of hierarchically aligned and gradient-mineralized collagen for tendon-bone integrated regeneration.,2026,Bioactive materials,0,"""FAK""",target x growth x geometry,False,0.0
PMC12034236,40291321,10.7759/cureus.81353,A Comprehensive Review of Electrolyte Imbalances and Their Applied Aspects in Dermatology.,2025,Cureus,0,"""amiloride""",compound x growth plate,False,0.0
PMC13034944,41894269,10.1097/md.0000000000048030,Association between craniosynostosis and phospholipid metabolism: Insights from single-cell and transcriptomic analysis.,2026,Medicine,0,"""cholesterol""",compound x growth plate; target x growth x geometry,False,0.0
PMC13096404,41933055,10.1038/s42003-026-09960-w,Exosome-mediated cholesterol flow drives scoliosis progression via promoting the spinal cartilage-bone positive feedback.,2026,Communications biology,0,"""PIEZO1""; ""PIEZO2""; ""cholesterol""; ""lovastatin""",compound x growth plate; target x growth x geometry,False,0.0
PMC13209350,42197234,10.3390/molecules31101679,Dietary Capsiate-Producing Chili Pepper Promotes Somatic and Femoral Growth and Modulates Intestinal Immunometabolic Responses in Mice.,2026,"Molecules (Basel, Switzerland)",0,"""cholesterol""",compound x growth plate; target x growth x geometry,False,0.0
PMC13067072,41664870,10.1002/jsfa.70511,Egg yolk hydrolysate shows moderate impact on osteoporosis in ovariectomized rats.,2026,Journal of the science of food and agriculture,0,"""cholesterol""",compound x growth plate; target x growth x geometry,False,0.0
PMC13057514,41960192,10.3389/fcell.2026.1755990,Frontier research on mechanisms of bone destruction in rheumatoid arthritis.,2026,Frontiers in cell and developmental biology,0,"""amiloride""",compound x growth plate,False,0.0
PMC12754551,41480400,10.4252/wjsc.v17.i12.110564,Impact of differentiation protocols on the functionality of mesenchymal stem cells derived from induced pluripotent stem cells.,2025,World journal of stem cells,0,"""Y27632""",compound x growth plate,False,0.0
PMC11864139,39793577,10.1016/j.stemcr.2024.102388,Capture primed pluripotency in guinea pig.,2025,Stem cell reports,0,"""Y27632""",compound x growth plate,False,0.0
PMC7103907,,,"10th Congress of International Society of Systemic Auto-Inflammatory Diseases (ISSAID) : Genoa, Italy. 31 March - 3 April 2019",2019,Pediatric rheumatology online journal,0,"""acetazolamide""",compound x growth plate,False,0.0
PMC6778823,,,Abstracts from the 51st European Society of Human Genetics Conference: Posters,2019,European journal of human genetics : EJHG,0,"""LIMK1""; ""NHE1""; ""SLC12A2""; ""acetazolamide""",compound x growth plate; target x growth x geometry,False,0.0
PMC7152056,,,Disorders of the Spinal Cord,2008,Handbook of Small Animal Practice,0,"""acetazolamide""",compound x growth plate,False,0.0
PMC10580657,37848930,10.1186/s12969-023-00879-8,Proceedings of the 29th European Paediatric Rheumatology Congress.,2023,Pediatric rheumatology online journal,0,"""acetazolamide""",compound x growth plate,False,0.0
PMC8110691,33975599,10.1186/s12919-021-00213-8,Abstracts from the 4th Annual Student Medical Summit : Virtual. 6 February 2021.,2021,BMC proceedings,0,"""acetazolamide""",compound x growth plate,False,0.0
PMC4913661,,,"Proceedings 28th Symposium ESVN‐ECVN Amsterdam, The Netherlands 18th–19th September 2015",2015,Journal of veterinary internal medicine,0,"""acetazolamide""",compound x growth plate,False,0.0
PMC9771679,,,D,2020,Saunders Comprehensive Veterinary Dictionary,0,"""acetazolamide""",compound x growth plate,False,0.0
PMC12332999,40771103,10.1080/07853890.2025.2541092,The application prospect of microneedles for sports injuries: a narrative review.,2025,Annals of medicine,0,"""acetazolamide""",compound x growth plate,False,0.0
PMC7271203,,,Neonatology*,2008,Equine Emergencies,0,"""acetazolamide""",compound x growth plate,False,0.0
PMC5461530,,,"Proceedings of the 23rd Paediatric Rheumatology European Society Congress: part one : Genoa, Italy. 28 September–01 October 2016",2017,Pediatric rheumatology online journal,0,"""acetazolamide""",compound x growth plate,False,0.0
PMC7186847,,,Emergency Care,2011,Kirk & Bistner's Handbook of Veterinary Procedures and Emergency Treatment,0,"""acetazolamide""",compound x growth plate,False,0.0
PMC7271342,,,Emergency Care,2006,Kirk and Bistner's Handbook of Veterinary Procedures and Emergency Treatment,0,"""acetazolamide""",compound x growth plate,False,0.0
PMC7155603,,,Clinical Chemistry of the Laboratory Mouse,2007,The Mouse in Biomedical Research,0,"""acetazolamide""",compound x growth plate,False,0.0
PMC7086733,,,EAP 2019 Congress and Master Course,2019,European journal of pediatrics,0,"""acetazolamide""",compound x growth plate,False,0.0
PMC7151804,,,Differential Diagnosis,2007,Pediatric Clinical Advisor,0,"""acetazolamide""",compound x growth plate,False,0.0
PMC7592179,,,Proceedings of the 26th European Paediatric Rheumatology Congress: part 2 : Virtual. 23 - 26 September 2020,2020,Pediatric rheumatology online journal,0,"""acetazolamide""",compound x growth plate,False,0.0
PMC13247425,42272979,10.1002/btm2.70119,Human induced pluripotent stem cell-derived mesenchymal stromal cells regenerate diabetic ischemic muscle.,2026,Bioengineering & translational medicine,0,"""MYH9""",target x growth x geometry,False,0.0
PMC12548577,41123190,10.20945/2359-4292-2024-0496,Expression of long noncoding RNAs in peripheral blood mononuclear cells of patients with type 1 diabetes mellitus: potential biomarkers for disease onset.,2025,Archives of endocrinology and metabolism,0,"""MYH9""",target x growth x geometry,False,0.0
PMC12963487,41667847,10.1038/s41598-026-39818-4,Multi-omics identification of key targets for the osteogenic differentiation of human bone marrow mesenchymal stromal cells under oxidative stress.,2026,Scientific reports,0,"""MYH9""",target x growth x geometry,False,0.0
PMC13262751,42299351,10.11613/bm.2026.020709,Factors associated with Gla-rich protein serum concentrations in healthy adults.,2026,Biochemia medica,0,"""cholesterol""",compound x growth plate,False,0.0
PMC12847818,41390678,10.1038/s41419-025-08303-7,Disrupted bone microenvironment and immune recovery following total body irradiation in a murine model.,2025,Cell death & disease,0,"""cholesterol""",compound x growth plate,False,0.0
PMC12736383,41470764,10.3390/nu17243819,Milk Powder Fortified with Folic Acid and Colostrum Basic Protein Promotes Linear Growth and Improves Bone Microarchitecture in Juvenile Mice Without Adverse Metabolic Effects.,2025,Nutrients,0,"""cholesterol""",compound x growth plate,False,0.0
PMC12804867,41390353,10.1038/s41467-025-67199-1,Evaluating transportability of in vitro cellular models to in vivo human phenotypes using gene perturbation data.,2025,Nature communications,0,"""cholesterol""",compound x growth plate; target x growth x geometry,False,0.0
PMC13092545,42002696,10.1007/s00441-026-04066-5,Articular cartilage thickness alterations in hind limb of young and aged PAC1 gene-deficient mice.,2026,Cell and tissue research,0,"""FAK""; ""cholesterol""; ""focal adhesion""",compound x growth plate; target x growth x geometry,False,0.0
PMC12956417,41775281,10.1302/2046-3758.153.bjr-2025-0290.r1,CXCL5 suppresses osteoclastogenesis and protects against lipoteichoic acid-induced bone loss by modulating PLCγ2 and c-Fos signalling in gram-positive periprosthetic joint infection.,2026,Bone & joint research,0,"""FAK""; ""focal adhesion""",target x growth x geometry,False,0.0
PMC13240526,42256527,10.1002/ccs3.70089,Species-specific roles of cellular communication network proteins in cartilage development: A comparative study using in vitro chondrogenic models.,2026,Journal of cell communication and signaling,0,"""FAK""; ""focal adhesion""",target x growth x geometry,False,0.0
PMC13116888,42074007,10.3390/ijms27083363,Immuno-Mechanical Signaling Network Integration in Temporomandibular Joint Pathology: A TMID Conceptual Framework.,2026,International journal of molecular sciences,0,"""FAK""",target x growth x geometry,False,0.0
PMC12717770,41419895,10.1186/s12951-025-03826-9,Hierarchical chirality of bone cement drives osteoinduction via integrin dependent signaling to accelerate critical bone defect regeneration.,2025,Journal of nanobiotechnology,0,"""FAK""; ""focal adhesion""",target x growth x geometry,False,0.0
PMC12952527,41777717,10.1093/rb/rbag007,Magnetic chitosan nanoparticle-exosome hydrogel enhances bladder function in diabetic bladder dysfunction via activating the FAK-p38 MAPK-GATA4 axis in adipose-derived mesenchymal stromal cells.,2026,Regenerative biomaterials,0,"""FAK""",target x growth x geometry,False,0.0
PMC12772513,41490462,10.1302/2046-3758.151.bjr-2025-0164.r1,Cry2 prompts clock oscillation and temporomandibular joint homeostasis under mechanical loading.,2026,Bone & joint research,0,"""ROCK1""; ""ROCK2""; ""Y27632""",compound x growth plate; target x growth x geometry,False,0.0
PMC13364717,42286141,10.1038/s41588-026-02633-8,A progeria syndrome links DNA hypermethylation to age-related pathology.,2026,Nature genetics,0,"""Y27632""; ""cholesterol""",compound x growth plate,False,0.0
PMC12686620,41377691,10.1016/j.jdsr.2025.11.004,Unveiling the dental cellular landscape: A comprehensive review of single-cell RNA sequencing in human dental tissues.,2025,The Japanese dental science review,0,"""MYH9""; ""SLC12A2""",target x growth x geometry,False,0.0
PMC13114338,42041544,10.3390/cells15080676,Endocrine Late Effects of Targeted and Immune-Based Therapies in Pediatric Oncology.,2026,Cells,0,"""cholesterol""",compound x growth plate,False,0.0
PMC9379657,36130541,10.3171/case21587,Camurati-Engelmann disease combined with transethmoidal meningoencephalocele: illustrative case.,2022,Journal of neurosurgery. Case lessons,0,"""acetazolamide""",compound x growth plate,False,0.0
PMC12354629,40821940,10.3389/fphys.2025.1614098,Advances in stem cell-based therapeutics for acute high-altitude illness: research progress and prospects.,2025,Frontiers in physiology,0,"""acetazolamide""",compound x growth plate,False,0.0
PMC12026381,40291381,10.1097/pr9.0000000000001267,"A genome-wide association study identifies novel genetic variants associated with neck or shoulder pain in the UK biobank (N = 430,193).",2025,Pain reports,0,"""acetazolamide""",compound x growth plate,False,0.0
PMC12826306,41560073,10.1097/md.0000000000046357,Diagnosis and treatment of juvenile yellow granuloma in a child: A case report.,2026,Medicine,0,"""cholesterol""",compound x growth plate,False,0.0
PMC12131737,40331725,10.1530/ec-24-0605,Short stature in pre-pubertal children with X-linked hypophosphatemia.,2025,Endocrine connections,0,"""acetazolamide""",compound x growth plate,False,0.0
PMC11942111,40149415,10.3390/genes16030263,Establishment and Molecular Characterization of a Human Stem Cell Line from a Primary Cell Culture Obtained from an Ectopic Calcified Lesion of a Tumoral Calcinosis Patient Carrying a Novel &lt;i&gt;GALNT3&lt;/i&gt; Mutation.,2025,Genes,0,"""acetazolamide""",compound x growth plate,False,0.0
PMC12013165,40222215,10.1016/j.ijscr.2025.111249,"The role of surgical navigation in the endoscopic resection of a rare skull base tumor, case report.",2025,International journal of surgery case reports,0,"""acetazolamide""",compound x growth plate,False,0.0
PMC13279281,42191895,10.1038/s41556-026-01960-6,Epigenetic programming by H3K23ac defines lineage fate of Meg3&lt;sup&gt;+&lt;/sup&gt; haematopoietic stem cells and drives immune ageing.,2026,Nature cell biology,0,"""MYH9""",target x growth x geometry,False,0.0
PMC10741663,38132166,10.3390/cells12242845,Resveratrol's Impact on the Chondrogenic Reagents' Effects in Cell Sheet Cultures of Wharton's Jelly-Derived MSCs.,2023,Cells,0,"""Y27632""",compound x growth plate,False,0.0
PMC12672806,41331115,10.1038/s41467-025-65848-z,Human pluripotent stem cell-derived skin organoids enabled pathophysiological model of Mycobacterium tuberculosis infection.,2025,Nature communications,0,"""Y27632""",compound x growth plate,False,0.0
PMC9612699,35913439,10.5152/tud.2022.22006,Hypercalcemia in Urological Malignancies: A Review.,2022,Turkish journal of urology,0,"""furosemide""",compound x growth plate,False,0.0
PMC7207467,,,MON-345 Hypercalcemia After Placement of Antibiotic-Loaded Calcium Sulfate Beads,2020,Journal of the Endocrine Society,0,"""furosemide""",compound x growth plate,False,0.0
PMC12988950,41832306,10.1186/s43556-026-00429-0,FGF family in health and disease.,2026,Molecular biomedicine,0,"""cadherin""; ""cholesterol""; ""microtubule""",compound x growth plate; target x growth x geometry,False,0.0
PMC12631435,41282298,10.3389/fendo.2025.1691509,Metabolic factors influencing the efficacy of recombinant human growth hormone therapy in children with short stature.,2025,Frontiers in endocrinology,0,"""cholesterol""",compound x growth plate,False,0.0
PMC12859995,41462227,10.1186/s12917-025-05223-8,Early-onset metastatic fibroblastic osteosarcoma of the metatarsus in a young cat: a case report.,2025,BMC veterinary research,0,"""cholesterol""",compound x growth plate; target x growth x geometry,False,0.0
PMC12965202,41798725,10.1093/jbmrpl/ziag024,IGF-1 from bone marrow Adipoq-lineage cells stimulates endocortical bone formation in mature female mice.,2026,JBMR plus,0,"""cholesterol""",compound x growth plate; target x growth x geometry,False,0.0
PMC12325251,40771822,10.3389/fimmu.2025.1595181,"Metrnl/Meteorin-like/IL-41, a novel regulator of bone metabolism and disease activity in ankylosing spondylitis: based on multi-omics analysis.",2025,Frontiers in immunology,0,"""cholesterol""",compound x growth plate; target x growth x geometry,False,0.0
PMC13137598,41877284,10.1186/s13256-026-05903-5,Bilateral healing of pseudofractures in hypophosphatasia with teriparatide: a case report.,2026,Journal of medical case reports,0,"""cholesterol""",compound x growth plate,False,0.0
PMC11720361,39789452,10.1186/s12864-024-11120-5,Mining functional gene modules by multi-view NMF of phenome-genome association.,2025,BMC genomics,0,"""MYH9""",target x growth x geometry,False,0.0
PMC11979253,40206827,10.3389/fbioe.2025.1522303,Non-coding RNA in cartilage regeneration: regulatory mechanism and therapeutic strategies.,2025,Frontiers in bioengineering and biotechnology,0,"""MYH9""",target x growth x geometry,False,0.0
PMC10115539,37091533,10.1155/2023/9067621,Human Infrapatellar Fat Pad Mesenchymal Stem Cell-Derived Extracellular Vesicles Inhibit Fibroblast Proliferation by Regulating <i>MT2A</i> to Reduce Knee Arthrofibrosis.,2023,Stem cells international,0,"""MYH9""",target x growth x geometry,False,0.0
PMC12645556,41091627,10.1113/jp287832,Massive reduction of RyR1 in muscle spindles of mice carrying recessive Ryr1 mutations alters proprioception and causes scoliosis.,2025,The Journal of physiology,0,"""MYH9""",target x growth x geometry,False,0.0
PMC10701331,38077157,10.3748/wjg.v29.i41.5683,First report on establishment and characterization of the extrahepatic cholangiocarcinoma sarcoma cell line CBC2T-2.,2023,World journal of gastroenterology,0,"""MYH9""",target x growth x geometry,False,0.0
PMC12273278,40676599,10.1186/s13023-025-03853-7,Integrating vosoritide therapy with limb surgery in paediatric patients with achondroplasia: real-life experiences.,2025,Orphanet journal of rare diseases,0,"""acetazolamide""",compound x growth plate,False,0.0
PMC11453551,,,7984 A Challenging Case Of Hyperphosphatemic Familial Tumoral Calcinosis,2024,Journal of the Endocrine Society,0,"""acetazolamide""; ""centrosome""",compound x growth plate; target x growth x geometry,False,0.0
PMC12884825,41662706,10.3171/case25775,Sternberg canal defect and intracranial hypertension: a synergistic etiopathology in spontaneous cerebrospinal fluid rhinorrhea. Illustrative case.,2026,Journal of neurosurgery. Case lessons,0,"""acetazolamide""",compound x growth plate,False,0.0
PMC13243722,,,Ophthalmic Vascular Occlusion and Blindness After Platelet‐Rich Plasma Injections: A Systematic Review,2026,Journal of cosmetic dermatology,0,"""acetazolamide""",compound x growth plate,False,0.0
PMC13188296,41965687,10.1186/s12906-026-05365-8,Carpoxylon macrospermum leaf extract and its phenolic compounds: a multi-targeted therapeutic remedy for Alzheimer's disease.,2026,BMC complementary medicine and therapies,0,"""acetazolamide""",compound x growth plate,False,0.0
PMC7123269,,,Hydrocephalus in Animals,2019,Pediatric Hydrocephalus,0,"""acetazolamide""",compound x growth plate,False,0.0
PMC11846511,,,Programmed Cell Death in Rheumatoid Arthritis,2025,Journal of inflammation research,0,"""acetazolamide""",compound x growth plate,False,0.0
PMC12473031,41011581,10.3390/molecules30183688,Multi-Target Pharmacological Effects of Asiatic Acid: Advances in Structural Modification and Novel Drug Delivery Systems.,2025,"Molecules (Basel, Switzerland)",0,"""acetazolamide""",compound x growth plate,False,0.0
PMC12891205,41684521,10.3389/fphar.2025.1670032,"Wedelolactone, a natural coumestan with multiple pharmacological effects.",2025,Frontiers in pharmacology,0,"""furosemide""",compound x growth plate,False,0.0
PMC7208055,,,MON-352 When Osteoporosis Does Not Make Sense: Tumor-Induced Osteomalacia,2020,Journal of the Endocrine Society,0,"""furosemide""",compound x growth plate,False,0.0
PMC8654068,34925973,10.7759/cureus.19359,The Role of Cardiovascular Surgery in the Management of a Patient Diagnosed With Congenital Cutis Laxa Syndrome Complicated by Multivalvular Heart Disease.,2021,Cureus,0,"""furosemide""",compound x growth plate,False,0.0
PMC12677041,41339276,10.1080/07853890.2025.2596548,Tuned by time: the role of circadian rhythms in metabolic energy sensing and chronotherapy.,2025,Annals of medicine,0,"""furosemide""",compound x growth plate,False,0.0
PMC13115974,42074253,10.3390/ijms27083616,"Molecular and Genetic Determinants of Nephrocalcinosis: Mechanisms, Genotype-Phenotype Correlations, and Precision Medicine.",2026,International journal of molecular sciences,0,"""furosemide""; ""planar cell polarity""; ""primary cilia""",compound x growth plate; target x growth x geometry,False,0.0
PMC12897805,41683579,10.3390/ijms27031144,"The Importance of Biochemical Screenings in the Diagnosis of Hypophosphatasia: Applications, Methodologies, and Challenges.",2026,International journal of molecular sciences,0,"""acetazolamide""; ""furosemide""",compound x growth plate,False,0.0
PMC11776489,39756861,10.1507/endocrj.ej20241105,Celebrating the 100<sup>th</sup> anniversary of the Japan Endocrine Society: reflecting on my 50 years of hormone research.,2025,Endocrine journal,0,"""furosemide""",compound x growth plate,False,0.0
PMC11330574,39156382,10.7759/cureus.64891,"The Intra-Articular Combination of Fentanyl, Dexamethasone, Clonidine, Ropivacaine, and Dextrose to Treat Pain Due to Knee Osteoarthritis: A Case Report.",2024,Cureus,0,"""furosemide""",compound x growth plate,False,0.0
PMC12965821,41802024,10.1161/circulationaha.125.072393,Calcific Aortopathy in Response to Aging and Injury.,2026,Circulation,0,"""cholesterol""; ""planar cell polarity""",target x growth x geometry,False,0.0
PMC12387033,40869407,10.3390/ijms26168088,"The β-1,4 GalT-V Interactome-Potential Therapeutic Targets and a Network of Pathways Driving Cancer and Cardiovascular and Inflammatory Diseases.",2025,International journal of molecular sciences,0,"""NHE1""; ""SLC9A1""; ""planar cell polarity""",target x growth x geometry,False,0.0
PMC11204151,,,"Repeated Infusions of Bone-Marrow-Derived Mesenchymal Stem Cells over 8 Weeks for Steroid-Refractory Chronic Graft-versus-Host Disease: A Prospective, Phase I/II Clinical Study",2024,International journal of molecular sciences,0,"""belumosudil""",compound x growth plate,False,0.0
PMC12838692,41595670,10.3390/biomedicines14010136,"Advances in Fetal Repair of Spina Bifida Integrating Prenatal Surgery, Stem Cells, and Biomaterials.",2026,Biomedicines,0,"""focal adhesion""; ""planar cell polarity""",target x growth x geometry,False,0.0
PMC11455030,,,12478 A Pilot Evaluation Of Automated Morphometry Performance On Vertebral Fracture Assessment (vfa) And Its Impact On Interpretation,2024,Journal of the Endocrine Society,0,"""furosemide""",compound x growth plate,False,0.0
PMC12963784,41800148,10.1002/jmd2.70075,Alkaline Phosphatase and Infantile GM1 Gangliosidosis: A Simple Biomarker for a Complex Disease?,2026,JIMD reports,0,"""furosemide""",compound x growth plate,False,0.0
PMC11388785,39263145,10.1016/j.heliyon.2024.e36681,Current insights and future directions of LncRNA Morrbid in disease pathogenesis.,2024,Heliyon,0,"""ROCK2""",target x growth x geometry,False,0.0
PMC7829723,33553401,10.12998/wjcc.v9.i3.632,Dynamic biomechanical effect of lower body positive pressure treadmill training for hemiplegic gait rehabilitation after stroke: A case report.,2021,World journal of clinical cases,0,"""furosemide""",compound x growth plate,False,0.0
PMC10350763,37465424,10.1177/20552173231186512,A case series in individuals with multiple sclerosis using direct current electrical stimulation to inhibit spasticity and improve functional outcomes.,2023,"Multiple sclerosis journal - experimental, translational and clinical",0,"""furosemide""",compound x growth plate,False,0.0
PMC12507618,41079182,10.3389/fendo.2025.1642051,Diagnostic and therapeutic pitfalls in the management of pediatric patients with 3β-hydroxysteroid dehydrogenase type 2 (3β-HSD2) deficiency - a single center experience.,2025,Frontiers in endocrinology,0,"""furosemide""",compound x growth plate,False,0.0
PMC12330194,40770818,10.1186/s13287-025-04496-y,Emodin-Enhanced hUC-MSC extracellular vesicles alleviate acute pancreatitis by targeting inflammation and pyroptosis.,2025,Stem cell research & therapy,0,"""Y27632""",compound x growth plate,False,0.0
PMC13087965,42004262,10.1021/acsnanoscienceau.5c00163,Ultrasound-Generated Nanoscale Mechanical Stimulation to Regulate Stem Cell Differentiation.,2026,ACS nanoscience Au,0,"""RAC1""; ""RHOA""; ""Y27632""; ""blebbistatin""",compound x growth plate; target x growth x geometry,False,0.0
PMC12164017,40521435,10.1016/j.btre.2025.e00900,"Scale-down optimization of a robust, parallelizable human induced pluripotent stem cell bioprocess for high-throughput research.",2025,"Biotechnology reports (Amsterdam, Netherlands)",0,"""Y27632""",compound x growth plate,False,0.0
PMC12204078,40585989,10.7150/thno.111198,FAK signaling suppression by OCT4-ITGA6 mediates the effectively removal of residual pluripotent stem cells and enhances application safety.,2025,Theranostics,0,"""Y27632""",compound x growth plate,False,0.0
PMC13266828,42306687,10.21037/jtd-2026-1-0037,Progress on the mechanism of Piezo1 in mechanical ventilation-induced lung injury.,2026,Journal of thoracic disease,0,"""GsMTx4""; ""PIEZO1""; ""RHOA""; ""ROCK1""; ""Y27632""; ""Yoda1""; ""blebbistatin""; ""cadherin""; ""fasudil""",compound x growth plate; target x growth x geometry,False,0.0
PMC12865622,41640696,10.1016/j.jcot.2026.103340,The role of genetics and molecular mechanisms in early onset scoliosis.,2026,Journal of clinical orthopaedics and trauma,0,"""TRPV4""; ""microtubule""; ""planar cell polarity""",target x growth x geometry,False,0.0
PMC13005576,41868040,10.2147/ijwh.s576980,The Clinical Utility of Whole-Exome Sequencing in the Prenatal Diagnosis of Fetal Skeletal Dysplasia.,2026,International journal of women's health,0,"""acetazolamide""",compound x growth plate,False,0.0
PMC11103445,,,Abstracts of the ECTS 2024 Congress,2024,JBMR plus,0,"""furosemide""",compound x growth plate,False,0.0
PMC11298690,39104442,10.1210/jcemcr/luae144,SIADH as a Rare Complication of Foramen Magnum Stenosis in an Infant With Achondroplasia.,2024,JCEM case reports,0,"""furosemide""",compound x growth plate,False,0.0
PMC12599732,41204616,10.1097/md.0000000000046330,Expression of Concern: Study Protocols.,2025,Medicine,0,"""furosemide""",compound x growth plate,False,0.0
PMC11760197,39866922,10.1002/jha2.1093,A Complex Presentation of Multiple Myeloma With Renal Complications in a Young Female: Diagnostic Challenges and Treatment Approach.,2025,EJHaem,0,"""furosemide""",compound x growth plate,False,0.0
PMC7207525,,,"SUN-182 Rare Case of Adrenocortical Carcinoma with Tumor Extension into the Inferior Venacava, Right Atrium and Right Ventricle",2020,Journal of the Endocrine Society,0,"""furosemide""",compound x growth plate,False,0.0
PMC12531457,,,2025 ACVIM Forum Research Abstract Program,2025,Journal of veterinary internal medicine,0,"""furosemide""",compound x growth plate,False,0.0
PMC12516451,41089634,10.47176/mjiri.39.91,The Application of Magnetic Particles for Cell Targeting in Preclinical Animal Models: A Systematic Review.,2025,Medical journal of the Islamic Republic of Iran,0,"""furosemide""",compound x growth plate,False,0.0
PMC13236570,42237902,10.1042/bcj20250137,Non-canonical and constitutive activation of small GTPases: more than an exception to the rule?,2026,The Biochemical journal,0,"""CDC42""; ""RAC1""; ""RHOA""; ""ROCK2""; ""cadherin""; ""cholesterol""; ""planar cell polarity""",target x growth x geometry,False,0.0
PMC12394368,40676165,10.1007/s00247-025-06316-0,Costochondral junction variations in children younger than 2 years.,2025,Pediatric radiology,0,"""furosemide""",compound x growth plate,False,0.0
PMC12865700,41640829,10.70352/scrj.cr.25-0719,Ventricular Septal Perforation Associated with Takotsubo Syndrome and Its Pathogenic Mechanisms.,2026,Surgical case reports,0,"""furosemide""",compound x growth plate,False,0.0
PMC12504001,41064600,10.1155/crie/2254609,Severe Phenotype of De Novo TSHR Activating Pathogenic Variants.,2025,Case reports in endocrinology,0,"""furosemide""",compound x growth plate,False,0.0
PMC11196210,38885190,10.12659/ajcr.942872,Bartter Syndrome Presenting as Arginine-Vasopressin Resistance: A Report of 2 Cases.,2024,The American journal of case reports,0,"""furosemide""",compound x growth plate,False,0.0
PMC11408177,39296888,10.3389/fmed.2024.1399397,Case series report: use of vibroacoustic pulmonary therapy in patients with thoracic trauma complicated by acute respiratory failure.,2024,Frontiers in medicine,0,"""furosemide""",compound x growth plate,False,0.0
PMC13133653,42079869,10.3389/fchem.2026.1817443,Application and translational research of magnesium in nursing care of orthopedic diseases: from mechanism to clinical translation.,2026,Frontiers in chemistry,0,"""furosemide""",compound x growth plate,False,0.0
PMC13076915,41987916,10.1002/jmd2.70088,Teriparatide in Two Patients With Mucopolysaccharidosis Type IVB.,2026,JIMD reports,0,"""furosemide""",compound x growth plate,False,0.0
PMC11200479,,,The Role of Biophysical Factors in Organ Development: Insights from Current Organoid Models,2024,"Bioengineering (Basel, Switzerland)",0,"""planar cell polarity""",target x growth x geometry,False,0.0
PMC12839096,41594638,10.3390/biom16010098,FTO-Eci1 Axis Mediates Exercise-Induced Cardioprotection in Pressure Overload Mice.,2026,Biomolecules,0,"""planar cell polarity""",target x growth x geometry,False,0.0
PMC11718808,39796676,10.3390/cancers17010047,"Evaluation of LRP6, SFRP3, and DVL1 Protein Concentrations in Serum of Patients with Gastroenteropancreatic or Bronchopulmonary Neuroendocrine Tumors.",2024,Cancers,0,"""planar cell polarity""",target x growth x geometry,False,0.0
PMC13199572,42178457,10.1186/s43556-026-00477-6,Neointimal hyperplasia and vascular restenosis: from molecular mechanisms to therapeutic interventions.,2026,Molecular biomedicine,0,"""ROCK1""",target x growth x geometry,False,0.0
PMC12940780,,,"Characterization, Preconditioning, Safety, and Other Issues of MSC-Derived EVs and Secretome",2026,International journal of molecular sciences,0,"""ROCK1""",target x growth x geometry,False,0.0
PMC12613061,41246212,10.1016/j.jmccpl.2025.100487,YAP/TAZ deletion in vascular smooth muscle cells mirrors atherosclerosis-associated transcriptional programs.,2025,Journal of molecular and cellular cardiology plus,0,"""ROCK1""",target x growth x geometry,False,0.0
PMC12844774,41599653,10.3390/ph19010052,Analysis of Research Progress on the Chemical Constituents and Pharmacological Activities of Er-Shiwei Roudoukou Wan.,2025,"Pharmaceuticals (Basel, Switzerland)",0,"""ROCK1""",target x growth x geometry,False,0.0
PMC12757485,41389677,10.1016/j.identj.2025.109317,Neural Orchestration of Mandibular Development.,2026,International dental journal,0,"""RAC1""; ""ROCK2""",target x growth x geometry,False,0.0
PMC12924347,41593678,10.1186/s13075-026-03754-5,Cyclovirobuxine D attenuates collagen-induced arthritis by inhibiting PI3K/AKT pathway and macrophage polarization.,2026,Arthritis research & therapy,0,"""cofilin""",target x growth x geometry,False,0.0
PMC10506415,,,AnnexinA6: a potential therapeutic target gene for extracellular matrix mineralization,2023,Frontiers in cell and developmental biology,0,"""cofilin""",target x growth x geometry,False,0.0
PMC13008200,41861196,10.1097/md.0000000000048105,Mitochondrial dysfunction and programmed cell death in Alzheimer's disease: A retrospective bioinformatics study.,2026,Medicine,0,"""cofilin""",target x growth x geometry,False,0.0
PMC12784828,41514823,10.3390/ani16010136,Weighted Single-Step Genome-Wide Association Study Identifies Candidate Genes for Carcass Traits and Primal Cut Yields in Hanwoo Cattle.,2026,Animals : an open access journal from MDPI,0,"""cofilin""",target x growth x geometry,False,0.0
PMC12650246,41301756,10.3390/biomedicines13112663,Beyond ER Stress: The Pleiotropic Roles of XBP1 in Development and Regeneration.,2025,Biomedicines,0,"""cofilin""",target x growth x geometry,False,0.0
PMC12532169,41111604,10.15420/ecr.2025.34,Proregenerative MicroRNAs to Repair the Damaged Heart.,2025,European cardiology,0,"""cofilin""",target x growth x geometry,False,0.0
PMC13241941,42256891,10.1016/j.bioactmat.2026.05.046,BMP-7 mRNA delivered by Fibrin-CaP scaffolds activates osteogenic programs in vivo as evidenced by transcriptomic and proteomic analyses.,2026,Bioactive materials,0,"""cofilin""",target x growth x geometry,False,0.0
PMC12881898,41636248,10.1530/eor-2025-0147,Current advances of bone homeostasis imbalance in the cause of hereditary metabolic bone diseases.,2026,EFORT open reviews,0,"""planar cell polarity""",target x growth x geometry,False,0.0
PMC9706283,36457597,10.7759/cureus.30861,Toe Acrometastasis as an Initial Sign of Metastasis in a Patient With a Large Cell Lung Carcinoma.,2022,Cureus,0,"""furosemide""",compound x growth plate,False,0.0
PMC12859254,41623290,10.1016/j.xkme.2025.101218,"Malignancy-Associated Hypercalcemia and Kidney Disease: Facts, Controversies, and Management.",2026,Kidney medicine,0,"""furosemide""",compound x growth plate,False,0.0
PMC11352457,39199661,10.3390/cancers16162891,Effects of Selective and Nonselective Beta Blockers on Bone Mineral Density in Mexican Patients with Breast Cancer.,2024,Cancers,0,"""furosemide""",compound x growth plate,False,0.0
PMC11065124,38706513,10.26502/fjhs.170,Surface Chemistry of Gold Nanoparticles Modulates Cytokines and Nanomechanical Properties in Pancreatic Cancer Cell Lines: A Correlative Study.,2024,Fortune journal of health sciences,0,"""cytochalasin D""",compound x growth plate,False,0.0
PMC12994121,40995872,10.1002/dvdy.70082,Pathogenesis and potential therapeutic targets of trichorhinophalangeal syndrome; lessons obtained from animal studies.,2026,Developmental dynamics : an official publication of the American Association of Anatomists,0,"""planar cell polarity""",target x growth x geometry,False,0.0
PMC13071021,41982331,10.3389/fbioe.2026.1773841,Intra-articular delivery of Si-Vangl2 limits cartilage degeneration in an osteoarthritis rat model.,2026,Frontiers in bioengineering and biotechnology,0,"""planar cell polarity""",target x growth x geometry,False,0.0
PMC12300478,40732317,10.3390/ph18071029,The Cellular and Mitochondrial Consequences of Mevalonate Pathway Inhibition by Nitrogen-Containing Bisphosphonates: A Narrative Review.,2025,"Pharmaceuticals (Basel, Switzerland)",0,"""cofilin""",target x growth x geometry,False,0.0
PMC13126398,42065041,10.32604/or.2026.076157,AI-Guided Discovery of Oncogenic Signaling Crosstalk in Tumor Progression and Drug Resistance.,2026,Oncology research,0,"""cofilin""",target x growth x geometry,False,0.0
PMC13199816,42199508,10.1016/j.bbrep.2026.102635,"O-GlcNAcylation: A bridge for regulating the function of the ""heart-kidney-bone axis"".",2026,Biochemistry and biophysics reports,0,"""ROCK2""",target x growth x geometry,False,0.0
PMC13050470,41943840,10.7150/ijbs.129449,Cellular and Molecular Neuro-Bone Cell Interactions Drive Alveolar Bone Remodeling During Orthodontic Mechanical Loading.,2026,International journal of biological sciences,0,"""PIEZO2""; ""ROCK2""",target x growth x geometry,False,0.0
PMC12785554,41516201,10.3390/ijms27010325,Multifaceted Roles of IL-26 in Physiological and Pathological Conditions.,2025,International journal of molecular sciences,0,"""cytochalasin D""",compound x growth plate,False,0.0
PMC12829578,41576171,10.1126/sciadv.ady1292,Oxidation-activated nanotherapy boosts tumor immunity and disrupts tumor-nerve crosstalk to combat bone metastases and cancer pain.,2026,Science advances,0,"""cytochalasin D""",compound x growth plate,False,0.0
PMC13043943,41920440,10.1186/s43556-026-00437-0,Chaperonin in health and disease.,2026,Molecular biomedicine,0,"""cytochalasin D""; ""latrunculin""; ""simvastatin""",compound x growth plate,False,0.0
PMC13059366,41772645,10.1186/s12967-026-07932-6,Cyclic tensile loading regulates nucleus pulposus cell autophagy through mitochondrial dynamics: molecular mechanisms and implications.,2026,Journal of translational medicine,0,"""cytochalasin D""",compound x growth plate,False,0.0
PMC12717955,41424455,10.2147/ijn.s545353,Advancing Nanomedicine: For Bone Defect Repair and Regeneration.,2025,International journal of nanomedicine,0,"""microtubule""",target x growth x geometry,False,0.0
PMC12897768,41683570,10.3390/ijms27031140,Potential Link Between a Disruptive &lt;i&gt;CAPN6&lt;/i&gt; Variant and Neurodevelopmental Disorders.,2026,International journal of molecular sciences,0,"""microtubule""",target x growth x geometry,False,0.0
PMC13286399,42332483,10.1097/md.0000000000049269,Bezafibrate-associated rhabdomyolysis in a patient with diabetic kidney disease: A case report and successful transition to tafolecimab.,2026,Medicine,0,"""cholesterol""",compound x growth plate,False,0.0
PMC13297176,,,The Gut-Bone Axis and Skeletal Health: Regulatory Mechanisms and Therapeutic Applications of Plant-Derived Bioactive Compounds,2026,Biomolecules,0,"""cholesterol""",compound x growth plate,False,0.0
PMC12712321,41427121,10.1177/1759720x251398430,From advanced imaging to molecular insights: the state of the art in omics for axial spondyloarthritis.,2025,Therapeutic advances in musculoskeletal disease,0,"""ROCK2""",target x growth x geometry,False,0.0
PMC12963063,41798918,10.3389/fimmu.2026.1696120,Mitochondrial-targeted therapy for osteoarthritis: Challenges and opportunities from basic research to clinical translation.,2026,Frontiers in immunology,0,"""ROCK2""",target x growth x geometry,False,0.0
PMC12723191,41445977,10.1155/bmri/2356842,The Role of miR-138 in Cardiovascular Diseases.,2025,BioMed research international,0,"""LIMK1""; ""MYH9""; ""ROCK2""",target x growth x geometry,False,0.0
PMC13067619,41782032,10.1186/s12974-026-03749-8,Spatiotemporal dynamics of brain pericytes in ischemic stroke.,2026,Journal of neuroinflammation,0,"""ROCK2""",target x growth x geometry,False,0.0
PMC12730483,41463300,10.3390/biom15121643,Emerging Role of Calycosin in Inflammatory Diseases: Molecular Mechanisms and Potential Therapeutic Applications.,2025,Biomolecules,0,"""ROCK2""",target x growth x geometry,False,0.0
PMC12741935,41451871,10.1002/alz.71033,PAK1 inhibitor NVS-PAK1-1 preserves dendritic spines in amyloid/tau exposed neurons and 5xFAD mice.,2025,Alzheimer's & dementia : the journal of the Alzheimer's Association,0,"""LIMK1""; ""ROCK2""; ""cofilin""",target x growth x geometry,False,0.0
PMC13206373,41841400,10.1002/adhm.202503591,"The Floor-Ceiling-Chip, or 2 × 2D = Pseudo-3D-Approaching 3D Cell Morphology and Organization between Two Opposing 2D Substrates with Cell-Adhesive Protein Micropatterns.",2026,Advanced healthcare materials,0,"""focal adhesion""",target x growth x geometry,False,0.0
PMC13259007,42280411,10.3390/nu18111768,Study of the Mechanism of Action of Deer Bone Water Extract Fermented by &lt;i&gt;Lactobacillus reuteri&lt;/i&gt; on Rheumatoid Arthritis-Induced Osteoporosis.,2026,Nutrients,0,"""focal adhesion""",target x growth x geometry,False,0.0
PMC13176541,41766211,10.1002/adhm.202504865,"A Modular Bioinstructive Platform Reveals Mechanistic Insights into Additive-Free, Topography-Driven Osteogenesis.",2026,Advanced healthcare materials,0,"""PIEZO2""; ""cholesterol""; ""focal adhesion""; ""microtubule""",target x growth x geometry,False,0.0
PMC13194955,41904167,10.1038/s41467-026-71246-w,Cartilage targeting hydrogel nanoplatform degrades BRD4 to alleviate osteoarthritis via Nav1.7 axis.,2026,Nature communications,0,"""cytochalasin D""",compound x growth plate,False,0.0
PMC13292056,42358836,10.32604/or.2026.077723,Emerging Nanocarrier Strategies for Optimized Drug Delivery in the Treatment of Primary Bone Cancer.,2026,Oncology research,0,"""cholesterol""",compound x growth plate,False,0.0
PMC12109971,40699694,10.3390/cimb47050295,Liposomes as Imaging Agents of Inflammation and Oxidative Stress in Bone Implants.,2025,Current issues in molecular biology,0,"""cholesterol""",compound x growth plate,False,0.0
PMC12155976,40507601,10.3390/jcm14113840,Evaluation of Epigenetic Age Acceleration in Growth Hormone (GH)-Deficient Children After 6 Months of Recombinant Human GH Replacement Therapy: Anti-Ageing GH vs. Pro-Ageing Insulin-like Growth Factor 1 (IGF-1)?,2025,Journal of clinical medicine,0,"""cholesterol""",compound x growth plate,False,0.0
PMC13165107,42124029,10.3390/nu18091428,"Effects of 25-Hydroxyvitamin D&lt;sub&gt;3&lt;/sub&gt; Combined with Phytase and Probiotic on Calcium-Phosphorus Metabolism, Bone Development, and Growth Performance in Weaned Piglets.",2026,Nutrients,0,"""cholesterol""",compound x growth plate; target x growth x geometry,False,0.0
PMC12945759,41767373,10.3389/fendo.2026.1672914,Case Report: Developmental-like skeletal deformities and transient osteosclerosis as rare presentations of primary hyperparathyroidism.,2026,Frontiers in endocrinology,0,"""furosemide""",compound x growth plate,False,0.0
PMC12146277,40492264,10.3389/fped.2025.1590183,Case Report: Clinical management of a severe DBA patient with a novel RPS19 mutation.,2025,Frontiers in pediatrics,0,"""furosemide""",compound x growth plate,False,0.0
PMC11837871,39974245,10.7759/cureus.77708,Balancing the Treatment of Kaposi Sarcoma and Bullous Pemphigoid: A Therapeutic Challenge in a 63-Year-Old Male.,2025,Cureus,0,"""furosemide""",compound x growth plate,False,0.0
PMC10472535,,,"Emerging structural and pathological analyses on the erectile organ, corpus cavernous containing sinusoids",2023,Reproductive medicine and biology,0,"""ROCK2""",target x growth x geometry,False,0.0
PMC12579884,41185709,10.2147/dddt.s547141,Luteolin's Potential in Managing Osteoporosis and Bone Metabolism Disorders: Preclinical Insights.,2025,"Drug design, development and therapy",0,"""planar cell polarity""",target x growth x geometry,False,0.0
PMC12956100,41774747,10.1371/journal.pone.0343836,Integrating sequence-based GWAS and comparative genomic analysis reveals conservation and species-specificity of putative functional variants influencing tail length and tail abnormalities in pigs and sheep.,2026,PloS one,0,"""PIEZO2""; ""planar cell polarity""",target x growth x geometry,False,0.0
PMC13066729,41970229,10.1002/mco2.70727,"Osteoarthritis: Epidemiology, Pathogenesis, and Treatment.",2026,MedComm,0,"""planar cell polarity""",target x growth x geometry,False,0.0
PMC12789575,41353408,10.1038/s41467-025-67035-6,Anti-swelling and self-activating artificial proteoglycan assemblies as cartilaginous implant for post-microfracture healing.,2025,Nature communications,0,"""cofilin""",target x growth x geometry,False,0.0
PMC13164455,42123650,10.3390/ijms27094074,Mulibrey Nanism: Clinical Spectrum and Molecular Pathogenesis.,2026,International journal of molecular sciences,0,"""centrosome""; ""microtubule""",target x growth x geometry,False,0.0
PMC13187541,42169959,10.1016/j.jot.2026.101113,Talin1 loss activates DRG neurons to accelerate bone remodeling and fracture healing in mice.,2026,Journal of orthopaedic translation,0,"""focal adhesion""",target x growth x geometry,False,0.0
PMC13018096,41175291,10.1007/s40618-025-02733-y,Role of Notch signaling in corticalization.,2026,Journal of endocrinological investigation,0,"""focal adhesion""",target x growth x geometry,False,0.0
PMC13225535,42216392,10.1097/md.0000000000047870,THE molecular mechanisms underlying synovial fibroblast differentiation in knee osteoarthritis revealed by single-cell transcriptome sequencing.,2026,Medicine,0,"""focal adhesion""",target x growth x geometry,False,0.0
PMC13219239,42000969,10.1007/s10565-026-10193-0,Single-cell transcriptome profiling reveals the heterogeneity of ossification of the posterior longitudinal ligament (OPLL) and its immune microenvironment.,2026,Cell biology and toxicology,0,"""focal adhesion""",target x growth x geometry,False,0.0
PMC13269806,42297796,10.1038/s41413-026-00531-7,"Murine model of high bone mass osteogenesis imperfecta exhibits bone matrix hyper-mineralization, misaligned mineral crystals, and altered osteoblast differentiation.",2026,Bone research,0,"""focal adhesion""",target x growth x geometry,False,0.0
PMC13054839,41953753,10.1002/jex2.70127,Beyond miRNA Cargo Profiles: Anti-Inflammatory Roles of Extracellular Vesicle-Enriched miRNAs Derived From Human Intervertebral Disc Cells Unveiled by Functional Testing.,2026,Journal of extracellular biology,0,"""focal adhesion""",target x growth x geometry,False,0.0
PMC12651378,41296404,10.3390/cimb47110900,Long-Term Liver-Targeted AAV8 Gene Therapy for Mucopolysaccharidosis IVA.,2025,Current issues in molecular biology,0,"""chondrocyte column""",target x growth x geometry,False,0.0
PMC13265705,42306199,10.1016/j.aninu.2025.12.015,Organic manganese as a functional micronutrient: Promoting metabolic health and sustainable growth in &lt;i&gt;Litopenaeus vannamei&lt;/i&gt;.,2026,Animal nutrition (Zhongguo xu mu shou yi xue hui),0,"""cholesterol""",compound x growth plate; target x growth x geometry,False,0.0
PMC13003115,41857315,10.1186/s43556-026-00434-3,"The JMJD family histone demethylases: structure, mechanism of action, diseases and therapeutic targets.",2026,Molecular biomedicine,0,"""ROCK1""; ""ROCK2""",target x growth x geometry,False,0.0
PMC13167554,42136645,10.3389/fimmu.2026.1820504,Unlocking the potential of engineered exosomes for knee osteoarthritis therapy.,2026,Frontiers in immunology,0,"""ROCK1""",target x growth x geometry,False,0.0
PMC12241854,40641662,10.1093/ehjimp/qyaf057,Estimation of toe brachial index based on forefoot Doppler waveforms.,2025,European heart journal. Imaging methods and practice,0,"""cholesterol""",compound x growth plate,False,0.0
PMC12755895,41480250,10.1159/000549650,Dual-Genetic Etiology in an Atypical Dent Disease Phenotype Which Combines Features of Focal Segmental Glomerulosclerosis and Ellis-Van Creveld-Like Syndrome: A Case Report.,2026,Case reports in nephrology and dialysis,0,"""cholesterol""",compound x growth plate,False,0.0
PMC12671413,41327887,10.1080/07853890.2025.2594352,Targeting the JAK/STAT pathway in palmoplantar pustulosis: a review.,2025,Annals of medicine,0,"""cholesterol""",compound x growth plate,False,0.0
PMC12381294,40858686,10.1038/s41598-025-05735-1,Real-time visualization and modulation of endocytic dynamics in osteocytes in vivo.,2025,Scientific reports,0,"""cholesterol""",compound x growth plate,False,0.0
PMC13056891,41960167,10.34172/bi.30303,Synergistic effects of phytochemical cocktail and aerobic exercise on mRNA and lncRNA networks modulating bone turnover in hypothyroid mice.,2026,BioImpacts : BI,0,"""cholesterol""",compound x growth plate; target x growth x geometry,False,0.0
PMC13106144,42038001,10.3389/fphys.2026.1792752,Exosomes in osteoporosis: regulatory mechanisms and clinical applications.,2026,Frontiers in physiology,0,"""ROCK1""",target x growth x geometry,False,0.0
PMC13178724,42138202,10.3892/ijmm.2026.5854,"Pharmacological activity, molecular mechanisms and therapeutic potential of erianin (Review).",2026,International journal of molecular medicine,0,"""ROCK1""; ""ROCK2""",target x growth x geometry,False,0.0
PMC12484806,41028821,10.1038/s41598-025-11573-y,"Integrated proteome, phospho-proteome and malonyl-proteome revealed a molecular alteration of breast cancer.",2025,Scientific reports,0,"""ROCK1""; ""ROCK2""; ""centrosome""",target x growth x geometry,False,0.0
PMC12615416,41246007,10.3389/fcvm.2025.1659847,Functional analysis of &lt;i&gt;TWIST1&lt;/i&gt; domains regulating smooth muscle cell phenotype.,2025,Frontiers in cardiovascular medicine,0,"""ROCK1""",target x growth x geometry,False,0.0
PMC12842366,41596660,10.3390/ijms27021015,Research Progress on the Regulatory Effect of Curcumin on Mesenchymal Stem Cells.,2026,International journal of molecular sciences,0,"""ROCK1""",target x growth x geometry,False,0.0
PMC12702059,41399695,10.1016/j.mbm.2025.100162,Mechanobiology of intervertebral disc degeneration: From pathological mechanisms to therapeutic approaches.,2025,Mechanobiology in medicine,0,"""ROCK1""",target x growth x geometry,False,0.0
PMC13185783,42164998,10.1016/j.bioactmat.2026.04.035,Hit the bull's eye: Engineered extracellular vesicles for targeted therapy.,2026,Bioactive materials,0,"""LIMK1""; ""ROCK1""",target x growth x geometry,False,0.0
PMC12525286,41097093,10.3390/ijms26199822,Brain-Bone Axis in Physiological and Pathological Conditions.,2025,International journal of molecular sciences,0,"""ROCK1""; ""ROCK2""",target x growth x geometry,False,0.0
PMC12986144,,,Degradation of the Molecular Basis of Life During the Aging Process,2026,International journal of molecular sciences,0,"""microtubule""",target x growth x geometry,False,0.0
PMC11720453,39795874,10.3390/ijms26010016,Loss of CHOP Prevents Joint Degeneration and Pain in a Mouse Model of Pseudoachondroplasia.,2024,International journal of molecular sciences,0,"""microtubule""",target x growth x geometry,False,0.0
PMC12623868,41249206,10.1038/s41526-025-00535-3,A biological and ethical assessment of whether humans could or should reproduce in space.,2025,NPJ microgravity,0,"""microtubule""",target x growth x geometry,False,0.0
PMC12874452,41660583,10.1016/j.bonr.2025.101895,The effect of spaceflight on tissues of the spinal column.,2026,Bone reports,0,"""microtubule""",target x growth x geometry,False,0.0
PMC12730290,41463570,10.3390/biology14121797,Comparative Transcriptome Sequencing Analysis Revealed Key Pathways and Hub Genes Related to Gill Raker Development in Silver Carp (&lt;i&gt;Hypophthalmichthys molitrix&lt;/i&gt;).,2025,Biology,0,"""focal adhesion""",target x growth x geometry,False,0.0
PMC12913206,41716516,10.34172/bi.32628,Cell-imprinted substrates as biomimetic platforms for osteoarthritis modeling with mesenchymal stem cells.,2025,BioImpacts : BI,0,"""microtubule""",target x growth x geometry,False,0.0
PMC12326205,40765402,10.1302/2046-3758.148.bjr-2024-0484.r1,Paclitaxel-mediated microtubule stabilization regulates flexor tendon repair in rats.,2025,Bone & joint research,0,"""microtubule""",target x growth x geometry,False,0.0
PMC13255931,42278032,10.3390/ani16111597,Genome-Wide Association Study Reveals Genetic Loci Associated with Body Measurement Traits in Yanqi Horses.,2026,Animals : an open access journal from MDPI,0,"""microtubule""",target x growth x geometry,False,0.0
PMC12874333,41660125,10.1016/j.mtbio.2026.102846,Harnessing polysaccharide-mediated biomineralization for advanced bone tissue engineering.,2026,Materials today. Bio,0,"""simvastatin""",compound x growth plate,False,0.0
PMC10915952,,,Crosstalk between Wnt and bone morphogenetic protein signaling during osteogenic differentiation,2024,World journal of stem cells,0,"""nobiletin""; ""planar cell polarity""; ""simvastatin""",compound x growth plate; target x growth x geometry,False,0.0
PMC11558254,39540057,10.1016/j.bonr.2024.101790,Combination treatment with whole body vibration and simvastatin improves the early osseointegration in aged rats.,2024,Bone reports,0,"""simvastatin""",compound x growth plate,False,0.0
PMC12491642,41049910,10.7759/cureus.91486,Statins in Orthodontics: Pharmacological Modulation of Relapse and Tooth Movement.,2025,Cureus,0,"""lovastatin""; ""simvastatin""",compound x growth plate,False,0.0
PMC12401252,40901174,10.1097/ms9.0000000000003581,The local application of a 1% simvastatin gel improves bone regeneration in osteoporotic mandibular defects: a rat model study.,2025,Annals of medicine and surgery (2012),0,"""simvastatin""",compound x growth plate,False,0.0
PMC12651957,41302318,10.3390/healthcare13222930,Association Between Common Systemic Medications and the Presence and Severity of Furcation Involvement: A Cross-Sectional Study.,2025,"Healthcare (Basel, Switzerland)",0,"""lovastatin""; ""simvastatin""",compound x growth plate,False,0.0
PMC12501483,41064021,10.34172/japid.025.3478,Histologic evaluation of topical simvastatin effects on extraction sockets: A randomized controlled clinical trial.,2025,Journal of advanced periodontology & implant dentistry,0,"""simvastatin""",compound x growth plate,False,0.0
PMC13255522,42274279,10.1155/bmri/6652338,Exosomes From Adipose-Derived Mesenchymal Stem Cells: A New Prospective Therapy of Diabetic Foot Ulcer.,2026,BioMed research international,0,"""ROCK1""",target x growth x geometry,False,0.0
PMC12896350,41549299,10.1186/s12933-025-03074-z,Independent association of leg-height ratio with 15 cardiometabolic diseases.,2026,Cardiovascular diabetology,0,"""cholesterol""",compound x growth plate,False,0.0
PMC13202777,41981557,10.1186/s12917-026-05456-1,Idiopathic mediastinal chyloma in a cat: a case report of a novel manifestation of chyle leakage.,2026,BMC veterinary research,0,"""cholesterol""",compound x growth plate,False,0.0
PMC13049614,41938370,10.1016/j.jot.2026.101071,Silencing SFRP1 in bone mesenchymal stem cells alleviates pediatric B-ALL-driven bone loss by activating Wnt/β-catenin signaling.,2026,Journal of orthopaedic translation,0,"""cholesterol""",compound x growth plate; target x growth x geometry,False,0.0
PMC12993135,41853462,10.1016/j.xjidi.2026.100459,An updated guide to hair follicle stem cell markers and changes in their expression with aging.,2026,JID innovations : skin science from molecules to population health,0,"""ROCK1""",target x growth x geometry,False,0.0
PMC13189907,42181689,10.3389/fcell.2026.1821763,"Adipose-derived mesenchymal stromal cell-microenvironment interaction network in metabolic syndrome: ADMSC injury response, adaptive regulation, and regenerative potential.",2026,Frontiers in cell and developmental biology,0,"""ROCK1""",target x growth x geometry,False,0.0
PMC12937741,41750335,10.3390/biom16020265,Chromatin Remodeling in VSMC Phenotype Switching During Vascular Remodeling: From Mechanism to Therapeutic Potential.,2026,Biomolecules,0,"""ROCK1""; ""ROCK2""",target x growth x geometry,False,0.0
PMC10999211,38586815,10.2147/ott.s471180,TNFα Promotes Glioblastoma A172 Cell Mitochondrial Apoptosis via Augmenting Mitochondrial Fission and Repression of MAPK-ERK-YAP Signaling Pathways [Retraction].,2024,OncoTargets and therapy,0,"""ROCK1""",target x growth x geometry,False,0.0
PMC13226756,42223526,10.1007/s44445-026-00187-3,Comparative efficacy of chitosan and calcium carbonate-based scaffolds for bone regeneration in preclinical in vivo models: a systematic review.,2026,The Saudi dental journal,0,"""simvastatin""",compound x growth plate,False,0.0
PMC12641937,41283571,10.3390/arm93060051,A Unified Map of Airway Interactions: Secretome and Mechanotransduction Loops from Development to Disease.,2025,Advances in respiratory medicine,0,"""TRPV4""; ""osmotic swelling""",target x growth x geometry,False,0.0
PMC13163926,42123487,10.3390/ijms27093902,TRP-Dependent Calcium Regulation in HCEC-12 Cells: Involvement of Ascorbic Acid and Cannabinoid Receptor Signaling.,2026,International journal of molecular sciences,0,"""TRPV4""",target x growth x geometry,False,0.0
PMC13152689,42097749,10.14245/ns.2551582.791,Agonist-Induced Activation of Transient Receptor Potential Vanilloid 4 Promotes Autophagy and Extracellular Matrix Synthesis in the Rat Intervertebral Disc.,2026,Neurospine,0,"""GSK1016790A""; ""TRPV4""",compound x growth plate; target x growth x geometry,False,0.0
PMC12506548,41069380,10.1016/j.ocarto.2025.100680,Development of an iPSC-based screening platform identifying enhancers of chondrogenesis.,2025,Osteoarthritis and cartilage open,0,"""GSK1016790A""",compound x growth plate,False,0.0
PMC12785372,41511340,10.3390/cells15010056,Integration of cAMP and TRPV4 Signaling to Optimize Collagen Remodeling for Management of Fibrosis.,2025,Cells,0,"""CDC42""; ""GSK1016790A""; ""RAC1""; ""ROCK1""; ""TRPV4""; ""focal adhesion""; ""non-muscle myosin II""",compound x growth plate; target x growth x geometry,False,0.0
PMC12552676,41136389,10.1038/s41413-025-00446-9,The relationship between OPLL and metabolic disorders.,2025,Bone research,0,"""cholesterol""",compound x growth plate; target x growth x geometry,False,0.0
PMC13021791,41907290,10.3389/fmed.2026.1751127,Subchondral H-type blood vessel formation aggravates articular cartilage degeneration through LEP-LEPR axis.,2026,Frontiers in medicine,0,"""cholesterol""",compound x growth plate; target x growth x geometry,False,0.0
PMC12474160,41012738,10.3390/vetsci12090813,Computed Tomographic Findings in Dogs with Presumed Metaphyseal Osteopathy.,2025,Veterinary sciences,0,"""cholesterol""",compound x growth plate; target x growth x geometry,False,0.0
PMC12444494,40979537,10.1016/j.xnsj.2025.100776,"Rib construct for severe spinal deformity in young children: a 3-part investigation of biomechanical, animal, and clinical case data.",2025,North American Spine Society journal,0,"""chondrocyte column""",target x growth x geometry,False,0.0
PMC12877068,41644508,10.1038/s41413-025-00475-4,Sulfated chitosan mitigates acute lung injury induced bone loss via immunoregulation.,2026,Bone research,0,"""cytochalasin D""",compound x growth plate,False,0.0
PMC12895040,41535308,10.1038/s41526-025-00556-y,Effects of microgravity mechanotransduction in bone tissue and cells: systematic review on primary cilium-dependent mechanisms.,2026,NPJ microgravity,0,"""FAK""; ""HC-067047""; ""PIEZO1""; ""PIEZO2""; ""TRPV4""; ""cytochalasin D""; ""focal adhesion""; ""microtubule""; ""planar cell polarity""; ""primary cilia""",compound x growth plate; target x growth x geometry,False,0.0
PMC13167862,42120747,10.1007/s10544-026-00817-x,Focused ultrasound for cellular mechanoactivation and nanomedicine delivery in cancer.,2026,Biomedical microdevices,0,"""TRPV4""",target x growth x geometry,False,0.0
PMC13151742,42032797,10.1002/jbm.b.70082,Alveolar Bone Regeneration: Smart Biomaterials and Physical Stimulation.,2026,"Journal of biomedical materials research. Part B, Applied biomaterials",0,"""TRPV4""",target x growth x geometry,False,0.0
PMC12925079,41732177,10.1016/j.bonr.2026.101903,Effects of high-dose methotrexate on bone metabolism: A narrative literature review.,2026,Bone reports,0,"""chondrocyte column""",target x growth x geometry,False,0.0
PMC12400334,40900855,10.5662/wjm.v15.i4.102401,Challenges and solutions in the treatment of spinal disorders in patients with skeletal dysplasia: A comprehensive review.,2025,World journal of methodology,0,"""TRPV4""",target x growth x geometry,False,0.0
PMC12853377,41625330,10.3389/fphar.2025.1711074,Role of transient receptor potential (TRP) channels in osteoarthritis: a comprehensive review.,2025,Frontiers in pharmacology,0,"""TRPV4""",target x growth x geometry,False,0.0
PMC12852076,41623942,10.12336/bmt.24.00069,An exploration into the principles and theoretical progress of fracture treatment based on the mechanism of fracture healing.,2025,Biomaterials translational,0,"""GsMTx4""; ""primary cilia""",compound x growth plate; target x growth x geometry,False,0.0
PMC12892883,41574606,10.1172/jci.insight.182439,Small molecule inhibition rescues the skeletal dysplasia phenotype of Trpv4 mutant mice.,2026,JCI insight,0,"""GSK1016790A""; ""TRPV4""; ""chondrocyte column""",compound x growth plate; target x growth x geometry,False,0.0
PMC12833107,41569001,10.1177/00368504251409837,Activation of TRPV4 to drive pyroptosis-dependent orthodontic tooth remodeling.,2026,Science progress,0,"""GSK1016790A""; ""TRPV4""",compound x growth plate; target x growth x geometry,False,0.0
PMC13185896,41787915,10.1002/advs.202520157,A Photothermal Transducer Regulates Transmembrane Calcium Flow for Synergistic Osteoarthritis Therapy.,2026,"Advanced science (Weinheim, Baden-Wurttemberg, Germany)",0,"""GSK1016790A""; ""TRPV4""",compound x growth plate; target x growth x geometry,False,0.0
PMC12613735,41225599,10.1186/s13023-025-04070-y,"A novel TRPV4 variant in spondylometaphyseal dysplasia, kozlowski type reveals a previously unreported loss-of-function mechanism.",2025,Orphanet journal of rare diseases,0,"""GSK1016790A""",compound x growth plate,False,0.0
PMC12627330,41268215,10.34133/research.0976,HOXC10 Protects from Skin Aging by Targeting the FZD6/Wnt/β-Catenin Signaling Pathway.,2025,"Research (Washington, D.C.)",0,"""simvastatin""",compound x growth plate,False,0.0
PMC13284594,42316445,10.11005/jbm.25.975,Polypharmacy and Bone Health in Patients with Type 2 Diabetes Mellitus: A Narrative Review.,2026,Journal of bone metabolism,0,"""simvastatin""",compound x growth plate,False,0.0
PMC13028568,41893212,10.3390/jfb17030156,Heparin-Based Biomaterials for Sustained Release of Growth Factors for Bone Tissue Engineering and Regeneration.,2026,Journal of functional biomaterials,0,"""simvastatin""",compound x growth plate,False,0.0
PMC12659620,41310724,10.1186/s12917-025-05040-z,Decoding the DNA of Anatolian water buffalo by genome-wide discoveries for body size and ultrasound carcass traits.,2025,BMC veterinary research,0,"""centrosome""",target x growth x geometry,False,0.0
PMC10315222,,,Multiple roles of ALK3 in osteoarthritis : a narrative review,2023,Bone & joint research,0,"""chondrocyte column""",target x growth x geometry,False,0.0
PMC10712895,38019884,10.1371/journal.pcbi.1011658,Contributions of cell behavior to geometric order in embryonic cartilage.,2023,PLoS computational biology,0,"""chondrocyte column""",target x growth x geometry,False,0.0
PMC13137701,42082961,10.1186/s12929-026-01247-w,Role of external forces in the mechanobiology of stem and differentiated chondrogenic cells embedded in a tissue-engineered construct for cartilage repair.,2026,Journal of biomedical science,0,"""CDC42""; ""FAK""; ""RAC1""; ""RHOA""; ""ROCK1""; ""ROCK2""; ""Y27632""; ""cadherin""; ""chondrocyte column""; ""cofilin""; ""cytochalasin D""; ""focal adhesion""; ""microtubule""; ""non-muscle myosin II""; ""osmotic swelling""; ""primary cilia""",compound x growth plate; target x growth x geometry,False,0.0
PMC13272753,41997929,10.1038/s41467-026-72064-w,Aberrant laminin signaling drives melanocyte dedifferentiation and unveils a tractable therapeutic target in vitiligo.,2026,Nature communications,0,"""CDC42""; ""cytochalasin D""",compound x growth plate; target x growth x geometry,False,0.0
PMC12206318,40584014,10.1016/j.jot.2025.04.003,Tackling musculoskeletal disorders in an aging world: Advances in orthopaedic translational research.,2025,Journal of orthopaedic translation,0,"""GsMTx4""",compound x growth plate,False,0.0
PMC13233466,42256713,10.3389/fbioe.2026.1844904,"Immunoengineering in the field of tendon and bone regeneration: immunomodulatory biomaterials, delivery platforms, and preclinical models for chronic diseases.",2026,Frontiers in bioengineering and biotechnology,0,"""GsMTx4""; ""PIEZO1""",compound x growth plate; target x growth x geometry,False,0.0
PMC12946040,41769000,10.3389/fcell.2026.1679466,"Etiology, diagnosis and treatment of lumbar disc degeneration: a focus on the mechanism of action of Piezo1 and research perspectives.",2026,Frontiers in cell and developmental biology,0,"""GsMTx4""; ""PIEZO1""; ""PIEZO2""; ""TRPV4""",compound x growth plate; target x growth x geometry,False,0.0
PMC12701528,41388826,10.1096/fj.202503192r,Maternal Exercise Rescues Fetal Akinesia-Impaired Joint and Bone Development.,2025,FASEB journal : official publication of the Federation of American Societies for Experimental Biology,0,"""TRPV4""",target x growth x geometry,False,0.0
PMC12896641,41677662,10.3390/cells15030299,Emerging Role of TRP Channels in Osteoarthritis Pathogenesis.,2026,Cells,0,"""TRPV4""",target x growth x geometry,False,0.0
PMC12014046,40258774,10.1097/md.0000000000042034,Long-term follow-up of metatropic dysplasia caused by novel mutations in the TRPV4 gene: Case report and literature review.,2025,Medicine,0,"""TRPV4""",target x growth x geometry,False,0.0
PMC12915146,41678339,10.1016/j.xpro.2026.104365,Protocol to study the contribution of biomechanics in osteoarthritis development using a cartilage-on-chip model.,2026,STAR protocols,0,"""TRPV4""",target x growth x geometry,False,0.0
PMC13214541,42211730,10.1016/j.jot.2026.101134,Role of collagen VI and IX in mechanotransduction in the cartilage microenvironments: A multiscale in silico examination.,2026,Journal of orthopaedic translation,0,"""TRPV4""",target x growth x geometry,False,0.0
PMC12918173,41727271,10.1016/j.bioactmat.2026.01.025,&lt;i&gt;In vitro&lt;/i&gt; phenotypically stable cartilage regeneration with mechanically adaptable microenvironment using a hydrostatic pressure bioreactor.,2026,Bioactive materials,0,"""TRPV4""",target x growth x geometry,False,0.0
PMC12746707,41378467,10.1242/bio.062308,Compound inheritance of EHHADH and MASP1 mutations contributes to nonsyndromic cleft lip: familial analysis and zebrafish models.,2025,Biology open,0,"""chondrocyte column""",target x growth x geometry,False,0.0
PMC13021378,41907222,10.2147/jir.s576712,Exploring Centrosome Amplification-Associated Biomarkers in Osteoarthritis Through Bioinformatics and Experimental Approaches.,2026,Journal of inflammation research,0,"""centrosome""",target x growth x geometry,False,0.0
PMC13106168,42040773,10.3389/fbioe.2026.1784567,"Stem cell-derived extracellular vesicles -mediated bone regeneration: mechanisms, targeted delivery, and clinical perspectives in promoting angiogenesis.",2026,Frontiers in bioengineering and biotechnology,0,"""ROCK1""",target x growth x geometry,False,0.0
PMC12998583,41858571,10.2147/ijn.s569552,Greening Bone Healing: The Emerging Role of Plant-Derived Exosome-Like Nanoparticles in Osteoporosis and Osteoarthritis Therapy.,2026,International journal of nanomedicine,0,"""ROCK1""",target x growth x geometry,False,0.0
PMC7104448,32030671,10.1007/s43032-019-00138-w,Vision 20/20 for the Second Leap of Reproductive Sciences.,2020,"Reproductive sciences (Thousand Oaks, Calif.)",0,"""GSK1016790A""",compound x growth plate,False,0.0
PMC12250307,40650223,10.3390/ijms26136448,Mesenchymal Stem Cell-Derived Extracellular Vesicles: Seeking into Cell-Free Therapies for Bone-Affected Lysosomal Storage Disorders.,2025,International journal of molecular sciences,0,"""CDC42""; ""FAK""; ""RHOA""; ""ROCK1""",target x growth x geometry,False,0.0
PMC12864780,41571880,10.1038/s41598-025-34597-w,Signaling network exploration of microRNA140-5p in response to TMJ-OA pathological changes.,2026,Scientific reports,0,"""ROCK1""",target x growth x geometry,False,0.0
PMC10590958,37876479,10.1016/j.heliyon.2023.e21008,Pressure stress delays cyclooxygenase-2 expression induced by interleukin-1β in cultured human pulmonary artery smooth muscle cells.,2023,Heliyon,0,"""GSK1016790A""",compound x growth plate,False,0.0
PMC12785924,41516037,10.3390/ijms27010160,Understanding Fascial Tissue on the Molecular Level-How Its Unique Properties Enable Adaptation or Dysfunction.,2025,International journal of molecular sciences,0,"""TRPV4""",target x growth x geometry,False,0.0
PMC12264857,40512481,10.1021/acsbiomaterials.5c00500,Mechanical Stimulation of Equine Bone Marrow Mesenchymal Stromal Cell-Derived Cartilage-Like In Vitro Model Triggers Osteoarthritis Features.,2025,ACS biomaterials science & engineering,0,"""TRPV4""",target x growth x geometry,False,0.0
PMC7100642,2017263,,"German Society for Pharmacology and Toxicology. Abstracts of the 32nd spring meeting, 12-15 March 1991, Mainz.",1991,Naunyn-Schmiedeberg's archives of pharmacology,0,"""bumetanide""",compound x growth plate,False,0.0
PMC7100645,8183379,,"German Society for Experimental and Clinical Pharmacology and Toxicology, 35th spring meeting. Mainz, Germany, 15-17 March 1994. Abstracts.",1994,Naunyn-Schmiedeberg's archives of pharmacology,0,"""EIPA""; ""bumetanide""",compound x growth plate,False,0.0
PMC7101713,,,"Abstract of the 68th Meeting (Spring Meeting) 6–9 March 1990, Heidelberg",1990,Pflugers Archiv : European journal of physiology,0,"""bumetanide""",compound x growth plate,False,0.0
PMC7103197,2320401,,"Deutsche Physiologische Gesellschaft. Abstracts of the 68th meeting (spring meeting). 6-9 March 1990, Heidelberg.",1990,Pflugers Archiv : European journal of physiology,0,"""bumetanide""",compound x growth plate,False,0.0
PMC12112700,40429963,10.3390/ijms26104822,Opposing Calcium-Dependent Effects of GsMTx4 in Acute Lymphoblastic Leukemia: In Vitro Proliferation vs. In Vivo Survival Advantage.,2025,International journal of molecular sciences,0,"""GsMTx4""",compound x growth plate,False,0.0
PMC3476937,,,20th European Students' Conference. Promising medical scientists willing to look beyond,2009,European journal of medical research,0,"""NKCC1""; ""bumetanide""",compound x growth plate; target x growth x geometry,False,0.0
PMC7101932,,,Scientific Programme,2007,"Pediatric nephrology (Berlin, Germany)",0,"""bumetanide""",compound x growth plate,False,0.0
PMC7100739,1549183,,"German Society for Pharmacology and Toxicology, 33rd spring meeting. 10-12 March 1992, Mainz. Abstracts.",1992,Naunyn-Schmiedeberg's archives of pharmacology,0,"""bumetanide""",compound x growth plate,False,0.0
PMC12465366,41013639,10.1186/s13287-025-04658-y,Single-cell RNA sequencing of endometrium uncovers dynamic characteristics and dysregulation of perivascular CD9&lt;sup&gt;+&lt;/sup&gt;SUSD2&lt;sup&gt;+&lt;/sup&gt; cells in thin endometrium.,2025,Stem cell research & therapy,0,"""centrosome""",target x growth x geometry,False,0.0
PMC12584978,41194821,10.7759/cureus.93878,Targeting Angiogenesis and Visual Cycle in Age-Related Macular Degeneration: The Role of Stem Cells and Vinpocetine.,2025,Cureus,0,"""centrosome""",target x growth x geometry,False,0.0
PMC12292168,40723308,10.3390/biology14070746,Effect of Androgens on Human Fascia.,2025,Biology,0,"""centrosome""",target x growth x geometry,False,0.0
PMC12417883,40932934,10.3389/fcell.2025.1643141,The potential of mitochondrial transfer as the modifying therapy for osteoarthritis.,2025,Frontiers in cell and developmental biology,0,"""centrosome""",target x growth x geometry,False,0.0
PMC13260458,42276983,10.1038/s41413-026-00540-6,Novel therapeutic strategies for osteoarthritis: from mechanistic insights to precision medicine.,2026,Bone research,0,"""simvastatin""",compound x growth plate,False,0.0
PMC13027046,41898426,10.3390/ijms27062562,Unlocking the Potential Use of Berry Anthocyanins as Pharmaceutical Excipients and Nanocarriers: Evidence from the Last Decades.,2026,International journal of molecular sciences,0,"""simvastatin""",compound x growth plate,False,0.0
PMC7100727,8479548,,"German Society of Pharmacology and Toxicology, 34th spring meeting. Mainz, 16-18 March 1993. Abstracts.",1993,Naunyn-Schmiedeberg's archives of pharmacology,0,"""bumetanide""",compound x growth plate,False,0.0
PMC7100638,3821944,,"Deutsche Gesellschaft für Pharmakologie und Toxikologie. Abstracts, 28th spring meeting. March 10-13, 1987, Mainz.",1987,Naunyn-Schmiedeberg's archives of pharmacology,0,"""bumetanide""",compound x growth plate,False,0.0
PMC13246970,42258076,10.1186/s40510-026-00625-2,"From force to resorption: mechanotransduction, osteoclasts, prevention.",2026,Progress in orthodontics,0,"""GsMTx4""; ""PIEZO2""",compound x growth plate; target x growth x geometry,False,0.0
PMC11892564,40071071,10.17691/stm2025.17.1.11,Spheroids from Epithelial and Mesenchymal Cell Phenotypes as Building Blocks in Bioprinting (Review).,2025,Sovremennye tekhnologii v meditsine,0,"""cytochalasin D""; ""nocodazole""",compound x growth plate,False,0.0
PMC13232475,42244989,10.7150/thno.130647,Inhibition of SRC prevents bone metastasis of breast cancer by blocking metastatic cell motility and bone directionality.,2026,Theranostics,0,"""FAK""; ""cytochalasin D""; ""focal adhesion""",compound x growth plate; target x growth x geometry,False,0.0
PMC12972744,41816316,10.1016/j.bioactmat.2026.02.028,Artificial mitochondria ameliorates osteoarthritis through restoring cellular energy metabolism homeostasis.,2026,Bioactive materials,0,"""cytochalasin D""",compound x growth plate,False,0.0
PMC12193845,40560872,10.1371/journal.pone.0325997,"The Wnt pathway induces a naïve-like subpopulation in primed stem cells, while NME7AB leads to a homogeneous naïve-like population.",2025,PloS one,0,"""Y-27632""",compound x growth plate,False,0.0
PMC12955373,41533514,10.1016/j.celrep.2025.116829,Fibroblast-derived alarmin promotes oral wound healing by activating regulatory T cells that relay pro-angiogenic and anti-inflammatory responses.,2026,Cell reports,0,"""Y-27632""",compound x growth plate,False,0.0
PMC11607434,39613845,10.1038/s41598-024-81061-2,Identification of novel nutrient sensitive human yolk sac functions required for embryogenesis.,2024,Scientific reports,0,"""centrosome""",target x growth x geometry,False,0.0
PMC12730343,41463303,10.3390/biom15121646,Progesterone and IL-6 Expression Are Modulated by Follicular Fluid in Granulosa Cell Cultures.,2025,Biomolecules,0,"""centrosome""",target x growth x geometry,False,0.0
PMC9205280,,,Abstracts from the 2022 Annual Meeting of the Society of General Internal Medicine,2022,Journal of general internal medicine,0,"""acetazolamide""; ""bumetanide""",compound x growth plate,False,0.0
PMC13268765,42306226,10.1210/jendso/bvag114,Inhibiting hepatocytes MAGL alleviates osteoporosis caused by high-fat diet-induced liver fibrosis in male mice.,2026,Journal of the Endocrine Society,0,"""cholesterol""",compound x growth plate; target x growth x geometry,False,0.0
PMC13243514,42031733,10.1038/s41419-026-08788-w,RHBDL2 drives lipid metabolic reprogramming in osteosarcoma via USP3-mediated deubiquitination of PPT1.,2026,Cell death & disease,0,"""cadherin""; ""cholesterol""",compound x growth plate; target x growth x geometry,False,0.0
PMC7166704,,,ACVIM Forum Abstracts,2007,Journal of veterinary internal medicine,0,"""HPCD""",compound x growth plate,False,0.0
PMC13148083,42083480,10.1080/07853890.2026.2665524,Insulin like growth factor - insulin like growth factor binding protein family in osteoporosis: mechanistic and clinical insights.,2026,Annals of medicine,0,"""simvastatin""",compound x growth plate,False,0.0
PMC13295842,42370196,10.7150/thno.131071,Mechano-immune interactions in musculoskeletal aging: Mechanisms and translational perspectives.,2026,Theranostics,0,"""FAK""; ""GsMTx4""; ""MYH9""; ""PIEZO1""; ""TRPV4""",compound x growth plate; target x growth x geometry,False,0.0
PMC12277405,40685394,10.1038/s41598-025-11203-7,The impact of childhood obesity on different fracture sites.,2025,Scientific reports,0,"""cholesterol""",compound x growth plate,False,0.0
PMC13123509,42058628,10.1016/j.bioactmat.2026.03.017,Mechanically sensitized hydrogel microspheres trigger membrane receptor switch for cartilage repair.,2026,Bioactive materials,0,"""CDC42""; ""FAK""; ""GsMTx4""; ""PIEZO1""; ""RAC1""",compound x growth plate; target x growth x geometry,False,0.0
PMC13231978,42244997,10.7150/thno.129987,Converging chemistry and clinical orthopedics in the emerging role of MOFs in advanced bone defect repair.,2026,Theranostics,0,"""simvastatin""",compound x growth plate,False,0.0
PMC12894106,41694852,10.7759/cureus.101379,Skin Blood Flowmotion in Various Disease States: A Scoping Review.,2026,Cureus,0,"""simvastatin""",compound x growth plate,False,0.0
PMC12987057,,,From Design to Application: Advanced Cellulose Scaffolds for Engineered Tissue Regeneration,2026,Polymers,0,"""simvastatin""",compound x growth plate,False,0.0
PMC12683166,41368285,10.2147/ijn.s557453,Emerging Role of Enzyme-Immobilized Nanocarriers in Osteoporosis: Advances and Challenges.,2025,International journal of nanomedicine,0,"""simvastatin""",compound x growth plate,False,0.0
PMC12877181,41526639,10.1038/s41598-026-35663-7,Pravastatin combined with fibrin sealant-embedded BMSCs enhances recovery in steroid-induced avascular necrosis of the femoral head.,2026,Scientific reports,0,"""simvastatin""",compound x growth plate,False,0.0
PMC12285875,40703583,10.2147/jmdh.s526091,Impact of Medications for Stable Angina Pectoris on Osteoporosis: A Review of Current Evidence.,2025,Journal of multidisciplinary healthcare,0,"""lovastatin""; ""simvastatin""",compound x growth plate,False,0.0
PMC13031503,41896521,10.1038/s41413-026-00513-9,Spectrum and functions of ion channels and transporters in osteoclasts.,2026,Bone research,0,"""NHE1""; ""NKCC1""; ""PIEZO2""; ""RN-1734""; ""SLC12A2""; ""SLC9A1""; ""TRPV4""",compound x growth plate; target x growth x geometry,False,0.0
PMC12611365,41235031,10.4084/mjhid.2025.073,The role of SLC22A4 in Acute Myeloid Leukaemia.,2025,Mediterranean journal of hematology and infectious diseases,0,"""simvastatin""",compound x growth plate,False,0.0
PMC13247538,42260994,10.1111/cbdd.70337,Multi-Omics Integration Reveals Incomplete Reactivation of Developmental Cell-Cycle Programs in Adult Human Infarcted Hearts.,2026,Chemical biology & drug design,0,"""Y-27632""",compound x growth plate,False,0.0
PMC12938901,,,Calcineurin Homologous Protein 2 Acts as a Conditional Modulator of Migration and Proliferation in Human Bone Sarcoma Cells,2026,Cancers,0,"""NHE1""; ""cariporide""",compound x growth plate; target x growth x geometry,False,0.0
PMC7096057,17915339,,"Abstracts of the 7th World Congress on Trauma, Shock, Inflammation and Sepsis (TSIS), March 13-17, 2007, Munich, Germany.",2007,Inflammation research : official journal of the European Histamine Research Society ... [et al.],0,"""cariporide""",compound x growth plate,False,0.0
PMC12537083,41189191,10.1097/md.0000000000045328,The causal relationship between antihypertensive drugs and knee osteoarthritis: A drug target Mendelian randomization study.,2025,Medicine,0,"""NKCC1""; ""SLC12A2""; ""bumetanide""",compound x growth plate; target x growth x geometry,False,0.0
PMC12827922,41562261,10.1177/09636897251409473,Research progress and application prospect of engineered small extracellular vesicles.,2026,Cell transplantation,0,"""simvastatin""",compound x growth plate,False,0.0
PMC12602262,41230223,10.1002/jsp2.70135,Lovastatin-Loaded Nanoparticles in a Thermosensitive Chitosan Hydrogel as a Sustained Release System for Treating Intervertebral Disc Degeneration: In Vitro Cell Culture Study and In Vivo Evaluation Using a Needle-Puncture Induced Degeneration Model ,2025,JOR spine,0,"""lovastatin""; ""simvastatin""",compound x growth plate,False,0.0
PMC13295509,42340534,10.1186/s41205-026-00330-0,Enhancing bioactivity of 3D-printed porous scaffolds with self-assembling peptide hydrogels for cartilage tissue engineering.,2026,3D printing in medicine,0,"""simvastatin""",compound x growth plate,False,0.0
PMC13101390,41832427,10.1186/s12876-026-04726-4,Integrated analysis of metabolic gene features and the immune microenvironment: identification of DPYD-mediated prognostic model and therapeutic targets in pancreatic cancer.,2026,BMC gastroenterology,0,"""simvastatin""",compound x growth plate,False,0.0
PMC13214295,42211120,10.1016/j.isci.2026.116033,Andrographolide attenuates microglial senescence in Alzheimer's disease mice by suppressing the STAT3 signaling.,2026,iScience,0,"""centrosome""; ""cholesterol""",target x growth x geometry,False,0.0
PMC13268920,42312210,10.3389/fendo.2026.1799396,Bone health in asthma: a twofold effect of disease and pharmacotherapy.,2026,Frontiers in endocrinology,0,"""PIEZO1""",target x growth x geometry,False,0.0
PMC13073872,41977500,10.3390/ijms27073324,&lt;i&gt;Gli1&lt;sup&gt;+&lt;/sup&gt;&lt;/i&gt; Cells Exhibit Clonogenicity and Slow-Cycling Features at the Temporomandibular Joint (TMJ) Enthesis-Condyle Interface.,2026,International journal of molecular sciences,0,"""PIEZO1""",target x growth x geometry,False,0.0
PMC13069096,41781581,10.1038/s41598-026-42343-z,Increased angiogenesis-osteogenesis coupling in the endplate at early stages of intervertebral disc degeneration.,2026,Scientific reports,0,"""PIEZO1""",target x growth x geometry,False,0.0
PMC12915206,41486887,10.1002/advs.202513418,CircTspan3 Promotes Cartilage Development Through ANNEXIN A2-Mediated Ferroptosis and Apoptosis Inhibition and Exosome-Mediated Paracrine Signaling.,2026,"Advanced science (Weinheim, Baden-Wurttemberg, Germany)",0,"""PIEZO1""",target x growth x geometry,False,0.0
PMC12936693,41769380,10.1016/j.mtbio.2026.102888,The &lt;i&gt;dilemma&lt;/i&gt; of cancer biomechanics assessment: Living soft matter from a rheological perspective.,2026,Materials today. Bio,0,"""cytochalasin D""; ""microtubule""; ""nocodazole""",compound x growth plate; target x growth x geometry,False,0.0
PMC12391257,40893374,10.1016/j.mtbio.2025.102181,CGRP-releasing PLGA/nHA/GO composite microspheres enhance distraction osteogenesis via activation of the cAMP/PKA/CREB pathway.,2025,Materials today. Bio,0,"""centrosome""",target x growth x geometry,False,0.0
PMC10670511,37998370,10.3390/cells12222635,Assessment of Fallopian Tube Epithelium Features Derived from Induced Pluripotent Stem Cells of Both Fallopian Tube and Skin Origins.,2023,Cells,0,"""Y-27632""",compound x growth plate,False,0.0
PMC7111279,32287481,10.1016/s0074-7696(08)61867-7,Subject Index.,1997,International review of cytology,0,"""bumetanide""",compound x growth plate,False,0.0
PMC9771680,,,B,2020,Saunders Comprehensive Veterinary Dictionary,0,"""bumetanide""",compound x growth plate,False,0.0
PMC4300817,26075041,10.1177/1947603510386038,Extended Abstracts.,2010,Cartilage,0,"""bumetanide""",compound x growth plate,False,0.0
PMC12984950,,,Pharmacologic and Oncohistone Inhibition of SETD2 Converge on Genomic Instability,2026,Cancers,0,"""centrosome""",target x growth x geometry,False,0.0
PMC13267311,42247509,10.1126/sciadv.aee7295,The impactful role of the HDACs in the regulation of gene expression and as targets for disease therapy.,2026,Science advances,0,"""centrosome""",target x growth x geometry,False,0.0
PMC11942108,40141284,10.3390/ijms26062642,Single-Cell Analysis of Molecular Mechanisms in Rapid Antler Osteogenesis During Growth and Ossification Stages.,2025,International journal of molecular sciences,0,"""centrosome""",target x growth x geometry,False,0.0
PMC13096185,41807492,10.1038/s41598-026-41262-3,Punicalagin with anti-inflammatory activities affects Brd-4 mediated chromatin remodeling for attenuating inflammatory osteolysis.,2026,Scientific reports,0,"""centrosome""",target x growth x geometry,False,0.0
PMC12504274,41069411,10.3389/fbioe.2025.1641476,CGRP-dependent molecular signaling drives bone marrow stem cell osteogenesis in distraction osteogenesis.,2025,Frontiers in bioengineering and biotechnology,0,"""centrosome""",target x growth x geometry,False,0.0
PMC13226247,42176498,10.1016/j.identj.2026.109637,Signalling Pathways and Mechanical Forces Interact in Craniofacial Development and Homeostasis.,2026,International dental journal,0,"""PIEZO1""; ""PIEZO2""; ""RHOA""; ""Yoda1""",compound x growth plate; target x growth x geometry,False,0.0
PMC13298091,42346279,10.3390/diseases14060186,Growth Outcomes in Children with Familial Mediterranean Fever: A Question Beyond Chronic or Relapsing Inflammation.,2026,"Diseases (Basel, Switzerland)",0,"""colchicine""",compound x growth plate,False,0.0
PMC13194853,42165972,10.1186/s42155-026-00701-y,Transcatheter arterial microembolization for refractory chronic pain associated with familial gouty tophi: a case report with 2-year follow-up.,2026,CVIR endovascular,0,"""colchicine""",compound x growth plate,False,0.0
PMC13175381,42133647,10.1371/journal.pone.0348274,RGFP966 inhibits activation of AIM2 inflammasomes to promote mitophagy to relieve acute gouty arthritis.,2026,PloS one,0,"""colchicine""",compound x growth plate,False,0.0
PMC11876711,40041656,10.7759/cureus.78343,An Autobiographical Report of Gout in a Patient Unable to Tolerate Conventional Therapy: The Unbearable Pain of Podagra.,2025,Cureus,0,"""colchicine""",compound x growth plate,False,0.0
PMC11707266,39648891,10.1002/acr2.11773,Clinical Images: Osteomyelitis complicating uncommon tophaceous gout: a case study with genetic findings.,2025,ACR open rheumatology,0,"""colchicine""",compound x growth plate,False,0.0
PMC12840785,41596299,10.3390/ijms27020647,NOTUM Enhances Cartilage Repair via Wnt/β-Catenin Modulation in a Rabbit Osteochondral Defect Model.,2026,International journal of molecular sciences,0,"""colchicine""",compound x growth plate,False,0.0
PMC12279287,40693094,10.7759/cureus.86500,An Atypical Case of CREST Syndrome With Early Complete Clinical Manifestation.,2025,Cureus,0,"""colchicine""",compound x growth plate,False,0.0
PMC12955656,41782854,10.1016/j.jot.2026.101053,Targeted knockdown of Piezo1 in synovial macrophages attenuates osteoarthritis development.,2026,Journal of orthopaedic translation,0,"""PIEZO1""; ""Yoda1""",compound x growth plate; target x growth x geometry,False,0.0
PMC12946944,41768742,10.1021/acsomega.5c11605,Multiomics Integration Reveals Yu-Xue-Bi Tablets Attenuate Rheumatoid Arthritis via Metabolic Reprogramming-Mediated Piezo1 Suppression.,2026,ACS omega,0,"""GsMTx4""; ""Yoda1""",compound x growth plate,False,0.0
PMC13095600,42022908,10.3389/fendo.2026.1790054,Unlocking bone repair in osteoporosis by targeting the angiogenic niche.,2026,Frontiers in endocrinology,0,"""simvastatin""",compound x growth plate,False,0.0
PMC11797772,39917668,10.3389/fdmed.2024.1465137,Implant-supported prosthesis under progressive loading protocol stimulates alveolar bone growth in patients with severe alveolar bone atrophy. Retrospective case series.,2024,Frontiers in dental medicine,0,"""simvastatin""",compound x growth plate,False,0.0
PMC13288726,42318797,10.1080/07853890.2026.2688328,Research progress of ferroptosis in gynecological diseases.,2026,Annals of medicine,0,"""simvastatin""",compound x growth plate,False,0.0
PMC12942805,,,Pulp–Dentin Regeneration via Cell Homing: Current Evidence and Perspectives on Cell-Free Regenerative Endodontic Therapy,2026,"Medicina (Kaunas, Lithuania)",0,"""CDC42""; ""FAK""; ""simvastatin""",compound x growth plate; target x growth x geometry,False,0.0
PMC12799539,41542095,10.1016/j.jot.2025.08.006,Artificial ligaments in anterior cruciate ligament reconstruction: Coating strategies for PET-based materials.,2025,Journal of orthopaedic translation,0,"""simvastatin""",compound x growth plate,False,0.0
PMC12500442,41064361,10.3389/fendo.2025.1658967,The central mechanotransducer in osteoporosis pathogenesis and therapy.,2025,Frontiers in endocrinology,0,"""FAK""; ""GsMTx4""; ""PIEZO1""; ""PIEZO2""; ""RHOA""; ""TRPV4""; ""Yoda1""; ""focal adhesion""; ""primary cilia""",compound x growth plate; target x growth x geometry,False,0.0
PMC12723002,41445584,10.3389/fcell.2025.1712688,Decoding dental mesenchymal stem cells diversity: single-cell transcriptomics maps heterogeneity in molar development.,2025,Frontiers in cell and developmental biology,0,"""SLC12A2""",target x growth x geometry,False,0.0
PMC13171389,42148130,10.3389/fimmu.2026.1791900,Mechanical cues as immunomodulators in neuroinflammation-driven spinal sensitization: analgesic mechanisms and therapeutic strategies.,2026,Frontiers in immunology,0,"""PIEZO2""",target x growth x geometry,False,0.0
PMC11200640,,,Mechanobiology of Adipocytes,2024,Biology,0,"""PIEZO2""",target x growth x geometry,False,0.0
PMC11674846,39767908,10.3390/children11121480,"Sensory and Motor Function, Pain, and Health Status in Children with Arthrogryposis and Myelomeningocele.",2024,"Children (Basel, Switzerland)",0,"""PIEZO2""",target x growth x geometry,False,0.0
PMC12631210,41282026,10.3389/fmed.2025.1698177,Mechanical stress-mediated immune and inflammatory regulation: &lt;b&gt;a&lt;/b&gt; bibliometric and visualization analysis of mechanoimmunology based on two databases.,2025,Frontiers in medicine,0,"""PIEZO2""",target x growth x geometry,False,0.0
PMC11882270,39920897,10.1097/cm9.0000000000003483,Emerging roles of Piezo1 channels in bone: Cells and diseases.,2025,Chinese medical journal,0,"""GsMTx4""; ""PIEZO1""; ""Yoda1""; ""cofilin""",compound x growth plate; target x growth x geometry,False,0.0
PMC12825508,41585202,10.1016/j.jds.2025.08.001,Piezo1-mediated mechanotransduction in cementocytes via protein kinase B and p38 mitogen-activated protein kinase signaling.,2026,Journal of dental sciences,0,"""GsMTx4""; ""Yoda1""",compound x growth plate,False,0.0
PMC13139052,41942106,10.1111/os.70291,"The Role of Piezo 1 in the Study of Intervertebral Disc Degeneration: Phenotype, Mechanism and Treatment.",2026,Orthopaedic surgery,0,"""GsMTx4""; ""PIEZO1""; ""Yoda1""",compound x growth plate; target x growth x geometry,False,0.0
PMC13026590,41898724,10.3390/ijms27062865,TRPV4-Mast Cell Interactions in Neurogenic Inflammation and Chronic Diseases: A Narrative Review.,2026,International journal of molecular sciences,0,"""GSK1016790A""; ""HC-067047""; ""TRPV4""",compound x growth plate; target x growth x geometry,False,0.0
PMC12911271,41580823,10.1186/s12967-025-07615-8,Targeting the mitochondrial metabolite-dynamics-MDVs-MitoEVs axis: a new frontier in osteoarthritis management.,2026,Journal of translational medicine,0,"""HC-067047""; ""MYH9""",compound x growth plate; target x growth x geometry,False,0.0
PMC13121925,42058469,10.1155/sci/8089902,Urine-Derived Stem Cells: Applications of Paracrine-Driven Regeneration and Functional Recovery in Multiorgan Systems.,2026,Stem cells international,0,"""Y-27632""",compound x growth plate,False,0.0
PMC13183978,41922322,10.1038/s41398-026-03841-w,Non-gene-edited neural stem cells reverse neuroinflammation and microbiota dysbiosis in a sprague-dawley rat model of autism spectrum disorder.,2026,Translational psychiatry,0,"""Y-27632""",compound x growth plate,False,0.0
PMC12800442,41541277,10.1016/j.bioactmat.2025.12.025,Microenvironment-mediated stem cell fate in periodontal tissue remodeling and repair.,2026,Bioactive materials,0,"""RAC1""; ""RHOA""; ""TRPV4""; ""Y-27632""; ""planar cell polarity""",compound x growth plate; target x growth x geometry,False,0.0
PMC13058444,41959929,10.1155/sci/8069882,Molecular Mechanisms and Clinical Applications of Neural Regeneration Through Dental Pulp Stem Cells.,2026,Stem cells international,0,"""Y-27632""",compound x growth plate,False,0.0
PMC12898458,41683803,10.3390/ijms27031380,Effects of Mechanical Stress on Bone and Cartilage Metabolism: How Mechanical Stress Affects Energy Metabolism in Bone and Cartilage Tissues (Our Research Overview): Mini Review.,2026,International journal of molecular sciences,0,"""PIEZO2""",target x growth x geometry,False,0.0
PMC10956191,38515135,10.1186/s13018-024-04687-y,Recent research advances in pain mechanisms in McCune-Albright syndrome thinking about the pain mechanism of FD/MAS.,2024,Journal of orthopaedic surgery and research,0,"""PIEZO2""",target x growth x geometry,False,0.0
PMC13246633,42273294,10.3389/fbioe.2026.1772749,Cyclic distraction-compression promotes bone regeneration during distraction osteogenesis through the Piezo1-YAP-β-catenin axis.,2026,Frontiers in bioengineering and biotechnology,0,"""GsMTx4""; ""Yoda1""",compound x growth plate,False,0.0
PMC13239690,42175670,10.1002/ctm2.70703,Macrophage piezo1 senses mechanical force to drive osteoclastogenesis via ZBP1: Implications for bone remodelling therapy.,2026,Clinical and translational medicine,0,"""PIEZO1""; ""Yoda1""",compound x growth plate; target x growth x geometry,False,0.0
PMC13157073,41935834,10.1016/j.jbc.2026.111426,PIEZO1 variants that reduce open channel probability are associated with familial osteoarthritis.,2026,The Journal of biological chemistry,0,"""GsMTx4""; ""PIEZO1""; ""PIEZO2""; ""Yoda1""",compound x growth plate; target x growth x geometry,False,0.0
PMC13194842,41927671,10.1038/s41598-026-41804-9,A low-magnitude high-frequency vibrator utilizing a specific amplitude and frequency for bone remodeling conducive to orthodontic tooth movement.,2026,Scientific reports,0,"""GsMTx4""; ""Yoda1""",compound x growth plate,False,0.0
PMC12954436,41783545,10.1002/jsp2.70168,Mechanosensitive Ion Channel PIEZO1 Suppresses BMP2-Induced Ossification of the Annulus Fibrosus Cells.,2026,JOR spine,0,"""PIEZO1""; ""PIEZO2""; ""TRPV4""; ""Yoda1""",compound x growth plate; target x growth x geometry,False,0.0
PMC13256888,42278217,10.3390/ijms27114685,Liver Matrix Stiffening Modulates Tumor-Associated Hepatocyte Polyploid Homeostasis via Piezo1/RUNX2/Anillin Mechanosensitive Axis.,2026,International journal of molecular sciences,0,"""PIEZO1""; ""Yoda1""",compound x growth plate; target x growth x geometry,False,0.0
PMC12312474,40757135,10.31138/mjr.240624.eyr,Our Three Musketeers: A Case Series of NLRP-3 Associated Cryopyrinopathies.,2025,Mediterranean journal of rheumatology,0,"""acetazolamide""; ""colchicine""",compound x growth plate,False,0.0
PMC11546896,39525601,10.15557/jou.2024.0022,Imaging methods in monitoring gout - a pictorial essay.,2024,Journal of ultrasonography,0,"""colchicine""",compound x growth plate,False,0.0
PMC13277668,42326069,10.1016/j.mtbio.2026.103308,Embedded cell-only bioprinting to engineer structurally aligned meniscal fibrocartilage.,2026,Materials today. Bio,0,"""Y-27632""",compound x growth plate,False,0.0
PMC12211779,40597632,10.1186/s12864-025-11757-w,Immune response of intestinal micrornas to transport stress in hybrid yellow catfish (tachysurus fulvidraco♀ ×t. vachellii♂) : response strategy and potential biomarker.,2025,BMC genomics,0,"""NKCC1""",target x growth x geometry,False,0.0
PMC9652995,36371298,10.1186/s13287-022-03203-5,Establishment of a human pluripotent stem cell-derived MKX-td Tomato reporter system.,2022,Stem cell research & therapy,0,"""Y-27632""; ""Y27632""",compound x growth plate,False,0.0
PMC13233822,41942464,10.1038/s41467-026-71514-9,Identification of stem cell marker-positive subpopulations in the vocal fold of the larynx through transcriptomic analyses.,2026,Nature communications,0,"""Y-27632""",compound x growth plate,False,0.0
PMC13096964,42023150,10.1016/j.isci.2026.115396,Mechanical activation of PIEZO1 drives AP-1-dependent PTGS2/PGE2 signaling and corneal inflammation.,2026,iScience,0,"""GsMTx4""; ""PIEZO1""; ""PIEZO2""; ""Yoda1""",compound x growth plate; target x growth x geometry,False,0.0
PMC12783605,41507149,10.1038/s41419-025-08230-7,Piezo1-mediated autophagy promotes immune-inflammatory responses in ankylosing spondylitis.,2026,Cell death & disease,0,"""GsMTx4""; ""Yoda1""",compound x growth plate,False,0.0
PMC13002675,41854751,10.1007/s10495-026-02320-3,The therapeutic potential of Piezo1 channel-mediated ferroptosis and its inhibitor.,2026,Apoptosis : an international journal on programmed cell death,0,"""GsMTx4""; ""PIEZO1""; ""Yoda1""",compound x growth plate; target x growth x geometry,False,0.0
PMC13250948,42282947,10.1093/rb/rbag080,Piezo1-activated mesenchymal stem cells-derived extracellular matrix hydrogel promotes the repair of osteoporotic bone defects through osteogenic and angiogenic coupling.,2026,Regenerative biomaterials,0,"""CDC42""; ""PIEZO1""; ""Yoda1""",compound x growth plate; target x growth x geometry,False,0.0
PMC12133507,40469973,10.3389/fphar.2025.1559810,Advances in biomaterials for osteonecrosis treatment.,2025,Frontiers in pharmacology,0,"""Yoda1""",compound x growth plate,False,0.0
PMC12639471,41280138,10.1016/j.ibneur.2025.11.004,Analysis of the potential regulatory mechanism of PIEZO1 in Alzheimer's disease based on RNA sequencing.,2025,IBRO neuroscience reports,0,"""PIEZO2""",target x growth x geometry,False,0.0
PMC12627340,41268214,10.34133/research.0977,Alternative Splicing: A Critical Regulator in Human Bone Biology and Tumor Progression.,2025,"Research (Washington, D.C.)",0,"""PIEZO2""",target x growth x geometry,False,0.0
PMC12186393,40551241,10.1186/s13052-025-02050-3,A novel variant in NPR2: C.2291T > C (p.Leu764Pro) identified in a patient with acromesomelic dysplasia Maroteaux type.,2025,Italian journal of pediatrics,0,"""PIEZO2""",target x growth x geometry,False,0.0
PMC12951647,41477764,10.1016/j.celrep.2025.116878,Structures of invertebrate PEZO-1 isoforms with a compact architecture and a dispensable pore-distal N-terminal blade.,2026,Cell reports,0,"""PIEZO2""",target x growth x geometry,False,0.0
PMC13107349,42028630,10.1302/2046-3758.154.bjr-2025-0168.r1,"Anatomy changes, signalling pathways, and clinical treatment after ankle sprain.",2026,Bone & joint research,0,"""PIEZO2""",target x growth x geometry,False,0.0
PMC11782688,39897217,10.7759/cureus.78266,Pediatric Fracture Remodeling: From Wolff to Wnt.,2025,Cureus,0,"""PIEZO2""",target x growth x geometry,False,0.0
PMC12790734,41135529,10.1016/j.stemcr.2025.102685,"The roles of TGF-β, Wnt, and MAPK signaling pathways in joint lineage specification in vitro and ex vivo.",2025,Stem cell reports,0,"""Y-27632""",compound x growth plate,False,0.0
PMC13069410,41970714,10.1016/j.xinn.2026.101269,The local-mechanical and systemic-metabolic dialogue: A new dawn in osteoarthritis treatment.,2026,Innovation (Cambridge (Mass.)),0,"""Yoda1""",compound x growth plate,False,0.0
PMC13219498,42209460,10.1038/s41413-026-00544-2,KDM6B safeguards mineralized tissue homeostasis from mechanical stress through epigenetic control of PIEZO1-mediated mechanotransduction in the mouse incisor.,2026,Bone research,0,"""PIEZO1""; ""Yoda1""",compound x growth plate; target x growth x geometry,False,0.0
PMC13123198,41857754,10.1186/s13036-026-00659-4,Exosome-loaded hydrogels for bone regeneration: a cell-free therapeutic strategy.,2026,Journal of biological engineering,0,"""Yoda1""",compound x growth plate,False,0.0
PMC13175199,42133545,10.1002/brb3.71385,"Mechanotransduction in the Brain: Soliton Theory, Piezo Receptors and MR Elastography in Headache Pathophysiology.",2026,Brain and behavior,0,"""GsMTx4""; ""PIEZO1""; ""PIEZO2""; ""Yoda1""",compound x growth plate; target x growth x geometry,False,0.0
PMC12375535,,,Proceedings of the 2025 ORS Musculoskeletal Biology Workshop,2025,JBMR plus,0,"""PIEZO1""; ""PIEZO2""; ""Yoda1""",compound x growth plate; target x growth x geometry,False,0.0
PMC12301362,40727099,10.3389/fphar.2025.1592818,Shengyu decoction ameliorates knee osteoarthritis by inhibiting endoplasmic reticulum stress via Piezo1 channels.,2025,Frontiers in pharmacology,0,"""Yoda1""",compound x growth plate,False,0.0
PMC12405483,40897717,10.1038/s41467-025-63623-8,A magneto-responsive nanomesh biosensor for simultaneous mechanical stimulation and electrochemical detection.,2025,Nature communications,0,"""GsMTx4""; ""Yoda1""",compound x growth plate,False,0.0
PMC13287448,42344852,10.34133/bmr.0382,Bioactive Chitin-Based Thermosensitive Hydrogel Reinforces Stem Cell Therapy for Osteoarthritis.,2026,Biomaterials research,0,"""PIEZO1""; ""Yoda1""",compound x growth plate; target x growth x geometry,False,0.0
PMC13291129,42358358,10.3389/fphar.2026.1847433,The impact of garlic and its active metabolites on degenerative musculoskeletal diseases.,2026,Frontiers in pharmacology,0,"""lovastatin""; ""simvastatin""",compound x growth plate,False,0.0
PMC13251664,42281954,10.1016/j.omton.2026.201229,Mevalonate pathway activation in Ewing sarcoma reveals a 3D-specific synergy between statins and BCL-xL inhibition.,2026,Molecular therapy. Oncology,0,"""simvastatin""",compound x growth plate,False,0.0
PMC11680846,39730885,10.1038/s41598-024-82177-1,Therapeutic role of aripiprazole in cartilage defects explored through a drug repurposing approach.,2024,Scientific reports,0,"""simvastatin""",compound x growth plate,False,0.0
PMC12162921,40520186,10.3389/fphar.2025.1570818,"&lt;i&gt;Paris&lt;/i&gt; spp (Liliaceae): a review of its botany, ethnopharmacology, phytochemistry, pharmacological activities, and practical applications.",2025,Frontiers in pharmacology,0,"""lovastatin""",compound x growth plate,False,0.0
PMC12827358,41569301,10.1007/s00441-026-04046-9,Pannexins in the heart: cell-specific expression and contributions to disease.,2026,Cell and tissue research,0,"""colchicine""",compound x growth plate,False,0.0
PMC11320512,39143993,10.21037/qims-24-328,A rare case of atypical tumoral presentation of calcium pyrophosphate dihydrate crystal deposition disease.,2024,Quantitative imaging in medicine and surgery,0,"""colchicine""",compound x growth plate,False,0.0
PMC12229831,40625473,10.7759/cureus.85479,Atraumatic Toe Pain: Acute Calcific Periarthritis.,2025,Cureus,0,"""colchicine""",compound x growth plate,False,0.0
PMC11334092,38907515,10.12659/ajcr.943813,Blue Toe Syndrome in Behçet's Disease: A Case Report.,2024,The American journal of case reports,0,"""colchicine""",compound x growth plate,False,0.0
PMC12932613,41756115,10.3389/fphar.2025.1721433,Oleaceae plants: a source of metabolites with atheroprotective potential.,2025,Frontiers in pharmacology,0,"""simvastatin""",compound x growth plate,False,0.0
PMC12590730,41194142,10.1186/s40001-025-03325-5,Retinoic acid-related orphan nuclear receptor alpha inhibits adipogenic differentiation of bone marrow mesenchymal stem cells via activating WNT/β-catenin signaling pathway.,2025,European journal of medical research,0,"""SR1078""; ""SR3335""",compound x growth plate,False,0.0
PMC13208074,42196189,10.3390/ijms27104206,Circadian Rhythms in Acute Respiratory Distress Syndrome: Molecular Mechanisms and Therapeutic Implications.,2026,International journal of molecular sciences,0,"""GSK4112""; ""SR1078""; ""SR3335""",compound x growth plate,False,0.0
PMC12719103,41438090,10.1016/j.isci.2025.114042,Nuclear receptors as therapeutic targets in metabolic and cardiovascular disorders.,2025,iScience,0,"""SR3335""; ""aquaporin""",compound x growth plate; target x growth x geometry,False,0.0
PMC12305620,40735198,10.1016/j.reth.2025.07.008,Mesenchymal stem cells: A new strategy for the treatment of femoral head necrosis.,2025,Regenerative therapy,0,"""simvastatin""",compound x growth plate,False,0.0
PMC12809741,41494239,10.1016/j.ebiom.2025.106102,Nanotechnology for atherosclerotic plaque stabilisation: bridging innovation and clinical practice.,2026,EBioMedicine,0,"""simvastatin""",compound x growth plate,False,0.0
PMC13033993,41918592,10.2147/jir.s597686,Revisiting the Subtle Relationship Between Metabolic Syndrome and Osteoarthritis.,2026,Journal of inflammation research,0,"""simvastatin""",compound x growth plate,False,0.0
PMC12985041,41730208,10.1021/acsbiomaterials.5c02060,Bioactive and Injectable Granular Hydrogels Incorporating Decellularized Extracellular Matrix.,2026,ACS biomaterials science & engineering,0,"""simvastatin""",compound x growth plate,False,0.0
PMC3476935,,,21st European Students' Conference. Promising medical scientists willing to look beyond,2010,European journal of medical research,0,"""NKCC1""",target x growth x geometry,False,0.0
PMC12267221,40677921,10.3389/fcell.2025.1582970,Selective blockade of acid-sensing ion channel 1a can provide substantial hippocampal neuroprotection.,2025,Frontiers in cell and developmental biology,0,"""Y-27632""; ""amiloride""",compound x growth plate,False,0.0
PMC13193713,42165310,10.7554/elife.89652,Single-cell transcriptomics-informed induced pluripotent stem cells differentiation to tenogenic lineage.,2026,eLife,0,"""Y-27632""",compound x growth plate,False,0.0
PMC11288314,39086847,10.1590/1413-785220243203e282286,PATHOPHYSIOLOGY OF POSTTRAUMATIC ANKLE OSTEOARTHRITIS: A MULTICENTER PERSPECTIVE.,2024,Acta ortopedica brasileira,0,"""lovastatin""",compound x growth plate,False,0.0
PMC13265317,42305270,10.3389/fendo.2026.1783374,Analysis of immune and autophagy-related genes and their regulatory mechanisms in osteoporosis patients post-menopause.,2026,Frontiers in endocrinology,0,"""lovastatin""",compound x growth plate,False,0.0
PMC12563192,41155499,10.3390/ijms262010206,Comparative Bone-Protective Effects of Tocotrienol Isomers from Palm and Annatto in Dexamethasone-Induced Osteoporotic Male Rats.,2025,International journal of molecular sciences,0,"""lovastatin""",compound x growth plate,False,0.0
PMC12481025,41035502,10.1016/j.csbj.2025.09.026,A miRNA signature linked to high lipoprotein (a) and coronary calcification in familial hypercholesterolaemia.,2025,Computational and structural biotechnology journal,0,"""lovastatin""",compound x growth plate,False,0.0
PMC11940540,40149535,10.3390/biomedicines13030558,The Role of Vitamin D in Rare Diseases-A Clinical Review.,2025,Biomedicines,0,"""lovastatin""",compound x growth plate,False,0.0
PMC12828159,41584511,10.17179/excli2025-8871,Dual-drug nanocarriers for gout therapy: targeted co-delivery of anti-inflammatory and urate-lowering agents: a review.,2025,EXCLI journal,0,"""colchicine""",compound x growth plate,False,0.0
PMC12397299,40883591,10.1038/s42003-025-08753-x,Ovalbumin-induced asthma leads to bone loss with Piezo channel suppression in mice.,2025,Communications biology,0,"""PIEZO1""; ""PIEZO2""; ""Yoda1""",compound x growth plate; target x growth x geometry,False,0.0
PMC12346743,40806381,10.3390/ijms26157248,Metabolic Culture Medium Enhances Maturation of Human iPSC-Derived Cardiomyocytes via Cardiac Troponin I Isoform Induction.,2025,International journal of molecular sciences,0,"""Y-27632""",compound x growth plate,False,0.0
PMC12993239,41806656,10.1016/j.ebiom.2026.106203,Modified hTERT treatment ameliorates pressure overload-induced heart failure.,2026,EBioMedicine,0,"""Y-27632""",compound x growth plate,False,0.0
PMC11726777,39708322,10.1016/j.xpro.2024.103532,Protocol for generating human craniofacial cartilage organoids from stem-cell-derived neural crest cells.,2025,STAR protocols,0,"""Y-27632""",compound x growth plate,False,0.0
PMC8373421,,,Proceedings of the Joint Meeting of the 126th Annual Meeting of The Japanese Association of Anatomists and the 98th Annual Meeting of The Physiological Society of Japan,2021,The journal of physiological sciences : JPS,0,"""NKCC1""",target x growth x geometry,False,0.0
PMC7163932,,,C,2009,Encyclopedia of Neuroscience,0,"""NKCC1""",target x growth x geometry,False,0.0
PMC4421297,25984082,10.1093/ndtplus/sfq136,"Sunday, june 27, 2010: poster session 2.",2010,NDT plus,0,"""NKCC1""",target x growth x geometry,False,0.0
PMC11611217,39621655,10.1371/journal.pone.0313693,Anti-necroptotic effects of human Wharton's jelly-derived mesenchymal stem cells in skeletal muscle cell death model via secretion of GRO-α.,2024,PloS one,0,"""lovastatin""",compound x growth plate,False,0.0
PMC11842356,,,Manipulating the cGAS-STING Axis: advancing innovative strategies for osteosarcoma therapeutics,2025,Frontiers in immunology,0,"""lovastatin""",compound x growth plate,False,0.0
PMC12949487,41761918,10.1111/boc.70052,Mechanobiology of the Nucleolus.,2026,Biology of the cell,0,"""FAK""; ""cadherin""; ""focal adhesion""; ""lovastatin""",compound x growth plate; target x growth x geometry,False,0.0
PMC10645501,38025822,10.1155/2023/8819534,Characterization of the Active Ingredient and Prediction of the Potential Mechanism of Dahuoluo Pill via Mass Spectrometry with the Network Pharmacology Method.,2023,Journal of analytical methods in chemistry,0,"""nobiletin""",compound x growth plate,False,0.0
PMC12788065,41515190,10.3390/nu18010072,Dose-Sparing Efficacy of d-Limonene with Low-Dose Allopurinol in a Dual Model of Hyperuricemia and Gouty Arthritis in Rats.,2025,Nutrients,0,"""colchicine""",compound x growth plate,False,0.0
PMC12988513,,,Targeting synovial inflammation in knee osteoarthritis: translational insights for diagnosis and therapy,2026,Journal of orthopaedic translation,0,"""colchicine""",compound x growth plate,False,0.0
PMC13160908,42131320,10.3389/fimmu.2026.1759584,Association of elevated serum active IL-18 levels with cytokine profiles and clinical features in adult-onset still's disease.,2026,Frontiers in immunology,0,"""colchicine""",compound x growth plate,False,0.0
PMC12998560,41859387,10.2147/jir.s566380,Lymphatic Vessels are Involved in Monosodium Urate Clearance and Resolution of Gouty Inflammation in Mice.,2026,Journal of inflammation research,0,"""colchicine""",compound x growth plate,False,0.0
PMC12984322,,,"The Vicious Cycle of Diabetic Kidney Disease, Vitamin D Deficiency, and Arterial Hypertension",2026,"Healthcare (Basel, Switzerland)",0,"""jasplakinolide""",compound x growth plate,False,0.0
PMC13237313,42026343,10.1007/s00018-026-06097-1,Building the bridges: molecular mechanisms of tunneling nanotube formation.,2026,Cellular and molecular life sciences : CMLS,0,"""CDC42""; ""FAK""; ""LIMK1""; ""MYH9""; ""RAC1""; ""RHOA""; ""Y-27632""; ""cadherin""; ""cholesterol""; ""cofilin""; ""cytochalasin D""; ""jasplakinolide""; ""latrunculin""; ""microtubule""",compound x growth plate; target x growth x geometry,False,0.0
PMC13179179,41927962,10.1007/s11095-026-04060-0,New Vistas for Withania somnifera in Signal Transduction of Inflammation and Aging.,2026,Pharmaceutical research,0,"""SLC9A1""",target x growth x geometry,False,0.0
PMC12059336,40343168,10.1016/j.mtbio.2025.101804,Nanodrug delivery systems targeting ferroptosis as an innovative therapeutic approach for Rheumatoid Arthritis.,2025,Materials today. Bio,0,"""amiloride""; ""nobiletin""",compound x growth plate,False,0.0
PMC12914212,41716342,10.1016/j.mtbio.2026.102886,Biomaterial-assisted gene therapy for bone repair.,2026,Materials today. Bio,0,"""nobiletin""",compound x growth plate,False,0.0
PMC13278980,42327716,10.3389/fimmu.2026.1842443,"NF-κB signaling in osteoarthritis: integrating mechanical stress, innate immunity, and cartilage degeneration.",2026,Frontiers in immunology,0,"""nobiletin""",compound x growth plate,False,0.0
PMC12767418,41498029,10.1155/mi/2808908,Immunomodulatory Mechanisms of Rehmanniae Radix Praeparata-Achyranthes Root-Chinese Angelica Root Combination in Nontraumatic Osteonecrosis of the Femoral Head: A Comprehensive Network Pharmacology and Molecular Docking Study Focusing on Immunologica,2025,Mediators of inflammation,0,"""nobiletin""",compound x growth plate,False,0.0
PMC11834685,39968531,10.2147/orr.s490880,Red Yeast Rice Increases Bone Morphogenetic Protein-2 Expression and Enhances Fracture Healing Process in Delayed Union Models of Sprague-Dawley Rats: A Preclinical Study.,2025,Orthopedic research and reviews,0,"""lovastatin""",compound x growth plate,False,0.0
PMC12719283,41438145,10.3389/fmed.2025.1701261,Spinal infection caused by &lt;i&gt;Aspergillus terreus&lt;/i&gt; in immunocompetent individuals: a case report and literature review.,2025,Frontiers in medicine,0,"""jasplakinolide""",compound x growth plate,False,0.0
PMC12680506,41358012,10.2147/jmdh.s553576,Bibliometric and Visualized Analysis of the Global Research Status and Trends of the Association Between Vitamin D and Osteoarthritis in the Last Two Decades.,2025,Journal of multidisciplinary healthcare,0,"""jasplakinolide""",compound x growth plate,False,0.0
PMC10588102,37858137,10.1186/s13256-023-04164-w,Misdiagnosed metabolic bone abnormality: a case report.,2023,Journal of medical case reports,0,"""jasplakinolide""",compound x growth plate,False,0.0
PMC13025710,41892300,10.3390/cells15060509,"Cyclophilin D, Regulator of Mitochondrial Permeability Transition and Bioenergetics, Promotes Adipogenic Differentiation of Mesenchymal Stem Cells.",2026,Cells,0,"""jasplakinolide""",compound x growth plate,False,0.0
PMC12833462,41601788,10.3389/fmed.2025.1689556,"Factors influencing length of stay in orthopedic Class I incision surgery: development and validation of a nomogram using 31,248 patient records.",2025,Frontiers in medicine,0,"""jasplakinolide""",compound x growth plate,False,0.0
PMC10480707,37680843,10.12669/pjms.39.5.7601,Use of whole exome sequencing for identification of genetic variants related to Growth Hormone Deficiency and Short Stature: A Family-Based Study.,2023,Pakistan journal of medical sciences,0,"""jasplakinolide""",compound x growth plate,False,0.0
PMC13217862,41992185,10.1186/s12887-025-06117-2,Low vitamin D and folate levels are associated with costochondritis: a retrospective cross-sectional study on children with impaired bone health.,2026,BMC pediatrics,0,"""jasplakinolide""",compound x growth plate,False,0.0
PMC11454445,,,6443 The Role of GDF5 in Regulating Enthesopathy Development in the Hyp mouse Model of XLH,2024,Journal of the Endocrine Society,0,"""jasplakinolide""",compound x growth plate,False,0.0
PMC12817877,41387848,10.1186/s12917-025-05204-x,Development of an immortalized porcine intramuscular pre-adipocyte cell line to facilitate adipogenic investigation in vitro.,2025,BMC veterinary research,0,"""colchicine""",compound x growth plate,False,0.0
PMC12651504,41294811,10.3390/cells14221758,"The Potential of Bioactive Plant Phytochemicals, Pro-Resolving Anti-Inflammatory Lipids, and Statins in the Inhibition of Intervertebral Disc Degeneration, Low Back Pain Resolution, Disc Functional Repair, and Promotion of Intervertebral Disc Regener",2025,Cells,0,"""lovastatin""",compound x growth plate,False,0.0
PMC10224718,37252459,10.7759/cureus.38146,A Review of Potential Therapies to Attenuate Bone Mineral Density Loss in Obese Individuals Prior to Total Joint Replacement Surgery.,2023,Cureus,0,"""lovastatin""",compound x growth plate,False,0.0
PMC11847631,,,Sepsis: the evolution of molecular pathogenesis concepts and clinical management,2025,MedComm,0,"""lovastatin""",compound x growth plate,False,0.0
PMC12585782,41194968,10.1002/jsp2.70128,The Impact of the Ovine Annular Lesion Model on IVD Pathobiology and Utility of the Ovine Spinal Model in Patho-Anatomical Studies: A Historical Perspective.,2025,JOR spine,0,"""lovastatin""",compound x growth plate,False,0.0
PMC12274970,,,Abstracts of the Bone Research Society Annual Meeting 2025,2025,JBMR plus,0,"""ROCK2""; ""Y-27632""; ""cholesterol""; ""primary cilia""",compound x growth plate; target x growth x geometry,False,0.0
PMC12067298,40364989,10.21769/bioprotoc.5304,A Cartilaginous Organoid System Derived From Human Expanded Pluripotent Stem Cells (hEPSCs).,2025,Bio-protocol,0,"""Y-27632""",compound x growth plate,False,0.0
PMC12803943,41550747,10.1016/j.isci.2025.114482,Embryonic lineage-specific iPSC-derived mesenchymal stem/stromal cells exhibit different morphologies and intrinsic functions.,2026,iScience,0,"""Y-27632""; ""Y27632""",compound x growth plate,False,0.0
PMC12426534,40780802,10.1016/j.jaccas.2025.104627,Hemorrhagic Pericarditis as a Harbinger of Giant Cell Arteritis Relapse.,2025,JACC. Case reports,0,"""colchicine""",compound x growth plate,False,0.0
PMC12997696,41851788,10.1186/s13020-026-01379-z,The IL-17 pathway mediated by m6A-modified lncRNA H19: a new mechanism for Jianpi Qingre Tongluo Prescription in repressing inflammation and improving lipid metabolism in gout arthritis.,2026,Chinese medicine,0,"""colchicine""",compound x growth plate,False,0.0
PMC12754598,41479603,10.3897/zookeys.1265.157429,"﻿&lt;i&gt;Mazama tschudii&lt;/i&gt; (Wagner, 1855), forgotten by science, re-emerges as a new genetic lineage of Neotropical deer with a proposed neotype (Artiodactyla, Cervidae).",2025,ZooKeys,0,"""colchicine""",compound x growth plate,False,0.0
PMC12984725,,,Developmental Programming of Kidney Disease Across the Life Course: A Narrative Review Focused on Inflammation,2026,International journal of molecular sciences,0,"""colchicine""",compound x growth plate,False,0.0
PMC12521888,41103532,10.3892/ol.2025.15313,Pathogenic role and therapeutic targets of nuclear factor-κB signaling pathway in cancer (Review).,2025,Oncology letters,0,"""aquaporin""; ""nobiletin""",compound x growth plate; target x growth x geometry,False,0.0
PMC12941130,,,Exosome-Mediated Intercellular Communication in the Pathological Processes of Gouty Arthritis and Its Treatment,2026,International journal of molecular sciences,0,"""colchicine""",compound x growth plate,False,0.0
PMC9539184,,,87 Intracerebral inflammatory pseudotumor in Behçet’s disease: a pediatric case report,2022,"Rheumatology (Oxford, England)",0,"""colchicine""",compound x growth plate,False,0.0
PMC11954657,40161138,10.7759/cureus.79790,Cervical Spine Pseudogout Mimicking Ossification of the Posterior Longitudinal Ligament: A Case Report and Literature Review.,2025,Cureus,0,"""colchicine""",compound x growth plate,False,0.0
PMC13203092,42193242,10.3390/antiox15050621,Natural Small Molecules Targeting Oxidative Stress and Redox Homeostasis in Aging: Mechanisms and Therapeutic Potential.,2026,"Antioxidants (Basel, Switzerland)",0,"""nobiletin""",compound x growth plate,False,0.0
PMC12946070,41766874,10.3389/fimmu.2026.1739355,"Identification of potential biomarkers related to the Bitong mixture in osteoarthritis based on bioinformatics and network pharmacology, and exploration of the mechanism involved.",2026,Frontiers in immunology,0,"""nobiletin""",compound x growth plate,False,0.0
PMC13264987,42299343,10.2147/ijn.s611318,"Advances in Tetrahedral Framework Nucleic Acids (tFNAs) for Lung Injury Repair: Mechanisms, Therapeutic Applications, and Future Directions.",2026,International journal of nanomedicine,0,"""nobiletin""",compound x growth plate,False,0.0
PMC11556277,39534385,10.1080/23144599.2024.2418773,"Monocephalus dipygus in a 4-month-old mixed-breed puppy: clinical, radiographic, ultrasonographic, karyotyping and surgical intervention.",2024,International journal of veterinary science and medicine,0,"""colchicine""",compound x growth plate,False,0.0
PMC11911207,40099040,10.3389/fmolb.2025.1433912,Moxibustion inhibits inflammation in monosodium urate crystal-induced gouty arthritis model rats through metabolomic regulation.,2025,Frontiers in molecular biosciences,0,"""colchicine""",compound x growth plate,False,0.0
PMC9984863,36879710,10.7759/cureus.34528,Synovium to Myocardium: A Case of Calcium Pyrophosphate Dihydrate Crystal Arthritis Associated With Myocardial Infarction.,2023,Cureus,0,"""colchicine""; ""lovastatin""",compound x growth plate,False,0.0
PMC13212215,42212135,10.3389/fimmu.2026.1826191,Neutrophil extracellular traps in gout: from immune defense to pathological dynamic equilibrium.,2026,Frontiers in immunology,0,"""colchicine""",compound x growth plate,False,0.0
PMC12165196,40520812,10.2147/jpr.s523657,Acupuncture as an Adjunctive Therapy to Etoricoxib for Patients with Acute Gouty Arthritis: Protocol for a Multicenter Randomized Controlled Trial.,2025,Journal of pain research,0,"""colchicine""",compound x growth plate,False,0.0
PMC4657178,26598610,10.1083/jcb.201511007,Mitosis is swell.,2015,The Journal of cell biology,0,"""osmotic swelling""",target x growth x geometry,False,0.0
PMC12998477,41859302,10.2147/ijgm.s566116,Research Progress on the Pyroptosis Mechanism and Related Active Ingredients of Natural Drugs in Spinal Cord Injury.,2026,International journal of general medicine,0,"""osmotic swelling""",target x growth x geometry,False,0.0
PMC13007498,41741965,10.1002/jbm.a.70057,Inclusion of Chondroitin Sulfate Into a Gelatin Hydrogel Shifts Local and Global Mechanical Behavior and Fibrochondrogenic Phenotype for Applications in Insertional Tissue Engineering.,2026,Journal of biomedical materials research. Part A,0,"""osmotic swelling""",target x growth x geometry,False,0.0
PMC13158165,42108493,10.1111/jcmm.71175,Research Progress of Cuproptosis in Orthopaedics: Opportunities and Challenges.,2026,Journal of cellular and molecular medicine,0,"""jasplakinolide""",compound x growth plate,False,0.0
PMC13265797,42289406,10.1038/s41413-026-00536-2,An ITGA11 expressing subpopulation as predictor for the donor-specific osteogenic capacity of stromal cells.,2026,Bone research,0,"""jasplakinolide""",compound x growth plate,False,0.0
PMC12719067,41438079,10.1016/j.isci.2025.114083,Cartilage organoids from basic research to clinical translation.,2025,iScience,0,"""TRPV4""; ""Y-27632""; ""primary cilia""",compound x growth plate; target x growth x geometry,False,0.0
PMC12476834,41025095,10.1093/jbmrpl/ziaf146,Mechanisms of dexamethasone-induced bone toxicity in developing bone: a single-cell perspective.,2025,JBMR plus,0,"""Y-27632""",compound x growth plate,False,0.0
PMC12500579,41064656,10.3389/fphys.2025.1654369,Progress in understanding how clock genes regulate aging and associated metabolic processes.,2025,Frontiers in physiology,0,"""nobiletin""",compound x growth plate,False,0.0
PMC12999448,41869323,10.3389/fimmu.2026.1794782,From soluble uric acid to sodium urate crystal: immune metabolic inflammation driven by uric acid morphological transformation and mechanism-oriented therapy.,2026,Frontiers in immunology,0,"""colchicine""; ""osmotic swelling""",compound x growth plate; target x growth x geometry,False,0.0
PMC7120558,,,Advances in Lentiviral Vector-based Cell Therapy with Mesenchymal Stem Cells,2012,Mesenchymal Stem Cell Therapy,0,"""NHE1""",target x growth x geometry,False,0.0
PMC7102049,,,"15th Congress of the International Pediatric Nephrology Association : 29 August – 2 September, 2010 New York, NY, USA",2010,"Pediatric nephrology (Berlin, Germany)",0,"""NHE1""",target x growth x geometry,False,0.0
PMC7172784,,,Abstracts for the forthcoming EPG meeting in Glasgow,2005,Placenta,0,"""NHE1""",target x growth x geometry,False,0.0
PMC13212359,42211569,10.3389/fcell.2026.1802828,Mesenchymal stem cell and exosome-based therapies for degenerative disc disease: from mechanisms to clinical translation.,2026,Frontiers in cell and developmental biology,0,"""osmotic swelling""",target x growth x geometry,False,0.0
PMC12708331,41415310,10.3389/fphys.2025.1666994,Modulation of mitochondrial voltage dependent anion channel: studies on bilayer electrophysiology.,2025,Frontiers in physiology,0,"""osmotic swelling""",target x growth x geometry,False,0.0
PMC12963903,41799950,10.1016/j.bioactmat.2026.02.051,A dual-functional hydrogel integrating adhesive and lubricating interfaces for mitochondrial protection-Driven cartilage regeneration.,2026,Bioactive materials,0,"""osmotic swelling""",target x growth x geometry,False,0.0
PMC13265476,42306306,10.3389/fcell.2026.1814812,Involvement of the pyroptosis-HMGB1 axis in systemic diseases.,2026,Frontiers in cell and developmental biology,0,"""osmotic swelling""",target x growth x geometry,False,0.0
PMC13284011,42065796,10.1007/s00701-026-06877-5,X-linked hypophosphatemia and spinal cord compression: a systematic review and illustrative case.,2026,Acta neurochirurgica,0,"""jasplakinolide""",compound x growth plate,False,0.0
PMC12986191,,,Tides of Promise: Sponge-Derived Marine Natural Products in Southeast Asia,2026,"Molecules (Basel, Switzerland)",0,"""jasplakinolide""",compound x growth plate,False,0.0
PMC12566179,41155848,10.3390/medicina61101861,Novel Variants and Clinical Heterogeneity in Pediatric Calcium Metabolism Disorders Identified Through High-Yield Tiered Genetic Testing in a Taiwanese Cohort.,2025,"Medicina (Kaunas, Lithuania)",0,"""jasplakinolide""",compound x growth plate,False,0.0
PMC12715694,41425125,10.1002/ccr3.71696,Beyond Nutritional Deficiency: Persistent Rickets as a Manifestation of Vitamin D-Dependent Rickets Type II in a Toddler.,2025,Clinical case reports,0,"""jasplakinolide""",compound x growth plate,False,0.0
PMC12634388,41281414,10.1177/18632521251398403,Two-year structural skeletal outcomes of burosumab therapy in pediatric X-linked hypophosphatemia: A radiographic cohort study.,2026,Journal of children's orthopaedics,0,"""jasplakinolide""",compound x growth plate,False,0.0
PMC12491405,41038887,10.1038/s41598-025-16687-x,Evaluation of organ and skeletal physiological characteristics for improved classification of growth-restricted newborn piglets.,2025,Scientific reports,0,"""jasplakinolide""",compound x growth plate,False,0.0
PMC12853065,41623900,10.1210/jendso/bvaf217,Elevated FGF23 Despite Biochemical Control Reveals Hidden Mineral Dysregulation in Chronic Hypoparathyroidism.,2026,Journal of the Endocrine Society,0,"""jasplakinolide""",compound x growth plate,False,0.0
PMC11582475,39575525,10.1002/vms3.70126,Feasibility of &lt;sup&gt;18&lt;/sup&gt;F-Fluorodeoxyglucose Positron Emission Tomography/Computed Tomography for the Assessment of Canine Granulosa Cell Tumours in Two Dogs.,2025,Veterinary medicine and science,0,"""jasplakinolide""",compound x growth plate,False,0.0
PMC12731950,41462855,10.3390/children12121715,Surgically Treated Benign Bone Tumors and Tumor-like Conditions in the Pediatric Population-A 10-Year Institutional Experience.,2025,"Children (Basel, Switzerland)",0,"""jasplakinolide""",compound x growth plate,False,0.0
PMC13273763,42318059,10.1016/j.jposna.2026.100382,Orthopaedist Beware: Severe Nutritional Rickets and Autism Spectrum Disorder.,2026,Journal of the Pediatric Orthopaedic Society of North America,0,"""jasplakinolide""",compound x growth plate,False,0.0
PMC12452640,40981202,10.3390/proteomes13030042,Proteomic Analysis of the Periodontal Ligament During Orthodontic Movement: A Study in Rats.,2025,Proteomes,0,"""aquaporin""",target x growth x geometry,False,0.0
PMC12892814,41540445,10.1186/s12964-025-02636-8,Chitinase-3-like protein 1 depletion in glioma cells alters tumor microenvironment and normalizes neovasculature in human glioma xenografts.,2026,Cell communication and signaling : CCS,0,"""aquaporin""",target x growth x geometry,False,0.0
PMC12249507,40649931,10.3390/ijms26136155,The Pharmacological Potential of &lt;i&gt;Marantodes pumilum&lt;/i&gt;: A Comprehensive Review of Its Medicinal Properties.,2025,International journal of molecular sciences,0,"""aquaporin""",target x growth x geometry,False,0.0
PMC13123382,42058116,10.1016/j.ekir.2026.106376,Kidney Volume and Molecular Processes are Dynamic in ADPKD.,2026,Kidney international reports,0,"""aquaporin""",target x growth x geometry,False,0.0
PMC12963921,41799951,10.1016/j.bioactmat.2026.02.034,Materiobiology-guided regulation of mesenchymal stromal cell fate for aging-related diseases: From basic parameter design to clinical application.,2026,Bioactive materials,0,"""aquaporin""",target x growth x geometry,False,0.0
PMC13204029,42193441,10.3390/biomedicines14051116,Evolution of Concepts Regarding the Diagnostic and Prognostic Significance of Glial Fibrillary Acidic Protein (GFAP)-Positive Extracellular Vesicles.,2026,Biomedicines,0,"""aquaporin""",target x growth x geometry,False,0.0
PMC11384718,39252016,10.1186/s12969-024-01004-z,Proceedings of the 31st European Paediatric Rheumatology Congress: part 1.,2024,Pediatric rheumatology online journal,0,"""colchicine""",compound x growth plate,False,0.0
PMC13205445,42196134,10.3390/gels12050450,Hydrogels for Healing Radiation-Injured Tissues and Organs.,2026,"Gels (Basel, Switzerland)",0,"""colchicine""",compound x growth plate,False,0.0
PMC13212335,42212266,10.3389/fphar.2026.1810048,Anti-arthritic activities of cross-linked hyaluronic acid-dexamethasone hydrogel in a rat model of gouty arthritis.,2026,Frontiers in pharmacology,0,"""colchicine""",compound x growth plate,False,0.0
PMC13217910,42203692,10.1080/21505594.2026.2679253,Research progress on the role of host factors in Chikungunya virus infection and intervention strategies.,2026,Virulence,0,"""RAC1""; ""colchicine""",compound x growth plate; target x growth x geometry,False,0.0
PMC11906439,40093021,10.3389/fmed.2025.1509018,Case report: Gouty renal abscess and gouty sacroiliitis associated with genetic variants of a young woman.,2025,Frontiers in medicine,0,"""colchicine""",compound x growth plate,False,0.0
PMC10404349,37551213,10.7759/cureus.41498,"A Case Report on the Atypical Symptoms of the Synovitis, Acne, Pustulosis, Hyperostosis, and Osteitis (SAPHO) Syndrome: Could COVID-19 Be a Cause?",2023,Cureus,0,"""colchicine""",compound x growth plate,False,0.0
PMC12321594,40765649,10.1002/ccr3.70746,Cyclic Thrombocytopenia Treated With Platelet Transfusion and Oral Preparation Containing Hyaluronic Acid (Oralvisc).,2025,Clinical case reports,0,"""colchicine""",compound x growth plate,False,0.0
PMC12926697,41737823,10.7759/cureus.104071,Mesenchymal Tumor of the Hand Causing Tumor-Induced Osteomalacia.,2026,Cureus,0,"""jasplakinolide""",compound x growth plate,False,0.0
PMC12638159,41277944,10.1155/sci/4806605,Optimization of Culture Media for Human Umbilical Cord-Derived Mesenchymal Stem Cell Production.,2025,Stem cells international,0,"""colchicine""",compound x growth plate,False,0.0
PMC12691014,41369418,10.3390/cells14231929,"PeriTox-M, a Cell-Based Assay for Peripheral Neurotoxicity with Improved Sensitivity to Mitochondrial Inhibitors.",2025,Cells,0,"""colchicine""",compound x growth plate,False,0.0
PMC12109116,40427674,10.3390/biology14050484,Construction and Influence of Induced Pluripotent Stem Cells on Early Embryo Development in Black Bone Sheep.,2025,Biology,0,"""colchicine""",compound x growth plate,False,0.0
PMC12665231,41328059,10.2147/jir.s556837,Advancing Gouty Arthritis Research: The Clinical Value of Complete Blood Cell Count Ratios and Immune-Inflammatory Interactions.,2025,Journal of inflammation research,0,"""colchicine""",compound x growth plate,False,0.0
PMC12410963,40917322,10.4103/ijem.ijem_43_25,Clinical Profile and Treatment Outcomes of Tumour-Induced Osteomalacia - A Single-Centre Experience.,2025,Indian journal of endocrinology and metabolism,0,"""jasplakinolide""",compound x growth plate,False,0.0
PMC13227006,42089253,10.1210/endocr/bqag059,Acidic extracellular pH-induced PTH secretion in male mouse parathyroids is OGR1-dependent.,2026,Endocrinology,0,"""jasplakinolide""",compound x growth plate,False,0.0
PMC13230282,41686372,10.1007/s10534-026-00794-x,Iron overload induced by ferric derisomaltose and ferric carboxymaltose both increase FGF-23 levels and lead to osteomalacia and bone loss in normal mice.,2026,"Biometals : an international journal on the role of metal ions in biology, biochemistry, and medicine",0,"""jasplakinolide""",compound x growth plate,False,0.0
PMC12763847,41291434,10.1186/s10020-025-01379-z,Identification of osteoarthritis-related genes and potential drugs based on single cell RNA-seq data.,2025,"Molecular medicine (Cambridge, Mass.)",0,"""colchicine""; ""lovastatin""",compound x growth plate,False,0.0
PMC5850937,,,"Abstracts from the Human Genome Meeting 2018 : Yokohama, Japan, 12-15 March 2018",2018,Human genomics,0,"""fasudil""",compound x growth plate,False,0.0
PMC7104549,,,Scientific Abstracts,2012,"Reproductive sciences (Thousand Oaks, Calif.)",0,"""fasudil""",compound x growth plate,False,0.0
PMC12869785,41647564,10.1016/j.fmre.2023.08.009,"Regulated cell death in musculoskeletal development, homeostasis, and diseases.",2026,Fundamental research,0,"""blebbistatin""",compound x growth plate,False,0.0
PMC12867410,41610884,10.1080/19491034.2026.2620879,Nuclear mechanobiology in confined cell migration.,2026,"Nucleus (Austin, Tex.)",0,"""actin cortex""; ""centrosome""",target x growth x geometry,False,0.0
PMC7163982,,,Poster Presentations,2008,The FEBS journal,0,"""CASIN""; ""NHE1""; ""cariporide""",compound x growth plate; target x growth x geometry,False,0.0
PMC7133215,,,Subject index,1998,Methods in enzymology,0,"""CASIN""",compound x growth plate,False,0.0
PMC13050450,41943850,10.7150/ijbs.129709,Mitochondria transfer in tissue homeostasis and diseases.,2026,International journal of biological sciences,0,"""CDC42""; ""blebbistatin""",compound x growth plate; target x growth x geometry,False,0.0
PMC13176150,42148297,10.3389/fcell.2026.1787805,Regulation of H-type angiogenesis and permeability in the subchondral bone of osteoarthritis: the role of Slit3 and the Robo4/Rac1-GTP/ROS axis.,2026,Frontiers in cell and developmental biology,0,"""NSC23766""; ""RAC1""; ""cadherin""",compound x growth plate; target x growth x geometry,False,0.0
PMC13199403,41912567,10.1038/s41467-026-70928-9,Mad1 facilitates α5 integrin trafficking from the Golgi to promote abscission during cytokinesis.,2026,Nature communications,0,"""blebbistatin""; ""latrunculin""; ""non-muscle myosin II""",compound x growth plate; target x growth x geometry,False,0.0
PMC13254189,42292400,10.3389/fimmu.2026.1738443,The potential involvement of FABP4 in rheumatoid arthritis-associated osteoporosis: a comprehensive bioinformatics analysis and experimental validation.,2026,Frontiers in immunology,0,"""CDC42""",target x growth x geometry,False,0.0
PMC13291450,42313705,10.1177/09636897261455558,Cdc42-Modified BMSC-Derived exosomes promote acellular nerve allografts to bridge sciatic nerve defects.,2026,Cell transplantation,0,"""CDC42""",target x growth x geometry,False,0.0
PMC13246893,42257811,10.1007/s12020-026-04656-x,"Improvements in screening test, diagnosis, and outcomes of children with congenital hypothyroidism: lessons learned from 50 years of newborn screening.",2026,Endocrine,0,"""CDC42""",target x growth x geometry,False,0.0
PMC12985295,41827886,10.3390/cells15050453,Identification of Genes and microRNAs Associated with Midfacial Hypoplasia in Mice.,2026,Cells,0,"""CDC42""",target x growth x geometry,False,0.0
PMC13236619,42253998,10.3389/fimmu.2026.1820174,"Single-cell extracellular vesicle-program scoring maps immunometabolic rewiring and immune crosstalk of mesenchymal stromal cells in intervertebral disc degeneration, prioritizing AP2S1 and CSTB.",2026,Frontiers in immunology,0,"""ripasudil""",compound x growth plate,False,0.0
PMC7095932,,,Oral Communications and Posters,2007,Inflammation research : official journal of the European Histamine Research Society ... [et al.],0,"""integrin beta1""",target x growth x geometry,False,0.0
PMC13198379,42179884,10.1093/rb/rbag075,Bioengineering developmentally inspired matrix vesicles as designer nanotherapeutics for bone regeneration.,2026,Regenerative biomaterials,0,"""CDC42""; ""cadherin""; ""focal adhesion""",target x growth x geometry,False,0.0
PMC12752838,41477219,10.1155/ijin/9092758,The Effect of HIF-2&lt;i&gt;α&lt;/i&gt; on the Development of Inflammation.,2025,International journal of inflammation,0,"""aquaporin""",target x growth x geometry,False,0.0
PMC13123099,41851891,10.1186/s12964-026-02794-3,Loss of CA12 drive proliferation and fibrosis in type i congenital pulmonary airway malformation via promoting abnormal activation of SHH signaling.,2026,Cell communication and signaling : CCS,0,"""aquaporin""",target x growth x geometry,False,0.0
PMC12907107,41650822,10.1016/j.redox.2026.104068,NRF2 deficit prevents pathologic Tau seeding and spreading in an induced tauopathy mouse model.,2026,Redox biology,0,"""aquaporin""",target x growth x geometry,False,0.0
PMC10902737,38425628,10.7759/cureus.53233,Nonfebrile Seizures in Pediatrics: Key Points to Remember.,2024,Cureus,0,"""jasplakinolide""",compound x growth plate,False,0.0
PMC13007666,41878054,10.2147/dnnd.s574901,Advancements in Therapy for Alzheimer's Disease Based on the Cerebral Lymphatic System.,2026,Degenerative neurological and neuromuscular disease,0,"""aquaporin""",target x growth x geometry,False,0.0
PMC12558785,41163679,10.3389/fendo.2025.1652391,"Investigation on the relationship between renal NONO expression, fibrosis and prognosis in diabetic nephropathy.",2025,Frontiers in endocrinology,0,"""aquaporin""",target x growth x geometry,False,0.0
PMC13099488,42027811,10.1016/j.bioactmat.2026.04.008,Emerging engineering strategies in bone organoids: From biomimetic scaffolds to dynamic microenvironmental stimulation.,2026,Bioactive materials,0,"""FAK""; ""PIEZO1""; ""RHOA""; ""TRPV4""; ""blebbistatin""; ""cadherin""; ""primary cilia""",compound x growth plate; target x growth x geometry,False,0.0
PMC12586295,40660628,10.1111/brv.70052,Nuclear destabilisation - a possible genesis of cancer?,2025,Biological reviews of the Cambridge Philosophical Society,0,"""blebbistatin""; ""non-muscle myosin II""",compound x growth plate; target x growth x geometry,False,0.0
PMC12680511,41356631,10.1002/ccr3.71594,Vitamin D-Mediated Hypercalcemia in a Dog With Putative Cutaneous Pythiosis.,2025,Clinical case reports,0,"""cholesterol""; ""jasplakinolide""",compound x growth plate,False,0.0
PMC7133333,9147623,10.1016/s0959-437x(96)80095-5,Differentiation and gene regulation.,1996,Current opinion in genetics & development,0,"""Ror-alpha""",target x growth x geometry,False,0.0
PMC11934544,40128722,10.1186/s13018-025-05729-9,Electroacupuncture attenuates intervertebral disc degeneration by upregulating aquaporins via the cAMP/PKA pathway.,2025,Journal of orthopaedic surgery and research,0,"""aquaporin""",target x growth x geometry,False,0.0
PMC12750179,41477341,10.1016/j.apsb.2025.09.040,ROS-scavenging nanomaterials as emerging tools for bone tissue regeneration: A comprehensive review of recent progress.,2025,Acta pharmaceutica Sinica. B,0,"""aquaporin""",target x growth x geometry,False,0.0
PMC12399342,40896276,10.1002/agm2.70027,Tendon Aging: A Silent Enemy Revealed Strategies for Effective Treatment.,2025,Aging medicine (Milton (N.S.W)),0,"""aquaporin""",target x growth x geometry,False,0.0
PMC12987846,41824006,10.1007/s11259-026-11128-0,Decoding sebaceous gland functions and diseases: insights from domestic animals.,2026,Veterinary research communications,0,"""aquaporin""",target x growth x geometry,False,0.0
PMC12569355,41134965,10.1177/00368504251390710,Multiple sclerosis: Glial cell activation - Biomarker advances and their translational significance.,2025,Science progress,0,"""aquaporin""",target x growth x geometry,False,0.0
PMC13100022,41913036,10.1007/s12015-026-11089-6,Quieting the Storm: Hypoxia as a Strategy to Boost UC-MSC Therapies for Hypoxic-Ischemic Brain Lesions in Neonatal Rats.,2026,Stem cell reviews and reports,0,"""aquaporin""",target x growth x geometry,False,0.0
