pmcid,pmid,year,title,figure,compounds,species,developmental_age,age_class,bone,normal_or_disease,culture_duration,concentration,exposure_schedule,longitudinal_length,appositional_width,terminal_cell_height,cell_volume_or_area,aspect_ratio,orientation,column_organisation,proliferation,apoptosis,matrix,washout_or_recovery,three_d_imaging,evidence_class,source_quotation,manual_review,evidence_class_automated,inspected_manually
PMC8085225,33927279,,Estrogen withdrawal alters cytoskeletal and primary ciliary dynamics resulting in increased Hedgehog and osteoclastogenic paracrine signalling in osteocytes.,Figure 5,Y27632,mouse,fetal,embryonic,,disease model,5 day,,continuous,False,False,False,True,False,False,False,False,False,False,True,False,3 inferred mechanics without morphology data,"The effect of actin contractility inhibition (E + Y27632) and α v β 3 antagonism (E + α v β 3 antagonism) on the actin cytoskeleton and focal adhesion assembly. Immunocytochemistry images showing (A) actin and nuclei staining and (B) vinculin and nuclei staining (N = 3, n ≥ 95 cells per group). Quantification of the images showing (C) cell area, (D) actin fluorescent intensity, (E) anisotropy of the actin fibres, (F) number of focal adhesions per cell, (G) focal adhesion area, (H) focal adhesion area per cell, and (I) % focal adhesion area/cell area. (Student’s t-test, *p &lt; 0.05, **p &lt; 0.01, ***p &lt; 0.001, ****p &lt; 0.0001).","The caption's 'anisotropy' is anisotropy of ACTIN FIBRES in cultured osteocytes, not chondrocyte axial geometry. The quantified panels are cell area, actin intensity, focal adhesion number and area. No cell height, no aspect ratio, no bone. The automated classifier matched the word and was wrong.",1 direct measured axial geometry,True
PMC10279950,37346276,,Influence of Rho/ROCK inhibitor Y-27632 on proliferation of equine mesenchymal stromal cells.,Figure 2,Y-27632,,,not stated,,normal,,,,False,False,False,False,False,False,False,False,False,False,True,False,2 general morphology without axial measurement,"Brightfield microscopy of ASC and BMSC. Cells were treated with 10 ng/mL TGF-β3 or 10 μM Y-27632, and in combination or with 10 μM etoposide and analyzed after 48 h incubation. Representative images show cell morphology and confluency after stimulation. Arrows highlight single flattened cells with poor contrast.",,2 general morphology without axial measurement,False
PMC10283062,37351173,,Microtubule stabilization targeting regenerative chondrocyte cluster for cartilage regeneration.,Figure 4,nocodazole,rat; human,,not stated,femoral,normal,,,,False,False,False,False,False,False,False,False,False,False,False,True,2 general morphology without axial measurement,"Microtubule stabilization promotes chondrogenesis and regeneration in human chondrocytes and rat cartilage repair. (A) Pellet cultures in chondrogenic medium (CM) treated with different concentrations of nocodazole (N) and docetaxel (D) for 4 weeks. SO and toluidine blue (TB) staining and immunohistochemical staining of Col II and Col I of pellets. Scale bar, 100 μm. (B) Quantification of data A, n = 3. MT stabilization by docetaxel treatment promoted the chondrogenesis. Scale bar, 200 μm. (C) Macroscopic appearance and histology of the cartilage defect in rat knee joint. Top: gross view of femoral condyle, middle: close-up view of the trochlear region, lower: micro-CT 3D reconstruction. Whi",,2 general morphology without axial measurement,False
PMC10371340,37219951,,TIAM1 acts as an actin organization regulator to control adipose tissue-derived pericyte cell fate.,Figure 5,NSC23766; Y27632,mouse; human,fetal,embryonic,,normal,3 day,,,False,False,False,False,False,False,False,True,False,False,False,False,2 general morphology without axial measurement,"Rac1 and ROCK inhibitors alter pericyte morphology and osteo/adipogenic differentiation potential with TIAM1 misexpression. ( A and B ) Pericyte morphology after 48 hours of treatment with NSC23766 (Rac1 inhibitor, 5 μM) or Y27632 (ROCK inhibitor, 10 μM). F-actin appears green and DAPI staining appears blue. Images shown of human pericytes with TIAM1 -KD or scramble siRNA. ( C ) Osteogenic gene markers at day 7 of osteogenic differentiation among TIAM1 -KD or siRNA control–treated pericytes with NSC23766 or Y27632, as assessed by qRT-PCR. ALPL, alkaline phosphatase; BGLAP, osteocalcin; SP7, osterix. ( D and E ) Alizarin red staining and quantification on day 10 of osteogenic differentiation.",,2 general morphology without axial measurement,False
PMC10508846,37731766,,PIEZO1 is downregulated in glenohumeral chondrocytes in early cuff tear arthropathy following a massive rotator cuff tear in a mouse model.,FIGURE 1,Yoda1,mouse,22 week old,postnatal,femur,normal,,5 nM,,False,False,False,False,False,False,False,True,True,False,False,True,2 general morphology without axial measurement,"Chondrocyte mechano-vulnerability in humeral heads of C57BL6/J male mice. (A) Schematic of mechano-vulnerability set up. Humeral heads were imaged via fluorescence confocal microscopy before and after the 2mJ impact. The live and dead cells are indicated in red and green as shown. Cells outside of the sphericity of the humeral head are within the stump of the rotator cuff tendons and joint capsule, which was reflected during dissection. (B) Representative images of live/dead assay after 2mJ impact of humeral cartilage of contralateral control group (DMSO 0.02%) and with Yoda1, PIEZO1 specific agonist (10 μM) i. Micrograph of before impact, scale bar = 200 μm ii. Micrograph of after impact, s",,2 general morphology without axial measurement,False
PMC10728492,38116014,,Inhibition of focal adhesion kinase 2 results in a macrophage polarization shift to M2 which attenuates local and systemic inflammation and reduces heterotopic ossification after polysystem extremity trauma.,Figure 1,defactinib,rat,12-week old,postnatal,femur,normal,14 day,,continuous,False,False,False,False,False,False,False,False,False,False,False,False,2 general morphology without axial measurement,"Illustration of the research study design and experimental approach. Adult male Sprague Dawley rats (350-450 g) underwent a sequential polysystem injury involving whole-body blast overpressure (120 kPa), a complex orthopaedic injury involving a mid-shaft femur fracture and medial quadriceps crush injury, followed by 180 min of tourniquet induced ischemia, and immediate hindlimb amputation. During the same anesthetic event, subcutaneous Alzet osmotic drug delivery pumps were implanted in the dorsum behind the scapulae containing either vehicle solution (1:1 DMSO to PEG300) or Defactinib (PF573228; mean pumping rate: 10 mg/kg/day; 6.94 µg/kg/min for 14 days). Cohorts of rats (n=5 per group for",,2 general morphology without axial measurement,False
PMC11873292,40025030,,Apolipoprotein E is a marker of all chondrocytes in the growth plate resting zone.,Fig. 3,cholesterol,mouse,4-week-old,postnatal,Tibial,normal,,,,False,False,False,False,False,False,False,False,False,False,False,False,2 general morphology without axial measurement,"Systemic and skeletal phenotypes of newly generated Apoe mCherry/+ mice. a Gene editing strategy to generate Apoe mCherry knock-in mice. b Body weights ( Apoe +/+ males = 19, Apoe +/+ females = 11, Apoe mCherry/+ males = 12, Apoe mCherry/+ females = 13), femur lengths measured by micro-CT scanning ( Apoe +/+ males = 11, Apoe +/+ females = 9, Apoe mCherry/+ males = 12, Apoe mCherry/+ females = 11), plasma APOE levels measured by ELISA ( n = 5 for each group), and blood lipid levels measured by colorimetric assays ( n = 5 for each group except the total cholesterol level in the Apoe mCherry/+ group which is n = 4). Samples were from independent animals. Data were presented as mean ± SD. Two-wa",,2 general morphology without axial measurement,False
PMC11889814,40057686,,Piezo1 promotes intervertebral disc degeneration through the Ca&lt;sup&gt;2+&lt;/sup&gt;/F-actin/Yap signaling axis.,Fig. 1,GsMTx4; Yoda1,mouse,,not stated,vertebral,normal,,,,False,False,False,False,False,False,False,False,False,False,False,False,2 general morphology without axial measurement,"Piezo1 is involved in intervertebral disc degeneration. A The L4/5 level intervertebral discs from the CTRL, IVDD, IVDD + Yoda1 and IVDD + GsMTx4 groups were stained with hematoxylin–eosin. The black arrow highlights the bone tissue (scale bar, 200 μm). B The height of the intervertebral discs in the four groups were analyzed by Micro-CT (scale bar, 2.0 mm). C The CEPs from the four groups were analyzed using Micro-CT to detect the bone density (scale bar, 100 μm). D Analysis of the histological scores of the lumbar vertebrae from the four groups. E Histomorphometry analysis of the intervertebral disc heights of the four groups. F Bone volume/total volume was used to evaluate the calcificati",,2 general morphology without axial measurement,False
PMC11889814,40057686,,Piezo1 promotes intervertebral disc degeneration through the Ca&lt;sup&gt;2+&lt;/sup&gt;/F-actin/Yap signaling axis.,Fig. 4,Yoda1,mouse,,not stated,,normal,,,,False,False,False,False,False,False,False,False,True,True,False,False,2 general morphology without axial measurement,"Piezo1 activation can promote Yap activation via calcium influx. A The intracellular calcium content in chondrocytes was determined following intervention with the Piezo1 agonist, Yoda1 (30 μM), for 24 h, TBHP (100 μM) for 6 h, and BAPTA-AM (5 μM) for 24 h using pCMV-jGCaMP7c. The intracellular calcium content was observed by the green fluorescence intensity using an inverted microscope (scale bar, 25 μm). B The cytoskeleton morphology was measured by Actin-Tracker Red-594 following intervention with Yoda1, TBHP and BAPTA-AM. The cytoskeleton morphology was observed under an inverted microscope (scale bar, 12.5 μm). C The protein levels of CTGF and the ratio of Yap/p-Yap were detected by wes",,2 general morphology without axial measurement,False
PMC11889814,40057686,,Piezo1 promotes intervertebral disc degeneration through the Ca&lt;sup&gt;2+&lt;/sup&gt;/F-actin/Yap signaling axis.,Fig. 5,Yoda1; latrunculin,mouse,,not stated,,normal,,,,False,False,False,False,False,False,False,False,True,True,False,False,2 general morphology without axial measurement,"Piezo1 activation can promote Yap activation via cytoskeleton polymerization. A The intracellular calcium content in chondrocytes was determined following intervention with the Piezo1 agonist, Yoda1 (30 μM), for 24 h, TBHP (100 μM) for 6 h, and Latrunculin A (0.5 μM) for 30 min using pCMV-jGCaMP7c. The intracellular calcium content was observed by the green fluorescence intensity using an inverted microscope (scale bar, 25 μm). B The cytoskeleton morphology was measured by Actin-Tracker Red-594 following intervention with Yoda1, TBHP and Latrunculin A. The cytoskeleton morphology was observed under an inverted microscope (scale bar, 12.5 μm). C The ratio of Yap/p-Yap and the protein level of",,2 general morphology without axial measurement,False
PMC12005758,39998420,,4D Biofabrication of Magnetically Augmented Callus Assembloid Implants Enables Rapid Endochondral Ossification via Activation of Mechanosensitive Pathways.,Figure 6,CASIN,,,not stated,,normal,,,,False,False,False,False,False,False,False,False,False,False,False,False,2 general morphology without axial measurement,"MCAs accelerate bone formation upon in vivo implantation. a) Stereoscopic images of the explants of Day 7 assembloids of both control and Mag+ condition after 4 weeks ectopically in vivo. Trichrome Masson's staining was performed on tissue cross sections with a ROI zoomed in image, along with µCT data of the corresponding samples. b) Stereoscopic images of explants from Day 21 assembloids of control and Mag+ condition and their corresponding Trichrome Masson's stains and µCT images. c) Mineralized percentage % plot between the two conditions on Day 7 and Day 21 assembloids (N = 4). d) Average Number of Mineralized objects plot showcasing the maturity and rigidity of the newform bone (N = 4).",,2 general morphology without axial measurement,False
PMC12005758,39998420,,4D Biofabrication of Magnetically Augmented Callus Assembloid Implants Enables Rapid Endochondral Ossification via Activation of Mechanosensitive Pathways.,Figure 8,CASIN,,,not stated,,normal,,,,False,False,False,False,False,False,False,True,False,False,False,False,2 general morphology without axial measurement,MNPs monitoring through in vitro and in vivo processes. a) Prussian Blue staining verifying the presence and localization of iron depositions found in pericellular honeycomb structures in vitro and b) in the periphery of the mineralized cartilage and inside the bone marrow compartment (explants). c) Magnetic hysteresis curve of magnetic treated in vitro and ex vivo dry samples (emu g −1 drySample) showcasing the superparamagnetic behavior offered by the IONPs. d) Hysteresis curve for the bare IONPs (emu g −1 dryPowder Fe 3 O 4 ) used as a reference to quantify the contribution and amount of Fe 3 O 4 per sample. e) Iron oxide content (µg) measurement comparison between in vitro and ex vivo sa,,2 general morphology without axial measurement,False
PMC12065127,40170340,,Electric field promoted odontogenic differentiation of stem cells from apical papilla by remodelling cytoskeleton.,FIGURE 4,Y27632; blebbistatin; nocodazole,human,foetal,embryonic,,normal,14 day,,,False,False,False,False,False,False,False,False,False,False,False,False,2 general morphology without axial measurement,"DCEFs induced alterations in cell morphology, arrangement and polarization of SCAP. (a, b) Fluorescent images and histograms revealed SCAP were disordered without DCEFs stimulation whilst regularly aligned after 200 mV/mm DCEFs stimulation respectively (black arrow: the direction of DCEFs, green: F‐actin stained by phalloidin, scale bar = 100 μm). (c) The width‐to‐length ratio of DCEFs group was generally lower compared to that of the control group in distribution diagram. (d, e) Nocodazole, Blebbistatin and Y27632 decreased the migration speed and efficiency of SCAP. (f, g) Cytoskeletal polymerization inhibitors showed no significant effect on X‐axis translocation and migration direction of",,2 general morphology without axial measurement,False
PMC12123560,40377908,,Yoda1-Loaded Microfibrous Scaffolds Accelerate Osteogenesis through Piezo1-F-Actin Pathway-Mediated YAP Nuclear Localization and Functionalization.,2,Yoda1,,E1,embryonic,,normal,,,,False,False,False,False,False,False,False,True,False,False,False,False,2 general morphology without axial measurement,"Characterization of EHD-printed microfibrous scaffolds. (A) SEM images of the P, PP, and PPY groups. (B) EDS elemental maps of carbon (C), oxygen (O), nitrogen (N), chlorine (Cl), and sulfur (S) in the P, PP, and PPY groups. (C) Quantitative surface morphology and (D) roughness analysis of the P, PP, and PPY groups. (E) XRD analysis of the P, PP, and PPY groups. (F) Tensile stress–strain curves of the P, PP, and PPY groups. (G) Proliferation of MC3T3-E1 cells under different concentrations of Yoda1. (H) Release curves of Yoda1 from the PPY groups. n = 3. ** P &lt; 0.01, *** P &lt; 0.001, and **** P &lt; 0.0001.",,2 general morphology without axial measurement,False
PMC12313542,40745673,,The Mechanosensitive Ion Channel Piezo1 Regulates Chondrocyte Homeostasis Through the PI3K/AKT/mTORC1 Pathway in Osteoarthritis.,FIGURE 4,Yoda1,rat,,not stated,,normal,,,,False,False,False,False,False,False,False,False,False,False,False,False,2 general morphology without axial measurement,"Yoda1 can activate Piezo1 channels, resulting in an imbalance in chondrocyte homeostasis. (A, B) Chondrocytes treated with siNC or si Piezo1 were incubated with Fura‐8 AM dye, followed by the addition of DMSO or 10 μM Yoda1. Scatter plots demonstrate the change in average intracellular calcium concentration over time. Bar graph analysis compares the maximum change of individual cell calcium concentrations in the siNC and si Piezo1 groups ( n = 7). (C, D) After chondrocytes were exposed to 10 μM Yoda1 for 0, 2, 6, and 12 h, PIEZO1 protein levels were analysed by western blot and quantified. (E) Representative morphological images of chondrocytes following treatment with 10 μM Yoda1 for 0, 2, ",,2 general morphology without axial measurement,False
PMC12533149,40714837,,PIEZO1-GPX4 Axis Mediates Mechanical Stress-Induced Vertebral Growth Plate Dysplasia via Ferroptosis Activation.,Figure 3,GsMTx4,mouse,,not stated,Vertebral,normal,,,,False,False,False,False,False,False,False,False,True,False,False,False,2 general morphology without axial measurement,"Upregulation of PIEZO1 in Vertebral Growth Plate Chondrocytes and Enhanced Ferroptosis Accelerating Degeneration and Ossification of Vertebral Growth Plate Chondrocytes Due to Enhanced Mechanical Stress. A) Schematic diagram of the mechanical stimulation device. B) Schematic representation of cells treated with different drugs under 70 KPa mechanical stress. C) Morphology of vertebral growth plate chondrocytes from mice treated with GsMTx4 or Fer‐1 under 70 KPa mechanical stimulation for 6 h d −1 over 3 d. D) Observation of the cytoskeleton using phalloidin. E–H) Western blot and RT‐PCR analyses of iron metabolism markers (ACSL4, SLC7A11, and GPX4), chondrogenesis‐related markers (ACAN, COL2",,2 general morphology without axial measurement,False
PMC12533149,40714837,,PIEZO1-GPX4 Axis Mediates Mechanical Stress-Induced Vertebral Growth Plate Dysplasia via Ferroptosis Activation.,Figure 6,GsMTx4,mouse,,not stated,femoral,disease model,,,,False,False,False,False,False,False,False,False,False,True,False,False,2 general morphology without axial measurement,Utilizing PIEZO1 to regulate ferroptosis in vertebral growth plate chondrocytes may be a potential therapeutic mechanism to delay the rapid progression of vertebral growth plate dysplasia diseases. A) Schematic diagram of the experimental design for the treatment of scoliosis model mice with specific chondrocyte PIEZO1 knockout and GsMTx4 injection. B) In vivo assessment of PIEZO1 conditional knockout (cKO) and GsMTx4 therapeutic efficacy in scoliotic mice via whole‐spine radiography and femoral micro‐computed tomography (micro‐CT). C) Line graph recording the progression of Cobb angles in scoliosis mice treated with PIEZO1‐cKO and GsMTx4 application. D) Comparison of femoral trabecular bone,,2 general morphology without axial measurement,False
PMC12575704,41168230,,"Interplay of ECM organization, ROCK signaling, and cell polarity drives mesothelium formation and lung growth.",Fig. 6,Y27632,mouse,E16.5,embryonic,,normal,8 hours,,,False,False,False,False,False,False,False,True,False,False,True,False,2 general morphology without axial measurement,"Elastic fiber disruption and ROCK signaling inhibition lead to defects in mesothelial cell polarity, leading to reduced lung size. a Immunostaining for Tropoelastin (green) and PDPN (red), and DAPI staining (blue) of lung sections of E16.5 WT ( n = 6) and Frem2 G7229A/G7229A ( n = 6) mice. b Quantification of short elastic fibers around mesothelial cells (as in a ). c Immunostaining for Tropoelastin (green) and PDPN (red), and DAPI staining (blue) of E18.5 control ( n = 6) and Wt1CreER T2 ;Frem2 flox/flox ( n = 6) lungs. d Quantification of short elastic fibers around mesothelial cells (as in c ). e Representative images of ventral views of E16.5 WT lungs after treatment with DMEM/F-12 mediu",,2 general morphology without axial measurement,False
PMC12585761,41194970,,PIEZO1-Primary Cilia Axis Mediates Compressive Stress-Induced Growth Plate Degeneration and Ossification in Adolescent Idiopathic Scoliosis.,FIGURE 4,Yoda1,mouse,,not stated,,disease model,,,,False,False,False,False,False,False,False,False,False,True,False,False,2 general morphology without axial measurement,"Primary cilia are the intermediate link for PIEZO1 to exert its biological functions in the growth plate cartilage. (A) ABS, ARS, and ALP staining of growth plate chondrocytes treated with Yoda1, siIFT88, and CH. (B, C) Western Blot was used to detect the protein levels in growth plate chondrocytes treated with Yoda1, siIFT88, and CH, followed by quantitative analysis. (D) Immunofluorescence detection of COL1A2 in growth plate chondrocytes treated with Yoda1, siIFT88, and CH. (E) Appearance of the pressurized mouse tail and x‐ray observation after pressurization. (F) Magnetic resonance imaging (MRI) examination of the pressurized (CS) mouse tails of IFT88 conditional knockout mice (IFT88‐cKO",,2 general morphology without axial measurement,False
PMC12858872,41617674,,Microenvironmental stiffness directs microtubule perturbation in chondrocyte mitosis via ILK-refilinB/Smad3 axis.,Fig. 2,nocodazole,mouse,fetal,embryonic,,normal,,,,False,False,False,False,False,False,False,False,False,False,False,False,2 general morphology without axial measurement,"Microtubule distribution is coupled to mechanical stiffness. a Representative CLSM images (upper panel) indicating different microtubule morphologies and distributions in chondrocytes in response to soft/stiff substrates ( n = 8). White arrows indicate different microtubule morphologies in the cytoplasm, and yellow arrows indicate microtubule extension towards the cell membrane boundary. Representative CLSM image (lower) indicating the expression of acetyl-α-tubulin in chondrocytes seeded onto soft/stiff substrates ( n = 3). The cyan-boxed areas indicate the expression of acetyl-α-tubulin at the boundary of the cell membrane, and white boxed areas indicate the expression of acetyl-α-tubulin ",,2 general morphology without axial measurement,False
PMC2700520,19349584,,Integrin-linked kinase is required for radial sorting of axons and Schwann cell remyelination in the peripheral nervous system.,Figure 5.,fasudil,mouse,P8,postnatal,,disease model,,,continuous,False,False,False,False,False,False,False,False,False,False,False,False,2 general morphology without axial measurement,"Inhibition of ROCK signaling facilitates axonal sorting in ILK mutant mice. ILK conditional control and mutant mice were injected i.p. with either PBS or 40 mg/kg/d fasudil over six consecutive days from P8 to P13. SNs were collected at P14. (A, a–d) Toluidine blue–stained 0.5-µm semithin sections of control and mutant animals injected with either fasudil or with PBS only. (a and b) There were no visible differences in myelination between fasudil- and PBS-injected control nerves. Bars, 10 µm. (B, a–d) Electron micrographs of mutant animals injected with either fasudil or with PBS only. PBS-injected mutant mice display large unsorted axonal bundles (a and c) as seen before, whereas bundles in",,2 general morphology without axial measurement,False
PMC3879916,24404335,,A ROCK Inhibitor Blocks the Inhibitory Effect of Chondroitin Sulfate Proteoglycan on Morphological Changes of Mesenchymal Stromal/Stem Cells into Neuron-Like Cells.,Fig. 1.,Y27632,human,,not stated,,normal,,,pretreatment,False,False,False,False,False,False,False,False,False,False,False,False,2 general morphology without axial measurement,"CSPG dose-dependently inhibits morphological changes of WJ-MSCs induced by the ROCK inhibitor Y27632. WJ-MSCs were treated with CSPG (1, 3, or 10 μg/ml) for 1 h and then incubated in the presence of 30 μM Y27632 for 72 h. (A) The morphological changes in induced cells were examined under a microscope. Scale bar=100 μm. (B) Total branch length per cell was assessed after 72 h of treatment with CSPG and/or Y27632. Data represent mean ± standard error (n=3). * p &lt;0.05, ** p &lt;0.01.",,2 general morphology without axial measurement,False
PMC3879916,24404335,,A ROCK Inhibitor Blocks the Inhibitory Effect of Chondroitin Sulfate Proteoglycan on Morphological Changes of Mesenchymal Stromal/Stem Cells into Neuron-Like Cells.,Fig. 2.,Y27632,human,,not stated,,normal,,100 nM,Pretreatment,False,False,False,False,False,False,False,False,False,False,False,False,2 general morphology without axial measurement,"Pretreatment of CSPG blocks morphological changes of WJ-MSCs into neuron-like cells induced by Y27632 and CoCl 2 through mediation by PKC. WJ-MSCs were pre-treated with the PKC inhibitors (Go6976 or calphostin C, 100 nM) or GSK3-β inhibitor (SB415286, 10 μM) for 1 h, and then with 10 μg/mL CSPG for 1 h and incubated with 100 μM CoCl 2 and 30 μM Y27632 in EGM2 for 72 h. (A) The morphological changes in induced cells were examined under a microscope. Scale bar=100 μm. (B) Total branch length per cell was assessed after 6 or 72 h of treatment with Y27632 and CoCl 2 . Representative data from three independent experiments performed in triplicate. Y, Y27632; C, CoCl 2 . Data represent mean ± stan",,2 general morphology without axial measurement,False
PMC3879916,24404335,,A ROCK Inhibitor Blocks the Inhibitory Effect of Chondroitin Sulfate Proteoglycan on Morphological Changes of Mesenchymal Stromal/Stem Cells into Neuron-Like Cells.,Fig. 4.,Y27632,human,,not stated,,normal,,,pretreatment,False,False,False,False,False,False,False,False,False,False,False,False,2 general morphology without axial measurement,"CSPG treatment after initiation of induction by Y27632 and CoCl 2 results in no significant inhibition in morphological changes into neuron-like cells. WJ-MSCs were treated with Y27632 and CoCl 2 for 1 h, and then CSPG was added and incubated for 6 h. (A) Morphological changes were observed under a microscope. (B) Average total length of the branches per cell (mm) was analyzed using ImageJ software. Representative data from three independent experiments performed in triplicate. Y, Y27632; C, CoCl 2 . Data represent mean ± standard error (n=3). ** p &lt;0.01, Scale bar=100 μm.",,2 general morphology without axial measurement,False
PMC3879916,24404335,,A ROCK Inhibitor Blocks the Inhibitory Effect of Chondroitin Sulfate Proteoglycan on Morphological Changes of Mesenchymal Stromal/Stem Cells into Neuron-Like Cells.,Fig. 5.,Y27632,human,,not stated,,normal,,,pre-treatment,False,False,False,False,False,False,False,False,False,False,False,False,2 general morphology without axial measurement,"Y27632 treatment blocks the inhibitory effect of CSPG on BM-MSC differentiation into neuron-like cells by Woodbury’s method. BM-MSCs were induced to differentiate into neuron-like cells by Woodbury’s method after pre-treatment with 30 μM Y27632 (1 h), and/or then with 10 μg/mL CSPG (another 1 h). (A) After 5 h of incubation, the morphological changes were observed under a microscope. (B) Average total length of branches per cell (mm) was analyzed using ImageJ software. Images were obtained from four fields in each well. Data represent mean ± standard error (n=4). * p &lt;0.05, ** p &lt;0.01, Scale bar=50 μm.",,2 general morphology without axial measurement,False
PMC3978574,24286344,,The progressive ankylosis gene product ANK regulates extracellular ATP levels in primary articular chondrocytes.,Figure 2,GSK1016790A,,,not stated,,normal,,100 mM; 100 nM,,False,False,False,False,False,False,False,False,False,False,False,False,2 general morphology without axial measurement,"Roles of Ca 2+ signaling and transient receptor potential vanilloid 4 (TRPV4) channels in hypotonically-induced release of eATP from chondrocytes. For the following experiments, chondrocytes were incubated with each additive for 30 minutes in 100 μl of media with no additives acting as a control. A hypotonic challenge was initiated by removing 35 μl of media, replacing it with 35 μl of H 2 O. eATP levels were measured after 10 minutes. Bars represent mean ± standard error. Under control conditions, a hypotonic challenge consistently increases (eATP). (A) Chondrocytes were incubated with 100 μM A23187, which increased eATP levels (n = 8; ** P &lt;0.01, *** P &lt;0.001). (B) Chondrocytes were ",,2 general morphology without axial measurement,False
PMC4225469,23826660,,Uncovering the cellular and molecular changes in tendon stem/progenitor cells attributed to tendon aging and degeneration.,Fig 4,latrunculin,human,,not stated,,normal,,,,False,False,False,True,False,False,False,False,False,False,False,False,2 general morphology without axial measurement,"Comparison of cell size, F-actin organization, and turnover in Y- and A-TSPC. (A) Phase-contrast images at passage 1. (B) Quantification of cell area of three Y-TSPC versus three A-TSPC donors (50 cells per group) grown on plastic dishes. (C) Phalloidin-stained TSPC (actin fibers are in red). (D) Quantification of the F-actin amount in Y- and A-TSPC after Latrunculin A (LatA) treatment. The individual data points show mean ± SD from three different donors per group. (E) Representative images of phalloidin labeling at each time point of the LatA treatment. DAPI (in blue) was used for nuclear staining.",,2 general morphology without axial measurement,False
PMC4225469,23826660,,Uncovering the cellular and molecular changes in tendon stem/progenitor cells attributed to tendon aging and degeneration.,Fig 6,Y-27632,human,,not stated,,normal,,,,False,False,False,True,False,False,False,False,False,True,False,False,2 general morphology without axial measurement,"ROCK inhibition in A-TSPC. (A) Phalloidin staining of Y-TSPC, A-TSPC, and A-TSPC treated with the ROCK inhibitor 10 μ m Y-27632. (B) Quantification of cell area. TSPC were cultivated on collagen I (200 cells per donor group were analyzed). (C) Comparison of F-actin content of Y-TSPC, A-TSPC, and A-TSPC + Y-27632 prior LanA treatment. RFU, relative fluorescent units. (D) Quantification of the F-actin amount upon LatA treatment. (E and F) Scratch assays on collagen I. Representative images at 0 and 9 h; cellular fronts are outlined with black lines. Cell velocity was calculated from four scratches per donor. The above-mentioned experiments were reproduced twice independently with three differe",,2 general morphology without axial measurement,False
PMC4516504,20196782,,Control of chondrocyte gene expression by actin dynamics: a novel role of cholesterol/Ror-alpha signalling in endochondral bone growth.,Figure 1,Y27632; cytochalasin D; jasplakinolide,mouse,E15.5,embryonic,Tibiae,normal,6 day,50 nM,every other day,True,True,False,False,False,False,False,True,False,True,False,False,2 general morphology without axial measurement,"Disruption of actin organization increases bone growth in organ culture and alters growth plate organization. Tibiae were isolated from E15.5 mice and incubated for a period of 6 days with DMSO vehicle, 1 μM cytochalasin D, 10 μM Y27632 or 50 nM jasplakinolide. (A) Tibiae were fixed and then stained with Alcian Blue for the detection of sulphated glycosaminoglycans and with Alizarin Red for mineral content. Data shown are representative of four independent trials, scale bar = 1 mm. (B) Lengths of tibiae were measured at the beginning and end of the 6-day culture period to determine the average longitudinal growth. All treatments result in a significant increase in longitudinal growth, but bo",,2 general morphology without axial measurement,False
PMC4516504,20196782,,Control of chondrocyte gene expression by actin dynamics: a novel role of cholesterol/Ror-alpha signalling in endochondral bone growth.,Figure 6,cytochalasin D,mouse,E15.5,embryonic,tibia,normal,6 day,,every other day,False,False,False,False,False,False,False,True,False,False,False,False,2 general morphology without axial measurement,"Ror-α and Hif-1α expression pattern in the growth plate. (A) Paraffin-embedded sections from tibia organ cultures were analysed for Ror-α protein expression by immunohistochemistry. Ror-α protein levels are highest in the pre-hypertrophic and hypertrophic regions of control sections, but high throughout the growth plate of cytochalasin D treated bones. Data shown are representative of 3 independent trials, scale bar = 0.1 mm. (B) Paraffin embedded sections were analysed for Hif-1α protein expression. Hif-1α protein levels are highest in the pre-hypertrophic and hypertrophic region of control sections. In sections from tibia treated with 1 μM cytochalasin D, Hif-1α expression was found throug",,2 general morphology without axial measurement,False
PMC4516504,20196782,,Control of chondrocyte gene expression by actin dynamics: a novel role of cholesterol/Ror-alpha signalling in endochondral bone growth.,Figure 9,HPCD; cholesterol; cytochalasin D; lovastatin,mouse,E15.5,embryonic,tibia,normal,6 day,,every other day,False,False,False,False,False,False,False,False,False,False,False,False,2 general morphology without axial measurement,"Growth plate morphology of cholesterol treated tibia. After 6 days in culture, treated tibiae were embedded in paraffin and sectioned. Growth plates were stained with haematoxylin for visualization of growth plate organization. Growth plates were treated with cholesterol and in combination with cytochalasin D or cholesterol synthesis was inhibited by HPCD pre-treatment followed by lovastatin and in combination with cholesterol and cytochalasin D. Growth plates treated with cholesterol showed larger, more rounded cells throughout the growth plate; however, they still exhibited organized growth plate zones. Inhibition of cholesterol synthesis also resulted in rounded cellular morphology, excep",,2 general morphology without axial measurement,False
PMC4855537,27126736,,RhoA determines lineage fate of mesenchymal stem cells by modulating CTGF-VEGF complex in extracellular matrix.,Figure 4,Y27632; fasudil,mouse; rat,12-week-old,postnatal,femoral,normal,3 day,,,False,False,False,False,False,False,False,True,False,False,False,False,2 general morphology without axial measurement,"RhoA/ROCK inhibitor promotes endothelium repair and inhibits neointima formation in mice with arterial injury. Nestin-Cre::ROSA26-EYFP mice were subjected to either sham surgery or wire insertion-induced injury in femoral arteries 4 weeks (4W) after procedure. Fasudil at a dose of 30 mg kg −1 dissolved in water was administered by an oral gavage twice daily to mice, starting at 3 days before the surgery until 4W after. ( a ) Haematoxylin and eosin (H&amp;E) staining of the artery sections from the mice. A, adventitia layer; I, intima layer; M, media smooth muscle layer. ( b ) Ratio of intima/media areas ( I / M ratio) of mouse femoral arteries. n =5, * P &lt;0.001 versus Sham. # P &lt;0.001 ",,2 general morphology without axial measurement,False
PMC4855537,27126736,,RhoA determines lineage fate of mesenchymal stem cells by modulating CTGF-VEGF complex in extracellular matrix.,Figure 8,fasudil,mouse; rat,12-week-old,postnatal,femoral,normal,3 day,,,False,False,False,False,False,False,False,True,False,True,False,False,2 general morphology without axial measurement,"Increased MMP3 in ECM and VEGF signalling in EYFP + cells were seen at the intima layer of the injured arteries in mice treated with ROCK inhibitor. Nestin-Cre::ROSA26-EYFP mice were subjected to either sham surgery or wire insertion-induced injury in femoral arteries 4 weeks (4W) after procedure. Fasudil at a dose of 30 mg kg −1 dissolved in water was administered by an oral gavage twice daily to mice, starting at 3 days before the surgery until 4 weeks after. Immunofluorescence staining of the artery sections using antibodies against CTGF, fibronectin and collagen I ( a , in red). Double-immunofluorescence staining of the artery sections using antibodies against EYFP (green) and MMP3 (red)",,2 general morphology without axial measurement,False
PMC6009972,29921325,,Inhibition of the RhoGTPase Cdc42 by ML141 enhances hepatocyte differentiation from human adipose-derived mesenchymal stem cells via the Wnt5a/PI3K/miR-122 pathway: impact of the age of the donor.,Fig. 3,ML141,,,not stated,,normal,28 day,,,False,False,False,False,False,False,False,True,False,False,False,False,2 general morphology without axial measurement,"Impact of ML141 on hepatic, adipogenic, and neurogenic differentiation of young and aged-derived hADSCs. hADSCs were isolated from young or aged subjects and subjected to hepatocyte/adipocyte/neural differentiation as indicated in the Methods for 28 days. Cells were collected at day 0 (MSCs) at the moment of induction of the differentiation, and days 14 and 28 of the differentiation. Cells were incubated with or without 10 μM ML141 following two protocols of treatment: from day −2 to day 14 of the differentiation (d-2/14) and from day 14 to day 28 of the differentiation (d14/28). The effect of ML141 was evaluated at day 28 of the differentiation. a Representative images of morphological cell",,2 general morphology without axial measurement,False
PMC6296470,30569032,,Mechanotransduction and cell biomechanics of the intervertebral disc.,Figure 4,Y27632,,,not stated,,normal,,,,False,False,False,False,False,False,False,False,False,True,False,False,2 general morphology without axial measurement,"(A) When porcine nucleus pulposus (NP) cells are treated with the ROCK inhibitor Y27632, multicell cluster morphology is lost, and single cells are observed with little cell–cell interactions. (B) ROCK inhibition also promotes decreased biosynthetic s‐GAG activity and (C) expression of the NP markers n ‐cadherin, T (brachyury), aggrecan, and collagen II (adapted from Hwang et al 151 )",,2 general morphology without axial measurement,False
PMC6362014,30718762,,Caveolin-1α regulates primary cilium length by controlling RhoA GTPase activity.,Figure 5,cytochalasin D,mouse,,not stated,,disease model,5 day,100 nM,,False,False,False,False,False,False,False,False,False,False,False,True,2 general morphology without axial measurement,"Cav1α knockout impairs apical actin network that leads to cilium lengthening. (A–F) Cells were grown on Transwells for 5 days, then fixed and analyzed by confocal microscopy. ( A ) Immunofluorescence images showing the apical (top panels) and basolateral (bottom panels) membrane of control and Cav1α KO cells and of control cells treated with 100 nM cytochalasin D (CytD) for 5 h and stained for F-actin and γ-tubulin. ( B ) The scatter-plot represents the area of the pericentrosomal region that lacks F-actin staining. ( C ) Immunofluorescence images showing the apical membrane of control cells treated with 100 nM CytD for 5 h stained for F-actin and Cav1. The boxed regions are shown enlarged a",,2 general morphology without axial measurement,False
PMC6383868,30789897,,Feather arrays are patterned by interacting signalling and cell density waves.,Fig 1,latrunculin,chick,E6.5,embryonic,femoral,normal,24 hours,150 ng/ml; 500 ng/ml,,False,False,False,False,False,True,False,False,False,False,False,False,2 general morphology without axial measurement,"Molecular and cellular interactions in feather patterning. (A) Sections of embryonic skin showing cell distribution before and after feather primordium formation. Cell nuclei are stained purple. Black dashed lines indicate the epithelial-mesenchymal boundary. Schematic below. Scale bar: 100 μm. (B) Time series of feather primordium formation in chicken embryos from E6.5 visualised by detection of CTNNB1 expression by RNA in situ hybridisation. Arrowheads indicate the discrete tracts that are visible in this orientation (red: dorsal, green: humeral, blue: femoral, purple: alar). Scale bar: 2.5 mm. (C) Skin explants from E6.5 CAG-GFP embryos cultured for 0 or 24 hours. Cell condensates appear ",,2 general morphology without axial measurement,False
PMC6396101,30825839,,Non-muscle Myosin-II Is Required for the Generation of a Constriction Site for Subsequent Abscission.,Figure 4,blebbistatin; nocodazole,,,not stated,,normal,,,,False,False,False,False,False,False,False,False,False,False,False,False,2 general morphology without axial measurement,"NM-II Motor Activity Is Required for Midbody Maturation and the Generation of a Site of Constriction (A) The sites of constriction are abolished by treatment with 7.5 μM Blebbistatin. HeLa-Kyoto cells were synchronized sequentially with thymidine, nocodazole, and MG132, and then released into fresh medium for 45 min. Two aliquots of these cells were treated with DMSO or 7.5 μM Blebbistatin for 60 min (early midbody stage) or 120 min (late midbody stage), respectively, before being fixed and stained with anti-Cep55 (green) and anti-α-tubulin (red) antibodies. Arrows, sites of constriction; arrowheads, the site of abscission. Scale bar, 5 μm. (B) Measurements of the diameter of the midbody, th",,2 general morphology without axial measurement,False
PMC6554687,31214026,,Nobiletin Inhibits IL-1β-Induced Inflammation in Chondrocytes <i>via</i> Suppression of NF-κB Signaling and Attenuates Osteoarthritis in Mice.,Figure 9,nobiletin,mouse,Fetal,embryonic,,disease model,,,,False,False,False,False,False,False,False,False,False,True,False,False,2 general morphology without axial measurement,"Nobiletin suppressed degradation of cartilage in a mouse model of OA. Safranin O staining was used to assess histomorphometric differences between the sham, OA, and OA + nobiletin groups. Mice received intraperitoneal injections of nobiletin (20 mg/kg) or an inert vehicle (DMSO) in the 8th week after surgery. Histological analysis of OA was evaluated by Safranin O staining (A) and hematoxylin and eosin (H&amp;E) staining for synovitis, Osteoarthritis Research Society International (OARSI) scores (B) , and synovitis scores (C) . Immunohistochemistry of MMP-13 was assessed to the effect of nobiletin on cartilage matrix degradation in mice OA models (black arrows indicate the examples of MMP-13",,2 general morphology without axial measurement,False
PMC6628028,31212828,,Src and ROCK Kinases Differentially Regulate Mineralization of Human Osteosarcoma Saos-2 Cells.,Figure 1,Y-27632,human,E1,embryonic,,normal,7 day,,,False,False,False,False,False,False,False,False,False,False,False,False,2 general morphology without axial measurement,"( A1 – F1 ) Morphology of Saos-2 cells in resting conditions ( A1 , C1 , E1 ) or after seven-day stimulation with absorbic acid (AA) and β-glycerophosphate (β-GP) ( B1 , D1 , F1 ). Cells were either non-treated ( A1 , B1 ) or treated with inhibitors: 20 μM of 4-amino-5-(4-chlorophenyl)-7-(t-butyl)pyrazolo [3,4-d] pyrimidine (PP2) for sarcoma proto-oncogene tyrosine-protein (Src) kinases ( C1 , D1 ) or 20 μM of (R)-(+)-trans-4-(1-aminoethyl)-N-(4-pyridyl) cyclohexane carboxamide hydrochloride (Y-27632) for Rho-associated coiled-coil (ROCK) kinases ( E1 , F1 ) and observed under an Axiovert 40C light microscope (Zeiss) with phase contrast, magnification 120×. ( A2 – F2 ) Morphology of minerali",,2 general morphology without axial measurement,False
PMC6637207,31316098,,Fluorescence Imaging of Actin Turnover Parses Early Stem Cell Lineage Divergence and Senescence.,Figure 2,cytochalasin D; jasplakinolide; nocodazole,,,not stated,,normal,2 hrs,1 nM; 1 uM; 8 nM; 8uM,,False,False,False,False,False,False,False,False,False,False,False,False,2 general morphology without axial measurement,"Characterizing the influence of cytoskeletal perturbations on SiR-actin staining. ( a ) Change in actin morphology 2 hrs of treatment with low or high dose of drugs. Conditions include: untreated, nocodazole- (8 nM, 8uM; NOC), cytochalasin D (1 nM, 1 uM; CYTO) and jasplakinolide (1 nM, 1 uM; JASP). ( b ) Change in SA staining due to altered actin turnover by low dose of cytoskeletal drugs. For each group, values are mean + standard error (n = 3). *p &lt; 0.05, **p &lt; 0.01, ***p &lt; 0.001 vs the untreated group. ( c ) Change in SA staining due to serum deprivation. BA: basal media, SDM: serum deprived media, BA- &gt; SDM: SA staining performed in BA, then switched to SDM, SDM- &gt; BA: SA ",,2 general morphology without axial measurement,False
PMC7925793,33655459,,RhoA/Rock activation represents a new mechanism for inactivating Wnt/β-catenin signaling in the aging-associated bone loss.,Fig. 8,fasudil,mouse; human,,not stated,Tibias,normal,,,,False,False,False,False,False,False,False,False,False,False,False,False,2 general morphology without axial measurement,"Pharmacological inhibition of Rock by Fasudil antagonizes aging-associated bone loss. 8-month-old male mice were orally administrated with vehicle (Veh.) or Fasudil (Fas.) at 100 mg/kg once daily for 2 months. Tibias were harvested for the following analyses. a , b Representative μCT images and parameters including BV/TV, Tb.Th, Tb.N, and Tb.Sp for the proximal tibias. c , d Representative images of H&amp;E staining and quantification of Ob.N/BS and Ob.S/BS for the proximal tibia sections. e , f Representative images of Trap staining and quantification of Oc.N/BS and Oc.S/BS for the proximal tibia sections. g , h qPCR analyses for Alp , Bsp , Runx2 , Lef1 , Cyclin D1 (C.D1) , and Axin2 mRNA ",,2 general morphology without axial measurement,False
PMC8478414,34542405,,Condensation tendency and planar isotropic actin gradient induce radial alignment in confined monolayers.,Figure 2.,Y27632; blebbistatin,rat,fetal,embryonic,,normal,24 hr,,,False,False,False,True,False,True,False,True,False,False,False,False,2 general morphology without axial measurement,"Effect of cell contractility and cell-cell adhesion on cell alignment. ( A ) Phase images of REF 11b at 24 hr and 48 hr after cell seeding. Average cell angle deviation is quantified with respect to distance from the center of the pattern. n = 16 patterns. Scale bar: 100 μm. ( B ) Representative images showing single REF cells cultured on PMA substrates and vector map of deduced traction forces. Plots show the total traction force per cell and traction force per cell area of individual REF 2c and 11b cells. n = 15 cells per subclone. ( C ) Phase images of REF 2c treated with DMSO, Blebbistatin, and Y27632 at 48 hr. Average cell angle deviation is quantified with respect to distance from the ",,2 general morphology without axial measurement,False
PMC8564058,34755093,,An ATX-LPA&lt;sub&gt;6&lt;/sub&gt;-Gα&lt;sub&gt;13&lt;/sub&gt;-ROCK axis shapes and maintains caudal vein plexus in zebrafish.,Figure 4,blebbistatin,zebrafish,E2,embryonic,,disease model,,,,False,False,False,False,False,False,False,False,False,False,False,True,2 general morphology without axial measurement,"Similar abnormal CVP structure in gna13a / gna13b double mutant embryos and embryos treated with inhibitors of actin stress fiber formation (A, B, and D) All images are projection views of confocal z stack images and cross-sectional images of CVP. Scale bars, 100 μm. For (D), inhibitors were added at 24 hpf and images were taken at 36 hpf. (A and B) Images of control ( gna13a +/− / gna13b +/− ) and gna13a / gna13b double KO ( gna13a −/− / gna13b −/− ) embryos were taken from 25 hpf to 29 hpf. Arrowheads and hollow arrowheads indicate sprouts and anastomosed (re-joined) sprouts, respectively. Cross-linked structure formed in lumen is pointed with arrows. (C) Numbers of separated vessels surro",,2 general morphology without axial measurement,False
PMC8724769,34981518,,Balancing the length of the distal tip by septins is key for stability and signalling function of primary cilia.,Figure 4,cytochalasin D; nocodazole,human,,not stated,,normal,,,,False,False,False,False,False,False,False,False,False,False,False,False,2 general morphology without axial measurement,"Septin negatively controls distal segment elongation in RPE1 cells A, B Cilia length changes in RPE1 cells treated with the indicated siRNAs and 48 h SS stained with indicated antibodies. Representative images of cilia (A) and quantifications (B) are shown. Dot plots in (B) represent individual cilia. Scale bar: 1.5 µm. Three biological replicates, n = 100 cilia per sample and repetition. C, D Cilia length changes in RPE1 SEPT2‐KO single clones after 48 h SS stained with indicated antibodies. Representative images of cilia (C) and quantifications (D) are shown. Dot plots in (D) represent individual cilia. The parental cells (WT) and four KO clones (C7, C16, C10, C13) derived from two indepen",,2 general morphology without axial measurement,False
PMC9321928,35877910,,Roles of Sodium Hydrogen Exchanger (NHE1) and Anion Exchanger (AE2) across Chondrocytes Plasma Membrane during Longitudinal Bone Growth.,Figure 4,EIPA,rat,,not stated,tibial,normal,,,,False,False,False,False,False,False,False,True,False,False,False,False,2 general morphology without axial measurement,"Histomicrograph showing the height of the tibial GP and HCZ of GP in different treatment groups after 48 h treatments with EIPA or DIDS. The straight vertical line at the -mid-GP section was used to determine the total GP length. Panel ( A , B ) are a comparison of HCZ length in EIPA-treated and its control group. Panels ( C , D ) are a comparison of HCZ length in DIDS-treated and its control group. Scale bar = 100 μm in all panels, X10 objective. PCZ, HCZ, and MB stand for proliferative chondrocytes zone, hypertrophic chondrocytes zone, and mineralized bone, respectively. Slides were stained with toluidine blue O.",,2 general morphology without axial measurement,False
PMC9621586,36325441,,Aberrant activation of TGF-β1 induces high bone turnover <i>via</i> Rho GTPases-mediated cytoskeletal remodeling in Camurati-Engelmann disease.,Figure 6,NSC23766; Y27632,,,not stated,,disease model,,,pretreated,False,False,False,True,False,False,False,True,False,False,False,False,2 general morphology without axial measurement,"Inhibition of Rho GTPases suppresses migration of RAW264.7 cells by disrupting the actin cytoskeleton. (A) RAW264.7 cells were pretreated with an inhibitor (SB431542, Y27632, or NSC23766) for 24 h, treated with RANKL plus TGF-β1 for 10 min, fixed, permeabilized, and stained with phalloidin to visualize F-actin. TGF-β1-treated cells had well-defined intracellular F-actin (white asterisks) and filopodia (white arrows). Cells treated with inhibitors had less intracellular F-actin and fine aggregates of F-actin. The inhibitors caused marked morphological changes and reduced cell size, especially during treatment with NSC23766, following which cells contained little intracellular F-actin and tend",,2 general morphology without axial measurement,False
PMC10077675,37020186,,RhoA promotes osteoclastogenesis and regulates bone remodeling through mTOR-NFATc1 signaling.,Fig. 4,Y27632,mouse,fetal,embryonic,,disease model,,10 µM; 20 µM,,False,False,False,False,False,False,False,False,False,False,False,False,3 inferred mechanics without morphology data,"Rock enhanced the formation of osteoclasts by mTOR pathway. a Representative TRAP staining images of BMMs cultured with indicated doses of Y27632. b Expression of osteoclast-specific genes in BMMs cultured with 20 µM Y27632. c Western blot of NFATc1 in BMMs treated with Y27632 and RANKL. d Western blot of S6, p70-S6K, and Akt phosphorylation in BMMs treated with Y27632. e Co-IP of mTOR and Rock association in RAW264.7 cells with RANKL treated. f TRAP staining of BMMs infected with lenti-S6K1 and treated with or without Y27632. g Representative TRAP staining images of BMMs cultured with Y27632 and SC79 (10 µM). n = 6, Scale bars, 200 µm. Mean ± s.d., * ,+ P &lt; 0.05, ** P &lt; 0.01, Student’",,3 inferred mechanics without morphology data,False
PMC10104879,37059721,,In mitosis integrins reduce adhesion to extracellular matrix and strengthen adhesion to adjacent cells.,Fig. 6,cytochalasin D,,fetal,embryonic,,normal,,,,False,False,False,False,False,False,False,False,False,False,False,False,3 inferred mechanics without morphology data,"Mitotic cells do not engage integrins to the contractile actomyosin. a Fluorescence intensity of wildtype (Fig. 2b ) or talin1-head domain expressing (TKO + THD) HeLa cells labeled for extended β1 integrins (clone 9EG7). Dots represent median fluorescence intensities of 20,000 cells normalized to the mean median fluorescence intensity of untreated interphase HeLa cells, bars the mean of all normalized medians, and error bars their SEM. n (samples) indicates the number of biological independent samples tested. b Adhesion forces of interphase (left) or mitotic STC (right) TKO + THD HeLa cells to Matrigel or BSA after given contact times. Dots represent adhesion forces of single cells, red bars",,3 inferred mechanics without morphology data,False
PMC10178441,37175575,,Activation of the Mechanosensitive Ion Channels Piezo1 and TRPV4 in Primary Human Healthy and Osteoarthritic Chondrocytes Exhibits Ion Channel Crosstalk and Modulates Gene Expression.,Figure 1,Yoda1,human,fetal,embryonic,Femoral,normal,,,,False,False,False,False,False,False,False,True,False,False,False,False,3 inferred mechanics without morphology data,"Increase in intracellular Ca 2+ concentration [Ca 2+ ] i by Yoda1 in pCH-OA cells. Response of Fura-2 loaded human primary chondrocytes to 0.1, 0.3, and 1.0 μM Yoda1. Original traces are shown exemplarily from one donor each ( a – c ). When Ca 2+ was omitted from the perfusion solution (NT without, w/o, Ca 2+ ), [Ca 2+ ] i was reduced ( a ). The effect of Yoda1 was not changed by depleting intracellular Ca 2+ stores with Thapsigargin (+Thaps), although histamine-induced Ca 2+ release was completely abolished (HIS w/o Ca 2+ ) ( b ). Same measurements as in ( b ) but before Thapsigargin application ( c ). Averaged responses (mean ± SEM) to different concentrations of Yoda1 before and after rem",,3 inferred mechanics without morphology data,False
PMC10178441,37175575,,Activation of the Mechanosensitive Ion Channels Piezo1 and TRPV4 in Primary Human Healthy and Osteoarthritic Chondrocytes Exhibits Ion Channel Crosstalk and Modulates Gene Expression.,Figure 2,Yoda1,human,fetal,embryonic,Femoral,normal,,,,False,False,False,False,False,False,False,False,False,False,False,False,3 inferred mechanics without morphology data,"Agonist-dependent activation of Piezo1 and TRPV4. Original traces for sequential activation by GSK and Yoda1 and vice versa in pCH-OA cells; bars in the upper part of the figure mark the addition of the agonists ( a , b ); the arrow and letter designation mark the change in [Ca 2+ ] i induced by the treatments and therefore the measure points ((i): [Ca 2+ ] after GSK, (ii): [Ca 2+ ] after additional Yoda1 in ( a ) and (i): [Ca 2+ ] after Yoda1, (ii): [Ca 2+ ] i after additional GSK in ( b )). The red arrow symbolizes the hight of the additional effect evoked by Yoda ( a ) or GSK ( b ). For ( c – e ), the total amounts of repeated measurements on at least four different donor cells are given ",,3 inferred mechanics without morphology data,False
PMC10178441,37175575,,Activation of the Mechanosensitive Ion Channels Piezo1 and TRPV4 in Primary Human Healthy and Osteoarthritic Chondrocytes Exhibits Ion Channel Crosstalk and Modulates Gene Expression.,Figure 3,Yoda1,human,fetal,embryonic,Femoral,normal,,,,False,False,False,False,False,False,False,False,False,False,False,False,3 inferred mechanics without morphology data,"Interplay between Ca 2+ ionophore A23187 and Yoda1 activation. Time course of the Yoda1 (1.0 μM) induced [Ca 2+ ] i ( a ) and the effect of A23187 application (3.0 μM) plus subsequent effect on Yoda1 perfusion ( b ) in pCH-OA cells are given. Arrow and letter designation mark the change in [Ca 2+ ] i induced by the treatments, and therefore the measure points (i): [Ca 2+ ] i after Yoda1, (ii): [Ca 2+ ] i after A23187 and before Yoda1 application, (iii): Yoda1 applied after A23187. The area for A23187 application is marked in red; the bar chart represents the averaged (mean ± SEM) [Ca 2+ ] i of the individual treatment regiments; the number of total experiments is given (n). The red arrow sym",,3 inferred mechanics without morphology data,False
PMC10178441,37175575,,Activation of the Mechanosensitive Ion Channels Piezo1 and TRPV4 in Primary Human Healthy and Osteoarthritic Chondrocytes Exhibits Ion Channel Crosstalk and Modulates Gene Expression.,Figure 4,Yoda1,rat; human,fetal,embryonic,Femoral,normal,,,,False,False,False,False,False,False,False,False,False,False,False,False,3 inferred mechanics without morphology data,"Expression of mechanosensitive channels Piezo1/2 and TPV4 in pCH-OA and HC by immunofluorescence (IF). The bar charts represent the fluorescence forming units (f.f.u.) under control (DMSO; n = 4) and after 24 h of stimulation with 0.1 μM (n = 2), 0.3 μM (n = 4) and 1.0 μM (n = 4) Yoda 1 ( a ). The difference in expression between pCH-OA and HC for TRPV4 under 0.1 μM Yoda1 is statistically significant (**: p &lt; 0.01). Representative examples from IF stainings are shown for control conditions (DMSO) and 0.1 μM Yoda1 ( b ). DAPI (4′,6-diamidino-2-phenylindole) (blue) was used to stain nuclei, and anti-rat TRPV4 was used for channel detection (red). Bar charts depict the effect of Yoda1 ( c ) ",,3 inferred mechanics without morphology data,False
PMC10178441,37175575,,Activation of the Mechanosensitive Ion Channels Piezo1 and TRPV4 in Primary Human Healthy and Osteoarthritic Chondrocytes Exhibits Ion Channel Crosstalk and Modulates Gene Expression.,Figure 5,Yoda1,human,fetal,embryonic,Femoral,normal,,,,False,False,False,False,False,False,False,False,False,True,False,False,3 inferred mechanics without morphology data,"Relative gene expression of the matrix metalloproteinases MMP1 ( a ), MMP3 ( b ), MMP13 ( c ), the tissue inhibitor of metalloproteinase-2 (TIMP-2) ( d ), the bone morphogenetic protein 2 (BMP-2) ( e ), and Collagen type I (Col1A1) ( f ) under the influence of 0 (ctrl, DMSO) and 0.1–3.0 μM Yoda1 is given as mean ± SEM. The changes shown are normalized to DMSO values given as ctrl (vehicle controls). Control healthy (HC, bars greyscale) and OA chondrocytes (pCH-OA, bars blue scale) are shown. The experiments were performed in duplicates, number of donors is given in parenthesis: MMP1 (n = 9), MMP3 (n = 8), MMP13 (n = 9), TIMP-2 (n = 6), BMP-2 (n = 6) and Col1A1 (n = 5). Statistical significan",,3 inferred mechanics without morphology data,False
PMC10178441,37175575,,Activation of the Mechanosensitive Ion Channels Piezo1 and TRPV4 in Primary Human Healthy and Osteoarthritic Chondrocytes Exhibits Ion Channel Crosstalk and Modulates Gene Expression.,Figure 6,Yoda1,human,fetal,embryonic,Femoral,normal,,,,False,False,False,False,False,False,False,False,False,False,False,False,3 inferred mechanics without morphology data,"Relative gene expression of interleukins IL4 ( a ), IL6 ( b ), and IL ( c ) under the influence of 0 (ctrl, DMSO) and 0.1–3.0 μM Yoda1 as mean ± SEM is given. Presented fold changes are normalized to DMSO values; control healthy (HC, bars greyscale) and OA chondrocytes (pCH-OA, bars blue scale) are shown. The experiments were performed in duplicates, number of donors is given in parenthesis: IL4 (n = 7), IL-6 (n = 8), and IL-8 (n = 8). Statistical significance levels were calculated via the Mann–Whitney test; *: p &lt; 0.05, **: p &lt; 0.01, ***: p &lt; 0.001, ****: p &lt; 0.0001.",,3 inferred mechanics without morphology data,False
PMC10189446,37206242,,Unique osteogenic profile of bone marrow stem cells stimulated in perfusion bioreactor is Rho-ROCK-mediated contractility dependent.,FIGURE 5,Y27632; blebbistatin,rat,fetal,embryonic,femur,normal,24 hours,,,False,False,False,False,False,False,False,True,False,False,False,True,3 inferred mechanics without morphology data,"Cell growth under perfusion with/without inhibitors of actomyosin contractility. (a) Rhosin chloride (Rhosin), Y27632 dihydrochloride (Y27632), MLCK inhibitory peptide 18 (MLCK ip 18), and Blebbistatin (203390) were added to the culture medium during the dynamic cell culture, leading forcible cell relaxation. (b, c) The quantification of double strand DNA (dsDNA) demonstrated the cells in the dynamic culture were less proliferative compared to the static counterpart. The inhibition of actomyosin contractility mitigated cell proliferation in the dynamic but not static conditions. Dunnett's multiple comparison was performed by comparing to DMSO control within static and dynamic conditions. (d,",,3 inferred mechanics without morphology data,False
PMC10279950,37346276,,Influence of Rho/ROCK inhibitor Y-27632 on proliferation of equine mesenchymal stromal cells.,Figure 3,Y-27632,,,not stated,,normal,,,,False,False,False,False,False,False,False,True,False,False,True,False,3 inferred mechanics without morphology data,"Fluorescence images of EdU- and Ki-67-labeling. ASC and BMSC were treated with 10 ng/mL TGF-β3 or 10 μM Y-27632, and in combination, or with 10 μM etoposide and analyzed after 48 h incubation. Representative images of ASC show nuclei staining (DAPI) and EdU- and Ki-67-labeling (A) . The diagrams represent quantitative image analysis results of proliferation activity of ASC and BMSC treatment groups (B) . Bars represent the median values, error bars the 95% confidence intervals. The asterisks indicate significant differences between the corresponding groups when the data of ASC and BMSC are combined (* corresponds to p &lt; 0.05; ** corresponds to p &lt; 0.01; *** corresponds to p &lt; 0.001;",,3 inferred mechanics without morphology data,False
PMC10279950,37346276,,Influence of Rho/ROCK inhibitor Y-27632 on proliferation of equine mesenchymal stromal cells.,Figure 4,Y-27632,,p53,postnatal,,normal,,,,False,False,False,False,False,False,False,False,False,False,True,False,3 inferred mechanics without morphology data,"Gene expression of p53 and p21. ASC and BMSC were treated with 10 ng/mL TGF-β3, 10 μM Y-27632, in combination or 10 μM etoposide and analyzed after 48 h incubation. Bars represent the median values, error bars the 95% confidence intervals.",,3 inferred mechanics without morphology data,False
PMC10283062,37351173,,Microtubule stabilization targeting regenerative chondrocyte cluster for cartilage regeneration.,Figure 3,nocodazole,human,P1,postnatal,,normal,,,,False,False,False,False,False,False,False,False,False,False,False,False,3 inferred mechanics without morphology data,"The relationship among Increased microtubule-related phenotype and CHI3L1 + C. (A) GSVA analysis revealing multiple microtubule (MT) process involved in CHI3L1 + C. (B) GSEA analysis revealing several MT-related GO terms positively correlated with damaged CHI3L1 + C. (C) Feature plots showing the relative expression of indicated markers for each cell cluster on the t-SNE map. The CHI3L1 + C was circled in the white dot line. (D) Violin plots showing the expression of CD79B in each clusters (left). Schematic of magnetic-activated cell sorting (MACS) of primary chondrocytes (CHs) (upper). Western blot analysis of CD79B, Ace-tubulin, COL II, and SOX9 in CD79B - and CD79B + CHs (lower). (E) West",,3 inferred mechanics without morphology data,False
PMC10283062,37351173,,Microtubule stabilization targeting regenerative chondrocyte cluster for cartilage regeneration.,Figure 5,nocodazole,rat; human,,not stated,,normal,,,,False,False,False,False,False,False,False,False,False,False,False,False,3 inferred mechanics without morphology data,"The role of microtubule stabilization for YAP inhibition. (A) Immunofluorescence staining for YAP in rat cartilage injury model. Enclosed areas are enlarged in below panels. Scale bar, 100 μm. The borders of cartilage with articular cavity and subchondral bone were marked with white dot line. (B) Quantification of data A in each group [injury (I), nocodazole (N) and docetaxel (D)], n = 5. (C) Western blot analysis of phosphorylated YAP and YAP treated with nocodazole (N) or docetaxel (D) for 1 week in chondrocytes (CHs). (D) Quantification of the data of each protein for C, n = 5. (E) Immunofluorescence staining for YAP in CHs treated with nocodazole (N) or docetaxel (D) for 1 week. Enclosed",,3 inferred mechanics without morphology data,False
PMC10319900,37402746,,"TRP (transient receptor potential) ion channel family: structures, biological functions and therapeutic interventions for diseases.",Fig. 6,HC-067047; cholesterol,mouse; rat,p65,postnatal,,disease model,,,pretreatment,False,False,False,False,False,False,False,True,False,False,True,False,3 inferred mechanics without morphology data,"Effect of TRP channels on NAFLD. HC-067047 (HC) inhibits TRPV4 activity, increases CYP2E1 activity, and upregulates IL-1β, IFN-γ, HMGB1, and MCP-1 expressions, which lead to NAFLD. Activation of TRPV1 increases ATP consumption and cholesterol metabolism, reduces thermogenesis and calcium ion concentrations, decreases ROS levels, visceral fat accumulation, and toxicity and ultimately inhibits NAFLD development. Conversely, inhibition of TRPV1 activity is followed by a decrease in serum glucose and insulin, which can exacerbate the disease. Interestingly, curcumin counteracts the development of NAFLD by inhibiting TRPM2, which results in lower calcium ion concentrations and ROS levels and inhi",,3 inferred mechanics without morphology data,False
PMC10372640,37459546,,Membrane stretch as the mechanism of activation of PIEZO1 ion channels in chondrocytes.,Fig. 1.,Yoda1,,fetal,embryonic,femoral,normal,,,,False,False,False,False,False,False,False,False,False,False,False,True,3 inferred mechanics without morphology data,"Role of PIEZO1 and PIEZO2 in primary porcine chondrocytes during mechanical or pharmacologic activation. ( A ) Immunohistochemistry staining for PIEZO1 (red), PIEZO2 (yellow), and DAPI (blue). (Scale bar: 5 µm.) ( B ) mRNA levels of PIEZO1 (P1) and PIEZO2 (P2) normalized to ACTB expression level in nontargeting control (NTC) and P1-siRNA or P2-siRNA. ( C ) Protein levels of PIEZO1 ( Left ) and PIEZO2 ( Right ) in NTC and P1-siRNA or P2-siRNA chondrocytes. ( D ) AFM loading response of P1-siRNA cells compared to their respective NTCs showing representative cell signaling trend, normalized intracellular Ca 2+ fluorescence intensity ΔF max /F, the percentage of the responding cells, and deforma",,3 inferred mechanics without morphology data,False
PMC10508846,37731766,,PIEZO1 is downregulated in glenohumeral chondrocytes in early cuff tear arthropathy following a massive rotator cuff tear in a mouse model.,FIGURE 5,Yoda1,mouse,22 week old,postnatal,femur,normal,,,,False,False,False,False,False,False,False,True,False,False,False,True,3 inferred mechanics without morphology data,"PIEZO1 functional expression 14 weeks status post RCT. (A) Representative Fura2 load micrographs: (top) 340 nm excitation, (bottom) ratiometric (340 nm/380 nm) image with pseudo colors. (B) Representative intracellular Ca 2+ concentration of contralateral control mice following Yoda1 treatment 1min in situ with blue and green lines representing two of four biologic replicates. (C) Representative intracellular Ca 2+ concentration of RCT injured mice following Yoda1 treatment 1min in situ with red and orange lines representing two of four biologic replicates. (D) Average resting [Ca 2+ ]o and (E) average Yoda1 (40 μM)-induced Δ[Ca 2+ ]Yoda1 in contralateral control limb compared to RCT-injured",,3 inferred mechanics without morphology data,False
PMC10551038,37794028,,Autophagy: Regulator of cell death.,Fig. 2,cholesterol,,,not stated,,normal,,,,False,False,False,False,False,False,False,False,True,False,False,False,3 inferred mechanics without morphology data,"Excessive ER-phagy-mediated cell death. ① The transcription factors ATF4, TFEB, and TFE3 induce the expression of the ER-phagy receptors FAM134B/RETREG1 and TEX264 after pharmacological treatment, thereby initiating the ER-phagy program. Dephosphorylated CK2 phosphorylates the LIR in FAM134B and TEX264 to enhance their ability to bind LC3. The ER is cleaved into small fragments, which are wrapped by the isolation membrane and eventually degraded by lysosomes. Excessive ER consumption eventually leads to cell death. ②Excessive ER-phagy leads to the disruption of lipid and cholesterol metabolism, and lipid accumulation in lysosomes results in the accumulation of Lipid-ROS and the release of LM",,3 inferred mechanics without morphology data,False
PMC10658171,37981648,,Hypoxia-induced signaling in the cardiovascular system: pathogenesis and therapeutic targets.,Fig. 6,cholesterol,,,not stated,,normal,,,,False,False,False,False,False,False,False,False,False,False,False,False,3 inferred mechanics without morphology data,"Development of drugs targeting hypoxia signaling in cardiovascular diseases. a Pharmacological agents directly or indirectly associated with HIF signaling. b HIFs relationship with GLP-1RA, SLGT2i, and PCSK9i. (Created with BioRender.com ). Abbreviations: DPP4 dipeptidyl peptidase-4, GLP-1 glucagon-like peptide-1, GLP-1R glucagon-like peptide-1 receptor, GLP-1RA glucagon-like peptide-1 receptor agonist, GPR40 G protein-coupled receptor 40, LDL-C low-density lipoprotein cholesterol, LRP1 low-density lipoprotein receptor-related protein 1, PCSK9 proprotein convertase subtilisin/kexin type 9, PCSK9i proprotein convertase subtilisin/kexin type 9 inhibitor, SLGT2i sodium-glucose cotransporter-2 i",,3 inferred mechanics without morphology data,False
PMC10698167,38052778,,Risk of metabolic abnormalities in osteoarthritis: a new perspective to understand its pathological mechanisms.,Fig. 3,cholesterol,,,not stated,,normal,,,,False,False,False,False,False,False,False,True,False,True,False,False,3 inferred mechanics without morphology data,"The role of liver nuclear receptor LXR in osteoarthritis. The liver nuclear receptor LXR binds to ABCA1, promotes the efflux of cholesterol in chondrocytes, inhibits the activation of the NF-κB pathway and reduces the expression of IL-1β, TNF-α, MMP13 and ADAMTS5. LXR agonists can promote LXR expression and strengthen the above two pathways. LXR liver X receptor, ABCA1 ATP-binding cassette transporter A1, NF-κB nuclear factor-k-gene binding, IL-1β interleukin-1β, TNF-α tumor necrosis factor-α, MMP13 matrix metalloproteinases 13, ADAMTS5 a disintegrin and metalloproteinase protein 5",,3 inferred mechanics without morphology data,False
PMC10728492,38116014,,Inhibition of focal adhesion kinase 2 results in a macrophage polarization shift to M2 which attenuates local and systemic inflammation and reduces heterotopic ossification after polysystem extremity trauma.,Figure 5,PF-573228,rat,12-week old,postnatal,femoral,normal,14 day,,continuous,False,False,False,False,False,False,False,False,False,False,False,False,3 inferred mechanics without morphology data,"Level of pan-macrophage, classic proinflammatory M1 and alternative activated anti-inflammatory M2 gene markers expressed in cellular infiltrates collected from injured muscle tissue at POD-7 from rats treated with the FAK2 inhibitor (PF-573228,10 mg/kg/day, 6.94 µg/kg/min), vehicle control and in healthy muscle from age-matched controls. Relative expression (2 -ΔCt ) was calculated using an optimal normalization strategy. One-way ANOVAs for each gene were conducted on ΔCt values to determine treatment effects. Tukey-Kramer post-hoc analyses were utilized to determine the source of the significance. Data represents mean relative expression values ± SEM. * indicates p &lt; 0.05, **indicates p",,3 inferred mechanics without morphology data,False
PMC10728492,38116014,,Inhibition of focal adhesion kinase 2 results in a macrophage polarization shift to M2 which attenuates local and systemic inflammation and reduces heterotopic ossification after polysystem extremity trauma.,Figure 6,PF-573228,rat,12-week old,postnatal,femoral,normal,14 day,,continuous,False,False,False,False,False,False,False,False,False,False,False,False,3 inferred mechanics without morphology data,"The effect of FAK2 inhibitor (PF-573228; 10 mg/kg/day, 6.94 µg/kg/min) on systemic proinflammatory IL-6 and anti-inflammatory IL-13 secretion levels at POD-7. Results from non-injured naïve rats, vehicle control-treated rats, and FAK2 inhibitor-treated rats are expressed as mean value ± SEM, n = 25. * indicates p&lt;0.05 and ** indicates p&lt;0.01.",,3 inferred mechanics without morphology data,False
PMC10891122,38395992,,Piezo1 expression in chondrocytes controls endochondral ossification and osteoarthritis development.,Fig. 8,Yoda1,mouse,,not stated,,normal,,,,False,False,False,False,False,False,False,False,False,False,False,False,3 inferred mechanics without morphology data,"Piezo1 activation results in a specific transcriptional response. a Volcano plot showing differentially expressed genes in chondrogenic ATCD5 cells treated with the Piezo1 agonist Yoda1 (5 μM) or DMSO for 6 h. b Heat map showing the seven genes with a more than 50-fold change (FC &gt; 50) after Yoda1 treatment, four established chondrocyte markers, as well as Piezo1 and Piezo2 . Data are shown as log 2 expression values. c Expression analysis by qRT-PCR for the indicated genes in knee joints of mice 8 weeks after ACLT compared to sham-operated controls ( n = 5). d Expression analysis by qRT-PCR of the indicated genes in growth plate (left) and bone (right) of Piezo1 Col2a1Cre mice relative t",,3 inferred mechanics without morphology data,False
PMC10994658,38573316,,ROCK and the actomyosin network control biomineral growth and morphology during sea urchin skeletogenesis.,Figure 2.,Y27632,,p20,postnatal,,normal,,10 µM; 30 µM; 80 µM,continuously,False,False,False,False,False,False,False,True,False,False,False,False,3 inferred mechanics without morphology data,"Rho-associated coiled-coil kinase (ROCK) activity is essential for spicule formation, normal elongation, and branching in whole embryos and in skeletogenic cultures. ( A–E ) genetic perturbation of ROCK translation using two different morpholino anti-sense oligonucleotides (MASOs) observed at 2dpf. ( A ) Control embryo injected with Random MASO. ( B ) Embryo injected with ROCK MO-2 shows ectopic spicule branching. ( C, D ) Embryos injected with ROCK MO-1 or MO-2 show spicule initiations. ( E ) Summary of MASO injection phenotypes based on 4–6 independent biological replicates. ( F–K ) Pharmacological perturbations of ROCK activity using 10 µM and 80 µM of the inhibitor Y27632 were observed a",,3 inferred mechanics without morphology data,False
PMC10994658,38573316,,ROCK and the actomyosin network control biomineral growth and morphology during sea urchin skeletogenesis.,Figure 2—figure supplement 2.,Y27632,,p20,postnatal,,normal,,80 µM,,False,False,False,False,False,False,False,False,False,False,False,False,3 inferred mechanics without morphology data,"Rho-associated coiled-coil kinase (ROCK) inhibition phenotypes for different treatments and concentrations. ( A ) Experimental design of the various ROCK treatments showing the time of inhibitor addition/wash. ( B ) Representative control embryo and ( C ) embryo under ROCK inhibition using 80 µM of the inhibitor Y27632 at 27hpf. The numbers at the bottom indicate the number of embryos that show this phenotypes (left) over all observed spicules (right). ( D-J ) Various skeletogenic phenotypes due to ROCK inhibition at different times and concentrations observed at 2dpf, organized from normal to most sever skeletogenic phenotypes. Treatment and concentrations are indicated for each image. ( K ",,3 inferred mechanics without morphology data,False
PMC10994658,38573316,,ROCK and the actomyosin network control biomineral growth and morphology during sea urchin skeletogenesis.,Figure 2—figure supplement 3.,Y27632,,p20,postnatal,,normal,,30 µM,,False,False,False,False,False,False,False,False,False,False,False,False,3 inferred mechanics without morphology data,"Time course of the effect of Rho-associated coiled-coil kinase (ROCK) inhibition after 25hpf. ( A–F ) Representative images of control embryos from gastrulation (25hpf) until pluteus stage (48hpf). ( G–L ) representative images of embryos treated with 30 µM ROCK inhibitor Y27632 from 25hpf and on, at equivalent developmental stages to A–F . Arrowheads point to ectopic branching. Three biological replicates were conducted for each treatment and the numbers at the bottom left of each panel indicate the number of embryos that show this phenotype out of all embryos scored. Scale bars are 50 μm. BR- body rods, AL- anterolateral rods.",,3 inferred mechanics without morphology data,False
PMC10994658,38573316,,ROCK and the actomyosin network control biomineral growth and morphology during sea urchin skeletogenesis.,Figure 3.,Y27632,,p20,postnatal,,normal,,30 µM; 40 µM,,False,False,False,False,False,False,False,True,False,False,False,False,3 inferred mechanics without morphology data,"Synchrotron radiation micro-computed tomography (SR-µCT) studies of Rho-associated coiled-coil kinase (ROCK)-inhibited spicules show a reduction in skeletal volume, surface area, and total length, but not thickness and two-pulse calcein shows loss of tip-dominance. ( A ) Exemplary 3D-renderings of control spicules (top, blue) and spicules where 40 µM of ROCK inhibitor was added at 25hpf (bottom, orange), dissected at 48hpf and 72hpf. Arrowheads point to tip splitting and arrows at 48hpf point to spicule dripping at the back. ( B ) Spicule volume vs. area for control and ROCK-inhibited spicules at 48 and 72 hpf. Each data point represents a single spicule. ( C–D ) Frequency distributions for ",,3 inferred mechanics without morphology data,False
PMC10994658,38573316,,ROCK and the actomyosin network control biomineral growth and morphology during sea urchin skeletogenesis.,Figure 4.,blebbistatin; latrunculin,,p20,postnatal,,normal,,2 nM,,False,False,False,False,False,False,False,False,False,False,False,False,3 inferred mechanics without morphology data,"Actin polymerization and myosin activation affect skeletal growth and branching. ( A–F ) representative embryos showing the effect of actomyosin perturbations at 2df. ( A ) Control embryo ( B ) embryo treated with 2 μM Blebbistatin &gt;25 hpf, ( C ) embryo treated with 2 μM Blebbistatin &gt;20 hpf, ( D ) embryo treated with 2 nM Latrunculin-A and 1.5 μM Blebbistatin &gt;25 hpf, ( E ) embryo treated with 2 nM Latrunculin-A &gt;20 hpf, ( F ) embryo treated with 2 nM Latrunculin-A &gt;25 hpf, arrow pointing to the additional spicule rod. ( G ) Statistics of Latrunculin-A and Blebbistatin phenotypes, color code of phenotype is indicated in the representative images. Error bars indicate standard ",,3 inferred mechanics without morphology data,False
PMC11074336,38710741,,Differential Smad2/3 linker phosphorylation is a crosstalk mechanism of Rho/ROCK and canonical TGF-β3 signaling in tenogenic differentiation.,Figure 1.,Y-27632,human,,not stated,,normal,,10 ng/ml; 10 µM,,False,False,False,False,False,False,False,False,False,True,True,False,3 inferred mechanics without morphology data,Gene expression of tenogenic markers. Cells cultured as monolayer or on collagen matrix were incubated with 10 ng/ml TGF-β3 and/or 10 µM Y-27632 for 12 h and 24 h. Box plots represent the median values and error bars the minimum to maximum interval. Asterisks mark differences between the stimulation groups with p &lt; 0.05. Letters mark differences with p &lt; 0.05 between collagen matrix and monolayer within same stimulation groups or in comparison to monolayer control (n = 4).,,3 inferred mechanics without morphology data,False
PMC11074336,38710741,,Differential Smad2/3 linker phosphorylation is a crosstalk mechanism of Rho/ROCK and canonical TGF-β3 signaling in tenogenic differentiation.,Figure 2,Y-27632,human,,not stated,,normal,,10 ng/ml,,False,False,False,False,False,False,False,False,False,True,True,False,3 inferred mechanics without morphology data,"Fluorescence microscopy of MSC as monolayer or on collagen matrix. Cells were incubated with 10 ng/ml TGF-β3 and/or 10 μM Y-27632 and analyzed at 24 h and 72 h. Representative images show scleraxis immunostaining (24 h), phalloidin staining of the actin cytoskeleton and nuclear staining with DAPI (scalebar 50 µm).",,3 inferred mechanics without morphology data,False
PMC11074336,38710741,,Differential Smad2/3 linker phosphorylation is a crosstalk mechanism of Rho/ROCK and canonical TGF-β3 signaling in tenogenic differentiation.,Figure 3,Y-27632,human,,not stated,,normal,,10 ng/ml; 10 µM,,False,False,False,False,False,False,False,False,False,True,True,False,3 inferred mechanics without morphology data,Gene expression of TGFB3 and its receptors. Cells cultured as monolayer or on collagen matrix were incubated with 10 ng/ml TGF-β3 and/or 10 µM Y-27632 for 12 h and 24 h. Box plots represent the median values and error bars the minimum to maximum interval. Asterisks mark differences between the stimulation groups with p &lt; 0.05. Letters mark differences with p &lt; 0.05 between collagen matrix and monolayer within same stimulation groups or in comparison to monolayer control (n = 4).,,3 inferred mechanics without morphology data,False
PMC11074336,38710741,,Differential Smad2/3 linker phosphorylation is a crosstalk mechanism of Rho/ROCK and canonical TGF-β3 signaling in tenogenic differentiation.,Figure 4,Y-27632,human,,not stated,,normal,,10 ng/ml,,False,False,False,False,False,False,False,False,False,True,True,False,3 inferred mechanics without morphology data,"Gene expression and Western blot of Smad2/3. Cells cultured as monolayer or on collagen matrix were incubated with 10 ng/ml TGF-β3 and/or 10 μM Y-27632. ( A ) Box plots represent the relative gene expression of Smad2/3. Asterisks mark differences between the stimulation groups with p &lt; 0.05. Letters mark differences with p &lt; 0.05 between collagen matrix and monolayer within same stimulation groups or in comparison to monolayer control (n = 4). ( B ) Representative western blot result of carboxy-terminal phosphorylation at Ser 465/467 after 24 h stimulation. ( C ) Quantitative analysis of carboxy-terminal phosphorylation at Ser 465/467 at 60 min, 12 h (n = 3) and 24 h (n = 5). Box plots",,3 inferred mechanics without morphology data,False
PMC11074336,38710741,,Differential Smad2/3 linker phosphorylation is a crosstalk mechanism of Rho/ROCK and canonical TGF-β3 signaling in tenogenic differentiation.,Figure 5,Y-27632,human,,not stated,,normal,,10 ng/ml,,False,False,False,False,False,False,False,False,False,True,True,False,3 inferred mechanics without morphology data,"Western blot results of Smad2/3 linker phosphorylation. Cells cultured as monolayer or on collagen matrix were incubated with 10 ng/ml TGF-β3 and/or 10 μM Y-27632. Representative Western blot result of linker phosphorylation at Ser 245/250/255 of Smad2 after 24 h ( A ) and 30 min ( B ) stimulation and at Ser 204 of Smad3 after 30 min stimulation ( C ). Quantitative analysis of linker phosphorylation at Ser 245/250/255 ( B : n = 5; D : n = 3) and Ser 204 ( C , n = 4). Box plots represent the ratio of P-Smad to Smad2/3 and dots the values of the different donors.",,3 inferred mechanics without morphology data,False
PMC11074336,38710741,,Differential Smad2/3 linker phosphorylation is a crosstalk mechanism of Rho/ROCK and canonical TGF-β3 signaling in tenogenic differentiation.,Figure 6,Y-27632,human,,not stated,,normal,,10 ng/ml,,False,False,False,False,False,False,False,False,False,True,True,False,3 inferred mechanics without morphology data,"Gene expression of ITGB1 ( A ) and ROCK activity assay ( B ). ( A ) Cells cultured as monolayer or on collagen matrix were incubated with 10 ng/ml TGF-β3 and/ or 10 μM Y-27632. Box plots represent the relative gene expression of ITGB1. Asterisks mark differences between the stimulation groups with p &lt; 0.05. Letters mark differences with p &lt; 0.05 between collagen matrix and monolayer within same stimulation groups or in comparison to monolayer control (n = 4). ( B ) wild type (WT) and CD29 −/− cells were cultured as monolayer or on collagen matrix and analyzed after 24, 48 and 72 h. Box plots represents the ROCK activity. Asterisks mark differences between the WT and CD29 −/− with p &lt",,3 inferred mechanics without morphology data,False
PMC11154833,38842129,,Excessive load promotes temporomandibular joint chondrocyte apoptosis via Piezo1/endoplasmic reticulum stress pathway.,FIGURE 4,GsMTx4,,,not stated,,normal,,,,False,False,False,False,False,False,False,False,True,False,False,False,3 inferred mechanics without morphology data,"Piezo1 mediates the influx of extracellular calcium ions into the cell, triggering ERS and apoptosis in chondrocytes. (A) Chondrocytes were exposed to overloading pressure for 6 h and treated with GsMTx4 or medium without calcium (Ca 2+ free). Representative images of IF staining of p‐PERK and p‐ERN1 in chondrocytes. Scale bars: 200 μm. (B) Quantification of (A) ( n = 6). (C) Representative images of IF staining of Chop and Caspase12 in chondrocytes. Scale bars: 200 μm. (D) Quantification of (C) ( n = 6). (E) Chondrocytes were subjected to injurious mechanical pressure for 0, 6 h and treated with GsMTx4 or medium without calcium (Ca 2+ free). TEM images of chondrocytes with 6000× and 15,000×",,3 inferred mechanics without morphology data,False
PMC11154833,38842129,,Excessive load promotes temporomandibular joint chondrocyte apoptosis via Piezo1/endoplasmic reticulum stress pathway.,FIGURE 5,GsMTx4,,,not stated,,disease model,,,,False,False,False,False,False,False,False,False,True,False,False,False,3 inferred mechanics without morphology data,"Overloading pressure induces ERS and apoptosis in chondrocytes through the piezo1 ion channel. (A) The model of forced‐mouth opening. (B) SO&amp;FG staining. (C) The Mankin score of cartilage layers. The data are expressed as the mean ± SEM ( n = 3). (D–G) Caspase12 and chop expression evaluated by immunohistochemistry. All data are expressed as the mean ± SEM ( n = 6). The results were analysed by one‐way anova followed by Tukey's test. * p &lt; 0.05, ** p &lt; 0.01, *** p &lt; 0.001, and **** p &lt; 0.0001. Control: negative control group. Stress: forced mouth‐opening model group. GsMTx4: treatment group.",,3 inferred mechanics without morphology data,False
PMC11403584,39018246,,Proteomic analysis reveals a PLK1-dependent G2/M degradation program and a role for AKAP2 in coordinating the mitotic cytoskeleton.,Figure 1.,nocodazole,,E3,embryonic,,normal,24 hours,100 nM,,False,False,False,False,False,False,False,True,False,False,False,False,3 inferred mechanics without morphology data,"PLK1 regulates a G2/M degradation program (A) Schematic describing the workflow for the PLK1i proteomics experiment. HCT116 cells were grown asynchronously or were co-treated with 100 ng/mL nocodazole plus DMSO, 100 nM BI2536, or 100 nM BI6727 for 16 h. After 16 h, mitotic arrested cells were collected using the mitotic shake-off procedure. All samples were then prepared for label-free, quantitative liquid chromatography-tandem MS (LC-MS/MS) analysis using data-independent acquisition (DIA). Experiment was performed with three technical replicates per sample. (B) Plot showing the log 2 ratio of all proteins identified by MS when comparing samples from DMSO-treated mitotic cells to samples fr",,3 inferred mechanics without morphology data,False
PMC11403584,39018246,,Proteomic analysis reveals a PLK1-dependent G2/M degradation program and a role for AKAP2 in coordinating the mitotic cytoskeleton.,Figure 2.,nocodazole,,fetal,embryonic,,normal,24 hours,1 mM; 10 mM; 2 mM,,False,False,False,False,False,False,False,True,False,False,False,False,3 inferred mechanics without morphology data,"AKAP2 is a cell-cycle-regulated protein (A) Volcano plot showing the log 2 ratio (x axis) and −log 10 ( p value) (y axis) of all proteins identified by MS when comparing samples from DMSO-treated mitotic cells to samples from asynchronously growing cells. Significant fold-change cutoffs were set at log 2 = −0.6 or log 2 = 0.6 and statistical significance was set at −log 10 ( p value) = 2 ( p = 0.01), which are denoted by dashed lines. Claspin is identified as a positive control. (B) Plot showing the log 2 ratio of all proteins identified by MS when comparing samples from DMSO-treated mitotic cells to samples from asynchronously growing cells (x axis) and the log 2 ratio of all proteins ident",,3 inferred mechanics without morphology data,False
PMC11403584,39018246,,Proteomic analysis reveals a PLK1-dependent G2/M degradation program and a role for AKAP2 in coordinating the mitotic cytoskeleton.,Figure 3.,nocodazole,,fetal,embryonic,,normal,24 hours,10 mM; 100 nM,,False,False,False,False,False,False,False,True,False,False,False,False,3 inferred mechanics without morphology data,"PLK1 regulates AKAP2 abundance in mitosis (A) HCT116 cells were grown asynchronously or were co-treated with 100 ng/mL nocodazole plus DMSO, 100 nM BI6727, or 100 nM BI2536 for 16 h. After 16 h, mitotic-arrested cells were collected using the mitotic shake-off procedure. All cell lysates were analyzed by immunoblot for the indicated proteins. n = 3. (B) HCT116 cells were transfected with siRNA targeting PLK1 or firefly luciferase (siFF) as a non-targeting control for 48 h. During the final 16 h, the cells were treated with 100 ng/mL nocodazole. After 16 h, mitotic-arrested cells were collected using the mitotic shake-off procedure. All cell lysates were analyzed by immunoblot for the indicat",,3 inferred mechanics without morphology data,False
PMC11403584,39018246,,Proteomic analysis reveals a PLK1-dependent G2/M degradation program and a role for AKAP2 in coordinating the mitotic cytoskeleton.,Figure 4.,nocodazole,,fetal,embryonic,,normal,24 hours,10 mM; 100 nM,,False,False,False,False,False,False,False,True,False,False,False,False,3 inferred mechanics without morphology data,"SCF βTrCP mediates the proteasomal degradation of AKAP2 during mitosis (A) HCT116 cells were grown asynchronously or were co-treated with 100 ng/mL nocodazole plus DMSO, 100 nM MLN4924, or 100 nM bortezomib for 16 h. After 16 h, mitotic-arrested cells were collected using the mitotic shake-off procedure. All cell lysates were analyzed by immunoblot for the indicated proteins. n = 2. (B) Plot showing the log 2 ratio of all proteins identified by MS when comparing samples from BI2536-treated mitotic cells to samples from DMSO-treated mitotic cells (x axis) and the log 2 ratio of all proteins identified by MS when comparing samples from siβTrCP-treated mitotic cells to samples from siFF-treated",,3 inferred mechanics without morphology data,False
PMC11403584,39018246,,Proteomic analysis reveals a PLK1-dependent G2/M degradation program and a role for AKAP2 in coordinating the mitotic cytoskeleton.,Figure 5.,nocodazole,,fetal,embryonic,,disease model,24 hours,100 nM,,False,False,False,False,False,True,False,True,False,False,False,False,3 inferred mechanics without morphology data,"βTrCP utilizes a non-canonical degron to degrade AKAP2 during mitosis (A) Schematic depicting AKAP2 showing the PKA binding domain and relative positions of the three putative βTrCP binding sites in AKAP2. The corresponding amino acids for each motif are 382–384 (DSG1), 472–474 (DSG2), and 502–504 (DSG3). (B) Sequence alignment of the DSG2 motif in Homo sapiens , Mus musculus , and Xenopus laevis. The CDC25B degron sequence for βTrCP is also shown, demonstrating a known example that is divergent from the canonical DSGxxS sequence. The sequence of the AKAP2 DSG2-motif mutant used in future experiments is shown below. (C) HEK293T cells were co-transfected with plasmids expressing Myc-AKAP2 (WT",,3 inferred mechanics without morphology data,False
PMC11491146,39429645,,Mechanical stimulation promotes fibrochondrocyte proliferation by activating the TRPV4 signaling pathway during tendon-bone insertion healing: CCN2 plays an important regulatory role.,Figure 5,GSK1016790A,mouse; human,,not stated,,disease model,,10 nM,,False,False,False,False,False,False,False,True,False,True,False,True,3 inferred mechanics without morphology data,"CCN2 promotes fibrochondrocyte proliferation by maintaining TRPV4 activity and the PI3K/AKT signaling pathway in vitro . ( a–d ) Protein levels of Col2a1, Sox9 and Acan in fibrochondrocytes treated with mechanical stimulation, siRNA-CCN2, 10 nM GSK1016790A or Ad-TRPV4 were analyzed using western blotting. ( e , f ) Flow cytometry assay was performed to measure the proliferative capacities of fibrochondrocytes. Fibrochondrocytes were subjected to mechanical stimulation, siRNA-CCN2, 10 nM GSK1016790A or Ad-TRPV4. ( g , h ) Fibrochondrocytes were subjected to mechanical stimulation, siRNA-CCN2, 10 nM GSK1016790A or Ad-TRPV4, and changes in intracellular calcium levels were measured using confoc",,3 inferred mechanics without morphology data,False
PMC11564563,39543090,,Glial maturation factor-β deficiency prevents oestrogen deficiency-induced bone loss by remodelling the actin network to suppress adipogenesis of bone marrow mesenchymal stem cells.,Fig. 5,latrunculin,human,,not stated,vertebral,normal,,,,False,False,False,False,False,False,False,False,False,False,False,False,3 inferred mechanics without morphology data,"GMFB modulates actin-filament organization in BMSCs. A , B Representative immunofluorescent images ( A ) in 48 h after seeding BMSCs with F-actin stained (phalloidin, red). Scale bars: 50 μm. Quantification of actin means fluorescent intensity (MFI) ( B ) of 48 h after seeding BMSCs. C Heatmap showing the gene expression values of indicated genes (RNA-seq) associated with actin-filament organization in comparison with GMFB KO and WT groups (n = 3). D – F Schematic for treatment 48 h after seeding of BMSCs with adipocyte differentiation medium and latrunculin B for actin-filament polymerization assay ( D ). Representative immunofluorescent images ( E ) in the cells with F-actin stained (phall",,3 inferred mechanics without morphology data,False
PMC11600216,39360593,,The T-Type Calcium Channel CACNA1H is Required for Smooth Muscle Cytoskeletal Organization During Tracheal Tubulogenesis.,Figure 5,jasplakinolide,mouse,E16.5,embryonic,,normal,,2 µM; 300 nM,,False,False,False,False,False,False,False,False,False,False,False,False,3 inferred mechanics without morphology data,"Cacna1h regulates actin organization in SM cells. a) Immunostaining for αSMA (red) and phalloidin (green), and DAPI (blue) staining in dorsal views of E16.5 WT (n = 5) and Cacna1h T4306C/T4306C (n = 5) tracheae. b) Quantification of mean phalloidin fluorescence intensity in E16.5 WT (n = 5) and Cacna1h T4306C/T4306C (n = 5) tracheal SM cells. c) Immunostaining for αSMA (red) in dorsal views of E16.5 WT (n = 5) and Cacna1h T4306C/T4306C (n = 5) tracheae after a 48 h DMSO treatment, and Cacna1h T4306C/T4306C tracheae (n = 5) after a 48 h 300 nM jasplakinolide treatment. d) Quantification of SM area of E16.5 WT (n = 5) and Cacna1h T4306C/T4306C (n = 5) tracheae after a 48 h DMSO treatment, and ",,3 inferred mechanics without morphology data,False
PMC11600216,39360593,,The T-Type Calcium Channel CACNA1H is Required for Smooth Muscle Cytoskeletal Organization During Tracheal Tubulogenesis.,Figure 6,jasplakinolide,mouse,E16.5,embryonic,,normal,,30 µM; 300 nM,,False,False,False,False,False,False,False,True,False,False,False,False,3 inferred mechanics without morphology data,NiCl 2 treatment leads to narrowed tracheal SM stripes and reduced F‐actin levels. a) Representative images of ventral views of E16.5 tracheae after a 48 h DMSO (n = 5) or 30 µM NiCl 2 (n = 5) treatment. b) Quantification of E16.5 tracheal tube width after a 48 h DMSO (n = 5) or 30 µM NiCl 2 (n = 5) treatment. c) Immunostaining for αSMA (red) in dorsal views of E16.5 WT tracheae after a 48 h ddH 2 O (n = 6) or 30 µM NiCl 2 (n = 6) treatment. d) Quantification of SM area of E16.5 WT after a 48 h ddH 2 O (n = 6) or 30 µM NiCl 2 (n = 6) treatment. e) Immunostaining for SOX9 (green) in ventral views of E16.5 tracheae after a 48 h DMSO (n = 5) or 30 µM NiCl 2 (n = 5) treatment. f) Immunostaining ,,3 inferred mechanics without morphology data,False
PMC11633519,39418070,,Insufficient Mechanical Loading Downregulates Piezo1 in Chondrocytes and Impairs Fracture Healing Through ApoE-Induced Senescence.,1,Yoda1,mouse,,not stated,femur,normal,10 day,,continuously,False,False,False,False,False,False,False,False,False,True,False,False,3 inferred mechanics without morphology data,"Insufficient mechanical loading impaired fracture healing by downregulating the expression of Piezo1 in chondrocytes. A) Single‐cell RNA sequencing (scRNA‐seq) analysis revealed 11 cell clusters isolated from calluses at 10 days and 20 days post fracture (dpf) as shown by UMAP plot. The name of each cell cluster is shown on the right. B) Violin plots of the expression levels of Piezo1 genes in each cell cluster. C) Schematic showing the time‐course of the mouse femoral fracture experiment, under control or insufficient mechanical loading (tail‐suspension test; TST) conditions, treated with vehicle or the specific activator of Piezo1, Yoda1. D) Representative immunohistochemical (IHC) stainin",,3 inferred mechanics without morphology data,False
PMC11633519,39418070,,Insufficient Mechanical Loading Downregulates Piezo1 in Chondrocytes and Impairs Fracture Healing Through ApoE-Induced Senescence.,Figure 3,GsMTx4; Yoda1,mouse,,not stated,femur,normal,14 day,,continuously,False,False,False,False,False,False,False,False,False,False,False,False,3 inferred mechanics without morphology data,"Piezo1 deletion resulted in the accumulation of ApoE in or around the nuclei of hypertrophic chondrocytes (HTCs), and caused disruption of heterochromatin. A) Differentially‐expressed genes (DEGs) in HTCs identified by scRNA‐seq in Piezo1 Col2a1 and Piezo1 f/f groups. B) Top nine DEGs in the HTC cluster identified by scRNA‐seq analysis (left image). The cells were colored on the UMAP plot according to ApoE gene expression levels in the stromal cell population from Piezo1 Col2a1 and Piezo1 f/f groups (right image). C) Representative IHC staining and quantitative analysis of the percentage of ApoE expression area from Piezo1 Col2a1 and Piezo1 f/f groups at 14 dpf. Scale bar: 250 µm; n = 5 mice",,3 inferred mechanics without morphology data,False
PMC11665451,39717465,,Vascular Smooth Muscle Cells Transdifferentiate into Chondrocyte-Like Cells and Facilitate Meniscal Fibrocartilage Regeneration.,Fig. 3.,Yoda1,rat,,not stated,,normal,,,,False,False,False,False,False,False,False,False,False,False,False,False,3 inferred mechanics without morphology data,"LIPUS facilitates chondrogenic transdifferentiation of rat VSMCs by up-regulating Piezo1 and inhibiting Notch pathway. (A) Volcano plot of differentially expressed genes in rat VSMCs between the control and LIPUS treatment group. (B) KEGG pathway enrichment in rat VSMCs after LIPUS treatment. (C) mRNA levels of Piezo1 and Notch pathway-related genes of rat VSMCs after LIPUS treatment. n = 4, unpaired t test, * P &lt; 0.05, ** P &lt; 0.01, *** P &lt; 0.005, **** P &lt; 0.001. (D) Relative protein levels of Piezo1 and Notch pathway-related markers of rat VSMCs after LIPUS treatment. (E) mRNA levels of rat VSMCs after YODA1 or GsMTx-4 treatment. n = 4, one-way ANOVA, * P &lt; 0.05, ** P &lt; 0.",,3 inferred mechanics without morphology data,False
PMC11665451,39717465,,Vascular Smooth Muscle Cells Transdifferentiate into Chondrocyte-Like Cells and Facilitate Meniscal Fibrocartilage Regeneration.,Fig. 4.,Yoda1,rat,,not stated,,normal,,,,False,False,False,False,False,False,False,False,False,False,False,False,3 inferred mechanics without morphology data,"LIPUS facilitates chondrogenic transdifferentiation of rat VSMCs through Piezo1/TGFβ1/Notch axis. (A) mRNA levels of TGFβ1 signaling of rat VSMCs after LIPUS treatment. n = 4, unpaired t test, *** P &lt; 0.005, **** P &lt; 0.001. (B) Protein levels of TGFβ1 signaling of rat VSMCs after LIPUS treatment. (C) mRNA levels of fibrochondrogenic and Notch pathway-related markers of rat VSMCs after TGFβ1 treatment. n = 4, unpaired t test, * P &lt; 0.05, ** P &lt; 0.01, *** P &lt; 0.005, **** P &lt; 0.001. (D) Protein levels of fibrochondrogenic and Notch pathway-related markers of rat VSMCs after TGFβ1 treatment. (E) mRNA levels of TGFβ1 signaling of rat VSMCs after YODA1 or GsMTx-4 treatment. n = 4",,3 inferred mechanics without morphology data,False
PMC11673816,39768098,,Mechanical Stretch Control of Adipocyte AKT Signaling and the Role of FAK and ROCK Mechanosensors.,Figure 3,Y-27632,,fetal,embryonic,,normal,2 day,,,False,False,False,False,False,False,False,False,False,False,False,False,3 inferred mechanics without morphology data,"FAK and ROCK inhibitors disrupt actin network formation in stretched adipocytes. Adipocytes were stretched without or with FAK inhibitor (FAK14) and ROCK inhibitor (Y-27632). F-actin (red), DAPI (blue), and lipid (pink) staining. Scale bar: 20 µm.",,3 inferred mechanics without morphology data,False
PMC11673816,39768098,,Mechanical Stretch Control of Adipocyte AKT Signaling and the Role of FAK and ROCK Mechanosensors.,Figure 4,Y-27632,,fetal,embryonic,,normal,2 day,,,False,False,False,False,False,False,False,False,False,False,False,False,3 inferred mechanics without morphology data,"Inhibiting FAK and ROCK abrogates stretch-induced AKT phosphorylation in adipocytes. Adipocytes were stretched without or with FAK inhibitor (FAK14) ( A , B ) and ROCK inhibitor (Y-27632) ( C , D ). Immunoblots of AKT and p-AKT with GAPDH loading control. Relative band intensities were calculated the same way as in Figure 1 . Mean ± SEM, *: p &lt; 0.05 and ***: p &lt; 0.001. n = 3 in ( B ) and n = 4 in ( D ). ANOVA/Fisher LSD post hoc test.",,3 inferred mechanics without morphology data,False
PMC11852791,40002789,,Mechanisms Underlying the Stimulation of DUSP10/MKP5 Expression in Chondrocytes by High Molecular Weight Hyaluronic Acid.,Figure 6,Y27632; simvastatin,mouse; human,,not stated,,normal,,10 µM,pretreated,False,False,False,False,False,False,False,False,False,False,False,False,3 inferred mechanics without morphology data,"( A ) C28/I2 cells were incubated with HMW-HA (100 µg/mL) for 30 min. Whole cell lysates were subjected to affinity precipitation using a Rho Activation Assay Kit. The precipitated GTP-bound protein samples were subjected to SDS-PAGE, followed by Western blot analysis of Rho expression. Densitometric analysis of the respective blot is shown at the bottom. Bars represent the means ± SD of relative band intensities from independent triplicate samples. For two-group comparisons, a two-sided Student’s t -test (** p &lt; 0.01) was performed. ( B ) C28/I2 cells were pretreated with simvastatin (Sim; 10 µM) or Y27632 (Y; 10 µM) for 24 h, followed by stimulation with HMW-HA (100 µg/mL) for 1 h. Whol",,3 inferred mechanics without morphology data,False
PMC11889814,40057686,,Piezo1 promotes intervertebral disc degeneration through the Ca&lt;sup&gt;2+&lt;/sup&gt;/F-actin/Yap signaling axis.,Fig. 2,Yoda1,mouse,,not stated,vertebral,normal,,100 nM,pretreated,False,False,False,False,False,False,False,False,False,True,False,False,3 inferred mechanics without morphology data,"Piezo1 contributes to oxidative stress-induced CEP degeneration. A Detection of Piezo1 protein expression in chondrocytes by western blotting following intervention with a TBHP concentration gradient (0, 10, 50 and 100 μM) for 6 h, which was semi-quantified by ImageJ. B Intracellular ROS levels in chondrocytes was detected by immunofluorescence (scale bar, 50 μm). C , D Western blotting was used to detect the protein expression levels of Piezo1, MMP3, MMP13, SOX9 and COL2 in chondrocytes pretreated with Yoda1 (30 μM) for 24 h, si-Piezo1 (100 nM) for 72 h, and then TBHP (100 μM) for 6 h. The protein band density was then calculated. E Immunofluorescence staining was performed to evaluate the ",,3 inferred mechanics without morphology data,False
PMC11889814,40057686,,Piezo1 promotes intervertebral disc degeneration through the Ca&lt;sup&gt;2+&lt;/sup&gt;/F-actin/Yap signaling axis.,Fig. 3,GsMTx4; Yoda1,mouse,p65,postnatal,,normal,,100 nM,,False,False,False,False,False,False,False,False,True,True,False,False,3 inferred mechanics without morphology data,"Piezo1 promotes cartilage endplate chondrocyte apoptosis and calcification. A , B Western blotting was used to detect the p-IκB/IκB and p-p65/p65 protein levels following intervention with the Piezo1 agonist, Yoda1 (30 μM) for 24 h, the Piezo1 inhibitor, si-Piezo1 (100 nM) for 72 h, and TBHP (100 μM) for 6 h, which were then semi-quantified using ImageJ. C , D Western blotting was used to measure the expression levels of the apoptosis-related proteins, Cytochrome c, cleaved-Caspase 3, BAX and BCL-2 after stimulating or inhibiting the expression of Piezo1, which were then semi-quantified using ImageJ. E Chondrocytes were treated with Yoda 1 or GsMTx4 followed by TBHP intervention. The cell ap",,3 inferred mechanics without morphology data,False
PMC11889814,40057686,,Piezo1 promotes intervertebral disc degeneration through the Ca&lt;sup&gt;2+&lt;/sup&gt;/F-actin/Yap signaling axis.,Fig. 6,Yoda1,mouse,,not stated,,normal,,100 nM,,False,False,False,False,False,False,False,False,True,True,False,False,3 inferred mechanics without morphology data,"Yap inhibition can delay Piezo1-mediated chondrocyte degeneration and ECM degradation. A , B Western blotting analysis to determine levels of proteins, Yap, MMP3, MMP13, SOX9, COL2, COL10, RUNX2, NLRP3 and Caspase-1 in chondrocytes transfected with si-Yap (100 nM) for 72 h and then treated with TBHP (100 μM) for 6 h and Yoda1 (30 μM) for 24 h. C , D Western blotting analysis to determine levels of proteins, MMP3, MMP13, SOX9, COL2, COL10, RUNX2, NLRP3 and Caspase-1 in chondrocytes transfected with Verteporfin (0.2 μM) for 24 h and then treated with TBHP (100 μM) for 6 h and Yoda1 (30 μM) for 24 h. E Fluorescence images of the reactive oxygen species levels in chondrocytes (scale bar, 100 μm)",,3 inferred mechanics without morphology data,False
PMC11900466,40076758,,The Role of Primary Cilia in Modulating the Luteinization Process of Ovarian Granulosa Cells in Mice.,Figure 7,Y27632,mouse,P4,postnatal,,normal,21 day,,,False,False,False,False,False,False,False,False,False,False,False,False,3 inferred mechanics without morphology data,"The effects of induced primary cilia formation on the luteinization of mouse granulosa cells. ( A ) Immunofluorescence staining of granulosa cells treated with 20 μM of Y27632 HCl for 24 and 48 h. Cell nuclei were stained with DAPI. Scale bar: 10 μm (insets and main panel). ( B ) The primary cilia length in granulosa cells treated with 20 μM of Y27632 HCl for 24 and 48 h. ( C ) The percentage of the primary cilia number in granulosa cells treated with 20 μM of Y27632 HCl for 24 and 48 h. ( D ) Progesterone secretion levels in granulosa cells treated with 20 μM of Y27632 HCl for 24 and 48 h. ( E ) Western blot analysis of STAR, 3β-HSD, IFT88, Arl13B, and CYP19A1 expression in granulosa cells ",,3 inferred mechanics without morphology data,False
PMC11941300,40136653,,Nuclear RhoA Activation Regulates Nucleus Size and DNA Content via Nuclear Activation of ROCK and pErk.,Figure 4,Y27632,,fetal,embryonic,,normal,,,,False,False,False,False,False,False,False,False,False,False,False,True,3 inferred mechanics without morphology data,"Nuclear RhoA regulates DNA amounts via ROCK activation. ( A , B ) Images as described in Figure 1 were quantitatively analyzed by CellProfiler. The averages of 4–6 independent experiments per indicated construct or GFP transfection control are shown, with each dot indicating one experiment of about 100–150 transfected cells. ( A ) Integrated DAPI intensity per nucleus (DNA amount); ( B ) mean DAPI intensity per nucleus (DNA density). ( C , D ) Fluorescence staining of NIH 3T3 cells treated for 24 h with DMSO (control) or the ROCK inhibitor Y27632 with DAPI (DNA) Each dot represents the average of an independent experiment with 600–700 cells. ( C ) Nuclear area; ( D ) integrated DAPI intensit",,3 inferred mechanics without morphology data,False
PMC11941300,40136653,,Nuclear RhoA Activation Regulates Nucleus Size and DNA Content via Nuclear Activation of ROCK and pErk.,Figure 5,Y27632,,fetal,embryonic,,normal,,,,False,False,False,False,False,False,False,False,False,False,False,True,3 inferred mechanics without morphology data,"Nuclear RhoA regulates nuclear pErk via ROCK activation. ( A – C ) NIH 3T3 cells were treated with the indicated inhibitors for 24 h (Y27632; 10 μM) or 3h (U0126; 10 μM) and fluorescently stained for DNA with DAPI and for nuclear pErk (npErk). Each dot represents the average of an independent experiment with 10,000–15,000 cells. ( A ) npErk; ( B ) nuclear area; ( C ) integrated DAPI intensity per nucleus (DNA amount). ( D – F ) Fluorescence staining of NIH 3T3 cells transfected with the indicated RhoA CA constructs and treated with the indicated inhibitors. Each dot represents the average of an independent experiment with 4000–9000 cells. ( D ) npErk; ( E ) nuclear area; ( F ) integrated DAP",,3 inferred mechanics without morphology data,False
PMC12037013,40232792,,Protein Phosphatase 1 Regulatory Subunit 3C integrates cholesterol metabolism and isocitrate dehydrogenase in chondrocytes and neoplasia.,Fig. 3.,cholesterol; lovastatin,mouse,,not stated,,normal,,1 µM,,False,False,False,False,False,False,False,False,False,False,False,False,3 inferred mechanics without morphology data,"ChIP-seq data reveal that SREBF2 directly regulates PPP1R3C. ( A ) ChIP-qPCR of SREBF2 at the locus of the PPP1R3C gene in JJ012 cells. Background signals in each region were evaluated by ChIP using rabbit IgG (green); Student’s t test. Three primers were designed around the SREBF2 binding site located near TSS (#1), −1 kb from TSS (#2), and −6 kb from TSS (#3), respectively. ( B ) Western blot analysis of HA (active form of SREBF2) in Dox inducible HT1080−HA−SREBF2 cells treated with Dox 0.01, 0.1, and 1 µg/mL for 24 h. For parental HT1080 cells, only the pLVX-EF1a-Tet3G vector was transduced. Vinculin was used as a loading control. ( C ) Total cholesterol levels in HT1080 parental control ",,3 inferred mechanics without morphology data,False
PMC12037013,40232792,,Protein Phosphatase 1 Regulatory Subunit 3C integrates cholesterol metabolism and isocitrate dehydrogenase in chondrocytes and neoplasia.,Fig. 4.,cholesterol,mouse,E17.5,embryonic,tibias,disease model,,,,True,False,False,False,False,False,False,False,False,True,False,False,3 inferred mechanics without morphology data,"Overexpression of PPP1R3C partially ameliorates the aberrant chondrogenic differentiation caused by cholesterol biosynthesis inhibition. ( A ) Representative images of Alcian blue and Col X staining in proximal tibias at E17.5 from four genotypes. ( B ) Quantification of the length of the Col X-positive zone relative to the area of the growth plate. Each data point represents an individual animal; one-way ANOVA. ( C ) Representative images of Alcian staining in tibias at E17.5 from four genotypes. ( D ) Quantification of the length of the tibia ( Left ), the percentage of proximal growth plate relative to the total tibia ( Middle ), and the percentage of ossified bone relative to the total t",,3 inferred mechanics without morphology data,False
PMC12123560,40377908,,Yoda1-Loaded Microfibrous Scaffolds Accelerate Osteogenesis through Piezo1-F-Actin Pathway-Mediated YAP Nuclear Localization and Functionalization.,1,Yoda1,,,not stated,,normal,,,,False,False,False,False,False,False,False,False,False,False,False,False,3 inferred mechanics without morphology data,Schematic illustration of the fabrication process for Yoda1-loaded PCL microfibrous scaffolds and their impact on enhancing in vitro osteogenic differentiation and in vivo osteogenesis.,,3 inferred mechanics without morphology data,False
PMC12123560,40377908,,Yoda1-Loaded Microfibrous Scaffolds Accelerate Osteogenesis through Piezo1-F-Actin Pathway-Mediated YAP Nuclear Localization and Functionalization.,4,Yoda1,,,not stated,,normal,,,,False,False,False,False,False,False,False,False,False,False,False,False,3 inferred mechanics without morphology data,"Yoda1-loaded scaffolds mediate YAP nuclear localization through the Piezo1-F-actin pathway. (A) Immunofluorescence staining and (B) semiquantitative analysis of Piezo1 in the P, PP, and PPY groups. (C) Piezo1 gene expression level in the P, PP, and PPY groups. (D) Immunofluorescence staining and (E) semiquantitative analysis of Ca 2+ in the P, PP, and PPY groups. (F) Semiquantitative analysis of F-actin in the P, PP, and PPY groups. (G) Immunofluorescence staining, SEM images of F-actin in the P, PP, and PPY groups. (H) Immunofluorescence staining and (I) semiquantitative analysis of YAP in the P, PP, and PPY groups. (J) Schematic diagram of Cyto-D depolymerization of F-actin. (K) Immunofluo",,3 inferred mechanics without morphology data,False
PMC12123560,40377908,,Yoda1-Loaded Microfibrous Scaffolds Accelerate Osteogenesis through Piezo1-F-Actin Pathway-Mediated YAP Nuclear Localization and Functionalization.,5,Yoda1,,E1,embryonic,,normal,,,,False,False,False,False,False,False,False,False,False,False,False,False,3 inferred mechanics without morphology data,"Chromatin remodeling and lysine acetylation mediated by Piezo1 were necessary for the exercise of YAP functions. (A) Immunofluorescence staining of LaminA/C and (B) semiquantitative analysis in the P, PP, and PPY groups. (C) Nuclear elongation quantitative analysis. (D) Heatmap showing chromatin organization in the nucleus of MC3T3-E1 cells in the P, PP, and PPY groups. (E) Immunofluorescence staining and (F) semiquantitative analysis of acetylated histone lysine in the P, PP, and PPY groups. (G) Schematic diagram of C646 inhibition of lysine acetylation. (H) YAP immunofluorescence staining and (I) semiquantitative analysis of the PPY group treated with C646 or DMSO. (J) Immunofluorescence s",,3 inferred mechanics without morphology data,False
PMC12123560,40377908,,Yoda1-Loaded Microfibrous Scaffolds Accelerate Osteogenesis through Piezo1-F-Actin Pathway-Mediated YAP Nuclear Localization and Functionalization.,7,Yoda1,,,not stated,,normal,,,,False,False,False,False,False,False,False,False,False,False,False,False,3 inferred mechanics without morphology data,"Bone regeneration of Yoda1-loaded scaffolds in vivo . (A) 3D-reconstructed images and sagittal positional maps in the control, P, PP, and PPY groups at 4 and 12 weeks. (B–E) Quantitative analysis of BV, BV/TV, BMD, and Tb.Th in the control, P, PP, and PPY groups at 4 and 12 weeks. (F) HE staining images in the control, P, PP, and PPY groups at 4 and 12 weeks. (G) Masson staining in the control, P, PP, and PPY groups at 4 and 12 weeks. (H, I) Immunochemical staining images in the control, P, PP, and PPY groups at 4 and 12 weeks. (J, K) Percentage of COL-I positive areas in the control, P, PP, and PPY groups at 4 and 12 weeks. (L, M) Percentage of the OCN positive areas in the control, P, PP, ",,3 inferred mechanics without morphology data,False
PMC12190546,40560785,,Cortical Actin Depolymerisation in 3D Cell Culture Enhances Extracellular Vesicle Secretion and Therapeutic Effects.,FIGURE 4,cytochalasin D,,,not stated,,normal,,,,False,False,False,False,False,False,False,True,False,False,False,False,3 inferred mechanics without morphology data,"ITGA1/RhoA/cofilin pathway downregulation promotes cortical actin depolymerisation and sEV secretion. (a) Heatmap representation of Differentially Expressed Genes (DEGs) in MSC‐2D and MSC‐3D. (b) Volcano diagram highlighting DEGs. (c) Circular plot of DEGs mainly associated with integrin binding, integrin‐mediated signalling pathway, cell adhesion mediated by integrin, positive regulation of kinase activity and integrin complex. (d) Representative immunofluorescence staining images of G‐actin and F‐actin in MSCs with blocked ITGA1. (e) Representative immunofluorescence staining images of CD9 and F‐actin in MSCs with blocked ITGA1. (f) Representative immunofluorescence staining images of ITGA",,3 inferred mechanics without morphology data,False
PMC12275339,40684207,,Chondrocyte-specific knockout of Piezo1 and Piezo2 protects against post-traumatic osteoarthritis structural damage and pain in mice.,Fig. 1,Yoda1,mouse,P1,postnatal,femoral,disease model,,,,False,False,False,False,False,False,False,True,False,False,False,True,3 inferred mechanics without morphology data,"Validation of Piezo1 and Piezo2 knockout and functional assessment ( A - C ) Gene expression analysis: quantitative PCR (qPCR) was performed on femoral condyle tissues from floxed (black), Piezo1 cKO (P1 cKO - purple), Piezo2 cKO (P2 cKO– pink), and Piezo1/2 cKO (P1/2 cKO– orange) mice at 28 weeks of age ( n = 6–10/genotype). ( A ) Piezo1 expression was significantly reduced in Piezo1 cKO and Piezo1/2 cKO mice while Piezo2 cKO mice showed elevated Piezo1 expression. ( B ) Piezo2 expression was significantly decreased in Piezo2 cKO and Piezo1/2 cKO groups compared to controls and Piezo1 KO. Different letters represent statistical significance (one-way ANOVA with Tukey’s test, p &lt; 0.05). ( ",,3 inferred mechanics without morphology data,False
PMC12313542,40745673,,The Mechanosensitive Ion Channel Piezo1 Regulates Chondrocyte Homeostasis Through the PI3K/AKT/mTORC1 Pathway in Osteoarthritis.,FIGURE 5,Yoda1,rat,,not stated,,normal,,,,False,False,False,False,False,False,False,False,False,False,False,False,3 inferred mechanics without morphology data,"Activation of the Piezo1 channel induces the PI3K/AKT/mTORC1 pathway. (A) RNA sequencing was performed on chondrocytes treated with DMSO or 10 μM Yoda1 for 2 h, and comparative analysis of the data was conducted ( n = 3). The bar graph illustrates the most significantly up‐regulated biological processes in the GO functional enrichment analysis. (B) Bubble plots demonstrating significantly altered signalling pathways in Reactome enrichment analysis. (C–F) After treatment of chondrocytes with 10 μM Yoda1 for 0, 2, 6 and 12 h, western blot analysis was used to assess expression of p‐PI3K, PI3K, p‐AKT, AKT, p‐mTOR, mTOR and RAPTOR, and protein bands were quantified ( n = 3). (G, H) The levels of",,3 inferred mechanics without morphology data,False
PMC12313542,40745673,,The Mechanosensitive Ion Channel Piezo1 Regulates Chondrocyte Homeostasis Through the PI3K/AKT/mTORC1 Pathway in Osteoarthritis.,FIGURE 6,Yoda1,rat,,not stated,,normal,,,pretreated,False,False,False,False,False,False,False,False,False,False,False,False,3 inferred mechanics without morphology data,"Piezo1 regulates chondrocyte homeostasis through the PI3K/AKT/mTORC1 pathway. (A, B) Chondrocytes were pretreated with LY294002 or rapamycin for 2 h, followed by stimulation with Yoda1 for 12 h. Protein levels of COL2, ACAN, MMP13, MMP3 and ADAMTS5 were analysed by western blotting and protein bands were quantified ( n = 3). (C) A schematic diagram illustrating the Piezo1‐mediated PI3K/AKT/mTORC1 signalling pathway. All data were presented as mean ± SD. * p &lt; 0.05, ** p &lt; 0.01, *** p &lt; 0.001.",,3 inferred mechanics without morphology data,False
PMC12320791,40765556,,Exploring the Multifactorial Regulation of PIEZO1 in Chondrocytes: Mechanisms and Implications.,Figure 4,GsMTx4; Yoda1,,,not stated,,normal,,,,False,False,False,False,False,False,False,False,True,False,False,False,3 inferred mechanics without morphology data,"Modulation of PIEZO1 Activity by Activators, Inhibitors, and Modulators. Activators like Yoda1 and Jedi1/2 enhance PIEZO1 activity, promoting calcium influx, senescence, ECM degradation, and inflammation. Inhibitors like GsMTx4 prevent activation, preserving cartilage integrity. Natural compounds and modulators (e.g., artemisinin, urocortin, TMAO, GPER) regulate PIEZO1, affecting cartilage degeneration and apoptosis.",,3 inferred mechanics without morphology data,False
PMC12320791,40765556,,Exploring the Multifactorial Regulation of PIEZO1 in Chondrocytes: Mechanisms and Implications.,Figure 6,GsMTx4; Yoda1,,,not stated,,normal,,,,False,False,False,False,False,False,False,True,True,True,False,False,3 inferred mechanics without morphology data,"A: Overview of PIEZO1 Regulation in Chondrocytes. Mechanical Stress: Both physiological and pathological mechanical stress regulate PIEZO1 activation, impacting cartilage function and health. Physiological stress supports ECM synthesis, while pathological stress leads to excessive calcium influx, contributing to cartilage degradation. Extracellular Matrix (ECM) Environment: ECM stiffness and primary cilia significantly affect PIEZO1 activity. High ECM stiffness enhances PIEZO1 activation, while primary cilia modulate PIEZO1 sensitivity. Inflammatory Factors: Cytokines like IL-1β and TNF-α upregulate PIEZO1 expression and its activation, exacerbating cartilage degradation. Other Mechanosensit",,3 inferred mechanics without morphology data,False
PMC12347751,40814602,,Structure-Activity Analysis Reveals Perturbed Cilia-Jun N-Terminal Kinase Signaling in MAPKBP1-Associated Kidney Disease.,Figure 3,nocodazole,human,,not stated,,normal,,,,False,False,False,False,False,False,False,False,False,False,False,False,3 inferred mechanics without morphology data,"Impact of MAPKBP1 protein domains on intracellular trafficking and ciliary phenotype. (a) Schematic representation of the protein domains of WT MAPKBP1 and artificial deletion variants. Deleted regions are shown as dotted grey lines (WD40 domain: green, JNK-binding domain: violet, coiled-coil domain: blue). (b) Co-IP of DDK-tagged WT MAPKBP1 and HA-tagged deletion variants overexpressed in HEK293T cells. (I) Cell lysates and Co-IP eluates were analyzed with western blots using anti-HA and anti-DDK antibodies. (II) Analysis of homodimerization efficiency by quantification of western blot bands. (c) Immunofluorescence microscopy images showing HeLa (I and II) and H69 (III) cells transiently tr",,3 inferred mechanics without morphology data,False
PMC12347751,40814602,,Structure-Activity Analysis Reveals Perturbed Cilia-Jun N-Terminal Kinase Signaling in MAPKBP1-Associated Kidney Disease.,Figure 6,cytochalasin D,human,,not stated,,normal,,250 nM,,False,False,False,False,False,False,False,False,False,False,False,False,3 inferred mechanics without morphology data,"Mutual influence of JNK and MAPKBP1 in RPE1 cells and patient fibroblasts. (a) Immunofluorescence microscopy of RPE1 cells treated with either DMSO, JNK Inh VIII, anisomycin or TGFB. (b) Immunofluorescence microscopy of RPE1 cells transfected with anti- MAPKBP1 siRNA (MAPKBP1-KD) or scrambled siRNA. (a–b I) Endogenous MAPKBP1 was stained with anti-MAPKBP1 antibody (MAPKBP1: red acetylated α-tubulin: green, nuclei: blue). Scale bars equal 2 μm. (a–b II) Quantification of MAPKBP1 intensity at the basal body. (a–b II) Ciliary length. Black bordered white dots represent the mean of each independent experiment. Violin plots represent the sum of all individual datapoints. (c) Immunofluorescence mi",,3 inferred mechanics without morphology data,False
PMC12533149,40714837,,PIEZO1-GPX4 Axis Mediates Mechanical Stress-Induced Vertebral Growth Plate Dysplasia via Ferroptosis Activation.,Figure 4,Yoda1,mouse,,not stated,Vertebral,normal,,,,False,False,False,False,False,False,False,False,False,True,False,False,3 inferred mechanics without morphology data,"PIEZO1 Overload Accelerates Degeneration and Ossification of Vertebral Growth Plate Chondrocytes by Mediating Ferroptosis and Oxidative Stress. A) A schematic diagram of cells treated with different drugs. B) An experimental schematic diagram of the Yoda1 agonist mouse model. C,D) Western blot and RT‐PCR analyses of PIEZO1 expression under graded concentrations of Yoda1 treatment. (E) Macroscopic and microscopic observations of ARS, ALP, and TB staining under treatment with different concentrations of Yoda1. F) Micro‐CT reconstruction of mice in the Yoda 1 (5 µmol kg −1 ) intraperitoneal injection group and the control group. G) Safranin O‐Fast Green staining and IHC of mice in the Yoda 1 (5",,3 inferred mechanics without morphology data,False
PMC12533149,40714837,,PIEZO1-GPX4 Axis Mediates Mechanical Stress-Induced Vertebral Growth Plate Dysplasia via Ferroptosis Activation.,Figure 5,Yoda1,,,not stated,vertebral,normal,,,,False,False,False,False,False,False,False,False,False,False,False,False,3 inferred mechanics without morphology data,"PIEZO1 Overload Mediates Ferroptosis and Oxidative Stress in Growth Plate Chondrocytes by Interfering with GPX4, and Inhibiting Oxidative Stress and Ferroptosis Can Alleviate Growth Plate Chondrocyte Degeneration and Ossification. A) The macroscopic and microscopic observations of ARS, ALP, and TB staining with or without Yoda1, NAC, and Fer‐1. B,C) Western‐blot and PCR analysis of cartilage degeneration and ossification‐related indicators (COL1, RUNX2) and oxidative stress‐related indicator (KEAP1) expression with or without Yoda1, NAC, and Fer‐1. D) Immunofluorescence (IF) of cartilage degeneration and ossification‐related indicator (RUNX2) with or without Yoda1, NAC, and Fer‐1. E,F) JC‐1 ",,3 inferred mechanics without morphology data,False
PMC12585761,41194970,,PIEZO1-Primary Cilia Axis Mediates Compressive Stress-Induced Growth Plate Degeneration and Ossification in Adolescent Idiopathic Scoliosis.,FIGURE 3,Yoda1,mouse,,not stated,,disease model,,,,False,False,False,False,False,False,False,False,False,False,False,False,3 inferred mechanics without morphology data,"PIEZO1 regulates the primary ciliogenesis of growth plate chondrocytes. (A) Apply a compressive stress of 100 kPa to growth—plate chondrocytes for different time periods (0, 3, 6, 9, and 12 h) each day to simulate the long‐term excessive pressure load on the concave side of scoliosis. (B) Co‐localization immunofluorescence of primary cilia and PIEZO1 in growth‐plate chondrocytes treated with siPIEZO1 and siIFT88 without compressive stress stimulation. (C) The number of cells with primary cilia and their percentages in the control group and growth‐plate chondrocytes treated with siPIEZO1 and siIFT88, as statistically analyzed by Image J. Total cells for each condition: n ≥ 450, means ± SD fro",,3 inferred mechanics without morphology data,False
PMC12702332,41399468,,PIEZO mechanosensitivity in chondrocytes is differentially modulated by L-type and T-type voltage-sensitive ion channels.,Fig. 1,Yoda1,,fetal,embryonic,femoral,normal,2 day,,,False,False,False,False,False,False,False,False,False,False,False,True,3 inferred mechanics without morphology data,Effect of verapamil on PIEZO1 channel sensitivity. A) Applied deformation after AFM loading. ANOVA testing was significant ( p ​= ​0.0344) but Tukey’s post-hoc testing revealed no significant differences between any groups. B) Magnitude of the intracellular Ca 2+ response to mechanical compression. C) Percentage of cells that responded to AFM compression. D) Magnitude of the intracellular Ca 2+ response to Yoda1 addition. E) Percentage of cells that responded Yoda1 addition. Data presented as mean ​± ​95 ​% confidence interval. One way ANOVA with Tukey’s post-hoc test or Kruskal-Wallis testing with Dunn’s post-hoc test was used for group comparisons A-B and D-E. Different letters indicate st,,3 inferred mechanics without morphology data,False
PMC12702332,41399468,,PIEZO mechanosensitivity in chondrocytes is differentially modulated by L-type and T-type voltage-sensitive ion channels.,Fig. 2,Yoda1,,fetal,embryonic,femoral,normal,2 day,,,False,False,False,False,False,False,False,False,False,False,False,True,3 inferred mechanics without morphology data,Effect of diltiazem hydrochloride on PIEZO1 channel sensitivity. A) Applied deformation after AFM loading. B) Magnitude of the intracellular Ca 2+ response to mechanical compression. C) Percentage of cells that responded to AFM compression. D) Magnitude of the intracellular Ca 2+ response to Yoda1 addition. E) Percentage of cells that responded Yoda1 addition. Data presented as mean ​± ​95 ​% confidence interval. Kruskal-Wallis testing was significant ( p ​= ​0.0343) but Dunn’s test revealed no significant differences between any groups. One way ANOVA with Tukey’s post-hoc test or Kruskal-Wallis testing with Dunn’s post-hoc test was used for group comparisons A-B and D-E. Different letters i,,3 inferred mechanics without morphology data,False
PMC12702332,41399468,,PIEZO mechanosensitivity in chondrocytes is differentially modulated by L-type and T-type voltage-sensitive ion channels.,Fig. 3,Yoda1,,fetal,embryonic,femoral,normal,2 day,,,False,False,False,False,False,False,False,False,False,False,False,True,3 inferred mechanics without morphology data,"Effect of nifedipine on PIEZO1 channel sensitivity. A) Applied deformation after AFM loading. B) Magnitude of the intracellular Ca 2+ response to mechanical compression. C) Percentage of cells that responded to AFM compression. D) Magnitude of the intracellular Ca 2+ response to Yoda1 addition. E) Percentage of cells that responded Yoda1 addition. Data presented as mean ​± ​95 ​% confidence interval. One way ANOVA with Tukey’s post-hoc test or Kruskal-Wallis testing with Dunn’s post-hoc test was used for group comparisons A-B and D-E. Different letters indicate statistical significance ( p ​&lt; ​0.05). If the same letter is assigned to multiple groups, those groups are not significantly dif",,3 inferred mechanics without morphology data,False
PMC12702332,41399468,,PIEZO mechanosensitivity in chondrocytes is differentially modulated by L-type and T-type voltage-sensitive ion channels.,Fig. 4,Yoda1,,fetal,embryonic,femoral,normal,2 day,,,False,False,False,False,False,False,False,False,False,False,False,True,3 inferred mechanics without morphology data,"Effect of NNC-55 on PIEZO1 channel sensitivity. A) Applied deformation after AFM loading. B) Magnitude of the intracellular Ca 2+ response to mechanical compression. C) Percentage of cells that responded to AFM compression. D) Magnitude of the intracellular Ca 2+ response to Yoda1 addition. E) Percentage of cells that responded Yoda1 addition. Data presented as mean ​± ​95 ​% confidence interval. One way ANOVA with Tukey’s post-hoc test or Kruskal-Wallis testing with Dunn’s post-hoc test was used for group comparisons A-B and D-E. Different letters indicate statistical significance ( p ​&lt; ​0.05). If the same letter is assigned to multiple groups, those groups are not significantly differe",,3 inferred mechanics without morphology data,False
PMC12702332,41399468,,PIEZO mechanosensitivity in chondrocytes is differentially modulated by L-type and T-type voltage-sensitive ion channels.,Fig. 7,Yoda1,,fetal,embryonic,femoral,normal,2 day,,,False,False,False,False,False,False,False,False,False,False,False,True,3 inferred mechanics without morphology data,"Effects of inhibitors and Yoda1 on chondrocyte death in cartilage explants subjected to injurious loading. A) Verapamil B) Diltiazem Hydrochloride C) Yoda1 D) GsMTx-4 E) Nifedipine F) NNC-55. Data presented as mean ​± ​95 ​% confidence interval. Student t-tests were used for group comparisons in A-F, ∗ p ​&lt; ​0.05, ∗∗ p ​&lt; ​0.005, ∗∗∗ p ​&lt; ​0.001, ∗∗∗∗ p ​&lt; ​0.0001, n ​= ​10–43.",,3 inferred mechanics without morphology data,False
PMC12841728,41596698,,Triamcinolone Modulates Chondrocyte Biomechanics and Calcium-Dependent Mechanosensitivity.,Figure 4,GsMTx4,,fetal,embryonic,,normal,,,,False,False,False,False,False,False,False,True,False,False,False,False,3 inferred mechanics without morphology data,"Dynamics of Ca 2+ in response to mechanical stimulation with and without inhibition of PIEZO channels using GsMTx4. Intracellular fluorescence was recorded for N = 3 donors with n = 10 cells per condition and donor. Mean + SD values of the GsMTx4 group and control were compared using Mann–Whitney U tests (* p &lt; 0.05, **** p &lt; 0.0001). ( A ) Treatment with GsMTx4 significantly reduced the mean absolute fluorescence intensity of the T2-peak (**** p &lt; 0.0001), but ( B ) increased the mean fluorescence intensity of the T5-peak (* p &lt; 0.05). ( C ) A significant reduction in the T2-increase was observed in the presence of GsMTx4 (**** p &lt; 0.0001). ( D ) Conversely, no significant (n",,3 inferred mechanics without morphology data,False
PMC12858872,41617674,,Microenvironmental stiffness directs microtubule perturbation in chondrocyte mitosis via ILK-refilinB/Smad3 axis.,Fig. 4,blebbistatin,mouse,fetal,embryonic,,normal,,,,False,False,False,False,False,False,False,False,False,False,False,False,3 inferred mechanics without morphology data,"Refilin B correlates with the microtubule changes in chondrocytes in response to substrates with different stiffnesses. a GO analysis showing biological process (BP) changes related to chondrocyte microtubules in response to soft/stiff substrates by bulk RNA-seq (transcriptional level, upper) and protein mass spectrometry (protein level, lower). b Pheatmap showing changes in gene and protein candidates related to microtubules in response to soft/stiff substrates. The left panel shows gene candidates based on bulk RNA-seq, and the right panel shows protein candidates based on MS. c Overexpression of refilin B-GFP in chondrocytes cultured on Petri dishes treated with blebbistatin. Left, repres",,3 inferred mechanics without morphology data,False
PMC12905582,41694589,,Abnormal mechanical load aggravates subchondral bone remodeling and uneven tibial plateau settlement in knee osteoarthritis via activation of osteoblast Piezo1-Ca²⁺-JAK2/STAT3 signaling.,Figure 7,Yoda1,,E1,embryonic,,normal,,,,False,False,False,False,False,False,False,False,False,False,False,False,3 inferred mechanics without morphology data,Piezo1 activates the Ca²⁺-JAK2/STAT3 signaling axis to promote osteogenic differentiation. (A) Western blot analysis of RUNX2 and OCN protein expression in control and Piezo1-KO MC3T3-E1 cells with or without Broussonin E (n = 3 per group). GAPDH was used as the loading control. (B) Quantification of RUNX2 and OCN protein levels normalized to GAPDH (n = 3 per group). (C) Relative mRNA expression of Runx2 and Alpl detected by qPCR (n = 3 per group). (D) Representative immunofluorescence staining of RUNX2 and DAPI with or without Broussonin E (scale bar = 50 μm). (E) Representative ALP staining under the indicated conditions (scale bar = 500 μm). (F) Representative ARS staining under the indic,,3 inferred mechanics without morphology data,False
PMC12959397,41779857,,Compressive stress-driven Piezo1 activation and Rho-ROCK mechanotransduction promote tumor progression via epigenetic mechanical memory.,Fig. 1.,Y27632; fasudil,mouse; human,p53,postnatal,,normal,,,pretreated,False,False,False,False,False,False,False,True,False,True,False,False,3 inferred mechanics without morphology data,"Compressive stress promotes mammary cancer growth and activates the Rho-ROCK mechanotransduction signaling pathway. ( A ) Tumors formed from transplantation of tumor tissue fragments subjected to compression. Scale bar, 5 mm. Chart: tumor area; mean ± SEM ( n = 22 glands per group; three pooled experiments); unpaired t test. ( B ) Tumors formed by transplantation of tumor tissue fragments subjected to compression, stained with hematoxylin and eosin. Scale bar, 5 mm. Chart: percentage of gland containing lesions; mean ± SEM ( n = 4 glands per group); unpaired t test. LN, Lymph node. ( C ) Ki67 immunohistochemistry of tumors from (A) and (B), counterstained with hematoxylin. Scale bars, 100 μm",,3 inferred mechanics without morphology data,False
PMC12959397,41779857,,Compressive stress-driven Piezo1 activation and Rho-ROCK mechanotransduction promote tumor progression via epigenetic mechanical memory.,Fig. 2.,GsMTx4,mouse; human,p53,postnatal,,normal,,,pretreated,False,False,False,False,False,False,False,False,False,True,False,False,3 inferred mechanics without morphology data,"Compressive stress is sensed by the MSIC Piezo1. ( A ) pMlc2 in tumor tissue pretreated with GsMTx4 and compressed, colabeled for E-cadherin. Scale bar, 50 μm. Chart: relative area coverage; mean ± SEM ( n = 4 tumor fragments per group); ANOVA. ( B ) RhoA-GTP and pMypt1 in tumor cells treated with GsMTx4 and compressed, colabeled for F-actin. Scale bar, 50 μm. Charts: relative area coverage; mean ± SEM ( n = 5 FOV per group); ANOVA. ( C and D ) RhoA-GTP, pMlc2, and pMypt1 quantitative immunofluorescence in tumor cells ± Piezo2 (C) or Trpv4 (D) knockdown and compression. Charts: mean ± SEM [(C): n = 12 FOV per group RhoA-GTP/pMypt1 and n = 6 pMlc2; (D): n = 6 per group]; ANOVA. n.s., not sign",,3 inferred mechanics without morphology data,False
PMC12959397,41779857,,Compressive stress-driven Piezo1 activation and Rho-ROCK mechanotransduction promote tumor progression via epigenetic mechanical memory.,Fig. 3.,GsMTx4,mouse; human,p53,postnatal,,normal,,,pretreated,False,False,False,False,False,False,False,False,False,False,False,False,3 inferred mechanics without morphology data,"Compressive stress–induced activation of mechanosensitive Piezo1 leads to downstream calcium-CaMKII-RhoA-ROCK signaling. ( A ) Rhod-2-AM influx into tumor cells, compressed for 3 min. Scale bar, 20 μm. Chart: relative area coverage; mean ± SEM ( n = 10 FOV per group); unpaired t test. ( B ) Rhod-2-AM influx into tumor cells ± Piezo1 knockdown, compressed for 3 min. Scale bar, 20 μm. Chart: relative area coverage; mean ± SEM [ n = 26 FOV nontargeting control (NTC) control, 22 NTC compressed, 25 siPiezo1 control, and 28 siPiezo1 compressed]; ANOVA. ( C ) Phospho-CaMKII (pCaMKII) in tumor cells, compressed for 3 min and colabeled for F-actin. Scale bar, 50 μm. Chart: relative area coverage; mea",,3 inferred mechanics without morphology data,False
PMC12959397,41779857,,Compressive stress-driven Piezo1 activation and Rho-ROCK mechanotransduction promote tumor progression via epigenetic mechanical memory.,Fig. 4.,GsMTx4; Y27632; fasudil,mouse; human,p53,postnatal,,normal,7 day,,,False,False,False,False,False,False,False,True,True,False,False,False,3 inferred mechanics without morphology data,"Compressive stress–induced signaling influences proliferation. ( A ) BrdU incorporation in compressed tumor tissue cultured in ALTEN, colabeled for E-cadherin. Scale bar, 50 μm. Chart: percentage of area coverage BrdU/epithelial area; mean ± SEM ( n = 3 FOV control and 7 compressed); unpaired t test. ( B ) Ki67 in compressed tumor tissue cultured in ALTEN, counterstained with hematoxylin. Scale bar, 100 μm. Chart: percentage of positive pixels; mean ± SEM ( n = 9 control and 8 compressed); unpaired t test. ( C ) BrdU incorporation in tumor cells treated with GsMTx4, KN93, CT04, Fasudil, or Y27632 and compressed. Scale bar, 50 μm. Chart: percentage of BrdU-positive cells; mean ± SEM ( n = 16 ",,3 inferred mechanics without morphology data,False
PMC12959397,41779857,,Compressive stress-driven Piezo1 activation and Rho-ROCK mechanotransduction promote tumor progression via epigenetic mechanical memory.,Fig. 5.,GsMTx4; Y27632; fasudil,mouse; human,p53,postnatal,,normal,4 day,,pretreated,False,False,False,False,False,False,False,False,False,True,False,True,3 inferred mechanics without morphology data,"Compressive stress–induced signaling influences EMT. ( A ) Vimentin and Snail/Slug in tumor tissue compressed and cultured in ALTEN, colabeled for E-cadherin. Scale bar, 50 μm. Charts: relative area coverage; mean ± SEM (Vimentin: n = 22 FOV control, 24 compressed. Snail/Slug: n = 32 FOV control, and 34 compressed); unpaired t tests. ( B ) Vimentin in tumor tissue untreated (Unt) or pretreated with GsMTx4, KN93, Fasudil, or Y27632, compressed and cultured in ALTEN and colabeled for E-cadherin. Scale bar, 50 μm. Chart: relative area coverage; mean ± SEM ( n = 22 FOV control, 24 compressed, 15 GsMTx4, 10 KN93, 17 Fasudil, and 18 Y27632); ANOVA. ( C ) Vimentin and Snail/Slug (top), and phalloid",,3 inferred mechanics without morphology data,False
PMC12959397,41779857,,Compressive stress-driven Piezo1 activation and Rho-ROCK mechanotransduction promote tumor progression via epigenetic mechanical memory.,Fig. 6.,GsMTx4; Y27632; fasudil,mouse; human,p53,postnatal,,normal,,,pretreated,False,False,False,False,False,False,False,True,False,False,False,False,3 inferred mechanics without morphology data,"Compressive stress results in posttranslational histone modifications. ( A ) H3K9Ac in tumors formed from transplantation of compressed tumor tissue, colabeled for E-cadherin. Scale bar, 50 μm. Chart: relative area coverage; mean ± SEM ( n = 20 tumors per group); unpaired t test. ( B ) H3K9Ac in tumor tissue pretreated with GsMTx4, Fasudil, or Y27632, compressed, cultured in ALTEN, and colabeled for E-cadherin. Scale bar, 50 μm. Chart: relative area coverage; mean ± SEM ( n = 16 FOV control, 18 compressed/GsMTx4/Y27632, 20 Fasudil); ANOVA. ( C ) H3K9Ac in tumor cells treated with Fasudil, compressed, cultured overnight, and colabeled for F-actin. Scale bar, 50 μm. Chart: area coverage per ce",,3 inferred mechanics without morphology data,False
PMC13182562,42157948,,Piezo1 in hypertrophic chondrocytes regulates osteoclastogenesis in endochondral ossification.,Figure 10,GsMTx4; Yoda1,mouse; human,p53,postnatal,,disease model,,,,False,False,False,False,False,False,False,False,False,False,False,False,3 inferred mechanics without morphology data,"(A) Experimental setup to test the effect of Yoda1 and GsMTx4 on the gene expression of human chondrogenic C28/I2 cells, relative mRNA expression of (B, E) RANKL , (C, F), OPG (D, G) RANKL/OPG expression ratio, p53 (H, I) and Piezo1 (J, K) in C28/I2 cells treated with Yoda1 or GsMTx4. N = 5-6, *p&lt;0.05, **p&lt;0.01, ***p&lt;0.001, ****p&lt;0.0001. Box plots are depicted as interquartile range (=box), median (=line) and minimum to maximum values (=whiskers).",,3 inferred mechanics without morphology data,False
PMC13182562,42157948,,Piezo1 in hypertrophic chondrocytes regulates osteoclastogenesis in endochondral ossification.,Figure 11,Yoda1,mouse,,not stated,,disease model,,,,False,False,False,False,False,False,False,False,False,False,False,False,3 inferred mechanics without morphology data,"(A) Experimental setup of testing the effect of DAPT on Yoda1-treated C28/I2 cells, (B,C) RANKL and OPG expression and (D) RANKL/OPG expression ratio in cells treated with Yoda1 and Yoda1 + DAPT. (E) Experimental setup of testing the effect of siRNA-mediated Notch3 Knockdown (KD) on Yoda1-treated C28/I2 cells and knockdown efficiency, (F,G) RANKL and OPG expression and (H) RANKL/OPG expression ratio. N = 3-4, *p&lt;0.05, **p&lt;0.01, ***p&lt;0.001, ****p&lt;0.0001. Box plots are depicted as interquartile range (=box), median (=line) and minimum to maximum values (=whiskers).",,3 inferred mechanics without morphology data,False
PMC13182562,42157948,,Piezo1 in hypertrophic chondrocytes regulates osteoclastogenesis in endochondral ossification.,Figure 9,GsMTx4; Yoda1,mouse,p53,postnatal,,disease model,,,,False,False,False,False,False,False,False,False,False,False,False,False,3 inferred mechanics without morphology data,"(A) Experimental setup to test the effect of Yoda1 and GsMTx4 on the gene expression of murine chondrogenic ATDC5 cells by the addition of the components to the chondrogenic differentiation medium. (B, C) Relative mRNA expression of OPG in ATDC5 cells treated with Yoda1 or GsMTx4. (D, E) Relative mRNA expression of p53 in ATDC5 cells treated with Yoda1 or GsMTx4. (F, G) Relative mRNA expression of Piezo1 in ATDC5 cells treated with Yoda1 or GsMTx4. N = 5-6, *p&lt;0.05, **p&lt;0.01, ***p&lt;0.001, ****p&lt;0.0001. Box plots are depicted as interquartile range (=box), median (=line) and minimum to maximum values (=whiskers).",,3 inferred mechanics without morphology data,False
PMC13226731,42225637,,Exploring mitochondrial functions and dysfunctions in chondrocytes: toward the identification of novel therapies for osteoarthritis.,Fig. 3,nobiletin,,,not stated,,normal,,,,False,False,False,False,False,False,False,False,False,False,False,False,3 inferred mechanics without morphology data,"Targeting mitochondrial dysfunctions in OA chondrocytes: replace and repair-orientated therapeutic approaches. Replace strategies involve substituting dysfunctional mitochondria with a new pool of healthy mitochondria, either by indirect delivery through cell therapy or direct mitochondrial transplantation. This strategy also includes replacing a specific mitochondrial function, such as energy metabolism, through the delivery of nanotylakoid photosynthetic units. Repair strategies aim to improve mitochondrial function, for example through the use of flavonoids (e.g., resveratrol and nobiletin) and the repurposing of clinically approved drugs (e.g., metformin, liraglutide, and bezafibrate). T",,3 inferred mechanics without morphology data,False
PMC13284457,42338508,,Growth plate cartilage-targeting nanoparticles for pharmacological treatment of hypochondroplasia.,Fig. 3,cytochalasin D,mouse; rat; human,fetal,embryonic,,normal,,,pre-treated,False,False,False,False,False,False,False,False,False,False,False,True,3 inferred mechanics without morphology data,"In vitro uptake of CT-CM-NPs by chondrocytes. (A) Schematic representation of the in vitro cellular uptake experiment. (B) Flow cytometry analysis of DiR-labeled PLGA-NPs, RM-NPs, CM-NPs, Trypsin-CM-NPs and CT-CM-NPs binding to chondrocytes, as well as CT-CM-NPs incubated with siCol2a1-pre-treated chondrocytes, after a 1-h or 4-h incubation. (C) Quantification of the mean fluorescence intensity (n = 3). (D) Representative confocal images of chondrocytes after 4-h incubation with DiR-labeled nanoparticles. Scale bar, 20 μm. (E) Quantitative analysis of mean fluorescence intensity from confocal images (n = 5). (F) Endocytosis pathway analysis of DiR-labeled CM-NPs and CT-CM-NPs in chondrocytes",,3 inferred mechanics without morphology data,False
PMC1584246,16984628,,The transcription factor ATF3 is upregulated during chondrocyte differentiation and represses cyclin D1 and A gene transcription.,Figure 3,cytochalasin D,mouse,E11.5,embryonic,,normal,24 hours,,,False,False,False,False,False,False,False,False,False,False,False,False,3 inferred mechanics without morphology data,"Inhibition of actin polymerization induces Atf3 expression through transcriptional mechanisms . A) Primary chondrocytes were cultured for 24 hours with DMSO (control) or 1 μM cytochalasin D before harvest and RNA isolation. Real-time PCR demonstrated marked induction of Atf3 mRNA levels by cytochalasin D. Data represent averages and SEM from three independent experiments, normalized to Gapdh (*: p &lt; 0.05). B) Primary chondrocytes were transfected with an Atf3 promoter plasmid and pRLCMV, followed by incubation for 24 hours with DMSO (control) or 1 μM cytochalasin D. Cells were then harvested, firefly luciferase activity was measured and normalized to Renilla luciferase activity. Data repr",,3 inferred mechanics without morphology data,False
PMC2638010,19229324,,C/EBPbeta Promotes transition from proliferation to hypertrophic differentiation of chondrocytes through transactivation of p57.,Figure 4,nocodazole,mouse,E16.5,embryonic,tibias,normal,,,,False,False,False,False,False,False,False,True,False,False,False,False,3 inferred mechanics without morphology data,"C/EBPβ affects cell cycle factors. (A) Time course of DNA histograms by a flow cytometric analysis of C3H10T1/2 cells with retroviral transfection of C/EBPβ (Rx-C/EBPβ) or the control GFP (Rx-GFP) after synchronization at the G2/M phase by nocodazole treatment. The horizontal and vertical axes represent the DNA content and relative frequency, respectively. The blue and red bars indicate the rates of cells in G0/G1 and G2/M phases, respectively. (B) Effects of loss- and gain-of-functions of C/EBPβ on relative mRNA levels of cell cycle factors that were identified as possible transcriptional targets of C/EBPβ by a microarray analysis ( Table S1 ). The levels were compared by real-time RT-PCR a",,3 inferred mechanics without morphology data,False
PMC2700520,19349584,,Integrin-linked kinase is required for radial sorting of axons and Schwann cell remyelination in the peripheral nervous system.,Figure 4.,Y27632; fasudil,mouse,P5,postnatal,,disease model,,,continuous,False,False,False,False,False,False,False,False,False,False,False,False,3 inferred mechanics without morphology data,"ILK regulates SC process extension in a Rho/ROCK-dependent manner. (A) Pull-down assays for active GTP-bound Rho GTPases using SN lysates obtained from P5 control and mutant mice. The activity of Cdc42 ( n = 4, P = 0.0096) and Rac1 ( n = 4, P = 0.0012) is significantly increased in mutant lysates, whereas their total expression levels are not. The amounts of activated Rac1 are more abundant in mutant than control SNs ( n = 4, P = 0.0017), and although not statistically significant, the amounts of activated Cdc42 are also increased ( n = 4, P = 0.0511). The aggregate activation of RhoA, B, and C ( n = 4, P = 0.0015), termed Rho, is significantly increased in mutant lysates, whereas their tota",,3 inferred mechanics without morphology data,False
PMC3154001,20200963,,A key role for membrane transporter NKCC1 in mediating chondrocyte volume increase in the mammalian growth plate.,Fig. 1,bumetanide,rat,,not stated,metatarsal,normal,24 hours,100 µM; 200 µM,,True,False,False,False,False,False,False,True,False,False,False,False,3 inferred mechanics without morphology data,"The effect of NKCC inhibition on rat metatarsal bone rudiment growth by the NKCC inhibitor bumetanide. Each data point contains paired metatarsals, and metacarpals from each animal ( main graph ) or metatarsals alone ( inset ) were cultured for 24 hours and measured as described in “Materials and Methods.” There was a dose-dependent relationship for bumetanide inhibition; individual points were significantly different from control (no bumetanide, open circle ) with bumetanide concentrations of 12.5, 100, and 200 µM ( a p &lt; .05; b p &lt; .01, paired t test). The inset chart shows the significant reduction ( c p &lt; .002, paired t test) of bone lengthening by 100 µM of bumetanide ( pattern",,3 inferred mechanics without morphology data,False
PMC3154001,20200963,,A key role for membrane transporter NKCC1 in mediating chondrocyte volume increase in the mammalian growth plate.,Fig. 2,bumetanide,rat,,not stated,metatarsal,normal,,100 µM,,False,False,False,False,False,False,False,False,False,False,False,False,3 inferred mechanics without morphology data,"Light micrograph of rat metatarsal growth plate in the absence ( A ) and presence ( B ) of 100 µM of bumetanide. The irregular horizontal lines were traced by eye along the beginning of late HZCs that exhibited an unambiguous volume enlargement and the bottom at the zone of calcification. The black-and-white vertical bars indicate the average height of the late hypertrophic and remaining growth plate, respectively. Scale bar = 100 µm.",,3 inferred mechanics without morphology data,False
PMC3154001,20200963,,A key role for membrane transporter NKCC1 in mediating chondrocyte volume increase in the mammalian growth plate.,Fig. 6,bumetanide,rat,,not stated,metatarsal,normal,24 hours,100 µM; 175 µM; 500 µM,,False,False,False,False,False,False,False,True,False,False,False,False,3 inferred mechanics without morphology data,"The effect of the AE inhibitor DIDS (in the presence of 100 µM of bumetanide) on rat metatarsal/metacarpal bone rudiment growth. Each data point represents a metatarsal and metacarpal from of each of at least four animals, cultured for 24 hours, and measured as described in “Materials and Methods.” There was a dose-dependent relationship of DIDS inhibition, significantly reduced ( a p &lt; .05, t test) from control at DIDS concentrations of 175 µM or greater with maximal inhibition at 500 µM. Data points are for the mean of a minimum of four animals with bars denoting SEM.",,3 inferred mechanics without morphology data,False
PMC3509456,23213422,,"Evidence for lysosomal exocytosis and release of aggrecan-degrading hydrolases from hypertrophic chondrocytes, in vitro and in vivo.",Fig. 6.,nocodazole,mouse; rat,,not stated,,normal,,10 mM; 3 µM,pre-treatment,False,False,False,False,False,False,False,False,False,False,False,False,3 inferred mechanics without morphology data,"VAMP8 and VAMP7 colocalise with LAMP1 in epiphyseal chondrocytes under basal conditions and after ionomycin-induced translocation to the cell surface. Epiphyseal chondrocytes were immunolabelled for VAMP7 or VAMP-8 (green) and LAMP1 (red) after treatment with ionomycin (B) , ionomycin in the presence of 10 mM EGTA (C) , ionomycin after pre-treatment with 3 µM nocodazole (D) and untreated cells (A) . Three independent experiments were done with cells from 3 litters of mice. Bar = 10 µm.",,3 inferred mechanics without morphology data,False
PMC3611596,20736063,,An experimental model for studying the biomechanics of embryonic tendon: Evidence that the development of mechanical properties depends on the actinomyosin machinery.,Fig. 10,blebbistatin,,fetal,embryonic,,normal,,,,False,False,False,False,False,False,False,False,False,False,False,True,3 inferred mechanics without morphology data,Demonstration of live cells post-treatment with blebbistatin. After 24-hour incubation with blebbistatin constructs were stained with calcein-AM. (A) A transmitted light image of a construct. (B) Confocal microscope image of the boxed area in (A). Live cells appear green.,,3 inferred mechanics without morphology data,False
PMC3611596,20736063,,An experimental model for studying the biomechanics of embryonic tendon: Evidence that the development of mechanical properties depends on the actinomyosin machinery.,Fig. 11,blebbistatin,,fetal,embryonic,,normal,,,Continuous,False,False,False,False,False,False,False,False,False,True,False,False,3 inferred mechanics without morphology data,"Continuous labeling with 14 C-proline. (A) Tendon constructs (at T0 or at T21) were treated with either blebbistatin or 0.1% DMSO for 4 h and then 14 C-proline was added for a further 1 h. Proteins were extracted as previously described ( Canty et al., 2004 ). (B) Sequential salt extractions (S1, S4) for extracellular proteins followed by an NP-40 detergent extraction (N) for intracellular proteins demonstrated that blebbistatin did not affect the ability of the cells to secrete procollagen and to convert procollagen to collagen.",,3 inferred mechanics without morphology data,False
PMC3611596,20736063,,An experimental model for studying the biomechanics of embryonic tendon: Evidence that the development of mechanical properties depends on the actinomyosin machinery.,Fig. 12,blebbistatin,,fetal,embryonic,,normal,,,,False,False,False,False,False,False,False,False,False,False,False,False,3 inferred mechanics without morphology data,"Live-cell imaging of cells in tendon constructs. Cells seeded in fibrin gels at T6 were treated with either DMSO, blebbistatin, or cytochalasin and imaged for 12 h at 5-min intervals. (A) Schematic showing the fibrin gel (shaded grey) contracting around the fixed-position pins. The box indicates the area imaged. (B) Cell contraction was highlighted with colored lines tracking the position of individual cells over time. Cell contraction was abolished by treatment with blebbistatin or with cytochalasin. Scale bar, 100 μm.",,3 inferred mechanics without morphology data,False
PMC3611596,20736063,,An experimental model for studying the biomechanics of embryonic tendon: Evidence that the development of mechanical properties depends on the actinomyosin machinery.,Fig. 8,blebbistatin,,fetal,embryonic,,normal,,,,False,False,False,False,False,False,False,False,False,False,False,False,3 inferred mechanics without morphology data,The effect of cytochalasin and blebbistatin treatment on the mechanical properties of tendon constructs at T0. Two-hour incubation with either cytochalasin or blebbistatin was immediately followed by mechanical testing. No significant differences in elastic modulus or UTS were seen between inhibitor treated constructs and control.,,3 inferred mechanics without morphology data,False
PMC3611596,20736063,,An experimental model for studying the biomechanics of embryonic tendon: Evidence that the development of mechanical properties depends on the actinomyosin machinery.,Fig. 9,blebbistatin,,fetal,embryonic,,normal,,,,False,False,False,False,False,False,False,False,False,False,False,False,3 inferred mechanics without morphology data,"The effects of cytochalasin and blebbistatin on the development of mechanical properties of tendon constructs. T0 tendon constructs were incubated separately with cytochalasin and blebbistatin for 24 h and the constructs were incubated for a further 48 h in an inhibitor-free culture medium. Control samples contained 0.1% DMSO for the first 24 h. ⁎ p &lt; 0.05, † p &gt; 0.2.",,3 inferred mechanics without morphology data,False
PMC3879916,24404335,,A ROCK Inhibitor Blocks the Inhibitory Effect of Chondroitin Sulfate Proteoglycan on Morphological Changes of Mesenchymal Stromal/Stem Cells into Neuron-Like Cells.,Fig. 3.,Y27632,human,,not stated,,normal,,100 nM,pre-treated,False,False,False,False,False,False,False,False,False,False,False,False,3 inferred mechanics without morphology data,"Analysis of neuronal marker expression by immunofluorescence. WJ-MSCs were pre-treated with a PKC inhibitor (Go6976 or calphostin C, 100 nM) or a GSK3-β inhibitor (SB415286, 10 μM) for 1 h and then with 10 μg/mL CSPG for 1 h and incubated with 100 μM CoCl 2 and 30 μM Y27632 in EGM2 for 72 h. Then, the induced cells were stained for β-tubulin III, neurofilament-M (NFM), and neurospecific enolase (NSE). The nuclei of the cells were stained with DAPI. Y, Y27632; C, CoCl 2 . Scale bar=50 μm",,3 inferred mechanics without morphology data,False
PMC3907862,24441571,,Leptin activates RhoA/ROCK pathway to induce cytoskeleton remodeling in nucleus pulposus cells.,Figure 4.,Y-27632,human,,not stated,,normal,,,pre-treated,False,False,False,False,False,False,False,False,False,False,False,False,3 inferred mechanics without morphology data,"Pharmacological inhibitors of Rho and ROCK prevented phosphorylation of LIMK1 and confilin-2 induced by leptin. NP cells were serum-starved for 24 h, and then pre-treated with C3 (C3 exoenzyme) or Y (Y-276320) for 30 min. The cells were then treated with vehicle (−) or 10 ng/mL leptin (+) in serum-free media for another 30 min. the protein amounts of phosphorylated forms of LIMK1 (p-LIMK1) ( A ) and confilin-2 (p-confilin-2) ( B ) were detected with Western blotting analysis. GAPDH was also detected as a loading control. The signal in each lane was quantified using ImageJ software (v. 2.1.4.7; National Institutes of Health, Boston, MA, USA) and the ratios of p-LIMK1/LIMK1 and p-confilin-2/co",,3 inferred mechanics without morphology data,False
PMC3907862,24441571,,Leptin activates RhoA/ROCK pathway to induce cytoskeleton remodeling in nucleus pulposus cells.,Figure 5.,Y-27632,human,,not stated,,normal,,,,False,False,False,False,False,False,False,False,False,False,False,False,3 inferred mechanics without morphology data,"Pharmacological inhibitors of Rho and ROCK prevented F-actin remodeling in human NP cells treated with leptin. NP cells were treated with vehicle (control), specific C3 exoenzyme (C3), or Y-276320 (Y) and incubated in the presence or absence of leptin (10 ng/mL). Fluorescence microscopy images showing both C3 exoenzyme and Y-27632 inhibited leptin-induced actin cytoskeletal reorganization and actin stress fiber formation. Scale bars represent 75 μm.",,3 inferred mechanics without morphology data,False
PMC4042480,23995703,,Chondrocyte channel transcriptomics: do microarray data fit with expression and functional data?,unlabelled,bumetanide,,,not stated,,normal,,0.11µM; 120 mM,,False,False,False,False,False,False,False,False,False,False,False,False,3 inferred mechanics without morphology data,"Figure 3. Water Permeability (Aquaporin) Assay. Water permeability can be calculated from the initial slope of the relative volume ( V / V o ) against time curve. Where V is the volume at time t and V o is the volume at time zero. This is the accepted physiological assay for aquaporin expression. ( A ) Permeability is 30±3% (p&lt;0.05, n= 4) greater in chondrocytes from dogs with osteoarthritis (OA). TEA (a blocker of AQP1 53 , 54 ), bumetanide 54 ( pIC50 5.17±0.11µM, n =6, “Bumex”, a blocker of AQP1 and 4), and mercuric chloride (HgCl 2 a non-specific AQP blocker reversed by 2-mercaptoethanol) ME) are included to determine AQP type ( B and C ). Chondrocytes were harvested from canine clinic",,3 inferred mechanics without morphology data,False
PMC4161385,25211221,,Arhgap28 is a RhoGAP that inactivates RhoA and downregulates stress fibers.,Figure 4,Y27632,mouse; chick,,not stated,,normal,2 hours,10 µM; 5 µM,,False,False,False,False,False,True,False,False,False,False,False,False,3 inferred mechanics without morphology data,"Arhgap28 is upregulated during ECM assembly and downregulated during Rho-dependent tissue recoil. Primary embryonic chick fibroblasts were seeded into a fibrin gel for the formation of 3D cell cultures containing aligned ECM. A . The expression of Arhgap6 , Arhgap18 , Arhgap28, Col1a1 , and Fn were quantified by qPCR (n = 3). B . 3D tissue constructs were treated with 5 µM LPA or 10 µM Y27632 for 2 hours in serum-free conditions and changes to the actin cytoskeleton were observed by phalloidin staining. Bars = 50 µm. Arrows indicate the alignment of the tissue. C . The recoil baseline, which is the calculated length of the construct at the end of the exponential fit (see Materials and Method",,3 inferred mechanics without morphology data,False
PMC4333081,25264362,,Planar cell polarity aligns osteoblast division in response to substrate strain.,Figure 3,GSK269962,mouse; human,E2,embryonic,,normal,1 hour,1 µM,pretreatment,False,False,False,False,False,True,False,True,False,False,False,False,3 inferred mechanics without morphology data,"ROCK activity mediates strain-related orientation of cell divisions and centriole alignment. ( A ) Osteoblast-like cells (Saos-2) were harvested 1 hour after exposure to strain with or without 30-minute pretreatment with 1 µM GSK269962 (GSK). Representative images show F-actin (red), the focal adhesion protein paxillin (green), and the nucleus (blue). Arrows indicate paxillin colocalization with F-actin in terminal blebs likely representing focal adhesions in the vehicle-treated cells. Scale bar = 50 µm. ( B ) Saos-2 cells were treated with vehicle or with 1 µM GSK269962 1 hour before or after exposure to strain and fixed 24 hours after strain for Ki-67 in situ cell cycle analysis. The propo",,3 inferred mechanics without morphology data,False
PMC4462245,26069708,,"Effects of Adipokines and Insulin on Intracellular pH, Calcium Concentration, and Responses to Hypo-Osmolarity in Human Articular Chondrocytes from Healthy and Osteoarthritic Cartilage.",Figure 1.,amiloride,human,,not stated,,normal,20 hours,140 mM,,False,False,False,False,False,False,False,False,False,False,True,False,3 inferred mechanics without morphology data,"( A ) Comparison between the pH i of human articular chondrocytes from healthy (CHC) and osteoarthritic cartilage (COC) on treatment with a number of hormones, as indicated. * and ** denote significant differences from the respective control for both types of cells. In all cases, there were significant differences between CHC and COC pHi. ( B ) Representative recordings of the pH i recovery following an ammonium prepulse under control conditions and in a CHC under ILβ1 treatment in 140 mM extracellular Na + and in Na + -free extracellular solution (0 Na). ( C ) Comparison between the mean maximal acid equivalent fluxes (JH) following an ammonium prepulse with the different agents tested in C",,3 inferred mechanics without morphology data,False
PMC4516504,20196782,,Control of chondrocyte gene expression by actin dynamics: a novel role of cholesterol/Ror-alpha signalling in endochondral bone growth.,Figure 10,cholesterol; cytochalasin D,mouse,E15.5,embryonic,Tibiae,normal,6 day,,every other day,False,False,False,False,False,False,False,False,False,False,False,False,3 inferred mechanics without morphology data,"Summary. Our studies suggest that a gene expressed during chondrocyte differentiation to hypertrophy, Ror-α, regulates the expression of Fabp4, Klf15, Cd36 and Lpl in a cholesterol dependent manner. Inhibition of actin polymerization by cytochalasin D or inhibition of Rac1 signalling promotes Ror-α expression levels. The regulation of Ror-α expression levels is likely mediated via Hif-1α, a known regulator of Ror-α.",,3 inferred mechanics without morphology data,False
PMC4516504,20196782,,Control of chondrocyte gene expression by actin dynamics: a novel role of cholesterol/Ror-alpha signalling in endochondral bone growth.,Figure 2,Y27632; cytochalasin D; jasplakinolide,mouse,E15.5,embryonic,Tibiae,normal,6 day,50 nM,every other day,False,False,False,False,False,False,False,False,False,False,False,False,3 inferred mechanics without morphology data,"Microarray analysis of primary chondrocytes treated with actin inhibitors. An enriched population of primary mouse chondrocytes were treated with DMSO vehicle, 1 μM cytochalasin D, 10 μM Y27632 or 50 nM jasplakinolide for 24 hrs. RNA was isolated and hybridized to Affymetrix MOE 4.0 chips. Gene lists were compiled from genes that demonstrated a reliable signal (as determined by the MAS5.0 algorithm) and changed significantly; a 1.5-fold cut-off was assigned. (A) Inhibition of Rho/ROCK signalling by Y27632 resulted in 176 probe sets being up-regulated and 139 probe sets being down-regulated. Cytochalasin D treatment resulted in 777 up-regulated and 1209 down-regulated probe sets in comparison",,3 inferred mechanics without morphology data,False
PMC4516504,20196782,,Control of chondrocyte gene expression by actin dynamics: a novel role of cholesterol/Ror-alpha signalling in endochondral bone growth.,Figure 3,cytochalasin D,mouse,E15.5,embryonic,Tibiae,normal,6 day,,every other day,False,False,False,False,False,False,False,False,False,False,False,False,3 inferred mechanics without morphology data,Gene ontology and Kegg pathways in response to cytochalasin D treatment. (A) Microarray gene sets from primary chondrocytes treated with 1 μM cytochalasin D for a period of 24 hrs were assessed according to GO annotations categorized by Fatigo+. (B) Kegg annotations were used to determine changes within different signalling pathways.,,3 inferred mechanics without morphology data,False
PMC4516504,20196782,,Control of chondrocyte gene expression by actin dynamics: a novel role of cholesterol/Ror-alpha signalling in endochondral bone growth.,Figure 4,cytochalasin D,mouse,E15.5,embryonic,tibiae,normal,6 day,,every other day,False,False,False,False,False,False,False,False,False,False,False,False,3 inferred mechanics without morphology data,Comparison of cytochalasin D treatment to hypertrophic gene expression in vivo and in vitro . Microarray data sets from three different experiments were compared: (1) RNA was isolated from an enriched population of primary chondrocytes plated in high-density monolayer cultures and treated for a period of 24 hrs with DMSO vehicle or 1 μM cytochalasin D. (2) RNA was isolated from micromass cultures of differentiating chondrocytes on day 3 and day 15 of culture. (3) RNA was isolated from E15.5 tibiae that were microdissected into different growth plate zones. All experiments were run in triplicate for each treatment or time-point. RNAs were hybridized to Affymetrix chips for the micromass array,,3 inferred mechanics without morphology data,False
PMC4516504,20196782,,Control of chondrocyte gene expression by actin dynamics: a novel role of cholesterol/Ror-alpha signalling in endochondral bone growth.,Figure 5,Y27632; cytochalasin D; jasplakinolide,mouse,E15.5,embryonic,Tibiae,normal,6 day,50 nM,every other day,False,False,False,False,False,False,False,False,False,False,False,False,3 inferred mechanics without morphology data,"Real-time validations of selected genes changing in response to actin inhibitors RNA isolated from an enriched population primary chondrocytes plated in high-density monolayer for a period of 24 hrs with vehicle control, 1 μM cytochalasin D, 10 μM Y27632 or 50 nM jasplakinolide were assessed by real-time PCR. (A) Rora mRNA levels are significantly increased by both cytochalasin D and jasplakinolide treatment in comparison to the vehicle control. Y27632 treatment results in a significant decrease in Rora mRNA levels. (B) Lcp1 mRNA levels are significantly increased in response to all treatments in comparison to control cultures. (C) Relative gene expression of Frzb is significantly increased ",,3 inferred mechanics without morphology data,False
PMC4516504,20196782,,Control of chondrocyte gene expression by actin dynamics: a novel role of cholesterol/Ror-alpha signalling in endochondral bone growth.,Figure 7,HPCD; cholesterol; cytochalasin D; lovastatin,mouse,E15.5,embryonic,Tibiae,normal,6 day,10 mM,every other day,False,False,False,False,False,False,False,False,False,False,False,False,3 inferred mechanics without morphology data,"Functional validations of genes up-regulated by cytochalasin D treatment and some known targets of Ror-α signalling. RNA was isolated from an enriched population of primary chondrocytes plated in high-density monolayer culture that were pre-treated for 4 hrs with 10 mM HPCD or ethanol. After media were changed, cells were treated with vehicle control, 10 μM cholesterol, 5 μM lovastatin and/or 1 μM cytochalasin D. (A) Rora gene expression was determined by real-time PCR. Cytochalasin D treatment increased mRNA levels of Rora independent of increased or decreased levels of cholesterol. (B) Lpl mRNA levels were significantly increased by cytochalasin D treatment which was inhibited by the addit",,3 inferred mechanics without morphology data,False
PMC4516504,20196782,,Control of chondrocyte gene expression by actin dynamics: a novel role of cholesterol/Ror-alpha signalling in endochondral bone growth.,Figure 8,HPCD; cholesterol; cytochalasin D; lovastatin,mouse,E15.5,embryonic,tibiae,normal,6 day,10 mM,every other day,True,False,False,False,False,False,False,False,False,True,False,False,3 inferred mechanics without morphology data,"Longitudinal growth of organ cultures treated with cholesterol and/or inhibition of cholesterol synthesis. (A) E15.5 tibiae were grown for a period of 6 days in culture and treated every other day. Subsets of tibiae were pre-treated for a period of 4 hrs with 10 mM HPCD. Remaining tibiae were then treated with vehicle, 1 μM cytochalasin D, 10 μM cholesterol and/or 5 μM lovastatin (HPCD pre-treated tibiae). Bones were fixed and then stained with Alcian Blue/Alizarin Red. Data shown are representative of 3 independent trials, scale bar = 1 mm. (B) Tibiae were measured on day 1 of culture and then at the end of 6 days for assessment of longitudinal growth. Tibiae treated with cytochalasin D, ch",,3 inferred mechanics without morphology data,False
PMC4523177,26237312,,Cytoskeletal Reorganization Drives Mesenchymal Condensation and Regulates Downstream Molecular Signaling.,Fig 4,cytochalasin D,chick,,not stated,,normal,,,,False,False,False,False,False,False,False,True,False,False,False,False,3 inferred mechanics without morphology data,"Cytochalasin D prevents cytoskeleton rearrangement and condensation. (A,B) The columella region (circled) at HH31 showing control and Cytochalasin D (CyD) treated tissue. (a,b) Phalloidin (red)–actin, Hoechst (blue)—nuclear DNA. (c) Black and white view to highlight nuclei and actin. (A,B) Inhibition of actin polymerization results in loss of cell-cell connections (b,c). Rather, a clump of actin (arrowheads) is observed at one pole of the cell. (C) Nuclear circularity is normally reduced during the process of condensation (controls) at HH30. In Cytochalasin D treated tissue the nuclei maintain their pre-condensation rounded shape, indicating failure of condensation (asterisk, p&lt;0.01). (D,",,3 inferred mechanics without morphology data,False
PMC4523177,26237312,,Cytoskeletal Reorganization Drives Mesenchymal Condensation and Regulates Downstream Molecular Signaling.,Fig 5,cytochalasin D,chick,,not stated,,normal,,,,False,False,False,False,False,False,False,False,False,False,False,False,3 inferred mechanics without morphology data,"Actin reorganization is required for columella condensation. (A,B) Tissue slices treated with Cytochalasin D. The activation status of FGF, BMP and TGF-β signaling pathways in the columella (circled) as measured by pERK, pSmad1/5/8 and pSmad2 (green) immunolabeling, respectively, at HH30. (B) Cytochalasin D treatment reverses the activated signaling patterns. (C) Graph of pSmad2 positive cells at HH30. Compared to 12% of control cells, 86% of cells remained pSmad2 positive in treated explants (asterisk, p&lt;0.01). (D) TGF-β signaling in control tissue, showing the normal expression of TGF-β between HH28 and HH31. pSmad2 immunolabeling shows that TGF-β signaling is high at HH28 before conden",,3 inferred mechanics without morphology data,False
PMC4523177,26237312,,Cytoskeletal Reorganization Drives Mesenchymal Condensation and Regulates Downstream Molecular Signaling.,Fig 6,Y27632; blebbistatin,chick,,not stated,,normal,,,,False,False,False,False,False,False,False,False,False,False,False,False,3 inferred mechanics without morphology data,"Myosin II and ROCK inhibition disrupts columella condensation. (A-C) Tissue slices treated with Blebbistatin (Myosin II inhibitor) or Y27632 (ROCK inhibitor). (a-d) Hoechst (blue)—nuclear DNA, Phalloidin (red)—F-actin, pSmad2 (green)—TGF-β signaling. (e) Black and white view of F-actin. (A) Normal condensation in controls with pSmad2 down regulated at HH30 (c) and formation of cell-cell actin bridges (d,e). (B,C) TGF-β signaling is maintained in explants exposed to Blebbistatin or Y27632 as indicated by high levels of pSmad2 immunolabeling (c). Condensation doesn’t occur in treated explants as indicated by the lack of an organized tissue (a) and disorganized actin (d,e). (D) Quantitative ana",,3 inferred mechanics without morphology data,False
PMC4605238,26509098,,Rho/Rock signal transduction pathway is required for MSC tenogenic differentiation.,Figure 3,cytochalasin D,mouse,fetal,embryonic,,normal,1 day,,,False,False,False,False,False,False,False,False,False,False,False,False,3 inferred mechanics without morphology data,Cytochalasin D disrupted actin cytoskeletal arrangement in cells attached to scaffold fibers. ( a ) Measurements of cytoplasmic length and width of cells attached to a scaffold. ( b ) Measurements of nuclear length and width of cells attached to a scaffold. ( c ) Measurements of cytoplasmic length and width of cells attached to a scaffold treated with cytochalasin D. ( d ) Measurements of nuclear length and width of cells attached to a scaffold treated with cytochalasin D. ( e ) Graphic representation of length to width ratios demonstrating elongated cells and nuclei under normal conditions compared to rounded cells and nuclei in the presence of cytochalasin D. Data represent at least three ,,3 inferred mechanics without morphology data,False
PMC4605238,26509098,,Rho/Rock signal transduction pathway is required for MSC tenogenic differentiation.,Figure 4,cytochalasin D,mouse,fetal,embryonic,,normal,1 day,,,False,False,False,False,False,False,False,False,False,False,False,False,3 inferred mechanics without morphology data,"Cytochalasin D treatment inhibited MSC differentiation toward tenocytes. ( a ) Immunocytochemistry (blue = DAPI, red = SCX or TNMD). ( b ) Relative mRNA and western blot of SCX and TNMD expression in MSCs grown on a silk scaffold without or with cytochalasin D treatment. ( c ) Relative mRNA expression of the housekeeping genes Hrpt1 and Pgk1 in MSCs grown on a silk scaffold with and without cytochalasin D treatment. Data represent three independent experiments per assay. * P &lt; 0.05 compared to MSCs seeded on the scaffold without cytochalasin D.",,3 inferred mechanics without morphology data,False
PMC4605238,26509098,,Rho/Rock signal transduction pathway is required for MSC tenogenic differentiation.,Figure 5,Y-27632; blebbistatin; latrunculin,mouse,fetal,embryonic,,normal,7 day,,,False,False,False,False,False,False,False,False,False,False,False,False,3 inferred mechanics without morphology data,"Rho/Rock Pathway signaling and stress fiber formation are required for tendon lineage determination. ( a ) Immunocytochemistry of β-actin in MSCs grown either with no treatment or treated with Latrunculin A, Y-27632 and Blebbistatin for 7 days (blue = DAPI, green = β-actin). * P &lt; 0.05 for all treatments. ( b ) mRNA expression and protein expression of Scx and mRNA expression of ( c ) Col1a1 , Nfatc4 , and Nst in MSCs grown on silk scaffolds following treatment with Latrunculin A (LatA), Y-27632 (Y) and Blebbistatin (Bleb) for 24 h. Data represent three independent experiments per assay.",,3 inferred mechanics without morphology data,False
PMC4677323,26658759,,Simvastatin suppresses breast cancer cell proliferation induced by senescent cells.,Figure 1,simvastatin,human,,not stated,,normal,24 hrs,250 nM,,False,False,False,False,False,False,False,True,False,False,False,False,3 inferred mechanics without morphology data,"Simvastatin strongly reduces the SASP of human fibroblasts. ( a ) Non-senescent (NS) or senescent (SN) HCA2 fibroblasts were incubated in media containing the indicated concentrations of simvastatin (sim) or vehicle (DMSO). Cells were given simvastatin or DMSO immediately after irradiation and conditioned media (CM) were collected and analyzed 9 d later by ELISA for IL-6. Cells remained on the plate at the time of collection were counted for normalization. Shown are IL-6 levels relative to that of NS. ( b ) NS or SN cells were given 250 nM simvastatin or DMSO. 9 d later, mRNA was extracted for quantitative PCR analysis of the indicated genes, which were normalized to actin mRNA. ( c ) NS or ",,3 inferred mechanics without morphology data,False
PMC4677323,26658759,,Simvastatin suppresses breast cancer cell proliferation induced by senescent cells.,Figure 2,simvastatin,human,,not stated,,normal,,250 nM,,False,False,False,False,False,False,False,True,False,False,False,False,3 inferred mechanics without morphology data,"Simvastatin suppresses the SASP by inhibiting protein prenylation. ( a ) Simplified schematic of the mevalonate pathway. The intermediate metabolites that were added to simvastatin-treated cells in ( b ) are circled in red. ( b ) NS or SN fibroblasts were infected with lentiviruses expressing an shRNA against HMG CoA reductase (shHMGCR) or a control shRNA (shGFP), and selected. 9 d later, mRNA was collected for qPCR analysis for HMGCR (left panel) or IL-6 (right panel). Actin was used as a control for RNA quantity. ( c ) NS or SN fibroblasts were treated with DMSO or 250 nM simvastatin in the presence or absence of the mevalonate pathway metabolites for 7 d. CM were collected and analyzed by",,3 inferred mechanics without morphology data,False
PMC4677323,26658759,,Simvastatin suppresses breast cancer cell proliferation induced by senescent cells.,Figure 3,ML141; simvastatin,human,,not stated,,normal,,250 nM,,False,False,False,False,False,False,False,False,False,False,False,False,3 inferred mechanics without morphology data,"Inhibition of Rac1 or Cdc42 contributes to the suppression of IL-6 expression by simvastatin. ( a ) NS or SN fibroblasts were treated with DMSO or 250 nM simvastatin for 9 d. Whole cell lysates were collected and analyzed for RhoA/Rac1/Cdc42 activation using a commercial kit. GTP bound RhoA/Rac1/Cdc42 are activated forms of the proteins. Ponceau-S staining served as a loading control. The blots were run under the same experimental conditions. The full blots are shown in Supplementary Figure 7 . ( b ) HCA2 fibroblasts were irradiated, immediately treated with 5 μM of the Cdc42 inhibitor (ML141), 20 μM of the Rac1 inhibitor (NSC), or co-treated with simvastatin, and allowed to develop a SASP f",,3 inferred mechanics without morphology data,False
PMC4677323,26658759,,Simvastatin suppresses breast cancer cell proliferation induced by senescent cells.,Figure 4,simvastatin,human,,not stated,,normal,48 hrs,,,False,False,False,False,False,False,False,True,False,False,False,False,3 inferred mechanics without morphology data,"Simvastatin suppresses SASP-induced breast cancer cell proliferation. ( a ) Conditioned media were collected from DMSO or simvastatin treated non-senescent (CM NS/DMSO , CM NS/sim ) or senescent (CM SN/DMSO , CM SN/sim ) HCA2 cells as described above. MCF7 breast cancer cells were kept in the indicated CM containing 0.5% FBS for 48 hrs. Cell viability/proliferation was examined using a commercial kit. ( b ) CM were collected as described in ( a ), and applied to MCF7 cells treated with DMSO or the estrogen receptor antagonist ICI 182780 (ICI) for the indicated times. The percentage of cell survival (ICI vs. DMSO) was determined using crystal violet staining. (*p &lt; 0.05, **p &lt; 0.01).",,3 inferred mechanics without morphology data,False
PMC4677323,26658759,,Simvastatin suppresses breast cancer cell proliferation induced by senescent cells.,Figure 5,simvastatin,human,,not stated,,normal,24 hrs,,,False,False,False,False,False,False,False,True,False,False,False,False,3 inferred mechanics without morphology data,"Simvastatin suppresses the SASP-induced activation of the ERK pathway in breast cancer cells. ( a ) MCF7 cells were cultured in CM from NS, DMSO- or simvastatin-treated SN cells for 24 hrs. Changes in the phosphorylation status of proteins belonging to receptor tyrosine kinase pathways were determined using a commercial kit. ( b ) Conditioned media were collected from DMSO- or simvastatin-treated NS or SN cells as described above. MCF7 breast cancer cells were cultured in the indicated CM containing 0.5% FBS for 24 hrs. Whole cell lysates were collected and analyzed by western blotting. Tubulin served as a loading control. The blots were run under the same experimental conditions. The full b",,3 inferred mechanics without morphology data,False
PMC4769095,26493329,,IFT88 influences chondrocyte actin organization and biomechanics.,Fig. 2,cytochalasin D,mouse,,not stated,,disease model,,,,False,False,False,False,False,False,False,False,False,False,False,True,3 inferred mechanics without morphology data,IFT88 mutation increases disassembly of F-actin associated with increased myosin IIB expression with cytochalasin D treatment . (A) Representative epifluorescence images showing the changes of F-actin (top panels) and myosin IIB (bottom panels) in WT and IFT88 orpk cells exposed to cytochalasin D (6 μM) for 10 min. F-actin was stained with Alexa Fluor 555-phalloidin while myosin IIB was labelled with antibodies targeted to NMIIB. Cell edges were identified by the red lines drawn around individual cells. Scale bar represents 25 μm. Changes in mean fluorescence intensity of (B) F-actin and (C) myosin IIB for WT and IFT88 orpk cells under each condition. Fluorescence intensity was normalized to,,3 inferred mechanics without morphology data,False
PMC4802171,26996322,,Ciliary IFT80 balances canonical versus non-canonical hedgehog signalling for osteoblast differentiation.,Figure 5,Y-27632,mouse,,not stated,,disease model,,,,False,False,False,False,False,False,False,False,False,False,False,False,3 inferred mechanics without morphology data,"Inhibition of non-canonical Hh signalling promotes osteogenesis. ( a ) ALP activity assay of IFT80 f/f and IFT80 d/d OPCs at day 7 of osteogenic induction. Both OPCs were treated with 0.5 μg ml −1 C3 (RhoA inhibitor) or 10 μM Y-27632 (ROCK inhibitor) ( n =4, triplicates per group). ( b ) Western blot of GFP showing the expression level of GFP-tagged RhoA proteins in different groups. The bands of 27 kDa represent the GFP proteins in the IFT80 f/f group that were transfected with Ad–GFP. The bands of 48 kDa represent the GFP-tagged RhoA. The levels of RhoAWT, RhoA19DN and RhoA63CA are normalized to GAPDH ( n =3, NS, not statistically significant). ( c ) ALP activity assay of IFT80 f/f and IFT",,3 inferred mechanics without morphology data,False
PMC4802171,26996322,,Ciliary IFT80 balances canonical versus non-canonical hedgehog signalling for osteoblast differentiation.,Figure 6,Y-27632,mouse,,not stated,,disease model,,,,False,False,False,False,False,False,False,True,False,False,False,False,3 inferred mechanics without morphology data,"Inhibition of non-canonical Hh signalling reduces stress fibre density while promotes ciliogenesis. ( a ) IFT80 f/f and IFT80 d/d OPCs were stained for actin (red) and cilia (green) after C3 (RhoA inhibitor) or Y-27632 (ROCK inhibitor) treatment. DAPI staining is used as counterstaining. Scale bars, 25 μm. ( b ) Graph quantifying the percentage of stress fibres shown in a ( n =3 with at least 15 cells analysed). ( c ) Calculated cilia length ( n =10 cells) and cilia percentage ( n =3 with at least 200 cells analysed) shown in a . ( d ) Western blot results showing ROCK1 and ROCK2 expression in IFT80 f/f and IFT80 d/d OPCs after transfected with control siRNA (siCTRL) or siRNA targeting ROCK1",,3 inferred mechanics without morphology data,False
PMC4804234,27005960,,ATX-LPA1 axis contributes to proliferation of chondrocytes by regulating fibronectin assembly leading to proper cartilage formation.,Figure 4,Y27632,,,not stated,,normal,48hr,,,False,False,False,False,False,False,False,True,False,False,False,True,3 inferred mechanics without morphology data,"LPA-induced S-phase entry is enhanced by fibronectin and is integrin-dependent in chondrocytes. ( a ) Chondrocytes that enter the S-phase as judged by EdU incorporation spread fully. Merged phase and confocal image of LPA-stimulated HT chondrocytes on cell culture-treated (non-coated) plates 48hr after stimulation. Nuclei colored in red indicate EdU positive cells. Scale bar: 20 μm. ( b,c ) LPA-induced S-phase entry is enhanced by the presence of fibronectin, is LPA 1 -dependent and is mediated via both G α12/13 and G αi pathways. ( b ) LPA-induced S-phase entry of HT and KO chondrocytes seeded on non-, Col II- and FN-coated plates was evaluated by BrdU incorporation assay (NS: non-stimulate",,3 inferred mechanics without morphology data,False
PMC4804234,27005960,,ATX-LPA1 axis contributes to proliferation of chondrocytes by regulating fibronectin assembly leading to proper cartilage formation.,Figure 5,Y27632,,,not stated,,normal,,,,False,False,False,False,False,False,False,True,False,False,False,False,3 inferred mechanics without morphology data,"LPA enhances formation of fibronectin fibrils through LPA 1 leading to S-phase entry of chondrocytes. ( a ) LPA enhances formation of fibronectin fibrils through LPA 1 . HT chondrocytes were stimulated with LPA in the presence of LPA 1 antagonist (Ki16425), ROCK inhibitor (Y27632) or PTX (G αi inhibitor). Cells were also immunostained with anti-β1-integrin antibody and phalloidin. Scale bar: 5 μm. ( b,c ) LPA enhances the assembly of extracellularly-added FN into FN fibrils via LPA 1 , G α12/13 , G αi and integrin-mediated signaling. ( b ) Intracellular distribution of fluorescent-labeled FN (Hilyte488-FN) added in LPA-stimulated chondrocytes. Cells were also immunostained with anti-β1-integ",,3 inferred mechanics without morphology data,False
PMC4855537,27126736,,RhoA determines lineage fate of mesenchymal stem cells by modulating CTGF-VEGF complex in extracellular matrix.,Figure 5,Y27632,mouse; rat,12-week-old,postnatal,,normal,7 day,,,False,False,False,False,False,False,False,False,False,True,False,False,3 inferred mechanics without morphology data,"Extracellular matrix (ECM) genes are differentially expressed in MSCs expressing active RhoA. Mouse MSCs were transfected with either empty vector (EV) or L63RhoA. Heat map of the 12 genes identified as differentially expressed by microarray analysis ( a , fold change &gt;2, false-discovery rate&lt;0.20). Validation of the mRNA changes of the indicated genes by qRT–PCR analysis ( b ). n =5, * P &lt;0.01 versus EV group as determined by Student's t -tests. ( c ) Mouse MSCs were treated with 5 ng ml −1 TGFβ1 alone or in combination with increasing doses of Y27632 for 7 days. qRT–PCR analysis of the indicated genes in MSCs. n =5. Data are represented as mean±s.e.m. * P &lt;0.01 versus vehicle g",,3 inferred mechanics without morphology data,False
PMC4855537,27126736,,RhoA determines lineage fate of mesenchymal stem cells by modulating CTGF-VEGF complex in extracellular matrix.,Figure 7,Y27632,mouse; rat,12-week-old,postnatal,,normal,6 day,,,False,False,False,False,False,False,False,False,False,False,False,False,3 inferred mechanics without morphology data,"Inactivation of RhoA promotes endothelial differentiation of MSCs through MMP3. Mouse MSCs were incubated with different media: αMEM with 1% serum only (M1), adding TGFβ1 (M2), adding both TGFβ1 and RhoA/ROCK inhibitor Y27632 (M3) or adding TGFβ1, Y27632 and a specific MMP3 inhibitor UK370106 (M4) for 6 days. Immunofluorescence staining of the cells using individual antibodies against VE-cadherin and CD31 ( a ). Quantification of the percentages of VE-cadherin- ( b ) and CD31- ( c ) positive staining cells out of total cells. n =5. Scale bars, 50 μm. Representative images of tube formation ( d ) and quantitative data of cumulative tube length ( e ) of MSCs cultured with indicated overlay med",,3 inferred mechanics without morphology data,False
PMC4909859,26965371,,Centrosomal protein CP110 controls maturation of the mother centriole during cilia biogenesis.,Fig. 7.,nocodazole,mouse; human; chick,,not stated,,disease model,,,,False,False,False,False,False,True,False,False,False,False,False,False,3 inferred mechanics without morphology data,"Cell cycle analysis of wild-type and Cp110 −/− MEFs. (A) DNA content analysis of asynchronously growing wild-type and Cp110 −/− MEFs was performed after fixing the cells in ethanol followed by staining with propidium iodide and FACS analysis. (B) Asynchronously growing wild-type, Cp110 +/− and Cp110 −/− MEFs were treated with nocodazole for 16 h and released for 3, 6, 9, 12, 15, 18 and 21 h, dissociated with trypsin, fixed in ethanol and stained with propidium iodide for DNA content analysis by FACS. (C) Analysis of the cell cycle defect in mutant MEFs. Mitotic cells from the wild-type, Cp110 +/− and Cp110 −/− MEFs were collected by mitotic shake off and plated on coverslips. Cells were grow",,3 inferred mechanics without morphology data,False
PMC5279942,28135189,,Direct measurement of TRPV4 and PIEZO1 activity reveals multiple mechanotransduction pathways in chondrocytes.,Figure 4.,GSK1016790A; Yoda1,mouse,,not stated,vertebrate,normal,,10 µM; 50 nM,,False,False,False,False,False,False,False,False,False,False,True,False,3 inferred mechanics without morphology data,"Substrate-deflection gated currents are mediated by PIEZO1 and TRPV4. ( A ) Fraction of chondrocytes that responded with at least with one mechanically gated current in response to deflection stimuli. Knockdown of Piezo1 resulted in significantly fewer responsive cells compared with cells treated with non-targeting miRNA (scrambled) (Fisher´s exact test, *p = 0.04). Trpv4 -/- chondrocytes were significantly less likely to respond to deflection stimuli compared with WT cells (Fisher’s exact test, *p = 0.03). When the miRNA against Piezo1 was expressed in Trpv4 -/- chondrocytes, the response further decreased compared with the WT chondrocytes transfected with a scrambled miRNA (***p = 0.002, F",,3 inferred mechanics without morphology data,False
PMC5279942,28135189,,Direct measurement of TRPV4 and PIEZO1 activity reveals multiple mechanotransduction pathways in chondrocytes.,Figure 6—figure supplement 2.,GSK1016790A,mouse,,not stated,vertebrate,normal,,100 nM,,False,False,False,False,False,False,False,False,False,False,True,False,3 inferred mechanics without morphology data,"WT chondrocytes respond to the TRPV4 agonist GSK101 but not chondrocytes isolated from a Trpv4 -/- mouse. ( A ) WT chondrocytes respond to the application of TRPV4 agonist GSK1016790A (GSK101). Intensiometric epifluorescent imaging was used to demonstrate the presence of functional TRPV4 in WT, murine chondrocytes. Cells were loaded with the fluorescent calcium dye Cal520-AM, stimulated with ATP (100 μM, addition indicated by a cyan line) as a positive control to demonstrate viability and then treated with GSK101 (100 nM, application indicated by red line). The average ratio of fluorescence signal intensity: the ratio of the intensity of the fluorescence signal/baseline was plotted against t",,3 inferred mechanics without morphology data,False
PMC5333381,28265203,,Overexpression of aquaporin 4 in articular chondrocytes exacerbates the severity of adjuvant-induced arthritis in rats: an <i>in vivo</i> and <i>in vitro</i> study.,Fig. 6,acetazolamide,rat,,not stated,,normal,7-day,,,False,False,False,False,False,False,False,False,False,False,False,False,3 inferred mechanics without morphology data,"Western blot analyses for AQP4 in cultured articular chondrocytes. a Representative examples of AQP4 protein expressions in various cell groups: normal articular chondrocytes, AIA articular chondrocytes, AIA articular chondrocytes treated with acetazolamide (25 or 100 μM). b Semi-quantitative statistical graph of AQP4 protein levels in various chondrocytes groups, β-actin serves as the house-keeping protein. Data are mean ± SEM ( n = 6). ** p &lt; 0.01 compared with normal articular chondrocytes group. ## p &lt; 0.01 compared with AIA articular chondrocytes group",,3 inferred mechanics without morphology data,False
PMC5333381,28265203,,Overexpression of aquaporin 4 in articular chondrocytes exacerbates the severity of adjuvant-induced arthritis in rats: an <i>in vivo</i> and <i>in vitro</i> study.,Fig. 7,acetazolamide,rat,,not stated,,normal,7-day,,,False,False,False,False,False,False,False,True,False,False,False,False,3 inferred mechanics without morphology data,"The cell proliferation in various articular chondrocytes groups including normal articular chondrocytes, AIA articular chondrocytes, AIA articular chondrocytes treated with acetazolamide (25 or 100 μM). Data are mean ± SEM ( n = 6). ** p &lt; 0.01 compared with normal articular chondrocytes group. ## p &lt; 0.01 compared with AIA articular chondrocytes group",,3 inferred mechanics without morphology data,False
PMC5333381,28265203,,Overexpression of aquaporin 4 in articular chondrocytes exacerbates the severity of adjuvant-induced arthritis in rats: an <i>in vivo</i> and <i>in vitro</i> study.,Fig. 8,acetazolamide,rat,,not stated,,normal,7-day,,,False,False,False,False,False,False,False,False,False,True,False,False,3 inferred mechanics without morphology data,"COII and aggrecan mRNA levels in various chondrocytes groups including normal articular chondrocytes, AIA articular chondrocytes and AIA articular chondrocytes treated with acetazolamide (25 or 100 μM). Data are mean ± SEM ( n = 6). ** p &lt; 0.01 compared with normal articular chondrocytes group. # p &lt; 0.05, ## p &lt; 0.01 compared with AIA articular chondrocytes group",,3 inferred mechanics without morphology data,False
PMC5584733,27442895,,Rac1 in human diseases: The therapeutic potential of targeting Rac1 signaling regulatory mechanisms.,Figure 3.,cholesterol,,,not stated,,normal,,,,False,False,False,False,False,False,False,True,False,False,False,False,3 inferred mechanics without morphology data,"Targeting Rac1 activation and downstream signaling via blocking Rac1 lipid modifications. (A) The isoprenoid pathway is a multi-step chemical cascade, initiated by the 3-hydroxy-2-methylglutaryl-coenzyme A reductase (HMG-CoA reductase). HMG-CoA resides in the endoplasmic reticulum (ER) and represents a rate-limiting step in the conversion of acetyl-CoA into mevalonate, which is converted into isopentenyl diphosphate (IPP), the precursor of geranyl diphosphate (GPP) and farnesyl diphosphate (FPP). Via the action of squalene synthase, FPP can be converted into squalene, the committed precursor for cholesterol production. Alternatively, FPP can be converted into geranylgeranyl diphosphate (GGPP",,3 inferred mechanics without morphology data,False
PMC5903644,29664925,,Actin and myosin II modulate differentiation of pluripotent stem cells.,Fig 1,blebbistatin; cytochalasin D,mouse,fetal,embryonic,,normal,,,,False,False,False,False,False,False,False,False,False,False,False,False,3 inferred mechanics without morphology data,"Perturbation of actin polymerization or actin-myosin interactions. Normal actin polymerization is perturbed in cells treated with either the agonist jasplkinolide (JASP), which increases actin filament length by preventing depolymerization, or the antagonist cytochalasin D (CYTO D), which results in actin filament shortening by preventing polymerization. Actin-myosin interaction is perturbed in cells treated with either the agonist calyculin A (CAL A), which increases actin-myosin interactions by inhibiting the deactivation of myosin, or the antagonist blebbistatin (BLEBB) which decreases actin-myosin interactions by inhibiting binding of myosin to actin.",,3 inferred mechanics without morphology data,False
PMC6009972,29921325,,Inhibition of the RhoGTPase Cdc42 by ML141 enhances hepatocyte differentiation from human adipose-derived mesenchymal stem cells via the Wnt5a/PI3K/miR-122 pathway: impact of the age of the donor.,Fig. 1,ML141,,,not stated,,normal,,,,False,False,False,False,False,False,False,False,False,False,False,False,3 inferred mechanics without morphology data,"Cdc42 activity increases with age. hADSCs were isolated from lipoaspirates and cultured for 96 h and then treated for 24 h with or without the Cdc42/Rac1 GTPase inhibitor ML141 (ML; 10 μM). Cell lysates from undifferentiated hADSCs were used for the Pull-down assays of Cdc42-GTP (500 μg) and Cdc42GAP (100 μg). Correlations between donor age and Cdc42-GTP ( a,e ), donor age and Cdc42GAP ( b,f ), Cdc42-GTP and Cdc42GAP ( c ), Cdc42-GTP and cell yield/mg of collected adipose tissue ( d ), donor age and Rho-GTP ( g ), and donor age and Rac-GTP ( h ). Results represent the mean ± SEM of two independent experiments realized on the 61 subjects after normalization to GAPDH. Pearson correlation coeff",,3 inferred mechanics without morphology data,False
PMC6009972,29921325,,Inhibition of the RhoGTPase Cdc42 by ML141 enhances hepatocyte differentiation from human adipose-derived mesenchymal stem cells via the Wnt5a/PI3K/miR-122 pathway: impact of the age of the donor.,Fig. 10,ML141,,,not stated,,normal,,,,False,False,False,False,False,False,False,False,False,False,False,False,3 inferred mechanics without morphology data,"Global methylation status and involvement of DNA methyltransferases (DNMTs) in Hep-Dif of hADSCs. hADSCs derived from young and aged subjects were differentiated as indicated in Fig. 4 . Cells were incubated with or without ML141 (ML, 10 μM) from day (D)−2 to D14 of the differentiation. a Methylation status of hADSCs derived from the young, aged, and ML141-treated aged groups were analyzed for the indicated time of Hep-Dif; expressions of DNMTs mRNA are shown. b hADSCs derived from aged subjects were subjected to Hep-Dif in the presence or absence of 5-azacytidine (AZA, 20 μM) for 48 h (from day 0 to day 2 of the differentiation)); ML141 was added from day −2 to day 14: methylation status, h",,3 inferred mechanics without morphology data,False
PMC6009972,29921325,,Inhibition of the RhoGTPase Cdc42 by ML141 enhances hepatocyte differentiation from human adipose-derived mesenchymal stem cells via the Wnt5a/PI3K/miR-122 pathway: impact of the age of the donor.,Fig. 11,ML141,,,not stated,,normal,,,,False,False,False,False,False,False,False,False,False,False,False,False,3 inferred mechanics without morphology data,"Model for the regulation of ML141-induced hepatocyte differentiation. In hADSCs, ML141 induced the hepatocyte differentiation by a mechanism involving the Wnt5a/PI3K/miR-122 signaling pathway, and regulated positively the hepatic specific genes and function, importantly the exosome release. ALB albumin, HNF hepatocyte nuclear factor, NSC NSC5476, PI3K phosphatidylinositol-3 kinase, WRT Wortmannin",,3 inferred mechanics without morphology data,False
PMC6009972,29921325,,Inhibition of the RhoGTPase Cdc42 by ML141 enhances hepatocyte differentiation from human adipose-derived mesenchymal stem cells via the Wnt5a/PI3K/miR-122 pathway: impact of the age of the donor.,Fig. 2,ML141,,p16,postnatal,,normal,,,,False,False,False,False,False,False,False,True,True,False,False,False,3 inferred mechanics without morphology data,"Pharmacological targeting of Cdc42 activity by ML141 (ML) on the yield, growth, adherence, apoptosis, and immunomodulatory characteristics of hADSCs. Cells derived from young and aged subjects were cultured for 96 h. Cells were treated with or without ML141 (10 μM, 24 h). Proliferative potential as indicated by cell number ( a ) and time for population doubling ( b ). Kinetics of hADSC adherence as evaluated by the number of adhered cells and expressed as the percentage of applied cells ( c,d ). Cell viability ( e ) and apoptotic index ( f ) as assessed by labeled cells with Annexin V/propidium iodide (PI)/7AAD. The cell viability and apoptotic index were expressed respectively as the percen",,3 inferred mechanics without morphology data,False
PMC6009972,29921325,,Inhibition of the RhoGTPase Cdc42 by ML141 enhances hepatocyte differentiation from human adipose-derived mesenchymal stem cells via the Wnt5a/PI3K/miR-122 pathway: impact of the age of the donor.,Fig. 4,ML141,,,not stated,,normal,28 day,,,False,False,False,False,False,False,False,False,False,False,False,False,3 inferred mechanics without morphology data,"Impact of pharmacological targeting of Cdc42 activity by ML141 (ML) on the gene expression profile during Hep-Dif. hADSCs were isolated from young and aged subjects and were induced to Hep-Dif for 28 days with or without ML141 (10 μM) for the indicated time of incubation. RNAs were collected at D0/14/28 and mRNA levels of the studied genes were quantified by RT-qPCR. a Gene expression profile of hepatic and mesenchymal-to-epithelial transition markers as well as epigenetic markers (the DNA methyltransferases, DNMTs). b Rifampicin responsiveness of hepatocyte-like cells: RNAs were collected at day 28 of the differentiation after cell treatment with rifampicin (20 μM, 24 h). Expression levels ",,3 inferred mechanics without morphology data,False
PMC6009972,29921325,,Inhibition of the RhoGTPase Cdc42 by ML141 enhances hepatocyte differentiation from human adipose-derived mesenchymal stem cells via the Wnt5a/PI3K/miR-122 pathway: impact of the age of the donor.,Fig. 5,ML141,human,fetal,embryonic,,normal,,,,False,False,False,False,False,False,False,True,False,False,False,False,3 inferred mechanics without morphology data,"Extinction of alpha fetoprotein (AFP), Vimentin, and Ki67 from hepatocyte-like cells derived from aged ADSCs treated with ML141. Cells derived from young and aged groups were differentiated and treated with or without ML141 as indicated in Fig. 4 and evaluated for AFP (fetal hepatoblast marker), Vimentin (EMT marker), and Ki67 (proliferation marker) by immunohistochemistry (IHC) as described in the Methods. Cells were examined microscopically and phase-contrast images were captured. Cultures of primary human (h) fetal and adult hepatocytes were assessed as positive controls and negative controls, respectively",,3 inferred mechanics without morphology data,False
PMC6009972,29921325,,Inhibition of the RhoGTPase Cdc42 by ML141 enhances hepatocyte differentiation from human adipose-derived mesenchymal stem cells via the Wnt5a/PI3K/miR-122 pathway: impact of the age of the donor.,Fig. 6,ML141,,P450,postnatal,,normal,,,,False,False,False,False,False,False,False,False,False,False,False,False,3 inferred mechanics without morphology data,"Pharmacological targeting of Cdc42 activity by ML141 (ML) induces rifampicin responsiveness and restores cell function. hADSCs derived from young and aged subjects were differentiated and treated with or without ML141 as indicated in Fig. 4 . a–c Secreted albumin, urea production, and low-density lipoprotein (LDL) uptake: supernatants of cultured cells and the lysates were collected at D0/D14/D28 of the differentiation for the quantification of albumin, urea, and LDL uptake as indicated in the Methods. Results are expressed per ng/ml (for the production of albumin and urea) and RFU (fluorescent LDL uptake) and are presented as fold variation relative to young at day D0, and are the mean ± SE",,3 inferred mechanics without morphology data,False
PMC6009972,29921325,,Inhibition of the RhoGTPase Cdc42 by ML141 enhances hepatocyte differentiation from human adipose-derived mesenchymal stem cells via the Wnt5a/PI3K/miR-122 pathway: impact of the age of the donor.,Fig. 7,ML141,,,not stated,,normal,28 day,100 ng/ml; 200 ng/ml; 50 ng/ml,,False,False,False,False,False,False,False,False,False,False,False,False,3 inferred mechanics without morphology data,"ML141 (ML) impact on hepatocyte differentiation is dependent of PI3K and Wnt5a signaling. hADSCs were induced to Hep-Dif for 28 days with or without ML141 (10 μM) for the indicated time of incubation (d-2/14 or d14/28). Cells were treated 24 h before adding ML141, and maintained with ML141, with: 1) inhibitors of PKA (H-89, 5μM), JNK (SP600125, 10μM), ERK (PD98059, 50μM), and PI3K (Wortmannin, 10μM); or 2) Wnt-antagonist Dkk1 (200 ng/ml, 24 h), Wnt3a (50 ng/ml, 24 h), and Wnt5a (100 ng/ml, 24 h). a mRNA expression of Wnt(s) and β-catenin expressed as fold variation relative to young at D0 after normalization to GAPDH. b Cell lysates (80–150 μg of protein) were separated by SDS-PAGE and immun",,3 inferred mechanics without morphology data,False
PMC6009972,29921325,,Inhibition of the RhoGTPase Cdc42 by ML141 enhances hepatocyte differentiation from human adipose-derived mesenchymal stem cells via the Wnt5a/PI3K/miR-122 pathway: impact of the age of the donor.,Fig. 8,ML141,,,not stated,,normal,28 day,,,False,False,False,False,False,False,False,False,False,False,False,False,3 inferred mechanics without morphology data,"miR-122 selective inhibitor (NSC5476 (NSC)) abolished the effects of ML141 (ML). hADSCs were induced to Hep-Dif for 28 days with or without ML141 (10 μM) for the indicated time of incubation (D-2/14 or D14/28). Cells were incubated as indicated in Fig. 7 (with H-89, SP, PD, WRT, Wnt5a) and with or without NSC5476 (NSC, 5 μM) 24 h before adding ML141 and maintained in parallel to ML141. a RNAs were collected at D0/14/28 and mRNA levels of hepatocyte nuclear factor (HNF)4α/albumin (ALB)/E-cadherin/miR-122 genes were determined by RT-qPCR: the results are expressed as fold variation relative to D0 (or young at D0) after normalization to GAPDH. b Effects of H-89, SP, PD, WRT, Wnt5a, and NSC on t",,3 inferred mechanics without morphology data,False
PMC6056413,30038235,,Mechanical loading induces primary cilia disassembly in tendon cells via TGFβ and HDAC6.,Figure 5,blebbistatin,rat; human,foetal,embryonic,,normal,24 hour,,,False,False,False,False,False,False,False,False,False,False,False,True,3 inferred mechanics without morphology data,"Cilia disassembly induced by cyclic strain is not caused by changes in actin tension. ( a ) Representative confocal images showing F-actin in unstrained isolated human tenocytes and following a 24 hour period of cyclic tensile strain (3%, 1 Hz) with and without treatment with 10μM Blebbistatin. Actin labelled with Alexa-Phalloidin. Scale bars represent 50 μm. ( b ) Corresponding cilia prevalence (values represent mean with error bars indicating standard error for n = 4 fields for each condition). ( c ) Box and whisker plots showing corresponding cilia length for each condition (N = 40 ± 20 cilia per condition from 1 donor). Data were analysed with 2-factor Anova for both length and prevalenc",,3 inferred mechanics without morphology data,False
PMC6296470,30569032,,Mechanotransduction and cell biomechanics of the intervertebral disc.,Figure 7,latrunculin,human,,not stated,,normal,,,,False,False,False,False,False,False,False,True,False,False,False,False,3 inferred mechanics without morphology data,"(A) Work in diverse fields has identified the critical role of actin as a direct regulator of transcription factors. SRF and TEAD are known to be active and present in primary nucleus pulposus (NP) and anulus fibrosus (AF) cells, where they are believed to be regulated by F‐actin turnover and Rho/ROCK signaling. On stiff substrates, increased polymerized F‐actin form contractile complexes with focal adhesions and actomyosin to sustain Rho/ROCK signaling to allow nuclear translocation of coactivator YAP/TAZ to bind TEAD and drive transcription of proliferation‐ and differentiation‐related genes. Similarly, coactivator MRTF is able to localize to the nucleus due to the decreased presence of mo",,3 inferred mechanics without morphology data,False
PMC6345564,30475205,,Mechanical force regulates tendon extracellular matrix organization and tenocyte morphogenesis through TGFbeta signaling.,Figure 4.,nocodazole,mouse; rat; chick; zebrafish,,not stated,,disease model,,,,False,False,False,False,False,False,False,False,False,False,False,False,3 inferred mechanics without morphology data,Microtubule-rich tenocyte projections control tendon ECM localization. Lateral views of live 48 hpf Tg( scx:mCherry ) embryos injected with EGFP-alpha-Tubulin mRNA ( A–C ) showing localization of a-Tubulin along the length of projections colocalized with mCherry to mark in tenocytes. Transverse views of 3-D reconstructed live 60 hpf embryos showing tenocyte projections in DMSO-treated ( D ) and Nocodazole (Noco)-treated ( E ) embryos. Transverse view of 3-D reconstructed 60 hpf embryos immunostained for Tsp4b showing localization of Tsp4b in DMSO treated ( F ) and Noco treated ( G ) samples. Quantification of Tsp4b localization intensity in VMS ( H ) and distribution of Tsp4b aggregates in V,,3 inferred mechanics without morphology data,False
PMC6345564,30475205,,Mechanical force regulates tendon extracellular matrix organization and tenocyte morphogenesis through TGFbeta signaling.,Figure 6—figure supplement 3.,nocodazole,mouse; rat; chick; zebrafish,,not stated,,disease model,,,,False,False,False,False,False,False,False,False,False,False,False,False,3 inferred mechanics without morphology data,"TGFβ signaling and tenocyte projection integrity affect tendon gene expression. Real time PCR analysis shows relative expression of scxa , tsp4b , tgfbip and ctgfa2 genes in control (DMSO treated) embryos, SB431542-treated embryos ( A ) and Nocodazole-treated embryos ( B ).",,3 inferred mechanics without morphology data,False
PMC6349341,30450767,,TRPV4 regulates matrix stiffness and TGFβ1-induced epithelial-mesenchymal transition.,Figure 6,blebbistatin,mouse,,not stated,,normal,,,,False,False,False,False,False,False,False,False,False,True,False,False,3 inferred mechanics without morphology data,"Increased stiffness potentiates transforming growth factor β1 (TGFβ1)‐induced YAP/TAZ nuclear translocation in a transient receptor potential vanilloid 4 (TRPV4)‐dependent manner. WT and TRPV4 KO NMEKs were seeded on collagen‐coated compliant (0.5 kPa) and stiff (8 kPa) polyacrylamide hydrogels and incubated with or without TGFβ1 for 72 h. Cells were stained for YAP/TAZ (red) and nuclei were stained with DAPI (blue). (A) Representative fluorescent micrographs. Yellow arrow indicates YAP/TAZ nuclear translocation. (B) Quantitation of results from (A). Data are expressed as mean ± SEM of three independent experiments; * P &lt; 0.05, ** P &lt; 0.01, *** P &lt; 0.001, n = 20 cells/condition, one",,3 inferred mechanics without morphology data,False
PMC6362014,30718762,,Caveolin-1α regulates primary cilium length by controlling RhoA GTPase activity.,Figure 6,CN03,mouse,,not stated,,disease model,5 day,0.5 µg/ml,,False,False,False,False,False,False,False,True,False,False,False,False,3 inferred mechanics without morphology data,"Cav1α knockout reduces RhoA activity. (A) GTP-bound RhoA from control and Cav1α KO cells were pulled-down by GST-rhotekin-RBD and subjected to immunoblot analysis for total and active RhoA levels (left panel). The histogram represents active RhoA normalized to total RhoA levels in Cav1α KO cells relative to control cells (right panel). (B,C) FRET-based analysis of RhoA activity was done in living control and Cav1α KO cells, grown for 5 days. FRET efficiency is shown on the right with the upper and lower limits of the ratio range indicated in the color bar ( B ). The histogram represents the quantitative measurements of FRET/TFP ratios in the apical membrane; n = 50 cells per condition ( C ).",,3 inferred mechanics without morphology data,False
PMC6362014,30718762,,Caveolin-1α regulates primary cilium length by controlling RhoA GTPase activity.,Figure 7,Y27632,mouse,,not stated,,normal,5 day,10 µM,,False,False,False,False,False,False,False,False,False,False,False,False,3 inferred mechanics without morphology data,"Cav1α controls cilium length via ROCK and Dia1. (A , B) Control and Cav1α KO cells were untreated (−) or treated with 10 µM Y27632 for 24 h and then stained for acetylated tubulin, F-actin and γ-tubulin ( A ). The scatter-plot represents the total length of cilia measured in µm; more than 700 cells were analyzed for each condition ( B ). (C) Control and DIA1 KO cells were analyzed by immunoblotting for DIA1. GAPDH was used as a loading control. (D , E) Control and DIA1 KO cells were grown for 5 days and stained for acetylated tubulin, F-actin, γ-tubulin and nuclei ( D ). The scatter-plot represents ciliary lengths measured in µm; more than 700 cells were analyzed in control and DIA1 KO cells",,3 inferred mechanics without morphology data,False
PMC6383868,30789897,,Feather arrays are patterned by interacting signalling and cell density waves.,Fig 2,latrunculin,,E6.5,embryonic,,normal,48 hours,150 ng/ml,,False,False,False,False,False,False,False,False,False,False,False,False,3 inferred mechanics without morphology data,"A travelling wave of primordium induction is required for high-fidelity pattern formation. (A) Time course output of a simulation of the patterning network shown in Fig 1J . A 2-dimensional patterning (bottom) yields an irregular array, whereas the same network deployed in a wave (top) yields a highly regular hexagonal pattern. (B) E6.5 skin explants cultured for a total period of 48 hours. Control explants display a hexagonal periodic pattern of high regularity. Explants treated for 24 hours with 150 ng/ml Latrunculin A to suppress feather primordium formation, followed by 24-hour incubation in normal medium to permit patterning, produces a pattern of low regularity. Scale bar: 1 mm. (C) Sc",,3 inferred mechanics without morphology data,False
PMC6396101,30825839,,Non-muscle Myosin-II Is Required for the Generation of a Constriction Site for Subsequent Abscission.,Figure 1,blebbistatin,,,not stated,,normal,,,,False,False,False,False,False,False,False,False,False,False,True,False,3 inferred mechanics without morphology data,"Distinct Localization Patterns and Dynamics of NM-IIA, NM-IIB, and NM-IIC during Cytokinesis (A) The motor activity of NM-II is essential for furrow ingression. Cells were treated with 25 μM Blebbistatin. Scale bar, 5 μm. (B) Localization pattern of NM-IIA during cytokinesis. See also Video S1 , left. Scale bar, 5 μm. (C) Localization pattern of NM-IIB during cytokinesis. See also Video S1 , right. Scale bar, 5 μm. See also Figure S1 A for the localization pattern of NM-IIC0 during cytokinesis. Scale bar, 5 μm. See also Video S2 , left. (D and E) FRAP analysis of NM-IIA and NM-IIB during cytokinesis. See also Figures S2 A and S2B and Video S3 . Data for fluorescence recovery at the bleached ",,3 inferred mechanics without morphology data,False
PMC6396101,30825839,,Non-muscle Myosin-II Is Required for the Generation of a Constriction Site for Subsequent Abscission.,Figure 3,blebbistatin,,,not stated,,normal,,,,False,False,False,False,False,False,False,False,False,False,False,False,3 inferred mechanics without morphology data,"Inhibition of NM-II Motor Activity by a Low Dose of Blebbistatin Causes Delayed Removal of Actin and Myosin Filaments from the Division Site at the Midbody Stage (A) Treatment of cells by 7.5 μM Blebbistatin results in furrow ingression, followed by furrow regression. Cells were treated with DMSO or 7.5 μM Blebbistatin and observed by time-lapse microscopy. Scale bar, 10 μm. (B) CEP55 localizes to the midbody region in cells treated with 7.5 μM Blebbistatin. Cells transfected with the plasmid carrying GFP-CEP55 and treated with 7.5 μM Blebbistatin were analyzed by time-lapse microscopy. Scale bar, 10 μm. (C) Quantification of binucleated cells caused by 7.5 μM Blebbistatin. Cells in the pres",,3 inferred mechanics without morphology data,False
PMC6396101,30825839,,Non-muscle Myosin-II Is Required for the Generation of a Constriction Site for Subsequent Abscission.,Figure 5,blebbistatin,,,not stated,,normal,,,,False,False,False,False,False,False,False,False,False,False,False,False,3 inferred mechanics without morphology data,"NM-IIB, Actin Filaments, and Septin 9 Are Associated with the Site of Constriction (A) IIA is not associated with the site of constriction. Cells were synchronized at the early or late midbody stage, treated with DMSO or 7.5 μM Blebbistatin, and double-stained for IIA (green) and tubulin (red) as described for Cep55 in Figure 4 A. Arrows, sites of constriction; arrowheads, the site of abscission. Scale bar, 5 μm. (B) IIB is associated with the site of constriction. Cells were processed and double-stained for IIB (green) and tubulin (red) as described for IIA in (A). Arrows, sites of constriction; arrowheads, the site of abscission. Scale bar, 5 μm. See also Figure S5 . (C) F-actin is associa",,3 inferred mechanics without morphology data,False
PMC6416271,30867417,,Dietary fatty acids fine-tune Piezo1 mechanical response.,Fig. 1,Yoda1,mouse; human,,not stated,,normal,5 day,10 µM; 100 µM; 15 µM; 300 µM,,False,False,False,False,False,False,False,False,False,False,False,False,3 inferred mechanics without morphology data,"Margaric acid inhibits Piezo1 currents in N2A cells. a Representative whole-cell patch-clamp recordings (at −60 mV) of control and margaric acid (MA) (1, 10, 25, 50, 100, and 300 µM)-treated N2A cells elicited by mechanical stimulation. Bottom right panel displays representative Piezo1 macroscopic currents of MA-treated N2A cells incubated with Yoda1 prior to mechanical stimulation. The structure of MA is displayed on top. b Piezo1 current densities elicited by maximum displacement of MA-treated N2A cells. A Boltzmann function, Eq. ( 2 ), was fitted to the data (IC 50 = 28.3 ± 3.4 SEM). Circles are mean ± SD. n is denoted above the x -axis. c Piezo1 current densities elicited by maximum disp",,3 inferred mechanics without morphology data,False
PMC6416271,30867417,,Dietary fatty acids fine-tune Piezo1 mechanical response.,Fig. 3,latrunculin,mouse; human,,not stated,,normal,5 day,1 µM; 100 µM,,False,False,False,False,False,False,False,False,False,False,False,False,3 inferred mechanics without morphology data,"Dietary fatty acids alter membrane fluidity in N2A cells. a Representative thermotropic characterization of the DPPC/fatty acid systems using DSC: control ( T m = 41.68 °C), MA (43.08 °C), AA (41.04 °C), EPA (40.85 °C), and DHA (40.40 °C). b Effects of DPPC/fatty acids on melting temperatures (Δ T m ) with respect to DPPC membranes. Experiments were performed from two independent preparations. c Estimation plot with all tether force data points presented as a swarmplot for control, pentadecanoic acid (PDA), MA, AA, EPA, and DHA (100 µM)-treated N2A cells. d Estimation plot with all tether force data points presented as a swarmplot for latrunculin A (1 µM; 1 h)-treated N2A control cells and s",,3 inferred mechanics without morphology data,False
PMC6416271,30867417,,Dietary fatty acids fine-tune Piezo1 mechanical response.,Fig. 4,Yoda1,mouse; human,,not stated,,normal,5 day,2 µM,,False,False,False,False,False,False,False,False,False,False,False,False,3 inferred mechanics without morphology data,"Piezo1 channel mediates mechanically evoked currents in HMVEC. a Stacked bar chart illustrating the membrane fatty acid distribution in N2A cells and HMVEC, as determined by LC-MS. Bars are mean ± SD. n is denoted above the x -axis. Mann–Whitney test. b Representative whole-cell patch-clamp recordings (at ±60 mV) of HMVEC (top) elicited by mechanical stimulation (bottom). Red arrow highlights the steady-state currents. c Current–voltage relationship of HMVEC mechano-dependent currents as determined by whole-cell patch-clamp experiments. Circles are mean ± SD. n = 5. d Left: representative micrographs of HMVEC challenged with control buffer and 2 µM Yoda1 and analyzed for their responses usin",,3 inferred mechanics without morphology data,False
PMC6441020,30926814,,Excessive mechanical loading promotes osteoarthritis through the gremlin-1-NF-κB pathway.,Fig. 7,EHT1864; NSC23766; PF-573228; Y-27632,mouse; human,fetal,embryonic,,normal,6-day,10 µM,pretreated,False,False,False,False,False,False,False,False,False,False,False,False,3 inferred mechanics without morphology data,"Gremlin-1 induction by mechanical stress loading occurs through Rac1 activation. a Gremlin-1 mRNA levels in mouse primary chondrocytes treated with 10 µM inhibitors of FAK (PF-573228), ROCK (Y-27632), or RAC1 (NSC23766) 24 h after cyclic tensile strain loading. n = 3 biologically independent samples. * P &lt; 0.05, # P &lt; 0.005 versus stress+, vehicle (one-way ANOVA test). b Gremlin-1 mRNA levels in mouse primary chondrocytes treated with Rac1 inhibitors NSC23766 or EHT1864 at 24 h after cyclic tensile strain loading. n = 3 biologically independent samples. * P &lt; 0.05, # P &lt; 0.005, ## P &lt; 0.001 versus stress + , vehicle (one-way ANOVA test). c Rac1 pull-down activation assay using",,3 inferred mechanics without morphology data,False
PMC6554687,31214026,,Nobiletin Inhibits IL-1β-Induced Inflammation in Chondrocytes <i>via</i> Suppression of NF-κB Signaling and Attenuates Osteoarthritis in Mice.,Figure 1,nobiletin,mouse,Fetal,embryonic,,normal,,,,False,False,False,False,False,False,False,False,False,False,False,False,3 inferred mechanics without morphology data,"Effect of nobiletin on in vitro cell cytotoxicity. The cells were cultured with increasing concentrations of nobiletin (0, 10, 20, 40, 50, 100 or 200 μM) for 24 (A) and 48 h (B) . Cell viability was measured using a CCK-8 assay. Values represent mean ± SD of three independent experiments. Significant differences are indicated as * p &lt; 0.05, ** p &lt; 0.01, compared to the control group.",,3 inferred mechanics without morphology data,False
PMC6554687,31214026,,Nobiletin Inhibits IL-1β-Induced Inflammation in Chondrocytes <i>via</i> Suppression of NF-κB Signaling and Attenuates Osteoarthritis in Mice.,Figure 2,nobiletin,mouse,Fetal,embryonic,,normal,,10 ng/ml,pretreated,False,False,False,False,False,False,False,False,False,False,False,False,3 inferred mechanics without morphology data,"Effect of nobiletin on IL-1β-induced NO, PGE2, IL-6, and TNF-α production in mice OA chondrocytes. Chondrocytes were pretreated for 24 h with various concentrations of nobiletin (10, 20, or 40 μM) and then incubated for 24 h with or without IL-1β (10 ng/ml). Nitrite levels in the culture medium were assessed by Griess reaction (A) . Concentrations of PGE2, IL-6, and TNF-α were determined using ELISAs (B–D) . Values represent mean ± SD of three independent experiments. * p &lt; 0.05, compared with control group. * p &lt; 0.05 and ** p &lt; 0.01, compared with IL-1β group. ## p &lt; 0.01, compared to the control group.",,3 inferred mechanics without morphology data,False
PMC6554687,31214026,,Nobiletin Inhibits IL-1β-Induced Inflammation in Chondrocytes <i>via</i> Suppression of NF-κB Signaling and Attenuates Osteoarthritis in Mice.,Figure 3,nobiletin,mouse,Fetal,embryonic,,normal,,10 ng/ml,pretreated,False,False,False,False,False,False,False,False,False,False,False,False,3 inferred mechanics without morphology data,"Effects of nobiletin on INOS and COX-2 expression in chondrocytes. Cells were pretreated with various concentrations of nobiletin (0, 10, 20, or 40 μM, 24 h) before stimulation with IL-1β (10 ng/ml, 24 h). Expression of INOS and COX-2 was assessed by Western blot analysis (A–C) . Values represent mean ± SD of three independent experiments. Significant differences are indicated as * p &lt; 0.05, compared with control group. * p &lt; 0.05 and ** p &lt; 0.01, compared with IL-1β group. ## p &lt; 0.01, compared to the control group.",,3 inferred mechanics without morphology data,False
PMC6554687,31214026,,Nobiletin Inhibits IL-1β-Induced Inflammation in Chondrocytes <i>via</i> Suppression of NF-κB Signaling and Attenuates Osteoarthritis in Mice.,Figure 4,nobiletin,mouse,Fetal,embryonic,,normal,,10 ng/ml,pretreated,False,False,False,False,False,False,False,False,False,False,False,False,3 inferred mechanics without morphology data,"Effects of nobiletin on MMP-3, MMP-13, and ADAMTS-5 expression in chondrocytes. Cells were pretreated with various concentrations of nobiletin (0, 10, 20, or 40 μM, 24 h) prior to stimulation with IL-1β (10 ng/ml, 24 h). Expression of MMP-3, MMP-13, and ADAMTS-5 was evaluated by Western blot analysis (A–D) . Values represent mean ± SD of three independent experiments. Significant differences are indicated as * p &lt; 0.05, compared with control group. * p &lt; 0.05 and ** p &lt; 0.01, compared with IL-1β group. ## p &lt; 0.01, compared to the control group.",,3 inferred mechanics without morphology data,False
PMC6554687,31214026,,Nobiletin Inhibits IL-1β-Induced Inflammation in Chondrocytes <i>via</i> Suppression of NF-κB Signaling and Attenuates Osteoarthritis in Mice.,Figure 5,nobiletin,mouse,Fetal,embryonic,,normal,,10 ng/ml,pretreated,False,False,False,False,False,False,False,False,False,True,False,False,3 inferred mechanics without morphology data,"Effects of nobiletin on collagen II and aggrecan expression in mouse chondrocytes. Cells were pretreated with various concentrations of nobiletin (0, 10, 20, and 40 μM, 24 h) before stimulation with IL-1β (10 ng/ml, 24 h). The expression of collagen II and aggrecan was assessed by Western blot analysis (A–C) . Values represent mean ± SD of three independent experiments. Significant differences are indicated as * p &lt; 0.05 and ** p &lt; 0.01, compared with control group. * p &lt; 0.05 and ** p &lt; 0.01, compared with IL-1β group. ## p &lt; 0.01, compared to the control group.",,3 inferred mechanics without morphology data,False
PMC6554687,31214026,,Nobiletin Inhibits IL-1β-Induced Inflammation in Chondrocytes <i>via</i> Suppression of NF-κB Signaling and Attenuates Osteoarthritis in Mice.,Figure 6,nobiletin,mouse,Fetal,embryonic,,normal,,10 ng/ml,pretreated,False,False,False,False,False,False,False,False,False,False,False,False,3 inferred mechanics without morphology data,"Effects of nobiletin on IL-1β-induced NF-κB activation in mouse OA chondrocytes. Chondrocytes were pretreated for 24 h with various concentrations of nobiletin (10, 20, or 40 μM), followed by incubation for 24 h with or without IL-1β (10 ng/ml). Protein expression levels of p65, p-p65, IκB, and p-IκB were determined by Western blot and quantification analysis (A–E) . Values represent mean ± SD of three independent experiments. ## p &lt; 0.05, compared with control group. * p &lt; 0.05 and ** p &lt; 0.01, compared with IL-1β group.",,3 inferred mechanics without morphology data,False
PMC6554687,31214026,,Nobiletin Inhibits IL-1β-Induced Inflammation in Chondrocytes <i>via</i> Suppression of NF-κB Signaling and Attenuates Osteoarthritis in Mice.,Figure 7,nobiletin,mouse,Fetal,embryonic,,normal,,,,False,False,False,False,False,False,False,False,False,False,False,False,3 inferred mechanics without morphology data,"Effects of PBS, IL-1β, nobiletin with IL-1β, and PDTC with IL-1β on the NF-kB signaling pathway. (A–C) IL-1β significantly increased levels of p-p65 and decreased concentrations of IkBa, an effect which could be partially reversed through the addition of nobiletin or by treatment with PDTC. Values represent mean ± SD. ## p &lt; 0.01, compared to the control group. ** p &lt; 0.01.",,3 inferred mechanics without morphology data,False
PMC6554687,31214026,,Nobiletin Inhibits IL-1β-Induced Inflammation in Chondrocytes <i>via</i> Suppression of NF-κB Signaling and Attenuates Osteoarthritis in Mice.,Figure 8,nobiletin,mouse,Fetal,embryonic,,normal,,,pretreatment,False,False,False,False,False,False,False,False,False,False,False,False,3 inferred mechanics without morphology data,"Immunofluorescence staining of NF-κB p65 protein in chondrocytes. Chondrocytes were untreated (A) , treated with IL-1β alone (B) , or treated with IL-1β and nobiletin (40 μM) (C) . In the untreated group, p65 was mainly restricted to the cytoplasm (A) . In the IL-1β alone group, p65 was translocated to the nucleus (B) , a phenomenon inhibited by pretreatment with nobiletin (C) . All experiments were repeated three times.",,3 inferred mechanics without morphology data,False
PMC6628028,31212828,,Src and ROCK Kinases Differentially Regulate Mineralization of Human Osteosarcoma Saos-2 Cells.,Figure 2,Y-27632,human,fetal,embryonic,,normal,7 day,,,False,False,False,False,False,False,False,False,False,False,False,False,3 inferred mechanics without morphology data,"( A , B ) Mineralization level of Saos-2 cells, non-treated or treated with different inhibitors, in resting conditions ( A ) or after seven-day stimulation with AA and β-GP ( B ). Both panels ( A , B ) are labeled uniformly: untreated cells (Culture) or cells incubated with different inhibitors: 20 μM of PP2 or 20 μM of Y-27632. Ca salts were stained with Alizarin Red-S (AR-S) and dissolved in cetylpyridinium chloride (CPC), and their content was measured spectrophotometrically at λ 562 nm, n = 6, * p &lt; 0.05. ( C , D ) Tissue non-specific alkaline phosphatase (TNAP) activity in Saos-2 cells in resting conditions ( C ) or after stimulation with AA and β-GP ( D ). Cells were either non-tre",,3 inferred mechanics without morphology data,False
PMC6628028,31212828,,Src and ROCK Kinases Differentially Regulate Mineralization of Human Osteosarcoma Saos-2 Cells.,Figure 3,Y-27632,human,fetal,embryonic,,normal,7 day,,,False,False,False,False,False,False,False,False,False,False,False,False,3 inferred mechanics without morphology data,"Protein profile in Saos-2 cells, non-treated (Culture) or treated with different inhibitors: 20 μM of PP2 or 20 μM of Y-27632, in resting conditions or after seven-day stimulation with AA and β-GP. Whole cell lysates were prepared in Triton Lysis Buffer (TLB). Western blot (WB) ( A ) were incubated with appropriate primary antibodies followed by secondary antibodies conjugated with horseradish peroxidase (HRP). The level of presented proteins was quantified using InGenius software (Syngene) and calculated per actin level and presented as protein level of control ( B ). Data of a typical experiment are presented.",,3 inferred mechanics without morphology data,False
PMC6628028,31212828,,Src and ROCK Kinases Differentially Regulate Mineralization of Human Osteosarcoma Saos-2 Cells.,Figure 8,Y-27632,human,fetal,embryonic,,normal,7 day,,,False,False,False,False,False,False,False,False,False,False,False,False,3 inferred mechanics without morphology data,"( A , B ) The activity of Src kinase in Saos-2 cells, non-treated or treated with inhibitors, in resting conditions ( A ) or after stimulation with AA and β-GP ( B ). The activity was measured by a STAR Src ELISA Kit (Upstate-Millipore-Sigma, Saint Louis, MO, USA) using a SpectraMax M5e reader (Molecular Devices), Ab = λ 450 nm, ( n = 4). ( C , D ) The activity of ROCK kinase in Saos-2 cells, non-treated or treated with inhibitors, in resting conditions ( C ) or after stimulation with AA and β-GP ( D ). The activity was measured with ATP, without ATP (negative control), or with ATP and Y-27623 together (positive control) by a CycLex Rho-kinase Assay Kit (CycLex Co., Ltd., Nagano, Japan) usin",,3 inferred mechanics without morphology data,False
PMC6685704,31290742,,The mechanosensitive Piezo1 channel is required for bone formation.,Figure 1.,GsMTx4,mouse,E1,embryonic,,normal,48 hr,,,False,False,False,False,False,False,False,False,False,False,False,False,3 inferred mechanics without morphology data,"The expression and function of Piezo1 in the pre-osteoblast cell line MC3T3-E1. ( a ) Representative traces of poking-induced inward currents recorded at −60 mV in the indicated cell lines. ( b ) Scatter plots of the maximal poking-induced currents in the indicated cell lines. ( c ) QRT-PCR analysis of Piezo1 mRNA level in the indicated cell lines. ( d ) Representative traces of poking-induced inward currents recorded at −60 mV in MC3T3-E1 under the indicated conditions. 'siRNA' indicates the siRNA-mediated knockdown of Piezo1. NC, Piezo1 negative-control siRNA. GsMTX4 is a relatively specific blocker of the Piezo channel family. ( e ) Scatter plots of the maximal poking-induced currents in ",,3 inferred mechanics without morphology data,False
PMC6685704,31290742,,The mechanosensitive Piezo1 channel is required for bone formation.,Figure 2.,Yoda1,mouse,E1,embryonic,,normal,5 day,,,False,False,False,False,False,False,False,False,False,False,False,False,3 inferred mechanics without morphology data,Expression and function of Piezo1 in primary osteoblasts isolated from Piezo1 fl/fl and Piezo1 Ocn/Ocn mice. ( a ) QRT-PCR analysis of Piezo1 mRNA level in bone and other tissues from WT mice. ( b ) QRT-PCR analysis of Piezo1 mRNA level in different tissues from Piezo1 fl/fl or Piezo1 Ocn/Ocn mice. The Piezo1 mRNA level in all tissues from Piezo1 Ocn/Ocn mice was normalized to that in Piezo1 fl/fl mice. ( c ) Western blot analysis of Piezo1 protein level in bone tissues from Piezo1 fl/fl and Piezo1 Ocn/Ocn mice. ( d ) QRT-PCR analysis of Piezo1 mRNA level in primary osteoblasts isolated from Piezo1 fl/fl or Piezo1 Ocn/Ocn mice and cultured with osteogenic medium for 5 days. ( e ) Western blo,,3 inferred mechanics without morphology data,False
PMC7014472,31936261,,The Rho GTPase RAC1 in Osteoblasts Controls Their Function.,Figure 2,EHT1864,mouse; human,postnatal,postnatal,,normal,1 day,,,False,False,False,False,False,False,False,False,False,False,False,False,3 inferred mechanics without morphology data,"Inhibition of Rac1 affects osteoblasts. ( A ) The expression of osterix to drive Cre recombinase without deletion of Rac1 (Osx +/+ ) in newborn calvarial osteoblasts suppresses their differentiation in vitro compared to littermate controls not carrying any gene (CT +/+ ). Newborn calvarial osteoblasts were isolated and cultured for 2-3 weeks in the mineralizing condition in the presence of vitamin C, β-glycerophosphate, and dexamethasone added fresh with each medium change (3 times/week). At the end, the wells are stained with von Kossa, the media evaluated for alkaline phosphatase, and mRNA from the cells evaluated for osteocalcin mRNA expression adjusted to HPRT. The mice were not exposed ",,3 inferred mechanics without morphology data,False
PMC7567845,33067523,,Actomyosin and the MRTF-SRF pathway downregulate FGFR1 in mesenchymal stromal cells.,Fig. 6,blebbistatin,human,,not stated,,normal,7 day,10 ng/ml,,False,False,False,False,False,False,False,False,False,False,False,False,3 inferred mechanics without morphology data,"Actin-myosin and MRTF/SRF inhibitors change FGFR1 expression in hMSCs and fibroblasts. a – d Western blot of FGFR1 and TBP (as loading control) of hMSCs ( a , b ) or human dermal fibroblasts ( c , d ), cultured on TCP and treated with MRTF/SRF inhibitor CCG203971 ( a , c ) or blebbistatin ( b , d ). Graphs depict quantification of western blots of FGFR1/TBP from three biological replica’s, normalized to TCP. e DNA quantification of hMSCs cultured for 7 days on TCP in the presence of MRTF/SRF inhibitor and/or 10 ng/ml bFGF. n = 3 for each condition. One-way ANOVA with Tukey’s post-hoc test. n.s. p &gt; 0.05; *** p &lt; 0.001; **** p &lt; 0.0001; Error bars indicate mean ± SD. a – d , f , rati",,3 inferred mechanics without morphology data,False
PMC7791185,33111436,,Acid-sensing ion channels regulate nucleus pulposus cell inflammation and pyroptosis via the NLRP3 inflammasome in intervertebral disc degeneration.,FIGURE 6,amiloride,human,,not stated,vertebral,normal,,20 nM,,False,False,False,False,False,False,False,False,True,False,False,False,3 inferred mechanics without morphology data,"ASIC1a and ASIC3 Play Important Roles in Lactate‐induced NLRP3 Inflammasome Activation and Pyroptosis of Nucleus Pulposus Cells. Human NP cells were stimulated with lactate for 24 h. Amiloride (ASIC inhibitor, 100 μM), PcTx1 (ASIC1a inhibitor, 20 nM) and APETx2 (ASIC3 inhibitor, 2 μm) were used to inhibit the function of ASICs, including ASIC1a and ASIC3. (A) Extracellular IL‐1β release level and (B) extracellular LDH release level in human NP cells were detected by ELISA. (C) Protein levels of NLRP3, caspase‐1, IL‐1β, ASIC1a and ASIC3 in human NP cells examined by immunoblotting. Quantification of (D) NLRP3 immunoblots, (E) caspase‐1 immunoblots, (F) IL‐1β immunoblotting, (G) ASIC1a immunob",,3 inferred mechanics without morphology data,False
PMC7791185,33111436,,Acid-sensing ion channels regulate nucleus pulposus cell inflammation and pyroptosis via the NLRP3 inflammasome in intervertebral disc degeneration.,FIGURE 7,amiloride,human,p65,postnatal,vertebral,normal,,10 mM,,False,False,False,False,False,False,False,True,True,False,False,False,3 inferred mechanics without morphology data,ASIC1a and ASIC3 Regulate NLRP3 Inflammasome Activation and Pyroptosis through the ROS/NF‐κB signalling pathway in lactate‐stimulated Human NP Cells. ROS scavengers TEMPO (50 μM) and NAC (10 mM) were used to reduce ROS levels in human NP cells. ASICs inhibitor Amiloride (100 μM) was used to block ASICs channel fuction.(A) ROS level of human NP cells was detected by flow cytometry. (B) Quantification of ROS level. (C) LDH release levels in human NP cells detected by ELISA. (D) Pyroptosis level of human NP cells examined by flow cytometry. (E) Quantification of pyroptosis level detected by flow cytometry. (F) Pyroptosis level of human NP cells examined by immunofluorescence staining. Scale bar,,3 inferred mechanics without morphology data,False
PMC7791185,33111436,,Acid-sensing ion channels regulate nucleus pulposus cell inflammation and pyroptosis via the NLRP3 inflammasome in intervertebral disc degeneration.,FIGURE 8,amiloride,rat; human,,not stated,vertebral,normal,,,,False,False,False,False,False,False,False,False,True,True,False,False,3 inferred mechanics without morphology data,"ASIC1a and ASIC3 Relieve Lactate‐induced Intervertebral Disc Degeneration in Vivo. (A) The degeneration of rat tail discs stimulated by different lactate concentration was detected by MRI and immunohistochemical staining. (B) The degeneration of rat tail discs stimulated by lactate and ASIC inhibitor (amiloride, 100 μL) was detected by MRI and immunohistochemical staining. (C) Protein levels of extracellular matrix components collagen Ⅱ and aggrecan in human NP cells; ×5 scale bar = 50 μm; ×40 scale bar = 500 μm. (D) Protein levels of ASIC1a and ASIC3 in human NP cells. ×5 scale bar = 50 μm; ×40 scale bar = 500 μm. (E) Protein levels of NLRP3 inflammasome components, caspase‐1 and IL‐1β in h",,3 inferred mechanics without morphology data,False
PMC7796437,33375718,,"Extracellular Vesicles from Red Blood Cells and Their Evolving Roles in Health, Coagulopathy and Therapy.",Figure 3,cholesterol,,,not stated,,normal,,,,False,False,False,False,False,False,False,False,False,False,False,False,3 inferred mechanics without morphology data,"Composition of RBCEVs: RBCEVs are reported to contain cytoskeletal proteins (e.g., actin), irreversibly modified Hb, anion transport proteins (e.g., Band 3), glycoproteins (e.g., CD235a), proteins 4.1, 4.2, and 14-3-3, multivesicular body fusion proteins (e.g., Alix, TSG101), membrane-associated proteins (e.g., stomatin (Band 7.2b) and flotillin) and enzymes like carbonic anhydrase. Negatively charged phospholipids (e.g., phosphatidylserine) and other lipid molecules such as cholesterol, and nucleic acid such as miRNA are reported in RBCEVs. (Figure created with BioRender.com).",,3 inferred mechanics without morphology data,False
PMC7925793,33655459,,RhoA/Rock activation represents a new mechanism for inactivating Wnt/β-catenin signaling in the aging-associated bone loss.,Fig. 1,fasudil,mouse; human,,not stated,,normal,,100 ng/ml,,False,False,False,False,False,False,False,False,False,False,False,False,3 inferred mechanics without morphology data,"RhoA/Rock constraints Wnt/β-catenin signaling and osteoblastic differentiation. a-c RhoA activation assays in primary murine calvarial osteoblasts (PMCOBs) stimulated with rWnt3a at 100 ng/ml or the indicated concentrations for the indicated times or 60 min in the presence or absence of recombinant Dkk1 (rDkk1) at 100 ng/ml. d , e Western analyses of β-catenin in cytosolic and nuclear fractions of PMCOBs with the indicated genotypes of Col1-Cre ( Cre ), Col1-Cre;caRhoA +/− ( Cre;caRhoA +/− ) or Col1-Cre;dnRhoA +/− ( Cre;dnRhoA +/− ), and in the presence or absence of rWnt3a for 3 h. f Western analyses of β-catenin (β-cat) in cytosolic and nuclear fractions of PMCOBs treated with or without F",,3 inferred mechanics without morphology data,False
PMC7960671,33737879,,Endothelial Cell Orientation and Polarity Are Controlled by Shear Stress and VEGF Through Distinct Signaling Pathways.,FIGURE 4,PND-1186,mouse,p38,postnatal,metatarsal,disease model,,1 mM; 1.5 mM; 3 nM; 4 nM; 500 nM,,False,False,False,False,False,False,False,False,False,False,False,False,3 inferred mechanics without morphology data,"Pathways involved in flow and VEGF responses. (A) Representative picture of junction (VE-cadherin mentioned as VE-cadh) of endothelial cells exposed to shear stress for 24 h (High SS: 20 dyn/cm 2 ) without or with inhibitors (scale bars: 40 μm, same magnification for all images). (B) Quantification of percentage of cells aligned with the flow direction (in between 30° around the flow axis. DMSO, N = 5, inhibitors N = 3). (C) Representative picture polarity of endothelial cells exposed to shear stress for 24 h (High SS: 20 dyn/cm 2 ) without or with inhibitors (scale bars: 40 μm, same magnification for all images). (D) Quantification of golgi position around the nucleus compared to the flow d",,3 inferred mechanics without morphology data,False
PMC7986016,33760136,,0.5‑Gy X‑ray irradiation induces reorganization of cytoskeleton and differentiation of osteoblasts.,Figure 1.,Y-27632,,E1,embryonic,,normal,5 day,,pretreatment,False,False,False,False,False,False,False,False,False,False,False,False,3 inferred mechanics without morphology data,"Effects of low-dose X-ray radiation and ROCK inhibitor (Y-27632) on actin cytoskeleton of MC3T3-E1 cells. (A) Low-dose X-ray radiation-induced reorganization of the actin cytoskeleton was visualized by using F-actin staining of MC3T3-E1 cells were irradiated for 24 h with 0 and 0.5 Gy X-ray. Cells were then fixed and fluorescence-labeled with fluorescein isothiocyanate-phalloidin and stained with DAPI. (B) ROCK inhibitor (Y-27632) pretreatment and F-actin staining of MC3T3-E1 cells. F-actin staining of cells on post-irradiation at 2 h, 1, 3, and 5 days. Y-27632 inhibited low-dose irradiation-mediated actin reorganization. Magnification, ×200. ROCK, Rho-associated protein kinase.",,3 inferred mechanics without morphology data,False
PMC7986016,33760136,,0.5‑Gy X‑ray irradiation induces reorganization of cytoskeleton and differentiation of osteoblasts.,Figure 10.,Y27632,,E1,embryonic,,normal,3 day,,,False,False,False,False,False,False,False,False,False,False,False,False,3 inferred mechanics without morphology data,Alizarin red staining positive area in each group. The Alizarin red staining positive area in the-Y27632 0.5 Gy group was higher than that in the other three groups. *P&lt;0.05.,,3 inferred mechanics without morphology data,False
PMC7986016,33760136,,0.5‑Gy X‑ray irradiation induces reorganization of cytoskeleton and differentiation of osteoblasts.,Figure 4.,Y-27632,,E1,embryonic,,normal,3 day,,pretreated,False,False,False,False,False,False,False,False,False,False,False,False,3 inferred mechanics without morphology data,"Low dose X-ray irradiation-induces LIMK2 and Cofilin phosphorylation. The ROCK inhibitor blocked 0.5-Gy X-ray irradiation-induced actin reorganization and LIMK2 phosphorylation. Cells were pretreated (+Y-27632) or not (-Y-27632) with 10 µmol/l Y-27632, and subsequently with 0 or 0.5-Gy X-ray irradiation for the indicated time points. Western blotting was performed to detect the levels of P-LIMK2 and P-Cofilin in each group (A). The immunoblots were analyzed by densitometry, and the intensity of the GTP-RhoA bands was normalized to the intensity of the corresponding total Rho band. The ratios presented in bar graphs are shown as mean ± SD of P-LIMK2 and P-Cofilin (B-G) (*P&lt;0.05). ROCK, Rho",,3 inferred mechanics without morphology data,False
PMC7986016,33760136,,0.5‑Gy X‑ray irradiation induces reorganization of cytoskeleton and differentiation of osteoblasts.,Figure 5.,Y27632,,E1,embryonic,,normal,3 day,,pretreated,False,False,False,False,False,False,False,True,False,False,False,False,3 inferred mechanics without morphology data,"Low-dose X-ray irradiation promotes osteoblasts proliferation via the RhoA/ROCK signaling pathway. A Cell Counting Kit-8 assay was employed to detect the changes in the proliferation of osteoblasts pretreated with Y27632 after 0.5-Gy X-ray irradiation. Compared with the control group (0 Gy), low-dose (0.5 Gy) irradiation significantly improved cell viability from days 2–5. *P&lt;0.05 compared with the control group.",,3 inferred mechanics without morphology data,False
PMC7986016,33760136,,0.5‑Gy X‑ray irradiation induces reorganization of cytoskeleton and differentiation of osteoblasts.,Figure 8.,Y27632,,E1,embryonic,,normal,3 day,,,False,False,False,False,False,False,False,False,False,False,False,False,3 inferred mechanics without morphology data,"Low-dose X-ray irradiation promotes ALP activity of osteoblasts. The ALP activity of 0.5 Gy-Y27632 group was significantly higher compared with that of the other three groups. *P&lt;0.05. ALP, alkaline phosphatase.",,3 inferred mechanics without morphology data,False
PMC7986016,33760136,,0.5‑Gy X‑ray irradiation induces reorganization of cytoskeleton and differentiation of osteoblasts.,Figure 9.,Y27632,,E1,embryonic,,normal,3 day,,,False,False,False,False,False,False,False,False,False,False,False,False,3 inferred mechanics without morphology data,"Alizarin red staining of mineralized nodules at different sizes on day 21. In the current study, the number of calcium nodules in the-Y27632 0.5 Gy group was markedly higher than that in the other three groups. Magnification, ×20.",,3 inferred mechanics without morphology data,False
PMC8085225,33927279,,Estrogen withdrawal alters cytoskeletal and primary ciliary dynamics resulting in increased Hedgehog and osteoclastogenic paracrine signalling in osteocytes.,Figure 6,Y27632,mouse,fetal,embryonic,,disease model,5 day,,continuous,False,False,False,False,False,False,False,False,False,False,True,False,3 inferred mechanics without morphology data,"The effect of actin contractility inhibition (E + Y27632) and α v β 3 antagonism (E + α v β 3 antagonism) on MLO-Y4 primary cilium incidence and length. (A) Immunocytochemistry images showing acetylated α-tubulin, pericentrin, and nuclei staining (N = 3, n ≥ 70 cells per group). Quantification of the images showing (B) primary cilium incidence, (C) primary cilium length, and (D) distribution of primary cilia lengths. (Student’s t-test, ****p &lt; 0.0001).",,3 inferred mechanics without morphology data,False
PMC8085225,33927279,,Estrogen withdrawal alters cytoskeletal and primary ciliary dynamics resulting in increased Hedgehog and osteoclastogenic paracrine signalling in osteocytes.,Figure 7,Y27632,mouse,fetal,embryonic,,disease model,5 day,,continuous,False,False,False,False,False,False,False,False,False,False,True,False,3 inferred mechanics without morphology data,"The effect of actin contractility inhibition (E + Y27632) and α v β 3 antagonism (E + α v β 3 antagonism) on Hh and osteoclastogenic signalling. qRT-PCR results of (A) Ptch1 expression (N = 6–10), (B) Gli1 expression (N = 6–10), (C) Rankl expression (N = 6–8), (D) Opg expression (N = 6–8), and (E) Rankl / Opg ratio (N = 6–7). (Student’s t-test, *p &lt; 0.05, **p &lt; 0.01, ***p &lt; 0.001, ****p &lt; 0.0001).",,3 inferred mechanics without morphology data,False
PMC8085225,33927279,,Estrogen withdrawal alters cytoskeletal and primary ciliary dynamics resulting in increased Hedgehog and osteoclastogenic paracrine signalling in osteocytes.,Figure 8,Y27632,mouse,fetal,embryonic,,disease model,5 day,,continuous,False,False,False,False,False,False,False,False,False,False,True,False,3 inferred mechanics without morphology data,"A schematic depicting the proposed effect of estrogen withdrawal, α v β 3 antagonism, and actin contractility inhibition (Y27632) on the primary cilium and associated signalling. Following estrogen withdrawal, (1) focal adhesion assembly becomes disrupted and (2) actin contractility is inhibited, followed by (3) an elongation of the primary cilium, and resulting in (4) activation of Hedgehog signalling, and (5) an increased osteoclastogenic signalling as seen by increased Rankl gene expression. Focal adhesion assembly can also be directly disrupted using an α v β 3 antagonist. Actin contractility can be directly inhibited using the ROCK inhibitor, Y27632. These direct interventions result in",,3 inferred mechanics without morphology data,False
PMC8104237,33538509,,MicroRNA-23a reduces lipopolysaccharide-induced cellular apoptosis and inflammatory cytokine production through Rho-associated kinase 1/sirtuin-1/nuclear factor-kappa B crosstalk.,Figure 7,fasudil; hydroxyfasudil,mouse; rat,p65,postnatal,,normal,,,,False,False,False,False,False,False,False,False,True,False,False,False,3 inferred mechanics without morphology data,"Hydroxyfasudil alleviated LPS-induced myocardial and kidney injury in rats. (A) Cell apoptosis index in rat myocardial and kidney tissues was evaluated by TUNEL (original magnification ×200), n = 5. (B) Levels of myocardial injury-related factors (cTnI and CK-MB), kidney injury-related factors (BUN and Cr), and the inflammatory cytokines (IL-6 and TNF-α) were determined by ELISA kits, n = 10. (C) Phosphorylation of p65 in rat myocardial and kidney tissues was determined by immunohistochemical staining, n = 5. Data are presented as mean ± SD. Repetition = 3. LPS + PBS, mice injected with LPS were further administrated with PBS; LPS + Hydroxyfasudil, mice injected with LPS were further adminis",,3 inferred mechanics without morphology data,False
PMC8140822,34095301,,Gentiopicroside Produces Endothelium-Independent Vasodilation by Deactivating the PI3K/Akt/Rho-Kinase Pathway in Isolated Rat Thoracic Aorta.,Figure 7,Y27632,rat,,not stated,,normal,,,,False,False,False,False,False,False,False,False,False,False,False,False,3 inferred mechanics without morphology data,"Effects of GPS on the PI3K/Akt/Rho-kinase pathway. (a) Protein expression levels of p-Akt, Akt, p-MYPT1, MYPT1, p-MLC, and MLC in aortic rings without endothelium were analyzed using western blotting. Data are presented as SEM ( n = 3). ∗ p &lt; 0.05 compared to the control group; # p &lt; 0.05 compared to the PE group. (b) Endothelium-denuded aortic rings were preincubated with verapamil, LY294002, and Y27632, and then, the rings were treated with GPS (20, 80, and 160 μΜ ) after precontracted with PE. Data are presented as mean ± SEM ( n = 6). ∗ p &lt; 0.05 compared to the control group.",,3 inferred mechanics without morphology data,False
PMC8519677,34659420,,Rho/ROCK Inhibition Promotes TGF-<i>β</i>3-Induced Tenogenic Differentiation in Mesenchymal Stromal Cells.,Figure 1,Y-27632,human,fetal,embryonic,,normal,,10 ng/ml,,False,False,False,False,False,False,False,False,False,False,False,False,3 inferred mechanics without morphology data,"Fluorescence microscopy in human monolayer MSC. Cells were incubated with 10 ng/ml TGF- β 3 and/or 10 μ M ROCK inhibitor Y-27632 and analysed at days 1 and 3. Representative images show phalloidin staining of the actin cytoskeleton, which is disrupted upon ROCK inhibition, nuclear staining with DAPI, and Smad 2/3 immunostaining with nuclear translocation upon TGF- β 3 and TGF- β 3 plus Y-27632 stimulation. Differences between groups are more clearly visible on day 1. The graphs represent the data from quantitative image analyses in cells from 3 donors, indicating a relatively constant amount of total Smad 2/3 (left) and nuclear translocation upon incubation with TGF- β 3 and Y-27632 (right).",,3 inferred mechanics without morphology data,False
PMC8519677,34659420,,Rho/ROCK Inhibition Promotes TGF-<i>β</i>3-Induced Tenogenic Differentiation in Mesenchymal Stromal Cells.,Figure 2,Y-27632,human,fetal,embryonic,,normal,,10 ng/ml,,False,False,False,False,False,False,False,False,False,False,False,False,3 inferred mechanics without morphology data,"Fluorescence microscopy in equine monolayer MSC. Cells were incubated with 10 ng/ml TGF- β 3 and/or 10 μ M ROCK inhibitor Y-27632 and analysed at days 1 and 3. Representative images show phalloidin staining of the actin cytoskeleton, which is disrupted upon ROCK inhibition, nuclear staining with DAPI, and Smad 2/3 immunostaining with nuclear translocation upon TGF- β 3 and TGF- β 3 plus Y-27632 stimulation. Differences between groups are clearly visible on days 1 and 3. The graphs represent the data from quantitative image analyses in cells from 3 donors, indicating a constant amount of total Smad 2/3 (left) and nuclear translocation upon incubation with TGF- β 3 and Y-27632 (right). Bars re",,3 inferred mechanics without morphology data,False
PMC8519677,34659420,,Rho/ROCK Inhibition Promotes TGF-<i>β</i>3-Induced Tenogenic Differentiation in Mesenchymal Stromal Cells.,Figure 3,Y-27632,human,fetal,embryonic,,normal,,10 ng/ml,,False,False,False,False,False,False,False,False,False,False,False,False,3 inferred mechanics without morphology data,"Gene expression of signalling molecules in human and equine MSC. Cells were cultured as monolayers or on decellularized tendon scaffolds and incubated with 10 ng/ml TGF- β 3 and/or 10 μ M ROCK inhibitor Y-27632 and analysed at days 1 and 3. Bars represent the median values, error bars represent the 95% confidence intervals, and asterisks mark differences between the indicated groups with p &lt; 0.05.",,3 inferred mechanics without morphology data,False
PMC8519677,34659420,,Rho/ROCK Inhibition Promotes TGF-<i>β</i>3-Induced Tenogenic Differentiation in Mesenchymal Stromal Cells.,Figure 4,Y-27632,human,fetal,embryonic,,normal,,10 ng/ml,,False,False,False,False,False,False,False,False,False,True,False,False,3 inferred mechanics without morphology data,"Gene expression of the tendon marker and extracellular matrix molecules in human and equine MSC. Cells were cultured as monolayers or on decellularized tendon scaffolds and incubated with 10 ng/ml TGF- β 3 and/or 10 μ M ROCK inhibitor Y-27632 and analysed at days 1 and 3. Bars represent the median values, error bars represent the 95% confidence intervals, and asterisk mark differences between the indicated groups with p &lt; 0.05.",,3 inferred mechanics without morphology data,False
PMC8526690,34667178,,Roles of mechanosensitive channel Piezo1/2 proteins in skeleton and other tissues.,Fig. 1,GsMTx4; Yoda1,mouse,,not stated,,normal,,,,False,False,False,False,False,False,False,False,False,False,False,False,3 inferred mechanics without morphology data,"Mouse Piezo1 protein has a three-bladed, propeller-shaped homotrimeric architecture. a Side view of mouse Piezo1 channel. Piezo1 consists of a central ion-conducting pore modulus (yellow components) and the peripheral mechanotransduction modulus (blue component). The pore module contains the extracellular Cap structure, the transmembrane pore formed from three pairs of TMs, and the intracellular C-terminal domain (CTD). The peripheral mechanotransduction modulus includes a long beam-like structure, a peripheral blade, and a unique anchor domain. The anchor domain formed from a hairpin structure is connected to the CTD plane by the inner helix (IH) and outer helix (OH) pair, which maintains t",,3 inferred mechanics without morphology data,False
PMC8526690,34667178,,Roles of mechanosensitive channel Piezo1/2 proteins in skeleton and other tissues.,Fig. 3,Yoda1,,E1,embryonic,,normal,,,,False,False,False,False,False,False,False,False,False,True,False,False,3 inferred mechanics without morphology data,"Piezo1 signaling in osteoblast lineage cells. a The activation of Piezo1 channels in primary MSCs or UE7T-13 cell lines can be triggered by hydrostatic pressure (HP), fluid shear stress (FSS), matrix rigidity, and Yoda1, which further activate the Ppp3a-Nfat/Yap-Wnt pathway through Ca 2+ signals and Bmp signals through the Erk1/2-p38 pathways. The activation of Piezo1 in MSCs leads to osteoblastic differentiation and inhibition of adipocytic differentiation. b Mechanical stimuli, such as FSS, poking, and exercise, induce Piezo1 activation in MSC-derived osteoblasts and MC3TC-E1 cell lines. Piezo1 activation stimulates intracellular signal responses, including Ca 2+ flux, CamKII-Creb signalin",,3 inferred mechanics without morphology data,False
PMC8526690,34667178,,Roles of mechanosensitive channel Piezo1/2 proteins in skeleton and other tissues.,Fig. 4,GsMTx4,,,not stated,,normal,,,,False,False,False,False,False,False,False,False,True,False,False,False,3 inferred mechanics without morphology data,"Piezo1 signaling in chondrocytes. Under pathological mechanical loading, the expression of Piezo1 protein is increased, resulting in excessive Ca 2+ influx. Ca 2+ overload activates endoplasmic reticulum (ER) stress and upregulates the expression of caspase-12 (Casp-12), leading to the expression of caspase-3/7 (Casp-3/7), Bax, and Bcl2 and the release of cytochrome c (Cytc). Cytc and Apaf-1 upregulate the expression of caspase-9 (Casp-9), which activates Casp-3/7 to cleave Casp-3/7 (cCasp-3/7) and finally results in chondrocyte apoptosis. GsMTx4 and urocortin1 can exert chondroprotective effects by inhibiting Piezo1 and preventing Ca 2+ overload",,3 inferred mechanics without morphology data,False
PMC8724769,34981518,,Balancing the length of the distal tip by septins is key for stability and signalling function of primary cilia.,Figure 2,cytochalasin D; nocodazole,human,,not stated,,normal,,,,False,False,False,False,False,False,False,False,False,False,False,False,3 inferred mechanics without morphology data,"Microtubule perturbators and SEPT2 depletion change only the distal segment length in RPE1 cells A Representative images of 48 h serum‐starved RPE1 cells treated with solvent control (DMSO), cytochalasin D (CytoD) and/or nocodazole (Noco) for 3 h before immunostaining with the indicated antibodies. Scale bar: 3 µm. B Quantification of (A) showing average length of proximal segment (PS, Glu tub) and whole cilia (ARL13B). The numbers above the cartoons show the ratio of the calculated distal segment (DS)/whole cilia length. Three biological replicates, n = 100 cilia per sample and repetition. C, D RPE1 cells were treated with the indicated siRNAs before serum‐starvation for 48 h. Representativ",,3 inferred mechanics without morphology data,False
PMC8724769,34981518,,Balancing the length of the distal tip by septins is key for stability and signalling function of primary cilia.,Figure 3,nocodazole,human,,not stated,,normal,,,,False,False,False,False,False,False,False,False,False,False,False,False,3 inferred mechanics without morphology data,"Endogenous Septin localises inside the cilium and upper part of the TZ in a microtubule‐dependent manner Images show the localisation of endogeneous SEPT2 and SEPT7 in RPE1 ARLB13B‐mRuby2 cells with basal body staining. The insets to the right show enlargements of the cilium. Scale bar: 4 µm (large) and 2 µm (small). STED microscopy images showing ciliated RPE1 cells expressing EGFP‐SEPT2 or SEPT7‐EGFP and stained for ARL13B. Scale bar: 1 µm. Relative signal intensities were determined along the cilium for the indicated proteins at the ciliary tip (T), middle (M) and base (B) regions as specified in (B) (white lines). Representative images showing co‐localisation of MKS3 or CEP290 in ciliate",,3 inferred mechanics without morphology data,False
PMC8724769,34981518,,Balancing the length of the distal tip by septins is key for stability and signalling function of primary cilia.,Figure 5,nocodazole,human,,not stated,,normal,,,,False,False,False,False,False,False,False,False,False,False,False,False,3 inferred mechanics without morphology data,"Septin is required for the KIF7 accumulation at the cilia tip to suppress distal segment growth A, B Representative images show the localisation of IFT88, KIF17 and KIF7 in RPE1 WT and SEPT2‐KO cells after 48 h serum‐starvation (SS) stained with indicated antibodies (A) and quantification of the relative signal intensities for the indicated proteins (B). White arrows point to the base and tip localisation of KIF7. Scale bar: 3 µm. IFT88 and KIF17 signal intensities were normalised to the whole cilia length. KIF7 signal intensity was quantified at ciliary tip or base as indicated in (A) (white arrows). Three biological replicates, n &gt; 80 cilia per sample and repetition. C, D KIF7 localisat",,3 inferred mechanics without morphology data,False
PMC9114637,35602590,,"The Role of Mechanically-Activated Ion Channels Piezo1, Piezo2, and TRPV4 in Chondrocyte Mechanotransduction and Mechano-Therapeutics for Osteoarthritis.",FIGURE 1,GsMTx4,,,not stated,,normal,,,,False,False,False,False,False,False,False,True,False,True,False,False,3 inferred mechanics without morphology data,"Chondrocyte mechanotransduction and potential mechano-therapeutics. (A) TRPV4-mediated Mechanotransduction of Healthy Cartilage: under physiological loading (10% strain), Ca 2+ ions enter through activated TRPV4 channel and promote an anabolic pathway. This leads to increased collagen II and aggrecan expression, as well as reduced expression of MMPs. Ultimately, this prevents degradation of the cartilage ECM and promotes synthesis of important ECM molecules. (B) Piezo1-mediated Mechanotransduction of OA cartilage: under injurious loading (50% strain) or inflammatory activation via IL-1α, Ca 2+ enters the cell through Piezo1 channels. Activation of Piezo1 channels also triggers voltage gated ",,3 inferred mechanics without morphology data,False
PMC9259205,35812359,,"Rho-Associated Protein Kinase Inhibitor and Hypoxia Synergistically Enhance the Self-Renewal, Survival Rate, and Proliferation of Human Stem Cells.",Figure 4,Y-27632,human,,not stated,,normal,,,,False,False,False,False,False,False,False,True,False,False,False,False,3 inferred mechanics without morphology data,"Comparing the proliferation of human IPSCs and ESCs when dissociated to single cell suspensions under different conditions at different time points. ( A ) Human ESCs confluent after 96 h under hypoxia with ROCK inhibitor treatment. Scale bar = 50 μm. ( B and C ) Growth curve of human IPSCs and ESCs cultured as single cells at different time points under different conditions of Y-27632 treatment and hypoxia. Both cell types showed positive effects with hypoxia and ROCK inhibitors within the first 12 h until 96 h. Data are expressed as mean ± SD (**P &lt; 0.01, ****P &lt; 0.0001, two-way ANOVA).",,3 inferred mechanics without morphology data,False
PMC9321928,35877910,,Roles of Sodium Hydrogen Exchanger (NHE1) and Anion Exchanger (AE2) across Chondrocytes Plasma Membrane during Longitudinal Bone Growth.,Figure 1,EIPA,rat,,not stated,metatarsal,normal,,250 µM; 444 µM,,False,False,False,False,False,False,False,False,False,False,False,False,3 inferred mechanics without morphology data,Representative of Serial stereomicroscopic images of metatarsal bone before and after treatments with EIPA and DIDS at respective concentrations of 444 µM and 250 µM. The lengths of the bones were measured in centimeter (cm) at X6.5 objective magnification.,,3 inferred mechanics without morphology data,False
PMC9321928,35877910,,Roles of Sodium Hydrogen Exchanger (NHE1) and Anion Exchanger (AE2) across Chondrocytes Plasma Membrane during Longitudinal Bone Growth.,Figure 5,EIPA,rat,,not stated,,normal,,,,False,False,False,False,False,False,False,False,False,False,False,False,3 inferred mechanics without morphology data,"( a ) Immunostaining micrographs showing the appearance of immunoperoxidase (IP) staining intensity of different treatment groups across the GP. Panels ( A – D ) are a comparison of immunoperoxidase localisations of N + /H + or HCO 3 − in the GP chondrocytes treated with EIPA or DIDS and their corresponding controls. Scale bar = 100 μm in all panels, X10 objective. ( b ) Immunofluorescence micrographs showing the appearance of fluorescence labeling intensity of different treatment groups across the GP. Panels ( A – D ) are the comparison of fluorescence labeling intensity in EIPA and DIDS with their respective control groups. Scale bar = 100 μm in all panels, X10 objective.",,3 inferred mechanics without morphology data,False
PMC9338847,35915804,,Mechanical Stretch Promotes Macrophage Polarization and Inflammation via the RhoA-ROCK/NF-&lt;i&gt;κ&lt;/i&gt;B Pathway.,Figure 4,Y-27632,mouse,,not stated,,normal,,,pretreated,False,False,False,False,False,False,False,False,False,False,False,False,3 inferred mechanics without morphology data,"Inhibition of ROCK1 signal can downregulate M1-type polarization level of RAW264.7 macrophages. The proportion of CD11b+CD86+ cell subset of RAW264.7 macrophages was analyzed by flow cytometry after 5%, 10%, and 15% Elong mechanical stretch for 8 h. Control indicates cells were cultured at static condition. The (+) Y-27632 group was pretreated with Y-27632 (10 μ M, 12 h). Quantitative analysis of the ratio of M1-RAW264.7 macrophages via the IDEA software. The results are expressed as the means ± SD ( n = 3). Compare to control, ## P &lt; 0.01. Compare to MS group, ∗∗ P &lt; 0.01.",,3 inferred mechanics without morphology data,False
PMC9338847,35915804,,Mechanical Stretch Promotes Macrophage Polarization and Inflammation via the RhoA-ROCK/NF-&lt;i&gt;κ&lt;/i&gt;B Pathway.,Figure 5,Y-27632,mouse,,not stated,,normal,,,pretreated,False,False,False,False,False,False,False,False,False,False,False,False,3 inferred mechanics without morphology data,"Inhibition of ROCK1 signal can upregulate M2-type polarization level of RAW264.7 macrophages. The proportion of CD11b+CD206+ cell subset of RAW264.7 macrophages was analyzed by flow cytometry after 5%, 10%, and 15% Elong mechanical stretch for 8 h. Control indicates cells were cultured at static condition. The (+) Y-27632 group was pretreated with Y-27632 (10 μ M, 12 h). Quantitative analysis of the ratio of M2-RAW264.7 macrophages via the IDEA software. The results are expressed as the means ± SD ( n = 3). Compare to control, ## P &lt; 0.01. Compare to MS group, ∗∗ P &lt; 0.01.",,3 inferred mechanics without morphology data,False
PMC9338847,35915804,,Mechanical Stretch Promotes Macrophage Polarization and Inflammation via the RhoA-ROCK/NF-&lt;i&gt;κ&lt;/i&gt;B Pathway.,Figure 6,Y-27632; Y27632,mouse,,not stated,,normal,,,pretreated,False,False,False,False,False,False,False,False,False,False,False,False,3 inferred mechanics without morphology data,"Inhibition of ROCK1 signal can inactivate ROCK1/NF- κ B pathway of MS-treated RAW264.7 macrophages. Protein expression of IL6, iNOS, Rho, ROCK1, ROCK2, NF- κ B, I κ b- α , and p-I κ b- α was analyzed by Western blotting after 5%, 10%, and 15% Elong mechanical stretch for 8 h. Control indicates cells were cultured at static condition. The (+) Y27632 group was pretreated with Y27632 (10 μ M, 12 h). Control indicates cells were cultured at static condition. Quantitative analysis of protein via the Image J software. The results are expressed as the means ± SD ( n = 3). Compare to control in MS, ∗ P &lt; 0.05 and ∗∗ P &lt; 0.01. Compare to control in MS+Y-27632: # P &lt; 0.05 and ## P &lt; 0.01. ",,3 inferred mechanics without morphology data,False
PMC9402923,36032170,,Evasion of NK cell immune surveillance <i>via</i> the vimentin-mediated cytoskeleton remodeling.,Figure 7,latrunculin,human,fetal,embryonic,,normal,,0.5 µM,Pretreatment,False,False,False,False,False,False,False,True,True,False,False,False,3 inferred mechanics without morphology data,"Disruption of actin filaments formation enhanced NK cell-mediated cell death. (A) Pretreatment of latrunculin B, an actin filaments inhibitor, increased NK cytotoxicity using urothelial cancer cells. Cells were seeded in the 96-well plate and pretreated with 0.5 µM latrunculin B for 6 h following which the inhibitor was removed. The cancer cells were then incubated with NK cells for 24 h. (B) Representative images of latrunculin B showing reduced actin filaments formation. (C) J82 and BFTC909 cells were co-cultured with NK cells for 24 h and stained with crystal violet. The stained cells were observed using a microscope. (D) The stained cells were counted and statistically analysis was perfo",,3 inferred mechanics without morphology data,False
PMC9470311,36111166,,"Flavonols and Flavones as Potential anti-Inflammatory, Antioxidant, and Antibacterial Compounds.",Figure 5,nobiletin,,,not stated,,normal,,,,False,False,False,False,False,False,False,False,False,False,False,False,3 inferred mechanics without morphology data,"Chemical structures of 3′,4′-dihydroxyflavone, baicalein, scutellarein, lucenin-2, vicenin-2, diosmetin, nobiletin, tangeretin, and 5-O-methyl-scutellarein.",,3 inferred mechanics without morphology data,False
PMC9470311,36111166,,"Flavonols and Flavones as Potential anti-Inflammatory, Antioxidant, and Antibacterial Compounds.",Figure 6,nobiletin,,,not stated,,normal,,,,False,False,False,False,False,False,False,False,False,False,False,False,3 inferred mechanics without morphology data,"Summary of the effects of flavonols and flavones. The figure presents a range of signaling pathways of the inflammatory process and the stages where the compounds block the signaling cascade. The number represents the pathways inhibited by different compounds. For example, pathway 1 is blocked by the following compounds: quercetin, luteolin, 3′,4′-dihydroxyflavone, baicalein, nobiletin, and tangeretin. Scutellarin, vicenin-2, apigenin, 5-O-methyl-scutellarin, and the substances are able to block pathway 1 and inhibit pathway 2. Only luteolin and lucenin-2 inhibit pathway 3. Furthermore, pathway 4 can only be inhibited by luteolin. Most of the compounds previously mentioned in this review blo",,3 inferred mechanics without morphology data,False
PMC9621586,36325441,,Aberrant activation of TGF-β1 induces high bone turnover <i>via</i> Rho GTPases-mediated cytoskeletal remodeling in Camurati-Engelmann disease.,Figure 5,NSC23766; Y27632,,,not stated,,disease model,5 day,,,False,False,False,False,False,False,False,False,False,False,False,False,3 inferred mechanics without morphology data,"Effect of the Rho signaling pathway on TGF-β1-induced osteoclastogenesis. (A) RAW264.7 cells were cultured for 5 days with TGF-β1 and RANKL in the presence or absence of SB431542. Protein levels of total RhoA, Rac1, and Cdc42 were determined by western blotting. (B) The levels of GTP-bound RhoA, Rac1, and Cdc42 were detected by GLISAs (n = 3). (C) HEK293T cells were transfected with the WT TGF-β1 or p.R218C mutant plasmid for 48 h. Cell lysates were collected for GLISAs of GTP-bound RhoA, Rac1, and Cdc42 levels (n = 3). (D, E) Representative images of TRAP staining (D) (bar: 200 μm) and areas of TRAP‐positive multinucleated (≥ 3 nuclei) RAW264.7 cells (E) after 5 days of culture. Cells were ",,3 inferred mechanics without morphology data,False
PMC9621586,36325441,,Aberrant activation of TGF-β1 induces high bone turnover <i>via</i> Rho GTPases-mediated cytoskeletal remodeling in Camurati-Engelmann disease.,Figure 7,NSC23766; Y27632,,,not stated,,normal,,,,False,False,False,False,False,False,False,False,False,False,False,False,3 inferred mechanics without morphology data,"Inhibition of Rho GTPases suppresses the formation of osteoclasts from RAW264.7 cells by disrupting the actin cytoskeleton. (A) Actin (green) and nuclei (blue) were stained in osteoclasts cultured with RANKL, RANKL plus TGF-β1, or RANKL plus TGF-β1 plus an inhibitor (SB431542, Y27632, or NSC23766). Bar: 100 μm. (B) The percentage of osteoclasts with closed actin rings at the cell periphery (n = 3). Data represent means ± SD. *** p &lt; 0.001 ; **** p &lt; 0.0001. (C) Scanning electron microscopy demonstrated that the inhibitors suppressed the formation of filopodia and membrane ruffles. Images (1000× and 3000× magnification) were captured using a Hitachi S-4800 FEG scanning electron microsco",,3 inferred mechanics without morphology data,False
PMC9626489,36319634,,Profilin-1 regulates DNA replication forks in a context-dependent fashion by interacting with SNF2H and BOD1L.,Fig. 5,nocodazole,mouse,fetal,embryonic,,normal,,10 µM; 2 mM; 4 mM; 5 mM; 50 µM,,False,False,False,False,False,False,False,True,False,False,False,False,3 inferred mechanics without morphology data,"PFN1 increases genome instability during replication stress. a , b γH2AX induction in MCF-10A cells following HU treatment (5 mM, 6 h). Insoluble fractions after RIPA lysis were analyzed by Western blot. γH2AX was normalized to histone H3. c , d Metaphase spreads in HeLa cells after 6 h HU (4 mM or 2 mM) treatment, 20 h release, and 4 h nocodazole (10 μM) treatment. Aberrant chromosomes are indicated by red arrows and representative chromosomes are magnified in the insets. Scale bar, 10 µm. Around 150 metaphases per condition were analyzed from n = 3 independent experiments. e , f Micronuclei in PFN1 knockdown ( e ) or overexpression ( f ) MCF-7 cells after 6 h HU treatment (4 mM in e and 2 ",,3 inferred mechanics without morphology data,False
PMC9637484,36328754,,Mechanical overloading induces GPX4-regulated chondrocyte ferroptosis in osteoarthritis via Piezo1 channel facilitated calcium influx.,Fig. 4,GsMTx4,mouse; rat,,not stated,,disease model,,,,False,False,False,False,False,False,False,False,False,True,False,False,3 inferred mechanics without morphology data,"Suppression of Piezo1 attenuated cartilage aging in a DMM osteoarthritis model. (A). Flowchart of animal experiment. (B). Representative images of Micro-CT of the PBS group and GsMTx4 group after DMM model (n = 10). Arrows show the formation of osteophytes. (C). Osteophyte number assay based on Micro-CT (n = 10 for each group). (D). Representative images of safranin O fast green staining of the PBS group and GsMTx4 group. Scale bars, 100 μm (low field), 50 μm (high field). (E). Osteoarthritis Research Society International (OARSI) score of OA based on the results of safranin O staining (n = 10 for each group). (F). Representative immunofluorescence images of GPX4 in articular cartilage of th",,3 inferred mechanics without morphology data,False
PMC9832042,36627269,,Age-related matrix stiffening epigenetically regulates α-Klotho expression and compromises chondrocyte integrity.,Fig. 6,latrunculin,mouse,,not stated,,normal,,,,False,False,False,False,False,False,False,True,False,True,False,False,3 inferred mechanics without morphology data,"Mechanotransductive signals delivered by stiff substrates drive epigenetic repression of α-Klotho. A Latrunculin A, an inhibitor of actin polymerization, rescued stiff matrix-induced increases in DNMT1 and reduction of α-Klotho, type II collagen (Col2), and aggrecan (Acan) in aged chondrocytes, as quantified by immunofluorescence ( n = 3/group except for Col2 [ n = 4/group]; 30–60 cells per individual sample). Scale bar: 20 μm. B Inhibition of actin polymerization blocked the stiff substrate-driven increased Klotho promoter and global DNA methylation in aged chondrocytes ( n = 3/group). C Inhibition of actin polymerization blocked the stiff substrate-driven increased binding of RNA Polymeras",,3 inferred mechanics without morphology data,False
PMC9851748,36018820,,Dominantly acting KIF5B variants with pleiotropic cellular consequences cause variable clinical phenotypes.,Figure 6,nocodazole,human,,not stated,,normal,,,washed-out,False,False,False,False,False,False,False,False,False,False,True,True,3 inferred mechanics without morphology data,"Dependency of Golgi distribution from MTs dynamics. Confocal microscopy analyses show distribution of Golgi cisternae. Images show the perinuclear localization of Golgi in control cell in steady state condition compared to patients’ cell that display a more relaxed Golgi cisternae distribution. Treatment with nocodazole (10 μM) for 35 min promote a substantial MT depolymerization associated with Golgi apparatus fragmentation and dispersion, effect more evident in control cells. After nocodazole washed-out MT were allowed to re-polymerize in a nocodazole free medium for 30 min. Panels show the control MT network normally organized associated to complete re-clustering of Golgi elements in a pe",,3 inferred mechanics without morphology data,False
PMC9916999,36763657,,Collagen hydrogel viscoelasticity regulates MSC chondrogenesis in a ROCK-dependent manner.,Fig. 5.,Y-27632; blebbistatin,,,not stated,,normal,9 hours,,,False,False,False,False,False,False,False,False,True,True,False,False,3 inferred mechanics without morphology data,"Matrix viscoelasticity mediates long-term commitment of MSC chondrogenesis through regulating cell survival via adjusting ROCK-dependent apoptosis. ( A ) TUNEL staining images of MSCs treated with blebbistatin or Y-27632 (day 2). Scale bars, 50 μm. ( B ) Quantification of TUNEL-positive cells ( n = 3, * P &lt; 0.05; data are shown as means ± SD). ( C ) Quantification of DNA of MSCs treated with blebbistatin or Y-27632 (day 6; two independent experiments; one representative experiment is shown; n = 3; * P &lt; 0.05; data are shown as means ± SD). ( D ) Representative images of type II collagen immunofluorescent staining of MSCs treated with blebbistatin or Y-27632 (day 6). Scale bars, 25 μm. ",,3 inferred mechanics without morphology data,False
PMC9984452,36869045,,Mechanotransduction pathways in articular chondrocytes and the emerging role of estrogen receptor-α.,Fig. 2,GSK1016790A; GsMTx4,,E2,embryonic,,normal,,,,False,False,False,False,False,False,False,False,False,True,False,False,3 inferred mechanics without morphology data,"Different mechanosensors and their downstream pathways in articular chondrocytes. Pointed arrows indicate stimulatory effects, whereas blocked lines indicate inhibitory effects. IGF-1: insulin-like growth factor-1, TRPV4: transient receptor potential channel subfamily V member 4, GSK1016790A: TRPV4 agonist, GSK2193874: TRPV4 antagonist, GSK-3β: glycogen synthase kinase 3beta, HDAC6: histone deacetylase 6, PGE2: prostaglandin E2, NOS2: nitric oxide synthase, ACAN: aggrecan, ADAMT: a disintegrin and metalloproteinase with thrombospondin motifs, TGF-β: transforming growth factor-beta, GAG: glycosaminoglycan, IL: interleukin, NO: nitric oxide, COL2: type II collagen, GsMTX4: selective Piezo-inhi",,3 inferred mechanics without morphology data,False
