seed_gene,rsid,functional_class,is_coding_class
ACAN,rs4453453,intergenic_variant,False
ACAN,rs4932438,intron_variant,False
ACAN,rs16942383,intron_variant,False
ACAN,rs12441312,intergenic_variant,False
ACAN,rs117490607,intron_variant,False
ACAN,rs7176941,intron_variant,False
ACAN,rs8031741,intergenic_variant,False
ACAN,rs17201864,3_prime_UTR_variant,False
ACAN,rs150449921,intron_variant,False
ACAN,rs17199220,intron_variant,False
ACAN,rs4932434,intron_variant,False
ACAN,rs72765681,intron_variant,False
ACAN,rs78059252,intergenic_variant,False
ACAN,rs4932196,intergenic_variant,False
ACAN,rs146176108,intergenic_variant,False
ACAN,rs141308595,missense_variant,True
ACAN,rs187678386,intron_variant,False
ACAN,rs2280470,intron_variant,False
ACAN,rs4491485,5_prime_UTR_variant,False
ACAN,rs1850323,intron_variant,False
ACAN,rs4128832,intergenic_variant,False
ACAN,rs8039462,5_prime_UTR_variant,False
ACAN,rs77858829,intergenic_variant,False
ACAN,rs532160934,intergenic_variant,False
ACAN,rs190672049,intergenic_variant,False
ACAN,rs188674699,intron_variant,False
ACAN,rs764516200,intron_variant,False
ACAN,rs12441297,intergenic_variant,False
ACAN,rs4595778,intergenic_variant,False
ACAN,rs34631560,intergenic_variant,False
ACAN,rs28458331,intron_variant,False
ACAN,rs8024016,intron_variant,False
ACAN,rs4932198,intergenic_variant,False
ACAN,rs6496530,intron_variant,False
ACAN,rs139811718,intron_variant,False
ACAN,rs544113938,intron_variant,False
ACAN,rs58383894,intron_variant,False
ACAN,rs16942312,intron_variant,False
ACAN,rs12591979,intergenic_variant,False
ACAN,rs111283115,intron_variant,False
ACAN,rs12898558,intergenic_variant,False
ACAN,rs181736584,missense_variant,True
ACAN,rs145225118,intergenic_variant,False
ACAN,rs74028464,intron_variant,False
ACAN,rs12909463,intron_variant,False
ACAN,rs4932408,intergenic_variant,False
ACAN,rs117831717,intergenic_variant,False
ACAN,rs4534816,intergenic_variant,False
ACAN,rs7497684,intron_variant,False
ACAN,rs7173022,intron_variant,False
ACAN,rs8029053,intron_variant,False
ACAN,rs2280468,intron_variant,False
ACAN,rs12908753,intron_variant,False
ACAN,rs1042630,missense_variant,True
ACAN,rs4932194,intergenic_variant,False
ACAN,rs7171119,intron_variant,False
ACAN,rs4932200,intron_variant,False
ACAN,rs16942277,intron_variant,False
ACAN,rs8042108,intron_variant,False
ACAN,rs4534818,intergenic_variant,False
ACAN,rs185012057,intergenic_variant,False
ACAN,rs147608413,intron_variant,False
ACAN,rs11633157,synonymous_variant,True
ACAN,rs534125149,inframe_insertion,True
ACAN,rs8026676,intron_variant,False
ACAN,rs12440803,intergenic_variant,False
ACAN,rs12904298,intron_variant,False
ACAN,rs8042988,intron_variant,False
ACAN,rs72749908,intron_variant,False
ACAN,rs146576224,intron_variant,False
ACAN,rs112232636,intergenic_variant,False
ACAN,rs2351491,synonymous_variant,True
ACAN,rs6496519,intergenic_variant,False
ACAN,rs35148461,intron_variant,False
ACAN,rs72765671,intron_variant,False
ACAN,rs527247787,5_prime_UTR_variant,False
ACAN,rs34949187,missense_variant,True
ACAN,rs12595450,intron_variant,False
ACAN,rs56238630,intron_variant,False
ACAN,rs77709198,synonymous_variant,True
ACAN,rs1516796,intron_variant,False
ACAN,rs8041687,intron_variant,False
ACAN,rs938608,missense_variant,True
ACAN,rs73458886,intergenic_variant,False
ACAN,rs56071466,intron_variant,False
ACAN,rs142050326,intron_variant,False
ACAN,rs4932412,intergenic_variant,False
ACAN,rs1983332,intron_variant,False
ACAN,rs4932449,intron_variant,False
ACAN,rs4932439,missense_variant,True
ACAN,rs11073804,intergenic_variant,False
ACAN,rs57014063,intergenic_variant,False
ACAN,rs7495704,intergenic_variant,False
ACAN,rs3817428,missense_variant,True
ACAN,rs3784759,intron_variant,False
ACAN,rs9630453,intron_variant,False
ACAN,rs4500694,intergenic_variant,False
ACAN,rs16942323,intron_variant,False
ACAN,rs143127748,intron_variant,False
ACAN,rs12901266,intron_variant,False
ACAN,rs74552179,intron_variant,False
ACAN,rs59081368,intron_variant,False
ACAN,rs149009235,intron_variant,False
ACAN,rs883325,intron_variant,False
ACAN,rs8038517,intron_variant,False
ACAN,rs34295421,intergenic_variant,False
ACAN,rs3743392,intron_variant,False
ACAN,rs11633371,intron_variant,False
ACAN,rs8029559,intron_variant,False
ACAN,rs12907520,intron_variant,False
ACAN,rs76635155,3_prime_UTR_variant,False
ACAN,rs3784757,intron_variant,False
ACAN,rs62023550,intergenic_variant,False
ACAN,rs17200030,intron_variant,False
ACAN,rs113238597,intron_variant,False
ACAN,rs17198849,intron_variant,False
ACAN,rs11635398,intron_variant,False
ACAN,rs151039950,3_prime_UTR_variant,False
ACAN,rs12385976,intron_variant,False
ACAN,rs17791430,intron_variant,False
ACAN,rs17200595,intron_variant,False
ACAN,rs187821767,intron_variant,False
ACAN,rs75169935,3_prime_UTR_variant,False
ACAN,rs34783982,intergenic_variant,False
ACAN,rs3743398,missense_variant,True
ACAN,rs4932435,intron_variant,False
ACAN,rs9972588,intron_variant,False
ACAN,rs12911703,non_coding_transcript_exon_variant,False
ACAN,rs8041113,intron_variant,False
ACAN,rs745669049,regulatory_region_variant,False
ACAN,rs62023331,5_prime_UTR_variant,False
ACAN,rs1961839,intron_variant,False
ACAN,rs2882676,missense_variant,True
ACAN,rs16942318,missense_variant,True
ACAN,rs1015081,intron_variant,False
ACAN,rs139402847,missense_variant,True
ACAN,rs7179602,intron_variant,False
ACAN,rs12914346,intron_variant,False
ACAN,rs8039131,intron_variant,False
ACAN,rs12899529,intron_variant,False
ACAN,rs8028537,intron_variant,False
ACAN,rs4932430,intron_variant,False
ACAN,rs4132250,intergenic_variant,False
ACAN,rs8041863,intron_variant,False
ACAN,rs1516795,3_prime_UTR_variant,False
ACAN,rs16942341,synonymous_variant,True
ACAN,rs11073816,intron_variant,False
ACAN,rs1879529,intron_variant,False
ACAN,rs11855963,intron_variant,False
ACAN,rs28547091,intron_variant,False
ACAN,rs8027587,regulatory_region_variant,False
ACAN,rs2271715,intron_variant,False
ACAN,rs1879530,intron_variant,False
ACAN,rs68076149,intergenic_variant,False
ACAN,rs28384224,intron_variant,False
ACAN,rs16942324,intron_variant,False
ACAN,rs577630729,intergenic_variant,False
ACAN,rs7182726,synonymous_variant,True
ACAN,rs1878328,intron_variant,False
ACAN,rs28407189,missense_variant,True
ACAN,rs938614,intron_variant,False
ACAN,rs2272023,synonymous_variant,True
ACAN,rs530742363,synonymous_variant,True
ACAN,rs12908947,intron_variant,False
ACAN,rs11635309,intron_variant,False
ACAN,rs11630187,intron_variant,False
ACAN,rs72765638,intergenic_variant,False
ACAN,rs4332725,intron_variant,False
ACAN,rs117116488,missense_variant,True
ACAN,rs76282091,missense_variant,True
ACAN,rs138169651,intron_variant,False
ACAN,rs111672988,intron_variant,False
ACAN,rs117217783,intron_variant,False
ACAN,rs141117445,intron_variant,False
ACAN,rs73465670,intergenic_variant,False
ACAN,rs3825992,3_prime_UTR_variant,False
ACAN,rs370706637,intron_variant,False
ACAN,rs143773583,intergenic_variant,False
ACAN,rs4932429,intron_variant,False
ACAN,rs76898489,intron_variant,False
ACAN,rs1015080,intron_variant,False
ACAN,rs11632935,regulatory_region_variant,False
ACAN,rs12594617,intergenic_variant,False
ACAN,rs28584580,intron_variant,False
ACAN,rs28559926,missense_variant,True
ACAN,rs181156541,intron_variant,False
ACAN,rs8025005,intergenic_variant,False
ACAN,rs143253594,intron_variant,False
ACAN,rs34239095,5_prime_UTR_variant,False
ACAN,rs72749904,intron_variant,False
ACVR1,rs2444770,intergenic_variant,False
ACVR1,rs56188432,missense_variant,True
ACVR1,rs185923464,intergenic_variant,False
ACVR1,rs1902032,intron_variant,False
ACVR1,rs3820742,intron_variant,False
ACVR1,rs4130274,intron_variant,False
ACVR1,rs12614487,intron_variant,False
ACVR1,rs7578180,intron_variant,False
ACVR1,rs76612888,intergenic_variant,False
ACVR1,rs75136166,intron_variant,False
ACVR1,rs10183640,intron_variant,False
ACVR1,rs72931115,intron_variant,False
ACVR1,rs56693101,intron_variant,False
ACVR1,rs7594480,missense_variant,True
ACVR1,rs10195713,intergenic_variant,False
ACVR1,rs7607140,intron_variant,False
ACVR1,rs2848646,intergenic_variant,False
ACVR1,rs114666647,intron_variant,False
ACVR1,rs57198438,intron_variant,False
ACVR1,rs2509902,intergenic_variant,False
ACVR1,rs72927479,intergenic_variant,False
ACVR1,rs11900786,intergenic_variant,False
ACVR1,rs6437108,intron_variant,False
ACVR1,rs35806662,intron_variant,False
ACVR1,rs10201242,intron_variant,False
ACVR1,rs7601153,intron_variant,False
ACVR1,rs10184376,intron_variant,False
ACVR1,rs13383985,intron_variant,False
ACVR1,rs12992758,intron_variant,False
ACVR1,rs58278889,intron_variant,False
ACVR1,rs4389284,intron_variant,False
ACVR1,rs74577731,intron_variant,False
ACVR1,rs59776887,intergenic_variant,False
ACVR1,rs55920843,missense_variant,True
ACVR1,rs7565550,intron_variant,False
ACVR1,rs2603275,intergenic_variant,False
ACVR1,rs1941929,intergenic_variant,False
ACVR1,rs6741916,intron_variant,False
ACVR1,rs1146032,intron_variant,False
ACVR1,rs2848649,intergenic_variant,False
ACVR1,rs3911308,intergenic_variant,False
ACVR1,rs1220128,intergenic_variant,False
ACVR1,rs11435148,intergenic_variant,False
ACVR1,rs186905001,intron_variant,False
ACVR1,rs10166720,3_prime_UTR_variant,False
ACVR1,rs10572950,intron_variant,False
ACVR1,rs6743822,intron_variant,False
ACVR1,rs12694933,intergenic_variant,False
ACVR1,rs11679482,intron_variant,False
ACVR1,rs11685043,intergenic_variant,False
ACVR1,rs77971173,intron_variant,False
ACVR1,rs10164853,intron_variant,False
ACVR1,rs4377290,intron_variant,False
ACVR1,rs149447188,intron_variant,False
ACVR1,rs58288813,intron_variant,False
ACVR1,rs2848657,intergenic_variant,False
ACVR1,rs2444769,intergenic_variant,False
ADAMTS10,rs35358447,intergenic_variant,False
ADAMTS10,rs35235097,intron_variant,False
ADAMTS10,rs10422871,3_prime_UTR_variant,False
ADAMTS10,rs143814920,intron_variant,False
ADAMTS10,rs62119448,intron_variant,False
ADAMTS10,rs374214765,intron_variant,False
ADAMTS10,rs11670030,intron_variant,False
ADAMTS10,rs2277987,intron_variant,False
ADAMTS10,rs188813090,intron_variant,False
ADAMTS10,rs4239542,intron_variant,False
ADAMTS10,rs112908303,intergenic_variant,False
ADAMTS10,rs4294931,intron_variant,False
ADAMTS10,rs2967592,intron_variant,False
ADAMTS10,rs34367204,intergenic_variant,False
ADAMTS10,rs73501572,intron_variant,False
ADAMTS10,rs2287863,5_prime_UTR_variant,False
ADAMTS10,rs11672367,intron_variant,False
ADAMTS10,rs2918308,3_prime_UTR_variant,False
ADAMTS10,rs9749567,intron_variant,False
ADAMTS10,rs751180,intron_variant,False
ADAMTS10,rs1609712,intron_variant,False
ADAMTS10,rs2967684,synonymous_variant,True
ADAMTS10,rs4542783,intron_variant,False
ADAMTS10,rs73004565,intron_variant,False
ADAMTS10,rs11259993,intergenic_variant,False
ADAMTS10,rs2303110,splice_region_variant,True
ADAMTS10,rs200722509,intron_variant,False
ADAMTS10,rs146366338,3_prime_UTR_variant,False
ADAMTS10,rs184092908,intron_variant,False
ADAMTS10,rs4804312,intron_variant,False
ADAMTS10,rs111644945,intron_variant,False
ADAMTS10,rs10404710,intron_variant,False
ADAMTS10,rs4804075,intron_variant,False
ADAMTS10,rs2918307,3_prime_UTR_variant,False
ADAMTS10,rs7248239,intron_variant,False
ADAMTS10,rs2913925,splice_region_variant,True
ADAMTS10,rs59372292,intron_variant,False
ADAMTS10,rs2967719,intron_variant,False
ADAMTS10,rs2967678,3_prime_UTR_variant,False
ADAMTS10,rs12984227,intron_variant,False
ADAMTS10,rs73501545,intron_variant,False
ADAMTS10,rs62621197,missense_variant,True
ADAMTS10,rs8106916,intron_variant,False
ADAMTS10,rs3923268,intron_variant,False
ADAMTS10,rs35118932,intron_variant,False
ADAMTS10,rs73004596,regulatory_region_variant,False
ADAMTS10,rs2013882,intron_variant,False
ADAMTS10,rs2918300,missense_variant,True
ADAMTS10,rs34134669,intron_variant,False
ADAMTS10,rs3111576,intron_variant,False
ADAMTS10,rs73006466,intron_variant,False
ADAMTS10,rs4072910,regulatory_region_variant,False
ADAMTS10,rs2967595,intron_variant,False
ADAMTS10,rs2396106,intron_variant,False
ADAMTS10,rs2340540,intron_variant,False
ADAMTS10,rs1555736800,inframe_insertion,True
ADAMTS10,rs138792758,intron_variant,False
ADAMTS10,rs2164983,3_prime_UTR_variant,False
ADAMTS10,rs4804311,splice_polypyrimidine_tract_variant,False
ADAMTS10,rs60318332,intron_variant,False
ADAMTS10,rs111211972,3_prime_UTR_variant,False
ADAMTS10,rs2967685,synonymous_variant,True
ADAMTS10,rs4804315,intron_variant,False
ADAMTS10,rs4804314,intron_variant,False
ADAMTS10,rs4804305,missense_variant,True
ADAMTS10,rs8108747,intron_variant,False
ADAMTS10,rs2918299,missense_variant,True
ADAMTS10,rs11667346,intergenic_variant,False
ADAMTS10,rs28527176,intron_variant,False
ADAMTS10,rs7253583,intron_variant,False
ADAMTS10,rs7253116,intron_variant,False
ADAMTS10,rs11668163,intron_variant,False
ADAMTS10,rs117700741,intron_variant,False
ADAMTS10,rs7247304,intron_variant,False
ADAMTS10,rs35723384,intron_variant,False
ADAMTS10,rs10406865,intergenic_variant,False
ADAMTS10,rs2967677,3_prime_UTR_variant,False
ADAMTS10,rs113898159,intron_variant,False
ADAMTS10,rs73505703,intron_variant,False
ADAMTS10,rs12971658,intron_variant,False
ADAMTS10,rs111751676,intron_variant,False
ADAMTS10,rs61154119,3_prime_UTR_variant,False
ADAMTS10,rs1473281,3_prime_UTR_variant,False
ADAMTS10,rs2967776,intron_variant,False
ADAMTS10,rs2967602,intergenic_variant,False
ADAMTS10,rs201801505,intergenic_variant,False
ADAMTS10,rs12972649,intron_variant,False
ADAMTS10,rs7260530,intron_variant,False
ADAMTS10,rs7249094,intron_variant,False
ADAMTS10,rs60891312,3_prime_UTR_variant,False
ADAMTS10,rs190628244,intron_variant,False
ADAMTS10,rs7254400,intron_variant,False
ADAMTS10,rs4499342,missense_variant,True
ADAMTS10,rs3936234,intron_variant,False
ADAMTS10,rs7255721,missense_variant,True
ADAMTS10,rs2967676,3_prime_UTR_variant,False
ADAMTS10,rs191806264,intergenic_variant,False
ADAMTS10,rs2918302,intron_variant,False
ADAMTS10,rs2340550,missense_variant,True
ADAMTS10,rs139911601,intron_variant,False
ADAMTS10,rs2967683,intron_variant,False
ADAMTS10,rs140189131,3_prime_UTR_variant,False
ADAMTS10,rs149809017,intron_variant,False
ADAMTS10,rs12980251,intron_variant,False
ADAMTS10,rs7507292,intron_variant,False
ADAMTS17,rs4965275,intron_variant,False
ADAMTS17,rs1383546,intron_variant,False
ADAMTS17,rs4965586,intron_variant,False
ADAMTS17,rs10400854,intron_variant,False
ADAMTS17,rs8035111,intron_variant,False
ADAMTS17,rs2035344,intron_variant,False
ADAMTS17,rs6598308,intron_variant,False
ADAMTS17,rs12443035,intron_variant,False
ADAMTS17,rs2086452,intron_variant,False
ADAMTS17,rs11247168,intron_variant,False
ADAMTS17,rs4412959,intron_variant,False
ADAMTS17,rs28538685,intron_variant,False
ADAMTS17,rs11247178,intron_variant,False
ADAMTS17,rs8039762,intron_variant,False
ADAMTS17,rs12148837,intron_variant,False
ADAMTS17,rs4074098,intron_variant,False
ADAMTS17,rs10902566,intron_variant,False
ADAMTS17,rs7496668,missense_variant,True
ADAMTS17,rs28696125,intron_variant,False
ADAMTS17,rs12915247,intergenic_variant,False
ADAMTS17,rs729679,intron_variant,False
ADAMTS17,rs2573595,intron_variant,False
ADAMTS17,rs2581357,intron_variant,False
ADAMTS17,rs12900132,intron_variant,False
ADAMTS17,rs1480957,intron_variant,False
ADAMTS17,rs922670,intron_variant,False
ADAMTS17,rs7182422,intron_variant,False
ADAMTS17,rs1823874,intron_variant,False
ADAMTS17,rs4246302,intron_variant,False
ADAMTS17,rs4369638,missense_variant,True
ADAMTS17,rs9328573,intron_variant,False
ADAMTS17,rs181337095,intron_variant,False
ADAMTS17,rs1960795,intron_variant,False
ADAMTS17,rs34119103,intron_variant,False
ADAMTS17,rs117672071,intron_variant,False
ADAMTS17,rs7163054,intron_variant,False
ADAMTS17,rs77700959,intron_variant,False
ADAMTS17,rs1351438,intron_variant,False
ADAMTS17,rs1531690,intron_variant,False
ADAMTS17,rs1552101,intron_variant,False
ADAMTS17,rs9672868,intron_variant,False
ADAMTS17,rs57545798,intron_variant,False
ADAMTS17,rs8041815,intron_variant,False
ADAMTS17,rs184739618,intron_variant,False
ADAMTS17,rs144174173,intron_variant,False
ADAMTS17,rs768846896,splice_donor_region_variant,False
ADAMTS17,rs148074072,intron_variant,False
ADAMTS17,rs8030793,intron_variant,False
ADAMTS17,rs7181754,intergenic_variant,False
ADAMTS17,rs55915969,intron_variant,False
ADAMTS17,rs2573625,3_prime_UTR_variant,False
ADAMTS17,rs397807524,intron_variant,False
ADAMTS17,rs149578709,intron_variant,False
ADAMTS17,rs4965593,intron_variant,False
ADAMTS17,rs78171395,intron_variant,False
ADAMTS17,rs1480952,intron_variant,False
ADAMTS17,rs12912546,intron_variant,False
ADAMTS17,rs7168946,intron_variant,False
ADAMTS17,rs2727195,3_prime_UTR_variant,False
ADAMTS17,rs28411867,intron_variant,False
ADAMTS17,rs746711,intron_variant,False
ADAMTS17,rs4965634,intron_variant,False
ADAMTS17,rs11635943,intron_variant,False
ADAMTS17,rs200327256,missense_variant,True
ADAMTS17,rs5011256,intron_variant,False
ADAMTS17,rs4965272,intron_variant,False
ADAMTS17,rs11636084,intron_variant,False
ADAMTS17,rs11247165,intron_variant,False
ADAMTS17,rs4297664,intron_variant,False
ADAMTS17,rs8037502,intron_variant,False
ADAMTS17,rs12905658,intron_variant,False
ADAMTS17,rs7182621,intron_variant,False
ADAMTS17,rs12148118,intron_variant,False
ADAMTS17,rs7171763,intron_variant,False
ADAMTS17,rs12905788,intron_variant,False
ADAMTS17,rs6598316,intron_variant,False
ADAMTS17,rs2573650,3_prime_UTR_variant,False
ADAMTS17,rs11247184,intron_variant,False
ADAMTS17,rs1821649,intron_variant,False
ADAMTS17,rs77594145,intron_variant,False
ADAMTS17,rs4965600,intron_variant,False
ADAMTS17,rs2585223,intron_variant,False
ADAMTS17,rs62036163,intron_variant,False
ADAMTS17,rs4482264,intron_variant,False
ADAMTS17,rs4338785,intron_variant,False
ADAMTS17,rs4533267,intron_variant,False
ADAMTS17,rs12916269,intron_variant,False
ADAMTS17,rs4965612,intron_variant,False
ADAMTS17,rs1561046,intron_variant,False
ADAMTS17,rs12916667,intron_variant,False
ADAMTS17,rs2581360,intron_variant,False
ADAMTS17,rs6598322,intron_variant,False
ADAMTS17,rs200002260,intron_variant,False
ADAMTS17,rs7180912,intron_variant,False
ADAMTS17,rs79790072,intron_variant,False
ADAMTS17,rs2573687,intron_variant,False
ADAMTS17,rs7174692,intron_variant,False
ADAMTS17,rs143250819,intron_variant,False
ADAMTS17,rs2622530,intron_variant,False
ADAMTS17,rs4548838,intron_variant,False
ADAMTS17,rs4965617,intron_variant,False
ADAMTS17,rs6598317,intron_variant,False
ADAMTS17,rs8024690,intron_variant,False
ADAMTS17,rs11247162,intron_variant,False
ADAMTS17,rs2082859,intron_variant,False
ADAMTS17,rs74037381,intron_variant,False
ADAMTS17,rs4302014,intron_variant,False
ADAMTS17,rs56193483,intron_variant,False
ADAMTS17,rs4965598,intron_variant,False
ADAMTS17,rs2727176,intron_variant,False
ADAMTS17,rs80342915,intron_variant,False
ADAMTS17,rs4246307,intron_variant,False
ADAMTS17,rs4246309,intron_variant,False
ADAMTS17,rs12440706,3_prime_UTR_variant,False
ADAMTS17,rs75900077,intron_variant,False
ADAMTS17,rs11247183,intron_variant,False
ADAMTS17,rs2581358,3_prime_UTR_variant,False
ADAMTS17,rs72770234,intron_variant,False
ADAMTS17,rs12440646,intron_variant,False
ADAMTS17,rs77948063,intron_variant,False
ADAMTS17,rs557094806,intron_variant,False
ADAMTS17,rs11630162,intron_variant,False
ADAMTS17,rs4627319,intron_variant,False
ADAMTS17,rs2573652,missense_variant,True
ADAMTS17,rs4246304,intron_variant,False
ADAMTS17,rs12324426,intron_variant,False
ADAMTS17,rs7497542,intron_variant,False
ADAMTS17,rs7175433,intron_variant,False
ADAMTS17,rs4387578,intron_variant,False
ADAMTS17,rs77616203,intron_variant,False
ADAMTS17,rs117927254,non_coding_transcript_exon_variant,False
ADAMTS17,rs544944870,intron_variant,False
ADAMTS17,rs72770210,intron_variant,False
ADAMTS17,rs4467054,intron_variant,False
ADAMTS17,rs62036171,intron_variant,False
ADAMTS17,rs77996405,intron_variant,False
ADAMTS17,rs59193298,intron_variant,False
ADAMTS17,rs57125982,intron_variant,False
ADAMTS17,rs12591128,intron_variant,False
ADAMTS17,rs8034669,intron_variant,False
ADAMTS17,rs59591128,intron_variant,False
ADAMTS17,rs2587799,intron_variant,False
ADAMTS17,rs2573647,intron_variant,False
ADAMTS17,rs8042085,intron_variant,False
ADAMTS17,rs11632934,intron_variant,False
ADAMTS17,rs7497712,intron_variant,False
ADAMTS17,rs12915884,intron_variant,False
ADAMTS17,rs8025049,intron_variant,False
ADAMTS17,rs9672454,intron_variant,False
ADAMTS17,rs8037367,intron_variant,False
ADAMTS17,rs4965602,intron_variant,False
ADAMTS17,rs4988781,intron_variant,False
ADAMTS17,rs55752727,intron_variant,False
ADAMTS17,rs12901204,intron_variant,False
ADAMTS17,rs78765970,intron_variant,False
ADAMTS17,rs1469830,intron_variant,False
ADAMTS17,rs8042003,intron_variant,False
ADAMTS17,rs4965626,intron_variant,False
ADAMTS17,rs200304784,intron_variant,False
ADAMTS17,rs74035951,intron_variant,False
ADAMTS17,rs7176121,intron_variant,False
ADAMTS17,rs1383543,intron_variant,False
ADAMTS17,rs144331869,intron_variant,False
ADAMTS17,rs1994010,intron_variant,False
ADAMTS17,rs75260615,intron_variant,False
ADAMTS17,rs11852383,intron_variant,False
ADAMTS17,rs2054564,intron_variant,False
ADAMTS17,rs28583508,intron_variant,False
ADAMTS17,rs8025628,intron_variant,False
ADAMTS17,rs72757283,intron_variant,False
ADAMTS17,rs8034746,intron_variant,False
ADAMTS17,rs58671886,intron_variant,False
ADAMTS17,rs2581348,3_prime_UTR_variant,False
ADAMTS17,rs2573681,intron_variant,False
ADAMTS17,rs77481457,intron_variant,False
ADAMTS17,rs145482150,missense_variant,True
ADAMTS17,rs4965611,intron_variant,False
ADAMTS17,rs12901091,intron_variant,False
ADAMTS17,rs11247185,intron_variant,False
ADAMTS17,rs62038613,intron_variant,False
ADAMTS17,rs72755233,missense_variant,True
ADAMTS17,rs4246313,intron_variant,False
ADAMTS17,rs577028664,intron_variant,False
ADAMTS17,rs77379230,intron_variant,False
ADAMTS17,rs72757224,intron_variant,False
ADAMTS17,rs77466153,intron_variant,False
ADAMTS17,rs76301628,intron_variant,False
ADAMTS17,rs1529889,intron_variant,False
ADAMTS3,rs13107347,intron_variant,False
ADAMTS3,rs115136538,intron_variant,False
ADAMTS3,rs192975004,intergenic_variant,False
ADAMTS3,rs181946711,intergenic_variant,False
ADAMTS3,rs7377527,intergenic_variant,False
ADAMTS3,rs36055662,intron_variant,False
ADAMTS3,rs1383934,intron_variant,False
ADAMTS3,rs138485827,intergenic_variant,False
ADAMTS3,rs80235977,intron_variant,False
ADAMTS3,rs12507628,regulatory_region_variant,False
ADAMTS3,rs16848284,intergenic_variant,False
ADAMTS3,rs114506919,intron_variant,False
ADAMTS3,rs115553500,intron_variant,False
ADAMTS3,rs74652320,intron_variant,False
ADAMTS3,rs151193598,intron_variant,False
ADAMTS3,rs28608630,intergenic_variant,False
ADAMTS3,rs6834847,intergenic_variant,False
ADAMTS3,rs114448914,intron_variant,False
ADAMTS3,rs1518489,intron_variant,False
ADAMTS3,rs11935685,intron_variant,False
ADAMTS3,rs719381,intergenic_variant,False
ADAMTS3,rs4694123,intron_variant,False
ADAMTS3,rs13104467,intergenic_variant,False
ADAMTS3,rs7665177,intergenic_variant,False
ADAMTS3,rs10518107,intergenic_variant,False
ADAMTS3,rs5859307,intergenic_variant,False
ADAMTS3,rs1988241,intergenic_variant,False
ADAMTS3,rs11942991,intergenic_variant,False
ADAMTS3,rs11723034,intron_variant,False
ADAMTS3,rs11371843,intergenic_variant,False
ADAMTS3,rs9884972,intergenic_variant,False
ADAMTS3,rs788940,intron_variant,False
ADAMTS3,rs537526354,intergenic_variant,False
ADAMTS3,rs56042607,intron_variant,False
ADAMTS3,rs28627296,intergenic_variant,False
ADAMTS3,rs7657200,intergenic_variant,False
ADAMTS3,rs61317550,intron_variant,False
ADAMTS3,rs16847865,intron_variant,False
ADAMTS3,rs1518485,intergenic_variant,False
ADAMTS3,rs78359207,intron_variant,False
ADAMTS3,rs149417269,intergenic_variant,False
ADAMTS3,rs2366307,intron_variant,False
ADAMTS3,rs113209890,intron_variant,False
ADAMTS3,rs72658525,intergenic_variant,False
ADAMTS3,rs10518106,intergenic_variant,False
ADAMTS3,rs62321514,intron_variant,False
ADAMTS3,rs183365738,intron_variant,False
ADAMTS3,rs2164106,intron_variant,False
ADAMTS3,rs112418550,intron_variant,False
ADAMTS3,rs187552634,intron_variant,False
ADAMTS3,rs7697556,intergenic_variant,False
ADAMTS3,rs13132401,intron_variant,False
ADAMTS3,rs10027328,intron_variant,False
ADAMTS3,rs788927,intron_variant,False
ADAMTS3,rs16848539,intron_variant,False
ADAMTS3,rs1871812,intron_variant,False
ADAMTS3,rs141374503,missense_variant,True
ADAMTS3,rs79190329,intergenic_variant,False
ADAMTS3,rs79614727,intron_variant,False
ADAMTS3,rs6844700,intergenic_variant,False
ADAMTS3,rs12651098,intron_variant,False
ADAMTS3,rs9995997,intergenic_variant,False
ADAMTS3,rs4694504,intergenic_variant,False
ADAMTS3,rs16848425,intergenic_variant,False
ADAMTS3,rs55854248,splice_polypyrimidine_tract_variant,False
ADAMTS3,rs528947248,intron_variant,False
ADAMTS3,rs7690711,synonymous_variant,True
ADAMTS3,rs1513895,intergenic_variant,False
ADAMTS3,rs67546436,intron_variant,False
ADAMTS3,rs79805888,intron_variant,False
ADAMTS3,rs13105983,intron_variant,False
ADAMTS3,rs9993613,intergenic_variant,False
ADAMTS3,rs970649,intergenic_variant,False
ADAMTS3,rs56358861,intergenic_variant,False
ADAMTS3,rs72653954,intergenic_variant,False
ADAMTS3,rs146397235,intron_variant,False
ADAMTS3,rs4694508,intron_variant,False
ADAMTS3,rs4694127,intron_variant,False
ADAMTS3,rs35702354,intron_variant,False
ADAMTS3,rs191962891,intron_variant,False
ADAMTS3,rs7679388,intergenic_variant,False
ADAMTS3,rs181995385,intron_variant,False
ADAMTS3,rs72653996,intron_variant,False
ADAMTS3,rs186111876,intergenic_variant,False
ADAMTS3,rs28495066,intergenic_variant,False
ADAMTS3,rs188110684,intergenic_variant,False
ADAMTS3,rs189643183,intron_variant,False
ADAMTS3,rs61069325,intergenic_variant,False
ADAMTS3,rs181222568,intron_variant,False
ADAMTS3,rs139921635,missense_variant,True
ADAMTS3,rs143778384,intron_variant,False
ADAMTS3,rs28616128,intron_variant,False
ADAMTS3,rs114255156,intron_variant,False
ADAMTS3,rs137963814,intron_variant,False
ADAMTS3,rs142882327,intron_variant,False
ADAMTS3,rs190823861,intergenic_variant,False
ADAMTS3,rs77440195,intron_variant,False
ADAMTS3,rs114204813,intergenic_variant,False
ADAMTS3,rs62320846,intergenic_variant,False
ADAMTS3,rs111817580,intron_variant,False
ADAMTS3,rs4694502,intergenic_variant,False
ADAMTS3,rs564401290,intergenic_variant,False
ADAMTS3,rs192785674,intergenic_variant,False
ADAMTS3,rs13128909,intron_variant,False
ADAMTS3,rs6837282,intron_variant,False
ADAMTS3,rs78862524,intron_variant,False
ADAMTS3,rs72653914,intergenic_variant,False
ADAMTS3,rs7690371,intergenic_variant,False
ADAMTS3,rs10015112,intron_variant,False
ADAMTS3,rs1589163,intergenic_variant,False
ADAMTS3,rs35631249,intergenic_variant,False
ADAMTS3,rs77899120,intron_variant,False
ADAMTS3,rs12648992,intron_variant,False
ADAMTS3,rs788930,intron_variant,False
ADAMTS3,rs113587264,intron_variant,False
ADAMTS3,rs75682840,intergenic_variant,False
ADAMTS3,rs550937743,intron_variant,False
ADAMTS3,rs150270324,missense_variant,True
ADAMTS3,rs57307615,intron_variant,False
ADAMTS3,rs788908,missense_variant,True
ADAMTS3,rs564788447,intergenic_variant,False
ADAMTS3,rs78182001,intron_variant,False
ADAMTS3,rs72653968,intergenic_variant,False
ADAMTS3,rs190671241,intron_variant,False
ADAMTS3,rs700513,intron_variant,False
ADAMTS3,rs58569653,intron_variant,False
ADAMTS3,rs34586561,intron_variant,False
ADAMTS3,rs78514304,intron_variant,False
ADAMTS3,rs148537832,intron_variant,False
ADAMTS3,rs2086530,intron_variant,False
ADAMTS3,rs1383930,intron_variant,False
ADAMTS3,rs138414234,intron_variant,False
ADAMTS3,rs788935,intron_variant,False
ADAMTS3,rs11932872,intron_variant,False
ADAMTS3,rs11943308,intron_variant,False
ADAMTS3,rs10027494,intron_variant,False
ADAMTS3,rs700514,intron_variant,False
ADAMTS3,rs6844500,intergenic_variant,False
ADAMTS3,rs6446853,intron_variant,False
ADAMTS3,rs77671828,intron_variant,False
ADAMTS3,rs143611734,intergenic_variant,False
ADAMTS3,rs7686749,intron_variant,False
ADAMTS3,rs751683328,5_prime_UTR_variant,False
ADAMTS3,rs11729800,intron_variant,False
ADAMTS3,rs77645768,intergenic_variant,False
ADAMTS3,rs16848337,intergenic_variant,False
ADAMTS3,rs150470677,intron_variant,False
ADAMTS3,rs58083390,intron_variant,False
ADAMTS3,rs189962344,intergenic_variant,False
ADAMTS3,rs13148464,intron_variant,False
ADAMTS3,rs13117570,intergenic_variant,False
ADAMTS3,rs11942445,intergenic_variant,False
ADAMTS3,rs147793643,intron_variant,False
ADAMTS3,rs34647859,intergenic_variant,False
ADAMTS3,rs186000461,intron_variant,False
ADAMTS3,rs147265546,intron_variant,False
ADAMTS3,rs528328709,intergenic_variant,False
ADAMTS3,rs60270210,intron_variant,False
ADAMTS3,rs143106299,intron_variant,False
ADAMTS3,rs11947772,intron_variant,False
ADAMTS3,rs17775434,intergenic_variant,False
ADAMTS3,rs6841091,intergenic_variant,False
ADAMTS6,rs264756,intron_variant,False
ADAMTS6,rs140453320,intron_variant,False
ADAMTS6,rs415051,intron_variant,False
ADAMTS6,rs441077,intron_variant,False
ADAMTS6,rs395850,intron_variant,False
ADAMTS6,rs439327,intron_variant,False
ADAMTS6,rs365300,intron_variant,False
ADAMTS6,rs398407,intron_variant,False
ADAMTS6,rs264766,intron_variant,False
ADAMTS6,rs16893506,intron_variant,False
ADAMTS6,rs62368976,intron_variant,False
ADAMTS6,rs7708235,intron_variant,False
ADAMTS6,rs72760562,intron_variant,False
ADAMTS6,rs12018053,intron_variant,False
ADAMTS6,rs264771,intron_variant,False
ADAMTS6,rs190543,intron_variant,False
ADAMTS6,rs397044,intron_variant,False
ADAMTS6,rs521074,intron_variant,False
ADAMTS6,rs35364528,intron_variant,False
ADAMTS6,rs264773,intron_variant,False
ADAMTS6,rs264775,intron_variant,False
ADAMTS6,rs264776,intron_variant,False
ADAMTS6,rs264778,intron_variant,False
ADAMTS6,rs11746271,intron_variant,False
ADAMTS6,rs264779,intron_variant,False
ADAMTS6,rs1036109,intron_variant,False
ADAMTS6,rs6872477,intron_variant,False
ADAMTS6,rs6872582,intron_variant,False
ADAMTS6,rs10514979,intron_variant,False
ADAMTS6,rs6883149,intron_variant,False
ADAMTS6,rs264749,intron_variant,False
ADAMTS6,rs65407,intron_variant,False
ADAMTS6,rs2087927,intergenic_variant,False
ADAMTS6,rs74790276,intergenic_variant,False
ADAMTS6,rs6885147,intron_variant,False
ADAMTS6,rs6864345,intron_variant,False
ADAMTS6,rs264745,intron_variant,False
ADAMTS6,rs264747,intron_variant,False
ADAMTS6,rs264748,intron_variant,False
ADAMTS6,rs10064391,intron_variant,False
ADAMTS6,rs264736,intron_variant,False
ADAMTS6,rs155337,intron_variant,False
ADAMTS6,rs264752,intron_variant,False
ADAMTS6,rs266593,non_coding_transcript_exon_variant,False
ADAMTS6,rs264753,intron_variant,False
ADAMTS6,rs266592,non_coding_transcript_exon_variant,False
ADAMTS6,rs1445944,intron_variant,False
ADAMTS6,rs264746,intron_variant,False
ADAMTS6,rs264734,intron_variant,False
ADAMTS6,rs10077096,intron_variant,False
ADAMTS6,rs7708044,intron_variant,False
ADAMTS6,rs155061,intron_variant,False
ADAMTS6,rs16893789,intron_variant,False
ADAMTS6,rs7716507,intron_variant,False
ADAMTS6,rs2161559,intron_variant,False
ADAMTS6,rs141056471,intron_variant,False
ADAMTS6,rs35841260,intron_variant,False
ADAMTS6,rs967459,intron_variant,False
ADAMTS6,rs77729987,intron_variant,False
ADAMTS6,rs138007557,3_prime_UTR_variant,False
ADAMTS6,rs2131591,intron_variant,False
ADAMTS6,rs17206779,splice_region_variant,True
ADAMTS6,rs266568,intron_variant,False
ADAMTS6,rs264738,intron_variant,False
ADAMTS6,rs264744,intergenic_variant,False
ADAMTS6,rs447583,intron_variant,False
ADAMTS6,rs403958,intron_variant,False
ADAMTS6,rs264739,non_coding_transcript_exon_variant,False
ADAMTS6,rs264740,non_coding_transcript_exon_variant,False
ADAMTS6,rs266569,intron_variant,False
ADAMTS6,rs266570,intron_variant,False
ADAMTS6,rs6650951,intron_variant,False
ADAMTS6,rs434882,intron_variant,False
ADAMTS6,rs757505588,intergenic_variant,False
ADAMTS6,rs7730040,intron_variant,False
ADAMTS6,rs10042323,intron_variant,False
ADAMTS6,rs2307121,intron_variant,False
ADAMTS6,rs7725575,intron_variant,False
ADAMTS6,rs6884770,intergenic_variant,False
ADAMTS6,rs264782,intergenic_variant,False
ADAMTS6,rs264783,intergenic_variant,False
ADAMTS6,rs264784,intergenic_variant,False
ADAMTS6,rs264780,intergenic_variant,False
ADAMTS6,rs386688633,intron_variant,False
ADAMTS6,rs55821147,non_coding_transcript_exon_variant,False
ADAMTS6,rs266590,intron_variant,False
ADAMTS6,rs266589,intron_variant,False
ADAMTS6,rs446187,intron_variant,False
ADAMTS6,rs6867518,intron_variant,False
ADAMTS6,rs1559256,intron_variant,False
ADAMTS6,rs1423351,intron_variant,False
ADAMTS6,rs116540977,intron_variant,False
ADAMTS6,rs264758,intron_variant,False
ADAMTS6,rs4700079,intron_variant,False
ADAMTS6,rs714058,intergenic_variant,False
ADAMTS6,rs10073124,intron_variant,False
ADAMTS6,rs12697026,intron_variant,False
ADAMTS6,rs377766,intron_variant,False
ADAMTS6,rs438698,intron_variant,False
ADAMTS6,rs264743,intergenic_variant,False
ADAMTS6,rs61736454,missense_variant,True
ADAMTS6,rs493704,intron_variant,False
ADAMTS6,rs423139,intron_variant,False
ADAMTS6,rs422529,intron_variant,False
ADAMTS6,rs7729539,intergenic_variant,False
ADAMTS6,rs62370702,intron_variant,False
ADAMTS6,rs79303598,intron_variant,False
ADAMTS6,rs370763,intron_variant,False
ADAMTS6,rs143405544,intron_variant,False
ADAMTS6,rs7716046,intron_variant,False
ADAMTS6,rs7729945,intron_variant,False
ADAMTS6,rs366421,intron_variant,False
ADAMTS6,rs400088,intron_variant,False
ADAMTS6,rs431146,intron_variant,False
ADAMTS6,rs12516283,intron_variant,False
ADAMTS6,rs12517876,intron_variant,False
ADAMTS6,rs76622665,intron_variant,False
ADAMTS6,rs266571,intron_variant,False
ADAMTS6,rs113057113,intron_variant,False
ADAMTS6,rs34740749,intron_variant,False
ADAMTS6,rs35532423,intron_variant,False
ADAMTS6,rs16893588,intron_variant,False
ADAMTS6,rs114163910,intron_variant,False
ADAMTS6,rs16893543,intron_variant,False
ADAMTS6,rs62368993,intergenic_variant,False
ADAMTS6,rs62369573,intron_variant,False
ADAMTS6,rs13153005,intron_variant,False
ADAMTS6,rs13183791,intron_variant,False
ADAMTS6,rs34356419,non_coding_transcript_exon_variant,False
ADAMTS6,rs6449781,intron_variant,False
ADAMTS6,rs16893717,intron_variant,False
ADAMTS6,rs264769,intron_variant,False
ADAMTS6,rs7702887,intron_variant,False
ADAMTS6,rs10471309,intergenic_variant,False
ADAMTS6,rs264765,intron_variant,False
ADAMTS6,rs6449773,regulatory_region_variant,False
ADAMTS6,rs7701134,intron_variant,False
ADAMTS6,rs185206692,intron_variant,False
ADAMTS6,rs4700662,intron_variant,False
ADAMTS6,rs12234016,intron_variant,False
ADAMTS6,rs55963623,intron_variant,False
ADAMTS6,rs11747559,intron_variant,False
ADAMTS6,rs11738854,intron_variant,False
ADAMTS6,rs266595,intergenic_variant,False
ADAMTS6,rs266594,intergenic_variant,False
ADAMTS6,rs202148080,intron_variant,False
ADAMTS6,rs4700076,intergenic_variant,False
ADAMTS6,rs155338,intron_variant,False
ADAMTS6,rs11378470,intron_variant,False
ADAMTS6,rs10940016,intron_variant,False
ADAMTS6,rs715676,intron_variant,False
ADAMTS6,rs58667010,intron_variant,False
ADAMTS6,rs11960293,intron_variant,False
ADAMTS6,rs78970464,intron_variant,False
ADAMTS6,rs10940044,intron_variant,False
ADAMTS6,rs10471310,intron_variant,False
ADAMTS6,rs10044007,intron_variant,False
ADAMTS6,rs264761,intron_variant,False
ADAMTS6,rs264763,intron_variant,False
ADAMTS6,rs78306713,intron_variant,False
ADAMTS6,rs17206232,intergenic_variant,False
ADAMTS6,rs11950228,intron_variant,False
ADAMTS6,rs4700080,intron_variant,False
ADAMTS6,rs264760,intron_variant,False
ADAMTS6,rs264759,non_coding_transcript_exon_variant,False
ADAMTS6,rs112535439,intron_variant,False
ADAMTS6,rs16893787,intron_variant,False
ADAMTS6,rs6861076,intron_variant,False
ADAMTS6,rs6892539,regulatory_region_variant,False
ADAMTS6,rs10940024,intron_variant,False
ADAMTS6,rs1159105,intron_variant,False
ADAMTS6,rs1363900,intron_variant,False
ADAMTS6,rs6449774,intron_variant,False
ADAMTS6,rs17812715,intron_variant,False
ADAMTS6,rs754861492,intron_variant,False
ADAMTS6,rs4700665,intergenic_variant,False
ADAMTS6,rs62371027,non_coding_transcript_exon_variant,False
ADAMTS6,rs6871603,intron_variant,False
ADAMTS6,rs10071507,intron_variant,False
ADAMTS6,rs13436243,intron_variant,False
ADAMTS6,rs4700675,intron_variant,False
ADAMTS6,rs6449778,intron_variant,False
ADAMTS6,rs197138,intron_variant,False
ADAMTS6,rs66724425,intron_variant,False
ADAMTS6,rs264735,intron_variant,False
ADAMTS6,rs6891955,intron_variant,False
ADAMTS6,rs2640717,intron_variant,False
ADAMTS6,rs373321291,intron_variant,False
ADAMTS6,rs62368972,intron_variant,False
ADAMTS6,rs264757,intron_variant,False
ADAMTS6,rs264755,intron_variant,False
ADAMTS6,rs6877731,intron_variant,False
ADAMTS6,rs264754,intron_variant,False
ADAMTS6,rs381829,intron_variant,False
ADAMTS6,rs13177756,intron_variant,False
ADAMTS6,rs62369011,intron_variant,False
ADAMTS6,rs113281918,intron_variant,False
ADAMTS6,rs540080713,intergenic_variant,False
ADAMTS6,rs264770,intron_variant,False
ADAMTS6,rs115915501,intron_variant,False
ADAMTS6,rs76036017,intron_variant,False
ADAMTS6,rs4323187,intron_variant,False
ADAMTS6,rs440276,intron_variant,False
ADAMTS6,rs11743960,intron_variant,False
ADAMTS6,rs62369658,intron_variant,False
ADAMTS6,rs112266491,intron_variant,False
ADAMTS6,rs113391921,intron_variant,False
ADAMTS6,rs140241254,intron_variant,False
ADAMTS6,rs264762,intron_variant,False
ADAMTS6,rs1423352,intron_variant,False
ADAMTSL3,rs9329363,intron_variant,False
ADAMTSL3,rs6602997,intron_variant,False
ADAMTSL3,rs2562784,intron_variant,False
ADAMTSL3,rs11855183,intron_variant,False
ADAMTSL3,rs62027787,intron_variant,False
ADAMTSL3,rs4583201,intron_variant,False
ADAMTSL3,rs113817743,intron_variant,False
ADAMTSL3,rs3079595,intron_variant,False
ADAMTSL3,rs2730075,intergenic_variant,False
ADAMTSL3,rs138954062,intron_variant,False
ADAMTSL3,rs1491580,intron_variant,False
ADAMTSL3,rs2562768,intron_variant,False
ADAMTSL3,rs2010993,intron_variant,False
ADAMTSL3,rs17158445,intron_variant,False
ADAMTSL3,rs10152514,intron_variant,False
ADAMTSL3,rs34047645,missense_variant,True
ADAMTSL3,rs12900471,intron_variant,False
ADAMTSL3,rs8030379,intron_variant,False
ADAMTSL3,rs80194486,intron_variant,False
ADAMTSL3,rs72760378,intron_variant,False
ADAMTSL3,rs4842926,intron_variant,False
ADAMTSL3,rs4572348,intron_variant,False
ADAMTSL3,rs4420497,intron_variant,False
ADAMTSL3,rs2585059,intron_variant,False
ADAMTSL3,rs17158811,intron_variant,False
ADAMTSL3,rs11853818,intron_variant,False
ADAMTSL3,rs11259930,intron_variant,False
ADAMTSL3,rs4262914,intron_variant,False
ADAMTSL3,rs765524,intron_variant,False
ADAMTSL3,rs2585070,regulatory_region_variant,False
ADAMTSL3,rs17158807,intron_variant,False
ADAMTSL3,rs12148239,intron_variant,False
ADAMTSL3,rs899926,intron_variant,False
ADAMTSL3,rs75821416,intron_variant,False
ADAMTSL3,rs62025778,intron_variant,False
ADAMTSL3,rs540979697,intron_variant,False
ADAMTSL3,rs10048061,intron_variant,False
ADAMTSL3,rs4606681,intergenic_variant,False
ADAMTSL3,rs4594227,intron_variant,False
ADAMTSL3,rs35011477,intron_variant,False
ADAMTSL3,rs2554380,intergenic_variant,False
ADAMTSL3,rs11259919,intron_variant,False
ADAMTSL3,rs4842918,intron_variant,False
ADAMTSL3,rs950169,missense_variant,True
ADAMTSL3,rs17296856,intron_variant,False
ADAMTSL3,rs535884755,intron_variant,False
ADAMTSL3,rs881984,intron_variant,False
ADAMTSL3,rs2011013,intron_variant,False
ADAMTSL3,rs11630705,intron_variant,False
ADAMTSL3,rs141308780,intron_variant,False
ADAMTSL3,rs4842921,intron_variant,False
ADAMTSL3,rs8034577,intron_variant,False
ADAMTSL3,rs4523894,intron_variant,False
ADAMTSL3,rs6603004,intron_variant,False
ADAMTSL3,rs11259916,intron_variant,False
ADAMTSL3,rs56711701,intron_variant,False
ADAMTSL3,rs2135880,intron_variant,False
ADAMTSL3,rs11856314,intron_variant,False
ADAMTSL3,rs55685171,intron_variant,False
ADAMTSL3,rs141724470,intron_variant,False
ADAMTSL3,rs59144084,intron_variant,False
ADAMTSL3,rs2401171,intron_variant,False
ADAMTSL3,rs6602994,intron_variant,False
ADAMTSL3,rs145814941,intron_variant,False
ADAMTSL3,rs8031704,synonymous_variant,True
ADAMTSL3,rs4321166,intron_variant,False
ADAMTSL3,rs62025854,intron_variant,False
ADAMTSL3,rs66990951,intron_variant,False
ADAMTSL3,rs6603009,intron_variant,False
ADAMTSL3,rs2562781,intergenic_variant,False
ADAMTSL3,rs72746927,intron_variant,False
ADAMTSL3,rs7177330,intron_variant,False
ADAMTSL3,rs80088335,intron_variant,False
ADAMTSL3,rs139578288,intron_variant,False
ADAMTSL3,rs11638355,intron_variant,False
ADAMTSL3,rs75666428,intron_variant,False
ADAMTSL3,rs1863449,intron_variant,False
ADAMTSL3,rs9989259,intron_variant,False
ADAMTSL3,rs776314659,intron_variant,False
ADAMTSL3,rs8024628,intron_variant,False
ADAMTSL3,rs1815172,intron_variant,False
ADAMTSL3,rs141770783,intron_variant,False
ADAMTSL3,rs12148209,intron_variant,False
ADAMTSL3,rs12900412,intron_variant,False
ADAMTSL3,rs5015595,non_coding_transcript_exon_variant,False
ADAMTSL3,rs376854269,intron_variant,False
ADAMTSL3,rs6602980,intron_variant,False
ADAMTSL3,rs117140652,intron_variant,False
ADAMTSL3,rs906427,intron_variant,False
ADAMTSL3,rs10520579,intron_variant,False
ADAMTSL3,rs2030839,intron_variant,False
ADAMTSL3,rs7166410,intron_variant,False
ADAMTSL3,rs12912896,intron_variant,False
ADAMTSL3,rs12148469,intron_variant,False
ADAMTSL3,rs62025857,intron_variant,False
ADAMTSL3,rs4483821,missense_variant,True
ADAMTSL3,rs55781136,intron_variant,False
ADAMTSL3,rs12443111,intron_variant,False
ADAMTSL3,rs10906982,intron_variant,False
ADAMTSL3,rs62027811,intron_variant,False
ADAMTSL3,rs36042898,intergenic_variant,False
ADAMTSL3,rs72746993,intron_variant,False
ADAMTSL3,rs113816378,intron_variant,False
ADAMTSL3,rs7164187,intron_variant,False
ADAMTSL3,rs2162234,intron_variant,False
ADAMTSL3,rs7166414,intron_variant,False
ADAMTSL3,rs1526080,intron_variant,False
ADAMTSL3,rs7175718,intron_variant,False
ADAMTSL3,rs7342636,intron_variant,False
ADAMTSL3,rs12911210,intron_variant,False
ADAMTSL3,rs142034143,intron_variant,False
ADAMTSL3,rs62026494,intron_variant,False
ADAMTSL3,rs56026818,intron_variant,False
ADAMTSL3,rs149795215,intron_variant,False
ADAMTSL3,rs4620919,intron_variant,False
ADAMTSL3,rs713468,intron_variant,False
ADAMTSL3,rs12900490,intron_variant,False
ADAMTSL3,rs551555687,intron_variant,False
ADAMTSL3,rs138532692,intron_variant,False
ADAMTSL3,rs35397346,intron_variant,False
ADAMTSL3,rs2244838,intergenic_variant,False
ADAMTSL3,rs66486766,intron_variant,False
ADAMTSL3,rs4842924,intron_variant,False
ADAMTSL3,rs2732151,intron_variant,False
ADAMTSL3,rs2585061,intron_variant,False
ADAMTSL3,rs78057470,intron_variant,False
ADAMTSL3,rs4843158,intron_variant,False
ADAMTSL3,rs72761831,intron_variant,False
ADAMTSL3,rs1544876,intron_variant,False
ADAMTSL3,rs28728297,intron_variant,False
ADAMTSL3,rs11855967,intron_variant,False
ADAMTSL3,rs28781400,intron_variant,False
ADAMTSL3,rs2220856,intron_variant,False
ADAMTSL3,rs1896800,intron_variant,False
ADAMTSL3,rs71395419,intron_variant,False
ADAMTSL3,rs11857564,intergenic_variant,False
ADAMTSL3,rs2730101,intergenic_variant,False
ADAMTSL3,rs4577046,intron_variant,False
ADAMTSL3,rs8035886,intron_variant,False
ADAMTSL3,rs59199978,intron_variant,False
ADAMTSL3,rs6602982,intron_variant,False
ADAMTSL3,rs78656169,intron_variant,False
ADAMTSL3,rs7179507,intron_variant,False
ADAMTSL3,rs10083603,intron_variant,False
ADAMTSL3,rs12898714,intron_variant,False
ADAMTSL3,rs28878227,intergenic_variant,False
ADAMTSL3,rs4842838,missense_variant,True
ADAMTSL3,rs7173804,intron_variant,False
ADAMTSL3,rs28446790,intergenic_variant,False
ADAMTSL3,rs7182216,intron_variant,False
ADAMTSL3,rs560120750,intron_variant,False
ADAMTSL3,rs1365200,intergenic_variant,False
ADAMTSL3,rs7162245,intergenic_variant,False
ADAMTSL3,rs57548773,intron_variant,False
ADAMTSL3,rs11638600,intron_variant,False
ADAMTSL3,rs9788726,intron_variant,False
ADAMTSL3,rs7169595,intron_variant,False
ADAMTSL3,rs62026483,intron_variant,False
ADAMTSL3,rs2049511,intron_variant,False
ADAMTSL3,rs4414460,intron_variant,False
ADAMTSL3,rs148298313,intron_variant,False
ADAMTSL3,rs118136305,intron_variant,False
ADAMTSL3,rs4842841,intron_variant,False
ADAMTSL3,rs66650179,intron_variant,False
ADAMTSL3,rs7177929,intron_variant,False
ADAMTSL3,rs1896806,intron_variant,False
ADAMTSL3,rs117540214,intron_variant,False
ADAMTSL3,rs113261930,intron_variant,False
ADAMTSL3,rs1426159,intron_variant,False
ADAMTSL3,rs12904682,intron_variant,False
ADAMTSL3,rs12916455,intron_variant,False
ADAMTSL3,rs112627987,intron_variant,False
ADAMTSL3,rs11259912,intergenic_variant,False
ADAMTSL3,rs796701217,intron_variant,False
ADAMTSL3,rs141795224,intergenic_variant,False
ADAMTSL3,rs2585043,intergenic_variant,False
ADAMTSL3,rs77510589,intron_variant,False
ADAMTSL3,rs7170165,intron_variant,False
ADAMTSL3,rs566869809,intron_variant,False
ADAMTSL3,rs62026486,splice_donor_5th_base_variant,False
ADAMTSL3,rs62025779,intron_variant,False
ADAMTSL3,rs1480823,intron_variant,False
ADAMTSL3,rs6602978,intron_variant,False
ADAMTSL3,rs117427668,intron_variant,False
ADAMTSL3,rs12916596,intron_variant,False
ADAMTSL3,rs531894480,intron_variant,False
ADAMTSL3,rs2399141,intron_variant,False
ADAMTSL3,rs536785166,intron_variant,False
ADAMTSL3,rs76380397,intron_variant,False
ADAMTSL3,rs72760395,intron_variant,False
ADAMTSL3,rs117138192,intron_variant,False
ADAMTSL3,rs57538494,intron_variant,False
ADAMTSL3,rs7182563,intron_variant,False
ADAMTSL3,rs1960770,intron_variant,False
ADAMTSL3,rs7183263,intron_variant,False
ADAMTSL3,rs7164782,intron_variant,False
ADAMTSL3,rs11857009,intron_variant,False
ADAMTSL3,rs11259936,intron_variant,False
ADAMTSL3,rs7165624,intron_variant,False
ADAMTSL3,rs7178962,intron_variant,False
ADAMTSL3,rs1491577,intron_variant,False
ADAMTSL3,rs2585064,intron_variant,False
ADAMTSL3,rs148739641,intron_variant,False
ADAMTSL3,rs137931991,intron_variant,False
ADAMTSL3,rs113993431,intron_variant,False
ADAMTSL3,rs17158683,intron_variant,False
ADAMTSL3,rs1896796,intron_variant,False
ADAMTSL3,rs1896797,intron_variant,False
ADAMTSL3,rs9920704,intron_variant,False
ADAMTSL3,rs1491579,intron_variant,False
ADAMTSL3,rs3794521,intron_variant,False
ADAMTSL3,rs17158772,intron_variant,False
ADAMTSL3,rs7162845,intron_variant,False
ADAMTSL3,rs2585058,intron_variant,False
ADAMTSL3,rs2585048,intron_variant,False
ADAMTSL3,rs7162542,intron_variant,False
ADAMTSL3,rs56100529,intron_variant,False
ADAMTSL3,rs1383484,intron_variant,False
ADAMTSL3,rs10520571,intron_variant,False
ADAMTSL3,rs8038454,intron_variant,False
ADAMTSL3,rs8029016,intron_variant,False
ADAMTSL3,rs2585073,intron_variant,False
ADAMTSL3,rs56144439,intron_variant,False
ADAMTSL3,rs112409013,intron_variant,False
ADAMTSL3,rs11630762,intron_variant,False
ADAMTSL3,rs2401176,intron_variant,False
ADAMTSL3,rs67503271,intron_variant,False
ADAMTSL3,rs143253231,intron_variant,False
ADAMTSL3,rs141495175,intron_variant,False
ADAMTSL3,rs12901010,intron_variant,False
ADAMTSL3,rs2895992,intron_variant,False
ADAMTSL3,rs75612420,intron_variant,False
ADAMTSL3,rs74649297,intron_variant,False
ADAMTSL3,rs74556322,intergenic_variant,False
ADAMTSL3,rs56373916,intron_variant,False
ADAMTSL3,rs2732162,intron_variant,False
ADAMTSL3,rs774284803,intron_variant,False
ADAMTSL3,rs10520573,intron_variant,False
ADAMTSL3,rs10152300,intron_variant,False
ADAMTSL3,rs2585068,intron_variant,False
ADAMTSL3,rs8041992,intron_variant,False
ADAMTSL3,rs1896807,intron_variant,False
ADAMTSL3,rs11259933,intron_variant,False
ADAMTSL3,rs986118,intron_variant,False
ADAMTSL3,rs11259926,intron_variant,False
ADAMTSL3,rs75024542,intron_variant,False
ADAMTSL3,rs11853983,intron_variant,False
ADAMTSL3,rs8024128,intron_variant,False
ADAMTSL3,rs4297647,intron_variant,False
ADAMTSL3,rs11633301,intron_variant,False
ADAMTSL3,rs768397327,intron_variant,False
ADAMTSL3,rs1016355,intron_variant,False
ADAMTSL3,rs28635520,intron_variant,False
ADAMTSL3,rs76872043,intron_variant,False
ADAMTSL3,rs13379579,intron_variant,False
ADAMTSL3,rs111470917,intron_variant,False
ADAMTSL3,rs1011102,intron_variant,False
ADAMTSL3,rs11852824,intron_variant,False
ADAMTSL3,rs10520572,intron_variant,False
ADAMTSL3,rs8032414,intron_variant,False
ADAMTSL3,rs1122405,intron_variant,False
ADAMTSL3,rs10520580,intron_variant,False
ADAMTSL3,rs72195885,intron_variant,False
ADAMTSL3,rs72761821,intron_variant,False
ADAMTSL3,rs12907220,intron_variant,False
ADAMTSL3,rs11856122,intron_variant,False
ADAMTSL3,rs138911338,intron_variant,False
ADAMTSL3,rs2030840,intron_variant,False
ADAMTSL3,rs56226101,intron_variant,False
ADAMTSL3,rs35946026,intron_variant,False
ADAMTSL3,rs149747987,intron_variant,False
ADAMTSL3,rs79312638,intron_variant,False
ADAMTSL3,rs2256992,intron_variant,False
ADAMTSL3,rs1812707,intron_variant,False
ADAMTSL3,rs7182462,intron_variant,False
ADAMTSL3,rs2217065,intron_variant,False
ADAMTSL3,rs147726586,intron_variant,False
ADAMTSL3,rs12148842,intron_variant,False
ADAMTSL3,rs1600640,intron_variant,False
ADAMTSL3,rs2732159,intron_variant,False
ADAMTSL3,rs9888644,intron_variant,False
ADAMTSL3,rs906425,intron_variant,False
ADAMTSL3,rs62026522,intron_variant,False
ADAMTSL3,rs117031571,intron_variant,False
ADAMTSL3,rs117440012,intron_variant,False
ADAMTSL3,rs2257011,intron_variant,False
ADAMTSL3,rs77847383,intron_variant,False
ADAMTSL3,rs143616687,intron_variant,False
ADAMTSL3,rs77378263,intron_variant,False
ADAMTSL3,rs8036748,intron_variant,False
ADAMTSL3,rs202100513,intron_variant,False
ADAMTSL3,rs72746925,intron_variant,False
ADAMTSL3,rs12910413,intron_variant,False
ADAMTSL3,rs58994367,intron_variant,False
ADAMTSL3,rs140574883,intron_variant,False
ADAMTSL3,rs1019668,intron_variant,False
ADAMTSL3,rs367959773,intron_variant,False
ADAMTSL3,rs11855613,intron_variant,False
ADAMTSL3,rs56278218,intron_variant,False
ADAMTSL3,rs713467,intron_variant,False
ADAMTSL3,rs144335430,intron_variant,False
ADAMTSL3,rs8031527,intron_variant,False
ADAMTSL3,rs899927,intron_variant,False
ADAMTSL3,rs28696207,intron_variant,False
ADAMTSL3,rs2730096,intron_variant,False
ADAMTSL3,rs61371724,intron_variant,False
BMP1,rs748291920,intron_variant,False
BMP1,rs78376445,intron_variant,False
BMP1,rs6557780,intron_variant,False
BMP1,rs76268852,intron_variant,False
BMP1,rs4391429,intron_variant,False
BMP1,rs60345653,regulatory_region_variant,False
BMP1,rs12547987,intron_variant,False
BMP1,rs12541335,intron_variant,False
BMP1,rs11786089,intron_variant,False
BMP1,rs112366642,intron_variant,False
BMP1,rs60087873,synonymous_variant,True
BMP1,rs7823952,intron_variant,False
BMP1,rs12542681,intron_variant,False
BMP1,rs2309233,intergenic_variant,False
BMP1,rs11777932,intron_variant,False
BMP1,rs1552284,intergenic_variant,False
BMP1,rs73545584,intron_variant,False
BMP1,rs56299474,regulatory_region_variant,False
BMP1,rs56953221,3_prime_UTR_variant,False
BMP1,rs6994183,intron_variant,False
BMP1,rs8192330,3_prime_UTR_variant,False
BMP1,rs62493995,regulatory_region_variant,False
BMP1,rs73225849,intron_variant,False
BMP1,rs7592,3_prime_UTR_variant,False
BMP1,rs73225858,intron_variant,False
BMP1,rs76659506,missense_variant,True
BMP1,rs7386762,intron_variant,False
BMP1,rs140244976,intron_variant,False
BMP1,rs4075536,intron_variant,False
BMP1,rs73225842,intron_variant,False
BMP1,rs2070686,3_prime_UTR_variant,False
BMP1,rs4348488,intron_variant,False
BMP1,rs35143513,intron_variant,False
BMP1,rs139434422,missense_variant,True
BMP1,rs73225863,intron_variant,False
BMP1,rs6984210,intron_variant,False
BMP1,rs117928119,5_prime_UTR_variant,False
BMP1,rs62494025,intergenic_variant,False
BMP1,rs2070685,3_prime_UTR_variant,False
BMP1,rs116825679,intron_variant,False
BMP1,rs1552286,3_prime_UTR_variant,False
BMP1,rs13259097,intron_variant,False
BMP1,rs76547188,missense_variant,True
BMP1,rs4335126,5_prime_UTR_variant,False
BMP1,rs6557781,intron_variant,False
BMP1,rs6993855,intron_variant,False
BMP1,rs59328596,intron_variant,False
BMP1,rs8192327,intron_variant,False
BMP1,rs2309308,intron_variant,False
BMP1,rs13254847,intergenic_variant,False
BMP1,rs1124,missense_variant,True
BMP1,rs73549539,intron_variant,False
BMP1,rs117291678,intergenic_variant,False
BMP1,rs56171291,intron_variant,False
BMP1,rs6557841,5_prime_UTR_variant,False
BMP1,rs7835670,intron_variant,False
BMP1,rs145284541,missense_variant,True
BMP1,rs56408342,intron_variant,False
BMP1,rs2279355,3_prime_UTR_variant,False
BMP1,rs75202363,3_prime_UTR_variant,False
BMP1,rs112632112,intron_variant,False
BMP1,rs3824334,intron_variant,False
BMP1,rs6997191,intergenic_variant,False
BMP1,rs12678092,intergenic_variant,False
BMP1,rs7014851,missense_variant,True
BMP1,rs35142808,missense_variant,True
BMP2,rs112149412,intergenic_variant,False
BMP2,rs1500545,intron_variant,False
BMP2,rs1008228,intergenic_variant,False
BMP2,rs62194957,intergenic_variant,False
BMP2,rs6054446,intergenic_variant,False
BMP2,rs232657,intron_variant,False
BMP2,rs235768,missense_variant,True
BMP2,rs4813802,regulatory_region_variant,False
BMP2,rs1555136,intergenic_variant,False
BMP2,rs6117637,intron_variant,False
BMP2,rs547889336,intron_variant,False
BMP2,rs3920540,intron_variant,False
BMP2,rs6085820,intergenic_variant,False
BMP2,rs235734,intron_variant,False
BMP2,rs16992673,intergenic_variant,False
BMP2,rs6107908,intergenic_variant,False
BMP2,rs143330165,intron_variant,False
BMP2,rs6054572,intergenic_variant,False
BMP2,rs6117652,intron_variant,False
BMP2,rs6085655,regulatory_region_variant,False
BMP2,rs6117548,intergenic_variant,False
BMP2,rs6140183,intron_variant,False
BMP2,rs17804047,intergenic_variant,False
BMP2,rs6117384,regulatory_region_variant,False
BMP2,rs6054625,intergenic_variant,False
BMP2,rs6054471,intergenic_variant,False
BMP2,rs2273074,missense_variant,True
BMP2,rs6085659,intergenic_variant,False
BMP2,rs723511,intergenic_variant,False
BMP2,rs6054484,intergenic_variant,False
BMP2,rs6085660,intergenic_variant,False
BMP2,rs6054764,intron_variant,False
BMP2,rs4815935,intergenic_variant,False
BMP2,rs727688,regulatory_region_variant,False
BMP2,rs4592924,intergenic_variant,False
BMP2,rs2650976,intergenic_variant,False
BMP2,rs1979855,intron_variant,False
BMP2,rs6085753,intergenic_variant,False
BMP2,rs6054759,intron_variant,False
BMP2,rs28488,intergenic_variant,False
BMP2,rs6038579,intergenic_variant,False
BMP2,rs235767,intron_variant,False
BMP2,rs235728,intergenic_variant,False
BMP2,rs1016228,intergenic_variant,False
BMP2,rs6085649,intergenic_variant,False
BMP2,rs6085920,intron_variant,False
BMP2,rs6107892,intergenic_variant,False
BMP2,rs2206922,intergenic_variant,False
BMP2,rs1884302,intron_variant,False
BMP2,rs232660,intron_variant,False
BMP2,rs6085657,intergenic_variant,False
BMP2,rs2650965,intergenic_variant,False
BMP2,rs1049007,synonymous_variant,True
BMP2,rs6077123,intergenic_variant,False
BMP2,rs2876049,intergenic_variant,False
BMP2,rs6054494,intergenic_variant,False
BMP2,rs1159530,intron_variant,False
BMP2,rs35919932,intron_variant,False
BMP2,rs1015563,intergenic_variant,False
BMP2,rs6140102,intergenic_variant,False
BMP2,rs6117669,intron_variant,False
BMP2,rs6085831,intergenic_variant,False
BMP2,rs6117690,intron_variant,False
BMP2,rs170986,3_prime_UTR_variant,False
BMP2,rs146314970,intron_variant,False
BMP2,rs6054661,intergenic_variant,False
BMP2,rs6107891,intergenic_variant,False
BMP2,rs6054512,intergenic_variant,False
BMP2,rs1157079,intergenic_variant,False
BMP2,rs16992851,intergenic_variant,False
BMP2,rs6085728,intergenic_variant,False
BMP2,rs2149642,intergenic_variant,False
BMP2,rs6140071,intergenic_variant,False
BMP2,rs62194886,intergenic_variant,False
BMP2,rs6085658,regulatory_region_variant,False
BMP2,rs6085662,intergenic_variant,False
BMP2,rs7268985,intergenic_variant,False
BMP2,rs2326896,intron_variant,False
BMP2,rs6085948,intron_variant,False
BMP2,rs6085661,regulatory_region_variant,False
BMP2,rs6077089,intergenic_variant,False
BMP2,rs6038587,intergenic_variant,False
BMP2,rs6038623,intergenic_variant,False
BMP2,rs235735,intron_variant,False
BMP2,rs6133350,intron_variant,False
BMP2,rs577486832,intron_variant,False
BMP2,rs6107895,intergenic_variant,False
BMP2,rs182428214,intergenic_variant,False
BMP2,rs6085765,intergenic_variant,False
BMP2,rs235772,intergenic_variant,False
BMP2,rs13043599,intron_variant,False
BMP2,rs10668467,intergenic_variant,False
BMP2,rs6107934,intron_variant,False
BMP2,rs765302,intergenic_variant,False
BMP2,rs6038586,intergenic_variant,False
BMP2,rs73598217,regulatory_region_variant,False
BMP2,rs142943889,intergenic_variant,False
BMP2,rs235763,intergenic_variant,False
BMP2,rs6085792,intergenic_variant,False
BMP2,rs74564651,regulatory_region_variant,False
BMP2,rs990999,intergenic_variant,False
BMP2,rs201402819,5_prime_UTR_variant,False
BMP2,rs75633110,intron_variant,False
BMP2,rs73894435,intergenic_variant,False
BMP2,rs12625751,intergenic_variant,False
BMP2,rs1005464,intron_variant,False
BMP2,rs6140066,intergenic_variant,False
BMP2,rs1015151,intergenic_variant,False
BMP2,rs2143711,intergenic_variant,False
BMP2,rs11087740,intergenic_variant,False
BMP2,rs2876076,intron_variant,False
BMP2,rs4815952,intergenic_variant,False
BMP2,rs6054748,intron_variant,False
BMP2,rs235770,intergenic_variant,False
BMP2,rs6133344,intergenic_variant,False
BMP6,rs4960342,intron_variant,False
BMP6,rs2748364,intron_variant,False
BMP6,rs1885486,intron_variant,False
BMP6,rs62389882,intron_variant,False
BMP6,rs10793850,intergenic_variant,False
BMP6,rs6927500,intergenic_variant,False
BMP6,rs143007713,intron_variant,False
BMP6,rs267172,intron_variant,False
BMP6,rs270414,intron_variant,False
BMP6,rs12214906,intron_variant,False
BMP6,rs187442304,intron_variant,False
BMP6,rs9379121,regulatory_region_variant,False
BMP6,rs6597292,intron_variant,False
BMP6,rs379747,intron_variant,False
BMP6,rs34795283,3_prime_UTR_variant,False
BMP6,rs932660,intron_variant,False
BMP6,rs1043784,3_prime_UTR_variant,False
BMP6,rs111331197,missense_variant,True
BMP6,rs7739678,intergenic_variant,False
BMP6,rs6597280,intron_variant,False
BMP6,rs1122669,intron_variant,False
BMP6,rs9405347,intergenic_variant,False
BMP6,rs1885448,intron_variant,False
BMP6,rs7774336,intron_variant,False
BMP6,rs11243202,intergenic_variant,False
BMP6,rs146270780,5_prime_UTR_variant,False
BMP6,rs1150893,intron_variant,False
BMP6,rs4959454,intergenic_variant,False
BMP6,rs7760212,intergenic_variant,False
BMP6,rs12202976,intron_variant,False
BMP6,rs270390,intron_variant,False
BMP6,rs9942510,intron_variant,False
BMP6,rs9406052,intron_variant,False
BMP6,rs2068361,intron_variant,False
BMP6,rs1225927,intron_variant,False
BMP6,rs6923462,intron_variant,False
BMP6,rs55865034,intron_variant,False
BMP6,rs267177,intron_variant,False
BMP6,rs149742777,intron_variant,False
BMP6,rs9379130,intergenic_variant,False
BMP6,rs1225986,intron_variant,False
BMP6,rs13220077,intron_variant,False
BMP6,rs56180096,intron_variant,False
BMP6,rs72827097,intron_variant,False
BMP6,rs7768988,intron_variant,False
BMP6,rs267187,intron_variant,False
BMP6,rs146112589,intron_variant,False
BMP6,rs881891,intron_variant,False
BMP6,rs9505276,intron_variant,False
BMP6,rs267190,intron_variant,False
BMP6,rs2757564,intron_variant,False
BMP6,rs12190551,intron_variant,False
BMP6,rs9405350,intergenic_variant,False
BMP6,rs17143141,intron_variant,False
BMP6,rs5009024,intron_variant,False
BMP6,rs267194,intron_variant,False
BMP6,rs1575291,intergenic_variant,False
BMP6,rs9392918,intergenic_variant,False
BMP6,rs10498672,intron_variant,False
BMP6,rs71542879,intron_variant,False
BMP6,rs72829238,intron_variant,False
BMP6,rs6928832,intron_variant,False
BMP6,rs12202362,intron_variant,False
BMP6,rs2327010,intergenic_variant,False
BMP6,rs1575290,intergenic_variant,False
BMP6,rs140013431,intron_variant,False
BMP6,rs79710112,intergenic_variant,False
BMP6,rs62389984,intron_variant,False
BMP6,rs56339627,intron_variant,False
BMP6,rs735666,intron_variant,False
BMP6,rs76047639,intron_variant,False
BMP6,rs17605530,intron_variant,False
BMP6,rs148060043,intron_variant,False
BMP6,rs114505378,intron_variant,False
BMP6,rs2327008,intron_variant,False
BMP6,rs7756651,non_coding_transcript_exon_variant,False
BMP6,rs6924424,intron_variant,False
BMP6,rs111477297,intron_variant,False
BMP6,rs72827090,intron_variant,False
BMP6,rs553291419,intron_variant,False
BMP6,rs7741360,intron_variant,False
BMP6,rs11962800,intron_variant,False
BMP6,rs34175652,intron_variant,False
BMP6,rs111588693,missense_variant,True
BMP6,rs72827063,intron_variant,False
BMP6,rs142437697,intron_variant,False
BMP6,rs11751537,intergenic_variant,False
BMP6,rs270397,intron_variant,False
BMP6,rs6910546,intron_variant,False
BMP6,rs150849052,intron_variant,False
BMP6,rs149606060,intron_variant,False
BMP6,rs199205,intron_variant,False
BMP6,rs11243203,intergenic_variant,False
BMP6,rs166495,intron_variant,False
BMP6,rs115382611,intron_variant,False
BMP6,rs62386966,intron_variant,False
BMP6,rs200573175,missense_variant,True
BMP6,rs35871461,intron_variant,False
BMP6,rs12198986,intergenic_variant,False
BMP6,rs2023263,intron_variant,False
BMP6,rs9505270,intron_variant,False
BMP6,rs9328444,intron_variant,False
BMP6,rs13216391,intron_variant,False
BMP6,rs9405351,intergenic_variant,False
BMP6,rs3778347,intron_variant,False
BMP6,rs11964049,intergenic_variant,False
BMP6,rs270417,intron_variant,False
BMP6,rs270404,intron_variant,False
BMP6,rs9505329,intron_variant,False
BMP6,rs1107495,regulatory_region_variant,False
BMP6,rs13209685,intron_variant,False
BMP6,rs12194931,intron_variant,False
BMP6,rs6920279,intron_variant,False
BMP6,rs116769360,intron_variant,False
BMP6,rs3812163,intergenic_variant,False
BMP6,rs1535429,intron_variant,False
BMP6,rs7769616,intron_variant,False
BMP6,rs35984250,intron_variant,False
BMP6,rs12212270,intergenic_variant,False
BMP6,rs2327013,intron_variant,False
BMP6,rs35014341,intron_variant,False
BMP6,rs10498671,intron_variant,False
BMP6,rs182714900,intron_variant,False
BMP6,rs9505286,intron_variant,False
BMP6,rs270378,intron_variant,False
BMP6,rs2326995,intron_variant,False
BMP6,rs9392919,intergenic_variant,False
BMP6,rs9505274,intron_variant,False
BMP6,rs6900447,intron_variant,False
BMP6,rs1923409,intron_variant,False
BMP6,rs73719371,intron_variant,False
BMP6,rs6909130,intergenic_variant,False
BMP6,rs9392172,regulatory_region_variant,False
BMP6,rs927401,intron_variant,False
BMP6,rs72827028,non_coding_transcript_exon_variant,False
BMP6,rs11243201,intron_variant,False
BMP6,rs76394620,intron_variant,False
BMP6,rs12208776,intron_variant,False
BMP6,rs1743639,intron_variant,False
BMP6,rs34816694,intron_variant,False
BMP6,rs3812162,intron_variant,False
BMP6,rs7764128,3_prime_UTR_variant,False
BMP6,rs9505293,intron_variant,False
BMP6,rs9502656,synonymous_variant,True
BMP6,rs2241669,intron_variant,False
BMP6,rs72827088,intron_variant,False
BMP6,rs9505301,intron_variant,False
BMPR1B,rs17022370,intron_variant,False
BMPR1B,rs3755880,intron_variant,False
BMPR1B,rs17384439,intron_variant,False
BMPR1B,rs3846455,intron_variant,False
BMPR1B,rs145393749,intron_variant,False
BMPR1B,rs116769988,intron_variant,False
BMPR1B,rs115605989,intron_variant,False
BMPR1B,rs35737522,intron_variant,False
BMPR1B,rs78848851,intron_variant,False
BMPR1B,rs7285,3_prime_UTR_variant,False
BMPR1B,rs17022496,intron_variant,False
BMPR1B,rs112426558,intergenic_variant,False
BMPR1B,rs3755879,intron_variant,False
BMPR1B,rs11097458,intron_variant,False
BMPR1B,rs17616243,intron_variant,False
BMPR1B,rs7698733,intron_variant,False
BMPR1B,rs3775051,intron_variant,False
BMPR1B,rs7681109,intron_variant,False
BMPR1B,rs2621449,intron_variant,False
BMPR1B,rs3068100,intron_variant,False
BMPR1B,rs6419133,intron_variant,False
BMPR1B,rs1509617,3_prime_UTR_variant,False
BMPR1B,rs6822806,intron_variant,False
BMPR1B,rs9995627,intron_variant,False
BMPR1B,rs2626043,intron_variant,False
BMPR1B,rs3821964,intron_variant,False
BMPR1B,rs4467574,intron_variant,False
BMPR1B,rs998071,intron_variant,False
BMPR1B,rs73838836,intron_variant,False
BMPR1B,rs1544387,intron_variant,False
BMPR1B,rs13133845,intergenic_variant,False
BMPR1B,rs1544390,intron_variant,False
BMPR1B,rs2522530,intron_variant,False
BMPR1B,rs10027628,regulatory_region_variant,False
BMPR1B,rs35063103,intron_variant,False
BMPR1B,rs17023134,intron_variant,False
BMPR1B,rs5860395,intron_variant,False
BMPR1B,rs3796432,intron_variant,False
BMPR1B,rs3775058,intron_variant,False
BMPR1B,rs3846450,3_prime_UTR_variant,False
BMPR1B,rs7661876,intron_variant,False
BMPR1B,rs739730,intron_variant,False
BMPR1B,rs10032931,intron_variant,False
BMPR1B,rs1434537,intron_variant,False
BMPR1B,rs12643654,intron_variant,False
BMPR1B,rs3775002,intron_variant,False
BMPR1B,rs35508536,intron_variant,False
BMPR1B,rs10021303,intron_variant,False
BMPR1B,rs10013079,intron_variant,False
BMPR1B,rs34656389,intron_variant,False
BMPR1B,rs28583714,intron_variant,False
BMPR1B,rs550873298,intron_variant,False
BMPR1B,rs76798504,intergenic_variant,False
BMPR1B,rs13118653,intron_variant,False
BMPR1B,rs6849425,intron_variant,False
BMPR1B,rs7673527,intron_variant,False
BMPR1B,rs716191,intron_variant,False
BMPR1B,rs113177738,intron_variant,False
BMPR1B,rs949560577,intron_variant,False
BMPR1B,rs2241743,intron_variant,False
BMPR1B,rs2865383,intron_variant,False
BMPR1B,rs17022027,intron_variant,False
BMPR1B,rs10031423,intron_variant,False
BMPR1B,rs7671870,intron_variant,False
BMPR1B,rs2621455,intron_variant,False
BMPR1B,rs57091121,intron_variant,False
BMPR1B,rs1050715238,intron_variant,False
BMPR1B,rs7662504,intron_variant,False
BMPR1B,rs116446368,intron_variant,False
BMPR1B,rs10000289,intron_variant,False
BMPR1B,rs4699587,intron_variant,False
BMPR1B,rs17345417,intron_variant,False
BMPR1B,rs12513212,intron_variant,False
BMPR1B,rs72617705,intron_variant,False
BMPR1B,rs4419475,intron_variant,False
BMPR1B,rs2522534,intron_variant,False
BMPR1B,rs3821968,intron_variant,False
BMPR1B,rs3857231,intron_variant,False
BMPR1B,rs151067671,intron_variant,False
BMPR1B,rs13134684,intron_variant,False
BMPR1B,rs61432083,intron_variant,False
BMPR1B,rs62319060,intron_variant,False
BMPR1B,rs1134984,3_prime_UTR_variant,False
BMPR1B,rs563535708,intron_variant,False
BMPR1B,rs1872130,intron_variant,False
BMPR1B,rs1160695,intron_variant,False
BMPR1B,rs116984513,intron_variant,False
BMPR1B,rs17352568,intron_variant,False
BMPR1B,rs111161432,intron_variant,False
BMPR1B,rs3796463,intron_variant,False
BMPR1B,rs17399013,intron_variant,False
BMPR1B,rs7681920,intron_variant,False
BMPR1B,rs1347345,intron_variant,False
BMPR1B,rs1434536,3_prime_UTR_variant,False
BMPR1B,rs10856911,intron_variant,False
BMPR1B,rs10026552,intron_variant,False
BMPR1B,rs11728570,intron_variant,False
BMPR1B,rs62316543,intron_variant,False
BMPR1B,rs3796459,intron_variant,False
BMPR1B,rs2289043,missense_variant,True
BMPR1B,rs28521922,intron_variant,False
BMPR1B,rs17415818,intron_variant,False
BMPR1B,rs150938423,intron_variant,False
BMPR1B,rs2865375,intron_variant,False
BMPR1B,rs59785524,intron_variant,False
BMPR1B,rs6532556,intron_variant,False
BMPR1B,rs1859156,intron_variant,False
BMPR1B,rs62316231,intron_variant,False
BMPR1B,rs7673420,intron_variant,False
BMPR1B,rs28663472,intron_variant,False
BMPR1B,rs12645001,intron_variant,False
BMPR1B,rs72671205,intron_variant,False
BMPR1B,rs28537315,intron_variant,False
BMPR1B,rs1863653,intron_variant,False
BMPR1B,rs751675725,intron_variant,False
BMPR1B,rs11097470,intron_variant,False
BMPR1B,rs1434538,intron_variant,False
BMPR1B,rs7694531,3_prime_UTR_variant,False
BMPR1B,rs575956177,intron_variant,False
BMPR1B,rs2865384,intron_variant,False
BMPR1B,rs17023017,intron_variant,False
BMPR1B,rs7676033,intron_variant,False
BMPR1B,rs13138431,intron_variant,False
BMPR1B,rs10030217,intron_variant,False
BMPR1B,rs113271995,intergenic_variant,False
BMPR1B,rs34016280,intron_variant,False
BMPR1B,rs17021994,intron_variant,False
BMPR1B,rs547605479,intron_variant,False
CHRD,rs56172794,intron_variant,False
CHRD,rs4912485,intron_variant,False
CHRD,rs3914188,3_prime_UTR_variant,False
CHRD,rs55827759,intron_variant,False
CHRD,rs56148883,intron_variant,False
CHRD,rs7612767,intron_variant,False
CHRD,rs149400260,splice_region_variant,True
CHRD,rs9839000,3_prime_UTR_variant,False
CHRD,rs843376,intron_variant,False
CHRD,rs377126456,intergenic_variant,False
CHRD,rs75389224,intron_variant,False
CHRD,rs62285964,intergenic_variant,False
CHRD,rs6789727,intron_variant,False
CHRD,rs2855306,non_coding_transcript_exon_variant,False
CHRD,rs79627603,intron_variant,False
CHRD,rs1298828254,intron_variant,False
CHRD,rs9822959,intron_variant,False
CHRD,rs11927393,intron_variant,False
CHRD,rs10937171,intron_variant,False
CHRD,rs9870912,intron_variant,False
CHRD,rs370336606,intron_variant,False
CHRD,rs6787421,non_coding_transcript_exon_variant,False
CHRD,rs6414507,non_coding_transcript_exon_variant,False
CHRD,rs7624864,intron_variant,False
CHRD,rs73187650,3_prime_UTR_variant,False
CHRD,rs6775142,intron_variant,False
CHRD,rs2293606,synonymous_variant,True
CHRD,rs9841832,intergenic_variant,False
CHRD,rs7635741,intron_variant,False
CHRD,rs13099401,intron_variant,False
CHRD,rs545787624,inframe_insertion,True
CHRD,rs62287513,intron_variant,False
CHRD,rs28550009,regulatory_region_variant,False
CHRD,rs540813407,5_prime_UTR_variant,False
CHRD,rs6141,3_prime_UTR_variant,False
CHRD,rs78565404,3_prime_UTR_variant,False
CHRD,rs1881973,intron_variant,False
CHRD,rs4912553,intron_variant,False
CHRD,rs113890326,intron_variant,False
CHRD,rs115148262,missense_variant,True
CHRD,rs6443959,intergenic_variant,False
CHRD,rs865809,intron_variant,False
CHRD,rs11718215,intron_variant,False
CHRD,rs11545169,missense_variant,True
CHRD,rs188070670,intron_variant,False
CHRD,rs1881975,intron_variant,False
CHRD,rs6802087,intron_variant,False
CHRD,rs939317,intron_variant,False
CHRD,rs34095724,missense_variant,True
CHRD,rs56151775,intron_variant,False
CHRD,rs144161168,intron_variant,False
CHRD,rs7630982,non_coding_transcript_exon_variant,False
CHRD,rs6772679,intron_variant,False
CHRD,rs3749228,synonymous_variant,True
CHRD,rs116149916,intron_variant,False
CHRD,rs6768610,intron_variant,False
CHRD,rs7618629,intron_variant,False
CHRD,rs12493455,intron_variant,False
CHRD,rs10804892,intergenic_variant,False
CHRD,rs4912532,intron_variant,False
CHRD,rs181050556,intergenic_variant,False
CHRD,rs112645873,intron_variant,False
CHRD,rs73189617,intron_variant,False
CHRD,rs73189624,splice_polypyrimidine_tract_variant,False
CHRD,rs11920237,intergenic_variant,False
CHRD,rs1879244,intron_variant,False
CHRD,rs115357067,regulatory_region_variant,False
CHRD,rs2293605,intron_variant,False
CHRD,rs6798973,regulatory_region_variant,False
CHRD,rs560971023,intron_variant,False
CHRD,rs112993161,intron_variant,False
CHRD,rs3804618,3_prime_UTR_variant,False
CHRD,rs56174170,intron_variant,False
CHRD,rs79419884,intron_variant,False
CHRD,rs572476245,intron_variant,False
CHRD,rs1687230,intron_variant,False
CHRD,rs188720605,intron_variant,False
CHRD,rs201759487,intron_variant,False
CHRD,rs142128107,intron_variant,False
CHRD,rs7430893,intron_variant,False
CHRD,rs35334164,intron_variant,False
CHRD,rs9849502,intergenic_variant,False
CHRD,rs34623301,intron_variant,False
CHSY1,rs3911964,regulatory_region_variant,False
CHSY1,rs4965359,intron_variant,False
CHSY1,rs8036083,intron_variant,False
CHSY1,rs28623369,intron_variant,False
CHSY1,rs34318939,intron_variant,False
CHSY1,rs7168592,intron_variant,False
CHSY1,rs1871975,intron_variant,False
CHSY1,rs111609923,intron_variant,False
CHSY1,rs62621400,missense_variant,True
CHSY1,rs192420364,intron_variant,False
CHSY1,rs56377826,intron_variant,False
CHSY1,rs755866,intron_variant,False
CHSY1,rs8023451,intron_variant,False
CHSY1,rs8033531,intron_variant,False
CHSY1,rs2170625,intergenic_variant,False
CHSY1,rs12900538,regulatory_region_variant,False
CHSY1,rs897486,intergenic_variant,False
CHSY1,rs4965789,non_coding_transcript_exon_variant,False
CHSY1,rs12324684,intron_variant,False
CHSY1,rs11630618,intron_variant,False
CHSY1,rs2073592,intron_variant,False
CHSY1,rs10468171,intron_variant,False
CHSY1,rs2085280,intergenic_variant,False
CHSY1,rs4965779,intron_variant,False
CHSY1,rs8042424,intron_variant,False
CHSY1,rs187627940,intron_variant,False
CHSY1,rs3784526,3_prime_UTR_variant,False
CHSY1,rs11636578,intron_variant,False
CHSY1,rs34631529,missense_variant,True
CHSY1,rs116643984,intron_variant,False
CHSY1,rs9672951,intron_variant,False
CHSY1,rs2925196,3_prime_UTR_variant,False
CHSY1,rs4965800,intron_variant,False
CHSY1,rs12900794,splice_region_variant,True
CHSY1,rs2412069,intron_variant,False
CHSY1,rs8025126,intron_variant,False
CHSY1,rs7175132,intron_variant,False
CHSY1,rs12898233,intergenic_variant,False
CHSY1,rs10527336,intron_variant,False
CHSY1,rs1031521,intergenic_variant,False
CHSY1,rs1470983,intergenic_variant,False
CHSY1,rs200046799,3_prime_UTR_variant,False
CHSY1,rs2925198,3_prime_UTR_variant,False
CHSY1,rs12915781,intron_variant,False
CHSY1,rs752092,intron_variant,False
CHSY1,rs113381780,intron_variant,False
CHSY1,rs12442366,intron_variant,False
CHSY1,rs8025591,intron_variant,False
CHSY1,rs8040150,intron_variant,False
CHSY1,rs34645479,intron_variant,False
CHSY1,rs60861046,intron_variant,False
CHSY1,rs67175901,intron_variant,False
CHSY1,rs10152471,intron_variant,False
CHSY1,rs780989226,intron_variant,False
CHSY1,rs11855415,intron_variant,False
CHSY1,rs11632987,intron_variant,False
CHSY1,rs7181956,intron_variant,False
CHSY1,rs59465739,intron_variant,False
CHSY1,rs3743193,missense_variant,True
CHSY1,rs28576226,intron_variant,False
CHSY1,rs12593811,intron_variant,False
CHSY1,rs6650552,intergenic_variant,False
CHSY1,rs2412005,intron_variant,False
CHSY1,rs72768577,intron_variant,False
CHSY1,rs2124135,intergenic_variant,False
CHSY1,rs2101171,regulatory_region_variant,False
CHSY1,rs28364839,synonymous_variant,True
CHSY1,rs9920291,intron_variant,False
CHSY1,rs36082322,intron_variant,False
CHSY1,rs12324545,intron_variant,False
CHSY1,rs12916774,intron_variant,False
CHSY1,rs1976033,intron_variant,False
CHSY1,rs28498458,intron_variant,False
CHSY1,rs72768580,intron_variant,False
CHSY1,rs3217650,intergenic_variant,False
CHSY1,rs112680434,intron_variant,False
CHSY1,rs28877064,intergenic_variant,False
CHSY1,rs140387544,intergenic_variant,False
CHSY1,rs114061155,intron_variant,False
CHSY1,rs8033360,intron_variant,False
CHSY1,rs7178467,intron_variant,False
CHSY1,rs11856670,intron_variant,False
CHSY1,rs60111444,regulatory_region_variant,False
CHSY1,rs8043304,intron_variant,False
CHSY1,rs11638414,intron_variant,False
CHSY1,rs7182874,intron_variant,False
CHSY1,rs8032007,intron_variant,False
CHSY1,rs1048326,3_prime_UTR_variant,False
CHSY1,rs1470982,intergenic_variant,False
CHSY1,rs2124133,intron_variant,False
CHSY1,rs2898875,intron_variant,False
CHSY1,rs2412070,non_coding_transcript_exon_variant,False
CHSY1,rs7175522,intron_variant,False
CHSY1,rs28445340,intron_variant,False
CHSY1,rs8042989,intron_variant,False
CHSY1,rs10152756,intron_variant,False
CHSY1,rs7171515,intron_variant,False
CHSY1,rs11630832,intron_variant,False
CHSY1,rs11247277,intron_variant,False
CHSY1,rs2995904,intron_variant,False
CHSY1,rs1982486,intergenic_variant,False
CHSY1,rs548584289,3_prime_UTR_variant,False
CHSY1,rs77669034,intergenic_variant,False
CHSY1,rs7182945,intron_variant,False
CHSY1,rs11639408,intron_variant,False
CNMD,rs368448497,intron_variant,False
CNMD,rs9568747,intron_variant,False
CNMD,rs9591465,intron_variant,False
CNMD,rs145334491,intron_variant,False
CNMD,rs78729755,intron_variant,False
CNMD,rs7330220,missense_variant,True
CNMD,rs2214422,intergenic_variant,False
CNMD,rs10162284,intron_variant,False
CNMD,rs2408604,intron_variant,False
CNMD,rs342778,intron_variant,False
CNMD,rs9568764,intron_variant,False
CNMD,rs9527001,intergenic_variant,False
CNMD,rs73188579,intron_variant,False
CNMD,rs71437879,intergenic_variant,False
CNMD,rs76198562,intron_variant,False
COL11A1,rs1966959,intron_variant,False
COL11A1,rs1406132,intergenic_variant,False
COL11A1,rs61815089,intergenic_variant,False
COL11A1,rs535590857,intron_variant,False
COL11A1,rs11164650,intron_variant,False
COL11A1,rs116071213,intergenic_variant,False
COL11A1,rs12564840,intergenic_variant,False
COL11A1,rs181494709,intergenic_variant,False
COL11A1,rs12134607,intron_variant,False
COL11A1,rs4908289,intron_variant,False
COL11A1,rs7549108,intergenic_variant,False
COL11A1,rs1591959,intron_variant,False
COL11A1,rs12121824,intron_variant,False
COL11A1,rs7524694,intron_variant,False
COL11A1,rs11164653,intron_variant,False
COL11A1,rs141853979,intron_variant,False
COL11A1,rs1932350,intron_variant,False
COL11A1,rs1823549,intergenic_variant,False
COL11A1,rs116686303,intron_variant,False
COL11A1,rs1241171,intron_variant,False
COL11A1,rs11164528,intron_variant,False
COL11A1,rs11164665,intron_variant,False
COL11A1,rs9663072,intergenic_variant,False
COL11A1,rs11586335,intergenic_variant,False
COL11A1,rs10047094,intergenic_variant,False
COL11A1,rs4908202,intron_variant,False
COL11A1,rs12092400,intergenic_variant,False
COL11A1,rs4908274,intron_variant,False
COL11A1,rs58975794,intron_variant,False
COL11A1,rs12755987,intron_variant,False
COL11A1,rs6577327,intergenic_variant,False
COL11A1,rs3767272,intron_variant,False
COL11A1,rs2376262,intron_variant,False
COL11A1,rs1676487,intron_variant,False
COL11A1,rs11164666,intron_variant,False
COL11A1,rs148639588,intron_variant,False
COL11A1,rs374147899,intron_variant,False
COL11A1,rs12125205,intron_variant,False
COL11A1,rs12144719,intron_variant,False
COL11A1,rs2061705,intron_variant,False
COL11A1,rs41292533,intron_variant,False
COL11A1,rs12731575,3_prime_UTR_variant,False
COL11A1,rs2126643,intron_variant,False
COL11A1,rs7515984,intron_variant,False
COL11A1,rs12138977,intron_variant,False
COL11A1,rs2622849,intron_variant,False
COL11A1,rs4244372,intron_variant,False
COL11A1,rs1337195,intron_variant,False
COL11A1,rs1938364,intergenic_variant,False
COL11A1,rs80247530,intergenic_variant,False
COL11A1,rs12140409,intergenic_variant,False
COL11A1,rs61813880,intron_variant,False
COL11A1,rs55899575,intron_variant,False
COL11A1,rs7553516,intron_variant,False
COL11A1,rs1528204,intergenic_variant,False
COL11A1,rs12123361,intergenic_variant,False
COL11A1,rs192316591,intron_variant,False
COL11A1,rs6577362,intergenic_variant,False
COL11A1,rs181147523,intergenic_variant,False
COL11A1,rs7551474,intergenic_variant,False
COL11A1,rs1415364,intron_variant,False
COL11A1,rs12034088,intron_variant,False
COL11A1,rs1241194,intron_variant,False
COL11A1,rs4536028,intergenic_variant,False
COL11A1,rs7522293,intron_variant,False
COL11A1,rs3753841,missense_variant,True
COL11A1,rs116407807,intron_variant,False
COL11A1,rs9787064,intergenic_variant,False
COL11A1,rs1376359,intergenic_variant,False
COL11A1,rs148454078,intron_variant,False
COL11A1,rs184744795,intergenic_variant,False
COL11A1,rs66473612,intron_variant,False
COL11A1,rs2615987,intron_variant,False
COL11A1,rs2030191,intergenic_variant,False
COL11A1,rs7517682,intron_variant,False
COL11A1,rs12129841,intron_variant,False
COL11A1,rs878863022,intergenic_variant,False
COL11A1,rs36187814,intergenic_variant,False
COL11A1,rs907054441,intron_variant,False
COL11A1,rs75199337,intron_variant,False
COL11A1,rs142370265,intron_variant,False
COL11A1,rs371495750,intron_variant,False
COL11A1,rs72692392,intergenic_variant,False
COL11A1,rs55690574,intron_variant,False
COL11A1,rs17131740,intergenic_variant,False
COL11A1,rs72997241,intergenic_variant,False
COL11A1,rs113708971,intergenic_variant,False
COL11A1,rs560092711,intergenic_variant,False
COL11A1,rs148528197,intergenic_variant,False
COL11A1,rs745891483,intron_variant,False
COL11A1,rs12745758,intron_variant,False
COL11A1,rs1336803,intron_variant,False
COL11A1,rs12722976,intron_variant,False
COL11A1,rs2622873,intron_variant,False
COL11A1,rs12563371,intron_variant,False
COL11A1,rs76208258,intergenic_variant,False
COL11A1,rs10874533,intergenic_variant,False
COL11A1,rs4338381,intron_variant,False
COL11A1,rs6660712,intergenic_variant,False
COL11A1,rs79079054,intergenic_variant,False
COL11A1,rs6577334,intergenic_variant,False
COL11A1,rs144268600,intergenic_variant,False
COL11A1,rs571200603,intergenic_variant,False
COL11A1,rs6683683,intergenic_variant,False
COL11A1,rs6577293,non_coding_transcript_exon_variant,False
COL11A1,rs4098282,intron_variant,False
COL11A1,rs12725626,intergenic_variant,False
COL11A1,rs1597583,intergenic_variant,False
COL11A1,rs2708396,intron_variant,False
COL11A1,rs17126268,intergenic_variant,False
COL11A1,rs72683260,intron_variant,False
COL11A1,rs7517870,intergenic_variant,False
COL11A1,rs2376280,intron_variant,False
COL11A1,rs1517426,intron_variant,False
COL11A1,rs1591637,intron_variant,False
COL11A1,rs10874639,intergenic_variant,False
COL11A1,rs11164632,intron_variant,False
COL11A1,rs11164606,intron_variant,False
COL11A1,rs11164530,intron_variant,False
COL11A1,rs12026364,intergenic_variant,False
COL11A1,rs746684973,intron_variant,False
COL11A1,rs143424888,intron_variant,False
COL11A1,rs12026245,intergenic_variant,False
COL11A1,rs4907986,intron_variant,False
COL11A1,rs12123966,intergenic_variant,False
COL11A1,rs115490659,intron_variant,False
COL11A1,rs12403957,intergenic_variant,False
COL11A1,rs113045798,intergenic_variant,False
COL11A1,rs2185431,intron_variant,False
COL11A1,rs4133019,intergenic_variant,False
COL11A1,rs2376034,intron_variant,False
COL11A1,rs112945271,intron_variant,False
COL11A1,rs945748,intron_variant,False
COL11A1,rs2077569,intron_variant,False
COL11A1,rs185746889,intergenic_variant,False
COL11A1,rs28702555,intergenic_variant,False
COL11A1,rs12568878,intergenic_variant,False
COL11A1,rs528643921,intron_variant,False
COL11A1,rs1517435,intergenic_variant,False
COL11A1,rs6693052,intron_variant,False
COL11A1,rs11164633,intron_variant,False
COL11A1,rs6577356,intergenic_variant,False
COL11A1,rs524323,intron_variant,False
COL11A1,rs115085036,intron_variant,False
COL11A1,rs10715378,intron_variant,False
COL11A1,rs12756209,intron_variant,False
COL11A1,rs1463048,intron_variant,False
COL11A1,rs11578152,intergenic_variant,False
COL11A1,rs28452739,intergenic_variant,False
COL11A1,rs1620866,intron_variant,False
COL11A1,rs12752401,intron_variant,False
COL11A1,rs2616003,intergenic_variant,False
COL11A1,rs1463034,intron_variant,False
COL11A1,rs75771586,intergenic_variant,False
COL11A1,rs12240003,intergenic_variant,False
COL11A1,rs59304985,intron_variant,False
COL11A1,rs113492276,intron_variant,False
COL11A1,rs11809524,intron_variant,False
COL11A1,rs11164689,intergenic_variant,False
COL11A1,rs12406439,intron_variant,False
COL11A1,rs10874621,intron_variant,False
COL11A1,rs7418329,intergenic_variant,False
COL11A1,rs56361645,intergenic_variant,False
COL11A1,rs2616010,intron_variant,False
COL11A1,rs1327589,intron_variant,False
COL11A1,rs1451040,intergenic_variant,False
COL11A1,rs1415365,intergenic_variant,False
COL11A1,rs2037817,intergenic_variant,False
COL11A1,rs11576308,intron_variant,False
COL11A1,rs6663034,intron_variant,False
COL11A1,rs4907985,intergenic_variant,False
COL11A1,rs115087720,intron_variant,False
COL11A1,rs12046389,intron_variant,False
COL11A1,rs35041402,intron_variant,False
COL11A1,rs3056624,intron_variant,False
COL11A1,rs6688495,intergenic_variant,False
COL11A1,rs58586304,intergenic_variant,False
COL11A1,rs59242657,intergenic_variant,False
COL11A1,rs11413746,intron_variant,False
COL11A1,rs74575303,intergenic_variant,False
COL11A1,rs1241200,intron_variant,False
COL11A1,rs141616763,intron_variant,False
COL11A1,rs12139120,intron_variant,False
COL11A1,rs2169608,intron_variant,False
COL11A1,rs80351412,intergenic_variant,False
COL11A1,rs17127698,intergenic_variant,False
COL11A1,rs12135621,intergenic_variant,False
COL11A1,rs61815087,intergenic_variant,False
COL11A1,rs371214770,intron_variant,False
COL11A1,rs116494187,intergenic_variant,False
COL11A1,rs140602617,intron_variant,False
COL11A1,rs140661565,intergenic_variant,False
COL11A1,rs143236063,intron_variant,False
COL11A1,rs1336790,intron_variant,False
COL11A1,rs186665133,intron_variant,False
COL11A1,rs187343857,intergenic_variant,False
COL11A1,rs12067811,intergenic_variant,False
COL11A1,rs12123451,intergenic_variant,False
COL11A1,rs1241172,non_coding_transcript_exon_variant,False
COL11A1,rs528567048,intron_variant,False
COL11A1,rs12120695,intron_variant,False
COL11A1,rs35037054,intron_variant,False
COL11A1,rs55724933,intron_variant,False
COL11A1,rs2376357,intergenic_variant,False
COL11A1,rs377104939,intergenic_variant,False
COL11A1,rs12034639,intron_variant,False
COL11A1,rs77810881,intron_variant,False
COL11A1,rs76972387,intron_variant,False
COL11A1,rs140026476,intergenic_variant,False
COL11A1,rs1932336,intron_variant,False
COL11A1,rs993471,intron_variant,False
COL11A1,rs2061708,intron_variant,False
COL11A1,rs1318756,intergenic_variant,False
COL11A1,rs10881166,intron_variant,False
COL27A1,rs10817590,intron_variant,False
COL27A1,rs10982154,intron_variant,False
COL27A1,rs12377342,intron_variant,False
COL27A1,rs2763195,intron_variant,False
COL27A1,rs59323233,intergenic_variant,False
COL27A1,rs117181309,intron_variant,False
COL27A1,rs10817582,intron_variant,False
COL27A1,rs7019849,intron_variant,False
COL27A1,rs1249718,intron_variant,False
COL27A1,rs7855288,intron_variant,False
COL27A1,rs62555443,intron_variant,False
COL27A1,rs7043196,intron_variant,False
COL27A1,rs7032795,intron_variant,False
COL27A1,rs2839874,intron_variant,False
COL27A1,rs201342994,missense_variant,True
COL27A1,rs145560419,synonymous_variant,True
COL27A1,rs118001597,intergenic_variant,False
COL27A1,rs1431819,intron_variant,False
COL27A1,rs12553755,intron_variant,False
COL27A1,rs10733608,intron_variant,False
COL27A1,rs2567707,missense_variant,True
COL27A1,rs2636882,3_prime_UTR_variant,False
COL27A1,rs10671214,intron_variant,False
COL27A1,rs6478061,intron_variant,False
COL27A1,rs79523756,intron_variant,False
COL27A1,rs1111796,intron_variant,False
COL27A1,rs76340413,intron_variant,False
COL27A1,rs10817563,intron_variant,False
COL27A1,rs2808791,intron_variant,False
COL27A1,rs2241671,missense_variant,True
COL27A1,rs1982850,intron_variant,False
COL27A1,rs1017360,intergenic_variant,False
COL27A1,rs1044531,3_prime_UTR_variant,False
COL27A1,rs4979342,intergenic_variant,False
COL27A1,rs574019171,intron_variant,False
COL27A1,rs2636885,intergenic_variant,False
COL27A1,rs2274159,missense_variant,True
COL27A1,rs10982102,intron_variant,False
COL27A1,rs1048465,intron_variant,False
COL27A1,rs737142,intron_variant,False
COL27A1,rs12552028,intron_variant,False
COL27A1,rs10982135,intron_variant,False
COL27A1,rs112446757,intron_variant,False
COL27A1,rs1687392,intron_variant,False
COL27A1,rs11395498,intergenic_variant,False
COL27A1,rs3762055,intergenic_variant,False
COL27A1,rs2787352,non_coding_transcript_exon_variant,False
COL27A1,rs77436804,intron_variant,False
COL27A1,rs1075559,intron_variant,False
COL27A1,rs4979372,intron_variant,False
COL27A1,rs10982164,intergenic_variant,False
COL27A1,rs7040440,intergenic_variant,False
COL27A1,rs10817601,intron_variant,False
COL27A1,rs56294298,intron_variant,False
COL27A1,rs1546048,splice_polypyrimidine_tract_variant,False
COL27A1,rs1766058,intron_variant,False
COL27A1,rs4978582,regulatory_region_variant,False
COL27A1,rs4979371,intron_variant,False
COL27A1,rs3762058,intergenic_variant,False
COL27A1,rs1687391,intergenic_variant,False
COL27A1,rs41278663,intron_variant,False
COL27A1,rs76870658,intergenic_variant,False
COL27A1,rs2763193,intron_variant,False
COL27A1,rs2043195,intergenic_variant,False
COL27A1,rs7023208,intron_variant,False
COL27A1,rs7868992,intron_variant,False
COL27A1,rs34246861,intron_variant,False
COL27A1,rs150611042,intergenic_variant,False
COL27A1,rs76837930,intron_variant,False
COL27A1,rs112118947,intron_variant,False
COL27A1,rs2567716,intron_variant,False
COL27A1,rs2787348,3_prime_UTR_variant,False
COL27A1,rs1490744,intron_variant,False
COL27A1,rs56074074,intron_variant,False
COL27A1,rs10119644,intron_variant,False
COL27A1,rs2250242,missense_variant,True
COL27A1,rs1078301,intergenic_variant,False
COL27A1,rs1249741,intron_variant,False
COL27A1,rs4978569,intron_variant,False
COL27A1,rs4979352,intron_variant,False
COL27A1,rs2636873,intron_variant,False
COL27A1,rs946053,intron_variant,False
COL27A1,rs1976192,3_prime_UTR_variant,False
COL27A1,rs2636893,intron_variant,False
COL27A1,rs10817564,intron_variant,False
COL27A1,rs747771422,intron_variant,False
COL27A1,rs2060132,intron_variant,False
COL27A1,rs891720,intergenic_variant,False
COL27A1,rs10759697,intron_variant,False
COL27A1,rs116516483,intergenic_variant,False
COL27A1,rs72759048,3_prime_UTR_variant,False
COL27A1,rs118127002,intron_variant,False
COL27A1,rs113229705,intron_variant,False
COL27A1,rs62559485,intergenic_variant,False
COL27A1,rs189293933,intron_variant,False
COL27A1,rs182619004,intron_variant,False
COL27A1,rs191980226,intron_variant,False
COL27A1,rs34986757,3_prime_UTR_variant,False
COL27A1,rs3762056,intergenic_variant,False
COL27A1,rs730619,intron_variant,False
COL27A1,rs4979341,intergenic_variant,False
COL27A1,rs4979373,intron_variant,False
COL27A1,rs10982192,intron_variant,False
COL27A1,rs2808772,intergenic_variant,False
COL27A1,rs2761687,intergenic_variant,False
COL27A1,rs1249725,intron_variant,False
COL27A1,rs1159310,intron_variant,False
COL27A1,rs9299216,intergenic_variant,False
COL27A1,rs35340604,intron_variant,False
COL27A1,rs116994374,TF_binding_site_variant,False
COL27A1,rs1687417,intron_variant,False
COL27A1,rs141738059,missense_variant,True
COL27A1,rs10982156,intron_variant,False
COL27A1,rs10739409,intron_variant,False
COL27A1,rs12555894,intergenic_variant,False
COL27A1,rs185731629,intron_variant,False
COL27A1,rs72760655,regulatory_region_variant,False
COL27A1,rs2567700,intron_variant,False
COL27A1,rs12344124,intron_variant,False
COL27A1,rs10982193,intron_variant,False
COL27A1,rs7023177,intron_variant,False
COL27A1,rs919642,intergenic_variant,False
COL27A1,rs3748176,missense_variant,True
COL27A1,rs919641,intergenic_variant,False
COL27A1,rs4978570,intron_variant,False
COL27A1,rs942519,missense_variant,True
COL27A1,rs113860562,intron_variant,False
COL27A1,rs4143245,synonymous_variant,True
COL27A1,rs528148931,intron_variant,False
COL27A1,rs956743578,intron_variant,False
COL27A1,rs1077140,intergenic_variant,False
COL27A1,rs11787950,intron_variant,False
COL27A1,rs2808789,intron_variant,False
COL27A1,rs4978572,intron_variant,False
COL27A1,rs10817577,intron_variant,False
COL27A1,rs11370710,intron_variant,False
COL27A1,rs2636877,intron_variant,False
COL27A1,rs10982151,intron_variant,False
COL27A1,rs10739407,3_prime_UTR_variant,False
COL27A1,rs17230081,intron_variant,False
COL27A1,rs1126801,missense_variant,True
COL27A1,rs10817602,regulatory_region_variant,False
COL27A1,rs2014134,synonymous_variant,True
COL27A1,rs2787336,intergenic_variant,False
COL27A1,rs150335057,intron_variant,False
COL27A1,rs142414765,regulatory_region_variant,False
COL27A1,rs2787335,intergenic_variant,False
COL27A1,rs111548718,intron_variant,False
COL27A1,rs550478926,regulatory_region_variant,False
COL27A1,rs10982050,intron_variant,False
COL27A1,rs10982063,intergenic_variant,False
COL27A1,rs147941577,missense_variant,True
COL27A1,rs7041363,intron_variant,False
COL27A1,rs2636881,regulatory_region_variant,False
COL27A1,rs10982171,intron_variant,False
COL27A1,rs113354603,intron_variant,False
CRLF1,rs74953716,intergenic_variant,False
CRLF1,rs188160295,intron_variant,False
CRLF1,rs543540068,intron_variant,False
CRLF1,rs35231179,intron_variant,False
CRLF1,rs876982,3_prime_UTR_variant,False
CRLF1,rs4808136,intron_variant,False
CRLF1,rs76615278,intron_variant,False
CRLF1,rs8107351,intron_variant,False
CRLF1,rs10415320,intron_variant,False
CRLF1,rs3764628,regulatory_region_variant,False
CRLF1,rs71332131,intron_variant,False
CRLF1,rs7252185,intron_variant,False
CRLF1,rs12459017,intergenic_variant,False
CRLF1,rs10423674,intron_variant,False
CRLF1,rs8105994,intron_variant,False
CRLF1,rs117943325,intron_variant,False
CRLF1,rs79286782,intron_variant,False
CRLF1,rs10854166,intron_variant,False
CRLF1,rs12162221,intron_variant,False
CRLF1,rs141136594,intron_variant,False
CRLF1,rs2891698,intergenic_variant,False
CRLF1,rs2003476,intron_variant,False
CRLF1,rs34997877,intron_variant,False
CRLF1,rs10419226,intron_variant,False
CRLF1,rs172032,intron_variant,False
CRLF1,rs11668617,intergenic_variant,False
CRLF1,rs202163868,intron_variant,False
CRLF1,rs111367398,intron_variant,False
CRLF1,rs117674834,missense_variant,True
CRLF1,rs2238647,missense_variant,True
CRLF1,rs75186747,intron_variant,False
CRLF1,rs3761031,intron_variant,False
CRLF1,rs61758311,intron_variant,False
CRLF1,rs112512188,intron_variant,False
CRLF1,rs757350,intron_variant,False
CRLF1,rs10854003,intron_variant,False
CRLF1,rs889364,intron_variant,False
CRLF1,rs7251067,intron_variant,False
CRLF1,rs7247659,intron_variant,False
CRLF1,rs111527728,intron_variant,False
CRLF1,rs17211813,intron_variant,False
CRLF1,rs55935482,intron_variant,False
CRLF1,rs2238651,intron_variant,False
CRLF1,rs4808828,intron_variant,False
CRLF1,rs145264427,intergenic_variant,False
CRLF1,rs141474753,intron_variant,False
CRLF1,rs138230038,intergenic_variant,False
CRLF1,rs144474740,intergenic_variant,False
CRLF1,rs3764627,TF_binding_site_variant,False
CRLF1,rs149436861,intron_variant,False
CRLF1,rs200640346,intron_variant,False
CRLF1,rs4808844,intron_variant,False
CRLF1,rs72995446,intron_variant,False
CRLF1,rs8106068,intron_variant,False
CRLF1,rs62123870,intron_variant,False
CRLF1,rs77629480,intron_variant,False
CRLF1,rs10412858,intron_variant,False
CRLF1,rs12976113,intron_variant,False
CRLF1,rs4808147,intron_variant,False
CRLF1,rs4808145,intron_variant,False
CRLF1,rs983141,intron_variant,False
CRLF1,rs8111582,intron_variant,False
CRLF1,rs8107347,intron_variant,False
CRLF1,rs10404696,intron_variant,False
CRLF1,rs2314662,intron_variant,False
CRLF1,rs112041952,intron_variant,False
CRLF1,rs112949659,intergenic_variant,False
CRLF1,rs7253990,intron_variant,False
CRLF1,rs546369689,regulatory_region_variant,False
CRLF1,rs57050736,intergenic_variant,False
CRLF1,rs563044548,intron_variant,False
CRLF1,rs4808821,intergenic_variant,False
CRLF1,rs2314670,intron_variant,False
CRLF1,rs6512272,intron_variant,False
CRLF1,rs8100824,intron_variant,False
CRLF1,rs77543386,intron_variant,False
CRLF1,rs1966500,intergenic_variant,False
CRLF1,rs12974777,intron_variant,False
CRLF1,rs12162223,intron_variant,False
CRLF1,rs117629190,intron_variant,False
CRLF1,rs117775198,intron_variant,False
CRLF1,rs271620,intron_variant,False
CRLF1,rs11669867,intron_variant,False
CRLF1,rs76092567,intergenic_variant,False
CRLF1,rs4808822,intergenic_variant,False
CRLF1,rs78484848,intergenic_variant,False
CRLF1,rs144714782,intergenic_variant,False
CRLF1,rs116417128,intron_variant,False
CRLF1,rs112583951,intron_variant,False
CRLF1,rs11670056,intron_variant,False
CRLF1,rs13345612,intron_variant,False
CRLF1,rs36035346,intron_variant,False
CRLF1,rs112551620,intron_variant,False
CRLF1,rs199620551,intron_variant,False
CRLF1,rs4808845,intron_variant,False
CRLF1,rs60570301,intron_variant,False
CRLF1,rs11085236,intron_variant,False
CRLF1,rs138834118,intron_variant,False
CRLF1,rs10420951,intron_variant,False
CRLF1,rs8112818,intron_variant,False
CRLF1,rs1209568272,intron_variant,False
CRLF1,rs111551996,intergenic_variant,False
CRLF1,rs7248258,non_coding_transcript_exon_variant,False
CRLF1,rs72997341,intron_variant,False
CRLF1,rs140067716,intron_variant,False
CRLF1,rs1253147039,intron_variant,False
CRLF1,rs7258722,intron_variant,False
CRLF1,rs7251640,intron_variant,False
CRLF1,rs35462393,intron_variant,False
CRLF1,rs10411009,intron_variant,False
CRLF1,rs560528347,intron_variant,False
CRLF1,rs10401741,intron_variant,False
DOT1L,rs4807205,intron_variant,False
DOT1L,rs2240128,intron_variant,False
DOT1L,rs7249204,5_prime_UTR_variant,False
DOT1L,rs12985346,intron_variant,False
DOT1L,rs12982593,intron_variant,False
DOT1L,rs2240651,intron_variant,False
DOT1L,rs2523178,3_prime_UTR_variant,False
DOT1L,rs145968810,intergenic_variant,False
DOT1L,rs8106338,intron_variant,False
DOT1L,rs12978179,intron_variant,False
DOT1L,rs12973528,intergenic_variant,False
DOT1L,rs2269882,intron_variant,False
DOT1L,rs191615952,intron_variant,False
DOT1L,rs7253456,intron_variant,False
DOT1L,rs25673,missense_variant,True
DOT1L,rs35976665,intron_variant,False
DOT1L,rs12610645,intron_variant,False
DOT1L,rs75580960,regulatory_region_variant,False
DOT1L,rs62128375,intron_variant,False
DOT1L,rs2074553,intron_variant,False
DOT1L,rs7246186,intron_variant,False
DOT1L,rs12985850,regulatory_region_variant,False
DOT1L,rs10407022,missense_variant,True
DOT1L,rs11882273,intron_variant,False
DOT1L,rs3746160,intron_variant,False
DOT1L,rs1003531,intron_variant,False
DOT1L,rs3810409,intron_variant,False
DOT1L,rs117415941,intron_variant,False
DOT1L,rs144821294,intergenic_variant,False
DOT1L,rs12608455,intron_variant,False
DOT1L,rs2074552,non_coding_transcript_exon_variant,False
DOT1L,rs72987421,intron_variant,False
DOT1L,rs147018632,5_prime_UTR_variant,False
DOT1L,rs192431673,intron_variant,False
DOT1L,rs2074554,intron_variant,False
DOT1L,rs2240653,intron_variant,False
DOT1L,rs3815308,missense_variant,True
DOT1L,rs55848295,intron_variant,False
DOT1L,rs1074047,intergenic_variant,False
DOT1L,rs34656141,intergenic_variant,False
DOT1L,rs7256735,intron_variant,False
DOT1L,rs112663739,intergenic_variant,False
DOT1L,rs3815147,intron_variant,False
DOT1L,rs36065733,regulatory_region_variant,False
DOT1L,rs36064137,intron_variant,False
DOT1L,rs12609225,intergenic_variant,False
DOT1L,rs145366197,intron_variant,False
DOT1L,rs12459507,intron_variant,False
DOT1L,rs8103741,intron_variant,False
DOT1L,rs2269881,intron_variant,False
DOT1L,rs78080533,intron_variant,False
DOT1L,rs183203602,regulatory_region_variant,False
DOT1L,rs78591932,intron_variant,False
DOT1L,rs10669421,intron_variant,False
DOT1L,rs8108461,intron_variant,False
DOT1L,rs7249081,intergenic_variant,False
DOT1L,rs62128406,intergenic_variant,False
DOT1L,rs3746159,intron_variant,False
DOT1L,rs11880992,intron_variant,False
DOT1L,rs2269879,intron_variant,False
DOT1L,rs2385543,intergenic_variant,False
DOT1L,rs73516526,intron_variant,False
DOT1L,rs2301800,intron_variant,False
DOT1L,rs12985980,intron_variant,False
DOT1L,rs76064118,intron_variant,False
DOT1L,rs1558118,3_prime_UTR_variant,False
DOT1L,rs740404,3_prime_UTR_variant,False
DOT1L,rs12985258,intergenic_variant,False
DOT1L,rs3815145,intron_variant,False
DOT1L,rs73516521,intron_variant,False
DOT1L,rs7255529,intron_variant,False
DOT1L,rs2864419,intron_variant,False
DOT1L,rs12981780,intron_variant,False
DOT1L,rs12980348,intron_variant,False
DOT1L,rs12982744,intron_variant,False
DOT1L,rs740406,3_prime_UTR_variant,False
DOT1L,rs45521740,intron_variant,False
DOT1L,rs4807201,intron_variant,False
DOT1L,rs75483641,intron_variant,False
DOT1L,rs12986413,intron_variant,False
DOT1L,rs2240130,intron_variant,False
DOT1L,rs733846,intron_variant,False
DOT1L,rs4806832,intron_variant,False
DOT1L,rs12971884,intergenic_variant,False
DOT1L,rs147872814,intron_variant,False
DOT1L,rs4807203,intron_variant,False
DOT1L,rs2286329,synonymous_variant,True
DOT1L,rs576345045,intron_variant,False
DOT1L,rs146657690,intergenic_variant,False
DOT1L,rs4806831,intron_variant,False
DOT1L,rs12974139,intron_variant,False
DOT1L,rs45486197,intron_variant,False
DOT1L,rs8112948,intron_variant,False
DOT1L,rs72983502,intergenic_variant,False
DOT1L,rs62128411,intergenic_variant,False
DOT1L,rs12983546,intron_variant,False
DOT1L,rs11668205,splice_region_variant,True
DOT1L,rs188076989,intron_variant,False
DOT1L,rs4807211,intron_variant,False
DOT1L,rs6510645,intergenic_variant,False
DOT1L,rs10417628,missense_variant,True
DOT1L,rs35917214,intron_variant,False
DOT1L,rs12981166,intron_variant,False
DOT1L,rs2240655,intron_variant,False
DOT1L,rs3803915,intergenic_variant,False
DOT1L,rs12459350,intron_variant,False
DOT1L,rs1017084,intron_variant,False
DOT1L,rs148574708,intron_variant,False
DOT1L,rs117849041,intron_variant,False
DOT1L,rs35792872,intron_variant,False
DOT1L,rs3815146,intron_variant,False
DOT1L,rs35751290,intron_variant,False
DOT1L,rs2302061,missense_variant,True
DOT1L,rs200181073,intergenic_variant,False
DOT1L,rs71176524,intron_variant,False
DOT1L,rs55678414,intron_variant,False
DOT1L,rs138274777,intron_variant,False
DOT1L,rs8102624,regulatory_region_variant,False
DOT1L,rs12983357,intron_variant,False
DOT1L,rs57908212,intergenic_variant,False
DOT1L,rs2158263,intron_variant,False
EFEMP1,rs12615158,intergenic_variant,False
EFEMP1,rs114475779,intergenic_variant,False
EFEMP1,rs80172616,intron_variant,False
EFEMP1,rs182751789,intron_variant,False
EFEMP1,rs10199082,intergenic_variant,False
EFEMP1,rs782628,intron_variant,False
EFEMP1,rs1430191,intergenic_variant,False
EFEMP1,rs12713310,intron_variant,False
EFEMP1,rs11125611,intron_variant,False
EFEMP1,rs4671264,intron_variant,False
EFEMP1,rs60595875,intron_variant,False
EFEMP1,rs1985160,intergenic_variant,False
EFEMP1,rs1985162,intergenic_variant,False
EFEMP1,rs6732479,intron_variant,False
EFEMP1,rs7422809,intron_variant,False
EFEMP1,rs11685113,intron_variant,False
EFEMP1,rs10172181,intron_variant,False
EFEMP1,rs201196726,intergenic_variant,False
EFEMP1,rs17047234,intergenic_variant,False
EFEMP1,rs11125595,intergenic_variant,False
EFEMP1,rs190486114,intron_variant,False
EFEMP1,rs6724872,intron_variant,False
EFEMP1,rs13410155,intron_variant,False
EFEMP1,rs12464347,intergenic_variant,False
EFEMP1,rs6739788,3_prime_UTR_variant,False
EFEMP1,rs62164511,intron_variant,False
EFEMP1,rs13019797,intron_variant,False
EFEMP1,rs58680090,intergenic_variant,False
EFEMP1,rs4635565,intron_variant,False
EFEMP1,rs4589800,intron_variant,False
EFEMP1,rs1985163,intergenic_variant,False
EFEMP1,rs1430197,intron_variant,False
EFEMP1,rs10185077,intron_variant,False
EFEMP1,rs6733881,intron_variant,False
EFEMP1,rs56950185,intron_variant,False
EFEMP1,rs62167669,intergenic_variant,False
EFEMP1,rs7574127,intergenic_variant,False
EFEMP1,rs11694304,intron_variant,False
EFEMP1,rs6704991,intron_variant,False
EFEMP1,rs62164500,intron_variant,False
EFEMP1,rs12478566,intergenic_variant,False
EFEMP1,rs146295037,intergenic_variant,False
EFEMP1,rs55805406,intron_variant,False
EFEMP1,rs4453721,intron_variant,False
EFEMP1,rs7564878,intron_variant,False
EFEMP1,rs57062472,intron_variant,False
EFEMP1,rs4672081,intron_variant,False
EFEMP1,rs4672082,intron_variant,False
EFEMP1,rs7572523,intergenic_variant,False
EFEMP1,rs4258837,intron_variant,False
EFEMP1,rs13384182,intergenic_variant,False
EFEMP1,rs1432564,intron_variant,False
EFEMP1,rs724539,intron_variant,False
EFEMP1,rs724540,intron_variant,False
EFEMP1,rs376096585,intron_variant,False
EFEMP1,rs79488259,intergenic_variant,False
EFEMP1,rs3217369,intron_variant,False
EFEMP1,rs2278366,intron_variant,False
EFEMP1,rs181661155,regulatory_region_variant,False
EFEMP1,rs200858217,intergenic_variant,False
EFEMP1,rs74938797,intron_variant,False
EFEMP1,rs6749890,intron_variant,False
EFEMP1,rs144219811,intron_variant,False
EFEMP1,rs2868985,intron_variant,False
EFEMP1,rs6724998,intron_variant,False
EFEMP1,rs4991004,intergenic_variant,False
EFEMP1,rs6545524,intergenic_variant,False
EFEMP1,rs4672075,intergenic_variant,False
EFEMP1,rs9309272,intron_variant,False
EFEMP1,rs7601814,intron_variant,False
EFEMP1,rs11446793,intron_variant,False
EFEMP1,rs11893573,regulatory_region_variant,False
EFEMP1,rs11680015,regulatory_region_variant,False
EFEMP1,rs35387878,intron_variant,False
EFEMP1,rs1986260,intergenic_variant,False
EFEMP1,rs1430193,intron_variant,False
EFEMP1,rs1430194,intron_variant,False
EFEMP1,rs779074208,intron_variant,False
EFEMP1,rs6732798,intron_variant,False
EFEMP1,rs11303332,intron_variant,False
EFEMP1,rs753446737,intron_variant,False
EFEMP1,rs11125609,intron_variant,False
EFEMP1,rs62164463,intergenic_variant,False
EFEMP1,rs10189475,intergenic_variant,False
EFEMP1,rs200314968,intergenic_variant,False
EFEMP1,rs2163714,intron_variant,False
EFEMP1,rs2868984,intron_variant,False
EFEMP1,rs182311061,intergenic_variant,False
EFEMP1,rs9678941,intergenic_variant,False
EFEMP1,rs6752225,intergenic_variant,False
EFEMP1,rs6710105,intergenic_variant,False
EFEMP1,rs12617071,intergenic_variant,False
EFEMP1,rs3748959,splice_polypyrimidine_tract_variant,False
EFEMP1,rs10167227,intron_variant,False
EFEMP1,rs201407787,regulatory_region_variant,False
EFEMP1,rs11691401,intergenic_variant,False
EFEMP1,rs60822466,intergenic_variant,False
EFEMP1,rs732132,intergenic_variant,False
EFEMP1,rs12613785,intron_variant,False
EFEMP1,rs57599458,intergenic_variant,False
EFEMP1,rs74760234,intergenic_variant,False
EFEMP1,rs3791663,intron_variant,False
EFEMP1,rs7596872,intron_variant,False
EFEMP1,rs1583267,intron_variant,False
EFEMP1,rs6545519,intergenic_variant,False
EFEMP1,rs62167711,intergenic_variant,False
EFEMP1,rs6545520,intergenic_variant,False
EFEMP1,rs6734652,intergenic_variant,False
EFEMP1,rs7587568,intergenic_variant,False
EFEMP1,rs151176509,intergenic_variant,False
EFEMP1,rs1346790,intergenic_variant,False
EFEMP1,rs6721284,intron_variant,False
EFEMP1,rs6545531,intron_variant,False
EFEMP1,rs202153703,intron_variant,False
EFEMP1,rs2277887,intron_variant,False
EFEMP1,rs2277886,intron_variant,False
EFEMP1,rs2903839,intergenic_variant,False
EFEMP1,rs6718634,intergenic_variant,False
EFEMP1,rs12995908,intergenic_variant,False
EFEMP1,rs41393947,intergenic_variant,False
EFEMP1,rs56666949,intergenic_variant,False
EFEMP1,rs7564964,intron_variant,False
EFEMP1,rs78444492,intron_variant,False
EFEMP1,rs111827719,intergenic_variant,False
EFEMP1,rs6545521,intergenic_variant,False
EFEMP1,rs59556444,intergenic_variant,False
EFEMP1,rs5831384,intergenic_variant,False
EFEMP1,rs6747490,intron_variant,False
EFEMP1,rs6761893,intron_variant,False
EFEMP1,rs576962480,intergenic_variant,False
EFEMP1,rs3791659,intron_variant,False
EFEMP1,rs144603191,intergenic_variant,False
EFEMP1,rs11400437,intergenic_variant,False
EFEMP1,rs4146922,intergenic_variant,False
EFEMP1,rs11691472,intron_variant,False
EFEMP1,rs7563487,intergenic_variant,False
EFEMP1,rs7560657,intergenic_variant,False
EFEMP1,rs6724369,intergenic_variant,False
EFEMP1,rs80028351,intergenic_variant,False
EFEMP1,rs12472090,intergenic_variant,False
EFEMP1,rs4146921,intergenic_variant,False
EFEMP1,rs6721145,intron_variant,False
EFEMP1,rs2163237,intergenic_variant,False
EFEMP1,rs76693423,splice_polypyrimidine_tract_variant,False
EFEMP1,rs13399945,intron_variant,False
EFEMP1,rs10204169,intron_variant,False
EFEMP1,rs6753814,intergenic_variant,False
EFEMP1,rs6714513,intergenic_variant,False
EFEMP1,rs1946545,intergenic_variant,False
EFEMP1,rs782610,intergenic_variant,False
EFEMP1,rs3762515,5_prime_UTR_variant,False
EFEMP1,rs1346782,regulatory_region_variant,False
EFEMP1,rs7574112,intergenic_variant,False
EFEMP1,rs150689998,intergenic_variant,False
EFEMP1,rs7583669,intergenic_variant,False
EFEMP1,rs6749785,intergenic_variant,False
EFEMP1,rs2115876,intergenic_variant,False
EFEMP1,rs11125601,intergenic_variant,False
EFEMP1,rs35647846,intergenic_variant,False
EFEMP1,rs2115878,intergenic_variant,False
EFEMP1,rs60393062,intergenic_variant,False
EFEMP1,rs4417756,intergenic_variant,False
EFEMP1,rs6739641,intergenic_variant,False
EFEMP1,rs981037,intron_variant,False
EFEMP1,rs62165259,intergenic_variant,False
EFEMP1,rs6545516,intergenic_variant,False
EFEMP1,rs55714636,intergenic_variant,False
EFEMP1,rs62167666,intergenic_variant,False
EFEMP1,rs11125602,intergenic_variant,False
EFEMP1,rs10168540,intergenic_variant,False
EFEMP1,rs146607714,intergenic_variant,False
EFEMP1,rs9710868,intergenic_variant,False
EFEMP1,rs62167662,intergenic_variant,False
EFEMP1,rs62167665,intergenic_variant,False
EFEMP1,rs10189592,intergenic_variant,False
EFEMP1,rs10174335,intergenic_variant,False
EFEMP1,rs6545517,intergenic_variant,False
EFEMP1,rs10207635,intergenic_variant,False
EFEMP1,rs146446706,missense_variant,True
EFEMP1,rs79121675,intergenic_variant,False
EFEMP1,rs4672074,intergenic_variant,False
EFEMP1,rs6708796,intergenic_variant,False
EFEMP1,rs76032374,intergenic_variant,False
EFEMP1,rs4347871,intergenic_variant,False
EFEMP1,rs201699038,intergenic_variant,False
EFEMP1,rs11125606,intergenic_variant,False
EFEMP1,rs11899380,intergenic_variant,False
EFEMP1,rs17369648,intergenic_variant,False
EFEMP1,rs10189171,intergenic_variant,False
EFEMP1,rs6545518,intergenic_variant,False
EFEMP1,rs1344732,intergenic_variant,False
EFEMP1,rs6712017,intergenic_variant,False
EFEMP1,rs6755214,intergenic_variant,False
EFEMP1,rs4233964,intron_variant,False
EFEMP1,rs3791676,intron_variant,False
EFEMP1,rs142503022,intron_variant,False
EFEMP1,rs114869558,intergenic_variant,False
EFEMP1,rs4671265,intron_variant,False
EFEMP1,rs6753219,intron_variant,False
EFEMP1,rs114896285,intron_variant,False
EFEMP1,rs1432559,intron_variant,False
EFEMP1,rs116374295,intron_variant,False
EFEMP1,rs7558150,intron_variant,False
EFEMP1,rs561438691,intergenic_variant,False
EFEMP1,rs6710717,intergenic_variant,False
EFEMP1,rs62167694,intergenic_variant,False
EFEMP1,rs6754472,intergenic_variant,False
EFEMP1,rs7602099,intergenic_variant,False
EFEMP1,rs6733889,intron_variant,False
EFEMP1,rs11684367,intergenic_variant,False
EFEMP1,rs6751403,intergenic_variant,False
EFEMP1,rs6545523,intergenic_variant,False
EFEMP1,rs11125604,intergenic_variant,False
EFEMP1,rs11687514,intergenic_variant,False
EFEMP1,rs11687487,intergenic_variant,False
EFEMP1,rs4671260,intergenic_variant,False
EFEMP1,rs6545522,intergenic_variant,False
EFEMP1,rs11694967,intergenic_variant,False
EFEMP1,rs13424210,intergenic_variant,False
EFEMP1,rs17369379,intergenic_variant,False
EFEMP1,rs60502593,intergenic_variant,False
EFEMP1,rs12052960,intergenic_variant,False
EFEMP1,rs9752731,intergenic_variant,False
EFEMP1,rs1084524,intergenic_variant,False
EFEMP1,rs62164513,intron_variant,False
EFEMP1,rs10206823,intron_variant,False
EFEMP1,rs17047290,intron_variant,False
EFEMP1,rs186819721,intron_variant,False
EFEMP1,rs1346791,intron_variant,False
EFEMP1,rs3791666,intron_variant,False
EFEMP1,rs4560150,intergenic_variant,False
EFEMP1,rs7560839,intergenic_variant,False
EFEMP1,rs6740243,intergenic_variant,False
EFEMP1,rs58452190,intron_variant,False
EFEMP1,rs17047355,intron_variant,False
EFEMP1,rs17279016,intron_variant,False
EFEMP1,rs782611,intergenic_variant,False
EFEMP1,rs140041617,intron_variant,False
EFEMP1,rs12611917,intron_variant,False
EFEMP1,rs7577612,intron_variant,False
EFEMP1,rs4380284,intron_variant,False
EFEMP1,rs13404167,intergenic_variant,False
EFEMP1,rs62167673,intergenic_variant,False
EFEMP1,rs183375372,intergenic_variant,False
EFEMP1,rs6755586,intergenic_variant,False
EFEMP1,rs181317374,intergenic_variant,False
EFEMP1,rs79461963,intergenic_variant,False
EFEMP1,rs11900078,intron_variant,False
EFEMP1,rs1802575,3_prime_UTR_variant,False
EFEMP1,rs9753383,intergenic_variant,False
EFEMP1,rs12053302,intergenic_variant,False
EFEMP1,rs11694213,intergenic_variant,False
EFEMP1,rs200245099,intergenic_variant,False
EFEMP1,rs75098493,regulatory_region_variant,False
EFEMP1,rs6729407,intergenic_variant,False
EFEMP1,rs10469935,intergenic_variant,False
EFEMP1,rs6730839,intergenic_variant,False
EFEMP1,rs6743072,intergenic_variant,False
EFEMP1,rs782645,intergenic_variant,False
EFEMP1,rs77310760,intron_variant,False
EFEMP1,rs62167688,intergenic_variant,False
EFEMP1,rs62167689,intergenic_variant,False
EFEMP1,rs34552760,intron_variant,False
EFEMP1,rs10496051,intergenic_variant,False
EFEMP1,rs6757057,intergenic_variant,False
EFEMP1,rs1430203,intergenic_variant,False
EFEMP1,rs7591694,intergenic_variant,False
EFEMP1,rs727878,intron_variant,False
EFEMP1,rs1367225,intergenic_variant,False
EFEMP1,rs115444064,intergenic_variant,False
EFEMP1,rs11125603,intergenic_variant,False
EFEMP1,rs10182295,intergenic_variant,False
EFEMP1,rs7569254,intergenic_variant,False
EFEMP1,rs10865291,intron_variant,False
EFEMP1,rs12464737,intergenic_variant,False
EFEMP1,rs1430189,intergenic_variant,False
EFEMP1,rs1430190,intergenic_variant,False
EFEMP1,rs76059728,intron_variant,False
EFEMP1,rs58027672,intergenic_variant,False
EFEMP1,rs2627761,intergenic_variant,False
EFEMP1,rs183533030,intergenic_variant,False
EFEMP1,rs755978395,intron_variant,False
EFEMP1,rs7426380,intron_variant,False
EFEMP1,rs6735266,intergenic_variant,False
EFEMP1,rs59921883,intergenic_variant,False
EFEMP1,rs6545515,intergenic_variant,False
EFEMP1,rs75336691,intergenic_variant,False
EFEMP1,rs13431149,intron_variant,False
EFEMP1,rs13429677,intergenic_variant,False
EFEMP1,rs6754619,intergenic_variant,False
EFEMP1,rs1432560,intron_variant,False
EFEMP1,rs1864457,intergenic_variant,False
EFEMP1,rs41291173,non_coding_transcript_exon_variant,False
EFEMP1,rs11125608,intron_variant,False
EFEMP1,rs1960050,intergenic_variant,False
EFEMP1,rs1346794,intergenic_variant,False
EFEMP1,rs11887339,regulatory_region_variant,False
EFEMP1,rs114866397,intron_variant,False
EFEMP1,rs7561395,intron_variant,False
EFEMP1,rs62164518,intron_variant,False
EFEMP1,rs6735393,intron_variant,False
EFEMP1,rs73942925,intergenic_variant,False
EFEMP1,rs17047262,intergenic_variant,False
EFEMP1,rs72920755,intergenic_variant,False
EFEMP1,rs56956520,intergenic_variant,False
EFEMP1,rs62167670,regulatory_region_variant,False
EFEMP1,rs10496054,regulatory_region_variant,False
EFEMP1,rs72811742,intron_variant,False
EFEMP1,rs1367228,intron_variant,False
EFEMP1,rs3791675,intron_variant,False
EFEMP1,rs78857879,intron_variant,False
EFEMP1,rs11686318,intron_variant,False
EFEMP1,rs59985551,intron_variant,False
EFEMP1,rs112485479,intergenic_variant,False
EFEMP1,rs10180834,intergenic_variant,False
EFEMP1,rs1346783,intergenic_variant,False
EFEMP1,rs1432562,intron_variant,False
EFEMP1,rs138402956,intron_variant,False
EFEMP1,rs2868431,intron_variant,False
EFEMP1,rs6708689,intron_variant,False
EFEMP1,rs11690813,intron_variant,False
EFEMP1,rs1346786,intron_variant,False
EFEMP1,rs200658489,intergenic_variant,False
EFEMP1,rs7588311,intergenic_variant,False
EFEMP1,rs12617829,intron_variant,False
EFEMP1,rs3828239,intron_variant,False
EFEMP1,rs145363329,intergenic_variant,False
EFEMP1,rs56361700,intron_variant,False
EFEMP1,rs180765220,intergenic_variant,False
EFEMP1,rs113481311,intergenic_variant,False
EFEMP1,rs146896516,intergenic_variant,False
EFEMP1,rs58754091,intergenic_variant,False
EFEMP1,rs1367226,regulatory_region_variant,False
EFEMP1,rs2009262,intergenic_variant,False
EFEMP1,rs72807749,intergenic_variant,False
EFEMP1,rs7594497,missense_variant,True
EFEMP1,rs17279009,intron_variant,False
EFEMP1,rs7577894,intergenic_variant,False
EFEMP1,rs1583266,intron_variant,False
EFEMP1,rs10192259,intron_variant,False
EFEMP1,rs706550,intron_variant,False
EFEMP1,rs7591309,intergenic_variant,False
EFEMP1,rs1579494,intergenic_variant,False
EFEMP1,rs148546551,intergenic_variant,False
EFEMP1,rs77824831,intergenic_variant,False
EFEMP1,rs7584120,intron_variant,False
EFEMP1,rs4352264,intergenic_variant,False
EFEMP1,rs1897114,regulatory_region_variant,False
EFEMP1,rs9967780,intron_variant,False
EFEMP1,rs17369434,non_coding_transcript_exon_variant,False
EFEMP1,rs114116830,intergenic_variant,False
EFEMP1,rs6752931,non_coding_transcript_exon_variant,False
EFEMP1,rs7601401,intron_variant,False
EFEMP1,rs3791661,intron_variant,False
EFEMP1,rs182002616,regulatory_region_variant,False
EFEMP1,rs12623877,intergenic_variant,False
EFEMP1,rs563719308,intergenic_variant,False
EFEMP1,rs139257983,intergenic_variant,False
EFEMP1,rs12472832,intron_variant,False
EFEMP1,rs6748165,intergenic_variant,False
EFEMP1,rs17047269,regulatory_region_variant,False
EFEMP1,rs11899888,intron_variant,False
EFEMP1,rs727877,intron_variant,False
EFEMP1,rs112149687,intron_variant,False
EFEMP1,rs1897478,intron_variant,False
EFEMP1,rs79969038,intron_variant,False
EFEMP1,rs12472893,intergenic_variant,False
EFEMP1,rs76387685,intergenic_variant,False
EFEMP1,rs7563032,intergenic_variant,False
EFEMP1,rs62167713,intergenic_variant,False
EFEMP1,rs11888023,regulatory_region_variant,False
EFEMP1,rs10496052,intergenic_variant,False
EFEMP1,rs4355154,intergenic_variant,False
EFEMP1,rs1430202,intergenic_variant,False
EFEMP1,rs2052933,intergenic_variant,False
EFEMP1,rs13395798,intergenic_variant,False
EFEMP1,rs17278665,intron_variant,False
EFEMP1,rs3791679,intron_variant,False
EFEMP1,rs7590753,intergenic_variant,False
EFEMP1,rs115231556,intergenic_variant,False
EFEMP1,rs4672080,intron_variant,False
EFEMP1,rs1432561,intron_variant,False
EFEMP1,rs1897112,intron_variant,False
EFEMP1,rs143247366,intergenic_variant,False
EFEMP1,rs144463004,intergenic_variant,False
EFEMP1,rs7561417,intron_variant,False
EFEMP1,rs62167661,intergenic_variant,False
EFEMP1,rs10209818,intergenic_variant,False
EFEMP1,rs3972318,intron_variant,False
EFEMP1,rs79557187,intergenic_variant,False
EFEMP1,rs1465684,intron_variant,False
EFEMP1,rs1465685,intron_variant,False
EFEMP1,rs75439645,intergenic_variant,False
EFEMP1,rs1346789,intergenic_variant,False
EFEMP1,rs78513618,regulatory_region_variant,False
EFEMP1,rs3791656,intron_variant,False
EFEMP1,rs1432563,intron_variant,False
EFEMP1,rs10187329,intergenic_variant,False
EFEMP1,rs3791664,intron_variant,False
EFEMP1,rs11125594,intergenic_variant,False
FBN1,rs1848050,intron_variant,False
FBN1,rs4775762,intron_variant,False
FBN1,rs11637235,intron_variant,False
FBN1,rs117540572,intergenic_variant,False
FBN1,rs16961046,intron_variant,False
FBN1,rs773574844,non_coding_transcript_exon_variant,False
FBN1,rs8030753,intron_variant,False
FBN1,rs686861,intron_variant,False
FBN1,rs2015637,intron_variant,False
FBN1,rs76610457,intron_variant,False
FBN1,rs78520578,intron_variant,False
FBN1,rs25458,missense_variant,True
FBN1,rs34539187,intron_variant,False
FBN1,rs2279237,intron_variant,False
FBN1,rs17352842,intergenic_variant,False
FBN1,rs1818275,intron_variant,False
FBN1,rs595244,intron_variant,False
FBN1,rs12915677,intron_variant,False
FBN1,rs689304,intron_variant,False
FBN1,rs4775767,intron_variant,False
FBN1,rs78141811,intron_variant,False
FBN1,rs10744953,intron_variant,False
FBN1,rs17430375,intergenic_variant,False
FBN1,rs919129,intergenic_variant,False
FBN1,rs11636311,intergenic_variant,False
FBN1,rs76539098,regulatory_region_variant,False
FBN1,rs6493333,intron_variant,False
FBN1,rs1561207,intron_variant,False
FBN1,rs6493325,intron_variant,False
FBN1,rs7171330,regulatory_region_variant,False
FBN1,rs11857977,intergenic_variant,False
FBN1,rs2017765,intron_variant,False
FBN1,rs1036476,intron_variant,False
FBN1,rs2247876,intron_variant,False
FBN1,rs2725544,intergenic_variant,False
FBN1,rs4410024,non_coding_transcript_exon_variant,False
FBN1,rs363847,synonymous_variant,True
FBN1,rs920184,intron_variant,False
FBN1,rs17462641,intron_variant,False
FBN1,rs16961207,intron_variant,False
FBN1,rs77378519,intron_variant,False
FBN1,rs57790277,intron_variant,False
FBN1,rs784409,intergenic_variant,False
FBN1,rs8023401,intron_variant,False
FBN1,rs16960981,intron_variant,False
FBN1,rs199633759,intron_variant,False
FBN1,rs2303505,intron_variant,False
FBN1,rs2028110,intron_variant,False
FBN1,rs655015,intron_variant,False
FBN1,rs1820489,regulatory_region_variant,False
FBN1,rs16960886,intergenic_variant,False
FBN1,rs625034,intron_variant,False
FBN1,rs683282,intron_variant,False
FBN1,rs184550156,intergenic_variant,False
FBN1,rs17456936,intron_variant,False
FBN1,rs4775769,intron_variant,False
FBN1,rs1018148,intron_variant,False
FBN1,rs543408591,intron_variant,False
FBN1,rs2042746,intron_variant,False
FBN1,rs7175415,intergenic_variant,False
FBN1,rs200342067,missense_variant,True
FBN1,rs2118181,intron_variant,False
FBN1,rs2455925,intron_variant,False
FBN1,rs1678983,intron_variant,False
FBN1,rs1876206,intron_variant,False
FBN1,rs363820,intron_variant,False
FBN1,rs2437947,intron_variant,False
FBN1,rs2456475,intron_variant,False
FBN1,rs545317462,intron_variant,False
FBN1,rs138295184,intron_variant,False
FBN1,rs1678981,intron_variant,False
FBN1,rs7165060,intron_variant,False
FBN1,rs1036477,intron_variant,False
FBN1,rs17748607,intron_variant,False
FBN1,rs7170686,non_coding_transcript_exon_variant,False
FBN1,rs60317590,non_coding_transcript_exon_variant,False
FBN1,rs10519170,regulatory_region_variant,False
FBN1,rs8042197,intergenic_variant,False
FBN1,rs4775760,3_prime_UTR_variant,False
FBN1,rs63337565,intron_variant,False
FBN1,rs685091,intron_variant,False
FBN1,rs7174973,intron_variant,False
FBN1,rs11855195,intron_variant,False
FBN1,rs8042740,regulatory_region_variant,False
FBN1,rs4775747,intergenic_variant,False
FBN1,rs1848053,intergenic_variant,False
FBN1,rs9806595,intron_variant,False
FBN1,rs4775761,intron_variant,False
FBN1,rs12440930,intergenic_variant,False
FBN1,rs2279235,intron_variant,False
FBN1,rs363838,splice_region_variant,True
FBN1,rs16960943,intron_variant,False
FBN1,rs16961323,intergenic_variant,False
FBN1,rs8026752,non_coding_transcript_exon_variant,False
FBN1,rs79307111,intron_variant,False
FBN1,rs147444776,intron_variant,False
FBN1,rs627634,intron_variant,False
FBN1,rs2306352,intron_variant,False
FBN1,rs1871485,intron_variant,False
FBN1,rs79943855,regulatory_region_variant,False
FBN1,rs7184016,intron_variant,False
FBN1,rs12592845,regulatory_region_variant,False
FBN2,rs78728472,intron_variant,False
FBN2,rs10037758,intergenic_variant,False
FBN2,rs6876348,intergenic_variant,False
FBN2,rs147288636,intron_variant,False
FBN2,rs188023348,intron_variant,False
FBN2,rs10463845,intron_variant,False
FBN2,rs331079,intron_variant,False
FBN2,rs4836373,intron_variant,False
FBN2,rs111766756,intron_variant,False
FBN2,rs13183342,intron_variant,False
FBN2,rs374748,intron_variant,False
FBN2,rs251216,intergenic_variant,False
FBN2,rs55902659,intergenic_variant,False
FBN2,rs2545021,intergenic_variant,False
FBN2,rs115375165,intron_variant,False
FBN2,rs186263310,intron_variant,False
FBN2,rs10057855,intron_variant,False
FBN2,rs9716519,intron_variant,False
FBN2,rs76835745,intron_variant,False
FBN2,rs148278863,intron_variant,False
FBN2,rs79727348,intron_variant,False
FBN2,rs35640715,intron_variant,False
FBN2,rs27855,intron_variant,False
FBN2,rs17608435,intron_variant,False
FBN2,rs140146961,intron_variant,False
FBN2,rs813308,intron_variant,False
FBN2,rs10072361,intron_variant,False
FBN2,rs2568928,intron_variant,False
FBN2,rs10078570,intron_variant,False
FBN2,rs6860901,intron_variant,False
FBN2,rs251215,intergenic_variant,False
FBN2,rs116302901,intron_variant,False
FBN2,rs763947133,intron_variant,False
FBN2,rs247175,intron_variant,False
FBN2,rs72797166,intergenic_variant,False
FBN2,rs10078631,intergenic_variant,False
FBN2,rs149281955,intron_variant,False
FBN2,rs331076,intron_variant,False
FBN2,rs1898550,intergenic_variant,False
FBN2,rs35020694,intron_variant,False
FBN2,rs1560637,intron_variant,False
FBN2,rs6893004,intergenic_variant,False
FBN2,rs4835948,intron_variant,False
FBN2,rs145856339,intron_variant,False
FBN2,rs17677603,intron_variant,False
FBN2,rs6595814,intron_variant,False
FBN2,rs564789596,intron_variant,False
FBN2,rs145085279,intron_variant,False
FBN2,rs3101725,3_prime_UTR_variant,False
FBN2,rs3935200,intron_variant,False
FBN2,rs150945047,intergenic_variant,False
FBN2,rs469722,intron_variant,False
FBN2,rs6898449,intron_variant,False
FBN2,rs10520015,intergenic_variant,False
FBN2,rs141773782,intron_variant,False
FBN2,rs77884860,intergenic_variant,False
FBN2,rs147450666,intron_variant,False
FBN2,rs78099523,intron_variant,False
FBN2,rs17676242,intergenic_variant,False
FBN2,rs17677555,intron_variant,False
FBN2,rs10075560,intergenic_variant,False
FBN2,rs2572968,intron_variant,False
FBN2,rs1897999,intron_variant,False
FBN2,rs3805647,intron_variant,False
FBN2,rs7734927,intron_variant,False
FBN2,rs2577531,intergenic_variant,False
FBN2,rs13184921,intron_variant,False
FBN2,rs80299601,intron_variant,False
FBN2,rs32216,intron_variant,False
FBN2,rs116388856,intron_variant,False
FBN2,rs1422450,intron_variant,False
FBN2,rs17677724,intron_variant,False
FBN2,rs7726795,intron_variant,False
FBN2,rs551567250,intergenic_variant,False
FBN2,rs62390705,intron_variant,False
FBN2,rs1993878,intron_variant,False
FBN2,rs2012809,intergenic_variant,False
FBN2,rs4385259,intron_variant,False
FBN2,rs141342719,intergenic_variant,False
FBN2,rs36699,intergenic_variant,False
FBN2,rs17164127,intron_variant,False
FBN2,rs4546434,intron_variant,False
FBN2,rs36715,intergenic_variant,False
FBN2,rs144427719,intergenic_variant,False
FBN2,rs79968656,intergenic_variant,False
FBN2,rs34942382,intergenic_variant,False
FBN2,rs748142903,intron_variant,False
FBN2,rs6595827,intron_variant,False
FBN2,rs10057405,intron_variant,False
FBN2,rs4836365,intron_variant,False
FBN2,rs1561006,intron_variant,False
FBN2,rs7705439,intron_variant,False
FBN2,rs6864885,intron_variant,False
FBN2,rs58827916,intron_variant,False
FBN2,rs6595839,intron_variant,False
FBN2,rs17676694,intron_variant,False
FBN2,rs154001,missense_variant,True
FBN2,rs17608902,intron_variant,False
FBN2,rs10071030,intron_variant,False
FBN2,rs12520096,intergenic_variant,False
FBN2,rs59430737,intergenic_variant,False
FBN2,rs72785129,intron_variant,False
FBN2,rs72785174,intron_variant,False
FBN2,rs115716628,intergenic_variant,False
FBN2,rs13185878,intron_variant,False
FBN2,rs79268243,intron_variant,False
FBN2,rs374824710,intron_variant,False
FBN2,rs4836377,intron_variant,False
FBN2,rs10045483,intron_variant,False
FBN2,rs34836614,intron_variant,False
FBN2,rs13183212,intron_variant,False
FBN2,rs80097588,intron_variant,False
FBN2,rs6892983,intron_variant,False
FBN2,rs6595838,intron_variant,False
FBN2,rs1363470,intron_variant,False
FBN2,rs185689480,intron_variant,False
FBN2,rs790152,intron_variant,False
FBN2,rs55670004,intron_variant,False
FBN2,rs78727187,missense_variant,True
FBN2,rs6595835,intron_variant,False
FBN2,rs79036560,intron_variant,False
FBN2,rs79537714,intergenic_variant,False
FBN2,rs790154,intron_variant,False
FBN2,rs138207695,regulatory_region_variant,False
FBN2,rs2042327,intron_variant,False
FBN2,rs72783096,intergenic_variant,False
FBN2,rs32235,intron_variant,False
FBN2,rs79980598,intron_variant,False
FBN2,rs13175996,intron_variant,False
FBN2,rs34389055,intron_variant,False
FBN2,rs704234,intergenic_variant,False
FBN2,rs77718211,regulatory_region_variant,False
FBN2,rs251391,intergenic_variant,False
FBN2,rs75170825,intron_variant,False
FBN2,rs13183380,intron_variant,False
FBN2,rs146458042,intron_variant,False
FBN2,rs1820151,intergenic_variant,False
FBN2,rs56073115,intron_variant,False
FBN2,rs255694,intron_variant,False
FBN2,rs11439479,intron_variant,False
FBN2,rs11241968,intron_variant,False
FBN2,rs1491310570,intron_variant,False
FBN2,rs42916,intergenic_variant,False
FBN2,rs80222069,intron_variant,False
FBN2,rs78915201,intron_variant,False
FBN2,rs7735162,intergenic_variant,False
FBN2,rs892864,intron_variant,False
FBN2,rs2428672,intergenic_variant,False
FBN2,rs2546147,regulatory_region_variant,False
FBN2,rs36697,intergenic_variant,False
FBN2,rs6883598,intron_variant,False
FBN2,rs27713,splice_polypyrimidine_tract_variant,False
FBN2,rs72795288,intergenic_variant,False
FBN2,rs11743404,intron_variant,False
FBN2,rs247172,intron_variant,False
FBN2,rs2617617,intron_variant,False
FBN2,rs36708,intergenic_variant,False
FBN2,rs251217,intron_variant,False
FBN2,rs35079125,5_prime_UTR_variant,False
FBN2,rs74739865,intron_variant,False
FBN2,rs1529866,intron_variant,False
FBN2,rs74989671,intron_variant,False
FBN2,rs6595836,intron_variant,False
FBN2,rs182768672,intron_variant,False
FBN2,rs1345608,intergenic_variant,False
FBN2,rs4836390,intron_variant,False
FBN2,rs79505867,intron_variant,False
FBN2,rs772974873,intron_variant,False
FBN2,rs36704,intergenic_variant,False
FBN2,rs200860454,intergenic_variant,False
FBN2,rs58093837,intron_variant,False
FBN2,rs154002,intron_variant,False
FBN2,rs7446359,intron_variant,False
FBN2,rs141113556,intron_variant,False
FBN2,rs36695,regulatory_region_variant,False
FBN2,rs7713256,intron_variant,False
FBN2,rs72797161,intergenic_variant,False
FBN2,rs13182341,intergenic_variant,False
FBN2,rs17615906,intron_variant,False
FBN2,rs1422457,intergenic_variant,False
FBN2,rs146300195,intron_variant,False
FBN2,rs255691,intron_variant,False
FBN2,rs4537097,intron_variant,False
FBN2,rs790156,intron_variant,False
FBN2,rs4345355,intron_variant,False
FBN2,rs6897794,intron_variant,False
FBN2,rs10089,3_prime_UTR_variant,False
FBN2,rs26023,intron_variant,False
FBN2,rs9327498,intergenic_variant,False
FBN2,rs251393,intergenic_variant,False
FBN2,rs73350117,intron_variant,False
FBN2,rs17790915,intergenic_variant,False
FBN2,rs77486821,intron_variant,False
FBN2,rs10066170,intron_variant,False
FBN2,rs62390669,intron_variant,False
FBN2,rs183483241,intron_variant,False
FBN2,rs188474514,intron_variant,False
FBN2,rs1435514,intron_variant,False
FBN2,rs17607500,intron_variant,False
FBN2,rs6865322,intron_variant,False
FBN2,rs3805616,intron_variant,False
FBN2,rs456479,intergenic_variant,False
FBN2,rs36713,intergenic_variant,False
FBN2,rs28763946,synonymous_variant,True
FBN2,rs10520003,intron_variant,False
FBN2,rs56131649,intron_variant,False
FBN2,rs56190738,intron_variant,False
FBN2,rs13175312,intron_variant,False
FBN2,rs36716,regulatory_region_variant,False
FBN2,rs6893116,intron_variant,False
FGFR3,rs2403274,regulatory_region_variant,False
FGFR3,rs4533828,intergenic_variant,False
FGFR3,rs2854915,intron_variant,False
FGFR3,rs746779,intron_variant,False
FGFR3,rs4572936,intergenic_variant,False
FGFR3,rs744658,intergenic_variant,False
FGFR3,rs10019772,intron_variant,False
FGFR3,rs2247341,synonymous_variant,True
FGFR3,rs798763,intron_variant,False
FGFR3,rs113751536,intron_variant,False
FGFR3,rs2236996,intron_variant,False
FGFR3,rs736436,intron_variant,False
FGFR3,rs1530586,intergenic_variant,False
FGFR3,rs28643543,intergenic_variant,False
FGFR3,rs11732213,intron_variant,False
FGFR3,rs3134866,5_prime_UTR_variant,False
FGFR3,rs2854918,regulatory_region_variant,False
FGFR3,rs7654245,intron_variant,False
FGFR3,rs34049648,intron_variant,False
FGFR3,rs147111439,regulatory_region_variant,False
FGFR3,rs2854920,intergenic_variant,False
FGFR3,rs78364480,intron_variant,False
FGFR3,rs7680647,intergenic_variant,False
FGFR3,rs764209012,intergenic_variant,False
FGFR3,rs9999954,intron_variant,False
FGFR3,rs798750,regulatory_region_variant,False
FGFR3,rs73079609,regulatory_region_variant,False
FGFR3,rs7665127,regulatory_region_variant,False
FGFR3,rs6831006,intergenic_variant,False
FGFR3,rs4865465,intron_variant,False
FGFR3,rs3135840,intron_variant,False
FGFR3,rs141202008,intergenic_variant,False
FGFR3,rs2236995,intron_variant,False
FGFR3,rs11724531,regulatory_region_variant,False
FGFR3,rs2592831,intron_variant,False
FGFR3,rs11736125,intron_variant,False
FGFR3,rs2051514,intron_variant,False
FGFR3,rs2896518,intergenic_variant,False
FGFR3,rs35048168,intergenic_variant,False
FGFR3,rs3135842,intron_variant,False
FGFR3,rs798748,regulatory_region_variant,False
FGFR3,rs4865473,intergenic_variant,False
FGFR3,rs798759,synonymous_variant,True
FGFR3,rs4865481,intron_variant,False
FGFR3,rs114244559,intron_variant,False
FGFR3,rs61735104,missense_variant,True
FGFR3,rs1867926,intergenic_variant,False
FGFR3,rs2402494,intron_variant,False
FGFR3,rs1867930,intergenic_variant,False
FGFR3,rs3135890,intron_variant,False
FGFR3,rs56195329,regulatory_region_variant,False
FGFR3,rs2301294,intron_variant,False
FGFR3,rs13142863,regulatory_region_variant,False
FGFR3,rs57840661,intergenic_variant,False
FGFR3,rs10011821,intron_variant,False
FGFR3,rs145996246,missense_variant,True
FGFR3,rs3135846,intron_variant,False
FGFR3,rs3135877,intron_variant,False
FGFR3,rs745543985,intron_variant,False
FGFR3,rs4597899,regulatory_region_variant,False
FGFR3,rs35313041,intron_variant,False
FGFR3,rs12511923,intron_variant,False
FGFR3,rs3135848,intron_variant,False
FGFR3,rs1794002,intron_variant,False
FGFR3,rs3135835,intron_variant,False
FGFR3,rs150992198,intron_variant,False
FGFR3,rs561462825,intron_variant,False
FGFR3,rs3135878,intron_variant,False
FGFR3,rs10032922,intergenic_variant,False
FGFR3,rs56337234,regulatory_region_variant,False
FGFR3,rs113776074,regulatory_region_variant,False
FGFR3,rs28420470,intron_variant,False
FGFR3,rs28499138,intron_variant,False
FGFR3,rs12509303,regulatory_region_variant,False
FGFR3,rs4507432,regulatory_region_variant,False
FGFR3,rs11731421,regulatory_region_variant,False
FGFR3,rs13135667,intergenic_variant,False
FGFR3,rs113742985,intergenic_variant,False
FGFR3,rs34770519,intron_variant,False
FGFR3,rs28528964,regulatory_region_variant,False
FGFR3,rs142639234,intron_variant,False
FGFR3,rs114728242,intron_variant,False
FGFR3,rs798766,intron_variant,False
FGFR3,rs59163323,intergenic_variant,False
FGFR3,rs112687095,intron_variant,False
FSTL3,rs4919881,intron_variant,False
FSTL3,rs2238557,non_coding_transcript_exon_variant,False
FSTL3,rs4919820,intron_variant,False
FSTL3,rs35146110,intron_variant,False
FSTL3,rs34802460,intron_variant,False
FSTL3,rs34668346,intergenic_variant,False
FSTL3,rs59027729,intron_variant,False
FSTL3,rs56180027,missense_variant,True
FSTL3,rs113681868,intron_variant,False
FSTL3,rs1009628,intron_variant,False
FSTL3,rs873634,regulatory_region_variant,False
FSTL3,rs150250908,intron_variant,False
FSTL3,rs77432625,intron_variant,False
FSTL3,rs11669381,splice_region_variant,True
FSTL3,rs56101188,intergenic_variant,False
FSTL3,rs11085144,intron_variant,False
FSTL3,rs62134260,intergenic_variant,False
FSTL3,rs1225850527,intron_variant,False
FSTL3,rs62131326,intron_variant,False
FSTL3,rs564375277,intron_variant,False
FSTL3,rs6510868,intron_variant,False
FSTL3,rs3787004,intron_variant,False
FSTL3,rs62134282,intron_variant,False
FSTL3,rs12610384,non_coding_transcript_exon_variant,False
FSTL3,rs2283580,intron_variant,False
FSTL3,rs8110536,synonymous_variant,True
FSTL3,rs144824657,missense_variant,True
FSTL3,rs11085148,intron_variant,False
FSTL3,rs10853990,splice_donor_region_variant,False
FSTL3,rs56357145,3_prime_UTR_variant,False
FSTL3,rs12610821,intron_variant,False
FSTL3,rs564693281,intergenic_variant,False
FSTL3,rs79783811,intron_variant,False
FSTL3,rs111492798,intron_variant,False
FSTL3,rs12986335,5_prime_UTR_variant,False
FSTL3,rs17672806,intron_variant,False
FSTL3,rs7250835,intergenic_variant,False
FSTL3,rs8105856,intron_variant,False
FSTL3,rs2057714,intergenic_variant,False
FSTL3,rs17684039,intron_variant,False
FSTL3,rs8102953,intron_variant,False
FSTL3,rs2074460,intergenic_variant,False
FSTL3,rs4919883,non_coding_transcript_exon_variant,False
FSTL3,rs62131274,intron_variant,False
FSTL3,rs114742743,3_prime_UTR_variant,False
FSTL3,rs11882870,regulatory_region_variant,False
FSTL3,rs763250940,intron_variant,False
FSTL3,rs929263,TF_binding_site_variant,False
FSTL3,rs3826953,intron_variant,False
FSTL3,rs7247549,intron_variant,False
FSTL3,rs62134281,intron_variant,False
FSTL3,rs41542013,intron_variant,False
FSTL3,rs61754469,missense_variant,True
FSTL3,rs2238558,non_coding_transcript_exon_variant,False
FSTL3,rs112418024,intron_variant,False
FSTL3,rs34737303,intron_variant,False
FSTL3,rs7252977,intergenic_variant,False
FSTL3,rs138248777,intergenic_variant,False
FSTL3,rs147321641,intron_variant,False
FSTL3,rs116863980,intron_variant,False
FSTL3,rs36053727,intron_variant,False
FSTL3,rs36098180,intron_variant,False
FSTL3,rs9304936,intron_variant,False
FSTL3,rs8104993,intron_variant,False
FSTL3,rs116962250,intron_variant,False
FSTL3,rs567903764,intron_variant,False
FSTL3,rs56279740,intron_variant,False
FSTL3,rs72982114,non_coding_transcript_exon_variant,False
FSTL3,rs55846824,intron_variant,False
FURIN,rs7182908,intron_variant,False
FURIN,rs2290203,3_prime_UTR_variant,False
FURIN,rs547122663,3_prime_UTR_variant,False
FURIN,rs28584391,intron_variant,False
FURIN,rs57515981,intron_variant,False
FURIN,rs2106673,missense_variant,True
FURIN,rs12594925,intron_variant,False
FURIN,rs8026714,intron_variant,False
FURIN,rs17593423,missense_variant,True
FURIN,rs56340611,intron_variant,False
FURIN,rs4533264,intron_variant,False
FURIN,rs4381579,non_coding_transcript_exon_variant,False
FURIN,rs6496742,intron_variant,False
FURIN,rs7171165,intron_variant,False
FURIN,rs12904445,intron_variant,False
FURIN,rs11330240,intron_variant,False
FURIN,rs12902179,intron_variant,False
FURIN,rs401549,intron_variant,False
FURIN,rs764429222,intron_variant,False
FURIN,rs145583381,3_prime_UTR_variant,False
FURIN,rs1573643,intron_variant,False
FURIN,rs11073953,intron_variant,False
FURIN,rs61684626,intergenic_variant,False
FURIN,rs8029440,non_coding_transcript_exon_variant,False
FURIN,rs74874915,intron_variant,False
FURIN,rs17593311,intron_variant,False
FURIN,rs3815003,splice_region_variant,True
FURIN,rs111693762,intron_variant,False
FURIN,rs1029420,intergenic_variant,False
FURIN,rs77554484,intergenic_variant,False
FURIN,rs540970650,intron_variant,False
FURIN,rs35006130,3_prime_UTR_variant,False
FURIN,rs4932380,missense_variant,True
FURIN,rs403194,regulatory_region_variant,False
FURIN,rs6224,intron_variant,False
FURIN,rs34029266,intron_variant,False
FURIN,rs12595025,intron_variant,False
FURIN,rs7497304,intron_variant,False
FURIN,rs6145676,intron_variant,False
FURIN,rs2521499,intergenic_variant,False
FURIN,rs28393051,intron_variant,False
FURIN,rs2071384,intron_variant,False
FURIN,rs2071382,5_prime_UTR_variant,False
FURIN,rs11857612,splice_region_variant,True
FURIN,rs1894400,intron_variant,False
FURIN,rs8028409,3_prime_UTR_variant,False
FURIN,rs1105291,intron_variant,False
FURIN,rs56079360,intron_variant,False
FURIN,rs12910825,3_prime_UTR_variant,False
FURIN,rs7166130,3_prime_UTR_variant,False
FURIN,rs6496740,intron_variant,False
FURIN,rs71407348,intergenic_variant,False
FURIN,rs2002739,intron_variant,False
FURIN,rs4932177,intron_variant,False
FURIN,rs79383275,3_prime_UTR_variant,False
FURIN,rs2521498,intergenic_variant,False
FURIN,rs4932179,intron_variant,False
FURIN,rs2677744,intron_variant,False
FURIN,rs8031341,intron_variant,False
FURIN,rs35346340,splice_donor_region_variant,False
FURIN,rs7497418,intron_variant,False
FURIN,rs112048925,intron_variant,False
FURIN,rs416014,intron_variant,False
FURIN,rs71409370,intron_variant,False
FURIN,rs8027450,intron_variant,False
FURIN,rs12909124,intron_variant,False
FURIN,rs2521500,intergenic_variant,False
FURIN,rs10520699,intron_variant,False
FURIN,rs2890156,intron_variant,False
FURIN,rs8042680,intron_variant,False
FURIN,rs17514846,intron_variant,False
FURIN,rs1894401,intron_variant,False
FURIN,rs2521501,intron_variant,False
FURIN,rs2071410,intron_variant,False
FURIN,rs113343095,intron_variant,False
FURIN,rs8037137,3_prime_UTR_variant,False
FURIN,rs12906125,5_prime_UTR_variant,False
FURIN,rs7177338,splice_region_variant,True
FURIN,rs404623,intergenic_variant,False
FURIN,rs7183988,intron_variant,False
FURIN,rs12101885,intergenic_variant,False
FURIN,rs112770790,3_prime_UTR_variant,False
FURIN,rs138682554,5_prime_UTR_variant,False
FURIN,rs4932372,intron_variant,False
FURIN,rs8036430,intron_variant,False
FURIN,rs574708834,intron_variant,False
FURIN,rs6496741,intron_variant,False
FURIN,rs11372849,intron_variant,False
FURIN,rs4932376,intron_variant,False
FURIN,rs2677737,intergenic_variant,False
FURIN,rs7173521,intron_variant,False
FURIN,rs8032315,intron_variant,False
FURIN,rs34050628,intron_variant,False
FURIN,rs79548680,3_prime_UTR_variant,False
FURIN,rs74869799,intron_variant,False
FURIN,rs117564299,non_coding_transcript_exon_variant,False
FURIN,rs8038661,intron_variant,False
FURIN,rs2290202,3_prime_UTR_variant,False
FURIN,rs6226,synonymous_variant,True
FURIN,rs10852140,intron_variant,False
FURIN,rs4932374,intron_variant,False
FURIN,rs4932370,intron_variant,False
FURIN,rs59065675,intron_variant,False
FURIN,rs8039305,intron_variant,False
FURIN,rs1573644,intron_variant,False
FURIN,rs4932371,intron_variant,False
FURIN,rs11539637,synonymous_variant,True
FURIN,rs7166599,intron_variant,False
FURIN,rs4702,3_prime_UTR_variant,False
FURIN,rs73498481,intron_variant,False
FURIN,rs4932373,intron_variant,False
FURIN,rs6227,3_prime_UTR_variant,False
GDF5,rs4911498,intergenic_variant,False
GDF5,rs6119609,intron_variant,False
GDF5,rs4911179,intron_variant,False
GDF5,rs6087705,intergenic_variant,False
GDF5,rs224331,missense_variant,True
GDF5,rs61478278,intergenic_variant,False
GDF5,rs224409,intergenic_variant,False
GDF5,rs149969047,intron_variant,False
GDF5,rs117248227,intron_variant,False
GDF5,rs60267524,intron_variant,False
GDF5,rs1204656,intron_variant,False
GDF5,rs139252705,intron_variant,False
GDF5,rs139131927,intergenic_variant,False
GDF5,rs224416,intron_variant,False
GDF5,rs142457045,intron_variant,False
GDF5,rs2425062,intron_variant,False
GDF5,rs73109573,intron_variant,False
GDF5,rs143384,5_prime_UTR_variant,False
GDF5,rs762537139,intergenic_variant,False
GDF5,rs224368,intron_variant,False
GDF5,rs6060401,intergenic_variant,False
GDF5,rs140847108,intron_variant,False
GDF5,rs11700250,non_coding_transcript_exon_variant,False
GDF5,rs1406947,intron_variant,False
GDF5,rs117968629,intron_variant,False
GDF5,rs118107529,intron_variant,False
GDF5,rs224322,intergenic_variant,False
GDF5,rs224363,intron_variant,False
GDF5,rs78185617,intergenic_variant,False
GDF5,rs78650933,intron_variant,False
GDF5,rs6060402,intergenic_variant,False
GDF5,rs148847980,intron_variant,False
GDF5,rs224329,intergenic_variant,False
GDF5,rs11167268,intergenic_variant,False
GDF5,rs41301827,intron_variant,False
GDF5,rs587655804,intergenic_variant,False
GDF5,rs61479406,intron_variant,False
GDF5,rs2236160,3_prime_UTR_variant,False
GDF5,rs57616316,non_coding_transcript_exon_variant,False
GDF5,rs531138545,intergenic_variant,False
GDF5,rs7409538,intergenic_variant,False
GDF5,rs547181612,intron_variant,False
GDF5,rs8123889,intergenic_variant,False
GDF5,rs60517948,intergenic_variant,False
GDF5,rs981819,intron_variant,False
GDF5,rs73109575,intron_variant,False
GDF5,rs2425064,intron_variant,False
GDF5,rs113240350,intergenic_variant,False
GDF5,rs112770763,intron_variant,False
GDF5,rs551270728,intergenic_variant,False
GDF5,rs2104417,regulatory_region_variant,False
GDF5,rs62210588,intron_variant,False
GDF5,rs6142381,intergenic_variant,False
GDF5,rs7261862,missense_variant,True
GDF5,rs1204660,intron_variant,False
GDF5,rs4911494,missense_variant,True
GDF5,rs587677053,intergenic_variant,False
GDF5,rs6142377,intron_variant,False
GDF5,rs62211527,intron_variant,False
GDF5,rs6141551,intergenic_variant,False
GDF5,rs10485509,intron_variant,False
GDF5,rs17421899,intron_variant,False
GDF5,rs34414056,intron_variant,False
GDF5,rs6120974,intergenic_variant,False
GDF5,rs76019983,intergenic_variant,False
GDF5,rs224415,intron_variant,False
GDF5,rs6088801,intron_variant,False
GDF5,rs190970836,intron_variant,False
GDF5,rs2236164,intron_variant,False
GDF5,rs572255040,intron_variant,False
GDF5,rs224390,3_prime_UTR_variant,False
GDF5,rs3748433,missense_variant,True
GDF5,rs577979199,intergenic_variant,False
GDF5,rs4911492,intron_variant,False
GDF5,rs41311302,intron_variant,False
GDF5,rs145428671,3_prime_UTR_variant,False
GDF5,rs147149478,intron_variant,False
GDF5,rs568259398,intron_variant,False
GDF5,rs112321518,intron_variant,False
GDF5,rs142570322,intergenic_variant,False
GDF5,rs45563939,intron_variant,False
GDF5,rs6142367,intron_variant,False
GDF5,rs56809997,intron_variant,False
GDF5,rs224321,intergenic_variant,False
GDF5,rs150122702,intergenic_variant,False
GDF5,rs2378353,intron_variant,False
GDF5,rs6087709,intergenic_variant,False
GDF5,rs143025144,intron_variant,False
GDF5,rs551320013,intron_variant,False
GDF5,rs1886693,intron_variant,False
GDF5,rs6120946,intron_variant,False
GDF5,rs6579245,intergenic_variant,False
GDF5,rs6142351,intron_variant,False
GDF5,rs73283804,intergenic_variant,False
GDF5,rs35724563,intron_variant,False
GDF5,rs17092784,intron_variant,False
GDF5,rs34298551,intron_variant,False
GDF5,rs6058247,intron_variant,False
GDF5,rs6088813,intron_variant,False
GDF5,rs150487860,intron_variant,False
GDF5,rs4911495,intron_variant,False
GDF5,rs2248393,intron_variant,False
GDF5,rs6060448,intron_variant,False
GDF5,rs725908,intron_variant,False
GDF5,rs58029146,intron_variant,False
GDF5,rs533956822,intergenic_variant,False
GDF5,rs224410,intergenic_variant,False
GDF5,rs117783353,intron_variant,False
GDF5,rs146422112,intron_variant,False
GDF5,rs6142360,intron_variant,False
GDF5,rs143383,5_prime_UTR_variant,False
GDF5,rs12481365,intron_variant,False
GDF5,rs137874109,intergenic_variant,False
GDF5,rs224333,intron_variant,False
GDF5,rs4911180,intron_variant,False
GH1,rs555267974,intergenic_variant,False
GH1,rs2584597,non_coding_transcript_exon_variant,False
GH1,rs2006122,synonymous_variant,True
GH1,rs11651912,intergenic_variant,False
GH1,rs2584628,intron_variant,False
GH1,rs76174487,intergenic_variant,False
GH1,rs554808159,intron_variant,False
GH1,rs547608433,intron_variant,False
GH1,rs5388,missense_variant,True
GH1,rs143499011,intron_variant,False
GH1,rs56849294,intron_variant,False
GH1,rs11654079,intron_variant,False
GH1,rs2727324,intergenic_variant,False
GH1,rs397797581,3_prime_UTR_variant,False
GH1,rs55978044,intron_variant,False
GH1,rs35993844,intron_variant,False
GH1,rs141975038,5_prime_UTR_variant,False
GH1,rs9282699,5_prime_UTR_variant,False
GH1,rs200255641,intron_variant,False
GH1,rs2665838,regulatory_region_variant,False
GH1,rs11568827,intron_variant,False
GH1,rs3760237,intron_variant,False
GH1,rs35501848,intron_variant,False
GH1,rs58909797,intergenic_variant,False
GH1,rs112489358,3_prime_UTR_variant,False
GH1,rs7921,3_prime_UTR_variant,False
GH1,rs117437442,intron_variant,False
GH1,rs2584625,stop_gained,True
GH1,rs11653059,intergenic_variant,False
GH1,rs2008018,intergenic_variant,False
GH1,rs2854152,intron_variant,False
GH1,rs1974435,intron_variant,False
GH1,rs147003500,intron_variant,False
GH1,rs2665828,intron_variant,False
GH1,rs2070776,stop_gained,True
GH1,rs3785568,intron_variant,False
GH1,rs11568828,intron_variant,False
GH1,rs186941288,5_prime_UTR_variant,False
GH1,rs3815358,intergenic_variant,False
GH1,rs140391998,intron_variant,False
GH1,rs11079517,intron_variant,False
GH1,rs4968680,intron_variant,False
GH1,rs75828444,intron_variant,False
GH1,rs2109079,intron_variant,False
GH1,rs568425237,intron_variant,False
GH1,rs143801662,intron_variant,False
GH1,rs2302237,intron_variant,False
GH1,rs56325317,intron_variant,False
GH1,rs2009051,intron_variant,False
GH1,rs2584616,intron_variant,False
GH1,rs2877372,intron_variant,False
GH1,rs7209608,intron_variant,False
GH1,rs2005132,intron_variant,False
GH1,rs371482171,intron_variant,False
GH1,rs13030,synonymous_variant,True
GH1,rs2727280,intron_variant,False
GH1,rs35043046,intron_variant,False
GH1,rs144724110,intron_variant,False
GH1,rs8074752,intron_variant,False
GH1,rs2262046,intron_variant,False
GH1,rs12449555,intron_variant,False
GH1,rs8077653,intron_variant,False
GH1,rs189989679,intron_variant,False
GH1,rs34357194,intron_variant,False
GH1,rs5821405,intron_variant,False
GH1,rs60005475,intron_variant,False
GH1,rs75327776,intergenic_variant,False
GH1,rs146310098,intron_variant,False
GH1,rs28479295,intron_variant,False
GH1,rs56378979,intron_variant,False
GH1,rs3020619,intron_variant,False
GH1,rs2070720,synonymous_variant,True
GH1,rs2727311,intron_variant,False
GH1,rs7406102,intron_variant,False
GH1,rs6146114,intergenic_variant,False
GH1,rs2584615,intron_variant,False
GH1,rs116960479,intron_variant,False
GH1,rs3181027,intron_variant,False
GH1,rs9911428,intron_variant,False
GH1,rs72851146,intergenic_variant,False
GH1,rs73326393,regulatory_region_variant,False
GH1,rs2005172,intron_variant,False
GH1,rs79148459,intron_variant,False
GH1,rs189963190,intergenic_variant,False
GH1,rs118048414,intergenic_variant,False
GH1,rs561397895,intron_variant,False
GH1,rs547894292,intron_variant,False
GH1,rs2854160,intron_variant,False
GH1,rs2727317,intron_variant,False
GH1,rs2854217,intron_variant,False
GH1,rs2727346,intron_variant,False
GH1,rs117029342,intron_variant,False
GH1,rs2941551,intron_variant,False
GH1,rs9904067,intron_variant,False
GH1,rs201981153,intron_variant,False
GH1,rs8073500,intergenic_variant,False
GH1,rs71377714,intron_variant,False
GH1,rs2727312,intron_variant,False
GH1,rs4968679,intron_variant,False
GH1,rs2040347,intron_variant,False
GH1,rs147214221,intergenic_variant,False
GH1,rs2058194,missense_variant,True
GH1,rs1051684,3_prime_UTR_variant,False
GH1,rs2955250,intron_variant,False
GH1,rs2854153,intron_variant,False
GH1,rs2854223,intron_variant,False
GH1,rs2003549,intron_variant,False
GH1,rs2727301,intron_variant,False
GH1,rs2466957,intron_variant,False
GH1,rs1904751435,intron_variant,False
GH1,rs28645938,intron_variant,False
GH1,rs2854207,regulatory_region_variant,False
GH1,rs2854184,intron_variant,False
GH1,rs28386778,intron_variant,False
GH1,rs28485730,intron_variant,False
GH1,rs561724136,intron_variant,False
GH1,rs2665820,intron_variant,False
GH1,rs4058053,non_coding_transcript_exon_variant,False
GH1,rs2665856,intron_variant,False
GH1,rs2320118,non_coding_transcript_exon_variant,False
GH1,rs2532111,3_prime_UTR_variant,False
GH1,rs2320125,intron_variant,False
GHR,rs62370525,intron_variant,False
GHR,rs111250216,intron_variant,False
GHR,rs11440371,intron_variant,False
GHR,rs114486789,intron_variant,False
GHR,rs116004619,intron_variant,False
GHR,rs33972388,intron_variant,False
GHR,rs144429807,intron_variant,False
GHR,rs62372052,intergenic_variant,False
GHR,rs59463904,intron_variant,False
GHR,rs2972770,intergenic_variant,False
GHR,rs114437310,intron_variant,False
GHR,rs35584433,intron_variant,False
GHR,rs73751227,intron_variant,False
GHR,rs558481218,intergenic_variant,False
GHR,rs13189275,intron_variant,False
GHR,rs905095,intron_variant,False
GHR,rs72757003,intergenic_variant,False
GHR,rs550331863,intron_variant,False
GHR,rs181835196,intron_variant,False
GHR,rs150007688,intergenic_variant,False
GHR,rs7736209,intron_variant,False
GHR,rs2972781,intron_variant,False
GHR,rs4489074,intron_variant,False
GHR,rs150036324,intergenic_variant,False
GHR,rs6184,missense_variant,True
GHR,rs13170529,intron_variant,False
GHR,rs13182117,intron_variant,False
GHR,rs6451604,intron_variant,False
GHR,rs11748684,intergenic_variant,False
GHR,rs11952835,intron_variant,False
GHR,rs11741390,intron_variant,False
GHR,rs78576390,intron_variant,False
GHR,rs1118430,intron_variant,False
GHR,rs61197005,intron_variant,False
GHR,rs72754950,intron_variant,False
GHR,rs4146624,intron_variant,False
GHR,rs7702341,intron_variant,False
GHR,rs17574650,intron_variant,False
GHR,rs13188386,intron_variant,False
GHR,rs62370608,intron_variant,False
GHR,rs35508128,intron_variant,False
GHR,rs72754961,intron_variant,False
GHR,rs78095808,intron_variant,False
GHR,rs78971149,intron_variant,False
GHR,rs150037323,intron_variant,False
GHR,rs72753006,intergenic_variant,False
GHR,rs35092809,intron_variant,False
GHR,rs3764451,intergenic_variant,False
GHR,rs1593071,intron_variant,False
GHR,rs35352645,intergenic_variant,False
GHR,rs114546810,intron_variant,False
GHR,rs73087475,intron_variant,False
GHR,rs4637559,intron_variant,False
GHR,rs2973018,intergenic_variant,False
GHR,rs546991067,intron_variant,False
GHR,rs149465584,intron_variant,False
GHR,rs13175765,intron_variant,False
GHR,rs55681913,intron_variant,False
GHR,rs71627555,intron_variant,False
GHR,rs62372042,intron_variant,False
GHR,rs76454926,intergenic_variant,False
GHR,rs13166851,intron_variant,False
GHR,rs979233,intergenic_variant,False
GHR,rs151079272,intron_variant,False
GHR,rs10038285,intron_variant,False
GHR,rs139112620,intron_variant,False
GHR,rs10066141,intergenic_variant,False
GHR,rs33977987,intron_variant,False
GHR,rs78990680,intron_variant,False
GHR,rs13163126,intron_variant,False
GHR,rs4315928,intron_variant,False
GHR,rs541480742,intron_variant,False
GHR,rs28919907,intron_variant,False
GHR,rs6881929,intron_variant,False
GHR,rs6873545,intron_variant,False
GHR,rs6180,missense_variant,True
GHR,rs55730643,intron_variant,False
GHR,rs2973015,intron_variant,False
GHR,rs192388487,intron_variant,False
GHR,rs230820,intron_variant,False
GHR,rs10440652,intergenic_variant,False
GHR,rs10035253,intergenic_variant,False
GHR,rs36110641,intron_variant,False
GHR,rs12513710,intron_variant,False
GHR,rs4612114,intron_variant,False
GHR,rs145688668,intron_variant,False
GHR,rs62370646,intron_variant,False
GHR,rs1423653,intergenic_variant,False
GHR,rs12654242,intron_variant,False
GHR,rs16872401,intergenic_variant,False
GHR,rs2910875,3_prime_UTR_variant,False
GHR,rs113667697,intron_variant,False
GHR,rs1559286,intergenic_variant,False
GHR,rs11740415,intron_variant,False
GHR,rs7716495,intron_variant,False
GHR,rs1345825,intergenic_variant,False
GHR,rs4273617,intron_variant,False
GHR,rs2972783,intron_variant,False
GHR,rs6451620,intron_variant,False
GHR,rs34742008,intron_variant,False
GHR,rs71590629,intron_variant,False
GHR,rs35164552,intron_variant,False
GHR,rs10074740,intron_variant,False
GHR,rs7723304,intron_variant,False
GNA12,rs186172963,intergenic_variant,False
GNA12,rs4719647,3_prime_UTR_variant,False
GNA12,rs1182176,intron_variant,False
GNA12,rs61184450,regulatory_region_variant,False
GNA12,rs2644307,intron_variant,False
GNA12,rs6461701,intron_variant,False
GNA12,rs798533,3_prime_UTR_variant,False
GNA12,rs112799045,intergenic_variant,False
GNA12,rs559672357,intron_variant,False
GNA12,rs398110973,intron_variant,False
GNA12,rs4722214,intergenic_variant,False
GNA12,rs10276582,intron_variant,False
GNA12,rs3996402,intron_variant,False
GNA12,rs73033411,intron_variant,False
GNA12,rs798508,intron_variant,False
GNA12,rs798511,intron_variant,False
GNA12,rs883831,regulatory_region_variant,False
GNA12,rs61758983,synonymous_variant,True
GNA12,rs1182180,intron_variant,False
GNA12,rs56240822,intron_variant,False
GNA12,rs35957220,intron_variant,False
GNA12,rs58748470,intron_variant,False
GNA12,rs2533879,intron_variant,False
GNA12,rs562439614,intergenic_variant,False
GNA12,rs1182197,intron_variant,False
GNA12,rs577734383,intron_variant,False
GNA12,rs1182143,non_coding_transcript_exon_variant,False
GNA12,rs2266920,intron_variant,False
GNA12,rs73678420,intron_variant,False
GNA12,rs2107964,intron_variant,False
GNA12,rs7777484,intron_variant,False
GNA12,rs1182188,intron_variant,False
GNA12,rs798557,3_prime_UTR_variant,False
GNA12,rs140448950,intron_variant,False
GNA12,rs529954825,intron_variant,False
GNA12,rs10257934,intron_variant,False
GNA12,rs798545,intergenic_variant,False
GNA12,rs148918599,intron_variant,False
GNA12,rs7806365,intron_variant,False
GNA12,rs78018097,intergenic_variant,False
GNA12,rs6978692,intron_variant,False
GNA12,rs4719648,3_prime_UTR_variant,False
GNA12,rs117314280,intron_variant,False
GNA12,rs798518,intron_variant,False
GNA12,rs17132744,intron_variant,False
GNA12,rs798487,intron_variant,False
GNA12,rs798546,intergenic_variant,False
GNA12,rs798496,intron_variant,False
GNA12,rs1182151,intergenic_variant,False
GNA12,rs2248390,intron_variant,False
GNA12,rs529794364,intron_variant,False
GNA12,rs709280,intron_variant,False
GNA12,rs798500,intron_variant,False
GNA12,rs798538,intergenic_variant,False
GNA12,rs143901826,intron_variant,False
GNA12,rs113371966,intron_variant,False
GNA12,rs1183079,regulatory_region_variant,False
GNA12,rs7797295,3_prime_UTR_variant,False
GNA12,rs1184662,3_prime_UTR_variant,False
GNA12,rs1639034,intergenic_variant,False
GNA12,rs1636264,intron_variant,False
GNA12,rs376957287,intron_variant,False
GNA12,rs77398794,non_coding_transcript_exon_variant,False
GNA12,rs33991430,intron_variant,False
GNA12,rs798473,5_prime_UTR_variant,False
GNA12,rs368699386,intron_variant,False
GNA12,rs798510,intron_variant,False
GNA12,rs798486,intron_variant,False
GNA12,rs12535623,intron_variant,False
GNA12,rs798495,intron_variant,False
GNA12,rs4719619,intron_variant,False
GNA12,rs73035277,intron_variant,False
GNA12,rs540524389,intron_variant,False
GNA12,rs10480003,intergenic_variant,False
GNA12,rs798563,3_prime_UTR_variant,False
GNA12,rs147480524,intron_variant,False
GNA12,rs2533884,intron_variant,False
GNA12,rs10950842,3_prime_UTR_variant,False
GNA12,rs146838251,intron_variant,False
GNA12,rs3996392,intron_variant,False
GNA12,rs2255541,intron_variant,False
GNA12,rs4721900,regulatory_region_variant,False
GNA12,rs17193852,intron_variant,False
GNA12,rs73047343,3_prime_UTR_variant,False
GNA12,rs1182183,intron_variant,False
GNA12,rs798507,intron_variant,False
GNA12,rs798491,intron_variant,False
GNA12,rs9332401,intron_variant,False
GNA12,rs798565,synonymous_variant,True
GNA12,rs3837080,intron_variant,False
GNA12,rs6461534,intron_variant,False
GNA12,rs2533881,intron_variant,False
GNA12,rs142512193,intron_variant,False
GNA12,rs13188,3_prime_UTR_variant,False
GNA12,rs10229817,intron_variant,False
GNA12,rs79941659,intergenic_variant,False
GNA12,rs798535,intergenic_variant,False
GNA12,rs142567289,intron_variant,False
GNA12,rs73045097,intron_variant,False
GNA12,rs10254690,intron_variant,False
GNA12,rs2527684,intron_variant,False
GNA12,rs2533871,intron_variant,False
GNA12,rs12700374,intergenic_variant,False
GNA12,rs1182207,intron_variant,False
GNA12,rs1636248,intron_variant,False
GNA12,rs13226070,intron_variant,False
GNA12,rs13243214,intron_variant,False
GNA12,rs12700196,intron_variant,False
GNA12,rs7784066,intron_variant,False
GNA12,rs798554,intergenic_variant,False
GNA12,rs6968032,intron_variant,False
GNA12,rs798528,intron_variant,False
GNA12,rs2693566,intron_variant,False
GNA12,rs201517448,intron_variant,False
GNA12,rs2533886,intron_variant,False
GNA12,rs55820824,intergenic_variant,False
GNA12,rs117208752,3_prime_UTR_variant,False
GNA12,rs757786,intron_variant,False
GNA12,rs2398571,regulatory_region_variant,False
GNA12,rs111675143,intron_variant,False
GNA12,rs56097917,intron_variant,False
GNA12,rs798499,intron_variant,False
GNA12,rs798536,intergenic_variant,False
GNA12,rs571208715,intron_variant,False
GNA12,rs809547,intron_variant,False
GNA12,rs798470,intron_variant,False
GNA12,rs76918194,intron_variant,False
GNA12,rs798526,intron_variant,False
GNA12,rs3846991,intron_variant,False
GNA12,rs56056318,regulatory_region_variant,False
GNA12,rs771962135,intron_variant,False
GNA12,rs13240877,intron_variant,False
GNA12,rs798558,3_prime_UTR_variant,False
GNA12,rs4719633,intron_variant,False
GNA12,rs2644296,intron_variant,False
GNA12,rs112256160,intron_variant,False
GNA12,rs10259879,regulatory_region_variant,False
GNA12,rs1182196,intron_variant,False
GNA12,rs4719654,intergenic_variant,False
GNA12,rs1182155,intergenic_variant,False
GNA12,rs1182199,intron_variant,False
GNA12,rs2255782,intron_variant,False
GNA12,rs12537257,intergenic_variant,False
GNA12,rs33932857,intron_variant,False
GNA12,rs1183080,intron_variant,False
GNA12,rs1636250,intergenic_variant,False
GNA12,rs1724889,intron_variant,False
GNA12,rs2644269,intron_variant,False
GNA12,rs798498,intron_variant,False
GNA12,rs6950965,intron_variant,False
GNA12,rs798506,intron_variant,False
GNA12,rs798532,3_prime_UTR_variant,False
GNA12,rs2302342,synonymous_variant,True
GNA12,rs77100396,regulatory_region_variant,False
GNA12,rs798548,TF_binding_site_variant,False
GNA12,rs2260230,intron_variant,False
GNA12,rs373730599,intron_variant,False
GNA12,rs189630194,intergenic_variant,False
GNA12,rs798513,intron_variant,False
GNA12,rs798555,intergenic_variant,False
GNA12,rs146198458,intron_variant,False
GNA12,rs10281932,intron_variant,False
GNA12,rs1182208,intron_variant,False
GNA12,rs798488,intron_variant,False
GNA12,rs2533872,intron_variant,False
GNA12,rs798489,intron_variant,False
GNA12,rs798485,intron_variant,False
GNA12,rs188716984,intron_variant,False
GNA12,rs73033403,intron_variant,False
GNA12,rs2644312,intron_variant,False
GNA12,rs1182149,intergenic_variant,False
GNA12,rs7798875,intron_variant,False
GNA12,rs7803527,intron_variant,False
GNA12,rs4719646,3_prime_UTR_variant,False
GNA12,rs208357,intron_variant,False
GNA12,rs3830624,3_prime_UTR_variant,False
GNA12,rs73033497,regulatory_region_variant,False
GNA12,rs798503,intron_variant,False
GNA12,rs145406253,intron_variant,False
GNA12,rs1713919,intron_variant,False
GNA12,rs7790322,intron_variant,False
GNA12,rs4557589,intron_variant,False
GNA12,rs10229934,intron_variant,False
GNA12,rs2266925,intron_variant,False
GNA12,rs757789,intron_variant,False
GNA12,rs798549,TF_binding_site_variant,False
GNA12,rs3846992,intron_variant,False
GNA12,rs208346,intron_variant,False
GNA12,rs13241955,intergenic_variant,False
GNA12,rs11420712,intron_variant,False
GNA12,rs13226653,intron_variant,False
GNA12,rs798551,intergenic_variant,False
GNA12,rs56399783,3_prime_UTR_variant,False
GNA12,rs798497,intron_variant,False
GNA12,rs2527521,regulatory_region_variant,False
GNA12,rs6977940,non_coding_transcript_exon_variant,False
GNA12,rs771273709,intron_variant,False
GNA12,rs798561,3_prime_UTR_variant,False
GNA12,rs11772125,intron_variant,False
GNA12,rs2527687,intron_variant,False
GNA12,rs143078860,intron_variant,False
GNA12,rs56343587,intergenic_variant,False
GNA12,rs208348,intron_variant,False
GNA12,rs1639065,TF_binding_site_variant,False
GNA12,rs208356,intron_variant,False
GNA12,rs2644306,intron_variant,False
GNA12,rs7811528,3_prime_UTR_variant,False
GNA12,rs1568968,intergenic_variant,False
GNA12,rs798482,intron_variant,False
GNA12,rs1182144,non_coding_transcript_exon_variant,False
GNA12,rs3831679,intron_variant,False
GNA12,rs1182182,intron_variant,False
GNA12,rs1636251,intergenic_variant,False
GNA12,rs574392601,intron_variant,False
GNA12,rs7787896,intergenic_variant,False
GNA12,rs1724888,intron_variant,False
GNA12,rs2158694,intron_variant,False
GNA12,rs73281175,intron_variant,False
GNA12,rs1182175,intron_variant,False
GNA12,rs798502,intron_variant,False
GNA12,rs1182184,intron_variant,False
GNA12,rs798514,intron_variant,False
GNA12,rs536937993,intergenic_variant,False
GNA12,rs6979959,intergenic_variant,False
GNA12,rs2644284,intergenic_variant,False
GNA12,rs10225022,intron_variant,False
GNA12,rs798560,3_prime_UTR_variant,False
GNA12,rs798490,intron_variant,False
GNA12,rs798544,intergenic_variant,False
GREM1,rs12148180,intron_variant,False
GREM1,rs16959063,intron_variant,False
GREM1,rs10519760,intron_variant,False
GREM1,rs11637250,intron_variant,False
GREM1,rs1258767,intron_variant,False
GREM1,rs73376930,intron_variant,False
GREM1,rs11635984,intron_variant,False
GREM1,rs7494781,intron_variant,False
GREM1,rs12592208,intron_variant,False
GREM1,rs1258756,intergenic_variant,False
GREM1,rs148375239,intergenic_variant,False
GREM1,rs79207432,intron_variant,False
GREM1,rs137862450,intron_variant,False
GREM1,rs7497354,intron_variant,False
GREM1,rs143319100,intron_variant,False
GREM1,rs16970016,intergenic_variant,False
GREM1,rs8037112,intron_variant,False
GREM1,rs111765775,intergenic_variant,False
GREM1,rs57284764,intergenic_variant,False
GREM1,rs62001277,intron_variant,False
GREM1,rs117648907,intron_variant,False
GREM1,rs5024438,intron_variant,False
GREM1,rs76546227,intron_variant,False
GREM1,rs12915554,3_prime_UTR_variant,False
GREM1,rs150962800,missense_variant,True
GREM1,rs1406389,non_coding_transcript_exon_variant,False
GREM1,rs2293582,non_coding_transcript_exon_variant,False
GREM1,rs3743104,3_prime_UTR_variant,False
GREM1,rs3817591,3_prime_UTR_variant,False
GREM1,rs12708491,intergenic_variant,False
GREM1,rs4779584,intergenic_variant,False
GREM1,rs72717646,intron_variant,False
GREM1,rs1554865,intergenic_variant,False
GREM1,rs147237492,intron_variant,False
GREM1,rs12591992,intergenic_variant,False
GREM1,rs6494601,intergenic_variant,False
GREM1,rs7166080,intron_variant,False
GREM1,rs143117247,intron_variant,False
GREM1,rs181884741,intron_variant,False
GREM1,rs10318,3_prime_UTR_variant,False
GREM1,rs6494598,intergenic_variant,False
GREM1,rs16969681,regulatory_region_variant,False
GREM1,rs12441885,intron_variant,False
GREM1,rs1554868,intergenic_variant,False
GREM1,rs28506002,intron_variant,False
GREM1,rs62001315,intron_variant,False
GREM1,rs1919364,non_coding_transcript_exon_variant,False
GREM1,rs16959442,non_coding_transcript_exon_variant,False
GREM1,rs2600519,intergenic_variant,False
GREM1,rs1258784,intron_variant,False
GREM1,rs3743103,3_prime_UTR_variant,False
GREM1,rs1258763,intergenic_variant,False
GREM1,rs1919361,intergenic_variant,False
GREM1,rs74822788,intron_variant,False
GREM1,rs149284176,intron_variant,False
GREM1,rs6494599,intergenic_variant,False
GREM1,rs7164743,intron_variant,False
GREM1,rs8037818,intron_variant,False
GREM1,rs16966853,intron_variant,False
GREM1,rs2293581,non_coding_transcript_exon_variant,False
GREM1,rs1124774,intergenic_variant,False
GREM1,rs12899881,intron_variant,False
GREM1,rs2123067,intron_variant,False
GREM1,rs117031145,intron_variant,False
GREM1,rs17816465,intron_variant,False
GREM1,rs58658771,intergenic_variant,False
GREM1,rs1534594,intergenic_variant,False
GREM1,rs1258757,intergenic_variant,False
GREM1,rs13329310,intergenic_variant,False
GREM1,rs112503426,intron_variant,False
GREM1,rs13329660,intron_variant,False
HMGA1,rs6911780,intergenic_variant,False
HMGA1,rs143188409,intron_variant,False
HMGA1,rs59412811,intron_variant,False
HMGA1,rs529668955,intron_variant,False
HMGA1,rs2780226,intergenic_variant,False
HMGA1,rs141574601,intergenic_variant,False
HMGA1,rs745630955,intron_variant,False
HMGA1,rs7753429,regulatory_region_variant,False
HMGA1,rs1333044878,intron_variant,False
HMGA1,rs150556786,intergenic_variant,False
HMGA1,rs1150777,intron_variant,False
HMGA1,rs186766320,intron_variant,False
HMGA1,rs1109257,intergenic_variant,False
HMGA1,rs61736202,non_coding_transcript_exon_variant,False
HMGA1,rs28673163,intergenic_variant,False
HMGA1,rs114088263,non_coding_transcript_exon_variant,False
HMGA1,rs9394205,intron_variant,False
HMGA1,rs1044956108,intergenic_variant,False
HMGA1,rs1187123,intron_variant,False
HMGA1,rs148889882,intergenic_variant,False
HMGA1,rs139599289,intergenic_variant,False
HMGA1,rs532749103,intron_variant,False
HMGA1,rs2780216,intron_variant,False
HMGA1,rs2237098,intron_variant,False
HMGA1,rs13201774,intron_variant,False
HMGA1,rs116882763,5_prime_UTR_variant,False
HMGA1,rs1011905,intron_variant,False
HMGA1,rs73420943,intron_variant,False
HMGA1,rs142583445,regulatory_region_variant,False
HMGA1,rs4713762,intron_variant,False
HMGA1,rs545784032,5_prime_UTR_variant,False
HMGA1,rs1187117,intergenic_variant,False
HMGA1,rs57026767,intron_variant,False
HMGA1,rs6918981,intron_variant,False
HMGA1,rs9368805,intron_variant,False
HMGA1,rs116158112,intron_variant,False
HMGA1,rs768540319,intron_variant,False
HMGA1,rs370788671,5_prime_UTR_variant,False
HMGA1,rs75104038,intergenic_variant,False
HMGA1,rs114472600,intergenic_variant,False
HMGA1,rs76863928,5_prime_UTR_variant,False
HMGA1,rs28539536,intron_variant,False
HMGA1,rs10947494,intron_variant,False
HMGA1,rs201220830,TFBS_ablation,False
HMGA1,rs1307273,intron_variant,False
HMGA1,rs9469757,intron_variant,False
HMGA1,rs1776884,intergenic_variant,False
HMGA1,rs1171540913,intergenic_variant,False
HMGA1,rs201536174,splice_donor_variant,True
HMGA1,rs115614261,intron_variant,False
HMGA1,rs12214804,intergenic_variant,False
HMGA1,rs35694679,intron_variant,False
HMGA1,rs1776877,intergenic_variant,False
HMGA1,rs6457765,intergenic_variant,False
HMGA1,rs148899910,intron_variant,False
HMGA1,rs200046749,intergenic_variant,False
HMGA1,rs114078082,intergenic_variant,False
HMGA1,rs56348792,intergenic_variant,False
HMGA1,rs570266028,5_prime_UTR_variant,False
HMGA1,rs1150782,3_prime_UTR_variant,False
HMGA1,rs147929923,intergenic_variant,False
HMGA1,rs138997002,intergenic_variant,False
HMGA1,rs6913361,intergenic_variant,False
HMGA1,rs3798556,intron_variant,False
HMGA1,rs2797961,intron_variant,False
HMGA1,rs146696797,intron_variant,False
HMGA1,rs4713766,intron_variant,False
HMGA1,rs10947487,intergenic_variant,False
HMGA1,rs2029459,intron_variant,False
HMGA1,rs1554140708,regulatory_region_variant,False
HMGA1,rs2780215,intron_variant,False
HMGA1,rs144100226,intergenic_variant,False
HMGA1,rs117770268,intergenic_variant,False
HMGA1,rs35381162,non_coding_transcript_exon_variant,False
HMGA1,rs957675208,5_prime_UTR_variant,False
HMGA1,rs114183675,intergenic_variant,False
HMGA1,rs10080749,intron_variant,False
HMGA1,rs12530053,intron_variant,False
HMGA1,rs74841643,intergenic_variant,False
HMGA1,rs563154909,intergenic_variant,False
HMGA1,rs9689096,intergenic_variant,False
HMGA1,rs4713761,intron_variant,False
HMGA1,rs16883475,3_prime_UTR_variant,False
HMGA1,rs116466979,intron_variant,False
HMGA1,rs9394200,intron_variant,False
HMGA1,rs928482,intron_variant,False
HMGA1,rs1150781,3_prime_UTR_variant,False
HMGA1,rs1759646,regulatory_region_variant,False
HMGA1,rs10807139,intergenic_variant,False
HMGA1,rs150892220,intergenic_variant,False
HMGA1,rs1211163,intergenic_variant,False
HMGA1,rs111643014,intergenic_variant,False
HMGA1,rs9469738,intergenic_variant,False
HMGA1,rs9461976,intron_variant,False
HMGA1,rs115245297,intron_variant,False
HMGA1,rs7742369,intergenic_variant,False
HMGA1,rs41269026,intron_variant,False
HMGA1,rs206936,intron_variant,False
HMGA1,rs115177000,non_coding_transcript_exon_variant,False
HMGA1,rs148221695,intergenic_variant,False
HMGA1,rs202228093,5_prime_UTR_variant,False
HMGA1,rs76412020,intron_variant,False
HMGA1,rs9469762,intron_variant,False
HMGA1,rs534912145,intron_variant,False
HMGA1,rs145389180,intergenic_variant,False
HMGA1,rs9357174,intergenic_variant,False
HMGA1,rs62398145,intergenic_variant,False
HMGA1,rs7768482,intron_variant,False
HMGA1,rs181452300,intron_variant,False
HMGA1,rs10947479,regulatory_region_variant,False
HMGA1,rs117525671,regulatory_region_variant,False
HMGA1,rs10807137,intergenic_variant,False
HMGA1,rs1187118,intergenic_variant,False
HMGA1,rs1491131135,intron_variant,False
HMGA1,rs6937622,non_coding_transcript_exon_variant,False
HMGA1,rs988580242,intron_variant,False
HMGA1,rs9394201,intron_variant,False
HMGA1,rs4713748,intergenic_variant,False
HMGA1,rs200299716,intergenic_variant,False
HMGA1,rs61175078,intron_variant,False
HMGA1,rs2029458,intron_variant,False
HMGA1,rs147736074,intron_variant,False
HMGA1,rs117741261,5_prime_UTR_variant,False
HMGA1,rs6457762,intergenic_variant,False
HMGA1,rs9368804,intron_variant,False
HMGA1,rs2797967,intron_variant,False
HMGA1,rs9394204,intron_variant,False
HMGA1,rs67968906,5_prime_UTR_variant,False
HMGA1,rs9461975,intron_variant,False
HMGA1,rs4711385,intergenic_variant,False
HMGA1,rs7774122,intergenic_variant,False
HMGA1,rs1554146656,intron_variant,False
HMGA1,rs55692303,regulatory_region_variant,False
HMGA1,rs76376137,regulatory_region_variant,False
HMGA1,rs150459394,intergenic_variant,False
HMGA1,rs111658701,intron_variant,False
HMGA1,rs77136196,non_coding_transcript_exon_variant,False
HMGA1,rs79658451,intergenic_variant,False
HMGA1,rs56274948,intron_variant,False
HMGA1,rs9461964,intergenic_variant,False
HMGA1,rs1776883,intergenic_variant,False
HMGA1,rs78420081,intron_variant,False
HMGA1,rs1150779,intron_variant,False
HMGA1,rs9366846,intron_variant,False
HMGA1,rs10807136,intergenic_variant,False
HMGA1,rs1307274,intron_variant,False
HMGA1,rs2797964,intergenic_variant,False
HMGA1,rs112549634,intron_variant,False
HMGA1,rs190927521,intron_variant,False
HMGA1,rs114432657,regulatory_region_variant,False
HMGA1,rs73744859,5_prime_UTR_variant,False
HMGA1,rs77988055,non_coding_transcript_exon_variant,False
HMGA1,rs573582724,intron_variant,False
HMGA1,rs1776890,intron_variant,False
HMGA1,rs756816162,intron_variant,False
HMGA1,rs1592269,intergenic_variant,False
HMGA1,rs144229896,non_coding_transcript_exon_variant,False
HMGA1,rs6930978,intron_variant,False
HMGA1,rs59329931,5_prime_UTR_variant,False
HMGA1,rs78114378,intergenic_variant,False
HMGA1,rs7770957,intron_variant,False
HMGA1,rs9469761,intron_variant,False
HMGA1,rs7744288,intergenic_variant,False
HMGA1,rs1187130,intron_variant,False
HMGA1,rs144929479,intron_variant,False
HMGA1,rs1187126,intron_variant,False
HMGA1,rs115975649,intergenic_variant,False
HMGA1,rs10588956,intron_variant,False
HMGA1,rs77510989,regulatory_region_variant,False
HMGA1,rs116251328,intergenic_variant,False
HMGA1,rs1776891,intron_variant,False
HMGA1,rs6922119,regulatory_region_variant,False
HMGA1,rs7775497,intron_variant,False
HMGA1,rs1776898,intergenic_variant,False
HMGA1,rs1759645,regulatory_region_variant,False
HMGA1,rs41269028,splice_region_variant,True
HMGA1,rs200808496,intron_variant,False
HMGA1,rs9469745,intergenic_variant,False
HMGA1,rs117324087,intron_variant,False
HMGA1,rs10214450,intergenic_variant,False
HMGA1,rs112945592,intron_variant,False
HMGA1,rs147494818,intergenic_variant,False
HMGA1,rs191720756,non_coding_transcript_exon_variant,False
HMGA1,rs1776897,TF_binding_site_variant,False
HMGA1,rs1759637,intron_variant,False
HMGA1,rs13207853,intron_variant,False
HMGA1,rs114203661,intergenic_variant,False
HMGA1,rs185139895,intergenic_variant,False
HMGA1,rs115299044,intron_variant,False
HMGA1,rs186006155,5_prime_UTR_variant,False
HMGA1,rs115546868,intron_variant,False
HMGA1,rs2029462,intron_variant,False
HMGA1,rs116839142,intron_variant,False
HMGA1,rs1177909976,intergenic_variant,False
HMGA1,rs118012224,5_prime_UTR_variant,False
HMGA1,rs1187129,intron_variant,False
HMGA1,rs10807138,intergenic_variant,False
HMGA1,rs4711389,intron_variant,False
HMGA1,rs541641049,intron_variant,False
HMGA1,rs368038815,intron_variant,False
HMGA1,rs117174730,intron_variant,False
HMGA1,rs114563403,intron_variant,False
HMGA1,rs145071148,intergenic_variant,False
HMGA1,rs11753307,intron_variant,False
HMGA1,rs117658820,intergenic_variant,False
HMGA1,rs9380420,intergenic_variant,False
HMGA1,rs112495680,intron_variant,False
HMGA1,rs1187115,intergenic_variant,False
HMGA1,rs945712382,5_prime_UTR_variant,False
HMGA1,rs114760566,regulatory_region_variant,False
HMGA1,rs56005336,intergenic_variant,False
HMGA1,rs142125224,intron_variant,False
HMGA1,rs1759627,regulatory_region_variant,False
HMGA1,rs169584,intron_variant,False
HMGA1,rs182665950,intron_variant,False
HMGA1,rs4711391,intron_variant,False
HMGA1,rs206930,intron_variant,False
HMGA1,rs2797963,intergenic_variant,False
HMGA1,rs1759628,regulatory_region_variant,False
HMGA1,rs7751671,intergenic_variant,False
HMGA1,rs551980123,intron_variant,False
HMGA1,rs114344942,5_prime_UTR_variant,False
HMGA1,rs116141873,intron_variant,False
HMGA1,rs34118277,intron_variant,False
HMGA1,rs75034466,intergenic_variant,False
HMGA1,rs6457763,intergenic_variant,False
HMGA2,rs35746342,intergenic_variant,False
HMGA2,rs58811733,intron_variant,False
HMGA2,rs35246909,intron_variant,False
HMGA2,rs17101904,intron_variant,False
HMGA2,rs10878367,intergenic_variant,False
HMGA2,rs61921616,intergenic_variant,False
HMGA2,rs1351394,intron_variant,False
HMGA2,rs1480474,intron_variant,False
HMGA2,rs4338565,intergenic_variant,False
HMGA2,rs73113884,intron_variant,False
HMGA2,rs7299310,intergenic_variant,False
HMGA2,rs189339,intron_variant,False
HMGA2,rs117568227,intergenic_variant,False
HMGA2,rs1460126,intron_variant,False
HMGA2,rs971779,intron_variant,False
HMGA2,rs7966895,intergenic_variant,False
HMGA2,rs343087,intron_variant,False
HMGA2,rs17766408,intron_variant,False
HMGA2,rs11834900,intron_variant,False
HMGA2,rs11834579,intron_variant,False
HMGA2,rs10735933,regulatory_region_variant,False
HMGA2,rs2583929,intron_variant,False
HMGA2,rs8756,3_prime_UTR_variant,False
HMGA2,rs2261181,intron_variant,False
HMGA2,rs7397918,intergenic_variant,False
HMGA2,rs2884593,intergenic_variant,False
HMGA2,rs7968682,intergenic_variant,False
HMGA2,rs898424,intron_variant,False
HMGA2,rs138967514,intron_variant,False
HMGA2,rs139850265,intron_variant,False
HMGA2,rs11175892,intron_variant,False
HMGA2,rs11176017,intergenic_variant,False
HMGA2,rs77548748,intergenic_variant,False
HMGA2,rs7137538,intron_variant,False
HMGA2,rs11175947,intron_variant,False
HMGA2,rs12826248,intergenic_variant,False
HMGA2,rs11175968,intron_variant,False
HMGA2,rs4130827,regulatory_region_variant,False
HMGA2,rs2272046,intron_variant,False
HMGA2,rs1042725,3_prime_UTR_variant,False
HMGA2,rs1042729,3_prime_UTR_variant,False
HMGA2,rs73113806,intron_variant,False
HMGA2,rs11495610,intergenic_variant,False
HMGA2,rs2583951,intron_variant,False
HMGA2,rs113744258,intergenic_variant,False
HMGA2,rs138066904,intron_variant,False
HMGA2,rs1480470,intron_variant,False
HMGA2,rs1993669,intron_variant,False
HMGA2,rs7968902,regulatory_region_variant,False
HMGA2,rs7312464,intergenic_variant,False
HMGA2,rs10431570,intergenic_variant,False
HMGA2,rs2583949,intron_variant,False
HMGA2,rs61921611,intergenic_variant,False
HMGA2,rs1585897,intergenic_variant,False
HMGA2,rs35524197,intron_variant,False
HMGA2,rs12298541,intron_variant,False
HMGA2,rs56074694,intergenic_variant,False
HMGA2,rs9669644,intron_variant,False
HMGA2,rs567796399,intron_variant,False
HMGA2,rs12422370,intergenic_variant,False
HMGA2,rs17101923,intron_variant,False
HMGA2,rs10784502,intron_variant,False
HMGA2,rs116257126,intron_variant,False
HMGA2,rs11175915,intron_variant,False
HMGA2,rs537950543,5_prime_UTR_variant,False
HMGA2,rs150236026,intron_variant,False
HMGA2,rs2125878,intron_variant,False
HMGA2,rs761210718,intergenic_variant,False
HMGA2,rs11175980,intron_variant,False
HMGA2,rs75338539,intergenic_variant,False
HMGA2,rs61921612,intergenic_variant,False
HMGA2,rs17766960,intergenic_variant,False
HMGA2,rs7966340,intron_variant,False
HMGA2,rs7961706,intron_variant,False
HMGA2,rs76456255,intron_variant,False
HMGA2,rs117638452,intron_variant,False
HMGA2,rs2070808,intron_variant,False
HMGA2,rs1600575,intergenic_variant,False
HMGA2,rs11176015,regulatory_region_variant,False
HMGA2,rs61425523,intron_variant,False
HMGA2,rs2583921,intron_variant,False
HMGA2,rs34029815,intergenic_variant,False
HMGA2,rs10784496,intron_variant,False
HMGA2,rs11834895,intron_variant,False
HMGA2,rs56891231,intron_variant,False
HMGA2,rs17179670,intron_variant,False
HMGA2,rs1383304,intergenic_variant,False
HMGA2,rs343093,intron_variant,False
HMGA2,rs10784510,intron_variant,False
HMGA2,rs10878366,non_coding_transcript_exon_variant,False
HMGA2,rs6581662,intergenic_variant,False
HMGA2,rs343086,intron_variant,False
HMGA2,rs74097847,intergenic_variant,False
HMGA2,rs11836463,regulatory_region_variant,False
HMGA2,rs142095082,intergenic_variant,False
HMGA2,rs113006890,intron_variant,False
HMGA2,rs10878359,intergenic_variant,False
HMGA2,rs2358954,intergenic_variant,False
HMGA2,rs1460121,intron_variant,False
HMGA2,rs145282773,intron_variant,False
HMGA2,rs7979673,intron_variant,False
HMGA2,rs7138102,intron_variant,False
HMGA2,rs2583934,intron_variant,False
HMGA2,rs542561956,intergenic_variant,False
HMGA2,rs12810758,intron_variant,False
HMGA2,rs11414025,intron_variant,False
HMGA2,rs55981861,intergenic_variant,False
HMGA2,rs146209067,intron_variant,False
HMGA2,rs1871675,intron_variant,False
HMGA2,rs571287053,intron_variant,False
HMGA2,rs2583939,intron_variant,False
HMGA2,rs2612072,intron_variant,False
HMGA2,rs139459932,intron_variant,False
HMGA2,rs12371967,intron_variant,False
HMGA2,rs2583948,intron_variant,False
HMGA2,rs11175898,non_coding_transcript_exon_variant,False
HMGA2,rs2446770,intron_variant,False
HMGA2,rs10748027,intergenic_variant,False
HMGA2,rs10878346,intron_variant,False
HMGA2,rs56407104,intergenic_variant,False
HMGA2,rs11175904,non_coding_transcript_exon_variant,False
HMGA2,rs73121716,intron_variant,False
HMGA2,rs11175899,intron_variant,False
HMGA2,rs11175916,intron_variant,False
HMGA2,rs11175944,intron_variant,False
HMGA2,rs6581654,intron_variant,False
HMGA2,rs10878345,intron_variant,False
HMGA2,rs117460346,intron_variant,False
HMGA2,rs79870102,intron_variant,False
HMGA2,rs148869671,intergenic_variant,False
HMGA2,rs548094440,intergenic_variant,False
HMGA2,rs2583943,intron_variant,False
HMGA2,rs4026608,intergenic_variant,False
HMGA2,rs6581652,intron_variant,False
HMGA2,rs147005466,3_prime_UTR_variant,False
HMGA2,rs1480472,intron_variant,False
HMGA2,rs56344960,intergenic_variant,False
HMGA2,rs12422566,intergenic_variant,False
HMGA2,rs9706053,intergenic_variant,False
HMGA2,rs1871674,intron_variant,False
HMGA2,rs11176010,intron_variant,False
HMGA2,rs11176001,intergenic_variant,False
HMGA2,rs2947793,intron_variant,False
HMGA2,rs141753469,intergenic_variant,False
HMGA2,rs35084099,intron_variant,False
HMGA2,rs7975189,intergenic_variant,False
HMGA2,rs138074335,intergenic_variant,False
HMGA2,rs975917,intergenic_variant,False
HMGA2,rs343092,intron_variant,False
HMGA2,rs73119896,intron_variant,False
HMGA2,rs147595837,intron_variant,False
HMGA2,rs11175890,intergenic_variant,False
HMGA2,rs7978761,intron_variant,False
HMGA2,rs12424086,intergenic_variant,False
HMGA2,rs2258238,intron_variant,False
HMGA2,rs1038196,intron_variant,False
HMGA2,rs116979298,intron_variant,False
HMGA2,rs2947795,intron_variant,False
HMGA2,rs1122590,intron_variant,False
HMGA2,rs73121706,intron_variant,False
HMGA2,rs11175982,3_prime_UTR_variant,False
HMGA2,rs2257883,intron_variant,False
HMGA2,rs570173768,intergenic_variant,False
HMGA2,rs11175971,intron_variant,False
HMGA2,rs11175967,intron_variant,False
HMGA2,rs10400419,intergenic_variant,False
HMGA2,rs143707177,intron_variant,False
HMGA2,rs9669278,intergenic_variant,False
HMGA2,rs7972091,intron_variant,False
HMGA2,rs5798790,intron_variant,False
HMGA2,rs10878322,intergenic_variant,False
HMGA2,rs2272047,intron_variant,False
HMGA2,rs74097857,intergenic_variant,False
HMGA2,rs11175917,intron_variant,False
HMGA2,rs6581661,intergenic_variant,False
HMGA2,rs7133699,intron_variant,False
HMGA2,rs10878334,intron_variant,False
HMGA2,rs118187297,intergenic_variant,False
HMGA2,rs968697,intron_variant,False
HMGA2,rs4992846,intron_variant,False
HMGA2,rs2260671,intron_variant,False
HMGA2,rs1531343,intron_variant,False
HMGA2,rs10878339,intron_variant,False
HMGA2,rs2612059,intron_variant,False
HMGA2,rs11176019,intergenic_variant,False
HMGA2,rs7959830,intron_variant,False
HMGA2,rs11176024,regulatory_region_variant,False
HMGA2,rs1156095,intron_variant,False
HMGA2,rs7136054,intergenic_variant,False
HMGA2,rs151174669,intergenic_variant,False
HMGA2,rs2583938,intron_variant,False
HMGA2,rs76900422,intron_variant,False
HMGA2,rs7970350,intergenic_variant,False
HMGA2,rs12228931,intergenic_variant,False
HMGA2,rs2583928,intron_variant,False
HMGA2,rs11175919,intron_variant,False
HMGA2,rs118003500,intron_variant,False
HMGA2,rs7306710,intergenic_variant,False
HMGA2,rs7307950,intergenic_variant,False
HMGA2,rs11176007,intergenic_variant,False
HMGA2,rs75566446,regulatory_region_variant,False
HMGA2,rs551998943,intergenic_variant,False
HMGA2,rs12810075,intergenic_variant,False
HMGA2,rs1979440,intron_variant,False
HMGA2,rs10878349,intron_variant,False
HMGA2,rs66980761,regulatory_region_variant,False
HSPG2,rs2501309,intron_variant,False
HSPG2,rs75508464,intergenic_variant,False
HSPG2,rs2290501,non_coding_transcript_exon_variant,False
HSPG2,rs3753781,intron_variant,False
HSPG2,rs12081298,intron_variant,False
HSPG2,rs7533718,intron_variant,False
HSPG2,rs9426785,intron_variant,False
HSPG2,rs6698785,intron_variant,False
HSPG2,rs35465346,intergenic_variant,False
HSPG2,rs868302804,splice_region_variant,True
HSPG2,rs2445130,intron_variant,False
HSPG2,rs35457662,intron_variant,False
HSPG2,rs3820687,non_coding_transcript_exon_variant,False
HSPG2,rs6672273,intron_variant,False
HSPG2,rs55914307,intron_variant,False
HSPG2,rs10753522,intron_variant,False
HSPG2,rs7539859,intergenic_variant,False
HSPG2,rs9426781,intron_variant,False
HSPG2,rs12131384,intron_variant,False
HSPG2,rs116788687,missense_variant,True
HSPG2,rs12184330,intron_variant,False
HSPG2,rs4233277,intron_variant,False
HSPG2,rs6656070,intergenic_variant,False
HSPG2,rs2501285,intron_variant,False
HSPG2,rs112944567,missense_variant,True
HSPG2,rs75200282,intron_variant,False
HSPG2,rs28468423,intron_variant,False
HSPG2,rs34753486,intron_variant,False
HSPG2,rs76382135,intron_variant,False
HSPG2,rs4344303,intron_variant,False
HSPG2,rs2501296,intron_variant,False
HSPG2,rs12740670,regulatory_region_variant,False
HSPG2,rs10917075,regulatory_region_variant,False
HSPG2,rs4655011,intron_variant,False
HSPG2,rs12132216,intron_variant,False
HSPG2,rs4654770,intron_variant,False
HSPG2,rs74062235,intron_variant,False
HSPG2,rs115979533,regulatory_region_variant,False
HSPG2,rs7531732,intron_variant,False
HSPG2,rs2473277,intron_variant,False
HSPG2,rs6426731,intron_variant,False
HSPG2,rs7529220,intron_variant,False
HSPG2,rs34719083,intron_variant,False
HSPG2,rs200354565,intron_variant,False
HSPG2,rs61777966,intron_variant,False
HSPG2,rs4233282,regulatory_region_variant,False
HSPG2,rs142433309,missense_variant,True
HSPG2,rs11576963,intron_variant,False
HSPG2,rs199847627,intron_variant,False
HSPG2,rs12130039,intron_variant,False
HSPG2,rs6695528,intron_variant,False
HSPG2,rs9426780,intron_variant,False
HSPG2,rs6694903,intron_variant,False
HSPG2,rs188613024,intron_variant,False
HSPG2,rs6661141,intron_variant,False
HSPG2,rs6696789,intron_variant,False
HSPG2,rs6687466,intron_variant,False
HSPG2,rs1384673,intron_variant,False
HSPG2,rs149399639,intron_variant,False
HSPG2,rs7533677,intron_variant,False
HSPG2,rs12730256,intron_variant,False
HSPG2,rs10799719,intron_variant,False
HSPG2,rs573303250,regulatory_region_variant,False
HSPG2,rs138415400,intron_variant,False
HSPG2,rs7539171,intron_variant,False
HSPG2,rs370957141,intron_variant,False
HSPG2,rs11589829,intron_variant,False
HSPG2,rs36080251,intron_variant,False
HSPG2,rs4655004,intron_variant,False
HSPG2,rs116698906,intron_variant,False
HSPG2,rs560028361,intron_variant,False
HSPG2,rs182465934,intron_variant,False
HSPG2,rs72662484,regulatory_region_variant,False
HSPG2,rs11589764,intron_variant,False
HSPG2,rs61776287,intron_variant,False
HSPG2,rs10753521,non_coding_transcript_exon_variant,False
HSPG2,rs72660393,intron_variant,False
HSPG2,rs565019271,intron_variant,False
HSPG2,rs2229482,synonymous_variant,True
HSPG2,rs12742444,synonymous_variant,True
HSPG2,rs536503308,intron_variant,False
HSPG2,rs10917123,intron_variant,False
HSPG2,rs41266007,missense_variant,True
HSPG2,rs779638088,intron_variant,False
HSPG2,rs3736360,missense_variant,True
HSPG2,rs10917087,intergenic_variant,False
HSPG2,rs145035862,intron_variant,False
HSPG2,rs2501292,non_coding_transcript_exon_variant,False
HSPG2,rs115351721,intron_variant,False
HSPG2,rs11802899,intergenic_variant,False
HSPG2,rs2229481,missense_variant,True
HSPG2,rs10799713,intron_variant,False
HSPG2,rs34759301,intergenic_variant,False
HSPG2,rs2473290,intron_variant,False
HSPG2,rs10799728,intron_variant,False
HSPG2,rs4992899,intron_variant,False
HSPG2,rs16826031,intron_variant,False
HSPG2,rs3117045,intron_variant,False
HSPG2,rs139260796,intergenic_variant,False
HSPG2,rs1825307,intron_variant,False
HSPG2,rs3767141,intron_variant,False
HSPG2,rs61778000,intron_variant,False
HSPG2,rs143543800,missense_variant,True
HSPG2,rs6659601,intergenic_variant,False
HSPG2,rs12407439,intron_variant,False
HSPG2,rs145223095,intron_variant,False
HSPG2,rs193300443,intergenic_variant,False
HSPG2,rs140155659,intron_variant,False
HSPG2,rs140525509,intron_variant,False
HSPG2,rs34262568,intron_variant,False
HSPG2,rs7520526,intron_variant,False
HSPG2,rs12132088,intron_variant,False
HSPG2,rs61200828,intron_variant,False
HSPG2,rs7554039,intergenic_variant,False
HSPG2,rs6684152,intron_variant,False
HSPG2,rs12031846,intergenic_variant,False
HSPG2,rs7516572,intron_variant,False
HSPG2,rs2229474,missense_variant,True
HSPG2,rs71636995,intron_variant,False
HSPG2,rs79188953,intron_variant,False
HSPG2,rs2501306,intron_variant,False
HSPG2,rs12046762,intron_variant,False
HSPG2,rs41266013,intron_variant,False
HSPG2,rs1869780,missense_variant,True
HSPG2,rs2501290,intron_variant,False
HSPG2,rs6675289,intergenic_variant,False
HSPG2,rs333193,intron_variant,False
HSPG2,rs114015043,missense_variant,True
HSPG2,rs921847,intron_variant,False
HSPG2,rs79472736,intron_variant,False
HSPG2,rs115649468,missense_variant,True
HSPG2,rs61777960,intron_variant,False
HSPG2,rs12756442,intron_variant,False
HSPG2,rs760922,non_coding_transcript_exon_variant,False
HSPG2,rs10917111,non_coding_transcript_exon_variant,False
HSPG2,rs2865198,intron_variant,False
HSPG2,rs35194649,intron_variant,False
HSPG2,rs41307810,intron_variant,False
HSPG2,rs112962027,intergenic_variant,False
HSPG2,rs4655001,intergenic_variant,False
HSPG2,rs184273928,intron_variant,False
HSPG2,rs4415533,intron_variant,False
HSPG2,rs4655009,intron_variant,False
HSPG2,rs34332923,intron_variant,False
HSPG2,rs113969153,intron_variant,False
HSPG2,rs6675669,non_coding_transcript_exon_variant,False
HTRA1,rs10788284,intron_variant,False
HTRA1,rs36212731,intron_variant,False
HTRA1,rs143086805,3_prime_UTR_variant,False
HTRA1,rs2249049,intron_variant,False
HTRA1,rs3013177,intron_variant,False
HTRA1,rs2261655,intron_variant,False
HTRA1,rs112820281,intron_variant,False
HTRA1,rs3850765,intron_variant,False
HTRA1,rs72834453,intron_variant,False
HTRA1,rs2284665,intron_variant,False
HTRA1,rs72834437,intron_variant,False
HTRA1,rs61871742,intron_variant,False
HTRA1,rs1049331,synonymous_variant,True
HTRA1,rs58649964,intron_variant,False
HTRA1,rs59616332,intron_variant,False
HTRA1,rs4279944,intergenic_variant,False
HTRA1,rs72834448,intron_variant,False
HTRA1,rs4430444,intergenic_variant,False
HTRA1,rs76579910,intron_variant,False
HTRA1,rs6585827,intron_variant,False
HTRA1,rs11200643,intron_variant,False
HTRA1,rs2672598,non_coding_transcript_exon_variant,False
HTRA1,rs2672597,intron_variant,False
HTRA1,rs932274,intron_variant,False
HTRA1,rs28596486,regulatory_region_variant,False
HTRA1,rs2268344,intron_variant,False
HTRA1,rs3013223,intergenic_variant,False
HTRA1,rs12252027,intron_variant,False
HTRA1,rs2672587,intron_variant,False
HTRA1,rs4752693,intron_variant,False
HTRA1,rs2421016,intron_variant,False
HTRA1,rs28414499,intron_variant,False
HTRA1,rs2672590,intron_variant,False
HTRA1,rs757535212,intron_variant,False
HTRA1,rs3750848,intron_variant,False
HTRA1,rs3750847,intron_variant,False
HTRA1,rs5788557,intron_variant,False
HTRA1,rs28437273,intergenic_variant,False
HTRA1,rs2736923,intron_variant,False
HTRA1,rs11483746,intergenic_variant,False
HTRA1,rs4311997,intron_variant,False
HTRA1,rs11200633,intron_variant,False
HTRA1,rs78973239,intron_variant,False
HTRA1,rs7088058,intron_variant,False
HTRA1,rs147005763,intron_variant,False
HTRA1,rs74640983,intron_variant,False
HTRA1,rs11528744,intergenic_variant,False
HTRA1,rs530025589,intron_variant,False
HTRA1,rs2247438,intron_variant,False
HTRA1,rs2684747,intron_variant,False
HTRA1,rs11200630,intron_variant,False
HTRA1,rs61871744,intron_variant,False
HTRA1,rs3750846,intron_variant,False
HTRA1,rs2248799,intron_variant,False
HTRA1,rs74672221,intergenic_variant,False
HTRA1,rs12571363,intron_variant,False
HTRA1,rs2300431,intron_variant,False
HTRA1,rs76047227,downstream_gene_variant,False
HTRA1,rs4565845,intron_variant,False
HTRA1,rs17103488,intron_variant,False
HTRA1,rs4345899,intron_variant,False
HTRA1,rs17103522,intron_variant,False
HTRA1,rs2292627,intron_variant,False
HTRA1,rs11200595,intron_variant,False
HTRA1,rs10490924,missense_variant,True
HTRA1,rs79043147,intron_variant,False
HTRA1,rs61871747,intron_variant,False
HTRA1,rs11200632,intron_variant,False
HTRA1,rs2292626,intron_variant,False
HTRA1,rs7088128,splice_polypyrimidine_tract_variant,False
HTRA1,rs4237540,intron_variant,False
HTRA1,rs2684744,intron_variant,False
HTRA1,rs28637696,intron_variant,False
HTRA1,rs2280141,intergenic_variant,False
HTRA1,rs2421019,intron_variant,False
HTRA1,rs2421028,intron_variant,False
HTRA1,rs2014307,intron_variant,False
HTRA1,rs2981746,intergenic_variant,False
HTRA1,rs11200607,intron_variant,False
HTRA1,rs78891629,intergenic_variant,False
HTRA1,rs2736911,stop_gained,True
HTRA1,rs2421015,intron_variant,False
HTRA1,rs4752695,regulatory_region_variant,False
HTRA1,rs60401382,intron_variant,False
HTRA1,rs11200634,intron_variant,False
HTRA1,rs58208187,intron_variant,False
HTRA1,rs12218910,intron_variant,False
HTRA1,rs1985024,intergenic_variant,False
HTRA1,rs4752689,intergenic_variant,False
HTRA1,rs61544945,intron_variant,False
HTRA1,rs36212733,intron_variant,False
HTRA1,rs36012040,3_prime_UTR_variant,False
HTRA1,rs61871745,non_coding_transcript_exon_variant,False
HTRA1,rs2300433,intron_variant,False
HTRA1,rs78438709,intron_variant,False
HTRA1,rs3793917,non_coding_transcript_exon_variant,False
HTRA1,rs2672592,intron_variant,False
HTRA1,rs932275,intron_variant,False
HTRA1,rs2223089,non_coding_transcript_exon_variant,False
HTRA1,rs3019521,intron_variant,False
HTRA1,rs2421021,intron_variant,False
HTRA1,rs142466410,intron_variant,False
HTRA1,rs12413994,intron_variant,False
HTRA1,rs142146743,intron_variant,False
HTRA1,rs10490923,missense_variant,True
HTRA1,rs71486610,intron_variant,False
HTRA1,rs1045216,missense_variant,True
HTRA1,rs4752700,intron_variant,False
HTRA1,rs151165026,missense_variant,True
HTRA1,rs7072204,non_coding_transcript_exon_variant,False
HTRA1,rs75406303,intergenic_variant,False
HTRA1,rs4421693,intergenic_variant,False
HTRA1,rs4391763,intron_variant,False
HTRA1,rs2293871,intron_variant,False
HTRA1,rs10510110,intergenic_variant,False
HTRA1,rs7915081,intron_variant,False
HTRA1,rs78305107,intron_variant,False
HTRA1,rs113306148,intron_variant,False
HTRA1,rs74159124,intergenic_variant,False
HTRA1,rs10510109,intergenic_variant,False
HTRA1,rs2736912,intron_variant,False
HTRA1,rs11200638,non_coding_transcript_exon_variant,False
HTRA1,rs3013222,intergenic_variant,False
HTRA1,rs2142308,intron_variant,False
HTRA1,rs58077526,intron_variant,False
HTRA1,rs3019487,intergenic_variant,False
HTRA1,rs3758430,intergenic_variant,False
HTRA1,rs61871746,intron_variant,False
HTRA1,rs41317030,intron_variant,False
HTRA1,rs77927946,intergenic_variant,False
HTRA1,rs36212732,intron_variant,False
HTRA1,rs370974631,intron_variant,False
HTRA1,rs2672591,intron_variant,False
HTRA1,rs7908662,intron_variant,False
HTRA1,rs2672596,intron_variant,False
HTRA1,rs3763764,intron_variant,False
HTRA1,rs80232578,intron_variant,False
HTRA1,rs566620821,intron_variant,False
HTRA1,rs4751889,intergenic_variant,False
HTRA1,rs10082476,intron_variant,False
HTRA1,rs11200629,intron_variant,False
HTRA1,rs192960114,intron_variant,False
HTRA1,rs72836137,intron_variant,False
IGF1,rs7136446,intron_variant,False
IGF1,rs10745942,intron_variant,False
IGF1,rs548998304,non_coding_transcript_exon_variant,False
IGF1,rs703588,intron_variant,False
IGF1,rs10860900,intron_variant,False
IGF1,rs7964361,intron_variant,False
IGF1,rs529946213,intron_variant,False
IGF1,rs34649433,intron_variant,False
IGF1,rs9308315,intron_variant,False
IGF1,rs972936,intron_variant,False
IGF1,rs5742621,intron_variant,False
IGF1,rs79812076,intron_variant,False
IGF1,rs2946831,non_coding_transcript_exon_variant,False
IGF1,rs6539053,intron_variant,False
IGF1,rs17033112,intron_variant,False
IGF1,rs78812993,intergenic_variant,False
IGF1,rs190043735,intergenic_variant,False
IGF1,rs150634721,intergenic_variant,False
IGF1,rs1402015,non_coding_transcript_exon_variant,False
IGF1,rs11111304,intron_variant,False
IGF1,rs61941043,intron_variant,False
IGF1,rs140572498,intron_variant,False
IGF1,rs117801453,intron_variant,False
IGF1,rs139221309,intron_variant,False
IGF1,rs76642654,intron_variant,False
IGF1,rs61941038,intron_variant,False
IGF1,rs79362151,intron_variant,False
IGF1,rs7966912,intergenic_variant,False
IGF1,rs5742678,intron_variant,False
IGF1,rs1457596,intron_variant,False
IGF1,rs10860865,intron_variant,False
IGF1,rs5009837,intron_variant,False
IGF1,rs10860882,intron_variant,False
IGF1,rs753479,intron_variant,False
IGF1,rs10860910,intron_variant,False
IGF1,rs11111306,intron_variant,False
IGF1,rs4764883,intron_variant,False
IGF1,rs2172873,intron_variant,False
IGF1,rs78597439,non_coding_transcript_exon_variant,False
IGF1,rs146354672,non_coding_transcript_exon_variant,False
IGF1,rs17032833,intron_variant,False
IGF1,rs77894464,intron_variant,False
IGF1,rs12316585,intron_variant,False
IGF1,rs1718293,intergenic_variant,False
IGF1,rs374381860,intron_variant,False
IGF1,rs78987809,intron_variant,False
IGF1,rs111906432,intergenic_variant,False
IGF1,rs11111333,intron_variant,False
IGF1,rs1722400,intergenic_variant,False
IGF1,rs5800526,intron_variant,False
IGF1,rs12305296,non_coding_transcript_exon_variant,False
IGF1,rs833472,intron_variant,False
IGF1,rs10860857,non_coding_transcript_exon_variant,False
IGF1,rs117692887,non_coding_transcript_exon_variant,False
IGF1,rs2288378,intron_variant,False
IGF1,rs753480,intron_variant,False
IGF1,rs765196070,3_prime_UTR_variant,False
IGF1,rs5742704,3_prime_UTR_variant,False
IGF1,rs2607988,intron_variant,False
IGF1,rs5742632,intron_variant,False
IGF1,rs80076418,intron_variant,False
IGF1,rs117441946,intron_variant,False
IGF1,rs192963808,non_coding_transcript_exon_variant,False
IGF1,rs9989002,intron_variant,False
IGF1,rs703547,intron_variant,False
IGF1,rs151181954,intergenic_variant,False
IGF1,rs73180982,intron_variant,False
IGF1,rs17032384,non_coding_transcript_exon_variant,False
IGF1,rs2114912,intron_variant,False
IGF1,rs703593,intron_variant,False
IGF1,rs35747,intron_variant,False
IGF1,rs10860907,intron_variant,False
IGF1,rs61940837,intron_variant,False
IGF1,rs11111230,non_coding_transcript_exon_variant,False
IGF1,rs1546155,intron_variant,False
IGF1,rs77991917,intron_variant,False
IGF1,rs882409,intron_variant,False
IGF1,rs5742643,intron_variant,False
IGF1,rs1549593,intron_variant,False
IGF1,rs2946830,non_coding_transcript_exon_variant,False
IGF1,rs35767,regulatory_region_variant,False
IGF1,rs12580299,intron_variant,False
IGF1,rs855206,intron_variant,False
IGF1,rs34900422,intron_variant,False
IGF1,rs2195242,intron_variant,False
IGF1,rs12833855,intron_variant,False
IGF1,rs11111293,intron_variant,False
IGF1,rs12424129,non_coding_transcript_exon_variant,False
IGF1,rs703550,intron_variant,False
IGF1,rs5742653,intron_variant,False
IGF1,rs855202,intron_variant,False
IGF1,rs142187070,intron_variant,False
IGF1,rs978458,intron_variant,False
IGF1,rs17797222,intron_variant,False
IGF1,rs2195243,intron_variant,False
IGF1,rs529675002,non_coding_transcript_exon_variant,False
IGF1,rs74414334,intergenic_variant,False
IGF1,rs146298495,intron_variant,False
IGF1,rs879433,intron_variant,False
IGF1,rs187099365,non_coding_transcript_exon_variant,False
IGF1,rs183450236,intron_variant,False
IGF1,rs855596,intergenic_variant,False
IGF1,rs10860867,intron_variant,False
IGF1,rs7295435,intron_variant,False
IGF1,rs7312112,intron_variant,False
IGF1,rs12300112,intron_variant,False
IGF1,rs10507151,intron_variant,False
IGF1,rs6214,3_prime_UTR_variant,False
IGF1,rs11111270,intron_variant,False
IGF1,rs56006730,intron_variant,False
IGF1,rs74494527,non_coding_transcript_exon_variant,False
IGF1,rs7970764,intron_variant,False
IGF1,rs1949554,non_coding_transcript_exon_variant,False
IGF1,rs12425517,intron_variant,False
IGF1,rs146952019,intron_variant,False
IGF1,rs17796225,intron_variant,False
IGF1,rs142665966,intergenic_variant,False
IGF1,rs1019731,intron_variant,False
IGF1,rs5742657,intron_variant,False
IGF1,rs11111272,intron_variant,False
IGF1,rs17032480,non_coding_transcript_exon_variant,False
IGF1,rs5800506,non_coding_transcript_exon_variant,False
IGF1,rs79218426,intergenic_variant,False
IGF1,rs4764702,regulatory_region_variant,False
IGF1,rs76169231,intron_variant,False
IGF1,rs139807087,intron_variant,False
IGF1,rs2162679,intron_variant,False
IGF1,rs61935453,intron_variant,False
IGF1,rs4764907,intron_variant,False
IGF1,rs1533688,non_coding_transcript_exon_variant,False
IGF1,rs12315326,non_coding_transcript_exon_variant,False
IGF1,rs10745941,intron_variant,False
IGF1,rs77812756,intron_variant,False
IGF1,rs4764899,intron_variant,False
IGF1,rs113507599,non_coding_transcript_exon_variant,False
IGF1,rs76627874,non_coding_transcript_exon_variant,False
IGF1,rs855203,intron_variant,False
IGF1,rs2647873,intron_variant,False
IGF1,rs11111354,intron_variant,False
IGF1,rs1379496,intron_variant,False
IGF1,rs703545,intron_variant,False
IGF1,rs7309412,intron_variant,False
IGF1,rs10860909,intron_variant,False
IGF1,rs144055372,intron_variant,False
IGF1,rs12368187,non_coding_transcript_exon_variant,False
IGF1,rs703558,intron_variant,False
IGF1,rs11111278,intron_variant,False
IGF1,rs568036522,intron_variant,False
IGF1,rs11111274,intron_variant,False
IGF1,rs2643672,intron_variant,False
IGF1,rs2033178,intron_variant,False
IGF1,rs855205,intron_variant,False
IGF1,rs17033114,intron_variant,False
IGF1,rs76531168,non_coding_transcript_exon_variant,False
IGF1,rs11111267,intron_variant,False
IGF1,rs855286,intron_variant,False
IGF1,rs4764697,intron_variant,False
IGF1,rs17032467,non_coding_transcript_exon_variant,False
IGF1,rs141454352,non_coding_transcript_exon_variant,False
IGF1,rs703556,intron_variant,False
IGF1,rs7294921,intron_variant,False
IGF1,rs78929770,intron_variant,False
IGF1,rs10507146,intron_variant,False
IGF1,rs1113483,non_coding_transcript_exon_variant,False
IGF1,rs1014675,intergenic_variant,False
IGF1,rs1520223,non_coding_transcript_exon_variant,False
IGF1,rs833741,intron_variant,False
IGF1,rs150179248,intron_variant,False
IGF1,rs78537333,intergenic_variant,False
IGF1,rs11111243,non_coding_transcript_exon_variant,False
IGF1,rs7978057,non_coding_transcript_exon_variant,False
IGF1,rs56154034,non_coding_transcript_exon_variant,False
IGF1,rs2133292,intron_variant,False
IGF1,rs6539044,intron_variant,False
IGF1,rs7131780,intergenic_variant,False
IGF1,rs5742692,intron_variant,False
IGF1,rs5742614,intron_variant,False
IGF1,rs2114913,intron_variant,False
IGF1,rs7964748,intron_variant,False
IGF1,rs7977073,intron_variant,False
IGF1,rs12314695,intergenic_variant,False
IGF1,rs7956547,intron_variant,False
IGF1,rs6218,3_prime_UTR_variant,False
IGF1,rs7979284,intron_variant,False
IGF1,rs833706,intron_variant,False
IGF1,rs12830406,intron_variant,False
IGF1,rs1722388,intergenic_variant,False
IGF1,rs7296495,intron_variant,False
IGF1,rs12313279,intron_variant,False
IGF1,rs35762,intron_variant,False
IGF1,rs9651925,intron_variant,False
IGF1,rs148113416,intron_variant,False
IGF1,rs35638230,non_coding_transcript_exon_variant,False
IGF1,rs78538369,intron_variant,False
IGF1,rs860598,intergenic_variant,False
IGF1,rs747735019,intron_variant,False
IGF1,rs533514283,non_coding_transcript_exon_variant,False
IGF1,rs10860862,non_coding_transcript_exon_variant,False
IGF1,rs6219,3_prime_UTR_variant,False
IGF1,rs7484309,non_coding_transcript_exon_variant,False
IGF1,rs2195240,non_coding_transcript_exon_variant,False
IGF1,rs771782568,intron_variant,False
IGF1,rs61937480,intron_variant,False
IGF1,rs79747671,intron_variant,False
IGF1,rs557562964,intron_variant,False
IGF1,rs10860877,intron_variant,False
IGF1,rs833718,intron_variant,False
IGF1,rs11111315,intron_variant,False
IGF1,rs375877793,intron_variant,False
IGF1,rs11532351,non_coding_transcript_exon_variant,False
IGF1,rs703538,intergenic_variant,False
IGF1,rs73173733,intron_variant,False
IGF1,rs77705555,intron_variant,False
IGF1,rs74900775,non_coding_transcript_exon_variant,False
IGF1,rs143463116,intron_variant,False
IGF1,rs201966881,non_coding_transcript_exon_variant,False
IGF1,rs4764886,intron_variant,False
IGF1,rs10860902,intron_variant,False
IGF1,rs10860864,intron_variant,False
IGF1R,rs2871865,intron_variant,False
IGF1R,rs702497,3_prime_UTR_variant,False
IGF1R,rs4966036,intron_variant,False
IGF1R,rs8023294,intron_variant,False
IGF1R,rs7166287,intron_variant,False
IGF1R,rs4966020,intron_variant,False
IGF1R,rs35025302,intron_variant,False
IGF1R,rs2312493,intron_variant,False
IGF1R,rs144148423,5_prime_UTR_variant,False
IGF1R,rs11858316,intron_variant,False
IGF1R,rs57516305,intron_variant,False
IGF1R,rs8033416,intron_variant,False
IGF1R,rs2684762,intron_variant,False
IGF1R,rs2684805,intron_variant,False
IGF1R,rs2715419,intron_variant,False
IGF1R,rs12908948,intron_variant,False
IGF1R,rs7402982,intron_variant,False
IGF1R,rs7176647,intron_variant,False
IGF1R,rs150801101,missense_variant,True
IGF1R,rs34303684,intron_variant,False
IGF1R,rs28507001,intron_variant,False
IGF1R,rs72767997,intron_variant,False
IGF1R,rs75422555,intron_variant,False
IGF1R,rs4965425,intron_variant,False
IGF1R,rs6598537,intron_variant,False
IGF1R,rs2017500,intron_variant,False
IGF1R,rs9672549,intron_variant,False
IGF1R,rs2715443,intron_variant,False
IGF1R,rs2311766,intron_variant,False
IGF1R,rs11634106,intron_variant,False
IGF1R,rs41350349,intron_variant,False
IGF1R,rs11635251,intron_variant,False
IGF1R,rs2016873,3_prime_UTR_variant,False
IGF1R,rs1573891,intron_variant,False
IGF1R,rs9920515,intron_variant,False
IGF1R,rs2684781,intron_variant,False
IGF1R,rs7172362,intron_variant,False
IGF1R,rs7402983,intron_variant,False
IGF1R,rs149779029,intron_variant,False
IGF1R,rs2311767,intron_variant,False
IGF1R,rs2311753,intron_variant,False
IGF1R,rs12591122,intron_variant,False
IGF1R,rs4966019,intron_variant,False
IGF1R,rs11630647,intron_variant,False
IGF1R,rs28605865,intron_variant,False
IGF1R,rs76022031,intron_variant,False
IGF1R,rs12907693,intron_variant,False
IGF1R,rs4965430,intron_variant,False
IGF1R,rs58553392,intron_variant,False
IGF1R,rs28612945,intron_variant,False
IGF1R,rs12906223,intron_variant,False
IGF1R,rs11247367,intron_variant,False
IGF1R,rs11247362,intron_variant,False
IGF1R,rs2593053,intron_variant,False
IGF1R,rs2312239,intron_variant,False
IGF1R,rs8023409,intron_variant,False
IGF1R,rs200126839,intron_variant,False
IGF1R,rs56803094,intron_variant,False
IGF1R,rs113868972,intron_variant,False
IGF1R,rs28657002,intron_variant,False
IGF1R,rs28456063,intron_variant,False
IGF1R,rs2663127,intron_variant,False
IGF1R,rs11852530,5_prime_UTR_variant,False
IGF1R,rs875686,intron_variant,False
IGF1R,rs58213348,intron_variant,False
IGF1R,rs11633294,intron_variant,False
IGF1R,rs57066717,intron_variant,False
IGF1R,rs6598541,intron_variant,False
IGF1R,rs10794486,intron_variant,False
IGF1R,rs1555476996,intron_variant,False
IGF1R,rs11854132,intron_variant,False
IGF1R,rs2137683,intron_variant,False
IGF1R,rs9672558,intron_variant,False
IGF1R,rs73473423,intron_variant,False
IGF1R,rs2871974,intron_variant,False
IGF1R,rs6598543,intron_variant,False
IGF1R,rs2684788,3_prime_UTR_variant,False
IGF1R,rs28705253,intron_variant,False
IGF1R,rs6598540,intron_variant,False
IGF1R,rs8025194,intron_variant,False
IGF1R,rs1317459,intron_variant,False
IGF1R,rs8037116,intron_variant,False
IGF1R,rs12902985,intron_variant,False
IGF1R,rs1319868,intron_variant,False
IGF1R,rs1567811,intron_variant,False
IGF1R,rs11630479,intron_variant,False
IGF1R,rs12905439,intron_variant,False
IGF1R,rs72752830,intron_variant,False
IGF1R,rs8035410,intron_variant,False
IGF1R,rs4966024,intron_variant,False
IGF1R,rs45579742,intron_variant,False
IGF1R,rs12898337,intron_variant,False
IGF1R,rs12594847,intron_variant,False
IGF1R,rs2684790,intron_variant,False
IGF1R,rs12437561,intron_variant,False
IGF1R,rs8032806,intron_variant,False
IGF1R,rs1319869,intron_variant,False
IGF1R,rs870306,intron_variant,False
IGF1R,rs12904731,intron_variant,False
IGF1R,rs2137680,intron_variant,False
IGF1R,rs2175795,intron_variant,False
IGF1R,rs1849554,intron_variant,False
IGF1R,rs11852437,intron_variant,False
IGF1R,rs11418145,intron_variant,False
IGF1R,rs2663124,intron_variant,False
IGF1R,rs28869768,intron_variant,False
IGF1R,rs12591120,intron_variant,False
IGF1R,rs2684777,intron_variant,False
IGF1R,rs4966011,intron_variant,False
IGF1R,rs41520447,intron_variant,False
IGF1R,rs143251811,intron_variant,False
IGF1R,rs12911273,intron_variant,False
IGF1R,rs752552862,intron_variant,False
IGF1R,rs9672965,intron_variant,False
IGF1R,rs8028620,intron_variant,False
IGF1R,rs1991211,intron_variant,False
IGF1R,rs932071,non_coding_transcript_exon_variant,False
IGF1R,rs2871866,intron_variant,False
IGF1R,rs62023602,intron_variant,False
IGF1R,rs2684812,intron_variant,False
IGF1R,rs8034564,non_coding_transcript_exon_variant,False
IGF1R,rs4966014,intron_variant,False
IGF1R,rs4965426,intron_variant,False
IGF1R,rs874305,intron_variant,False
IGF1R,rs28415045,intron_variant,False
IGF1R,rs7173191,intron_variant,False
IGF1R,rs2312491,intron_variant,False
IGF1R,rs11247381,intron_variant,False
IGF1R,rs7182342,intron_variant,False
IGF1R,rs28401726,intron_variant,False
IGF1R,rs8033670,intron_variant,False
IGF1R,rs3743254,intron_variant,False
IGF1R,rs10468173,intron_variant,False
IGF1R,rs8037680,intron_variant,False
IGF1R,rs2018860,intron_variant,False
IGF1R,rs57221746,intron_variant,False
IGF1R,rs2715423,missense_variant,True
IGF1R,rs1670255,intron_variant,False
IGF1R,rs1007212,intron_variant,False
IGF1R,rs4966025,intron_variant,False
IGF1R,rs907801,intron_variant,False
IGF1R,rs2684787,3_prime_UTR_variant,False
IGF1R,rs111563582,3_prime_UTR_variant,False
IGF1R,rs61168554,intron_variant,False
IGF1R,rs10902605,intron_variant,False
IGF1R,rs191518409,intron_variant,False
IGF1R,rs34516635,missense_variant,True
IGF1R,rs4966021,intron_variant,False
IGF1R,rs58139454,intron_variant,False
IGF1R,rs8030777,intron_variant,False
IGF1R,rs4966038,intron_variant,False
IGF1R,rs62024478,intron_variant,False
IGF1R,rs144739747,missense_variant,True
IGF1R,rs1357112,intron_variant,False
IGF1R,rs191817094,intron_variant,False
IGF1R,rs1319859,intron_variant,False
IGF1R,rs77417635,intron_variant,False
IGF1R,rs13379905,5_prime_UTR_variant,False
IGF1R,rs1521484,stop_gained,True
IGF1R,rs3743249,3_prime_UTR_variant,False
IGF1R,rs377178280,intron_variant,False
IGF1R,rs871334,intron_variant,False
IGF1R,rs7497612,intron_variant,False
IGF1R,rs60710235,intron_variant,False
IGF1R,rs72767957,intron_variant,False
IGF1R,rs62024476,intron_variant,False
IGF1R,rs143193096,missense_variant,True
IGF1R,rs7402939,intron_variant,False
IGF1R,rs80126209,intron_variant,False
IGF1R,rs3803476,intron_variant,False
IGF1R,rs12914479,intron_variant,False
IGF1R,rs141303472,intron_variant,False
IGF1R,rs3784605,intron_variant,False
IGF1R,rs79826452,intron_variant,False
IGF1R,rs12438983,intron_variant,False
IGF1R,rs12899533,intron_variant,False
IGF1R,rs11247368,intron_variant,False
IGF1R,rs12898261,intron_variant,False
IGF1R,rs1026050355,intron_variant,False
IGF1R,rs2684789,intron_variant,False
IGF1R,rs733710,intron_variant,False
IGF1R,rs112970502,intron_variant,False
IGF1R,rs6598542,intron_variant,False
IGF1R,rs3743263,intron_variant,False
IGF1R,rs28680698,intron_variant,False
IGF1R,rs2715438,intron_variant,False
IGF1R,rs2663126,intron_variant,False
IGF1R,rs1574213,intron_variant,False
IGF1R,rs62024481,intron_variant,False
IGF1R,rs11856426,intron_variant,False
IGF1R,rs28605724,intron_variant,False
IGF1R,rs2251687,intron_variant,False
IGF1R,rs8035887,intron_variant,False
IGF1R,rs2654980,3_prime_UTR_variant,False
IGF1R,rs2002389,intron_variant,False
IGF1R,rs7170035,intron_variant,False
IGF1R,rs2311313,non_coding_transcript_exon_variant,False
IGF1R,rs1815009,3_prime_UTR_variant,False
IGF1R,rs7166999,intron_variant,False
IGF1R,rs8033062,intron_variant,False
IGF1R,rs12914977,intron_variant,False
IGF1R,rs62025673,intron_variant,False
IGF1R,rs12908437,intron_variant,False
IGF1R,rs59646751,intron_variant,False
IGF1R,rs4966015,intron_variant,False
IGF1R,rs11634241,intron_variant,False
IGF1R,rs146465276,intron_variant,False
IGF1R,rs12917566,intron_variant,False
IGF1R,rs2684784,intron_variant,False
IGF1R,rs4966008,splice_polypyrimidine_tract_variant,False
IGF1R,rs1976668,intron_variant,False
IGF1R,rs56019012,intron_variant,False
IGF1R,rs6598522,intron_variant,False
IGF1R,rs80280442,intron_variant,False
IGF1R,rs72767936,intron_variant,False
IGF1R,rs116841612,intron_variant,False
IGF1R,rs118124798,intron_variant,False
IGF1R,rs6598539,intron_variant,False
IGF1R,rs148253773,intron_variant,False
IGF1R,rs147723860,non_coding_transcript_exon_variant,False
IGF1R,rs8027457,intron_variant,False
IGF1R,rs7181091,intron_variant,False
IGF1R,rs62024526,intron_variant,False
IGF1R,rs2684786,3_prime_UTR_variant,False
IGF1R,rs59350108,intron_variant,False
IGF1R,rs7182976,intron_variant,False
IGF1R,rs4966022,intron_variant,False
IGF2,rs76074250,intron_variant,False
IGF2,rs10831551,intergenic_variant,False
IGF2,rs3213229,intron_variant,False
IGF2,rs12277475,intergenic_variant,False
IGF2,rs4076542,intergenic_variant,False
IGF2,rs4930144,intergenic_variant,False
IGF2,rs7951222,intergenic_variant,False
IGF2,rs4244808,intron_variant,False
IGF2,rs10743152,non_coding_transcript_exon_variant,False
IGF2,rs7483577,intergenic_variant,False
IGF2,rs4438011,intergenic_variant,False
IGF2,rs6578985,intergenic_variant,False
IGF2,rs555759341,3_prime_UTR_variant,False
IGF2,rs571342427,intron_variant,False
IGF2,rs10743182,intergenic_variant,False
IGF2,rs78805413,regulatory_region_variant,False
IGF2,rs1276903792,intergenic_variant,False
IGF2,rs10770142,intron_variant,False
IGF2,rs11042751,regulatory_region_variant,False
IGF2,rs113945618,intergenic_variant,False
IGF2,rs7127900,intergenic_variant,False
IGF2,rs7482891,intron_variant,False
IGF2,rs4244807,regulatory_region_variant,False
IGF2,rs17737404,intergenic_variant,False
IGF2,rs12419620,regulatory_region_variant,False
IGF2,rs3741211,non_coding_transcript_exon_variant,False
IGF2,rs117693013,intron_variant,False
IGF2,rs3842727,intron_variant,False
IGF2,rs11042978,intron_variant,False
IGF2,rs3842770,intron_variant,False
IGF2,rs7110099,intron_variant,False
IGF2,rs3890907,intergenic_variant,False
IGF2,rs61871274,regulatory_region_variant,False
IGF2,rs7123299,regulatory_region_variant,False
IGF2,rs150806792,intron_variant,False
IGF2,rs3842748,intron_variant,False
IGF2,rs61690641,intron_variant,False
IGF2,rs7126629,intergenic_variant,False
IGF2,rs11043007,non_coding_transcript_exon_variant,False
IGF2,rs181911080,intergenic_variant,False
IGF2,rs4366464,intron_variant,False
IGF2,rs148225495,intergenic_variant,False
IGF2,rs10743180,intergenic_variant,False
IGF2,rs7111145,intergenic_variant,False
IGF2,rs72853903,intron_variant,False
IGF2,rs75659883,intron_variant,False
IGF2,rs7115466,intergenic_variant,False
IGF2,rs12575480,intron_variant,False
IGF2,rs1003484,non_coding_transcript_exon_variant,False
IGF2,rs3741210,non_coding_transcript_exon_variant,False
IGF2,rs7478680,intergenic_variant,False
IGF2,rs76547628,intron_variant,False
IGF2,rs116862756,intergenic_variant,False
IGF2,rs7115232,intergenic_variant,False
IGF2,rs4261263,intergenic_variant,False
IGF2,rs3213223,intron_variant,False
IGF2,rs151225866,intron_variant,False
IGF2,rs74048200,non_coding_transcript_exon_variant,False
IGF2,rs6356,missense_variant,True
IGF2,rs4929964,intron_variant,False
IGF2,rs3842763,intron_variant,False
IGF2,rs6579002,intergenic_variant,False
IGF2,rs7107390,regulatory_region_variant,False
IGF2,rs67110785,regulatory_region_variant,False
IGF2,rs11603378,intron_variant,False
IGF2,rs2070762,intron_variant,False
IGF2,rs117520198,intergenic_variant,False
IGF2,rs6578999,intergenic_variant,False
IGF2,rs2585,3_prime_UTR_variant,False
IGF2,rs11602347,intron_variant,False
IGF2,rs11564695,intergenic_variant,False
IGF2,rs1325019515,intergenic_variant,False
IGF2,rs3842754,intron_variant,False
IGF2,rs4529869,intergenic_variant,False
IGF2,rs10840516,intergenic_variant,False
IGF2,rs35840390,regulatory_region_variant,False
IGF2,rs3842752,3_prime_UTR_variant,False
IGF2,rs10840489,intron_variant,False
IGF2,rs2525882,intron_variant,False
IGF2,rs3842755,intron_variant,False
IGF2,rs10840366,intergenic_variant,False
IGF2,rs2525886,intergenic_variant,False
IGF2,rs3213225,intron_variant,False
IGF2,rs11042594,regulatory_region_variant,False
IGF2,rs183101996,non_coding_transcript_exon_variant,False
IGF2,rs2239681,splice_region_variant,True
IGF2,rs11564725,intron_variant,False
IGF2,rs146569428,intron_variant,False
IGF2,rs11043143,regulatory_region_variant,False
IGF2,rs7121039,regulatory_region_variant,False
IGF2,rs7937915,intergenic_variant,False
IGF2,rs7120567,regulatory_region_variant,False
IGF2,rs77909323,intron_variant,False
IGF2,rs11042658,intergenic_variant,False
IGF2,rs11043069,intergenic_variant,False
IGF2,rs4072825,intron_variant,False
IGF2,rs113924392,intergenic_variant,False
IGF2,rs4930045,intron_variant,False
IGF2,rs7482894,regulatory_region_variant,False
IGF2,rs74050111,intergenic_variant,False
IGF2,rs200180914,regulatory_region_variant,False
IGF2,rs3741205,non_coding_transcript_exon_variant,False
IGF2,rs117212336,intergenic_variant,False
IGF2,rs7111341,intergenic_variant,False
IGF2,rs72853954,intergenic_variant,False
IGF2,rs7128097,intron_variant,False
IGF2,rs72851023,regulatory_region_variant,False
IGF2,rs11603281,intergenic_variant,False
IGF2,rs10840389,regulatory_region_variant,False
IGF2,rs11042608,intergenic_variant,False
IGF2,rs770332237,intron_variant,False
IGF2,rs72482703,intron_variant,False
IGF2,rs116869930,intergenic_variant,False
IGF2,rs775181992,intron_variant,False
IGF2,rs2000993,intron_variant,False
IGF2,rs34584495,intergenic_variant,False
IGF2,rs10840606,regulatory_region_variant,False
IGF2,rs11564722,intron_variant,False
IGF2,rs10743149,intron_variant,False
IGF2,rs11021918,intergenic_variant,False
IGF2,rs3842753,3_prime_UTR_variant,False
IGF2,rs4930103,intergenic_variant,False
IGF2,rs7107784,regulatory_region_variant,False
IGF2,rs689,splice_region_variant,True
IGF2,rs3741208,non_coding_transcript_exon_variant,False
IGF2,rs7482510,intron_variant,False
IGF2,rs3168310,3_prime_UTR_variant,False
IGF2,rs3842761,intron_variant,False
IGF2,rs78276179,intron_variant,False
IGF2,rs12419444,intergenic_variant,False
IGF2,rs149483638,splice_acceptor_variant,True
IGF2,rs10743181,intergenic_variant,False
IGF2,rs370796077,intergenic_variant,False
IGF2,rs73398031,intron_variant,False
IGF2,rs10840341,intergenic_variant,False
IGF2,rs77124198,intron_variant,False
IGF2,rs72853948,intergenic_variant,False
IGF2,rs11564708,intergenic_variant,False
IGF2,rs67225004,intergenic_variant,False
IGF2,rs10770143,non_coding_transcript_exon_variant,False
IGF2,rs10770125,missense_variant,True
IGF2,rs6578975,intron_variant,False
IGF2,rs7873,3_prime_UTR_variant,False
IGF2,rs6578251,intergenic_variant,False
IGF2,rs10840442,intron_variant,False
IGF2,rs17885785,intron_variant,False
IGF2,rs7933888,intergenic_variant,False
IGF2,rs7129483,intergenic_variant,False
IGF2,rs2735469,intergenic_variant,False
IGF2,rs1124699,intron_variant,False
IGF2,rs3842726,intron_variant,False
IGF2,rs78896587,intron_variant,False
IGF2,rs11600968,intron_variant,False
IGF2,rs7946543,regulatory_region_variant,False
IGF2,rs35936684,intergenic_variant,False
IGF2,rs61867027,intergenic_variant,False
IGF2,rs11043003,intron_variant,False
IGF2,rs10770140,non_coding_transcript_exon_variant,False
IGF2,rs72853921,intergenic_variant,False
IGF2,rs11042596,non_coding_transcript_exon_variant,False
IGF2,rs79950627,intergenic_variant,False
IGF2,rs10840496,intron_variant,False
IGF2,rs11602519,intergenic_variant,False
IGF2,rs4930050,intergenic_variant,False
IGF2,rs4929965,intron_variant,False
IGF2,rs143000786,intergenic_variant,False
IGF2,rs7107385,regulatory_region_variant,False
IGF2,rs566186985,intergenic_variant,False
IGF2,rs11564713,intron_variant,False
IGF2,rs74050056,intron_variant,False
IGF2,rs113257255,intron_variant,False
IGF2,rs35506085,intron_variant,False
IGF2,rs4930044,intron_variant,False
IGF2,rs1004446,intron_variant,False
IGF2,rs11564714,intron_variant,False
IGF2,rs10840240,intergenic_variant,False
IGF2,rs74764171,intron_variant,False
IGF2,rs12417332,intron_variant,False
IGF2,rs4320932,intron_variant,False
IGF2,rs7948458,intron_variant,False
IGF2,rs7480143,intergenic_variant,False
IGF2,rs10840595,intergenic_variant,False
IGF2,rs11043076,regulatory_region_variant,False
IGF2,rs4075003,regulatory_region_variant,False
IGF2R,rs141947630,intron_variant,False
IGF2R,rs77759957,intron_variant,False
IGF2R,rs13218689,intron_variant,False
IGF2R,rs79577746,intron_variant,False
IGF2R,rs73017544,intergenic_variant,False
IGF2R,rs75132722,intron_variant,False
IGF2R,rs8191725,intron_variant,False
IGF2R,rs791185,intron_variant,False
IGF2R,rs4646272,intron_variant,False
IGF2R,rs533528294,intron_variant,False
IGF2R,rs13209686,intron_variant,False
IGF2R,rs78693187,intron_variant,False
IGF2R,rs145770462,intergenic_variant,False
IGF2R,rs144078421,non_coding_transcript_exon_variant,False
IGF2R,rs9456508,intron_variant,False
IGF2R,rs6937722,intron_variant,False
IGF2R,rs614754,synonymous_variant,True
IGF2R,rs3798191,intron_variant,False
IGF2R,rs41267797,synonymous_variant,True
IGF2R,rs144005840,intergenic_variant,False
IGF2R,rs4646276,intron_variant,False
IGF2R,rs4709383,intergenic_variant,False
IGF2R,rs3777399,intron_variant,False
IGF2R,rs629849,missense_variant,True
IGF2R,rs112476023,intron_variant,False
IGF2R,rs12200363,intergenic_variant,False
IGF2R,rs3912160,intron_variant,False
IGF2R,rs147010904,intron_variant,False
IGF2R,rs9365114,intergenic_variant,False
IGF2R,rs6934383,intergenic_variant,False
IGF2R,rs191235317,intron_variant,False
IGF2R,rs476235,intron_variant,False
IGF2R,rs74495751,intron_variant,False
IGF2R,rs78369364,intron_variant,False
IGF2R,rs9457827,intron_variant,False
IGF2R,rs4646284,intron_variant,False
IGF2R,rs3737088,intron_variant,False
IGF2R,rs8191693,intron_variant,False
IGF2R,rs13220323,intron_variant,False
IGF2R,rs563159058,intron_variant,False
IGF2R,rs117901488,intron_variant,False
IGF2R,rs9457841,intron_variant,False
IGF2R,rs71793166,intron_variant,False
IGF2R,rs78277868,intron_variant,False
IGF2R,rs117307493,intron_variant,False
IGF2R,rs6932293,intergenic_variant,False
IGF2R,rs73025562,intron_variant,False
IGF2R,rs463599,intron_variant,False
IGF2R,rs4646283,intron_variant,False
IGF2R,rs1382785,intron_variant,False
IGF2R,rs1564348,intron_variant,False
IGF2R,rs8191728,intron_variant,False
IGF2R,rs576888780,intergenic_variant,False
IGF2R,rs11481286,intron_variant,False
IGF2R,rs9457853,intron_variant,False
IGF2R,rs683369,missense_variant,True
IGF2R,rs3119304,intergenic_variant,False
IGF2R,rs58458113,3_prime_UTR_variant,False
IGF2R,rs117825767,intron_variant,False
IGF2R,rs9457800,intron_variant,False
IGF2R,rs561373447,intron_variant,False
IGF2R,rs146465192,intergenic_variant,False
IGF2R,rs681401,intron_variant,False
IGF2R,rs2297374,intron_variant,False
IGF2R,rs6925867,intron_variant,False
IGF2R,rs182427292,intron_variant,False
IGF2R,rs143520616,intergenic_variant,False
IGF2R,rs13217003,intron_variant,False
IGF2R,rs651164,intron_variant,False
IGF2R,rs4709393,intron_variant,False
IGF2R,rs1116262,intron_variant,False
IGF2R,rs3963973,intron_variant,False
IGF2R,rs778544779,intergenic_variant,False
IGF2R,rs6917747,intron_variant,False
IGF2R,rs181374501,3_prime_UTR_variant,False
IGF2R,rs191765480,intron_variant,False
IGF2R,rs2297364,intron_variant,False
IGF2R,rs457543,intergenic_variant,False
IGF2R,rs12207188,3_prime_UTR_variant,False
IGF2R,rs920811,intron_variant,False
IGF2R,rs609468,intron_variant,False
IGF2R,rs3777421,intron_variant,False
IGF2R,rs716995,intergenic_variant,False
IGF2R,rs527921556,intron_variant,False
IGF2R,rs768312655,intron_variant,False
IGF2R,rs2777355,intron_variant,False
IGF2R,rs151180572,missense_variant,True
IGF2R,rs998075,synonymous_variant,True
IGF2R,rs13207901,intron_variant,False
IGF2R,rs76778371,intron_variant,False
IGF2R,rs654993,intron_variant,False
IGF2R,rs2282143,missense_variant,True
IGF2R,rs182532458,intron_variant,False
IGF2R,rs9457761,intergenic_variant,False
IGF2R,rs73025516,intron_variant,False
IGF2R,rs117727234,intergenic_variant,False
IGF2R,rs7764927,intron_variant,False
IGF2R,rs118053827,intron_variant,False
IGF2R,rs77858805,intron_variant,False
IGF2R,rs74515649,intron_variant,False
IGF2R,rs220722,intron_variant,False
IGF2R,rs9456496,intron_variant,False
IGF2R,rs2282137,splice_polypyrimidine_tract_variant,False
IGF2R,rs2297363,intron_variant,False
IGF2R,rs3798178,intron_variant,False
IGF2R,rs594709,intron_variant,False
IGF2R,rs3798207,intron_variant,False
IGF2R,rs111333005,intron_variant,False
IGF2R,rs9365125,intron_variant,False
IGF2R,rs73025532,intergenic_variant,False
IGF2R,rs8191743,intron_variant,False
IGF2R,rs408889,intron_variant,False
IGF2R,rs2297372,intron_variant,False
IGF2R,rs202220802,inframe_deletion,True
IGF2R,rs576887840,intron_variant,False
IGF2R,rs78423775,intron_variant,False
IGF2R,rs76130099,missense_variant,True
IGF2R,rs571184193,intergenic_variant,False
IGF2R,rs9347386,intron_variant,False
IGF2R,rs677882,non_coding_transcript_exon_variant,False
IGF2R,rs7750288,intron_variant,False
IGF2R,rs6909681,intron_variant,False
IGF2R,rs3798173,intron_variant,False
IGF2R,rs755884,intron_variant,False
IGF2R,rs3798188,intron_variant,False
IGF2R,rs543570485,intron_variant,False
IGF2R,rs9457843,non_coding_transcript_exon_variant,False
IGF2R,rs775124848,intergenic_variant,False
IGF2R,rs879862,intron_variant,False
IGF2R,rs145082432,intron_variant,False
IGF2R,rs2297356,intron_variant,False
IGF2R,rs117448557,intron_variant,False
IGF2R,rs9457840,intergenic_variant,False
IGF2R,rs3839348,intron_variant,False
IGF2R,rs62442661,intergenic_variant,False
IGF2R,rs200865946,stop_gained,True
IGF2R,rs76077281,intergenic_variant,False
IGF2R,rs3777420,intron_variant,False
IGF2R,rs62440901,intron_variant,False
IGF2R,rs12216486,3_prime_UTR_variant,False
IGF2R,rs12202350,intergenic_variant,False
IGF2R,rs650284,intron_variant,False
IGF2R,rs628031,missense_variant,True
IGF2R,rs8191772,intron_variant,False
IGF2R,rs189318258,intron_variant,False
IGF2R,rs3798208,intron_variant,False
IGF2R,rs2197296,intron_variant,False
IGF2R,rs533142075,intergenic_variant,False
IGF2R,rs600324,intron_variant,False
IGF2R,rs77648599,intron_variant,False
IGF2R,rs146203232,intron_variant,False
IGF2R,rs2277070,intron_variant,False
IGF2R,rs141163734,intron_variant,False
IGF2R,rs187270959,intergenic_variant,False
IGF2R,rs4709392,intron_variant,False
IGF2R,rs622342,intron_variant,False
IGF2R,rs1360404330,intron_variant,False
IGF2R,rs559327773,intron_variant,False
IGF2R,rs11753995,intron_variant,False
IGF2R,rs648253,intron_variant,False
IGF2R,rs773481775,intron_variant,False
IGF2R,rs112201728,intron_variant,False
IGF2R,rs188853201,intergenic_variant,False
IGF2R,rs34130495,missense_variant,True
IGF2R,rs150856119,intergenic_variant,False
IGF2R,rs10945649,non_coding_transcript_exon_variant,False
IGF2R,rs117094150,intergenic_variant,False
IGF2R,rs16891156,intron_variant,False
IGF2R,rs2297361,intron_variant,False
IGF2R,rs147858094,intron_variant,False
IGF2R,rs3798167,intron_variant,False
IGF2R,rs9456478,intergenic_variant,False
IGF2R,rs75474551,intron_variant,False
IGF2R,rs116926922,intergenic_variant,False
IGF2R,rs3822842,intron_variant,False
IGF2R,rs688359,intron_variant,False
IGF2R,rs3777411,intron_variant,False
IGF2R,rs146534110,intron_variant,False
IGF2R,rs13220128,intron_variant,False
IGF2R,rs111909590,intron_variant,False
IGF2R,rs9295118,intron_variant,False
IGF2R,rs8191754,missense_variant,True
IGF2R,rs12208357,missense_variant,True
IGF2R,rs9457811,intron_variant,False
IGF2R,rs1130861,intron_variant,False
IGF2R,rs9346805,intron_variant,False
IGF2R,rs147626015,intron_variant,False
IGF2R,rs139027939,intron_variant,False
IGF2R,rs77999960,missense_variant,True
IGF2R,rs4629714,intergenic_variant,False
IGF2R,rs3798176,intron_variant,False
IGF2R,rs9365128,intron_variant,False
IGF2R,rs9347388,intron_variant,False
IGF2R,rs3798185,intron_variant,False
IGF2R,rs998203,intron_variant,False
IGF2R,rs894818,intron_variant,False
IGF2R,rs73586466,intergenic_variant,False
IGF2R,rs687088,intron_variant,False
IGF2R,rs3798164,intron_variant,False
IGF2R,rs1443844,intron_variant,False
IGF2R,rs370796710,intergenic_variant,False
IGF2R,rs2297359,intron_variant,False
IGF2R,rs998074,intron_variant,False
IGF2R,rs529898249,intron_variant,False
IGF2R,rs149100513,missense_variant,True
IGF2R,rs78797168,intron_variant,False
IGF2R,rs4709399,intergenic_variant,False
IGF2R,rs9347372,intron_variant,False
IGF2R,rs384167,intron_variant,False
IGF2R,rs28495851,intron_variant,False
IGF2R,rs9457816,intron_variant,False
IGF2R,rs12207180,intergenic_variant,False
IGF2R,rs1888727,non_coding_transcript_exon_variant,False
IGF2R,rs2343275,intron_variant,False
IGF2R,rs182255883,intron_variant,False
IGF2R,rs9295123,intron_variant,False
IGF2R,rs8191813,intron_variant,False
IGF2R,rs9365137,intron_variant,False
IGF2R,rs117859111,intergenic_variant,False
IGF2R,rs1225485459,synonymous_variant,True
IGF2R,rs79370442,intron_variant,False
IGF2R,rs150664378,intron_variant,False
IGF2R,rs8191852,intron_variant,False
IGF2R,rs220725,intron_variant,False
IGF2R,rs182060649,intron_variant,False
IGF2R,rs2065397,intron_variant,False
IGF2R,rs62440900,intron_variant,False
IGF2R,rs140753441,3_prime_UTR_variant,False
IGF2R,rs34059508,missense_variant,True
IGF2R,rs3798169,intron_variant,False
IGF2R,rs170219,3_prime_UTR_variant,False
IGF2R,rs1867348,intron_variant,False
IGF2R,rs77153348,intron_variant,False
IGF2R,rs56296641,intron_variant,False
IGF2R,rs75885118,intron_variant,False
IGF2R,rs456598,intergenic_variant,False
IGF2R,rs3798180,intron_variant,False
IGF2R,rs2282140,intron_variant,False
IGF2R,rs2092583,intergenic_variant,False
IGF2R,rs2230044,synonymous_variant,True
IGF2R,rs1036951,intron_variant,False
IGF2R,rs633863,intron_variant,False
IGF2R,rs2297360,intron_variant,False
IGF2R,rs2282141,intron_variant,False
IGF2R,rs13192111,intron_variant,False
IGF2R,rs9346808,intergenic_variant,False
IGF2R,rs78425119,intron_variant,False
IGF2R,rs3777404,intron_variant,False
IGF2R,rs1086573,intron_variant,False
IGF2R,rs111226116,intergenic_variant,False
IGF2R,rs80254170,intron_variant,False
IGF2R,rs1570070,synonymous_variant,True
IGF2R,rs662138,intron_variant,False
IGF2R,rs9457799,intron_variant,False
IGFALS,rs61656020,intron_variant,False
IGFALS,rs7185299,intron_variant,False
IGFALS,rs117746874,intron_variant,False
IGFALS,rs238677,intron_variant,False
IGFALS,rs3743853,missense_variant,True
IGFALS,rs67816797,intron_variant,False
IGFALS,rs150174780,missense_variant,True
IGFALS,rs62038423,intron_variant,False
IGFALS,rs9933881,intron_variant,False
IGFALS,rs8056771,intron_variant,False
IGFALS,rs17559,synonymous_variant,True
IGFALS,rs34680334,missense_variant,True
IGFALS,rs6600164,TF_binding_site_variant,False
IGFALS,rs143070371,missense_variant,True
IGFALS,rs1028590,3_prime_UTR_variant,False
IGFALS,rs2294619,missense_variant,True
IGFALS,rs2745205,intron_variant,False
IGFALS,rs1742409,intron_variant,False
IGFALS,rs117959643,intron_variant,False
IGFALS,rs2745170,intron_variant,False
IGFALS,rs35816944,stop_gained,True
IGFALS,rs1742425,intron_variant,False
IGFALS,rs8048693,intron_variant,False
IGFALS,rs773502836,missense_variant,True
IGFALS,rs200313587,missense_variant,True
IGFALS,rs7196052,intergenic_variant,False
IGFALS,rs2575371,splice_polypyrimidine_tract_variant,False
IGFALS,rs35947557,missense_variant,True
IGFALS,rs186939,intron_variant,False
IGFALS,rs2575368,intron_variant,False
IGFALS,rs774634302,missense_variant,True
IGFALS,rs1178437,intron_variant,False
IGFALS,rs181256234,intron_variant,False
IGFALS,rs10500323,intron_variant,False
IGFALS,rs569258464,intergenic_variant,False
IGFALS,rs745487269,missense_variant,True
IGFALS,rs1065656,3_prime_UTR_variant,False
IGFALS,rs33933410,synonymous_variant,True
IGFALS,rs1065666,3_prime_UTR_variant,False
IGFALS,rs62040020,intron_variant,False
IGFALS,rs143044850,intron_variant,False
IGFALS,rs143008659,intron_variant,False
IGFALS,rs576550218,intron_variant,False
IGFALS,rs757219804,intron_variant,False
IGFALS,rs238678,intron_variant,False
IGFALS,rs2235649,intron_variant,False
IGFALS,rs8050777,intron_variant,False
IGFALS,rs776312123,missense_variant,True
IGFALS,rs9282731,missense_variant,True
IGFALS,rs1055208203,frameshift_variant,True
IGFALS,rs12719796,intron_variant,False
IGFALS,rs58125559,intron_variant,False
IGFALS,rs56316151,synonymous_variant,True
IGFALS,rs111730788,intron_variant,False
IGFALS,rs138102620,missense_variant,True
IGFALS,rs116866098,intron_variant,False
IGFALS,rs344352,intergenic_variant,False
IGFALS,rs985183711,intron_variant,False
IGFALS,rs28469124,intron_variant,False
IGFALS,rs11648261,intron_variant,False
IGFALS,rs7188124,intron_variant,False
IGFALS,rs12598216,intron_variant,False
IGFALS,rs391543,intron_variant,False
IGFALS,rs7187251,intron_variant,False
IGFALS,rs72761177,intron_variant,False
IGFALS,rs1172812314,missense_variant,True
IGFALS,rs372343863,missense_variant,True
IGFALS,rs10083731,intron_variant,False
IGFALS,rs3817902,5_prime_UTR_variant,False
IGFALS,rs28460464,intron_variant,False
IGFALS,rs781481672,missense_variant,True
IGFALS,rs3760035,intron_variant,False
IGFALS,rs3743852,synonymous_variant,True
IGFALS,rs571481044,missense_variant,True
IGFALS,rs72761178,intron_variant,False
IGFALS,rs749285440,intron_variant,False
IGFALS,rs11890,missense_variant,True
IGFALS,rs140703991,stop_gained,True
IGFALS,rs185225846,intron_variant,False
IGFALS,rs545588166,intergenic_variant,False
IGFALS,rs1143032,3_prime_UTR_variant,False
IGFALS,rs9931360,splice_region_variant,True
IGFALS,rs2256923,intron_variant,False
IGFALS,rs2917521,intron_variant,False
IGFALS,rs761065,synonymous_variant,True
IGFALS,rs171162,intron_variant,False
IGFALS,rs2974847,intron_variant,False
IGFALS,rs115389912,missense_variant,True
IGFALS,rs35706152,missense_variant,True
IGFALS,rs74002488,intron_variant,False
IGFALS,rs180753,intron_variant,False
IGFBP1,rs1723953,intron_variant,False
IGFBP1,rs57310213,intron_variant,False
IGFBP1,rs1880318,intron_variant,False
IGFBP1,rs145188037,missense_variant,True
IGFBP1,rs73692310,intron_variant,False
IGFBP1,rs10260816,intron_variant,False
IGFBP1,rs150827217,intergenic_variant,False
IGFBP1,rs62457620,intergenic_variant,False
IGFBP1,rs2453837,intron_variant,False
IGFBP1,rs2462686,intron_variant,False
IGFBP1,rs1542820,intergenic_variant,False
IGFBP1,rs117054298,splice_acceptor_variant,True
IGFBP1,rs1722141,intron_variant,False
IGFBP1,rs9282734,missense_variant,True
IGFBP1,rs10282088,intergenic_variant,False
IGFBP1,rs788709,intron_variant,False
IGFBP1,rs11977526,intron_variant,False
IGFBP1,rs2453849,intergenic_variant,False
IGFBP1,rs113543630,intergenic_variant,False
IGFBP1,rs3110697,intron_variant,False
IGFBP1,rs117836614,intron_variant,False
IGFBP1,rs62457627,regulatory_region_variant,False
IGFBP1,rs788747,intron_variant,False
IGFBP1,rs2854747,intron_variant,False
IGFBP1,rs1723957,intron_variant,False
IGFBP1,rs2140917,non_coding_transcript_exon_variant,False
IGFBP1,rs2965072,intron_variant,False
IGFBP1,rs75764599,intron_variant,False
IGFBP1,rs6956740,intron_variant,False
IGFBP1,rs2949833,intron_variant,False
IGFBP1,rs2453836,intron_variant,False
IGFBP1,rs62457615,intergenic_variant,False
IGFBP1,rs11763862,intron_variant,False
IGFBP1,rs6953668,intron_variant,False
IGFBP1,rs940891,intron_variant,False
IGFBP1,rs28705240,intergenic_variant,False
IGFBP1,rs10247534,intergenic_variant,False
IGFBP1,rs138119231,intergenic_variant,False
IGFBP1,rs7779885,intergenic_variant,False
IGFBP1,rs116927879,intergenic_variant,False
IGFBP1,rs112145078,intergenic_variant,False
IGFBP1,rs188298323,non_coding_transcript_exon_variant,False
IGFBP1,rs10265133,non_coding_transcript_exon_variant,False
IGFBP1,rs145646599,intron_variant,False
IGFBP1,rs1496496,intergenic_variant,False
IGFBP1,rs60461751,intron_variant,False
IGFBP1,rs788751,intron_variant,False
IGFBP1,rs924140,regulatory_region_variant,False
IGFBP1,rs13232606,intergenic_variant,False
IGFBP1,rs17847676,missense_variant,True
IGFBP1,rs1543270,intron_variant,False
IGFBP1,rs545647310,intergenic_variant,False
IGFBP1,rs9658222,intron_variant,False
IGFBP1,rs72563727,regulatory_region_variant,False
IGFBP1,rs1723939,intron_variant,False
IGFBP1,rs66529246,intron_variant,False
IGFBP1,rs148562589,intron_variant,False
IGFBP1,rs199696982,intron_variant,False
IGFBP1,rs59319121,intron_variant,False
IGFBP1,rs191502385,intron_variant,False
IGFBP1,rs33979592,intron_variant,False
IGFBP1,rs2949837,intron_variant,False
IGFBP1,rs1117457,intergenic_variant,False
IGFBP1,rs74302634,intergenic_variant,False
IGFBP1,rs788718,intron_variant,False
IGFBP1,rs788711,intron_variant,False
IGFBP1,rs2935262,intron_variant,False
IGFBP1,rs10577484,intergenic_variant,False
IGFBP1,rs2965069,intron_variant,False
IGFBP1,rs117774089,intergenic_variant,False
IGFBP1,rs117561950,intron_variant,False
IGFBP1,rs756951692,missense_variant,True
IGFBP1,rs147700247,missense_variant,True
IGFBP1,rs1722116,intron_variant,False
IGFBP1,rs569493311,intergenic_variant,False
IGFBP1,rs2331390,intergenic_variant,False
IGFBP1,rs199644320,intron_variant,False
IGFBP1,rs788748,intron_variant,False
IGFBP1,rs788754,intron_variant,False
IGFBP1,rs2854746,missense_variant,True
IGFBP1,rs10255707,intron_variant,False
IGFBP1,rs73694847,non_coding_transcript_exon_variant,False
IGFBP1,rs2854744,regulatory_region_variant,False
IGFBP2,rs10932669,intergenic_variant,False
IGFBP2,rs11694616,intron_variant,False
IGFBP2,rs6435942,intron_variant,False
IGFBP2,rs11575194,missense_variant,True
IGFBP2,rs6757486,intergenic_variant,False
IGFBP2,rs36079180,intron_variant,False
IGFBP2,rs2712172,intron_variant,False
IGFBP2,rs1861630,intron_variant,False
IGFBP2,rs57866041,intron_variant,False
IGFBP2,rs11674057,intron_variant,False
IGFBP2,rs9917209,intron_variant,False
IGFBP2,rs6753018,intron_variant,False
IGFBP2,rs4674101,intron_variant,False
IGFBP2,rs2241193,intron_variant,False
IGFBP2,rs16856445,intron_variant,False
IGFBP2,rs76575854,intergenic_variant,False
IGFBP2,rs1554715,intron_variant,False
IGFBP2,rs60603116,intron_variant,False
IGFBP2,rs4674100,intergenic_variant,False
IGFBP2,rs13020935,intron_variant,False
IGFBP2,rs12989190,intron_variant,False
IGFBP2,rs371560018,intron_variant,False
IGFBP2,rs1861628,intron_variant,False
IGFBP2,rs6754292,intron_variant,False
IGFBP2,rs1861631,intron_variant,False
IGFBP2,rs144202860,intron_variant,False
IGFBP2,rs6711608,intron_variant,False
IGFBP2,rs11575134,intron_variant,False
IGFBP2,rs10173469,intron_variant,False
IGFBP2,rs6755489,intron_variant,False
IGFBP2,rs16856568,intron_variant,False
IGFBP2,rs35797306,intron_variant,False
IGFBP2,rs16856373,intergenic_variant,False
IGFBP2,rs17496232,regulatory_region_variant,False
IGFBP2,rs11280610,intron_variant,False
IGFBP2,rs6435953,intron_variant,False
IGFBP2,rs10932672,intron_variant,False
IGFBP2,rs13015993,intron_variant,False
IGFBP2,rs1548942,intron_variant,False
IGFBP2,rs139739387,intergenic_variant,False
IGFBP2,rs62180637,non_coding_transcript_exon_variant,False
IGFBP2,rs12477332,intron_variant,False
IGFBP2,rs6754506,intron_variant,False
IGFBP2,rs75747985,intron_variant,False
IGFBP2,rs9288520,intergenic_variant,False
IGFBP2,rs9341226,regulatory_region_variant,False
IGFBP2,rs12463731,intron_variant,False
IGFBP2,rs57892285,intron_variant,False
IGFBP2,rs111696008,intron_variant,False
IGFBP2,rs17773051,intron_variant,False
IGFBP2,rs759546,intron_variant,False
IGFBP2,rs2003589,non_coding_transcript_exon_variant,False
IGFBP2,rs56125329,intergenic_variant,False
IGFBP2,rs10932677,intron_variant,False
IGFBP2,rs1525608,intron_variant,False
IGFBP2,rs9341130,intron_variant,False
IGFBP2,rs6435952,intron_variant,False
IGFBP2,rs8179795,intron_variant,False
IGFBP2,rs7568039,intron_variant,False
IGFBP2,rs2067039,intergenic_variant,False
IGFBP2,rs9341165,intron_variant,False
IGFBP2,rs60656193,intron_variant,False
IGFBP2,rs1012319,intron_variant,False
IGFBP2,rs529938589,intron_variant,False
IGFBP2,rs185181667,regulatory_region_variant,False
IGFBP2,rs6724363,intron_variant,False
IGFBP3,rs1723953,intron_variant,False
IGFBP3,rs2965072,intron_variant,False
IGFBP3,rs788731,intron_variant,False
IGFBP3,rs145188037,missense_variant,True
IGFBP3,rs2949833,intron_variant,False
IGFBP3,rs2453836,intron_variant,False
IGFBP3,rs62457615,intergenic_variant,False
IGFBP3,rs62457620,intergenic_variant,False
IGFBP3,rs11763862,intron_variant,False
IGFBP3,rs6953668,intron_variant,False
IGFBP3,rs17172621,non_coding_transcript_exon_variant,False
IGFBP3,rs10246341,intron_variant,False
IGFBP3,rs2453837,intron_variant,False
IGFBP3,rs33979592,intron_variant,False
IGFBP3,rs7795536,intron_variant,False
IGFBP3,rs1722141,intron_variant,False
IGFBP3,rs112145078,intergenic_variant,False
IGFBP3,rs188298323,non_coding_transcript_exon_variant,False
IGFBP3,rs74302634,intergenic_variant,False
IGFBP3,rs788718,intron_variant,False
IGFBP3,rs788709,intron_variant,False
IGFBP3,rs2935262,intron_variant,False
IGFBP3,rs2453849,intergenic_variant,False
IGFBP3,rs2965069,intron_variant,False
IGFBP3,rs117774089,intergenic_variant,False
IGFBP3,rs17847676,missense_variant,True
IGFBP3,rs113543630,intergenic_variant,False
IGFBP3,rs1543270,intron_variant,False
IGFBP3,rs1722116,intron_variant,False
IGFBP3,rs147700247,missense_variant,True
IGFBP3,rs569493311,intergenic_variant,False
IGFBP3,rs3110697,intron_variant,False
IGFBP3,rs788747,intron_variant,False
IGFBP3,rs545647310,intergenic_variant,False
IGFBP3,rs788748,intron_variant,False
IGFBP3,rs2854746,missense_variant,True
IGFBP3,rs10255707,intron_variant,False
IGFBP3,rs73694847,non_coding_transcript_exon_variant,False
IGFBP3,rs879965,intron_variant,False
IGFBP3,rs2854744,regulatory_region_variant,False
IGFBP3,rs66529246,intron_variant,False
IGFBP3,rs1880318,intron_variant,False
IGFBP3,rs10260816,intron_variant,False
IGFBP3,rs940891,intron_variant,False
IGFBP3,rs28705240,intergenic_variant,False
IGFBP3,rs10247534,intergenic_variant,False
IGFBP3,rs138119231,intergenic_variant,False
IGFBP3,rs59319121,intron_variant,False
IGFBP3,rs116927879,intergenic_variant,False
IGFBP3,rs2462686,intron_variant,False
IGFBP3,rs1542820,intergenic_variant,False
IGFBP3,rs117054298,splice_acceptor_variant,True
IGFBP3,rs9282734,missense_variant,True
IGFBP3,rs1117457,intergenic_variant,False
IGFBP3,rs788751,intron_variant,False
IGFBP3,rs1722136,intron_variant,False
IGFBP3,rs788711,intron_variant,False
IGFBP3,rs11977526,intron_variant,False
IGFBP3,rs756951692,missense_variant,True
IGFBP3,rs199644320,intron_variant,False
IGFBP3,rs2854747,intron_variant,False
IGFBP3,rs72563727,regulatory_region_variant,False
IGFBP3,rs788754,intron_variant,False
IGFBP3,rs1723957,intron_variant,False
IGFBP3,rs2140917,non_coding_transcript_exon_variant,False
IGFBP3,rs2960429,intron_variant,False
IGFBP3,rs1723939,intron_variant,False
IGFBP3,rs75764599,intron_variant,False
IGFBP3,rs6956740,intron_variant,False
IGFBP3,rs73692310,intron_variant,False
IGFBP3,rs1496496,intergenic_variant,False
IGFBP3,rs150827217,intergenic_variant,False
IGFBP3,rs78988425,intron_variant,False
IGFBP3,rs199696982,intron_variant,False
IGFBP3,rs7779885,intergenic_variant,False
IGFBP3,rs191502385,intron_variant,False
IGFBP3,rs148562589,intron_variant,False
IGFBP3,rs2949837,intron_variant,False
IGFBP3,rs1525816,intron_variant,False
IGFBP3,rs1613282,intron_variant,False
IGFBP3,rs10265133,non_coding_transcript_exon_variant,False
IGFBP3,rs145646599,intron_variant,False
IGFBP3,rs74680792,intron_variant,False
IGFBP3,rs10282088,intergenic_variant,False
IGFBP3,rs60461751,intron_variant,False
IGFBP3,rs924140,regulatory_region_variant,False
IGFBP3,rs13232606,intergenic_variant,False
IGFBP3,rs788739,intron_variant,False
IGFBP3,rs10577484,intergenic_variant,False
IGFBP3,rs117561950,intron_variant,False
IGFBP3,rs76810535,intron_variant,False
IGFBP3,rs2331390,intergenic_variant,False
IGFBP3,rs62457627,regulatory_region_variant,False
IGFBP3,rs9658222,intron_variant,False
IGFBP4,rs13695,3_prime_UTR_variant,False
IGFBP4,rs1009570,intergenic_variant,False
IGFBP4,rs16965783,intron_variant,False
IGFBP4,rs16965748,intron_variant,False
IGFBP4,rs473198,intron_variant,False
IGFBP4,rs141951483,intergenic_variant,False
IGFBP4,rs8078319,intergenic_variant,False
IGFBP4,rs151169359,intron_variant,False
IGFBP4,rs11867902,intron_variant,False
IGFBP4,rs1868758,non_coding_transcript_exon_variant,False
IGFBP4,rs507671,non_coding_transcript_exon_variant,False
IGFBP4,rs11078945,intron_variant,False
IGFBP4,rs202055764,missense_variant,True
IGFBP4,rs372866947,intergenic_variant,False
IGFBP4,rs7225411,regulatory_region_variant,False
IGFBP4,rs11657212,intron_variant,False
IGFBP4,rs35269070,intron_variant,False
IGFBP4,rs7219622,intron_variant,False
IGFBP4,rs146879316,intron_variant,False
IGFBP4,rs2586116,non_coding_transcript_exon_variant,False
IGFBP4,rs201955556,missense_variant,True
IGFBP4,rs41283421,synonymous_variant,True
IGFBP4,rs77038344,intron_variant,False
IGFBP4,rs588305,intron_variant,False
IGFBP4,rs7214466,intron_variant,False
IGFBP4,rs117366080,intergenic_variant,False
IGFBP4,rs190471737,intergenic_variant,False
IGFBP4,rs2015561,intron_variant,False
IGFBP4,rs584438,intergenic_variant,False
IGFBP4,rs8066507,intron_variant,False
IGFBP4,rs139901801,intergenic_variant,False
IGFBP4,rs1668339,intron_variant,False
IGFBP4,rs74496325,intron_variant,False
IGFBP4,rs10305290,intron_variant,False
IGFBP4,rs79010101,intron_variant,False
IGFBP4,rs148167439,intergenic_variant,False
IGFBP4,rs17618590,intron_variant,False
IGFBP4,rs2715555,intergenic_variant,False
IGFBP4,rs78960694,intron_variant,False
IGFBP4,rs8072126,intron_variant,False
IGFBP4,rs538399,intron_variant,False
IGFBP4,rs9915191,3_prime_UTR_variant,False
IGFBP4,rs2229095,synonymous_variant,True
IGFBP4,rs502041,synonymous_variant,True
IGFBP4,rs139986706,intergenic_variant,False
IGFBP4,rs2715556,non_coding_transcript_exon_variant,False
IGFBP4,rs632224,intron_variant,False
IGFBP4,rs544365289,intron_variant,False
IGFBP4,rs188409544,3_prime_UTR_variant,False
IGFBP4,rs598892,synonymous_variant,True
IGFBP4,rs584828,regulatory_region_variant,False
IGFBP4,rs186672747,intron_variant,False
IGFBP5,rs75747985,intron_variant,False
IGFBP5,rs1861631,intron_variant,False
IGFBP5,rs9288520,intergenic_variant,False
IGFBP5,rs144202860,intron_variant,False
IGFBP5,rs9341226,regulatory_region_variant,False
IGFBP5,rs11694616,intron_variant,False
IGFBP5,rs57892285,intron_variant,False
IGFBP5,rs11575134,intron_variant,False
IGFBP5,rs4674114,intron_variant,False
IGFBP5,rs11575194,missense_variant,True
IGFBP5,rs6755489,intron_variant,False
IGFBP5,rs1525608,intron_variant,False
IGFBP5,rs6435953,intron_variant,False
IGFBP5,rs16856445,intron_variant,False
IGFBP5,rs7568039,intron_variant,False
IGFBP5,rs13015993,intron_variant,False
IGFBP5,rs1548942,intron_variant,False
IGFBP5,rs2067039,intergenic_variant,False
IGFBP5,rs4674100,intergenic_variant,False
IGFBP5,rs60656193,intron_variant,False
IGFBP5,rs72958213,intron_variant,False
IGFBP5,rs371560018,intron_variant,False
IGFBP5,rs6754292,intron_variant,False
IGFBP5,rs12477332,intron_variant,False
IGFBP5,rs6754506,intron_variant,False
IGFBP5,rs4674113,intron_variant,False
IGFBP5,rs57866041,intron_variant,False
IGFBP5,rs9341130,intron_variant,False
IGFBP5,rs4674101,intron_variant,False
IGFBP5,rs10932672,intron_variant,False
IGFBP5,rs2241193,intron_variant,False
IGFBP5,rs6435952,intron_variant,False
IGFBP5,rs9341165,intron_variant,False
IGFBP5,rs185289343,intron_variant,False
IGFBP5,rs1012319,intron_variant,False
IGFBP5,rs529938589,intron_variant,False
IGFBP5,rs1861628,intron_variant,False
IGFBP5,rs6724363,intron_variant,False
IGFBP5,rs9989901,intron_variant,False
IGFBP5,rs10932669,intergenic_variant,False
IGFBP5,rs6711608,intron_variant,False
IGFBP5,rs111696008,intron_variant,False
IGFBP5,rs17773051,intron_variant,False
IGFBP5,rs759546,intron_variant,False
IGFBP5,rs2003589,non_coding_transcript_exon_variant,False
IGFBP5,rs10932677,intron_variant,False
IGFBP5,rs2712168,intron_variant,False
IGFBP5,rs36079180,intron_variant,False
IGFBP5,rs11674057,intron_variant,False
IGFBP5,rs16856568,intron_variant,False
IGFBP5,rs2712172,intron_variant,False
IGFBP5,rs10189682,intron_variant,False
IGFBP5,rs1861630,intron_variant,False
IGFBP5,rs35797306,intron_variant,False
IGFBP5,rs10932679,intron_variant,False
IGFBP5,rs17496232,regulatory_region_variant,False
IGFBP5,rs11280610,intron_variant,False
IGFBP5,rs6753018,intron_variant,False
IGFBP5,rs8179795,intron_variant,False
IGFBP5,rs13020935,intron_variant,False
IGFBP5,rs12989190,intron_variant,False
IGFBP6,rs3814774,regulatory_region_variant,False
IGFBP6,rs9658614,intron_variant,False
IGFBP6,rs113671070,3_prime_UTR_variant,False
IGFBP6,rs71455229,non_coding_transcript_exon_variant,False
IGFBP6,rs11170395,intron_variant,False
IGFBP6,rs34029821,intron_variant,False
IGFBP6,rs11170423,intron_variant,False
IGFBP6,rs7134440,intron_variant,False
IGFBP6,rs7315980,intron_variant,False
IGFBP6,rs151036307,synonymous_variant,True
IGFBP6,rs12230946,intron_variant,False
IGFBP6,rs12578427,intron_variant,False
IGFBP6,rs74796725,3_prime_UTR_variant,False
IGFBP6,rs2293059,3_prime_UTR_variant,False
IGFBP6,rs11574532,intron_variant,False
IGFBP6,rs9658610,intron_variant,False
IGFBP6,rs7313065,intron_variant,False
IGFBP6,rs566800344,intron_variant,False
IGFBP6,rs543477650,intergenic_variant,False
IGFBP6,rs3219199,synonymous_variant,True
IGFBP6,rs2272296,missense_variant,True
IGFBP6,rs3782151,intron_variant,False
IGFBP6,rs11574539,splice_region_variant,True
IGFBP6,rs11170445,intergenic_variant,False
IGFBP6,rs3814778,intron_variant,False
IGFBP6,rs12368584,intron_variant,False
IGFBP6,rs10783555,intron_variant,False
IGFBP6,rs4825,3_prime_UTR_variant,False
IGFBP6,rs10506315,intron_variant,False
IGFBP6,rs2272306,intron_variant,False
IGFBP6,rs60243961,intron_variant,False
IGFBP6,rs34922637,3_prime_UTR_variant,False
IGFBP6,rs11170386,intron_variant,False
IGFBP6,rs12309006,intron_variant,False
IGFBP6,rs60842707,intergenic_variant,False
IGFBP6,rs115019703,non_coding_transcript_exon_variant,False
IGFBP6,rs142824063,intergenic_variant,False
IGFBP6,rs11170413,intron_variant,False
IGFBP6,rs55927246,intron_variant,False
IGFBP6,rs10876405,intron_variant,False
IGFBP6,rs3219200,synonymous_variant,True
IGFBP6,rs12825176,intron_variant,False
IGFBP6,rs12228145,intron_variant,False
IGFBP6,rs73099903,5_prime_UTR_variant,False
IGFBP6,rs185601938,intergenic_variant,False
IGFBP6,rs61754162,missense_variant,True
IGFBP6,rs11170407,intergenic_variant,False
IGFBP6,rs2280447,intron_variant,False
IGFBP6,rs12369033,missense_variant,True
IGFBP6,rs540859660,intron_variant,False
IGFBP6,rs117928258,synonymous_variant,True
IGFBP6,rs11170417,non_coding_transcript_exon_variant,False
IGFBP6,rs28765985,intron_variant,False
IGFBP6,rs3825084,intron_variant,False
IGFBP6,rs4919697,intron_variant,False
IGFBP6,rs17122378,intron_variant,False
IGFBP6,rs7968162,intron_variant,False
IGFBP6,rs2280699,intron_variant,False
IGFBP6,rs11170469,intron_variant,False
IGFBP6,rs6580931,intron_variant,False
IGFBP6,rs112008009,intron_variant,False
IGFBP6,rs137994041,intron_variant,False
IGFBP6,rs3892410,intron_variant,False
IGFBP6,rs2272303,intron_variant,False
IGFBP6,rs367628954,intergenic_variant,False
IGFBP6,rs77925742,intron_variant,False
IGFBP6,rs150819866,intron_variant,False
IGFBP6,rs10876406,intron_variant,False
IGFBP6,rs3817536,intron_variant,False
IGFBP6,rs777394892,intron_variant,False
IGFBP6,rs28883710,intron_variant,False
IGFBP6,rs34044566,synonymous_variant,True
IGFBP6,rs7308602,intron_variant,False
IGFBP6,rs7963647,3_prime_UTR_variant,False
IGFBP6,rs2272304,intron_variant,False
IGFBP6,rs711315,intron_variant,False
IGFBP6,rs11574547,3_prime_UTR_variant,False
IGFBP6,rs2280696,intron_variant,False
IGFBP6,rs12232003,intron_variant,False
IGFBP6,rs59218377,5_prime_UTR_variant,False
IGFBP6,rs11170421,intron_variant,False
IGFBP6,rs7315995,intron_variant,False
IGFBP6,rs10437946,intron_variant,False
IGFBP6,rs11170420,intron_variant,False
IGFBP6,rs11170385,intron_variant,False
IGFBP6,rs11170390,intron_variant,False
IGFBP6,rs11170394,intron_variant,False
IGFBP6,rs2683506,intergenic_variant,False
IGFBP6,rs7485642,intergenic_variant,False
IGFBP6,rs2293062,synonymous_variant,True
IGFBP6,rs7139122,intron_variant,False
IGFBP6,rs149264090,missense_variant,True
IGFBP6,rs7304594,intron_variant,False
IGFBP6,rs116752248,intergenic_variant,False
IGFBP6,rs10876407,intron_variant,False
IGFBP6,rs3741436,intron_variant,False
IGFBP6,rs149230570,intron_variant,False
IGFBP6,rs2272302,intron_variant,False
IGFBP6,rs41485645,missense_variant,True
IGFBP6,rs822688,intron_variant,False
IGFBP6,rs12824946,intron_variant,False
IGFBP7,rs11133474,intron_variant,False
IGFBP7,rs72627509,intron_variant,False
IGFBP7,rs139086128,missense_variant,True
IGFBP7,rs17087401,intron_variant,False
IGFBP7,rs7654665,intron_variant,False
IGFBP7,rs10049992,intron_variant,False
IGFBP7,rs73242668,intron_variant,False
IGFBP7,rs34091656,intron_variant,False
IGFBP7,rs1315005,intron_variant,False
IGFBP7,rs7687767,intergenic_variant,False
IGFBP7,rs1718860,intron_variant,False
IGFBP7,rs4865172,intron_variant,False
IGFBP7,rs184096480,intron_variant,False
IGFBP7,rs17081933,intergenic_variant,False
IGFBP7,rs1718888,intron_variant,False
IGFBP7,rs72606404,intron_variant,False
IGFBP7,rs13141016,intron_variant,False
IGFBP7,rs6830501,intergenic_variant,False
IGFBP7,rs17087693,intergenic_variant,False
IGFBP7,rs13131244,non_coding_transcript_exon_variant,False
IGFBP7,rs17579638,intergenic_variant,False
IGFBP7,rs75795589,intron_variant,False
IGFBP7,rs4865166,intron_variant,False
IGFBP7,rs193081310,intergenic_variant,False
IGFBP7,rs151337818,intergenic_variant,False
IGFBP7,rs1961950,intergenic_variant,False
IGFBP7,rs1518584,intron_variant,False
IGFBP7,rs3796530,synonymous_variant,True
IGFBP7,rs11573021,missense_variant,True
IGFBP7,rs11947115,intron_variant,False
IGFBP7,rs6812026,intron_variant,False
IGFBP7,rs4242007,intron_variant,False
IGFBP7,rs1614526,non_coding_transcript_exon_variant,False
IGFBP7,rs13121027,intergenic_variant,False
IGFBP7,rs6830774,intergenic_variant,False
IGFBP7,rs7695536,intron_variant,False
IGFBP7,rs10570209,intron_variant,False
IGFBP7,rs11936912,intron_variant,False
IGFBP7,rs1277295,intron_variant,False
IGFBP7,rs9685188,intron_variant,False
IGFBP7,rs4865169,intron_variant,False
IGFBP7,rs10016631,intron_variant,False
IGFBP7,rs138595091,intron_variant,False
IGFBP7,rs200793698,intergenic_variant,False
IGFBP7,rs10020462,intergenic_variant,False
IGFBP7,rs17081935,intergenic_variant,False
IGFBP7,rs708547,intergenic_variant,False
IGFBP7,rs6816917,intron_variant,False
IGFBP7,rs4431281,intron_variant,False
IGFBP7,rs2079916,non_coding_transcript_exon_variant,False
IGFBP7,rs4075349,non_coding_transcript_exon_variant,False
IGFBP7,rs371798004,intron_variant,False
IGFBP7,rs11573092,intron_variant,False
IGFBP7,rs57265257,intron_variant,False
IGFBP7,rs10013945,intron_variant,False
IGFBP7,rs191348398,intron_variant,False
IGFBP7,rs10866442,intron_variant,False
IGFBP7,rs75537024,intron_variant,False
IGFBP7,rs59219952,intron_variant,False
IGFBP7,rs62308338,intron_variant,False
IGFBP7,rs3796529,missense_variant,True
IGFBP7,rs4508954,intron_variant,False
IGFBP7,rs13111442,intergenic_variant,False
IGFBP7,rs73242632,intron_variant,False
IGFBP7,rs3733309,intron_variant,False
IGFBP7,rs114518130,intron_variant,False
IGFBP7,rs1277278,intron_variant,False
IGFBP7,rs56155140,regulatory_region_variant,False
IGFBP7,rs1718859,intron_variant,False
IGFBP7,rs781669,intergenic_variant,False
IGFBP7,rs757582598,intron_variant,False
IGFBP7,rs7680140,intergenic_variant,False
IGFBP7,rs73242648,intron_variant,False
IGFBP7,rs1714016,intron_variant,False
IGFBP7,rs11722333,intron_variant,False
IGFBP7,rs148321523,intron_variant,False
IGFBP7,rs35514852,intron_variant,False
IGFBP7,rs6832199,intron_variant,False
IGFBP7,rs12641030,regulatory_region_variant,False
IGFBP7,rs7690671,intron_variant,False
IGFBP7,rs6554401,intergenic_variant,False
IGFBP7,rs11573106,intron_variant,False
IGFBP7,rs1718849,intron_variant,False
IGFBP7,rs2227901,synonymous_variant,True
IGFBP7,rs200794587,intron_variant,False
IGFBP7,rs2067626,intron_variant,False
IGFBP7,rs6852997,intergenic_variant,False
IGFBP7,rs1713984,intron_variant,False
IGFBP7,rs2412772,intron_variant,False
IGFBP7,rs1714014,intron_variant,False
IGFBP7,rs1718845,intron_variant,False
IGFBP7,rs11573086,intron_variant,False
IGFBP7,rs6827768,intron_variant,False
IGFBP7,rs553426062,intron_variant,False
IGFBP7,rs72627508,intron_variant,False
IGFBP7,rs55879786,intergenic_variant,False
IGFBP7,rs13144786,intron_variant,False
IGFBP7,rs559127096,intron_variant,False
IGFBP7,rs115613449,intron_variant,False
IGFBP7,rs2412776,intron_variant,False
IGFBP7,rs182050352,intron_variant,False
IGFBP7,rs35769988,intron_variant,False
IGFBP7,rs1713956,intron_variant,False
IGFBP7,rs143445113,intron_variant,False
IGFBP7,rs116579804,intron_variant,False
IGFBP7,rs61748757,synonymous_variant,True
IGFBP7,rs62310774,intron_variant,False
IGFBP7,rs17087335,intron_variant,False
IGFBP7,rs146583466,intron_variant,False
IGFBP7,rs7673980,intergenic_variant,False
IGFBP7,rs10023009,intron_variant,False
IHH,rs7585868,intron_variant,False
IHH,rs359974,non_coding_transcript_exon_variant,False
IHH,rs11679511,intron_variant,False
IHH,rs12470505,intergenic_variant,False
IHH,rs12694450,intron_variant,False
IHH,rs142036701,missense_variant,True
IHH,rs114014734,intron_variant,False
IHH,rs138594727,missense_variant,True
IHH,rs113414093,intergenic_variant,False
IHH,rs11692085,intron_variant,False
IHH,rs146199923,intron_variant,False
IHH,rs146599639,intron_variant,False
IHH,rs371825,intergenic_variant,False
IHH,rs201104642,missense_variant,True
IHH,rs76709099,3_prime_UTR_variant,False
IHH,rs3100776,intron_variant,False
IHH,rs191291494,non_coding_transcript_exon_variant,False
IHH,rs359980,regulatory_region_variant,False
IHH,rs1052483,3_prime_UTR_variant,False
IHH,rs6741325,intergenic_variant,False
IHH,rs6730783,intron_variant,False
IHH,rs6724465,intron_variant,False
IHH,rs13398523,intergenic_variant,False
IHH,rs17852959,missense_variant,True
IHH,rs562350360,intron_variant,False
IHH,rs9967806,missense_variant,True
IHH,rs17654949,intron_variant,False
IHH,rs79856413,intron_variant,False
IHH,rs394452,synonymous_variant,True
IHH,rs13404123,intergenic_variant,False
IHH,rs16859517,intron_variant,False
IHH,rs12694447,intron_variant,False
IHH,rs4622705,intron_variant,False
IHH,rs138809270,intergenic_variant,False
IHH,rs422433,intergenic_variant,False
IHH,rs10172691,3_prime_UTR_variant,False
IHH,rs16859483,intron_variant,False
IHH,rs10165805,intron_variant,False
IHH,rs36115038,synonymous_variant,True
IHH,rs748135368,intron_variant,False
IHH,rs1402508,intron_variant,False
IHH,rs3736403,missense_variant,True
IHH,rs3731890,non_coding_transcript_exon_variant,False
IHH,rs200216644,missense_variant,True
IHH,rs145296160,intron_variant,False
IHH,rs374860737,intron_variant,False
IHH,rs359965,intron_variant,False
IHH,rs10445823,intergenic_variant,False
IHH,rs17608593,intron_variant,False
IHH,rs7588654,intron_variant,False
IHH,rs17608747,intron_variant,False
IHH,rs17608726,intron_variant,False
IHH,rs9288539,intron_variant,False
IHH,rs12185751,intron_variant,False
IHH,rs67598422,intron_variant,False
IHH,rs10165606,intron_variant,False
IHH,rs16859497,regulatory_region_variant,False
IHH,rs3731878,synonymous_variant,True
IHH,rs398926,intergenic_variant,False
IHH,rs6727028,intron_variant,False
IHH,rs9677752,intergenic_variant,False
IHH,rs422702,intron_variant,False
IHH,rs7561119,intron_variant,False
IHH,rs6436105,intron_variant,False
IHH,rs55728979,intron_variant,False
IHH,rs556441729,intron_variant,False
IHH,rs12467665,intergenic_variant,False
IHH,rs76426653,intron_variant,False
IHH,rs114631695,intergenic_variant,False
INSR,rs8106071,intron_variant,False
INSR,rs1799816,missense_variant,True
INSR,rs2229431,synonymous_variant,True
INSR,rs10427021,intron_variant,False
INSR,rs12461909,intron_variant,False
INSR,rs117185330,intron_variant,False
INSR,rs1366235,intron_variant,False
INSR,rs75253922,intron_variant,False
INSR,rs2059807,intron_variant,False
INSR,rs12463045,intergenic_variant,False
INSR,rs74569625,intron_variant,False
INSR,rs3815902,intron_variant,False
INSR,rs1035942,intron_variant,False
INSR,rs34013042,intron_variant,False
INSR,rs7252074,intron_variant,False
INSR,rs11671338,intron_variant,False
INSR,rs4247374,intron_variant,False
INSR,rs11085218,intron_variant,False
INSR,rs112630404,intron_variant,False
INSR,rs34194998,intron_variant,False
INSR,esv3643580,,False
INSR,rs77431689,intron_variant,False
INSR,rs2115070,intron_variant,False
INSR,rs881759,intron_variant,False
INSR,rs73002048,intron_variant,False
INSR,rs8100562,intron_variant,False
INSR,rs17253937,intron_variant,False
INSR,rs67787836,intron_variant,False
INSR,rs10421414,intron_variant,False
INSR,rs11453584,intron_variant,False
INSR,rs76729345,intron_variant,False
INSR,rs12459488,intron_variant,False
INSR,rs62112761,intron_variant,False
INSR,rs11671045,intron_variant,False
INSR,rs12973230,intron_variant,False
INSR,rs7257359,intron_variant,False
INSR,rs3745546,intron_variant,False
INSR,rs4804418,intron_variant,False
INSR,rs146281182,intron_variant,False
INSR,rs2914557,intergenic_variant,False
INSR,rs10416539,intron_variant,False
INSR,rs4804420,intron_variant,False
INSR,rs17175860,intron_variant,False
INSR,rs12608473,intron_variant,False
INSR,rs7507911,intergenic_variant,False
INSR,rs990241239,intron_variant,False
INSR,rs758567988,intron_variant,False
INSR,rs1864009,intergenic_variant,False
INSR,rs12608977,intron_variant,False
INSR,rs8113777,intron_variant,False
INSR,rs8110533,intron_variant,False
INSR,rs73003963,intron_variant,False
INSR,rs111799344,intron_variant,False
INSR,rs2396185,intron_variant,False
INSR,rs4804416,intron_variant,False
INSR,rs544940317,intron_variant,False
INSR,rs8101064,intron_variant,False
INSR,rs12462548,intergenic_variant,False
INSR,rs78248456,intron_variant,False
INSR,rs2042904,intron_variant,False
INSR,rs10424224,intron_variant,False
INSR,rs36047283,intron_variant,False
INSR,rs6510975,intron_variant,False
INSR,rs36145952,intron_variant,False
INSR,rs4804517,intron_variant,False
INSR,rs890860,intron_variant,False
INSR,rs78301545,intron_variant,False
INSR,rs75847801,intron_variant,False
INSR,rs10410204,intron_variant,False
INSR,rs4804377,intron_variant,False
INSR,rs77017252,intron_variant,False
INSR,rs4804101,intron_variant,False
INSR,rs1800658,intron_variant,False
INSR,rs74744220,intron_variant,False
INSR,rs34501799,intron_variant,False
INSR,rs7508679,intron_variant,False
INSR,rs12608943,intron_variant,False
INSR,rs1035940,intron_variant,False
INSR,rs6510955,intron_variant,False
INSR,rs5826963,intron_variant,False
INSR,rs61515378,intron_variant,False
INSR,rs148656409,intron_variant,False
INSR,rs10422357,intron_variant,False
INSR,rs2017199,intron_variant,False
INSR,rs1975031,intron_variant,False
INSR,rs3745548,intron_variant,False
INSR,rs112107715,intron_variant,False
INSR,rs12971499,intron_variant,False
INSR,rs2860175,intron_variant,False
INSR,rs2967661,intergenic_variant,False
INSR,rs10415589,intron_variant,False
INSR,rs8108622,intron_variant,False
INSR,rs7254358,intron_variant,False
INSR,rs12460478,intron_variant,False
INSR,rs62124506,intron_variant,False
INSR,rs3786680,intron_variant,False
INSR,rs1975051,intergenic_variant,False
INSR,rs1864193,3_prime_UTR_variant,False
INSR,rs2042901,intron_variant,False
INSR,rs78718182,regulatory_region_variant,False
INSR,rs1346490,intron_variant,False
INSR,rs192842440,intron_variant,False
INSR,rs72998171,intron_variant,False
INSR,rs35207600,intergenic_variant,False
INSR,rs4804395,intron_variant,False
INSR,rs11671314,intron_variant,False
INSR,rs10419413,intron_variant,False
INSR,rs553564605,intron_variant,False
INSR,rs58664893,intron_variant,False
INSR,rs6603109,intron_variant,False
INSR,rs35639485,intron_variant,False
INSR,rs4804427,intron_variant,False
INSR,rs12978472,intron_variant,False
INSR,rs10405423,intron_variant,False
INSR,rs4804090,intron_variant,False
INSR,rs12150997,intergenic_variant,False
INSR,rs891088,intron_variant,False
INSR,rs11672597,intron_variant,False
INSR,rs1549616,intron_variant,False
INSR,rs4325676,intron_variant,False
INSR,rs58857770,intron_variant,False
INSR,rs12610987,intron_variant,False
INSR,rs113987427,intron_variant,False
INSR,rs3890483,intron_variant,False
INSR,rs201674447,intron_variant,False
INSR,rs767424458,intron_variant,False
INSR,rs35931207,intron_variant,False
INSR,rs55972112,3_prime_UTR_variant,False
INSR,rs762433880,intron_variant,False
INSR,rs12973279,intron_variant,False
INSR,rs200764220,intron_variant,False
INSR,rs11085216,intron_variant,False
INSR,rs7256994,intron_variant,False
INSR,rs142407017,intron_variant,False
INSR,rs66921136,intron_variant,False
INSR,rs34840745,intron_variant,False
INSR,rs2352955,intron_variant,False
INSR,rs4804433,intron_variant,False
INSR,rs4804368,intron_variant,False
INSR,rs1035939,intron_variant,False
INSR,rs4804414,intron_variant,False
INSR,rs55707014,intron_variant,False
INSR,rs10659627,intron_variant,False
INSR,rs35211876,intron_variant,False
INSR,rs10401485,intron_variant,False
INSR,rs11670960,intron_variant,False
INSR,rs62124511,intron_variant,False
INSR,rs376338027,intron_variant,False
INSR,rs12985940,intron_variant,False
INSR,rs2860183,intron_variant,False
INSR,rs10403229,intron_variant,False
INSR,rs11670892,intron_variant,False
INSR,rs2115386,intron_variant,False
INSR,rs10427109,intron_variant,False
INSR,rs75392157,intron_variant,False
INSR,rs12971628,intron_variant,False
INSR,rs11669336,intron_variant,False
INSR,rs67731056,intron_variant,False
INSR,rs12463278,intron_variant,False
INSR,rs4804413,intron_variant,False
INSR,rs7255382,intron_variant,False
INSR,rs1035941,intron_variant,False
INSR,rs34328549,intron_variant,False
INSR,rs8106042,intron_variant,False
INSR,rs8103092,intron_variant,False
INSR,rs7251963,intron_variant,False
INSR,rs10416429,intron_variant,False
INSR,rs7252268,intron_variant,False
INSR,rs11670972,intron_variant,False
INSR,rs1054472508,intron_variant,False
INSR,rs7252150,intron_variant,False
INSR,rs8105787,intron_variant,False
INSR,rs10221473,intron_variant,False
INSR,rs4804411,intron_variant,False
INSR,rs761269475,intron_variant,False
INSR,rs7248104,intron_variant,False
INSR,rs67732413,intron_variant,False
INSR,rs8106700,intron_variant,False
INSR,rs185963644,intron_variant,False
INSR,rs12980891,intergenic_variant,False
INSR,rs59460120,non_coding_transcript_exon_variant,False
INSR,rs10533917,intron_variant,False
INSR,rs56149994,intron_variant,False
INSR,rs36136513,intron_variant,False
INSR,rs12609574,intron_variant,False
INSR,rs11879819,intron_variant,False
INSR,rs112659531,intron_variant,False
INSR,rs8102954,intron_variant,False
INSR,rs12979722,intron_variant,False
INSR,rs66496113,intron_variant,False
INSR,rs11085219,intron_variant,False
INSR,rs186288667,3_prime_UTR_variant,False
INSR,rs199817986,intron_variant,False
INSR,rs62111681,intron_variant,False
INSR,rs7256730,intron_variant,False
INSR,rs10408273,intergenic_variant,False
INSR,rs7252192,intron_variant,False
INSR,rs11670971,intron_variant,False
INSR,rs62111417,intron_variant,False
INSR,rs1808539,intron_variant,False
INSR,rs1799815,synonymous_variant,True
INSR,rs62112763,intron_variant,False
INSR,rs12461206,intron_variant,False
INSR,rs62111672,intron_variant,False
LCORL,rs7671110,intron_variant,False
LCORL,rs16895802,intron_variant,False
LCORL,rs2169033,intergenic_variant,False
LCORL,rs1477890,intron_variant,False
LCORL,rs207338,regulatory_region_variant,False
LCORL,rs11932971,intron_variant,False
LCORL,rs2724485,intron_variant,False
LCORL,rs148030782,intron_variant,False
LCORL,rs77707700,intron_variant,False
LCORL,rs73802707,intron_variant,False
LCORL,rs969162,intergenic_variant,False
LCORL,rs1380294,TF_binding_site_variant,False
LCORL,rs6854334,intron_variant,False
LCORL,rs73100947,intron_variant,False
LCORL,rs34080918,intron_variant,False
LCORL,rs112374782,intron_variant,False
LCORL,rs10939792,intron_variant,False
LCORL,rs75631642,intergenic_variant,False
LCORL,rs2109044,intron_variant,False
LCORL,rs770519005,intron_variant,False
LCORL,rs2074974,5_prime_UTR_variant,False
LCORL,rs7684006,intergenic_variant,False
LCORL,rs78517437,intergenic_variant,False
LCORL,rs2192528,intergenic_variant,False
LCORL,rs112939120,intron_variant,False
LCORL,rs6854757,intron_variant,False
LCORL,rs13141926,intron_variant,False
LCORL,rs16896068,intron_variant,False
LCORL,rs765841175,intron_variant,False
LCORL,rs74759170,intron_variant,False
LCORL,rs71603396,intron_variant,False
LCORL,rs150128961,intron_variant,False
LCORL,rs16895707,intron_variant,False
LCORL,rs10689929,intron_variant,False
LCORL,rs764726148,intron_variant,False
LCORL,rs6850306,intron_variant,False
LCORL,rs994597,intron_variant,False
LCORL,rs12508031,intergenic_variant,False
LCORL,rs76161249,intron_variant,False
LCORL,rs2724475,intron_variant,False
LCORL,rs115858347,intergenic_variant,False
LCORL,rs145547469,intron_variant,False
LCORL,rs144033868,intron_variant,False
LCORL,rs192246265,intron_variant,False
LCORL,rs13122350,intergenic_variant,False
LCORL,rs6845621,intron_variant,False
LCORL,rs1850549,intron_variant,False
LCORL,rs534179494,intron_variant,False
LCORL,rs62410180,intron_variant,False
LCORL,rs17523800,intron_variant,False
LCORL,rs1477898,intron_variant,False
LCORL,rs74536181,intron_variant,False
LCORL,rs16898037,intergenic_variant,False
LCORL,rs13144223,intron_variant,False
LCORL,rs2125653,intergenic_variant,False
LCORL,rs145176178,intergenic_variant,False
LCORL,rs6817306,intron_variant,False
LCORL,rs201645053,intergenic_variant,False
LCORL,rs10022433,intron_variant,False
LCORL,rs199792401,5_prime_UTR_variant,False
LCORL,rs207282,intergenic_variant,False
LCORL,rs17518793,intron_variant,False
LCORL,rs182892587,intron_variant,False
LCORL,rs115218645,intron_variant,False
LCORL,rs1394088,intergenic_variant,False
LCORL,rs7692995,intron_variant,False
LCORL,rs113476736,intron_variant,False
LCORL,rs13144767,intron_variant,False
LCORL,rs16895917,intron_variant,False
LCORL,rs114684116,intron_variant,False
LCORL,rs34025766,intron_variant,False
LCORL,rs759630460,intergenic_variant,False
LCORL,rs10516330,intron_variant,False
LCORL,rs114719848,intron_variant,False
LCORL,rs11730060,intergenic_variant,False
LCORL,rs1874285,intron_variant,False
LCORL,rs12499144,intergenic_variant,False
LCORL,rs10488993,intergenic_variant,False
LCORL,rs6449377,intron_variant,False
LCORL,rs868195621,intron_variant,False
LCORL,rs7679066,intron_variant,False
LCORL,rs7667864,intron_variant,False
LCORL,rs16896261,intron_variant,False
LCORL,rs76002472,intergenic_variant,False
LCORL,rs7684178,intron_variant,False
LCORL,rs35655749,intron_variant,False
LCORL,rs1503884,intergenic_variant,False
LCORL,rs59904933,intron_variant,False
LCORL,rs4698232,intron_variant,False
LCORL,rs570256832,intron_variant,False
LCORL,rs12513171,intron_variant,False
LCORL,rs6840504,intergenic_variant,False
LCORL,rs17526078,intron_variant,False
LCORL,rs994596,intron_variant,False
LCORL,rs4698210,intron_variant,False
LCORL,rs76236231,intron_variant,False
LCORL,rs169593,intergenic_variant,False
LCORL,rs6840517,intron_variant,False
LCORL,rs7663818,intron_variant,False
LCORL,rs2643438,intron_variant,False
LCORL,rs7690457,missense_variant,True
LCORL,rs117968107,intron_variant,False
LCORL,rs4698216,intergenic_variant,False
LCORL,rs2724486,intron_variant,False
LCORL,rs16895971,3_prime_UTR_variant,False
LCORL,rs4144829,intron_variant,False
LCORL,rs187729743,intron_variant,False
LCORL,rs1503886,intron_variant,False
LCORL,rs11941617,intron_variant,False
LCORL,rs2320289,intron_variant,False
LCORL,rs1039539,intron_variant,False
LCORL,rs7681205,intergenic_variant,False
LCORL,rs7673064,intron_variant,False
LCORL,rs11934728,intergenic_variant,False
LCORL,rs1847400,intron_variant,False
LCORL,rs182289,intergenic_variant,False
LCORL,rs2321310,intergenic_variant,False
LCORL,rs6855926,intergenic_variant,False
LCORL,rs207283,intergenic_variant,False
LCORL,rs7700107,intron_variant,False
LCORL,rs71603393,intron_variant,False
LCORL,rs34916030,intron_variant,False
LCORL,rs1472852,intron_variant,False
LCORL,rs13109789,intergenic_variant,False
LCORL,rs2320299,intron_variant,False
LCORL,rs17460323,intron_variant,False
LCORL,rs6813340,intron_variant,False
LCORL,rs13115025,intergenic_variant,False
LCORL,rs73234116,intron_variant,False
LCORL,rs7684221,intron_variant,False
LCORL,rs13138182,intron_variant,False
LCORL,rs75584197,intron_variant,False
LCORL,rs71603400,intergenic_variant,False
LCORL,rs73098804,intron_variant,False
LCORL,rs74537632,intron_variant,False
LCORL,rs113261436,intergenic_variant,False
LCORL,rs187490716,intergenic_variant,False
LCORL,rs10004929,intergenic_variant,False
LCORL,rs73096946,intron_variant,False
LCORL,rs538717442,3_prime_UTR_variant,False
LCORL,rs13131350,synonymous_variant,True
LCORL,rs68052007,intergenic_variant,False
LCORL,rs397955689,intergenic_variant,False
LCORL,rs79640067,intron_variant,False
LCORL,rs192193151,intron_variant,False
LCORL,rs35362908,intron_variant,False
LCORL,rs16898036,intergenic_variant,False
LCORL,rs16895888,intron_variant,False
LCORL,rs73234189,intron_variant,False
LCORL,rs73242122,intron_variant,False
LCORL,rs542058258,intron_variant,False
LCORL,rs207281,intergenic_variant,False
LCORL,rs10939795,intron_variant,False
LCORL,rs6833919,regulatory_region_variant,False
LCORL,rs16896461,intergenic_variant,False
LCORL,rs16897260,intron_variant,False
LCORL,rs116439690,intron_variant,False
LCORL,rs71651865,intron_variant,False
LCORL,rs2610989,intron_variant,False
LCORL,rs182413490,intron_variant,False
LCORL,rs12640250,intron_variant,False
LCORL,rs979532,intron_variant,False
LCORL,rs16896276,intron_variant,False
LCORL,rs146551900,intergenic_variant,False
LCORL,rs137867485,intron_variant,False
LCORL,rs7672919,intron_variant,False
LCORL,rs116836089,intron_variant,False
LCORL,rs12643629,intergenic_variant,False
LCORL,rs77349535,intergenic_variant,False
LCORL,rs2286540,intron_variant,False
LCORL,rs1503881,intron_variant,False
LCORL,rs113529840,intergenic_variant,False
LCORL,rs2109045,intron_variant,False
LCORL,rs113591949,intron_variant,False
LCORL,rs58503707,intergenic_variant,False
LCORL,rs13147572,intergenic_variant,False
LCORL,rs112199,intergenic_variant,False
LCORL,rs10017181,intergenic_variant,False
LCORL,rs12648063,intergenic_variant,False
LCORL,rs724577,intron_variant,False
LCORL,rs16898029,intron_variant,False
LCORL,rs62410187,intron_variant,False
LCORL,rs2192527,intergenic_variant,False
LCORL,rs76511197,intron_variant,False
LCORL,rs34588175,intron_variant,False
LCORL,rs112743014,intron_variant,False
LCORL,rs207301,intergenic_variant,False
LCORL,rs75198716,intron_variant,False
LCORL,rs6830062,intron_variant,False
LCORL,rs139823463,intergenic_variant,False
LCORL,rs9942171,intergenic_variant,False
LCORL,rs7678441,intron_variant,False
LCORL,rs7686082,intron_variant,False
LCORL,rs16895705,intron_variant,False
LCORL,rs938841,intron_variant,False
LCORL,rs73234139,intron_variant,False
LCORL,rs548096117,intron_variant,False
LCORL,rs7673321,intron_variant,False
LCORL,rs140879503,intergenic_variant,False
LCORL,rs61731457,missense_variant,True
LCORL,rs9968377,intron_variant,False
LCORL,rs34209421,intergenic_variant,False
LCORL,rs2061456,intron_variant,False
LCORL,rs6812794,intergenic_variant,False
LCORL,rs149067445,intron_variant,False
LCORL,rs16896654,intron_variant,False
LCORL,rs207350,intergenic_variant,False
LCORL,rs2174633,intron_variant,False
LCORL,rs207299,intergenic_variant,False
LCORL,rs4147045,intron_variant,False
LCORL,rs1503874,intergenic_variant,False
LCORL,rs10020636,intergenic_variant,False
LCORL,rs56270611,intergenic_variant,False
LCORL,rs4698678,intergenic_variant,False
LCORL,rs775116244,intron_variant,False
LCORL,rs112967514,intergenic_variant,False
LCORL,rs6824748,intron_variant,False
LCORL,rs78581007,inframe_deletion,True
LCORL,rs4235396,intron_variant,False
LCORL,rs375654404,intron_variant,False
LCORL,rs148928055,intergenic_variant,False
LCORL,rs79334166,intron_variant,False
LCORL,rs9997411,intergenic_variant,False
LCORL,rs112675878,intergenic_variant,False
LCORL,rs185373991,intron_variant,False
LCORL,rs7674450,intron_variant,False
LCORL,rs12645584,intron_variant,False
LCORL,rs41440753,intergenic_variant,False
LCORL,rs6841071,intergenic_variant,False
LCORL,rs753841047,intron_variant,False
LCORL,rs6449353,intergenic_variant,False
LCORL,rs16896239,intron_variant,False
LCORL,rs35662238,intron_variant,False
LCORL,rs2215266,intron_variant,False
LCORL,rs740672,intron_variant,False
LCORL,rs7678436,intron_variant,False
LCORL,rs11419092,intron_variant,False
LCORL,rs138137868,intergenic_variant,False
LCORL,rs116601145,intron_variant,False
LCORL,rs7683818,intron_variant,False
LCORL,rs142082533,intergenic_variant,False
LCORL,rs13103931,intron_variant,False
LCORL,rs34430935,intron_variant,False
LCORL,rs115343790,intron_variant,False
LCORL,rs925098,intron_variant,False
LCORL,rs6842303,intron_variant,False
LCORL,rs116570344,intron_variant,False
LCORL,rs6449376,intron_variant,False
LCORL,rs77998009,intron_variant,False
LCORL,rs62411644,intron_variant,False
LCORL,rs112570672,intron_variant,False
LCORL,rs112829745,intergenic_variant,False
LCORL,rs1395371,intron_variant,False
LCORL,rs2011603,intergenic_variant,False
LCORL,rs67659742,intron_variant,False
LCORL,rs57654001,intron_variant,False
LCORL,rs16895792,synonymous_variant,True
LCORL,rs2707454,intergenic_variant,False
LCORL,rs111879669,intergenic_variant,False
LCORL,rs13102976,intron_variant,False
LCORL,rs74619517,intron_variant,False
LCORL,rs66679256,intergenic_variant,False
LCORL,rs78286014,intergenic_variant,False
LCORL,rs58854324,intron_variant,False
LCORL,rs149533016,intergenic_variant,False
LCORL,rs114542905,intron_variant,False
LCORL,rs140135716,intron_variant,False
LCORL,rs114192810,intron_variant,False
LCORL,rs145184873,intron_variant,False
LCORL,rs116385953,intergenic_variant,False
LCORL,rs368254140,intergenic_variant,False
LCORL,rs16896415,intergenic_variant,False
LCORL,rs6449356,intergenic_variant,False
LCORL,rs116268096,intron_variant,False
LCORL,rs35852935,intron_variant,False
LCORL,rs17526944,missense_variant,True
LCORL,rs6845078,intron_variant,False
LCORL,rs1993638,intron_variant,False
LCORL,rs143903541,intergenic_variant,False
LCORL,rs199551309,intron_variant,False
LCORL,rs2610990,intron_variant,False
LCORL,rs1477887,intron_variant,False
LCORL,rs6842114,intron_variant,False
LCORL,rs2707450,intron_variant,False
LCORL,rs34067272,intron_variant,False
LCORL,rs60258355,intron_variant,False
LCORL,rs12504962,intron_variant,False
LCORL,rs6837198,intergenic_variant,False
LCORL,rs34710064,intron_variant,False
LCORL,rs11938781,intron_variant,False
LCORL,rs73094392,intron_variant,False
LCORL,rs75878186,intron_variant,False
LCORL,rs11939564,intergenic_variant,False
LCORL,rs12513324,intron_variant,False
LCORL,rs13136833,intergenic_variant,False
LCORL,rs7694606,intergenic_variant,False
LCORL,rs2724472,intron_variant,False
LCORL,rs13135416,intergenic_variant,False
LCORL,rs113474791,intron_variant,False
LCORL,rs6449393,intron_variant,False
LCORL,rs71603401,intergenic_variant,False
LCORL,rs7696532,intergenic_variant,False
LCORL,rs78931020,intron_variant,False
LCORL,rs111648780,intron_variant,False
LCORL,rs2125654,intergenic_variant,False
LCORL,rs548236486,intron_variant,False
LCORL,rs6846799,intergenic_variant,False
LCORL,rs138278869,intergenic_variant,False
LCORL,rs2061455,intergenic_variant,False
LIFR,rs327301,intron_variant,False
LIFR,rs7715172,intron_variant,False
LIFR,rs3729734,missense_variant,True
LIFR,rs34864817,intron_variant,False
LIFR,rs2914244,intron_variant,False
LIFR,rs10461991,intron_variant,False
LIFR,rs3099122,intron_variant,False
LIFR,rs137920965,intron_variant,False
LIFR,rs150521225,non_coding_transcript_exon_variant,False
LIFR,rs2589775,intron_variant,False
LIFR,rs62353647,intron_variant,False
LIFR,rs77385229,intron_variant,False
LIFR,rs891012,intergenic_variant,False
LIFR,rs113077359,intron_variant,False
LIFR,rs116243251,intron_variant,False
LIFR,rs76715277,intron_variant,False
LIFR,rs10472302,intron_variant,False
LIFR,rs3110234,missense_variant,True
LIFR,rs62353655,intron_variant,False
LIFR,rs2471158,intron_variant,False
LIFR,rs2731982,intergenic_variant,False
LIFR,rs1005017,3_prime_UTR_variant,False
LIFR,rs327264,intron_variant,False
LIFR,rs13156520,3_prime_UTR_variant,False
LIFR,rs12152761,intron_variant,False
LIFR,rs80164876,3_prime_UTR_variant,False
LIFR,rs2921222,intron_variant,False
LIFR,rs34249360,intron_variant,False
LIFR,rs1443689893,intron_variant,False
LIFR,rs4869589,intron_variant,False
LIFR,rs60174623,non_coding_transcript_exon_variant,False
LIFR,rs148664975,missense_variant,True
LIFR,rs2071237,intron_variant,False
LIFR,rs13186262,intron_variant,False
LIFR,rs72742516,intergenic_variant,False
LIFR,rs1946464,intron_variant,False
LIFR,rs2956593,intron_variant,False
LIFR,rs2256595,intron_variant,False
LIFR,rs172906,intron_variant,False
LIFR,rs327267,intron_variant,False
LIFR,rs183289604,intron_variant,False
LIFR,rs547510296,intron_variant,False
LIFR,rs3729741,intron_variant,False
LIFR,rs111594438,intron_variant,False
LIFR,rs59034138,intron_variant,False
LIFR,rs62355821,intron_variant,False
LIFR,rs62353649,intron_variant,False
LIFR,rs10512690,intron_variant,False
LIFR,rs16903975,intron_variant,False
LTBP1,rs897090,intron_variant,False
LTBP1,rs11685108,intron_variant,False
LTBP1,rs115781177,intron_variant,False
LTBP1,rs817540,intron_variant,False
LTBP1,rs7581258,intron_variant,False
LTBP1,rs218183,intron_variant,False
LTBP1,rs6543714,intron_variant,False
LTBP1,rs7605669,intron_variant,False
LTBP1,rs2008844,intron_variant,False
LTBP1,rs9308930,intron_variant,False
LTBP1,rs219140,intron_variant,False
LTBP1,rs6728868,intron_variant,False
LTBP1,rs17012451,intron_variant,False
LTBP1,rs13390695,intron_variant,False
LTBP1,rs542118912,intron_variant,False
LTBP1,rs4637087,intron_variant,False
LTBP1,rs6739725,intron_variant,False
LTBP1,rs11693247,intron_variant,False
LTBP1,rs376351330,intron_variant,False
LTBP1,rs78692521,intron_variant,False
LTBP1,rs114282153,intron_variant,False
LTBP1,rs6728021,intron_variant,False
LTBP1,rs10432657,intron_variant,False
LTBP1,rs609277,intergenic_variant,False
LTBP1,rs6719824,intron_variant,False
LTBP1,rs62133955,intron_variant,False
LTBP1,rs2061026,intron_variant,False
LTBP1,rs2061027,intron_variant,False
LTBP1,rs897504,intron_variant,False
LTBP1,rs144841092,regulatory_region_variant,False
LTBP1,rs13015373,intron_variant,False
LTBP1,rs1317977,intron_variant,False
LTBP1,rs4145831,intron_variant,False
LTBP1,rs75356476,intron_variant,False
LTBP1,rs13412424,intron_variant,False
LTBP1,rs2024926,intron_variant,False
LTBP1,rs11895736,intron_variant,False
LTBP1,rs743236,intron_variant,False
LTBP1,rs114587946,intron_variant,False
LTBP1,rs34071846,intron_variant,False
LTBP1,rs114728681,intron_variant,False
LTBP1,rs3820911,intron_variant,False
LTBP1,rs219032,intron_variant,False
LTBP1,rs17567417,intron_variant,False
LTBP1,rs13427209,intron_variant,False
LTBP1,rs7575377,intron_variant,False
LTBP1,rs219186,intron_variant,False
LTBP1,rs4952314,non_coding_transcript_exon_variant,False
LTBP1,rs58774073,intron_variant,False
LTBP1,rs3754830,intron_variant,False
LTBP1,rs41464348,intron_variant,False
LTBP1,rs6737948,intron_variant,False
LTBP1,rs118208,intron_variant,False
LTBP1,rs218197,intron_variant,False
LTBP1,rs17397603,intron_variant,False
LTBP1,rs6722859,intron_variant,False
LTBP1,rs11692723,intron_variant,False
LTBP1,rs55852561,intron_variant,False
LTBP1,rs11903480,intron_variant,False
LTBP1,rs4449182,intron_variant,False
LTBP1,rs34447926,intron_variant,False
LTBP1,rs79518802,intron_variant,False
LTBP1,rs112564689,intron_variant,False
LTBP1,rs11678716,intron_variant,False
LTBP1,rs2367623,intron_variant,False
LTBP1,rs595178,intergenic_variant,False
LTBP1,rs4670893,intron_variant,False
LTBP1,rs17565877,intron_variant,False
LTBP1,rs183831977,intron_variant,False
LTBP1,rs17584334,intron_variant,False
LTBP1,rs77008556,intron_variant,False
LTBP1,rs219122,intron_variant,False
LTBP1,rs115677875,intron_variant,False
LTBP1,rs56240304,intron_variant,False
LTBP1,rs114761545,intron_variant,False
LTBP1,rs219155,intron_variant,False
LTBP1,rs75550549,intron_variant,False
LTBP1,rs13425999,intron_variant,False
LTBP1,rs115016986,intron_variant,False
LTBP1,rs62146706,intron_variant,False
LTBP1,rs116713089,intron_variant,False
LTBP1,rs547112033,intron_variant,False
LTBP1,rs12620853,intron_variant,False
LTBP1,rs1545552,intron_variant,False
LTBP1,rs13430745,intron_variant,False
LTBP1,rs61334194,intron_variant,False
LTBP1,rs7596635,intron_variant,False
LTBP1,rs13417287,intron_variant,False
LTBP1,rs4952336,intron_variant,False
LTBP1,rs1869452,intergenic_variant,False
LTBP1,rs662050,intergenic_variant,False
LTBP1,rs3731572,3_prime_UTR_variant,False
LTBP1,rs622716,3_prime_UTR_variant,False
LTBP1,rs12620839,intron_variant,False
LTBP1,rs137929087,intron_variant,False
LTBP1,rs12712337,intron_variant,False
LTBP1,rs59246149,intron_variant,False
LTBP1,rs17397533,intron_variant,False
LTBP1,rs4670256,intron_variant,False
LTBP1,rs7581446,intron_variant,False
LTBP1,rs115179432,intron_variant,False
LTBP1,rs6743685,intron_variant,False
LTBP1,rs13391955,intron_variant,False
LTBP1,rs116072427,intron_variant,False
LTBP1,rs817534,intron_variant,False
LTBP1,rs147910097,intron_variant,False
LTBP1,rs2290427,missense_variant,True
LTBP1,rs77019336,intron_variant,False
LTBP1,rs58804388,intron_variant,False
LTBP1,rs12468099,synonymous_variant,True
LTBP1,rs17566944,intron_variant,False
LTBP1,rs80276440,intron_variant,False
LTBP1,rs6543682,intron_variant,False
LTBP1,rs1545550,intron_variant,False
LTBP1,rs17595032,intron_variant,False
LTBP1,rs114995907,intron_variant,False
LTBP1,rs4671010,intron_variant,False
LTBP1,rs3769528,intron_variant,False
LTBP1,rs219158,intron_variant,False
LTBP1,rs77508728,intron_variant,False
LTBP1,rs219174,intron_variant,False
LTBP1,rs72791793,intron_variant,False
LTBP1,rs10495789,intron_variant,False
LTBP1,rs3754829,intron_variant,False
LTBP1,rs11124308,intron_variant,False
LTBP1,rs1037507,intron_variant,False
LTBP1,rs4077711,intron_variant,False
LTBP1,rs72866208,intron_variant,False
LTBP1,rs4630744,intron_variant,False
LTBP1,rs9678810,intron_variant,False
LTBP1,rs542631,intron_variant,False
LTBP1,rs13385731,intron_variant,False
LTBP1,rs17640469,intron_variant,False
LTBP1,rs7557776,intron_variant,False
LTBP1,rs62133340,intron_variant,False
LTBP1,rs1812485,intron_variant,False
LTBP1,rs6716035,intron_variant,False
LTBP1,rs7561821,intron_variant,False
LTBP1,rs5024713,intron_variant,False
LTBP1,rs78879228,intron_variant,False
LTBP1,rs12104955,intron_variant,False
LTBP1,rs72789844,non_coding_transcript_exon_variant,False
LTBP1,rs7572753,intron_variant,False
LTBP1,rs219154,intron_variant,False
LTBP1,rs6715793,intron_variant,False
LTBP1,rs588252,intergenic_variant,False
LTBP1,rs11124305,intron_variant,False
LTBP1,rs219099,intron_variant,False
LTBP1,rs60558455,intron_variant,False
LTBP1,rs6714546,intron_variant,False
LTBP1,rs118207,intron_variant,False
LTBP1,rs58048037,intron_variant,False
LTBP1,rs6712473,splice_region_variant,True
LTBP1,rs10203632,intron_variant,False
LTBP1,rs2367508,intron_variant,False
LTBP1,rs963025,intron_variant,False
LTBP1,rs877672,intron_variant,False
LTBP1,rs1459993101,intergenic_variant,False
LTBP1,rs1195724496,intron_variant,False
LTBP1,rs2008845,intron_variant,False
LTBP1,rs111737248,intron_variant,False
LTBP1,rs72793778,intron_variant,False
LTBP1,rs75263017,intron_variant,False
LTBP1,rs72864148,intergenic_variant,False
LTBP1,rs12612879,intron_variant,False
LTBP1,rs185806435,intron_variant,False
LTBP1,rs2167973,intron_variant,False
LTBP2,rs4899532,intron_variant,False
LTBP2,rs57176747,intron_variant,False
LTBP2,rs7569,3_prime_UTR_variant,False
LTBP2,rs754458,intron_variant,False
LTBP2,rs11159091,intron_variant,False
LTBP2,rs4903245,intron_variant,False
LTBP2,rs2359142,intron_variant,False
LTBP2,rs12586772,intron_variant,False
LTBP2,rs10873267,non_coding_transcript_exon_variant,False
LTBP2,rs12587457,intron_variant,False
LTBP2,rs11621186,regulatory_region_variant,False
LTBP2,rs12898083,intron_variant,False
LTBP2,rs1045430,3_prime_UTR_variant,False
LTBP2,rs862026,intron_variant,False
LTBP2,rs3825710,intron_variant,False
LTBP2,rs74384554,3_prime_UTR_variant,False
LTBP2,rs12100626,intergenic_variant,False
LTBP2,rs12434356,intergenic_variant,False
LTBP2,rs73294447,intergenic_variant,False
LTBP2,rs17101543,intergenic_variant,False
LTBP2,rs55927952,intron_variant,False
LTBP2,rs730384,intron_variant,False
LTBP2,rs10144920,intron_variant,False
LTBP2,rs699370,intron_variant,False
LTBP2,rs7156302,intergenic_variant,False
LTBP2,rs112288215,intron_variant,False
LTBP2,rs862034,intron_variant,False
LTBP2,rs1156021,intergenic_variant,False
LTBP2,rs11159096,regulatory_region_variant,False
LTBP2,rs72730160,intergenic_variant,False
LTBP2,rs2165198,intergenic_variant,False
LTBP2,rs9671386,intron_variant,False
LTBP2,rs11159097,intergenic_variant,False
LTBP2,rs2302832,intron_variant,False
LTBP2,rs8017691,intergenic_variant,False
LTBP2,rs114612876,intergenic_variant,False
LTBP2,rs73294470,intron_variant,False
LTBP2,rs7148461,intron_variant,False
LTBP2,rs4369590,intergenic_variant,False
LTBP2,rs11623580,intron_variant,False
LTBP2,rs7144263,intergenic_variant,False
LTBP2,rs862045,intron_variant,False
LTBP2,rs2165197,intergenic_variant,False
LTBP2,rs2240621,3_prime_UTR_variant,False
LTBP2,rs2884641,intron_variant,False
LTBP2,rs61980910,intron_variant,False
LTBP2,rs862039,intron_variant,False
LTBP2,rs7154563,intergenic_variant,False
LTBP2,rs187178333,intergenic_variant,False
LTBP2,rs150408645,intron_variant,False
LTBP2,rs862041,intron_variant,False
LTBP2,rs10142206,intron_variant,False
LTBP2,rs699371,intron_variant,False
LTBP2,rs862056,intron_variant,False
LTBP2,rs3784030,intron_variant,False
LTBP2,rs888414,intergenic_variant,False
LTBP2,rs756350230,intron_variant,False
LTBP2,rs113625761,intergenic_variant,False
LTBP2,rs11625990,intron_variant,False
LTBP2,rs7160756,intron_variant,False
LTBP2,rs862051,intron_variant,False
LTBP2,rs532137543,intron_variant,False
LTBP2,rs1052939,3_prime_UTR_variant,False
LTBP2,rs12586819,regulatory_region_variant,False
LTBP2,rs113587712,3_prime_UTR_variant,False
LTBP2,rs7493528,intergenic_variant,False
LTBP2,rs862031,synonymous_variant,True
LTBP2,rs111241513,intron_variant,False
LTBP2,rs862048,intron_variant,False
LTBP2,rs989909,intergenic_variant,False
LTBP2,rs140130028,splice_donor_variant,True
LTBP2,rs17100414,intron_variant,False
LTBP2,rs8008540,intron_variant,False
LTBP2,rs4903242,intron_variant,False
LTBP2,rs17782683,intron_variant,False
LTBP2,rs754634,intergenic_variant,False
LTBP2,rs61980882,intron_variant,False
LTBP2,rs862049,intron_variant,False
LTBP2,rs11846588,intron_variant,False
LTBP2,rs77795135,intron_variant,False
LTBP2,rs2530398,intron_variant,False
LTBP2,rs1468503,intron_variant,False
LTBP2,rs10139746,intron_variant,False
LTBP2,rs862050,intron_variant,False
LTBP2,rs73294488,non_coding_transcript_exon_variant,False
LTBP2,rs149199515,intron_variant,False
LTBP2,rs7142953,intergenic_variant,False
LTBP2,rs9323600,intron_variant,False
LTBP2,rs4903223,downstream_gene_variant,False
LTBP2,rs4899520,intron_variant,False
LTBP2,rs8004430,intron_variant,False
LTBP2,rs11159086,3_prime_UTR_variant,False
LTBP2,rs4899518,intron_variant,False
LTBP2,rs7152906,regulatory_region_variant,False
LTBP2,rs3047739,TF_binding_site_variant,False
LTBP2,rs888415,intergenic_variant,False
LTBP2,rs16661,3_prime_UTR_variant,False
LTBP2,rs12434646,non_coding_transcript_exon_variant,False
LTBP2,rs79300315,intron_variant,False
LTBP2,rs55971017,intron_variant,False
LTBP2,rs2302114,intron_variant,False
LTBP2,rs7150659,intron_variant,False
LTBP2,rs117743573,intron_variant,False
LTBP2,rs61980911,intron_variant,False
LTBP2,rs12896725,intron_variant,False
LTBP2,rs6574188,intergenic_variant,False
LTBP2,rs73296215,3_prime_UTR_variant,False
LTBP2,rs862037,intron_variant,False
LTBP2,rs61738025,synonymous_variant,True
LTBP2,rs113201774,intron_variant,False
LTBP2,rs529095086,intron_variant,False
LTBP2,rs142445311,intergenic_variant,False
LTBP2,rs199709938,intron_variant,False
LTBP2,rs11852134,intergenic_variant,False
LTBP2,rs11159088,intron_variant,False
LTBP3,rs12808303,intron_variant,False
LTBP3,rs117226025,missense_variant,True
LTBP3,rs17146964,splice_polypyrimidine_tract_variant,False
LTBP3,rs1783541,intron_variant,False
LTBP3,rs749112,intron_variant,False
LTBP3,rs537328386,regulatory_region_variant,False
LTBP3,rs572166450,intron_variant,False
LTBP3,rs140456847,intron_variant,False
LTBP3,rs72939147,intergenic_variant,False
LTBP3,rs3132742,intergenic_variant,False
LTBP3,rs117574905,missense_variant,True
LTBP3,rs75889480,intergenic_variant,False
LTBP3,rs183885762,non_coding_transcript_exon_variant,False
LTBP3,rs7944860,5_prime_UTR_variant,False
LTBP3,rs10160596,intron_variant,False
LTBP3,rs3741378,missense_variant,True
LTBP3,rs6591182,splice_donor_variant,True
LTBP3,rs570873498,intron_variant,False
LTBP3,rs34789990,intergenic_variant,False
LTBP3,rs36075068,splice_donor_region_variant,False
LTBP3,rs34412377,regulatory_region_variant,False
LTBP3,rs1783210,intron_variant,False
LTBP3,rs34278912,3_prime_UTR_variant,False
LTBP3,rs2508710,intron_variant,False
LTBP3,rs12803915,non_coding_transcript_exon_variant,False
LTBP3,rs11227221,intron_variant,False
LTBP3,rs10896024,intron_variant,False
LTBP3,rs36085849,intron_variant,False
LTBP3,rs536370608,missense_variant,True
LTBP3,rs34686164,intron_variant,False
LTBP3,rs11227247,3_prime_UTR_variant,False
LTBP3,rs760772491,intron_variant,False
LTBP3,rs600231,non_coding_transcript_exon_variant,False
LTBP3,rs7931311,intergenic_variant,False
LTBP3,rs3782086,5_prime_UTR_variant,False
LTBP3,rs2306362,regulatory_region_variant,False
LTBP3,rs111535347,intron_variant,False
LTBP3,rs1111934,intergenic_variant,False
LTBP3,rs11604423,intron_variant,False
LTBP3,rs2105608,intron_variant,False
LTBP3,rs2306361,intron_variant,False
LTBP3,rs2306364,synonymous_variant,True
LTBP3,rs11227200,intergenic_variant,False
LTBP3,rs12224858,intergenic_variant,False
LTBP3,rs58950470,5_prime_UTR_variant,False
LTBP3,rs2306363,5_prime_UTR_variant,False
LTBP3,rs10750763,intron_variant,False
LTBP3,rs2096560,intergenic_variant,False
LTBP3,rs139740204,non_coding_transcript_exon_variant,False
LTBP3,rs7114037,missense_variant,True
LTBP3,rs114575459,intergenic_variant,False
LTBP3,rs112540389,intergenic_variant,False
LTBP3,rs11227242,intron_variant,False
LTBP3,rs114234466,synonymous_variant,True
LTBP3,rs36009527,non_coding_transcript_exon_variant,False
LTBP3,rs117962473,intron_variant,False
LTBP3,rs1144789,intron_variant,False
LTBP3,rs4099470,intron_variant,False
LTBP3,rs1144928,intron_variant,False
LTBP3,rs150599115,intron_variant,False
LTBP3,rs11227229,intron_variant,False
LTBP3,rs3782089,intron_variant,False
LTBP3,rs61744384,synonymous_variant,True
LTBP3,rs10896026,intron_variant,False
LTBP3,rs1049728,3_prime_UTR_variant,False
LTBP3,rs1151490,intron_variant,False
LTBP3,rs541304177,non_coding_transcript_exon_variant,False
LTBP3,rs558577057,intergenic_variant,False
LTBP3,rs202070768,non_coding_transcript_exon_variant,False
LTBP3,rs2846139,intron_variant,False
LTBP3,rs2510078,intron_variant,False
LTBP3,rs137899365,intron_variant,False
LTBP3,rs3741380,missense_variant,True
LTBP3,rs4244811,intron_variant,False
LTBP3,rs11606601,intron_variant,False
LTBP3,rs1194338,non_coding_transcript_exon_variant,False
LTBP3,rs3200401,non_coding_transcript_exon_variant,False
LTBP3,rs35244792,non_coding_transcript_exon_variant,False
LTBP3,rs947791,intron_variant,False
LTBP3,rs61893788,intron_variant,False
LTBP3,rs77569865,intron_variant,False
LTBP3,rs11227227,regulatory_region_variant,False
LTBP3,rs1143756,intron_variant,False
LTBP3,rs11568304,3_prime_UTR_variant,False
LTBP3,rs4601790,intron_variant,False
LTBP3,rs61548447,intergenic_variant,False
LTBP3,rs3825071,non_coding_transcript_exon_variant,False
LTBP3,rs66864335,intron_variant,False
LTBP3,rs2448490,intron_variant,False
LTBP3,rs111669836,intergenic_variant,False
LTBP3,rs2509948,5_prime_UTR_variant,False
LTBP3,rs7941126,intergenic_variant,False
LTBP3,rs75956291,intron_variant,False
LTBP3,rs200733908,missense_variant,True
LTBP3,rs57311037,intergenic_variant,False
LTBP3,rs35111506,intron_variant,False
LTBP3,rs11227217,intron_variant,False
LTBP3,rs12790427,synonymous_variant,True
LTBP3,rs7937415,intergenic_variant,False
LTBP3,rs61759893,missense_variant,True
LTBP3,rs10896018,synonymous_variant,True
LTBP3,rs547193816,non_coding_transcript_exon_variant,False
LTBP3,rs117488543,intron_variant,False
LTBP3,rs682845,intergenic_variant,False
LTBP3,rs137977016,non_coding_transcript_exon_variant,False
LTBP3,rs12420618,intron_variant,False
LTBP3,rs67924081,non_coding_transcript_exon_variant,False
LTBP3,rs1151488,intron_variant,False
LTBP3,rs1152620,intergenic_variant,False
LTBP3,rs10896012,regulatory_region_variant,False
LTBP3,rs1784220,non_coding_transcript_exon_variant,False
LTBP3,rs11568300,intron_variant,False
LTBP3,rs193226777,intergenic_variant,False
LTBP3,rs1346,non_coding_transcript_exon_variant,False
LTBP3,rs11227226,non_coding_transcript_exon_variant,False
LTBP3,rs184470013,intergenic_variant,False
LTBP3,rs143625869,intron_variant,False
LTBP3,rs117897057,intron_variant,False
LTBP3,rs10896005,intron_variant,False
LTBP3,rs10791821,intron_variant,False
LTBP3,rs12270054,intron_variant,False
LTBP3,rs12789028,5_prime_UTR_variant,False
LTBP3,rs948578,intron_variant,False
LTBP3,rs763648441,missense_variant,True
LTBP3,rs10896015,intron_variant,False
LTBP3,rs2004649,synonymous_variant,True
LTBP3,rs71923644,intron_variant,False
LTBP3,rs1491190920,intergenic_variant,False
LTBP3,rs686320,non_coding_transcript_exon_variant,False
LTBP3,rs2298615,intron_variant,False
LTBP3,rs7130955,intron_variant,False
LTBP3,rs1466462,intergenic_variant,False
LTBP3,rs2236684,synonymous_variant,True
LTBP3,rs931127,regulatory_region_variant,False
LTBP3,rs587080,intergenic_variant,False
LTBP3,rs4102217,non_coding_transcript_exon_variant,False
LTBP3,rs1787663,intron_variant,False
LTBP3,rs12419237,intergenic_variant,False
LTBP3,rs4930295,intron_variant,False
LTBP3,rs4787,3_prime_UTR_variant,False
LTBP3,rs746429,synonymous_variant,True
LTBP3,rs10896017,5_prime_UTR_variant,False
LTBP3,rs10896007,intergenic_variant,False
LTBP3,rs12801636,intron_variant,False
LTBP3,rs2075660,intron_variant,False
LTBP3,rs58621819,intron_variant,False
MATN3,rs16987282,intron_variant,False
MATN3,rs11681705,intron_variant,False
MATN3,rs52826764,missense_variant,True
MATN3,rs192171858,intron_variant,False
MATN3,rs7565124,intron_variant,False
MATN3,rs570184763,intron_variant,False
MATN3,rs55920955,intron_variant,False
MATN3,rs111460754,splice_donor_5th_base_variant,False
MATN3,rs3731663,intron_variant,False
MATN3,rs62112178,intron_variant,False
MATN3,rs112544217,intergenic_variant,False
MATN3,rs77245812,missense_variant,True
MATN3,rs1147118,intron_variant,False
MATN3,rs1370584,non_coding_transcript_exon_variant,False
MATN3,rs907864,intron_variant,False
MATN3,rs75933926,intron_variant,False
MATN3,rs149033733,intron_variant,False
MATN3,rs115170817,intron_variant,False
MATN3,rs11694716,intron_variant,False
MATN3,rs1147110,intergenic_variant,False
MATN3,rs148816463,intron_variant,False
MATN3,rs115224924,intron_variant,False
MATN3,rs10178256,intron_variant,False
MATN3,rs16987337,intron_variant,False
MATN3,rs80291897,intron_variant,False
MATN3,rs141994715,intron_variant,False
MATN3,rs28742930,intergenic_variant,False
MATN3,rs2126551,intron_variant,False
MATN3,rs186623040,intron_variant,False
MATN3,rs10153717,intron_variant,False
MATN3,rs150080038,intron_variant,False
MATN3,rs148610489,intron_variant,False
MATN3,rs563843771,intergenic_variant,False
MATN3,rs143407873,non_coding_transcript_exon_variant,False
MATN3,rs144732329,intron_variant,False
MATN3,rs56097005,intron_variant,False
MATN3,rs6531202,intron_variant,False
MATN3,rs57887920,intron_variant,False
MATN3,rs187389820,intron_variant,False
MATN3,rs74469198,3_prime_UTR_variant,False
MATN3,rs77948225,intron_variant,False
MATN3,rs148210550,3_prime_UTR_variant,False
MATN3,rs183457823,intergenic_variant,False
MATN3,rs184827439,intron_variant,False
MATN3,rs191580202,intron_variant,False
MATN3,rs115214699,intron_variant,False
MATN3,rs11096633,non_coding_transcript_exon_variant,False
MATN3,rs113386058,intron_variant,False
MATN3,rs11684041,intron_variant,False
MATN3,rs78374349,intron_variant,False
MMP13,rs494963,intergenic_variant,False
MMP13,rs140839642,intergenic_variant,False
MMP13,rs12788925,intergenic_variant,False
MMP13,rs144905065,intron_variant,False
MMP13,rs61493282,intergenic_variant,False
MMP13,rs72987535,intron_variant,False
MMP13,rs72987546,intron_variant,False
MMP13,rs1044251682,intergenic_variant,False
MMP13,rs35068180,intergenic_variant,False
MMP13,rs28381690,intron_variant,False
MMP13,rs10791606,intron_variant,False
MMP13,rs662028,intron_variant,False
MMP13,rs615098,intergenic_variant,False
MMP13,rs660599,intergenic_variant,False
MMP13,rs654600,intergenic_variant,False
MMP13,rs185686655,intergenic_variant,False
MMP13,rs117698348,intergenic_variant,False
MMP13,rs11225452,intergenic_variant,False
MMP13,rs662558,intergenic_variant,False
MMP13,rs72981698,intergenic_variant,False
MMP13,rs2005108,intergenic_variant,False
MMP13,rs1940938,intergenic_variant,False
MMP13,rs11225471,intergenic_variant,False
MMP13,rs72983508,intergenic_variant,False
MMP13,rs544055419,intergenic_variant,False
MMP13,rs11422799,intron_variant,False
MMP13,rs12792912,intergenic_variant,False
MMP13,rs72983521,intergenic_variant,False
MMP13,rs17099786,intron_variant,False
MMP13,rs150986675,intergenic_variant,False
MMP13,rs141081800,intergenic_variant,False
MMP13,rs11225454,intergenic_variant,False
MMP13,rs118004055,intergenic_variant,False
MMP13,rs200520645,intergenic_variant,False
MMP13,rs112759287,intron_variant,False
MMP13,rs117180336,intergenic_variant,False
MMP13,rs28381684,splice_polypyrimidine_tract_variant,False
MMP13,rs72985562,intergenic_variant,False
MMP13,rs118028968,regulatory_region_variant,False
MMP13,rs528083302,intergenic_variant,False
MMP13,rs72987587,intron_variant,False
MMP13,rs111850229,intergenic_variant,False
MMP13,rs737693,intergenic_variant,False
MMP13,rs72983513,intergenic_variant,False
MMP13,rs645419,intergenic_variant,False
MMP13,rs671188,intergenic_variant,False
MMP13,rs144897250,intergenic_variant,False
MMP13,rs72981684,intergenic_variant,False
MMP13,rs12808148,intergenic_variant,False
MMP13,rs143857074,intergenic_variant,False
MMP13,rs17368582,synonymous_variant,True
MMP13,rs17368659,intron_variant,False
MMP13,rs10502008,intergenic_variant,False
MMP13,rs7107426,intergenic_variant,False
MMP13,rs644885,intergenic_variant,False
MMP13,rs185826649,intergenic_variant,False
MMP13,rs674546,intergenic_variant,False
MMP13,rs147857116,intergenic_variant,False
MMP13,rs17297226,regulatory_region_variant,False
MMP13,rs72981683,intergenic_variant,False
MMP13,rs652438,missense_variant,True
MMP13,rs146451461,intergenic_variant,False
MMP13,rs117849885,intergenic_variant,False
MMP13,rs78406549,intergenic_variant,False
MMP13,rs146177600,intron_variant,False
MMP13,rs678815,intron_variant,False
MMP13,rs626750,intergenic_variant,False
MMP13,rs17361668,regulatory_region_variant,False
MMP13,rs72981680,intergenic_variant,False
MMP13,rs114176245,intergenic_variant,False
MMP13,rs72983568,intergenic_variant,False
MMP13,rs573521,intergenic_variant,False
MMP13,rs632478,intergenic_variant,False
MMP13,rs17368814,intergenic_variant,False
MMP13,rs74380195,intergenic_variant,False
MMP13,rs4572101,intergenic_variant,False
MMP13,rs586701,intergenic_variant,False
MMP13,rs17298829,intergenic_variant,False
MMP13,rs505770,intron_variant,False
MMP13,rs1892971,regulatory_region_variant,False
MMP13,rs2276109,intergenic_variant,False
MMP13,rs478927,intron_variant,False
MMP13,rs35054791,intergenic_variant,False
MMP13,rs116187470,intergenic_variant,False
MMP13,rs608194,intron_variant,False
MMP13,rs581359,intergenic_variant,False
MMP13,rs12802035,intergenic_variant,False
MMP13,rs12146624,intergenic_variant,False
MMP13,rs17368890,intergenic_variant,False
MMP13,rs17860597,intergenic_variant,False
MMP13,rs11225506,intergenic_variant,False
MMP13,rs182844815,intergenic_variant,False
MMP13,rs72981675,intergenic_variant,False
MMP13,rs17860517,intergenic_variant,False
MMP13,rs28381700,intron_variant,False
MMP13,rs144387008,intergenic_variant,False
MMP13,rs145083561,intergenic_variant,False
MMP13,rs7120387,intergenic_variant,False
MMP13,rs189775327,intergenic_variant,False
MMP14,rs11157810,3_prime_UTR_variant,False
MMP14,rs10137343,intron_variant,False
MMP14,rs17122782,regulatory_region_variant,False
MMP14,rs17122776,regulatory_region_variant,False
MMP14,rs2295905,3_prime_UTR_variant,False
MMP14,rs11157836,intron_variant,False
MMP14,rs12436256,intron_variant,False
MMP14,rs11557895,5_prime_UTR_variant,False
MMP14,rs11622421,intron_variant,False
MMP14,rs8014119,missense_variant,True
MMP14,rs4982700,intron_variant,False
MMP14,rs34917191,intron_variant,False
MMP14,rs142153001,missense_variant,True
MMP14,rs12437151,intron_variant,False
MMP14,rs4981446,intron_variant,False
MMP14,rs8006875,intron_variant,False
MMP14,rs11568438,missense_variant,True
MMP14,rs8003934,intron_variant,False
MMP14,rs4982708,intron_variant,False
MMP14,rs3751488,3_prime_UTR_variant,False
MMP14,rs149165418,intron_variant,False
MMP14,rs1042704,missense_variant,True
MMP14,rs11157930,intron_variant,False
MMP14,rs1242631,intron_variant,False
MMP14,rs182220862,intron_variant,False
MMP14,rs35718984,intron_variant,False
MMP14,rs1043209,intron_variant,False
MMP14,rs34344888,intron_variant,False
MMP14,rs1004030,regulatory_region_variant,False
MMP14,rs1142013,3_prime_UTR_variant,False
MMP14,rs17122385,intron_variant,False
MMP14,rs398024546,intron_variant,False
MMP14,rs12433985,intron_variant,False
MMP14,rs10130537,intergenic_variant,False
MMP14,rs35956093,3_prime_UTR_variant,False
MMP14,rs4982712,intron_variant,False
MMP14,rs61974190,intron_variant,False
MMP14,rs17122779,regulatory_region_variant,False
MMP14,rs8006409,intron_variant,False
MMP14,rs17880989,missense_variant,True
MMP14,rs8005677,intron_variant,False
MMP14,rs4981439,intron_variant,False
MMP14,rs17122926,intron_variant,False
MMP14,rs79284413,intron_variant,False
MMP14,rs9989230,intron_variant,False
MMP14,rs149421484,intron_variant,False
MMP14,rs561256539,intron_variant,False
MMP14,rs55894132,intron_variant,False
MMP14,rs189275070,intron_variant,False
MMP14,rs1570342,3_prime_UTR_variant,False
MMP14,rs35085068,intron_variant,False
MMP14,rs55898715,intron_variant,False
MMP14,rs11157931,intron_variant,False
MMP14,rs1043207,3_prime_UTR_variant,False
MMP14,rs17886414,intron_variant,False
MMP14,rs17122772,regulatory_region_variant,False
MMP14,rs778817356,intron_variant,False
MMP14,rs911912,intron_variant,False
MMP14,rs28364570,regulatory_region_variant,False
MMP14,rs66680382,intergenic_variant,False
MMP14,rs17122962,intron_variant,False
MMP14,rs2236307,synonymous_variant,True
MMP14,rs12437230,intron_variant,False
MMP14,rs61977694,intergenic_variant,False
NOG,rs12451582,intergenic_variant,False
NOG,rs17822255,intergenic_variant,False
NOG,rs75737809,intergenic_variant,False
NOG,rs1467246,intergenic_variant,False
NOG,rs227732,intergenic_variant,False
NOG,rs78245495,intergenic_variant,False
NOG,rs714832,intergenic_variant,False
NOG,rs12951993,intergenic_variant,False
NOG,rs8072843,intergenic_variant,False
NOG,rs59340522,intron_variant,False
NOG,rs1372855,intron_variant,False
NOG,rs227723,intergenic_variant,False
NOG,rs11868596,intergenic_variant,False
NOG,rs7224113,intergenic_variant,False
NOG,rs3853824,intron_variant,False
NOG,rs12602666,intergenic_variant,False
NOG,rs151278468,intergenic_variant,False
NOG,rs1029723,intergenic_variant,False
NOG,rs4793821,intergenic_variant,False
NOG,rs35250090,intergenic_variant,False
NOG,rs6505064,intergenic_variant,False
NOG,rs10515129,intron_variant,False
NOG,rs227755,regulatory_region_variant,False
NOG,rs7212632,intergenic_variant,False
NOG,rs227756,intergenic_variant,False
NOG,rs1048159,synonymous_variant,True
NOG,rs73991560,intron_variant,False
NOG,rs11079248,intergenic_variant,False
NOG,rs1401795,intergenic_variant,False
NOG,rs227729,intergenic_variant,False
NOG,rs55756350,intergenic_variant,False
NOG,rs117222566,intergenic_variant,False
NOG,rs77370764,intergenic_variant,False
NOG,rs17760268,intron_variant,False
NOG,rs16957335,3_prime_UTR_variant,False
NOG,rs77282354,intergenic_variant,False
NOG,rs227669,intron_variant,False
NOG,rs4793823,intergenic_variant,False
NOG,rs17760296,intron_variant,False
NOG,rs73991579,intergenic_variant,False
NOG,rs34018425,regulatory_region_variant,False
NOG,rs2049063,intergenic_variant,False
NOG,rs9915822,intergenic_variant,False
NOG,rs12450049,intergenic_variant,False
NOG,rs76901330,intron_variant,False
NOG,rs7210800,intergenic_variant,False
NOG,rs227705,intergenic_variant,False
NOG,rs12939240,intron_variant,False
NOG,rs227702,intergenic_variant,False
NOG,rs227733,intergenic_variant,False
NOG,rs8075811,intergenic_variant,False
NOG,rs227725,intergenic_variant,False
NOG,rs6503750,intergenic_variant,False
NOG,rs227744,intergenic_variant,False
NOG,rs60260736,intergenic_variant,False
NOG,rs9915072,intron_variant,False
NOG,rs142255801,intergenic_variant,False
NOG,rs7219027,intergenic_variant,False
NOG,rs11079253,intergenic_variant,False
NOG,rs1401796,intergenic_variant,False
NOG,rs227731,intergenic_variant,False
NOG,rs12601326,intergenic_variant,False
NOG,rs963292,intergenic_variant,False
NOG,rs8073455,intergenic_variant,False
NOG,rs79506809,intergenic_variant,False
NOG,rs17760525,intergenic_variant,False
NOG,rs7224488,intergenic_variant,False
NOG,rs17220159,intergenic_variant,False
NOG,rs227745,intergenic_variant,False
NOG,rs17760596,intergenic_variant,False
NOG,rs227722,intergenic_variant,False
NOG,rs227734,intergenic_variant,False
NOG,rs227730,intergenic_variant,False
NOG,rs74929176,intron_variant,False
NOG,rs10515131,intron_variant,False
NOG,rs4794665,intergenic_variant,False
NOG,rs4794658,intergenic_variant,False
NOG,rs227724,intergenic_variant,False
NOG,rs62074819,regulatory_region_variant,False
NOG,rs11658180,intron_variant,False
NOG,rs3914804,intergenic_variant,False
NOG,rs17760519,intergenic_variant,False
NOG,rs17820808,intergenic_variant,False
NOG,rs76164057,intergenic_variant,False
NOG,rs227726,intergenic_variant,False
NOG,rs227741,intergenic_variant,False
NOG,rs7207006,intron_variant,False
NOG,rs73323006,intergenic_variant,False
NOG,rs227728,regulatory_region_variant,False
NOG,rs543919231,intergenic_variant,False
NOG,rs33968982,intron_variant,False
NOG,rs77782297,intergenic_variant,False
NOG,rs77969246,intergenic_variant,False
NOG,rs9908159,intergenic_variant,False
NOG,rs227727,regulatory_region_variant,False
NOG,rs79084672,intergenic_variant,False
NOG,rs117223734,intergenic_variant,False
NOG,rs4793832,intron_variant,False
NOG,rs17655302,intron_variant,False
NOG,rs1963456,intergenic_variant,False
NOG,rs1986023,intergenic_variant,False
NOG,rs227667,intron_variant,False
NPPC,rs7588259,intergenic_variant,False
NPPC,rs6714205,intergenic_variant,False
NPPC,rs182852047,intron_variant,False
NPPC,rs192586223,intergenic_variant,False
NPPC,rs2580855,intergenic_variant,False
NPPC,rs79797223,intergenic_variant,False
NPPC,rs2679184,intergenic_variant,False
NPPC,rs2580816,intergenic_variant,False
NPPC,rs11690688,intergenic_variant,False
NPPC,rs12988095,intron_variant,False
NPPC,rs148499822,intron_variant,False
NPPC,rs28695435,intron_variant,False
NPPC,rs143944819,intergenic_variant,False
NPPC,rs10185460,intergenic_variant,False
NPPC,rs2679178,intergenic_variant,False
NPPC,rs3107179,intron_variant,False
NPPC,rs5262,intergenic_variant,False
NPPC,rs139989857,intergenic_variant,False
NPPC,rs75156877,intergenic_variant,False
NPPC,rs878444,intergenic_variant,False
NPPC,rs11677466,intron_variant,False
NPPC,rs759018650,intron_variant,False
NPPC,rs114392695,intron_variant,False
NPPC,rs59141578,intron_variant,False
NPPC,rs143965725,intron_variant,False
NPPC,rs6725657,intergenic_variant,False
NPPC,rs10179086,intergenic_variant,False
NPPC,rs7561437,intron_variant,False
NPPC,rs7596813,intergenic_variant,False
NPPC,rs191712157,intergenic_variant,False
NPPC,rs3100589,intron_variant,False
NPPC,rs3116225,intron_variant,False
NPPC,rs6732947,intron_variant,False
NPPC,rs3100609,intron_variant,False
NPPC,rs67269492,intron_variant,False
NPPC,rs2580840,intergenic_variant,False
NPPC,rs139417240,intergenic_variant,False
NPPC,rs11900720,intron_variant,False
NPPC,rs144019112,intron_variant,False
NPPC,rs143783471,intron_variant,False
NPPC,rs17199879,intron_variant,False
NPPC,rs75014001,intron_variant,False
NPPC,rs66967619,intron_variant,False
NPPC,rs10460436,intergenic_variant,False
NPPC,rs185007812,intron_variant,False
NPPC,rs180859514,non_coding_transcript_exon_variant,False
NPPC,rs6437041,intergenic_variant,False
NPPC,rs3103257,intron_variant,False
NPPC,rs16828537,intergenic_variant,False
NPPC,rs3103261,intron_variant,False
NPPC,rs749052,intergenic_variant,False
NPPC,rs3100612,intron_variant,False
NPPC,rs3100618,intron_variant,False
NPPC,rs13412942,intron_variant,False
NPPC,rs2043928,intergenic_variant,False
NPPC,rs3116151,intron_variant,False
NPPC,rs111345985,intron_variant,False
NPPC,rs72985631,intron_variant,False
NPPC,rs56292657,intron_variant,False
NPPC,rs4973506,intron_variant,False
NPPC,rs138124534,intron_variant,False
NPPC,rs76803230,intron_variant,False
NPPC,rs2580854,intergenic_variant,False
NPPC,rs2580821,intergenic_variant,False
NPPC,rs3116162,intron_variant,False
NPPC,rs2580819,intergenic_variant,False
NPPC,rs12473319,intron_variant,False
NPPC,rs144483803,intron_variant,False
NPPC,rs3116168,intron_variant,False
NPPC,rs59526832,intron_variant,False
NPPC,rs73995038,intron_variant,False
NPPC,rs11301026,intron_variant,False
NPPC,rs73995024,intergenic_variant,False
NPPC,rs1453867,intron_variant,False
NPPC,rs73000823,intergenic_variant,False
NPPC,rs3116240,intron_variant,False
NPPC,rs3100598,intron_variant,False
NPPC,rs191498594,intron_variant,False
NPPC,rs2679179,intergenic_variant,False
NPPC,rs77245717,intron_variant,False
NPPC,rs77907105,intron_variant,False
NPPC,rs527884225,intergenic_variant,False
NPPC,rs531473938,intergenic_variant,False
NPPC,rs139821069,intergenic_variant,False
NPPC,rs7590444,intergenic_variant,False
NPPC,rs143178398,intron_variant,False
NPPC,rs12620618,intron_variant,False
NPPC,rs3100596,intron_variant,False
NPPC,rs3103267,intron_variant,False
NPPC,rs537201672,intron_variant,False
NPPC,rs2580820,intergenic_variant,False
NPPC,rs374935766,intergenic_variant,False
NPPC,rs3100611,intron_variant,False
NPPC,rs5268,intron_variant,False
NPPC,rs58575560,intron_variant,False
NPPC,rs140536069,intergenic_variant,False
NPR2,rs34478611,3_prime_UTR_variant,False
NPR2,rs147613416,intron_variant,False
NPR2,rs10738946,intron_variant,False
NPR2,rs7043204,intergenic_variant,False
NPR2,rs2381400,intron_variant,False
NPR2,rs1322043,intron_variant,False
NPR2,rs1885376,intergenic_variant,False
NPR2,rs769010206,intergenic_variant,False
NPR2,rs4879926,intron_variant,False
NPR2,rs7847059,intergenic_variant,False
NPR2,rs2737273,intron_variant,False
NPR2,rs6476491,intron_variant,False
NPR2,rs4879930,intron_variant,False
NPR2,rs1570246,5_prime_UTR_variant,False
NPR2,rs3763630,intron_variant,False
NPR2,rs2249250,splice_polypyrimidine_tract_variant,False
NPR2,rs78920801,5_prime_UTR_variant,False
NPR2,rs41277065,intron_variant,False
NPR2,rs76452347,missense_variant,True
NPR2,rs141107455,missense_variant,True
NPR2,rs10814273,intron_variant,False
NPR2,rs10972618,regulatory_region_variant,False
NPR2,rs35406278,intron_variant,False
NPR2,rs71336411,intergenic_variant,False
NPR2,rs530444674,intron_variant,False
NPR2,rs2295797,intron_variant,False
NPR2,rs3750434,intron_variant,False
NPR2,rs61758515,intron_variant,False
NPR2,rs565117626,3_prime_UTR_variant,False
NPR2,rs1388954473,missense_variant,True
NPR2,rs7847621,intron_variant,False
NPR2,rs13292880,3_prime_UTR_variant,False
NPR2,rs62544707,intergenic_variant,False
NPR2,rs867194,intron_variant,False
NPR2,rs1885372,intron_variant,False
NPR2,rs11541908,synonymous_variant,True
NPR2,rs10758320,intergenic_variant,False
NPR2,rs34968913,intergenic_variant,False
NPR2,rs2281645,intron_variant,False
NPR2,rs4878628,intergenic_variant,False
NPR2,rs1322045,3_prime_UTR_variant,False
NPR2,rs148012946,intergenic_variant,False
NPR2,rs5812,synonymous_variant,True
NPR2,rs748802,5_prime_UTR_variant,False
NPR2,rs10758328,3_prime_UTR_variant,False
NPR2,rs781247208,intron_variant,False
NPR2,rs1570247,5_prime_UTR_variant,False
NPR2,rs79284865,missense_variant,True
NPR2,rs16932706,intron_variant,False
NPR2,rs3750437,3_prime_UTR_variant,False
NPR2,rs10972561,intergenic_variant,False
NPR2,rs12000024,intergenic_variant,False
NPR2,rs2181028,intron_variant,False
NPR2,rs10758327,intron_variant,False
NPR2,rs12003547,intergenic_variant,False
NPR2,rs10814274,intron_variant,False
NPR2,rs2295799,intron_variant,False
NPR2,rs13288085,intron_variant,False
NPR2,rs4879929,intron_variant,False
NPR2,rs10758322,intron_variant,False
NPR2,rs3763631,intron_variant,False
NPR2,rs186852039,intron_variant,False
NPR2,rs1078081,intron_variant,False
NPR2,rs114147262,missense_variant,True
NPR2,rs741917,intron_variant,False
NPR2,rs10814275,3_prime_UTR_variant,False
NPR2,rs10738948,intron_variant,False
NPR2,rs1243876,intergenic_variant,False
NPR2,rs2236293,missense_variant,True
NPR2,rs7873822,intron_variant,False
NPR2,rs10758321,intergenic_variant,False
NPR2,rs79458387,intron_variant,False
NPR2,rs143329643,intron_variant,False
NPR2,rs140870470,missense_variant,True
NPR2,rs4142495,intron_variant,False
NPR2,rs1570249,intron_variant,False
NPR2,rs2236325,regulatory_region_variant,False
NPR2,rs2236291,intron_variant,False
NPR3,rs3828586,intron_variant,False
NPR3,rs4421120,intron_variant,False
NPR3,rs11960478,regulatory_region_variant,False
NPR3,rs72742745,intergenic_variant,False
NPR3,rs147664254,intron_variant,False
NPR3,rs77330679,intron_variant,False
NPR3,rs114794137,intergenic_variant,False
NPR3,rs62368126,intron_variant,False
NPR3,rs10057069,intron_variant,False
NPR3,rs7731703,intergenic_variant,False
NPR3,rs11740580,intron_variant,False
NPR3,rs1183395,intron_variant,False
NPR3,rs3811964,intron_variant,False
NPR3,rs979997,3_prime_UTR_variant,False
NPR3,rs1458053,regulatory_region_variant,False
NPR3,rs12659264,intergenic_variant,False
NPR3,rs1173726,intron_variant,False
NPR3,rs1472261,intron_variant,False
NPR3,rs1173727,intergenic_variant,False
NPR3,rs10067897,intron_variant,False
NPR3,rs10045949,intron_variant,False
NPR3,rs922000,intergenic_variant,False
NPR3,rs540796226,intron_variant,False
NPR3,rs13358397,intron_variant,False
NPR3,rs3792751,intron_variant,False
NPR3,rs112333447,intron_variant,False
NPR3,rs72465120,intron_variant,False
NPR3,rs17447868,intergenic_variant,False
NPR3,rs3811966,intron_variant,False
NPR3,rs7733331,intergenic_variant,False
NPR3,rs10061804,intron_variant,False
NPR3,rs16889987,intergenic_variant,False
NPR3,rs1847018,intron_variant,False
NPR3,rs1093565,intergenic_variant,False
NPR3,rs2062708,intron_variant,False
NPR3,rs60240315,intergenic_variant,False
NPR3,rs7732831,intergenic_variant,False
NPR3,rs1818116,intron_variant,False
NPR3,rs113811158,intron_variant,False
NPR3,rs10941021,intron_variant,False
NPR3,rs7738037,intron_variant,False
NPR3,rs3828589,intron_variant,False
NPR3,rs111984297,intergenic_variant,False
NPR3,rs7730787,intergenic_variant,False
NPR3,rs58529247,intron_variant,False
NPR3,rs116090595,intron_variant,False
NPR3,rs62369525,intron_variant,False
NPR3,rs16890354,intergenic_variant,False
NPR3,rs1845502,intron_variant,False
NPR3,rs11740452,intron_variant,False
NPR3,rs55738139,intergenic_variant,False
NPR3,rs9716700,5_prime_UTR_variant,False
NPR3,rs3811958,intron_variant,False
NPR3,rs17442964,intron_variant,False
NPR3,rs1173734,intron_variant,False
NPR3,rs11739036,intron_variant,False
NPR3,rs2859814,intergenic_variant,False
NPR3,rs17447163,intron_variant,False
NPR3,rs10155577,intergenic_variant,False
NPR3,rs7729447,intergenic_variant,False
NPR3,rs1494651,intron_variant,False
NPR3,rs55665822,intergenic_variant,False
NPR3,rs62369473,intergenic_variant,False
NPR3,rs973080,intron_variant,False
NPR3,rs147477644,intron_variant,False
NPR3,rs3792761,intron_variant,False
NPR3,rs115656580,intron_variant,False
NPR3,rs10472828,intron_variant,False
NPR3,rs34555832,intron_variant,False
NPR3,rs7724792,intron_variant,False
NPR3,rs113098876,intergenic_variant,False
NPR3,rs146816907,intron_variant,False
NPR3,rs146345612,intron_variant,False
NPR3,rs10075681,intron_variant,False
NPR3,rs1173735,intron_variant,False
NPR3,rs1177764,intergenic_variant,False
NPR3,rs10045481,intergenic_variant,False
NPR3,rs80285873,intergenic_variant,False
NPR3,rs12656497,intergenic_variant,False
NPR3,rs13154066,intergenic_variant,False
NPR3,rs9292468,intergenic_variant,False
NPR3,rs13359080,intron_variant,False
NPR3,rs6450922,intergenic_variant,False
NPR3,rs7706886,intron_variant,False
NPR3,rs1173773,intron_variant,False
NPR3,rs1173736,intron_variant,False
NPR3,rs62368100,intergenic_variant,False
NPR3,rs16890196,intron_variant,False
NPR3,rs1173737,intron_variant,False
NPR3,rs7713318,intergenic_variant,False
NPR3,rs1458051,intergenic_variant,False
NPR3,rs10053638,intron_variant,False
NPR3,rs112339535,intergenic_variant,False
NPR3,rs10059884,intergenic_variant,False
NPR3,rs62368123,intron_variant,False
NPR3,rs72740607,intergenic_variant,False
NPR3,rs72740636,intergenic_variant,False
NPR3,rs480882,intron_variant,False
NPR3,rs1173766,intergenic_variant,False
NPR3,rs146301345,missense_variant,True
NPR3,rs142228984,missense_variant,True
NPR3,rs72742734,intron_variant,False
NPR3,rs76429771,intergenic_variant,False
NPR3,rs3762988,5_prime_UTR_variant,False
NPR3,rs62369524,intron_variant,False
NPR3,rs2194178,intron_variant,False
NPR3,rs3792752,intron_variant,False
NPR3,rs78350868,intergenic_variant,False
NPR3,rs3828591,intron_variant,False
NPR3,rs150505054,intron_variant,False
NPR3,rs1421811,intron_variant,False
NPR3,rs778920303,missense_variant,True
NPR3,rs1173771,regulatory_region_variant,False
NPR3,rs142318515,intron_variant,False
NPR3,rs4867471,intron_variant,False
NPR3,rs4867472,intron_variant,False
NPR3,rs199922291,intergenic_variant,False
NPR3,rs79292845,intergenic_variant,False
NPR3,rs2193950,intergenic_variant,False
NPR3,rs201150371,intergenic_variant,False
NPR3,rs12187959,intergenic_variant,False
NPR3,rs113892311,intron_variant,False
NPR3,rs7715571,intron_variant,False
NPR3,rs10941022,intron_variant,False
NPR3,rs7715279,intron_variant,False
NPR3,rs1031648,intron_variant,False
NPR3,rs4867470,intron_variant,False
NPR3,rs4867121,intron_variant,False
NPR3,rs113986197,3_prime_UTR_variant,False
NPR3,rs58739438,intron_variant,False
NPR3,rs17540155,intron_variant,False
NPR3,rs1173694,intergenic_variant,False
NPR3,rs72740637,5_prime_UTR_variant,False
NPR3,rs6450924,intron_variant,False
NPR3,rs72740613,intergenic_variant,False
NPR3,rs2193951,intergenic_variant,False
NPR3,rs11950160,intron_variant,False
NPR3,rs516451,intron_variant,False
NPR3,rs1173730,intron_variant,False
NPR3,rs745798,non_coding_transcript_exon_variant,False
NPR3,rs12514287,intron_variant,False
NPR3,rs7704428,intron_variant,False
NPR3,rs1173770,intergenic_variant,False
NPR3,rs114601412,intron_variant,False
NPR3,rs3811968,intron_variant,False
NPR3,rs976576,intron_variant,False
NPR3,rs946573151,intergenic_variant,False
NPR3,rs148185433,intron_variant,False
NPR3,rs116044797,intron_variant,False
NPR3,rs144067939,regulatory_region_variant,False
NPR3,rs188940293,intron_variant,False
NPR3,rs1177765,intergenic_variant,False
NPR3,rs540125402,intergenic_variant,False
NPR3,rs7715779,intergenic_variant,False
NPR3,rs12658928,intergenic_variant,False
NPR3,rs151063934,intergenic_variant,False
NPR3,rs700918,intergenic_variant,False
NPR3,rs60683709,intergenic_variant,False
NPR3,rs7722703,intergenic_variant,False
NPR3,rs9292471,intron_variant,False
NPR3,rs10472829,intron_variant,False
NPR3,rs17441816,intergenic_variant,False
NPR3,rs3792765,intron_variant,False
NPR3,rs113895999,intron_variant,False
PAPPA,rs13294988,intron_variant,False
PAPPA,rs147269950,intron_variant,False
PAPPA,rs1349323,intergenic_variant,False
PAPPA,rs13298297,intron_variant,False
PAPPA,rs1876475,intron_variant,False
PAPPA,rs35600712,intron_variant,False
PAPPA,rs204517,intergenic_variant,False
PAPPA,rs10983193,intron_variant,False
PAPPA,rs10983051,regulatory_region_variant,False
PAPPA,rs7852872,intron_variant,False
PAPPA,rs7865534,intron_variant,False
PAPPA,rs2273978,intron_variant,False
PAPPA,rs7851723,intergenic_variant,False
PAPPA,rs11792948,intron_variant,False
PAPPA,rs4979590,intron_variant,False
PAPPA,rs76515679,intergenic_variant,False
PAPPA,rs3789280,intron_variant,False
PAPPA,rs6478240,intron_variant,False
PAPPA,rs449807,intron_variant,False
PAPPA,rs4836732,intron_variant,False
PAPPA,rs4837565,intron_variant,False
PAPPA,rs1160248,intron_variant,False
PAPPA,rs1885983,intron_variant,False
PAPPA,rs1993014,intergenic_variant,False
PAPPA,rs55695529,intron_variant,False
PAPPA,rs768862780,intron_variant,False
PAPPA,rs204503,intergenic_variant,False
PAPPA,rs62574201,intron_variant,False
PAPPA,rs62574179,intron_variant,False
PAPPA,rs7020341,intron_variant,False
PAPPA,rs149621053,intron_variant,False
PAPPA,rs115535131,intron_variant,False
PAPPA,rs3789283,intron_variant,False
PAPPA,rs10217305,intron_variant,False
PAPPA,rs10983204,intron_variant,False
PAPPA,rs72754266,intron_variant,False
PAPPA,rs12684144,intron_variant,False
PAPPA,rs35212715,intron_variant,False
PAPPA,rs143186321,intron_variant,False
PAPPA,rs181234756,intron_variant,False
PAPPA,rs10983184,intron_variant,False
PAPPA,rs1885234,intron_variant,False
PAPPA,rs1003858,intron_variant,False
PAPPA,rs3891689,intron_variant,False
PAPPA,rs10739462,intron_variant,False
PAPPA,rs112332688,intron_variant,False
PAPPA,rs7872785,intron_variant,False
PAPPA,rs140646897,intron_variant,False
PAPPA,rs10817899,intron_variant,False
PAPPA,rs7858153,intron_variant,False
PAPPA,rs912213,intron_variant,False
PAPPA,rs204505,intergenic_variant,False
PAPPA,rs16933445,intron_variant,False
PAPPA,rs7044346,intron_variant,False
PAPPA,rs1570516,intron_variant,False
PAPPA,rs150249075,intron_variant,False
PAPPA,rs10817865,intron_variant,False
PAPPA,rs7874262,intron_variant,False
PAPPA,rs415978,intron_variant,False
PAPPA,rs9409175,intron_variant,False
PAPPA,rs13290589,intron_variant,False
PAPPA,rs7873551,intron_variant,False
PAPPA,rs34979631,intron_variant,False
PAPPA,rs6478241,intron_variant,False
PAPPA,rs79477138,intron_variant,False
PAPPA,rs1321917,intron_variant,False
PAPPA,rs10817892,intron_variant,False
PAPPA,rs72752150,intron_variant,False
PAPPA,rs2416560,intron_variant,False
PAPPA,rs76104930,intron_variant,False
PAPPA,rs75099224,intron_variant,False
PAPPA,rs56837094,intron_variant,False
PAPPA,rs7874402,intron_variant,False
PAPPA,rs112183369,intron_variant,False
PAPPA,rs67932442,intron_variant,False
PAPPA,rs10983229,intron_variant,False
PAPPA,rs916561,intergenic_variant,False
PAPPA,rs10982986,intron_variant,False
PAPPA,rs1861881,intron_variant,False
PAPPA,rs6478233,intron_variant,False
PAPPA,rs11794318,intron_variant,False
PAPPA,rs12342779,intron_variant,False
PAPPA,rs142878015,intergenic_variant,False
PAPPA,rs10983147,intergenic_variant,False
PAPPA,rs4837500,intergenic_variant,False
PAPPA,rs75657982,intergenic_variant,False
PAPPA,rs10817898,intron_variant,False
PAPPA,rs118033375,intron_variant,False
PAPPA,rs7468458,intergenic_variant,False
PAPPA,rs13294352,intron_variant,False
PAPPA,rs7862256,intron_variant,False
PAPPA,rs116922558,intron_variant,False
PAPPA,rs1323438,intron_variant,False
PAPPA,rs204519,intergenic_variant,False
PAPPA,rs10759832,intron_variant,False
PAPPA,rs10817870,intron_variant,False
PAPPA,rs10817872,intron_variant,False
PAPPA,rs10759844,intron_variant,False
PAPPA,rs10817864,intron_variant,False
PAPPA,rs142192434,intron_variant,False
PAPPA,rs79061817,intron_variant,False
PAPPA,rs7863920,intergenic_variant,False
PAPPA,rs148600858,intergenic_variant,False
PAPPA,rs17301196,intron_variant,False
PAPPA,rs4837261,intron_variant,False
PAPPA,rs204175,intron_variant,False
PAPPA,rs985223,intron_variant,False
PAPPA,rs1405,intron_variant,False
PAPPA,rs4837580,intron_variant,False
PAPPA,rs148004436,intron_variant,False
PAPPA,rs149033263,intron_variant,False
PAPPA,rs10983068,intron_variant,False
PAPPA,rs1858015,intergenic_variant,False
PAPPA,rs1983814,intron_variant,False
PAPPA,rs10817857,intron_variant,False
PAPPA,rs181044152,intron_variant,False
PAPPA,rs4836726,intron_variant,False
PAPPA,rs3789281,intron_variant,False
PAPPA,rs1035272,non_coding_transcript_exon_variant,False
PAPPA,rs17303101,intergenic_variant,False
PAPPA,rs10817896,intron_variant,False
PAPPA,rs4837566,intron_variant,False
PAPPA,rs77873412,intron_variant,False
PAPPA,rs10817888,intron_variant,False
PAPPA,rs1407243,intron_variant,False
PAPPA,rs7853634,intron_variant,False
PAPPA,rs7022359,intron_variant,False
PAPPA,rs1040851,intron_variant,False
PAPPA,rs76346015,intron_variant,False
PAPPA,rs79410561,intron_variant,False
PAPPA,rs7027103,intron_variant,False
PAPPA,rs203665,intron_variant,False
PAPPA,rs10121606,intron_variant,False
PAPPA,rs138165345,intergenic_variant,False
PAPPA,rs117556913,intergenic_variant,False
PAPPA,rs7851264,intron_variant,False
PAPPA,rs377641762,intron_variant,False
PAPPA,rs7850364,intron_variant,False
PAPPA,rs35565319,synonymous_variant,True
PAPPA,rs35109285,intron_variant,False
PAPPA,rs7869550,intron_variant,False
PAPPA,rs11793270,intron_variant,False
PAPPA,rs7020944,intron_variant,False
PAPPA,rs752637661,intron_variant,False
PAPPA,rs72754248,intron_variant,False
PAPPA,rs7026354,downstream_gene_variant,False
PAPPA,rs115391335,intron_variant,False
PAPPA,rs751543,intron_variant,False
PAPPA,rs10739467,intron_variant,False
PAPPA,rs79149713,intron_variant,False
PAPPA,rs13290997,intron_variant,False
PAPPA,rs76490558,intergenic_variant,False
PAPPA,rs139925085,intron_variant,False
PAPPA,rs35019477,intergenic_variant,False
PAPPA,rs555464135,intron_variant,False
PAPPA,rs17220352,intron_variant,False
PAPPA,rs117223550,intron_variant,False
PAPPA,rs35071621,intron_variant,False
PAPPA,rs7469617,intron_variant,False
PAPPA,rs3761843,intron_variant,False
PAPPA,rs12344396,intron_variant,False
PAPPA,rs12555322,intron_variant,False
PAPPA,rs140030193,intron_variant,False
PAPPA,rs373761413,3_prime_UTR_variant,False
PAPPA,rs4979598,intergenic_variant,False
PAPPA,rs140393549,intron_variant,False
PAPPA,rs2106063,intergenic_variant,False
PAPPA,rs8181228,intron_variant,False
PAPPA,rs66818288,intergenic_variant,False
PAPPA,rs10982990,intron_variant,False
PAPPA,rs436582,intron_variant,False
PAPPA,rs10983157,intron_variant,False
PAPPA,rs888401,intron_variant,False
PAPPA,rs9408883,intron_variant,False
PAPPA,rs9408882,intron_variant,False
PAPPA,rs56276527,intron_variant,False
PAPPA,rs756279847,5_prime_UTR_variant,False
PAPPA,rs76248879,intron_variant,False
PAPPA,rs10817897,intron_variant,False
PAPPA,rs79158536,intergenic_variant,False
PAPPA,rs2418427,intron_variant,False
PAPPA,rs111535922,intron_variant,False
PAPPA,rs2418422,intron_variant,False
PAPPA,rs10125137,intron_variant,False
PAPPA,rs41266653,non_coding_transcript_exon_variant,False
PAPPA,rs2188092,intergenic_variant,False
PAPPA,rs1377248330,missense_variant,True
PAPPA,rs17372936,intron_variant,False
PAPPA,rs55957960,intron_variant,False
PAPPA,rs10217651,intron_variant,False
PAPPA,rs1895062,intron_variant,False
PAPPA,rs7040792,intron_variant,False
PAPPA,rs7033487,intron_variant,False
PAPPA,rs446783,intron_variant,False
PAPPA,rs7030607,intron_variant,False
PAPPA,rs7857002,intron_variant,False
PAPPA,rs55760822,intron_variant,False
PAPPA,rs13283416,intron_variant,False
PAPPA,rs452312,intron_variant,False
PAPPA,rs12347137,intron_variant,False
PAPPA,rs4837613,intron_variant,False
PAPPA,rs10817871,intron_variant,False
PAPPA,rs2418424,intron_variant,False
PAPPA,rs151114477,missense_variant,True
PAPPA,rs77392239,intergenic_variant,False
PAPPA,rs10817895,intron_variant,False
PAPPA2,rs12140861,intron_variant,False
PAPPA2,rs2861813,3_prime_UTR_variant,False
PAPPA2,rs114034166,intron_variant,False
PAPPA2,rs12096483,intergenic_variant,False
PAPPA2,rs4507975,intron_variant,False
PAPPA2,rs4652192,intron_variant,False
PAPPA2,rs10454444,intron_variant,False
PAPPA2,rs10732997,intron_variant,False
PAPPA2,rs10798483,intron_variant,False
PAPPA2,rs2294494,3_prime_UTR_variant,False
PAPPA2,rs12747720,intron_variant,False
PAPPA2,rs10798489,intron_variant,False
PAPPA2,rs240104,intron_variant,False
PAPPA2,rs10489478,intron_variant,False
PAPPA2,rs6425386,intron_variant,False
PAPPA2,rs765338709,intergenic_variant,False
PAPPA2,rs61823000,intron_variant,False
PAPPA2,rs75244792,intron_variant,False
PAPPA2,rs10913257,intron_variant,False
PAPPA2,rs10798473,intron_variant,False
PAPPA2,rs10913237,intron_variant,False
PAPPA2,rs17546000,intron_variant,False
PAPPA2,rs115607791,intron_variant,False
PAPPA2,rs909941,intron_variant,False
PAPPA2,rs10913276,intron_variant,False
PAPPA2,rs10913204,intron_variant,False
PAPPA2,rs791030,intron_variant,False
PAPPA2,rs1325598,intron_variant,False
PAPPA2,rs12121068,intron_variant,False
PAPPA2,rs12138725,intron_variant,False
PAPPA2,rs5778914,intron_variant,False
PAPPA2,rs12749024,intron_variant,False
PAPPA2,rs773626605,intron_variant,False
PAPPA2,rs12137641,intron_variant,False
PAPPA2,rs56932405,intergenic_variant,False
PAPPA2,rs10753141,regulatory_region_variant,False
PAPPA2,rs9661519,intron_variant,False
PAPPA2,rs12118102,intron_variant,False
PAPPA2,rs7515936,intron_variant,False
PAPPA2,rs1325596,intron_variant,False
PAPPA2,rs12749584,intron_variant,False
PAPPA2,rs6659744,intron_variant,False
PAPPA2,rs58090844,intron_variant,False
PAPPA2,rs146784244,intron_variant,False
PAPPA2,rs12135048,intron_variant,False
PAPPA2,rs4471226,intergenic_variant,False
PAPPA2,rs2076340,intron_variant,False
PAPPA2,rs6689901,intron_variant,False
PAPPA2,rs11576869,intron_variant,False
PAPPA2,rs12139318,intron_variant,False
PAPPA2,rs12565327,intron_variant,False
PAPPA2,rs112815117,intron_variant,False
PAPPA2,rs1014719,intron_variant,False
PAPPA2,rs2072934,intron_variant,False
PAPPA2,rs6688579,intron_variant,False
PAPPA2,rs72715193,intron_variant,False
PAPPA2,rs6656137,intron_variant,False
PAPPA2,rs4147204,intron_variant,False
PAPPA2,rs2050129,intron_variant,False
PAPPA2,rs4233168,intron_variant,False
PAPPA2,rs200587040,intron_variant,False
PAPPA2,rs10913184,intron_variant,False
PAPPA2,rs10753139,intron_variant,False
PAPPA2,rs7544010,intron_variant,False
PAPPA2,rs10913200,intron_variant,False
PAPPA2,rs4652215,intron_variant,False
PAPPA2,rs144003758,intergenic_variant,False
PAPPA2,rs10753133,intron_variant,False
PAPPA2,rs4650943,intron_variant,False
PAPPA2,rs77281709,intron_variant,False
PAPPA2,rs11806613,intron_variant,False
PAPPA2,rs868568044,intron_variant,False
PAPPA2,rs76808343,intron_variant,False
PAPPA2,rs68096351,intron_variant,False
PAPPA2,rs2504493,upstream_gene_variant,False
PAPPA2,rs726252,intron_variant,False
PAPPA2,rs78903944,intron_variant,False
PAPPA2,rs201111080,missense_variant,True
PAPPA2,rs3795320,intron_variant,False
PAPPA2,rs12091765,intergenic_variant,False
PAPPA2,rs7529392,intron_variant,False
PAPPA2,rs12133739,intron_variant,False
PAPPA2,rs6425393,intron_variant,False
PAPPA2,rs10913245,intron_variant,False
PAPPA2,rs10082009,intron_variant,False
PAPPA2,rs16850216,intron_variant,False
PAPPA2,rs11580857,intron_variant,False
PAPPA2,rs10753130,intron_variant,False
PAPPA2,rs10442600,intron_variant,False
PAPPA2,rs147230008,intron_variant,False
PAPPA2,rs77696550,intron_variant,False
PAPPA2,rs12064625,intron_variant,False
PAPPA2,rs10913213,intron_variant,False
PAPPA2,rs61823001,intron_variant,False
PAPPA2,rs45438693,intron_variant,False
PAPPA2,rs3817857,3_prime_UTR_variant,False
PAPPA2,rs1044299,3_prime_UTR_variant,False
PAPPA2,rs1022523,intron_variant,False
PAPPA2,rs2861745,intron_variant,False
PAPPA2,rs77881228,intron_variant,False
PAPPA2,rs12095989,intergenic_variant,False
PAPPA2,rs7535501,intron_variant,False
PAPPA2,rs12117539,intron_variant,False
PAPPA2,rs6425399,intron_variant,False
PAPPA2,rs113536511,intron_variant,False
PAPPA2,rs576998012,intron_variant,False
PAPPA2,rs755315216,intron_variant,False
PAPPA2,rs4652173,intron_variant,False
PAPPA2,rs11583447,intron_variant,False
PAPPA2,rs55807696,intron_variant,False
PAPPA2,rs10913186,intron_variant,False
PAPPA2,rs172917,stop_gained,True
PAPPA2,rs2038114,regulatory_region_variant,False
PCSK5,rs12344488,intergenic_variant,False
PCSK5,rs2792222,intron_variant,False
PCSK5,rs10521467,intron_variant,False
PCSK5,rs2842483,intron_variant,False
PCSK5,rs11144688,intron_variant,False
PCSK5,rs80031788,intron_variant,False
PCSK5,rs6560517,intergenic_variant,False
PCSK5,rs1753321,intergenic_variant,False
PCSK5,rs11144672,intron_variant,False
PCSK5,rs10869665,intron_variant,False
PCSK5,rs140064789,intron_variant,False
PCSK5,rs1557003,intron_variant,False
PCSK5,rs62563392,intron_variant,False
PCSK5,rs11144600,intergenic_variant,False
PCSK5,rs9987416,intron_variant,False
PCSK5,rs3739728,intron_variant,False
PCSK5,rs182386407,intron_variant,False
PCSK5,rs141661940,intron_variant,False
PCSK5,rs10120333,intron_variant,False
PCSK5,rs7869196,intron_variant,False
PCSK5,rs35307904,intron_variant,False
PCSK5,rs1587103,intron_variant,False
PCSK5,rs10120481,intron_variant,False
PCSK5,rs7874251,intron_variant,False
PCSK5,rs1326906,intron_variant,False
PCSK5,rs1934127,intron_variant,False
PCSK5,rs2478555,intergenic_variant,False
PCSK5,rs150429510,intron_variant,False
PCSK5,rs17719860,intron_variant,False
PCSK5,rs12686149,intron_variant,False
PCSK5,rs146174084,intron_variant,False
PCSK5,rs1571790,intron_variant,False
PCSK5,rs4745507,intron_variant,False
PCSK5,rs10869740,intron_variant,False
PCSK5,rs2490583,TF_binding_site_variant,False
PCSK5,rs149612751,intron_variant,False
PCSK5,rs116917011,intergenic_variant,False
PCSK5,rs17667600,intron_variant,False
PCSK5,rs34801106,intron_variant,False
PCSK5,rs7034405,intron_variant,False
PCSK5,rs2453464,intron_variant,False
PCSK5,rs150086645,intergenic_variant,False
PCSK5,rs73650494,intron_variant,False
PCSK5,rs536631575,intron_variant,False
PCSK5,rs61635866,intron_variant,False
PCSK5,rs10512052,intron_variant,False
PCSK5,rs11144779,intron_variant,False
PCSK5,rs73464597,intron_variant,False
PCSK5,rs990559,intron_variant,False
PCSK5,rs188613537,intron_variant,False
PCSK5,rs10869648,intergenic_variant,False
PCSK5,rs4271035,intron_variant,False
PCSK5,rs11788518,intron_variant,False
PCSK5,rs10869777,intergenic_variant,False
PCSK5,rs73458380,intron_variant,False
PCSK5,rs1006280,intron_variant,False
PCSK5,rs10746993,intron_variant,False
PCSK5,rs1610363,intron_variant,False
PCSK5,rs79941005,intron_variant,False
PCSK5,rs10124182,intron_variant,False
PCSK5,rs7033416,intron_variant,False
PCSK5,rs12342299,intron_variant,False
PCSK5,rs10781342,intron_variant,False
PCSK5,rs56355054,intergenic_variant,False
PCSK5,rs17061846,intron_variant,False
PCSK5,rs76937529,5_prime_UTR_variant,False
PCSK5,rs149082846,intergenic_variant,False
PCSK5,rs1416552,intron_variant,False
PCSK5,rs10869719,intron_variant,False
PCSK5,rs966097,intron_variant,False
PCSK5,rs12351112,intron_variant,False
PCSK5,rs11998749,intron_variant,False
PCSK5,rs4584211,intron_variant,False
PCSK5,rs12345570,intron_variant,False
PCSK5,rs10781320,intron_variant,False
PCSK5,rs1416556,intron_variant,False
PCSK5,rs10512053,intron_variant,False
PCSK5,rs7030848,intron_variant,False
PCSK5,rs7031971,intron_variant,False
PCSK5,rs914365,intron_variant,False
PCSK5,rs958225,intron_variant,False
PCSK5,rs10283891,intron_variant,False
PCSK5,rs10746997,intron_variant,False
PCSK5,rs11144781,intron_variant,False
PCSK5,rs72733293,intron_variant,False
PCSK5,rs550804769,intergenic_variant,False
PCSK5,rs143963842,intron_variant,False
PCSK5,rs7022215,intron_variant,False
PCSK5,rs75257925,intron_variant,False
PCSK5,rs1029036,intron_variant,False
PCSK5,rs150085171,intergenic_variant,False
PCSK5,rs188219609,intergenic_variant,False
PCSK5,rs190713775,intergenic_variant,False
PCSK5,rs4745496,intron_variant,False
PCSK5,rs73650459,intron_variant,False
PCSK5,rs149050216,intergenic_variant,False
PCSK5,rs143856441,intergenic_variant,False
PCSK5,rs10115735,intron_variant,False
PCSK5,rs10869671,intron_variant,False
PCSK5,rs72743106,intron_variant,False
PCSK5,rs4744778,intron_variant,False
PCSK5,rs13287050,intron_variant,False
PCSK5,rs11144905,intron_variant,False
PCSK5,rs6560480,intron_variant,False
PCSK5,rs17061634,intergenic_variant,False
PCSK5,rs7040027,intron_variant,False
PCSK5,rs11144784,intron_variant,False
PCSK5,rs147496465,intron_variant,False
PCSK5,rs2803439,intron_variant,False
PCSK5,rs7027130,intron_variant,False
PCSK5,rs1571791,intron_variant,False
PCSK5,rs11144790,intron_variant,False
PCSK5,rs6560499,intron_variant,False
PCSK5,rs7035578,intron_variant,False
PCSK5,rs7047865,intron_variant,False
PCSK5,rs1890558,intron_variant,False
PCSK5,rs17061821,intron_variant,False
PCSK5,rs6560488,intron_variant,False
PCSK5,rs35650604,intron_variant,False
PCSK5,rs35344761,intron_variant,False
PCSK5,rs7853818,intron_variant,False
PCSK5,rs13294753,intron_variant,False
PCSK5,rs7848692,intron_variant,False
PCSK5,rs13293615,intron_variant,False
PCSK5,rs3814115,intron_variant,False
PCSK5,rs952503,intron_variant,False
PCSK5,rs74409646,intron_variant,False
PTH1R,rs61734084,synonymous_variant,True
PTH1R,rs7633698,intron_variant,False
PTH1R,rs76770574,intron_variant,False
PTH1R,rs7652849,intergenic_variant,False
PTH1R,rs73065147,intron_variant,False
PTH1R,rs66539935,intron_variant,False
PTH1R,rs76928788,intergenic_variant,False
PTH1R,rs114602645,intron_variant,False
PTH1R,rs74779174,intron_variant,False
PTH1R,rs6768627,intron_variant,False
PTH1R,rs3792557,intron_variant,False
PTH1R,rs189587938,intron_variant,False
PTH1R,rs78580841,intron_variant,False
PTH1R,rs547109252,intron_variant,False
PTH1R,rs2385860,intron_variant,False
PTH1R,rs4683302,intron_variant,False
PTH1R,rs1138518,missense_variant,True
PTH1R,rs751048898,intergenic_variant,False
PTH1R,rs1463393,intron_variant,False
PTH1R,rs6772151,intron_variant,False
PTH1R,rs6796502,intergenic_variant,False
PTH1R,rs79117855,intergenic_variant,False
PTH1R,rs4682844,intron_variant,False
PTH1R,rs10865943,intron_variant,False
PTH1R,rs749511,intron_variant,False
PTH1R,rs148742710,intron_variant,False
PTH1R,rs1001284,intron_variant,False
PTH1R,rs2305635,synonymous_variant,True
PTH1R,rs75639205,intron_variant,False
PTH1R,rs13066214,intron_variant,False
PTH1R,rs67839338,intron_variant,False
PTH1R,rs1108301,intron_variant,False
PTH1R,rs9855938,intergenic_variant,False
PTH1R,rs4539969,intron_variant,False
PTH1R,rs144645644,intron_variant,False
PTH1R,rs1869871,intron_variant,False
PTH1R,rs11926707,intron_variant,False
PTH1R,rs191849410,intron_variant,False
PTH1R,rs114704096,intergenic_variant,False
PTH1R,rs6786689,intron_variant,False
PTH1R,rs12152493,intron_variant,False
PTH1R,rs61509315,intron_variant,False
PTH1R,rs148174751,intron_variant,False
PTH1R,rs4683299,intron_variant,False
PTH1R,rs78629618,intron_variant,False
PTH1R,rs2290546,intron_variant,False
PTH1R,rs73065135,intron_variant,False
PTH1R,rs539197131,intron_variant,False
PTH1R,rs7628747,intron_variant,False
PTH1R,rs6442037,intron_variant,False
PTH1R,rs67529903,intron_variant,False
PTH1R,rs56387622,intron_variant,False
PTH1R,rs78595810,intron_variant,False
PTH1R,rs111289888,3_prime_UTR_variant,False
PTH1R,rs11719795,regulatory_region_variant,False
PTH1R,rs11130112,intron_variant,False
PTH1R,rs12489851,synonymous_variant,True
PTH1R,rs4683301,intron_variant,False
PTH1R,rs7631423,intron_variant,False
PTH1R,rs724448,intron_variant,False
PTH1R,rs11130111,intron_variant,False
PTH1R,rs141698273,intron_variant,False
PTH1R,rs6774733,intron_variant,False
PTH1R,rs10049237,intron_variant,False
PTH1R,rs7429588,intron_variant,False
PTH1R,rs138662258,intergenic_variant,False
PTH1R,rs545744810,intron_variant,False
PTH1R,rs41290650,intron_variant,False
PTH1R,rs11705936,intron_variant,False
PTH1R,rs6787229,intron_variant,False
PTH1R,rs148414587,missense_variant,True
PTH1R,rs3087182,intron_variant,False
PTH1R,rs4683288,intron_variant,False
PTH1R,rs2168443,intergenic_variant,False
PTH1R,rs41290648,intron_variant,False
PTH1R,rs2242116,intron_variant,False
PTH1R,rs12633083,intergenic_variant,False
PTH1R,rs139431991,intron_variant,False
PTH1R,rs121434601,missense_variant,True
PTH1R,rs376283817,intron_variant,False
PTH1R,rs4683295,intron_variant,False
PTH1R,rs1077216,intron_variant,False
PTH1R,rs113751780,intergenic_variant,False
PTH1R,rs13081778,intergenic_variant,False
PTH1R,rs571138206,intergenic_variant,False
PTH1R,rs7640397,intron_variant,False
PTH1R,rs17783959,intron_variant,False
PTH1R,rs724449,intron_variant,False
PTH1R,rs7645877,intron_variant,False
PTH1R,rs10461018,intron_variant,False
PTH1R,rs144275493,intron_variant,False
PTH1R,rs2305634,synonymous_variant,True
PTH1R,rs113134141,intergenic_variant,False
PTH1R,rs4683294,intron_variant,False
PTH1R,rs7633581,intron_variant,False
PTH1R,rs13092573,intron_variant,False
PTH1R,rs73075647,intron_variant,False
PTH1R,rs28800005,intergenic_variant,False
PTH1R,rs144261207,intron_variant,False
PTH1R,rs6442039,intergenic_variant,False
PTH1R,rs17079425,missense_variant,True
PTH1R,rs143048713,intron_variant,False
PTH1R,rs114404763,intergenic_variant,False
PTH1R,rs4682845,regulatory_region_variant,False
PTH1R,rs6780601,intron_variant,False
PTH1R,rs66564457,intron_variant,False
PTH1R,rs9877782,intron_variant,False
PTHLH,rs258434,intron_variant,False
PTHLH,rs10492373,intergenic_variant,False
PTHLH,rs12813778,intergenic_variant,False
PTHLH,rs10843030,intron_variant,False
PTHLH,rs11832818,intron_variant,False
PTHLH,rs74416281,intron_variant,False
PTHLH,rs10843104,intergenic_variant,False
PTHLH,rs12316890,intergenic_variant,False
PTHLH,rs1314084,intergenic_variant,False
PTHLH,rs11049211,intron_variant,False
PTHLH,rs1272192,intron_variant,False
PTHLH,rs74774685,intergenic_variant,False
PTHLH,rs231210,intergenic_variant,False
PTHLH,rs899505,intergenic_variant,False
PTHLH,rs10492365,intron_variant,False
PTHLH,rs28380759,intergenic_variant,False
PTHLH,rs61920200,intergenic_variant,False
PTHLH,rs571463591,regulatory_region_variant,False
PTHLH,rs12300399,intron_variant,False
PTHLH,rs11049300,intergenic_variant,False
PTHLH,rs7953528,intron_variant,False
PTHLH,rs3751239,intergenic_variant,False
PTHLH,rs11049356,intergenic_variant,False
PTHLH,rs10771399,intergenic_variant,False
PTHLH,rs7964407,intergenic_variant,False
PTHLH,rs11049219,intron_variant,False
PTHLH,rs1838564,intergenic_variant,False
PTHLH,rs77383637,intron_variant,False
PTHLH,rs7970617,intergenic_variant,False
PTHLH,rs41525752,intergenic_variant,False
PTHLH,rs10843086,intergenic_variant,False
PTHLH,rs11049237,intron_variant,False
PTHLH,rs10771402,intergenic_variant,False
PTHLH,rs12230367,intron_variant,False
PTHLH,rs80322123,intron_variant,False
PTHLH,rs10771406,intergenic_variant,False
PTHLH,rs10843047,intergenic_variant,False
PTHLH,rs10492366,intron_variant,False
PTHLH,rs10843111,intergenic_variant,False
PTHLH,rs10843114,intergenic_variant,False
PTHLH,rs10492367,intron_variant,False
PTHLH,rs12229872,intergenic_variant,False
PTHLH,rs200226759,intron_variant,False
PTHLH,rs258413,intron_variant,False
PTHLH,rs11049328,intergenic_variant,False
PTHLH,rs143927095,regulatory_region_variant,False
PTHLH,rs61915983,intergenic_variant,False
PTHLH,rs4931727,intergenic_variant,False
PTHLH,rs10843095,intergenic_variant,False
PTHLH,rs11049345,intergenic_variant,False
PTHLH,rs151144510,intron_variant,False
PTHLH,rs10843003,intron_variant,False
PTHLH,rs3751236,intergenic_variant,False
PTHLH,rs576363565,intron_variant,False
PTHLH,rs61915998,intergenic_variant,False
PTHLH,rs997199,intron_variant,False
PTHLH,rs1267209,intergenic_variant,False
PTHLH,rs59084530,intergenic_variant,False
PTHLH,rs1351266,intergenic_variant,False
PTHLH,rs10771370,intergenic_variant,False
PTHLH,rs1861912,intron_variant,False
PTHLH,rs149299821,intron_variant,False
PTHLH,rs10771369,intergenic_variant,False
PTHLH,rs17420518,intergenic_variant,False
PTHLH,rs6487658,intergenic_variant,False
PTHLH,rs2054474,intergenic_variant,False
PTHLH,rs11049260,intergenic_variant,False
PTHLH,rs10843091,intergenic_variant,False
PTHLH,rs10843074,intergenic_variant,False
PTHLH,rs405394,intergenic_variant,False
PTHLH,rs34125625,intergenic_variant,False
PTHLH,rs10843115,intergenic_variant,False
PTHLH,rs10843026,intron_variant,False
PTHLH,rs12371778,intergenic_variant,False
PTHLH,rs10771372,intergenic_variant,False
PTHLH,rs117191384,intron_variant,False
PTHLH,rs7315807,intergenic_variant,False
PTHLH,rs35230625,intergenic_variant,False
PTHLH,rs10843103,intergenic_variant,False
PTHLH,rs10771410,intergenic_variant,False
PTHLH,rs11049178,intron_variant,False
PTHLH,rs10771396,intron_variant,False
PTHLH,rs57454081,intron_variant,False
PTHLH,rs1965280,intergenic_variant,False
PTHLH,rs11049204,intron_variant,False
PTHLH,rs476703,intergenic_variant,False
PTHLH,rs812020,regulatory_region_variant,False
PTHLH,rs7316732,intergenic_variant,False
PTHLH,rs12578595,intron_variant,False
PTHLH,rs526490,intergenic_variant,False
PTHLH,rs11049231,intron_variant,False
PTHLH,rs12367619,intergenic_variant,False
PTHLH,rs1479492,intergenic_variant,False
PTHLH,rs3864896,intergenic_variant,False
PTHLH,rs10771371,regulatory_region_variant,False
PTHLH,rs10743612,intron_variant,False
PTHLH,rs805510,intergenic_variant,False
PTHLH,rs3852540,intergenic_variant,False
PTHLH,rs10843013,intron_variant,False
PTHLH,rs11049337,intergenic_variant,False
PTHLH,rs9988960,intron_variant,False
PTHLH,rs7304170,intron_variant,False
PTHLH,rs10492364,intron_variant,False
PTHLH,rs258436,intron_variant,False
PTHLH,rs10842995,intron_variant,False
PTHLH,rs16932574,intergenic_variant,False
PTHLH,rs258430,intron_variant,False
PTHLH,rs11049248,intergenic_variant,False
PTHLH,rs967,intron_variant,False
PTHLH,rs2590275,intergenic_variant,False
PTHLH,rs4931494,intergenic_variant,False
PTHLH,rs10466811,non_coding_transcript_exon_variant,False
PTHLH,rs1974747,intron_variant,False
PTHLH,rs7309492,intron_variant,False
PTHLH,rs139958466,intergenic_variant,False
PTHLH,rs148574225,intron_variant,False
PTHLH,rs148936233,intron_variant,False
PTHLH,rs186518330,intron_variant,False
PTHLH,rs16932590,intergenic_variant,False
PTHLH,rs34884335,intron_variant,False
PTHLH,rs142861146,intron_variant,False
PTHLH,rs10771405,intergenic_variant,False
PTHLH,rs258394,intron_variant,False
PTHLH,rs7978874,intron_variant,False
PTHLH,rs1904387,intergenic_variant,False
PTHLH,rs12425609,intron_variant,False
PTHLH,rs2194823,intron_variant,False
PTHLH,rs7297051,regulatory_region_variant,False
PTHLH,rs10842991,intergenic_variant,False
PTHLH,rs12811134,intergenic_variant,False
PTHLH,rs12372314,intergenic_variant,False
PTHLH,rs11383346,intergenic_variant,False
PTHLH,rs11049365,intergenic_variant,False
PTHLH,rs258399,intron_variant,False
PTHLH,rs11049363,intergenic_variant,False
PTHLH,rs11049368,intergenic_variant,False
PTHLH,rs11049342,intergenic_variant,False
PTHLH,rs258443,intron_variant,False
PTHLH,rs7958415,intron_variant,False
PTHLH,rs2881787,intergenic_variant,False
PTHLH,rs10843042,intron_variant,False
PTHLH,rs258401,intron_variant,False
PTHLH,rs191000678,intergenic_variant,False
PTHLH,rs7953190,intergenic_variant,False
PTHLH,rs10843092,intergenic_variant,False
PTHLH,rs57195659,intron_variant,False
PTHLH,rs5029277,intron_variant,False
PTHLH,rs140604413,intron_variant,False
PTHLH,rs7304535,intron_variant,False
PTHLH,rs997200,intron_variant,False
PTHLH,rs3751237,intergenic_variant,False
PTHLH,rs11049359,intergenic_variant,False
PTHLH,rs258415,intron_variant,False
PTHLH,rs522958,intergenic_variant,False
PTHLH,rs3794275,intron_variant,False
PTHLH,rs10843109,intergenic_variant,False
PTHLH,rs4420311,intron_variant,False
PTHLH,rs33092,regulatory_region_variant,False
PTHLH,rs6252,3_prime_UTR_variant,False
PTHLH,rs11049257,intergenic_variant,False
PTHLH,rs10843078,intergenic_variant,False
PTHLH,rs7968378,regulatory_region_variant,False
PTHLH,rs111798596,intron_variant,False
PTHLH,rs7305790,intergenic_variant,False
PTHLH,rs10842994,intron_variant,False
PTHLH,rs805583,intergenic_variant,False
PTHLH,rs7972874,intergenic_variant,False
PTHLH,rs39635,intergenic_variant,False
PTHLH,rs2881556,intron_variant,False
PTHLH,rs10219470,intergenic_variant,False
PTHLH,rs756099553,intergenic_variant,False
PTHLH,rs180958337,intergenic_variant,False
PTHLH,rs66549918,intergenic_variant,False
PTHLH,rs75010934,intergenic_variant,False
PTHLH,rs7311105,intergenic_variant,False
PTHLH,rs258425,intron_variant,False
PTHLH,rs12425785,intergenic_variant,False
PTHLH,rs12810398,intergenic_variant,False
PTHLH,rs11049193,intron_variant,False
PTHLH,rs61920210,intergenic_variant,False
PTHLH,rs576270547,intergenic_variant,False
PTHLH,rs2162034,intron_variant,False
PTHLH,rs1463570,intergenic_variant,False
PTHLH,rs12146812,intergenic_variant,False
PTHLH,rs7976725,intergenic_variant,False
PTHLH,rs11049376,intergenic_variant,False
PTHLH,rs57380671,intron_variant,False
PTHLH,rs57469061,intron_variant,False
PTHLH,rs559248568,intergenic_variant,False
PTHLH,rs10842988,intergenic_variant,False
PTHLH,rs788462,intergenic_variant,False
PTHLH,rs11049272,intergenic_variant,False
PTHLH,rs3963361,intron_variant,False
PTHLH,rs10843108,intergenic_variant,False
PTHLH,rs5022769,intron_variant,False
PTHLH,rs258410,intron_variant,False
ROR2,rs16907720,synonymous_variant,True
ROR2,rs11356759,intergenic_variant,False
ROR2,rs374979318,intron_variant,False
ROR2,rs4744056,intergenic_variant,False
ROR2,rs527765669,intergenic_variant,False
ROR2,rs10820867,intergenic_variant,False
ROR2,rs75431233,intergenic_variant,False
ROR2,rs10820852,intron_variant,False
ROR2,rs17514885,intron_variant,False
ROR2,rs17587223,intron_variant,False
ROR2,rs2482357,intron_variant,False
ROR2,rs1919103,intergenic_variant,False
ROR2,rs117063038,intergenic_variant,False
ROR2,rs3943613,intron_variant,False
ROR2,rs41277835,missense_variant,True
ROR2,rs116940708,intergenic_variant,False
ROR2,rs1444289,intergenic_variant,False
ROR2,rs2230578,3_prime_UTR_variant,False
ROR2,rs79699262,intergenic_variant,False
ROR2,rs10820935,intron_variant,False
ROR2,rs572256110,intron_variant,False
ROR2,rs61099958,intron_variant,False
ROR2,rs77094301,intron_variant,False
ROR2,rs117106774,intron_variant,False
ROR2,rs115132021,intron_variant,False
ROR2,rs76684062,intron_variant,False
ROR2,rs16908003,intron_variant,False
ROR2,rs1919102,intergenic_variant,False
ROR2,rs76530119,intron_variant,False
ROR2,rs74321654,intron_variant,False
ROR2,rs10761124,intron_variant,False
ROR2,rs16907585,regulatory_region_variant,False
ROR2,rs10992062,intron_variant,False
ROR2,rs6479353,intergenic_variant,False
ROR2,rs185810363,intron_variant,False
ROR2,rs1873747,intron_variant,False
ROR2,rs768056,non_coding_transcript_exon_variant,False
ROR2,rs3811125,intron_variant,False
ROR2,rs10820900,missense_variant,True
ROR2,rs4743855,intron_variant,False
ROR2,rs150490818,intergenic_variant,False
ROR2,rs1907805,intron_variant,False
ROR2,rs140064974,intron_variant,False
ROR2,rs56009112,intron_variant,False
ROR2,rs17585941,intron_variant,False
ROR2,rs73651561,intron_variant,False
ROR2,rs10820911,intron_variant,False
ROR2,rs10992195,intergenic_variant,False
ROR2,rs9409609,intron_variant,False
ROR2,rs2482704,intron_variant,False
ROR2,rs10820904,intron_variant,False
ROR2,rs140005165,intron_variant,False
ROR2,rs968821,intron_variant,False
ROR2,rs118130634,intergenic_variant,False
ROR2,rs6479339,intergenic_variant,False
ROR2,rs4275276,intron_variant,False
ROR2,rs10991952,intergenic_variant,False
ROR2,rs183487433,intergenic_variant,False
ROR2,rs147837729,intron_variant,False
ROR2,rs56329252,intron_variant,False
ROR2,rs62565052,intron_variant,False
ROR2,rs182707923,intron_variant,False
ROR2,rs10991953,intergenic_variant,False
ROR2,rs62562579,regulatory_region_variant,False
ROR2,rs9409429,intron_variant,False
ROR2,rs62562578,regulatory_region_variant,False
ROR2,rs28548002,intron_variant,False
ROR2,rs10761129,missense_variant,True
ROR2,rs143584454,intron_variant,False
ROR2,rs10991925,intron_variant,False
ROR2,rs10992012,intron_variant,False
ROR2,rs75641053,intron_variant,False
ROR2,rs192492439,intron_variant,False
ROR2,rs2096388,intergenic_variant,False
ROR2,rs10992057,intron_variant,False
ROR2,rs1981030,intergenic_variant,False
ROR2,rs10820855,intergenic_variant,False
ROR2,rs62562580,intergenic_variant,False
ROR2,rs2440589,intron_variant,False
ROR2,rs78492399,intron_variant,False
ROR2,rs7869771,intron_variant,False
ROR2,rs10820918,intron_variant,False
ROR2,rs35384714,intron_variant,False
ROR2,rs4631528,intron_variant,False
ROR2,rs4467997,intron_variant,False
ROR2,rs12001634,intron_variant,False
ROR2,rs6479352,intergenic_variant,False
ROR2,rs141389723,intron_variant,False
ROR2,rs146723844,intron_variant,False
ROR2,rs4744059,intron_variant,False
ROR2,rs10820860,intergenic_variant,False
SHOX,rs7056080,intergenic_variant,False
SHOX,rs7066322,intergenic_variant,False
SHOX,rs183337268,intergenic_variant,False
SHOX,rs28499466,intergenic_variant,False
SHOX2,rs144943143,intron_variant,False
SHOX2,rs35547463,intron_variant,False
SHOX2,rs9818941,intron_variant,False
SHOX2,rs1213048,intron_variant,False
SHOX2,rs13082712,intron_variant,False
SHOX2,rs699927,intron_variant,False
SHOX2,rs1730054,intron_variant,False
SHOX2,rs827173,intron_variant,False
SHOX2,rs827150,intron_variant,False
SHOX2,rs699920,intron_variant,False
SHOX2,rs699918,intron_variant,False
SHOX2,rs827174,intron_variant,False
SHOX2,rs1095636,intron_variant,False
SHOX2,rs1724725,intron_variant,False
SHOX2,rs2698322,intron_variant,False
SHOX2,rs827803,intron_variant,False
SHOX2,rs4680410,intron_variant,False
SHOX2,rs1608113,3_prime_UTR_variant,False
SHOX2,rs2693527,intron_variant,False
SHOX2,rs1123115,regulatory_region_variant,False
SHOX2,rs1610268,intron_variant,False
SHOX2,rs142480796,intron_variant,False
SHOX2,rs75077515,5_prime_UTR_variant,False
SHOX2,rs183566715,intron_variant,False
SHOX2,rs827154,intron_variant,False
SHOX2,rs9860241,intron_variant,False
SHOX2,rs576666495,intron_variant,False
SHOX2,rs1608101,intron_variant,False
SHOX2,rs201851995,intron_variant,False
SHOX2,rs73164066,intron_variant,False
SHOX2,rs698988,intron_variant,False
SHOX2,rs11924202,intron_variant,False
SHOX2,rs759623919,intron_variant,False
SHOX2,rs61244568,intron_variant,False
SHOX2,rs115344825,intron_variant,False
SHOX2,rs827123,intron_variant,False
SHOX2,rs111066896,intron_variant,False
SHOX2,rs111867612,intron_variant,False
SHOX2,rs1730028,intron_variant,False
SHOX2,rs11713363,intron_variant,False
SHOX2,rs185589265,intron_variant,False
SHOX2,rs12631486,intron_variant,False
SHOX2,rs9290011,intron_variant,False
SHOX2,rs827156,intron_variant,False
SHOX2,rs827095,intron_variant,False
SHOX2,rs7643792,intron_variant,False
SHOX2,rs6762154,intron_variant,False
SHOX2,rs9883891,intron_variant,False
SHOX2,rs827170,intron_variant,False
SHOX2,rs140036026,intron_variant,False
SHOX2,rs533080213,intron_variant,False
SHOX2,rs4318510,intron_variant,False
SHOX2,rs852325,intron_variant,False
SHOX2,rs1104288,intron_variant,False
SHOX2,rs9838352,intron_variant,False
SHOX2,rs7427551,intron_variant,False
SHOX2,rs55807053,intron_variant,False
SHOX2,rs9857883,intron_variant,False
SHOX2,rs577584474,intron_variant,False
SHOX2,rs62286625,intron_variant,False
SHOX2,rs10574946,intron_variant,False
SHOX2,rs143828439,intron_variant,False
SHOX2,rs699929,intron_variant,False
SHOX2,rs6441175,intron_variant,False
SHOX2,rs12486852,intron_variant,False
SHOX2,rs1724679,intron_variant,False
SHOX2,rs698992,intron_variant,False
SHOX2,rs73874335,intron_variant,False
SHOX2,rs2686544,intron_variant,False
SHOX2,rs9856195,intron_variant,False
SHOX2,rs7618071,intron_variant,False
SHOX2,rs73874322,intron_variant,False
SHOX2,rs1095626,intron_variant,False
SHOX2,rs180761944,intron_variant,False
SHOX2,rs1048243,3_prime_UTR_variant,False
SHOX2,rs7433420,intron_variant,False
SHOX2,rs3924686,intron_variant,False
SHOX2,rs73164031,intron_variant,False
SHOX2,rs1589526,intron_variant,False
SHOX2,rs80236421,intron_variant,False
SHOX2,rs7629432,intron_variant,False
SHOX2,rs6800218,intron_variant,False
SHOX2,rs75936762,intron_variant,False
SHOX2,rs2698323,intron_variant,False
SLC26A2,rs11738211,intron_variant,False
SLC26A2,rs2855783,intron_variant,False
SLC26A2,rs4705403,missense_variant,True
SLC26A2,rs2237085,intron_variant,False
SLC26A2,rs13153453,intron_variant,False
SLC26A2,rs2304069,intron_variant,False
SLC26A2,rs10043172,intron_variant,False
SLC26A2,rs216140,intron_variant,False
SLC26A2,rs138822015,intergenic_variant,False
SLC26A2,rs7717774,intron_variant,False
SLC26A2,rs13117,3_prime_UTR_variant,False
SLC26A2,rs112661564,intron_variant,False
SLC26A2,rs245056,intron_variant,False
SLC26A2,rs138787440,intergenic_variant,False
SLC26A2,rs216148,intron_variant,False
SLC26A2,rs199692631,intron_variant,False
SLC26A2,rs79859390,intron_variant,False
SLC26A2,rs3776069,intron_variant,False
SLC26A2,rs11960069,intron_variant,False
SLC26A2,rs10079250,missense_variant,True
SLC26A2,rs2569076,intron_variant,False
SLC26A2,rs60844779,intron_variant,False
SLC26A2,rs12518632,intron_variant,False
SLC26A2,rs75657424,intron_variant,False
SLC26A2,rs114446860,intergenic_variant,False
SLC26A2,rs114973968,missense_variant,True
SLC26A2,rs2569078,intron_variant,False
SLC26A2,rs6886532,intron_variant,False
SLC26A2,rs72832129,intron_variant,False
SLC26A2,rs6874087,intergenic_variant,False
SLC26A2,rs7719910,intron_variant,False
SLC26A2,rs3216780,3_prime_UTR_variant,False
SLC26A2,rs2116810,3_prime_UTR_variant,False
SLC26A2,rs13176911,intron_variant,False
SLC26A2,rs216141,intron_variant,False
SLC26A2,rs11958442,intron_variant,False
SLC26A2,rs146943687,intron_variant,False
SLC26A2,rs11741233,intron_variant,False
SLC26A2,rs10035492,intron_variant,False
SLC26A2,rs17725010,intron_variant,False
SLC26A2,rs216146,intron_variant,False
SLC26A2,rs2027798,intron_variant,False
SLC26A2,rs2569075,intron_variant,False
SLC26A2,rs182185394,intron_variant,False
SLC26A2,rs115909005,intergenic_variant,False
SLC26A2,rs35341726,missense_variant,True
SLC26A2,rs216124,intron_variant,False
SLC26A2,rs75636345,intron_variant,False
SLC26A2,rs79459330,intergenic_variant,False
SLC26A2,rs3829987,intron_variant,False
SLC26A2,rs147119330,intron_variant,False
SLC26A2,rs2282804,intron_variant,False
SLC26A2,rs139840241,intergenic_variant,False
SLC26A2,rs17711997,3_prime_UTR_variant,False
SLC26A2,rs6860282,intron_variant,False
SLC26A2,rs147590244,intron_variant,False
SLC26A2,rs116193182,intron_variant,False
SLC26A2,rs33981023,intergenic_variant,False
SLC26A2,rs71586151,intron_variant,False
SLC26A2,rs7718213,intron_variant,False
SLC26A2,rs2277924,intergenic_variant,False
SLC26A2,rs189521140,intron_variant,False
SLC26A2,rs6579767,missense_variant,True
SLC26A2,rs181462689,intron_variant,False
SLC26A2,rs4705098,intron_variant,False
SLC26A2,rs245078,intron_variant,False
SLC26A2,rs116169796,intron_variant,False
SLC26A2,rs2278394,intron_variant,False
SLC26A2,rs245051,intron_variant,False
SLC26A2,rs55862167,intron_variant,False
SLC26A2,rs186497515,missense_variant,True
SLC26A2,rs562573735,intron_variant,False
SLC26A2,rs140912228,intron_variant,False
SLC26A2,rs10053292,intron_variant,False
SLC26A2,rs3828609,3_prime_UTR_variant,False
SLC26A2,rs77409096,intron_variant,False
SLC26A2,rs184700209,intron_variant,False
SLC26A2,rs189663867,intron_variant,False
SLC26A2,rs192284552,intron_variant,False
SLC26A2,rs56048668,missense_variant,True
SLC26A2,rs4705099,intron_variant,False
SLC26A2,rs148801861,intron_variant,False
SLC26A2,rs201770841,intron_variant,False
SLC26A2,rs150538776,intron_variant,False
SLC26A2,rs216145,intron_variant,False
SLC39A8,rs60500975,intron_variant,False
SLC39A8,rs11097787,intron_variant,False
SLC39A8,rs2851245,intergenic_variant,False
SLC39A8,rs2126627,intron_variant,False
SLC39A8,rs35166705,intron_variant,False
SLC39A8,rs13118152,intron_variant,False
SLC39A8,rs7664683,intron_variant,False
SLC39A8,rs13114738,intergenic_variant,False
SLC39A8,rs6855246,intergenic_variant,False
SLC39A8,rs13105581,intron_variant,False
SLC39A8,rs1314336,intron_variant,False
SLC39A8,rs12510679,intron_variant,False
SLC39A8,rs28484580,intron_variant,False
SLC39A8,rs151411,intron_variant,False
SLC39A8,rs10516491,intron_variant,False
SLC39A8,rs13126885,intergenic_variant,False
SLC39A8,rs78900265,intron_variant,False
SLC39A8,rs4699006,intron_variant,False
SLC39A8,rs62327949,intron_variant,False
SLC39A8,rs998719,intron_variant,False
SLC39A8,rs10031823,intergenic_variant,False
SLC39A8,rs13140486,intron_variant,False
SLC39A8,rs151390,3_prime_UTR_variant,False
SLC39A8,rs115641191,intergenic_variant,False
SLC39A8,rs141936164,intron_variant,False
SLC39A8,rs151401,intron_variant,False
SLC39A8,rs6833745,intron_variant,False
SLC39A8,rs142592088,intron_variant,False
SLC39A8,rs62328536,intron_variant,False
SLC39A8,rs75088572,intergenic_variant,False
SLC39A8,rs233811,intron_variant,False
SLC39A8,rs4698854,intron_variant,False
SLC39A8,rs6532988,intergenic_variant,False
SLC39A8,rs62329496,intergenic_variant,False
SLC39A8,rs372682919,intergenic_variant,False
SLC39A8,rs233817,intron_variant,False
SLC39A8,rs3774937,intron_variant,False
SLC39A8,rs150834401,intron_variant,False
SLC39A8,rs980455,intron_variant,False
SLC39A8,rs184046517,intergenic_variant,False
SLC39A8,rs145761363,intergenic_variant,False
SLC39A8,rs62323493,intron_variant,False
SLC39A8,rs13109272,intergenic_variant,False
SLC39A8,rs10031415,intron_variant,False
SLC39A8,rs233829,intron_variant,False
SLC39A8,rs230489,intron_variant,False
SLC39A8,rs4624655,intron_variant,False
SLC39A8,rs1811810,intron_variant,False
SLC39A8,rs62329462,intron_variant,False
SLC39A8,rs34592089,intron_variant,False
SLC39A8,rs13140033,intron_variant,False
SLC39A8,rs13127398,intron_variant,False
SLC39A8,rs71621626,intron_variant,False
SLC39A8,rs13143234,intergenic_variant,False
SLC39A8,rs13101632,intergenic_variant,False
SLC39A8,rs6850893,intron_variant,False
SLC39A8,rs6849365,intron_variant,False
SLC39A8,rs57957741,intron_variant,False
SLC39A8,rs62329461,intron_variant,False
SLC39A8,rs62323488,intron_variant,False
SLC39A8,rs115685970,intron_variant,False
SLC39A8,rs151431,intergenic_variant,False
SLC39A8,rs10017306,intron_variant,False
SLC39A8,rs17032705,intron_variant,False
SLC39A8,rs3113676,missense_variant,True
SLC39A8,rs1027013,intron_variant,False
SLC39A8,rs1506505,intergenic_variant,False
SLC39A8,rs151412,intron_variant,False
SLC39A8,rs116445911,intron_variant,False
SLC39A8,rs11097786,intron_variant,False
SLC39A8,rs75671166,intergenic_variant,False
SLC39A8,rs11446392,intron_variant,False
SLC39A8,rs230533,intron_variant,False
SLC39A8,rs13131500,intron_variant,False
SLC39A8,rs13135688,intergenic_variant,False
SLC39A8,rs233828,intron_variant,False
SLC39A8,rs531685993,intron_variant,False
SLC39A8,rs35518360,intron_variant,False
SLC39A8,rs62327954,intron_variant,False
SLC39A8,rs7662536,intron_variant,False
SLC39A8,rs28871712,intron_variant,False
SLC39A8,rs1813006,intergenic_variant,False
SLC39A8,rs768027456,intron_variant,False
SLC39A8,rs181121136,intergenic_variant,False
SLC39A8,rs922361,intergenic_variant,False
SLC39A8,rs151404,intron_variant,False
SLC39A8,rs11734042,intergenic_variant,False
SLC39A8,rs13135092,intron_variant,False
SLC39A8,rs457134,intergenic_variant,False
SLC39A8,rs13115343,intron_variant,False
SLC39A8,rs6822371,intron_variant,False
SLC39A8,rs2903282,intron_variant,False
SLC39A8,rs1598856,intron_variant,False
SLC39A8,rs139919861,intron_variant,False
SLC39A8,rs10013613,intron_variant,False
SLC39A8,rs7695249,intergenic_variant,False
SLC39A8,rs7667281,intergenic_variant,False
SLC39A8,rs34316881,intron_variant,False
SLC39A8,rs11736123,intron_variant,False
SLC39A8,rs68103113,intron_variant,False
SLC39A8,rs62327955,intron_variant,False
SLC39A8,rs151381,intergenic_variant,False
SLC39A8,rs61161339,intergenic_variant,False
SLC39A8,rs11724128,intron_variant,False
SLC39A8,rs529217879,intron_variant,False
SLC39A8,rs63519,intron_variant,False
SLC39A8,rs72696109,intron_variant,False
SLC39A8,rs17032400,intron_variant,False
SLC39A8,rs2850387,intron_variant,False
SLC39A8,rs2125213,intron_variant,False
SLC39A8,rs173048,intron_variant,False
SLC39A8,rs978998,intergenic_variant,False
SLC39A8,rs396902,intron_variant,False
SLC39A8,rs559378663,intron_variant,False
SLC39A8,rs1585213,intron_variant,False
SLC39A8,rs2272676,intron_variant,False
SLC39A8,rs13119968,intron_variant,False
SLC39A8,rs13105106,intron_variant,False
SLC39A8,rs34670044,intergenic_variant,False
SLC39A8,rs376206821,intron_variant,False
SLC39A8,rs238449,intergenic_variant,False
SLC39A8,rs112519623,missense_variant,True
SLC39A8,rs2168805,intron_variant,False
SLC39A8,rs7692921,intron_variant,False
SLC39A8,rs151407,intron_variant,False
SLC39A8,rs233821,intron_variant,False
SLC39A8,rs34205595,intron_variant,False
SLC39A8,rs13103835,intron_variant,False
SLC39A8,rs72692251,intron_variant,False
SLC39A8,rs11941622,intron_variant,False
SLC39A8,rs34333163,intergenic_variant,False
SLC39A8,rs1506501,intergenic_variant,False
SLC39A8,rs6533014,intron_variant,False
SLC39A8,rs144759444,intron_variant,False
SLC39A8,rs13109404,intron_variant,False
SLC39A8,rs150228862,intron_variant,False
SLC39A8,rs77252379,intergenic_variant,False
SLC39A8,rs62322696,intron_variant,False
SLC39A8,rs71621627,intron_variant,False
SLC39A8,rs151415,intergenic_variant,False
SLC39A8,rs6846971,intron_variant,False
SLC39A8,rs77616117,intergenic_variant,False
SLC39A8,rs2033900,intergenic_variant,False
SLC39A8,rs151410,intron_variant,False
SLC39A8,rs9992479,intron_variant,False
SLC39A8,rs11736322,intergenic_variant,False
SLC39A8,rs72692236,intron_variant,False
SLC39A8,rs151379,intergenic_variant,False
SLC39A8,rs577329140,intron_variant,False
SLC39A8,rs146171187,intron_variant,False
SLC39A8,rs13107325,missense_variant,True
SLC39A8,rs1585215,intron_variant,False
SLC39A8,rs233806,intron_variant,False
SLC39A8,rs230534,intron_variant,False
SLC39A8,rs149970512,intergenic_variant,False
SLC39A8,rs230532,intron_variant,False
SLC39A8,rs2903281,intron_variant,False
SLC39A8,rs374187209,intron_variant,False
SLC39A8,rs113473633,intron_variant,False
SLC39A8,rs35225200,intron_variant,False
SOST,rs1237669,intron_variant,False
SOST,rs8065043,intron_variant,False
SOST,rs35590725,intergenic_variant,False
SOST,rs72836549,intron_variant,False
SOST,rs8077889,intergenic_variant,False
SOST,rs851056,intergenic_variant,False
SOST,rs1398882,intron_variant,False
SOST,rs16940164,intergenic_variant,False
SOST,rs7220711,TF_binding_site_variant,False
SOST,rs9899889,intergenic_variant,False
SOST,rs61629263,intron_variant,False
SOST,rs17742683,missense_variant,True
SOST,rs1828720,non_coding_transcript_exon_variant,False
SOST,rs56176358,intron_variant,False
SOST,rs1107748,intron_variant,False
SOST,rs11079838,intron_variant,False
SOST,rs12945560,intron_variant,False
SOST,rs60335331,intron_variant,False
SOST,rs12950756,intron_variant,False
SOST,rs9893304,intron_variant,False
SOST,rs139009564,intron_variant,False
SOST,rs77027238,3_prime_UTR_variant,False
SOST,rs80107551,intergenic_variant,False
SOST,rs851057,intergenic_variant,False
SOST,rs200252025,intron_variant,False
SOST,rs2240008,synonymous_variant,True
SOST,rs4792921,intron_variant,False
SOST,rs11652346,intron_variant,False
SOST,rs66838809,intergenic_variant,False
SOST,rs7217502,intergenic_variant,False
SOST,rs2741856,intergenic_variant,False
SOST,rs9912669,intron_variant,False
SOST,rs17742929,synonymous_variant,True
SOST,rs71382995,intron_variant,False
SOST,rs1513670,intergenic_variant,False
SOST,rs62078657,intron_variant,False
SOST,rs34814687,3_prime_UTR_variant,False
SOST,rs851059,intergenic_variant,False
SOST,rs17741963,intron_variant,False
SOST,rs556263439,intron_variant,False
SOST,rs113828724,intergenic_variant,False
SOST,rs57227660,intron_variant,False
SOST,rs4793018,intron_variant,False
SOST,rs4792908,intergenic_variant,False
SOST,rs7209826,non_coding_transcript_exon_variant,False
SOST,rs188810925,regulatory_region_variant,False
SOST,rs112144244,intron_variant,False
SOST,rs76410205,intergenic_variant,False
SOST,rs72836564,intron_variant,False
SOST,rs9894873,intron_variant,False
SOST,rs28694735,intron_variant,False
SOST,rs75013658,intergenic_variant,False
SOST,rs4793028,intergenic_variant,False
SOST,rs543583244,intron_variant,False
SOST,rs112259268,intergenic_variant,False
SOST,rs144691710,intergenic_variant,False
SOST,rs76868109,intron_variant,False
SOST,rs4792909,intergenic_variant,False
SOST,rs4793035,intron_variant,False
SOST,rs9911277,intron_variant,False
SOST,rs149580368,intergenic_variant,False
SOST,rs2880330,intergenic_variant,False
SOST,rs12601642,3_prime_UTR_variant,False
SOST,rs77697917,intergenic_variant,False
SOST,rs4793022,intergenic_variant,False
SOST,rs1230402,3_prime_UTR_variant,False
SOST,rs145947882,intergenic_variant,False
SOST,rs5011724,intron_variant,False
SOST,rs1513671,intergenic_variant,False
SOST,rs567378197,intron_variant,False
SOST,rs72836561,missense_variant,True
SPARC,rs114527838,intron_variant,False
SPARC,rs118169288,intron_variant,False
SPARC,rs2033467,intergenic_variant,False
SPARC,rs34394231,intron_variant,False
SPARC,rs28917202,intron_variant,False
SPARC,rs10062143,intron_variant,False
SPARC,rs7708267,intron_variant,False
SPARC,rs35786473,intron_variant,False
SPARC,rs2915820,intergenic_variant,False
SPARC,rs114494715,intron_variant,False
SPARC,rs11747938,intergenic_variant,False
SPARC,rs758358840,intron_variant,False
SPARC,rs72800245,intron_variant,False
SPARC,rs2964582,intron_variant,False
SPARC,rs2347128,intron_variant,False
SPARC,rs10072841,upstream_gene_variant,False
SPARC,rs7719521,intron_variant,False
SPARC,rs2915821,intergenic_variant,False
SPARC,rs6886615,intron_variant,False
SPARC,rs2964573,intron_variant,False
SPARC,rs35623747,regulatory_region_variant,False
SPARC,rs17112252,3_prime_UTR_variant,False
SPARC,rs576037440,intron_variant,False
SPARC,rs2016409,intron_variant,False
SPARC,rs556165671,3_prime_UTR_variant,False
SPARC,rs3097779,intron_variant,False
SPARC,rs2964589,regulatory_region_variant,False
SPARC,rs10060613,intron_variant,False
SPARC,rs2915875,intron_variant,False
SPARC,rs141729521,intron_variant,False
SPARC,rs2964574,intron_variant,False
SPARC,rs6878659,intron_variant,False
SPARC,rs41290587,missense_variant,True
SPARC,rs11742501,intergenic_variant,False
SPARC,rs4958459,intron_variant,False
SPARC,rs187769864,intron_variant,False
SPARC,rs2881558,intron_variant,False
SPARC,rs4958275,intron_variant,False
SPARC,rs72798395,5_prime_UTR_variant,False
SPARC,rs2915873,intron_variant,False
SPARC,rs11745387,non_coding_transcript_exon_variant,False
SPARC,rs113384484,intron_variant,False
SPARC,rs10476989,intron_variant,False
SPARC,rs3797875,synonymous_variant,True
SPARC,rs79845580,intergenic_variant,False
SPARC,rs1549920,splice_region_variant,True
STC1,rs310299,intergenic_variant,False
STC1,rs17089719,intergenic_variant,False
STC1,rs6981261,intron_variant,False
STC1,rs28501371,intergenic_variant,False
STC1,rs11986562,intron_variant,False
STC1,rs17782111,intron_variant,False
STC1,rs78336933,intergenic_variant,False
STC1,rs10093216,intergenic_variant,False
STC1,rs138694283,regulatory_region_variant,False
STC1,rs7004766,intron_variant,False
STC1,rs819196,intergenic_variant,False
STC1,rs1369836,intergenic_variant,False
STC1,rs819195,intergenic_variant,False
STC1,rs10110261,intergenic_variant,False
STC1,rs12677356,intron_variant,False
STC1,rs7830933,intron_variant,False
STC1,rs192841,intron_variant,False
STC1,rs57291069,intron_variant,False
STC1,rs2033788,intron_variant,False
STC1,rs11996411,intron_variant,False
STC1,rs73546856,intron_variant,False
STC1,rs35420568,intergenic_variant,False
STC1,rs76189405,intergenic_variant,False
STC1,rs4872206,intergenic_variant,False
STC1,rs13273073,intron_variant,False
STC1,rs17089546,intron_variant,False
STC1,rs7836730,intron_variant,False
STC1,rs310296,intergenic_variant,False
STC1,rs117050169,intergenic_variant,False
STC1,rs1561105,intron_variant,False
STC1,rs139818768,intergenic_variant,False
STC1,rs77048708,intergenic_variant,False
STC1,rs218869,intron_variant,False
STC1,rs141393738,intergenic_variant,False
STC1,rs1347548,intron_variant,False
STC1,rs62502208,intergenic_variant,False
STC1,rs1438453,5_prime_UTR_variant,False
STC1,rs10091657,intergenic_variant,False
STC1,rs13281181,intergenic_variant,False
STC1,rs3758086,intergenic_variant,False
STC1,rs11786566,intergenic_variant,False
STC1,rs11135779,intergenic_variant,False
STC1,rs36071802,intergenic_variant,False
STC1,rs7007761,regulatory_region_variant,False
STC1,rs10109414,intergenic_variant,False
STC1,rs9314273,intergenic_variant,False
STC1,rs59178349,intergenic_variant,False
STC1,rs2872991,intergenic_variant,False
STC1,rs144145984,intron_variant,False
STC1,rs60911071,intergenic_variant,False
STC1,rs4872211,intergenic_variant,False
STC1,rs6998928,intron_variant,False
STC1,rs10503732,intergenic_variant,False
STC1,rs7815377,intergenic_variant,False
STC1,rs1397799,intergenic_variant,False
STC1,rs6988827,intergenic_variant,False
STC1,rs10097518,intron_variant,False
STC1,rs554755607,intergenic_variant,False
STC1,rs7835237,intergenic_variant,False
STC1,rs218872,regulatory_region_variant,False
STC1,rs310291,intergenic_variant,False
STC1,rs7813900,intergenic_variant,False
STC1,rs13258890,intron_variant,False
STC1,rs444480,intron_variant,False
STC1,rs34861762,regulatory_region_variant,False
STC1,rs13267474,intergenic_variant,False
STC1,rs7834797,intergenic_variant,False
STC1,rs6983481,intron_variant,False
STC1,rs1705694,intergenic_variant,False
STC1,rs1731273,intergenic_variant,False
STC1,rs76470312,intergenic_variant,False
STC1,rs55773649,intron_variant,False
STC1,rs13249197,intron_variant,False
STC1,rs11785244,intergenic_variant,False
STC1,rs6999484,intergenic_variant,False
STC1,rs150456222,intergenic_variant,False
STC1,rs7003999,intergenic_variant,False
STC1,rs10101061,intron_variant,False
STC1,rs7812843,intergenic_variant,False
STC1,rs4872210,intergenic_variant,False
STC1,rs10046678,intergenic_variant,False
STC1,rs1511391,intergenic_variant,False
STC1,rs10099920,regulatory_region_variant,False
STC1,rs1511392,intergenic_variant,False
STC1,rs7833268,intergenic_variant,False
STC1,rs7010237,intron_variant,False
STC1,rs57721847,intergenic_variant,False
STC1,rs11989744,intron_variant,False
STC1,rs310302,regulatory_region_variant,False
STC1,rs310272,intron_variant,False
STC1,rs17785813,intergenic_variant,False
STC1,rs62502258,intergenic_variant,False
STC1,rs1320881,intergenic_variant,False
STC1,rs62650414,intergenic_variant,False
STC1,rs11778129,intergenic_variant,False
STC1,rs35384699,intergenic_variant,False
STC1,rs4871905,intergenic_variant,False
STC1,rs75598109,regulatory_region_variant,False
STC1,rs310279,intron_variant,False
STC1,rs9644033,intron_variant,False
STC1,rs17786744,intron_variant,False
STC1,rs537768918,intergenic_variant,False
STC1,rs17100,intergenic_variant,False
STC2,rs11747973,intergenic_variant,False
STC2,rs10036374,intergenic_variant,False
STC2,rs6883311,intergenic_variant,False
STC2,rs77436545,intergenic_variant,False
STC2,rs6874428,intron_variant,False
STC2,rs62378333,intron_variant,False
STC2,rs6556072,intergenic_variant,False
STC2,rs12652726,intergenic_variant,False
STC2,rs11743880,intergenic_variant,False
STC2,rs13154786,intergenic_variant,False
STC2,rs1965668,non_coding_transcript_exon_variant,False
STC2,rs28677146,intergenic_variant,False
STC2,rs4868270,intergenic_variant,False
STC2,rs2277950,splice_region_variant,True
STC2,rs55893552,intergenic_variant,False
STC2,rs17075892,intergenic_variant,False
STC2,rs17075777,intergenic_variant,False
STC2,rs6556062,intergenic_variant,False
STC2,rs10440708,intergenic_variant,False
STC2,rs11954548,intergenic_variant,False
STC2,rs4505973,intron_variant,False
STC2,rs201813993,intron_variant,False
STC2,rs1223535129,regulatory_region_variant,False
STC2,rs6556059,intergenic_variant,False
STC2,rs143973444,intergenic_variant,False
STC2,rs10050360,intergenic_variant,False
STC2,rs71611181,intergenic_variant,False
STC2,rs954635,intergenic_variant,False
STC2,rs7720513,intergenic_variant,False
STC2,rs3836828,intron_variant,False
STC2,rs72820025,intergenic_variant,False
STC2,rs10780116,intergenic_variant,False
STC2,rs4868243,intergenic_variant,False
STC2,rs2034233,intergenic_variant,False
STC2,rs6867527,intergenic_variant,False
STC2,rs12515303,intergenic_variant,False
STC2,rs1023617,intergenic_variant,False
STC2,rs17676033,3_prime_UTR_variant,False
STC2,rs4868244,intron_variant,False
STC2,rs13436374,intergenic_variant,False
STC2,rs148833559,missense_variant,True
STC2,rs2216553,intergenic_variant,False
STC2,rs9313620,intron_variant,False
STC2,rs2277949,intron_variant,False
STC2,rs10050427,intergenic_variant,False
STC2,rs7717113,intergenic_variant,False
STC2,rs62377262,intergenic_variant,False
STC2,rs1055336,non_coding_transcript_exon_variant,False
STC2,rs76915230,intergenic_variant,False
STC2,rs35564079,non_coding_transcript_exon_variant,False
STC2,rs10071514,non_coding_transcript_exon_variant,False
STC2,rs11744838,intergenic_variant,False
STC2,rs6891790,non_coding_transcript_exon_variant,False
STC2,rs1862427,intergenic_variant,False
STC2,rs116616948,intergenic_variant,False
STC2,rs6884881,intron_variant,False
STC2,rs62377293,intergenic_variant,False
STC2,rs72820019,intergenic_variant,False
STC2,rs115553372,intergenic_variant,False
STC2,rs10039526,intergenic_variant,False
STC2,rs55884259,non_coding_transcript_exon_variant,False
STC2,rs4242165,intron_variant,False
STC2,rs4868256,intron_variant,False
STC2,rs3756531,intron_variant,False
STC2,rs6882776,regulatory_region_variant,False
STC2,rs11747434,intergenic_variant,False
STC2,rs4867699,intron_variant,False
STC2,rs10056766,intergenic_variant,False
STC2,rs6874142,intron_variant,False
STC2,rs2277923,missense_variant,True
STC2,rs13186631,intron_variant,False
STC2,rs147931634,intergenic_variant,False
STC2,rs6881592,intron_variant,False
STC2,rs116022622,intergenic_variant,False
STC2,rs3131917,intergenic_variant,False
SUZ12,rs28649357,non_coding_transcript_exon_variant,False
SUZ12,rs199964742,intergenic_variant,False
SUZ12,rs117839560,intergenic_variant,False
SUZ12,rs112099669,non_coding_transcript_exon_variant,False
SUZ12,rs72821952,intergenic_variant,False
SUZ12,rs112076008,intergenic_variant,False
SUZ12,rs144056477,intron_variant,False
SUZ12,rs17780086,intron_variant,False
SUZ12,rs7222814,intron_variant,False
SUZ12,rs72825751,intron_variant,False
SUZ12,rs141572980,intergenic_variant,False
SUZ12,rs7209766,regulatory_region_variant,False
SUZ12,rs201233223,intergenic_variant,False
SUZ12,rs3084038,intron_variant,False
SUZ12,rs149944967,intergenic_variant,False
SUZ12,rs7209493,intron_variant,False
SUZ12,rs750354756,intergenic_variant,False
SUZ12,rs190912073,intron_variant,False
SUZ12,rs4037396,intron_variant,False
SUZ12,rs7210082,intron_variant,False
SUZ12,rs1282750627,intergenic_variant,False
SUZ12,rs6505274,intron_variant,False
SUZ12,rs28708703,intron_variant,False
SUZ12,rs2957920,intron_variant,False
SUZ12,rs3084095,intron_variant,False
SUZ12,rs2009067,regulatory_region_variant,False
SUZ12,rs115068914,intergenic_variant,False
SUZ12,rs56389115,intergenic_variant,False
SUZ12,rs2028067,intergenic_variant,False
SUZ12,rs886224,intergenic_variant,False
SUZ12,rs561341,intron_variant,False
SUZ12,rs8079471,intron_variant,False
SUZ12,rs4795663,intron_variant,False
SUZ12,rs143133717,intron_variant,False
SUZ12,rs7218986,intron_variant,False
SUZ12,rs7220399,intron_variant,False
SUZ12,rs143916474,intron_variant,False
TLL1,rs55756297,intron_variant,False
TLL1,rs2859815,intron_variant,False
TLL1,rs4444855,intron_variant,False
TLL1,rs355168,intergenic_variant,False
TLL1,rs17047200,intron_variant,False
TLL1,rs1497945,intergenic_variant,False
TLL1,rs6841675,intron_variant,False
TLL1,rs2029641,intron_variant,False
TLL1,rs74605917,intron_variant,False
TLL1,rs4639032,intergenic_variant,False
TLL1,rs146196697,intron_variant,False
TLL1,rs1565649,intergenic_variant,False
TLL1,rs142403554,intron_variant,False
TLL1,rs41404551,intergenic_variant,False
TLL1,rs17696409,intron_variant,False
TLL1,rs6829635,intron_variant,False
TLL1,rs10000273,intron_variant,False
TLL1,rs79331071,intergenic_variant,False
TLL1,rs199613270,intron_variant,False
TLL1,rs143469568,intergenic_variant,False
TLL1,rs528491089,intron_variant,False
TLL1,rs716399,intron_variant,False
TLL1,rs2124456,intron_variant,False
TLL1,rs1460072,5_prime_UTR_variant,False
TLL1,rs143200770,intron_variant,False
TLL1,rs190553581,intron_variant,False
TLL1,rs558257212,intron_variant,False
TLL1,rs12513380,intron_variant,False
TLL1,rs6812849,intron_variant,False
TLL1,rs13113999,intron_variant,False
TLL1,rs2045629,intergenic_variant,False
TLL1,rs10018884,intergenic_variant,False
TLL1,rs7687601,intron_variant,False
TLL1,rs13129357,intron_variant,False
TLL1,rs188419993,intron_variant,False
TLL1,rs145286444,intergenic_variant,False
TLL1,rs573618521,intron_variant,False
TLL1,rs9308117,intergenic_variant,False
TLL1,rs6820153,intergenic_variant,False
TLL1,rs139225422,intron_variant,False
TLL1,rs79267269,intron_variant,False
TLL1,rs56044927,intron_variant,False
TLL1,rs183091764,intergenic_variant,False
TLL1,rs141232006,intergenic_variant,False
TLL1,rs191826433,intergenic_variant,False
TLL1,rs11942650,intron_variant,False
TLL1,rs56258049,intron_variant,False
TLL1,rs2322443,intron_variant,False
TLL1,rs4627808,intergenic_variant,False
TLL1,rs148031971,intergenic_variant,False
TLL1,rs72695541,intergenic_variant,False
TLL1,rs187064386,3_prime_UTR_variant,False
TLL1,rs72635116,intron_variant,False
TLL1,rs10008330,intergenic_variant,False
TLL1,rs11941399,intergenic_variant,False
TLL1,rs17505658,intron_variant,False
TLL1,rs78894508,intron_variant,False
TLL1,rs17047225,intron_variant,False
TLL1,rs6837610,intron_variant,False
TLL1,rs147778808,intergenic_variant,False
TLL1,rs76427489,intron_variant,False
TLL1,rs6816331,intron_variant,False
TLL1,rs6817936,intron_variant,False
TLL1,rs111757584,intron_variant,False
TLL1,rs117225509,intron_variant,False
TLL1,rs565992396,intergenic_variant,False
TLL1,rs115451207,intron_variant,False
TLL1,rs148696004,intron_variant,False
TLL1,rs1903175,intron_variant,False
TLL1,rs34740712,intron_variant,False
TLL1,rs7674118,intron_variant,False
TLL1,rs139965895,intron_variant,False
TLL1,rs17635075,intron_variant,False
TLL1,rs10009777,intron_variant,False
TLL1,rs535985675,intron_variant,False
TLL1,rs9999260,intron_variant,False
TLL1,rs9996713,intron_variant,False
TLL1,rs141764050,intron_variant,False
TRIP11,rs72707344,intergenic_variant,False
TRIP11,rs10143310,intron_variant,False
TRIP11,rs72530955,intron_variant,False
TRIP11,rs17807815,intron_variant,False
TRIP11,rs2430357,intron_variant,False
TRIP11,rs8010405,intron_variant,False
TRIP11,rs2498851,intron_variant,False
TRIP11,rs112985368,intron_variant,False
TRIP11,rs8014854,intron_variant,False
TRIP11,rs10142576,3_prime_UTR_variant,False
TRIP11,rs34736578,intron_variant,False
TRIP11,rs7493524,intron_variant,False
TRIP11,rs7155279,intron_variant,False
TRIP11,rs2244643,intron_variant,False
TRIP11,rs2430339,intergenic_variant,False
TRIP11,rs17127649,intron_variant,False
TRIP11,rs8014161,intron_variant,False
TRIP11,rs3783937,intron_variant,False
TRIP11,rs2498828,intron_variant,False
TRIP11,rs10146335,intron_variant,False
TRIP11,rs2430343,intron_variant,False
TRIP11,rs17732513,intron_variant,False
TRIP11,rs570617307,intron_variant,False
TRIP11,rs149364745,intron_variant,False
TRIP11,rs536493693,5_prime_UTR_variant,False
TRIP11,rs10129429,intron_variant,False
TRIP11,rs79089921,intron_variant,False
TRIP11,rs60107842,intron_variant,False
TRIP11,rs2281393,intron_variant,False
TRIP11,rs10083447,intron_variant,False
TRIP11,rs374165861,intron_variant,False
TRIP11,rs7148218,intron_variant,False
TRIP11,rs11160033,intron_variant,False
TRIP11,rs117055435,intron_variant,False
TRIP11,rs4900092,intron_variant,False
TRIP11,rs3819779,intron_variant,False
TRIP11,rs10151945,3_prime_UTR_variant,False
TRIP11,rs8015218,intron_variant,False
TRIP11,rs2295164,intron_variant,False
TRIP11,rs7154721,intron_variant,False
TRIP11,rs149907296,intron_variant,False
TRIP11,rs7149561,intron_variant,False
TRIP11,rs568801221,intron_variant,False
TRIP11,rs2110428,regulatory_region_variant,False
TRIP11,rs12587248,3_prime_UTR_variant,False
TRIP11,rs7145052,intron_variant,False
TRIP11,rs11160044,intron_variant,False
TRIP11,rs60165532,intron_variant,False
TRIP11,rs2284339,intron_variant,False
TRIP11,rs2498852,intergenic_variant,False
TRIP11,rs2273182,intron_variant,False
TRIP11,rs10142459,intergenic_variant,False
TRIP11,rs201413901,intron_variant,False
TRIP11,rs3835249,intron_variant,False
TRIP11,rs67015182,intron_variant,False
TRIP11,rs61976561,intron_variant,False
TRIP11,rs17732602,intron_variant,False
TRIP11,rs34207682,intron_variant,False
TRIP11,rs11160037,intron_variant,False
TRIP11,rs139703345,intron_variant,False
TRIP11,rs2295174,intron_variant,False
TRIP11,rs2430367,intron_variant,False
TRIP11,rs7153027,intron_variant,False
TRIP11,rs3814835,5_prime_UTR_variant,False
TRIP11,rs7143616,intron_variant,False
TRIP11,rs34145809,intergenic_variant,False
TRIP11,rs10142836,intron_variant,False
TRIP11,rs2402088,intron_variant,False
TRIP11,rs34612555,intron_variant,False
TRIP11,rs76497846,intron_variant,False
TRIP11,rs2430356,intron_variant,False
TRIP11,rs10083510,intron_variant,False
TRIP11,rs117502191,intron_variant,False
TRIP11,rs372782885,intron_variant,False
TRIP11,rs2160077,intron_variant,False
TRIP11,rs563496180,intergenic_variant,False
TRIP11,rs61988390,intron_variant,False
TRIP11,rs8007661,intron_variant,False
TRIP11,rs7158300,intron_variant,False
TRIP11,rs2249946,intron_variant,False
TRIP11,rs8023114,intron_variant,False
TRIP11,rs2474031,intergenic_variant,False
TRIP11,rs74071828,intron_variant,False
TRIP11,rs12886834,intron_variant,False
TRIP11,rs1133441,3_prime_UTR_variant,False
TRIP11,rs1468746,intron_variant,False
TRIP11,rs3818095,intron_variant,False
TRIP11,rs3814832,intron_variant,False
TRIP11,rs7150333,intron_variant,False
TRIP11,rs4904823,intron_variant,False
TRIP11,rs75462826,intron_variant,False
TRIP11,rs12588287,intron_variant,False
TRIP11,rs59864685,intron_variant,False
TRIP11,rs8012666,intron_variant,False
TRIP11,rs12589059,intron_variant,False
TRIP11,rs8022758,3_prime_UTR_variant,False
TRIP11,rs79873516,intron_variant,False
TRIP11,rs7149187,5_prime_UTR_variant,False
TRIP11,rs1548818,intron_variant,False
TRIP11,rs10151561,intron_variant,False
TRIP11,rs9652396,3_prime_UTR_variant,False
TRIP11,rs2498847,intron_variant,False
TRIP11,rs1548817,intron_variant,False
TRIP11,rs569760200,intron_variant,False
TRIP11,rs2402113,intron_variant,False
ZBTB38,rs35921581,intron_variant,False
ZBTB38,rs58473751,intron_variant,False
ZBTB38,rs138685654,intergenic_variant,False
ZBTB38,rs75276363,intron_variant,False
ZBTB38,rs6763927,intron_variant,False
ZBTB38,rs73872715,intron_variant,False
ZBTB38,rs955216,intron_variant,False
ZBTB38,rs6795398,intron_variant,False
ZBTB38,rs6769161,intergenic_variant,False
ZBTB38,rs6785012,intron_variant,False
ZBTB38,rs76438269,intron_variant,False
ZBTB38,rs6440001,non_coding_transcript_exon_variant,False
ZBTB38,rs28721484,intron_variant,False
ZBTB38,rs116071488,intron_variant,False
ZBTB38,rs76152047,intergenic_variant,False
ZBTB38,rs41379945,intron_variant,False
ZBTB38,rs6765238,intron_variant,False
ZBTB38,rs9853018,intron_variant,False
ZBTB38,rs1863870,non_coding_transcript_exon_variant,False
ZBTB38,rs6802753,intron_variant,False
ZBTB38,rs4683404,intron_variant,False
ZBTB38,rs724016,intron_variant,False
ZBTB38,rs144478038,regulatory_region_variant,False
ZBTB38,rs73872710,intron_variant,False
ZBTB38,rs9879503,intron_variant,False
ZBTB38,rs1863867,regulatory_region_variant,False
ZBTB38,rs111906841,intron_variant,False
ZBTB38,rs59714050,intron_variant,False
ZBTB38,rs2871887,intron_variant,False
ZBTB38,rs13059128,intron_variant,False
ZBTB38,rs114097136,intron_variant,False
ZBTB38,rs79705096,intron_variant,False
ZBTB38,rs73872711,intron_variant,False
ZBTB38,rs10513136,intron_variant,False
ZBTB38,rs77753509,intron_variant,False
ZBTB38,rs59752258,intron_variant,False
ZBTB38,rs75367758,intron_variant,False
ZBTB38,rs77468424,intron_variant,False
ZBTB38,rs79308158,intron_variant,False
ZBTB38,rs34207738,intron_variant,False
ZBTB38,rs113861493,intron_variant,False
ZBTB38,rs16851254,intron_variant,False
ZBTB38,rs13072100,intergenic_variant,False
ZBTB38,rs1344674,intron_variant,False
ZBTB38,rs6440008,intron_variant,False
ZBTB38,rs149720422,intron_variant,False
ZBTB38,rs144711968,intron_variant,False
ZBTB38,rs13067032,intron_variant,False
ZBTB38,rs78337796,intergenic_variant,False
ZBTB38,rs144088519,intron_variant,False
ZBTB38,rs34544234,intron_variant,False
ZBTB38,rs11715942,intron_variant,False
ZBTB38,rs73872720,intron_variant,False
ZBTB38,rs77263552,intron_variant,False
ZBTB38,rs73238073,intron_variant,False
ZBTB38,rs4067991,intergenic_variant,False
ZBTB38,rs34888832,intron_variant,False
ZBTB38,rs6764769,5_prime_UTR_variant,False
ZBTB38,rs7626871,intron_variant,False
ZBTB38,rs7624084,intron_variant,False
ZBTB38,rs4536797,intron_variant,False
ZBTB38,rs6789653,intron_variant,False
ZBTB38,rs10513140,intron_variant,False
ZBTB38,rs75206890,intron_variant,False
ZBTB38,rs7632308,regulatory_region_variant,False
ZBTB38,rs1346408,intron_variant,False
ZBTB38,rs74734425,intron_variant,False
ZBTB38,rs6767786,intron_variant,False
ZBTB38,rs57345461,intron_variant,False
ZBTB38,rs9838625,intron_variant,False
ZBTB38,rs1983235,intron_variant,False
ZBTB38,rs13100711,intron_variant,False
ZBTB38,rs13068733,intron_variant,False
ZBTB38,rs16851435,missense_variant,True
ZBTB38,rs2312193,intergenic_variant,False
ZBTB38,rs6773133,intron_variant,False
ZBTB38,rs7651511,intron_variant,False
ZBTB38,rs4683591,intron_variant,False
ZBTB38,rs116629994,intron_variant,False
ZBTB38,rs148885296,intron_variant,False
ZBTB38,rs79767329,intron_variant,False
ZBTB38,rs13066993,intron_variant,False
ZBTB38,rs79147413,intron_variant,False
ZBTB38,rs16851397,intron_variant,False
ZBTB38,rs7632381,5_prime_UTR_variant,False
ZBTB38,rs6808837,intron_variant,False
ZBTB38,rs1344672,intron_variant,False
ZBTB38,rs2871960,intron_variant,False
ZBTB38,rs2011092,intron_variant,False
ZBTB38,rs7625643,intron_variant,False
ZBTB38,rs9856976,intergenic_variant,False
ZBTB38,rs13088065,intron_variant,False
ZBTB38,rs13069734,intron_variant,False
ZBTB38,rs62282006,intergenic_variant,False
ZBTB38,rs16851294,intron_variant,False
ZBTB38,rs13087169,splice_region_variant,True
ZBTB38,rs9857275,intron_variant,False
ZBTB38,rs6795197,intron_variant,False
ZBTB38,rs35225290,intron_variant,False
ZBTB38,rs1983233,intron_variant,False
ZBTB38,rs56243018,intron_variant,False
ZBTB38,rs6439999,intron_variant,False
ZBTB38,rs200682696,intron_variant,False
ZBTB38,rs10513137,intron_variant,False
ZBTB38,rs9876694,intron_variant,False
ZBTB38,rs1077181,regulatory_region_variant,False
ZBTB38,rs36013391,intron_variant,False
ZBTB38,rs13074489,intron_variant,False
ZBTB38,rs79474768,intron_variant,False
ZBTB38,rs9289630,intergenic_variant,False
ZBTB38,rs7636914,intron_variant,False
ZBTB38,rs62282002,missense_variant,True
ZBTB38,rs4683602,intron_variant,False
ZBTB38,rs55788564,intron_variant,False
ZBTB38,rs6807935,intron_variant,False
ZBTB38,rs200235318,intron_variant,False
ZBTB38,rs1978600,non_coding_transcript_exon_variant,False
ZBTB38,rs544444513,missense_variant,True
ZBTB38,rs9829470,intron_variant,False
ZBTB38,rs1344673,intron_variant,False
ZBTB38,rs9866391,intron_variant,False
ZBTB38,rs6440003,intron_variant,False
ZBTB38,rs7650602,intron_variant,False
ZBTB38,rs1318221,intron_variant,False
ZBTB38,rs185450875,intron_variant,False
ZBTB38,rs568652489,intron_variant,False
ZBTB38,rs55715288,intron_variant,False
ZBTB38,rs60654199,intron_variant,False
ZBTB38,rs13077048,intron_variant,False
ZBTB38,rs6767899,intron_variant,False
ZBTB38,rs78057979,intron_variant,False
ZBTB38,rs6440006,intron_variant,False
ZBTB38,rs4683605,intron_variant,False
ZBTB38,rs7612543,intron_variant,False
ZBTB38,rs9878347,intron_variant,False
ZBTB38,rs9846396,intron_variant,False
ZBTB38,rs4683603,intron_variant,False
ZBTB38,rs9819371,intron_variant,False
ZBTB38,rs55768579,intron_variant,False
ZBTB38,rs9825379,intron_variant,False
ZBTB38,rs568435345,intron_variant,False
ZBTB38,rs13092660,intron_variant,False
ZBTB38,rs6800122,intron_variant,False
ZBTB38,rs34655123,intron_variant,False
ZBTB38,rs12631017,intron_variant,False
ZBTB38,rs1567558,intron_variant,False
ZBTB38,rs16851191,intron_variant,False
ZBTB38,rs6776003,intron_variant,False
ZBTB38,rs13098180,intron_variant,False
ZBTB38,rs6784404,intron_variant,False
ZBTB38,rs9838230,intron_variant,False
ZBTB38,rs200516372,intergenic_variant,False
ZBTB38,rs6785073,intron_variant,False
ZBTB38,rs11917587,intron_variant,False
ZBTB38,rs13099193,intron_variant,False
ZBTB38,rs9851256,intergenic_variant,False
ZBTB38,rs56172250,intron_variant,False
ZBTB38,rs6781636,intron_variant,False
ZBTB38,rs73232975,intron_variant,False
ZBTB38,rs569612841,intergenic_variant,False
ZBTB38,rs12488083,intron_variant,False
ZBTB38,rs77575849,intron_variant,False
ZBTB38,rs13080720,intron_variant,False
ZBTB38,rs71314585,intron_variant,False
ZBTB38,rs4683606,intron_variant,False
ZBTB38,rs1877223,intron_variant,False
ZBTB38,rs11712552,intron_variant,False
ZBTB38,rs9846230,intron_variant,False
ZBTB38,rs16851416,intron_variant,False
ZBTB38,rs73872717,intron_variant,False
ZBTB38,rs4306833,intron_variant,False
ZBTB38,rs6763931,intron_variant,False
ZBTB38,rs16851438,intron_variant,False
ZBTB38,rs6762722,intron_variant,False
ZBTB38,rs7629035,intron_variant,False
ZBTB38,rs6786821,intron_variant,False
ZBTB38,rs11714558,synonymous_variant,True
ZBTB38,rs73238079,intron_variant,False
ZBTB38,rs74888405,intron_variant,False
ZBTB38,rs1582874,intron_variant,False
ZBTB38,rs11919595,intron_variant,False
ZBTB38,rs545694574,intron_variant,False
ZBTB38,rs34317570,intron_variant,False
ZBTB38,rs9871963,intron_variant,False
ZBTB38,rs139576469,intron_variant,False
ZBTB38,rs6808936,intron_variant,False
ZBTB38,rs6776991,intron_variant,False
ZBTB38,rs116832179,intron_variant,False
ZBTB38,rs1991431,intron_variant,False
