active_ingredient,pmid,pmcid,year,title,journal,is_open_access,has_age_at_exposure,has_growth_before_exposure,has_growth_during_exposure,has_growth_after_discontinuation,has_puberty,has_bone_age,has_epiphyseal_imaging,has_igf1_or_gh,has_phosphate,has_weight_nutrition,has_disease_activity,has_concomitant_medications,has_height_trajectory,has_segment_measurements,has_adverse_skeletal,has_dechallenge,has_rechallenge,has_dose_response,competing_growth_hormone_given,competing_puberty_suppression,competing_aromatase_inhibition,competing_nutritional_recovery,competing_major_weight_change,competing_glucocorticoid_withdrawal,competing_thyroid_correction,competing_disease_remission,competing_tumour_hormone,element_exposure_precedes_change,element_plausible_latency,element_dechallenge,element_rechallenge,element_dose_response,element_independent_replication,element_open_growth_plates,element_interpretable_baseline,timeline_fields_present,timeline_fields_possible,competing_explanations,raw_causality_score,penalty,score_cap_applied,temporal_causality_score,clean_natural_experiment,extraction_basis
METRONIDAZOLE,41908789,PMC13019284,2026,Strangulated Amyand's hernia containing gangrenous appendix and cecum in a preterm neonate.,,Y,False,False,False,False,False,False,False,False,False,True,False,False,False,False,False,False,True,False,False,False,False,False,False,False,False,False,False,False,False,False,True,False,True,False,False,2,18,0,5.0,0.0,6.0,5.0,False,abstract-level pattern match. NOT a read of the paper. Any case used as evidence must be opened and its numbers transcribed by hand.
METRONIDAZOLE,39372633,PMC11450811,2024,Clinical Transplant Kidney Function Loss Due to Small Intestinal Bacterial Overgrowth.,,Y,True,False,False,False,False,False,False,False,False,False,False,False,False,False,False,False,True,False,False,False,False,False,False,False,False,False,False,False,False,False,True,False,True,False,False,2,18,0,5.0,0.0,6.0,5.0,False,abstract-level pattern match. NOT a read of the paper. Any case used as evidence must be opened and its numbers transcribed by hand.
AMINO ACIDS,41561891,PMC12813414,2026,Hypoaminoacidemia and Pyroglutamic Aciduria: Potential Biomarkers in Malnutrition-Related Hyperammonemia.,,Y,False,False,False,False,False,False,False,False,False,True,False,False,False,False,False,False,True,False,False,False,False,False,False,False,False,False,False,False,False,False,True,False,True,False,False,2,18,0,5.0,0.0,6.0,5.0,False,abstract-level pattern match. NOT a read of the paper. Any case used as evidence must be opened and its numbers transcribed by hand.
ALBUTEROL,36013172,PMC9409927,2022,Supraglottic Localization of IgG4-Related Disease-Rare and Challenging Equity.,,Y,False,False,False,False,False,False,False,False,False,False,False,False,False,False,False,False,True,False,False,False,False,False,False,False,False,False,False,False,False,False,True,False,True,False,False,1,18,0,5.0,0.0,6.0,5.0,False,abstract-level pattern match. NOT a read of the paper. Any case used as evidence must be opened and its numbers transcribed by hand.
PREDNISOLONE,39372633,PMC11450811,2024,Clinical Transplant Kidney Function Loss Due to Small Intestinal Bacterial Overgrowth.,,Y,True,False,False,False,False,False,False,False,False,False,False,False,False,False,False,False,True,False,False,False,False,False,False,False,False,False,False,False,False,False,True,False,True,False,False,2,18,0,5.0,0.0,6.0,5.0,False,abstract-level pattern match. NOT a read of the paper. Any case used as evidence must be opened and its numbers transcribed by hand.
METRONIDAZOLE,37153324,PMC10159009,2023,Cephalic Tetanus Presenting as Peripheral Facial Palsy: A Case Report.,,Y,True,False,False,False,False,False,False,False,False,False,False,False,False,False,False,False,True,False,False,False,False,False,False,False,False,False,False,False,False,False,True,False,True,False,False,2,18,0,5.0,0.0,6.0,5.0,False,abstract-level pattern match. NOT a read of the paper. Any case used as evidence must be opened and its numbers transcribed by hand.
PREDNISOLONE,42170321,PMC13177383,2026,Lymphoproliferation in inborn errors of immunity: From challenging diagnosis to histologic revision.,,Y,False,False,False,False,False,False,False,False,False,False,False,False,False,False,False,False,True,False,False,False,False,False,False,False,False,False,False,False,False,False,True,False,True,False,False,1,18,0,5.0,0.0,6.0,5.0,False,abstract-level pattern match. NOT a read of the paper. Any case used as evidence must be opened and its numbers transcribed by hand.
METRONIDAZOLE,40799886,PMC12341483,2025,Unusual Presentation of Necrotizing Enterocolitis Presenting in a Term Infant.,,Y,False,False,False,False,False,False,False,False,False,False,False,True,False,False,False,False,True,False,False,False,False,False,False,False,False,False,False,False,False,False,True,False,True,False,False,2,18,0,5.0,0.0,6.0,5.0,False,abstract-level pattern match. NOT a read of the paper. Any case used as evidence must be opened and its numbers transcribed by hand.
COLISTIMETHATE,41009471,PMC12469698,2025,The Gut Microbiome and Colistin Resistance: A Hidden Driver of Antimicrobial Failure.,,Y,False,False,False,False,False,False,False,False,False,False,False,False,False,False,False,False,True,False,False,False,False,False,False,False,False,False,False,False,False,False,True,False,True,False,False,1,18,0,5.0,0.0,6.0,5.0,False,abstract-level pattern match. NOT a read of the paper. Any case used as evidence must be opened and its numbers transcribed by hand.
LEVOTHYROXINE,40746184,PMC12640713,2025,Management of Acquired Hypothalamic Dysfunction and the Hypothalamic Syndrome; It Is More Than Obesity.,,Y,False,False,False,False,False,False,False,False,False,False,False,False,False,False,False,False,True,False,False,False,False,False,False,False,False,False,False,False,False,False,True,False,True,False,False,1,18,0,5.0,0.0,6.0,5.0,False,abstract-level pattern match. NOT a read of the paper. Any case used as evidence must be opened and its numbers transcribed by hand.
CETIRIZINE,27244842,PMC4894252,2016,Presumed Pseudotumor Cerebri Syndrome After Withdrawal of Inhaled Glucocorticoids.,,N,False,False,False,False,False,False,False,False,False,False,False,False,False,False,False,True,True,False,False,False,False,False,False,False,False,False,False,False,False,False,True,False,True,False,False,2,18,0,5.0,0.0,6.0,5.0,False,abstract-level pattern match. NOT a read of the paper. Any case used as evidence must be opened and its numbers transcribed by hand.
MONTELUKAST,27244842,PMC4894252,2016,Presumed Pseudotumor Cerebri Syndrome After Withdrawal of Inhaled Glucocorticoids.,,N,False,False,False,False,False,False,False,False,False,False,False,False,False,False,False,True,True,False,False,False,False,False,False,False,False,False,False,False,False,False,True,False,True,False,False,2,18,0,5.0,0.0,6.0,5.0,False,abstract-level pattern match. NOT a read of the paper. Any case used as evidence must be opened and its numbers transcribed by hand.
LEVOTHYROXINE,40951228,PMC12433082,2025,Pregnancy in Women With Klippel-Trenaunay Syndrome Complicated by Uterine Vascular Malformation: A Case Report and Literature Review.,,Y,True,False,False,False,False,False,False,False,False,False,False,False,False,False,False,False,True,False,False,False,False,False,False,False,False,False,False,False,False,False,True,False,True,False,False,2,18,0,5.0,0.0,6.0,5.0,False,abstract-level pattern match. NOT a read of the paper. Any case used as evidence must be opened and its numbers transcribed by hand.
LOPERAMIDE,39372633,PMC11450811,2024,Clinical Transplant Kidney Function Loss Due to Small Intestinal Bacterial Overgrowth.,,Y,True,False,False,False,False,False,False,False,False,False,False,False,False,False,False,False,True,False,False,False,False,False,False,False,False,False,False,False,False,False,True,False,True,False,False,2,18,0,5.0,0.0,6.0,5.0,False,abstract-level pattern match. NOT a read of the paper. Any case used as evidence must be opened and its numbers transcribed by hand.
METRONIDAZOLE,39740424,PMC11745952,2025,Metabolic acidosis due to d-lactate in a patient with intestinal resection: Diagnostic challenges and nutritional strategies.,,Y,True,False,False,False,False,False,False,False,False,True,False,False,False,False,False,False,True,False,False,False,False,False,False,False,False,False,False,False,False,False,True,False,True,False,False,3,18,0,5.0,0.0,6.0,5.0,False,abstract-level pattern match. NOT a read of the paper. Any case used as evidence must be opened and its numbers transcribed by hand.
METRONIDAZOLE,40125190,PMC11929150,2025,Unpleasant Smell: A Case Report of Trimethylaminuria (Fish Odour Syndrome) in a Child.,,Y,False,False,False,False,False,False,False,False,False,False,False,False,False,False,False,False,True,False,False,False,False,False,False,False,False,False,False,False,False,False,True,False,True,False,False,1,18,0,5.0,0.0,6.0,5.0,False,abstract-level pattern match. NOT a read of the paper. Any case used as evidence must be opened and its numbers transcribed by hand.
ESOMEPRAZOLE,39372633,PMC11450811,2024,Clinical Transplant Kidney Function Loss Due to Small Intestinal Bacterial Overgrowth.,,Y,True,False,False,False,False,False,False,False,False,False,False,False,False,False,False,False,True,False,False,False,False,False,False,False,False,False,False,False,False,False,True,False,True,False,False,2,18,0,5.0,0.0,6.0,5.0,False,abstract-level pattern match. NOT a read of the paper. Any case used as evidence must be opened and its numbers transcribed by hand.
LEVOTHYROXINE,35609533,PMC9393778,2022,New-Onset Primary Adrenal Insufficiency and Autoimmune Hypothyroidism in a Pediatric Patient Presenting with MIS-C.,,N,True,False,False,False,False,False,False,False,False,False,False,False,False,False,False,False,True,False,False,False,False,False,False,False,False,False,False,False,False,False,True,False,True,False,False,2,18,0,5.0,0.0,6.0,5.0,False,abstract-level pattern match. NOT a read of the paper. Any case used as evidence must be opened and its numbers transcribed by hand.
LEVOTHYROXINE,39193092,PMC11348937,2024,Growth Hormone Deficiency in an Adolescent With Pseudohypoparathyroidism Type 1B.,,Y,True,False,False,False,True,True,False,True,True,False,False,False,False,False,False,False,True,False,True,False,False,False,False,False,False,False,False,False,False,False,True,False,True,False,False,6,18,1,5.0,1.5,6.0,3.5,False,abstract-level pattern match. NOT a read of the paper. Any case used as evidence must be opened and its numbers transcribed by hand.
ESOMEPRAZOLE,,PMC6152593,2018,Oral Presentations,,Y,False,False,False,False,False,False,False,False,True,True,False,False,False,False,True,False,False,True,False,False,False,False,False,False,False,False,False,False,False,False,False,True,True,False,False,4,18,0,3.5,0.0,6.0,3.5,False,abstract-level pattern match. NOT a read of the paper. Any case used as evidence must be opened and its numbers transcribed by hand.
COLISTIMETHATE,5940638,PMC1935561,1966,A clinical trial of cephaloridine.,,N,False,False,False,False,False,False,False,False,False,False,False,False,False,False,False,False,False,True,False,False,False,False,False,False,False,False,False,False,False,False,False,True,True,False,False,1,18,0,3.5,0.0,6.0,3.5,False,abstract-level pattern match. NOT a read of the paper. Any case used as evidence must be opened and its numbers transcribed by hand.
AMINO ACIDS,41454937,PMC12743679,2025,"Clinical, Molecular Characteristics, and Genotype-Phenotype Relationships of Metaphyseal Chondrodysplasia Type Schmid.",,Y,False,False,False,False,False,False,True,False,False,False,False,False,False,False,True,False,False,False,False,False,False,False,False,False,False,False,False,False,False,False,False,False,True,True,False,2,18,0,3.0,0.0,6.0,3.0,False,abstract-level pattern match. NOT a read of the paper. Any case used as evidence must be opened and its numbers transcribed by hand.
AMINO ACIDS,36504506,PMC9732115,2022,Aromatase deficiency in a tall man: Case report of two novel mutations and review of literature.,,Y,False,False,False,False,False,False,True,False,False,False,False,False,False,False,False,False,False,False,False,False,False,False,False,False,False,False,False,False,False,False,False,False,True,True,False,1,18,0,3.0,0.0,6.0,3.0,False,abstract-level pattern match. NOT a read of the paper. Any case used as evidence must be opened and its numbers transcribed by hand.
PREDNISOLONE,37202915,PMC10201867,2023,A Case of Linear Scleroderma in a Young Child: A Diagnosis Easily Missed in Primary Care.,,Y,True,False,False,False,False,False,False,False,False,False,False,False,False,False,False,False,False,False,False,False,False,False,False,False,False,False,False,False,True,False,False,False,True,False,False,1,18,0,3.0,0.0,6.0,3.0,False,abstract-level pattern match. NOT a read of the paper. Any case used as evidence must be opened and its numbers transcribed by hand.
TEDUGLUTIDE,38034466,PMC10684249,2023,Gastric Foveolar Hyperplastic Polyps in 2 Children With Short Bowel Syndrome on Long-Term Teduglutide.,,Y,False,False,False,False,False,False,False,False,False,False,False,False,False,False,False,False,False,False,False,False,False,False,False,False,False,False,False,False,True,False,False,False,True,False,False,0,18,0,3.0,0.0,6.0,3.0,False,abstract-level pattern match. NOT a read of the paper. Any case used as evidence must be opened and its numbers transcribed by hand.
PREDNISOLONE,39764439,PMC11701062,2024,Case Report and literature review: Delayed diagnosis of ARCL1B due to a newly reported homozygous mutation c.464A&gt;C p. (Tyr155Ser) in the &lt;i&gt;EFEMP2&lt;/i&gt; gene.,,Y,False,False,False,False,False,False,True,False,False,False,False,False,False,False,True,False,False,False,False,False,False,False,False,False,False,False,False,False,False,False,False,False,True,True,False,2,18,0,3.0,0.0,6.0,3.0,False,abstract-level pattern match. NOT a read of the paper. Any case used as evidence must be opened and its numbers transcribed by hand.
AMINO ACIDS,41059451,PMC12500298,2025,A Novel Premature Termination Codon Mutation in TRAPPC2 Is Associated with X-Linked Spondyloepiphyseal Dysplasia Tarda.,,N,True,False,False,False,False,False,True,False,False,False,False,False,False,False,True,False,False,False,False,False,False,False,False,False,False,False,False,False,False,False,False,False,True,True,False,3,18,0,3.0,0.0,6.0,3.0,False,abstract-level pattern match. NOT a read of the paper. Any case used as evidence must be opened and its numbers transcribed by hand.
AMINO ACIDS,41574272,PMC12823036,2025,Case Report: Dual pathogenic mechanism of a &lt;i&gt;PRKG2&lt;/i&gt; missense variant underlies an attenuated phenotype of acromesomelic dysplasia.,,Y,False,False,False,False,False,False,True,False,False,False,False,False,False,False,True,False,False,False,False,False,False,False,False,False,False,False,False,False,False,False,False,False,True,True,False,2,18,0,3.0,0.0,6.0,3.0,False,abstract-level pattern match. NOT a read of the paper. Any case used as evidence must be opened and its numbers transcribed by hand.
LEVOTHYROXINE,41464859,PMC12733895,2025,Growth Without GH: A Case Series and Literature Review.,,Y,False,False,False,False,False,False,True,True,False,False,False,False,False,False,False,False,False,False,False,False,False,False,False,False,False,False,False,False,False,False,False,False,True,True,False,2,18,0,3.0,0.0,6.0,3.0,False,abstract-level pattern match. NOT a read of the paper. Any case used as evidence must be opened and its numbers transcribed by hand.
AMINO ACIDS,42158693,PMC13181682,2026,Clinical characteristics and mutation analysis of Chinese children with 17α-hydroxylase deficiency: a report on three cases.,,Y,False,False,False,False,False,True,True,False,False,False,False,False,False,False,False,False,False,False,False,False,False,False,False,False,False,False,False,False,False,False,False,False,True,True,False,2,18,0,3.0,0.0,6.0,3.0,False,abstract-level pattern match. NOT a read of the paper. Any case used as evidence must be opened and its numbers transcribed by hand.
IDURSULFASE,23307460,PMC3603921,2013,Hunter syndrome follow-up after 1 year of enzyme-replacement therapy.,,N,True,False,False,False,False,False,False,False,False,False,False,False,False,False,False,False,False,False,False,False,False,False,False,False,False,False,False,False,True,False,False,False,True,False,False,1,18,0,3.0,0.0,6.0,3.0,False,abstract-level pattern match. NOT a read of the paper. Any case used as evidence must be opened and its numbers transcribed by hand.
LEVOTHYROXINE,39189533,PMC11834709,2025,Approach to the Patient: Challenging Cases of Pediatric Thyrotoxicosis.,,Y,False,False,False,False,False,False,False,False,False,False,False,False,False,False,False,False,False,False,False,False,False,False,False,False,False,False,False,False,False,False,False,False,True,False,False,0,18,0,2.0,0.0,6.0,2.0,False,abstract-level pattern match. NOT a read of the paper. Any case used as evidence must be opened and its numbers transcribed by hand.
LEVOTHYROXINE,42183258,PMC13194358,2026,Case Report: Severe neonatal lupus in an infant with homozygous &lt;i&gt;NCF1&lt;/i&gt; p.Arg90His variant and a &lt;i&gt;der&lt;/i&gt;(14)&lt;i&gt;t&lt;/i&gt;(4;14) translocation.,,Y,False,False,False,False,False,False,False,False,False,False,False,False,False,False,False,False,False,False,False,False,False,False,False,False,False,False,False,False,False,False,False,False,True,False,False,0,18,0,2.0,0.0,6.0,2.0,False,abstract-level pattern match. NOT a read of the paper. Any case used as evidence must be opened and its numbers transcribed by hand.
LEVOTHYROXINE,41585793,PMC12828586,2025,Unveiling the hidden: acquired pediatric hypothyroidism.,,Y,False,False,False,False,False,False,False,False,False,False,False,False,False,False,False,False,False,False,False,False,False,False,False,False,False,False,False,False,False,False,False,False,True,False,False,0,18,0,2.0,0.0,6.0,2.0,False,abstract-level pattern match. NOT a read of the paper. Any case used as evidence must be opened and its numbers transcribed by hand.
LEVOTHYROXINE,41379151,PMC12671614,2025,"Hypopituitarism and Rathke's cleft cyst in 48,XXYY Syndrome: new insights into sex chromosome aneuploidies.",,Y,True,False,False,False,False,False,False,False,False,False,False,False,False,False,False,False,False,False,False,False,False,False,False,False,False,False,False,False,False,False,False,False,True,False,False,1,18,0,2.0,0.0,6.0,2.0,False,abstract-level pattern match. NOT a read of the paper. Any case used as evidence must be opened and its numbers transcribed by hand.
LEVOTHYROXINE,41179271,PMC12576541,2025,Pituitary Xanthogranuloma Causing Sellar Mass in 2 Children With Hypopituitarism and Elevated Inflammatory Markers.,,Y,False,False,False,False,False,False,False,False,False,False,False,False,False,False,False,False,False,False,False,False,False,False,False,False,False,False,False,False,False,False,False,False,True,False,False,0,18,0,2.0,0.0,6.0,2.0,False,abstract-level pattern match. NOT a read of the paper. Any case used as evidence must be opened and its numbers transcribed by hand.
PREDNISOLONE,42311772,PMC13269650,2026,Lipomatosis From Prolonged Use of Corticosteroids in Ethiopia: A Case Report.,,Y,True,False,False,False,False,False,False,False,False,False,False,False,False,False,True,False,False,False,False,False,False,False,False,False,False,False,False,False,False,False,False,False,True,False,False,2,18,0,2.0,0.0,6.0,2.0,False,abstract-level pattern match. NOT a read of the paper. Any case used as evidence must be opened and its numbers transcribed by hand.
PREDNISOLONE,41890785,PMC13014641,2026,Using selective laser trabeculoplasty to manage glaucoma in a child with phakomatosis pigmentovascularis.,,Y,True,False,False,False,False,False,False,False,False,False,False,False,False,False,False,False,False,False,False,False,False,False,False,False,False,False,False,False,False,False,False,False,True,False,False,1,18,0,2.0,0.0,6.0,2.0,False,abstract-level pattern match. NOT a read of the paper. Any case used as evidence must be opened and its numbers transcribed by hand.
LEVOTHYROXINE,40530097,PMC12169833,2024,ENDOCRINE AND GROWTH ABNORMALITIES IN CHILDREN WITH KIDNEY FAILURE ON MAINTENANCE HEMODIALYSIS - EXPERIENCE OF A SINGLE CENTER FROM WESTERN ROMANIA.,,N,False,False,False,False,True,False,False,False,False,False,False,False,False,False,False,False,False,False,False,False,False,False,False,False,False,False,False,False,False,False,False,False,True,False,False,1,18,0,2.0,0.0,6.0,2.0,False,abstract-level pattern match. NOT a read of the paper. Any case used as evidence must be opened and its numbers transcribed by hand.
LEVOTHYROXINE,41137069,PMC12553144,2025,Ligneous gingivitis: diagnostic and management challenges in a rare case.,,Y,True,False,False,False,False,False,False,False,False,False,False,False,False,False,False,False,False,False,False,False,False,False,False,False,False,False,False,False,False,False,False,False,True,False,False,1,18,0,2.0,0.0,6.0,2.0,False,abstract-level pattern match. NOT a read of the paper. Any case used as evidence must be opened and its numbers transcribed by hand.
LEVOTHYROXINE,40062105,PMC11886995,2025,Recurrent Aseptic Meningitis Revealing Primitive Pituitary Abscess.,,Y,False,False,False,False,False,False,False,True,False,False,False,False,False,False,False,False,False,False,False,False,False,False,False,False,False,False,False,False,False,False,False,False,True,False,False,1,18,0,2.0,0.0,6.0,2.0,False,abstract-level pattern match. NOT a read of the paper. Any case used as evidence must be opened and its numbers transcribed by hand.
LEVOTHYROXINE,41884215,PMC13008620,2026,From hypercalcemia to the diagnosis of pseudohypoparathyroidism type 1b: a case report.,,Y,False,False,False,False,False,False,False,False,True,False,False,False,False,False,False,False,False,False,False,False,False,False,False,False,False,False,False,False,False,False,False,False,True,False,False,1,18,0,2.0,0.0,6.0,2.0,False,abstract-level pattern match. NOT a read of the paper. Any case used as evidence must be opened and its numbers transcribed by hand.
LEVOTHYROXINE,41018437,PMC12463163,2025,Delayed Presentation With Atypical Extrathyroidal Manifestations of Sporadic Non-autoimmune Congenital Hyperthyroidism: A Case Report and Literature Review.,,Y,True,False,False,False,False,True,False,False,False,False,False,False,False,False,False,False,False,False,False,False,False,False,False,False,False,False,False,False,False,False,False,False,True,False,False,2,18,0,2.0,0.0,6.0,2.0,False,abstract-level pattern match. NOT a read of the paper. Any case used as evidence must be opened and its numbers transcribed by hand.
AMINO ACIDS,39728742,PMC11677636,2024,<i>PPP2R5D</i>-Related Neurodevelopmental Disorder and Multiple Haemangiomas: A Novel Phenotypic Trait?,,Y,False,False,False,False,False,False,False,False,False,False,False,False,False,False,False,False,False,False,False,False,False,False,False,False,False,False,False,False,False,False,False,False,True,False,False,0,18,0,2.0,0.0,6.0,2.0,False,abstract-level pattern match. NOT a read of the paper. Any case used as evidence must be opened and its numbers transcribed by hand.
AMINO ACIDS,39758341,PMC11695779,2024,Novel &lt;i&gt;MKRN3&lt;/i&gt; gene mutation associated with central precocious puberty in a Chinese child: a case report.,,Y,False,False,False,False,True,False,False,False,False,False,False,False,False,False,False,False,False,False,False,False,False,False,False,False,False,False,False,False,False,False,False,False,True,False,False,1,18,0,2.0,0.0,6.0,2.0,False,abstract-level pattern match. NOT a read of the paper. Any case used as evidence must be opened and its numbers transcribed by hand.
AMINO ACIDS,40777882,PMC12329236,2025,Short Stature and Developmental Delay Associated With a Novel Frame-Shift Mutation in ZNF292: Case Report and Literature Review.,,Y,True,False,False,False,False,False,False,False,False,False,False,False,False,False,False,False,False,False,False,False,False,False,False,False,False,False,False,False,False,False,False,False,True,False,False,1,18,0,2.0,0.0,6.0,2.0,False,abstract-level pattern match. NOT a read of the paper. Any case used as evidence must be opened and its numbers transcribed by hand.
AMINO ACIDS,41599846,PMC12845284,2026,Best Practices for the Nutritional Management of Infantile-Onset Lysosomal Acid Lipase Deficiency: A Case-Based Discussion.,,Y,False,False,False,False,False,False,False,False,False,True,False,False,False,False,False,False,False,False,False,False,False,False,False,False,False,False,False,False,False,False,False,False,True,False,False,1,18,0,2.0,0.0,6.0,2.0,False,abstract-level pattern match. NOT a read of the paper. Any case used as evidence must be opened and its numbers transcribed by hand.
PREDNISOLONE,40606064,PMC12219155,2025,Isolated Diffuse Splenic Hemangiomatosis Arising in an Adolescent: A Rare Case Report and Literature Review.,,Y,True,False,False,False,False,False,False,False,False,False,False,False,False,False,False,False,False,False,False,False,False,False,False,False,False,False,False,False,False,False,False,False,True,False,False,1,18,0,2.0,0.0,6.0,2.0,False,abstract-level pattern match. NOT a read of the paper. Any case used as evidence must be opened and its numbers transcribed by hand.
PREDNISOLONE,41893920,PMC13090297,2026,"Japanese clinical practice guidelines for vascular tumors, vascular malformations, lymphatic malformations, and lymphangiomatosis 2022.",,Y,False,False,False,False,False,False,False,False,False,False,False,False,False,False,False,False,False,False,False,False,False,False,False,False,False,False,False,False,False,False,False,False,True,False,False,0,18,0,2.0,0.0,6.0,2.0,False,abstract-level pattern match. NOT a read of the paper. Any case used as evidence must be opened and its numbers transcribed by hand.
AMINO ACIDS,40458561,PMC12127810,2025,Cognitive decline in an adult with ATR-16 syndrome due to an unbalanced translocation between 11p15.5 and 16p13.3: a case report.,,Y,False,False,False,False,False,False,False,False,False,False,False,False,False,False,False,False,False,False,False,False,False,False,False,False,False,False,False,False,False,False,False,False,True,False,False,0,18,0,2.0,0.0,6.0,2.0,False,abstract-level pattern match. NOT a read of the paper. Any case used as evidence must be opened and its numbers transcribed by hand.
PREDNISOLONE,40091987,PMC11911001,2025,Non-classical Congenital Adrenal Hyperplasia Presenting With Severe Androgenic Alopecia: A Case Report.,,Y,True,False,False,False,False,False,False,False,False,False,False,False,False,False,False,False,False,False,False,False,False,False,False,False,False,False,False,False,False,False,False,False,True,False,False,1,18,0,2.0,0.0,6.0,2.0,False,abstract-level pattern match. NOT a read of the paper. Any case used as evidence must be opened and its numbers transcribed by hand.
LEVOTHYROXINE,40496472,PMC12150398,2025,Rathke Cleft Cyst Presenting as Panhypopituitarism in an Adolescent.,,Y,True,False,False,False,True,False,False,True,False,False,False,False,False,False,False,False,False,False,False,False,False,False,False,False,False,False,False,False,False,False,False,False,True,False,False,3,18,0,2.0,0.0,6.0,2.0,False,abstract-level pattern match. NOT a read of the paper. Any case used as evidence must be opened and its numbers transcribed by hand.
PREDNISOLONE,39915277,PMC12285563,2025,Management of Hypergranulation Tissue: A Report of a Pediatric Case.,,Y,False,False,False,False,False,False,False,False,False,False,False,False,False,False,False,False,False,False,False,False,False,False,False,False,False,False,False,False,False,False,False,False,True,False,False,0,18,0,2.0,0.0,6.0,2.0,False,abstract-level pattern match. NOT a read of the paper. Any case used as evidence must be opened and its numbers transcribed by hand.
AMINO ACIDS,42145221,PMC13181595,2026,Systemic Nickel Allergy Syndrome: A Critical Appraisal of an Unvalidated Diagnostic Entity.,,Y,False,False,False,False,False,False,False,False,False,False,False,False,False,False,False,False,False,False,False,False,False,False,False,False,False,False,False,False,False,False,False,False,True,False,False,0,18,0,2.0,0.0,6.0,2.0,False,abstract-level pattern match. NOT a read of the paper. Any case used as evidence must be opened and its numbers transcribed by hand.
AMINO ACIDS,34350334,PMC8319649,2021,Sotos syndrome with a novel mutation in the <i>NSD1</i> gene associated with congenital hypothyroidism.,,Y,False,False,False,False,False,False,False,False,False,True,False,False,False,False,True,False,False,False,False,False,False,False,False,False,False,False,False,False,False,False,False,False,True,False,False,2,18,0,2.0,0.0,6.0,2.0,False,abstract-level pattern match. NOT a read of the paper. Any case used as evidence must be opened and its numbers transcribed by hand.
PREDNISOLONE,40400890,PMC12093281,2025,Bone Mineral Density and Bone Quality Trends in a Child on Steroid Therapy Who Developed a Vertebral Fracture: A Case Report.,,Y,False,False,False,False,False,False,False,False,False,False,False,False,False,False,True,False,False,False,False,False,False,False,False,False,False,False,False,False,False,False,False,False,True,False,False,1,18,0,2.0,0.0,6.0,2.0,False,abstract-level pattern match. NOT a read of the paper. Any case used as evidence must be opened and its numbers transcribed by hand.
PREDNISOLONE,42194698,PMC13207113,2026,Sirolimus Treatment for Complex Fetal and Neonatal Vascular Anomalies: Emerging Evidence and Safety Considerations.,,Y,False,False,False,False,False,False,False,False,False,False,False,False,False,False,False,False,False,False,False,False,False,False,False,False,False,False,False,False,False,False,False,False,True,False,False,0,18,0,2.0,0.0,6.0,2.0,False,abstract-level pattern match. NOT a read of the paper. Any case used as evidence must be opened and its numbers transcribed by hand.
LEVOTHYROXINE,39155058,PMC11834712,2025,Approach to the Child and Adolescent With Adrenal Insufficiency.,,Y,False,False,False,False,False,False,False,False,False,False,False,False,False,False,False,False,False,False,False,False,False,False,False,False,False,False,False,False,False,False,False,False,True,False,False,0,18,0,2.0,0.0,6.0,2.0,False,abstract-level pattern match. NOT a read of the paper. Any case used as evidence must be opened and its numbers transcribed by hand.
LEVOTHYROXINE,42041544,PMC13114338,2026,Endocrine Late Effects of Targeted and Immune-Based Therapies in Pediatric Oncology.,,Y,False,False,False,False,True,False,False,False,False,True,False,False,False,False,False,False,False,False,False,False,False,False,False,False,False,False,False,False,False,False,False,False,True,False,False,2,18,0,2.0,0.0,6.0,2.0,False,abstract-level pattern match. NOT a read of the paper. Any case used as evidence must be opened and its numbers transcribed by hand.
LEVOTHYROXINE,39935497,PMC11811638,2025,Co-Occurrence of Sotos Syndrome and Mayer-Rokitansky-Küster-Hauser (MRKH) Syndrome in 2 Patients.,,Y,True,False,False,False,True,False,False,False,False,False,False,False,False,False,False,False,False,False,False,False,False,False,False,False,False,False,False,False,False,False,False,False,True,False,False,2,18,0,2.0,0.0,6.0,2.0,False,abstract-level pattern match. NOT a read of the paper. Any case used as evidence must be opened and its numbers transcribed by hand.
PREDNISOLONE,41982806,PMC13075649,2026,"Japanese Clinical Practice Guidelines for Vascular Tumors, Vascular Malformations, Lymphatic Malformations, and Lymphangiomatosis 2022.",,Y,False,False,False,False,False,False,False,False,False,False,False,False,False,False,False,False,False,False,False,False,False,False,False,False,False,False,False,False,False,False,False,False,True,False,False,0,18,0,2.0,0.0,6.0,2.0,False,abstract-level pattern match. NOT a read of the paper. Any case used as evidence must be opened and its numbers transcribed by hand.
LEVOTHYROXINE,33669123,PMC7996546,2021,Central TSH Dysregulation in a Patient with Familial Non-Autoimmune Autosomal Dominant Hyperthyroidism Due to a Novel Thyroid-Stimulating Hormone Receptor Disease-Causing Variant.,,Y,False,False,False,False,False,False,False,False,False,False,False,False,False,False,False,False,False,False,False,False,False,False,False,False,False,False,False,False,False,False,False,False,True,False,False,0,18,0,2.0,0.0,6.0,2.0,False,abstract-level pattern match. NOT a read of the paper. Any case used as evidence must be opened and its numbers transcribed by hand.
LEVOTHYROXINE,35592897,PMC9816471,2022,Pituitary apoplexy in an adolescent male with macroprolactinoma presenting as middle cerebral artery territory infarction.,,Y,True,False,False,False,False,False,False,False,False,False,False,False,False,False,False,False,False,False,False,False,False,False,False,False,False,False,False,False,False,False,False,False,True,False,False,1,18,0,2.0,0.0,6.0,2.0,False,abstract-level pattern match. NOT a read of the paper. Any case used as evidence must be opened and its numbers transcribed by hand.
LEVOTHYROXINE,40382533,PMC12085842,2025,Individualized intervention and growth dynamics assessment in TRAP sequence with conjoined twins based on radiofrequency ablation.,,Y,False,False,False,False,False,False,False,False,False,False,False,False,False,False,False,False,False,False,False,False,False,False,False,False,False,False,False,False,False,False,False,False,True,False,False,0,18,0,2.0,0.0,6.0,2.0,False,abstract-level pattern match. NOT a read of the paper. Any case used as evidence must be opened and its numbers transcribed by hand.
ENOXAPARIN,,PMC7079845,2019,"Abstracts 2019 der GNPI und DGPI : 45. Jahrestagung der Gesellschaft für Neonatologie und Pädiatrische Intensivmedizin gemeinsam mit der 27. Jahrestagung der Deutschen Gesellschaft für Pädiatrische Infektiologie, 23.–25.",,Y,False,False,False,False,False,False,False,False,False,False,False,False,False,False,False,False,False,False,False,False,False,False,False,False,False,False,False,False,False,False,False,False,True,False,False,0,18,0,2.0,0.0,6.0,2.0,False,abstract-level pattern match. NOT a read of the paper. Any case used as evidence must be opened and its numbers transcribed by hand.
ENOXAPARIN,29224053,PMC7104019,2018,Spontaneous bacteremia and spontaneous bacterial peritonitis share similar prognosis in patients with cirrhosis: a cohort study.,,Y,False,False,False,False,False,False,False,False,False,False,False,False,False,False,False,False,False,False,False,False,False,False,False,False,False,False,False,False,False,False,False,False,True,False,False,0,18,0,2.0,0.0,6.0,2.0,False,abstract-level pattern match. NOT a read of the paper. Any case used as evidence must be opened and its numbers transcribed by hand.
PREDNISOLONE,42158853,PMC13180542,2026,Case Report: Treatment of refractory lung disease in systemic juvenile idiopathic arthritis with cyclophosphamide and rituximab combination therapy.,,Y,False,False,False,False,False,False,False,False,False,False,False,True,False,False,False,False,False,False,False,False,False,False,False,False,False,False,False,False,False,False,False,False,True,False,False,1,18,0,2.0,0.0,6.0,2.0,False,abstract-level pattern match. NOT a read of the paper. Any case used as evidence must be opened and its numbers transcribed by hand.
ENOXAPARIN,27284375,PMC4888015,2016,Giant elephantiasis neuromatosa in the setting of neurofibromatosis type 1: A case report.,,N,False,False,False,False,False,False,False,False,False,False,False,False,False,False,False,False,False,False,False,False,False,False,False,False,False,False,False,False,False,False,False,False,True,False,False,0,18,0,2.0,0.0,6.0,2.0,False,abstract-level pattern match. NOT a read of the paper. Any case used as evidence must be opened and its numbers transcribed by hand.
ENOXAPARIN,33738693,PMC7972945,2020,"61st Annual Conference of Indian Society of Gastroenterology, Virtual Diamond Jubilee ISGCON 2020, 19-20th December 2020.",,Y,False,False,False,False,False,False,False,False,False,False,False,False,False,False,False,False,False,False,False,False,False,False,False,False,False,False,False,False,False,False,False,False,True,False,False,0,18,0,2.0,0.0,6.0,2.0,False,abstract-level pattern match. NOT a read of the paper. Any case used as evidence must be opened and its numbers transcribed by hand.
ENOXAPARIN,33658881,PMC7920619,2021,Management of Sickle Cell Disease Complications Beyond Acute Chest Syndrome.,,Y,False,False,False,False,False,False,False,False,False,False,False,False,False,False,False,False,False,False,False,False,False,False,False,False,False,False,False,False,False,False,False,False,True,False,False,0,18,0,2.0,0.0,6.0,2.0,False,abstract-level pattern match. NOT a read of the paper. Any case used as evidence must be opened and its numbers transcribed by hand.
ENOXAPARIN,29603868,PMC7167873,2018,"American Society of Pediatric Hematology/Oncology (ASPHO), David L. Lawrence Convention Center, Pittsburgh, PA, May 2-5, 2018.",,N,False,False,False,False,False,False,False,False,False,False,False,False,False,False,False,False,False,False,False,False,False,False,False,False,False,False,False,False,False,False,False,False,True,False,False,0,18,0,2.0,0.0,6.0,2.0,False,abstract-level pattern match. NOT a read of the paper. Any case used as evidence must be opened and its numbers transcribed by hand.
LEVOTHYROXINE,41606799,PMC13271778,2026,Clinical spectrum of extreme insulin resistance syndromes treated with rhIGF-1: A single-center experience.,,Y,False,False,False,False,False,False,False,False,False,False,False,False,False,False,False,False,False,False,False,False,False,False,False,False,False,False,False,False,False,False,False,False,True,False,False,0,18,0,2.0,0.0,6.0,2.0,False,abstract-level pattern match. NOT a read of the paper. Any case used as evidence must be opened and its numbers transcribed by hand.
PREDNISOLONE,42273604,PMC13247302,2026,Rituximab as a Steroid-Sparing Therapy in Pediatric Idiopathic Pulmonary Hemosiderosis: A Case Report.,,Y,False,False,False,False,False,False,False,False,False,False,False,False,False,False,False,False,False,False,False,False,False,False,False,False,False,False,False,False,False,False,False,False,True,False,False,0,18,0,2.0,0.0,6.0,2.0,False,abstract-level pattern match. NOT a read of the paper. Any case used as evidence must be opened and its numbers transcribed by hand.
PREDNISOLONE,41147060,PMC12559871,2025,A 16-Year-Old with a Mycoplasma hominis Empyema Post-Lung Transplantation: A Case Report.,,Y,True,False,False,False,False,False,False,False,False,False,False,False,False,False,False,False,False,False,False,False,False,False,False,False,False,False,False,False,False,False,False,False,True,False,False,1,18,0,2.0,0.0,6.0,2.0,False,abstract-level pattern match. NOT a read of the paper. Any case used as evidence must be opened and its numbers transcribed by hand.
PREDNISOLONE,41217125,PMC12617399,2025,An unusual presentation of longstanding atrophic Hashimoto's thyroiditis: challenges in a resource-limited setting.,,Y,True,False,False,False,False,False,False,False,False,False,False,False,False,False,False,False,False,False,False,False,False,False,False,False,False,False,False,False,False,False,False,False,True,False,False,1,18,0,2.0,0.0,6.0,2.0,False,abstract-level pattern match. NOT a read of the paper. Any case used as evidence must be opened and its numbers transcribed by hand.
PREDNISOLONE,40979675,PMC12449865,2025,Metronomic Chemotherapy in the Treatment of Infantile Parotid Hemangioma - A Case Report.,,Y,False,False,False,False,False,False,False,False,False,False,False,False,False,False,False,False,False,False,False,False,False,False,False,False,False,False,False,False,False,False,False,False,True,False,False,0,18,0,2.0,0.0,6.0,2.0,False,abstract-level pattern match. NOT a read of the paper. Any case used as evidence must be opened and its numbers transcribed by hand.
PREDNISOLONE,41736989,PMC12927787,2026,"Oral Necrotizing Ulcerations in Acute Leukemia Patients: Clinical Characteristics, Integrated Management, and Favorable Outcomes - A Case Series.",,Y,True,False,False,False,False,False,False,False,False,False,False,False,False,False,False,False,False,False,False,False,False,False,False,False,False,False,False,False,False,False,False,False,True,False,False,1,18,0,2.0,0.0,6.0,2.0,False,abstract-level pattern match. NOT a read of the paper. Any case used as evidence must be opened and its numbers transcribed by hand.
ENOXAPARIN,24293983,PMC3578618,2012,Klippel-trenaunay syndrome: an often overlooked risk factor for venous thromboembolic disease.,,N,False,False,False,False,False,False,False,False,False,False,False,False,False,False,True,False,False,False,False,False,False,False,False,False,False,False,False,False,False,False,False,False,True,False,False,1,18,0,2.0,0.0,6.0,2.0,False,abstract-level pattern match. NOT a read of the paper. Any case used as evidence must be opened and its numbers transcribed by hand.
ENOXAPARIN,27932335,PMC5168661,2016,Multicentre randomised placebo-controlled trial of oral anticoagulation with apixaban in systemic sclerosis-related pulmonary arterial hypertension: the SPHInX study protocol.,,Y,False,False,False,False,False,False,False,False,False,False,False,False,False,False,False,False,False,False,False,False,False,False,False,False,False,False,False,False,False,False,False,False,True,False,False,0,18,0,2.0,0.0,6.0,2.0,False,abstract-level pattern match. NOT a read of the paper. Any case used as evidence must be opened and its numbers transcribed by hand.
ENOXAPARIN,,PMC2911561,2010,"PROCEEDINGS OF THE BPS CLINICAL PHARMACOLOGICAL SECTION 15–17 DECEMBER 2009 QUEEN ELIZABETH II CONFERENCE CENTRE, LONDON",,N,False,False,False,False,False,False,False,False,False,False,False,False,False,False,False,False,False,False,False,False,False,False,False,False,False,False,False,False,False,False,False,False,True,False,False,0,18,0,2.0,0.0,6.0,2.0,False,abstract-level pattern match. NOT a read of the paper. Any case used as evidence must be opened and its numbers transcribed by hand.
ALBUTEROL,32181043,PMC7063221,2020,Assessment of Bronchiectasis in HIV Patients among an Urban Population.,,Y,False,False,False,False,False,False,False,False,False,False,False,False,False,False,False,False,False,False,False,False,False,False,False,False,False,False,False,False,False,False,False,False,True,False,False,0,18,0,2.0,0.0,6.0,2.0,False,abstract-level pattern match. NOT a read of the paper. Any case used as evidence must be opened and its numbers transcribed by hand.
ALBUTEROL,33013846,PMC7498628,2020,A Race Against Time-Changing the Natural History of CRIM Negative Infantile Pompe Disease.,,Y,True,False,False,False,False,False,False,False,False,False,False,False,False,False,False,False,False,False,False,False,False,False,False,False,False,False,False,False,False,False,False,False,True,False,False,1,18,0,2.0,0.0,6.0,2.0,False,abstract-level pattern match. NOT a read of the paper. Any case used as evidence must be opened and its numbers transcribed by hand.
ENOXAPARIN,28863244,PMC7167988,2017,"Abstracts From the 49th Congress of the International Society of Paediatric Oncology (SIOP) Washington, DC, USA October 12-15, 2017.",,N,False,False,False,False,False,False,False,False,False,False,False,False,False,False,False,False,False,False,False,False,False,False,False,False,False,False,False,False,False,False,False,False,True,False,False,0,18,0,2.0,0.0,6.0,2.0,False,abstract-level pattern match. NOT a read of the paper. Any case used as evidence must be opened and its numbers transcribed by hand.
LEVOTHYROXINE,41064600,PMC12504001,2025,Severe Phenotype of De Novo TSHR Activating Pathogenic Variants.,,Y,True,False,False,False,False,False,False,False,False,False,False,False,False,False,True,False,False,False,False,False,False,False,False,False,False,False,False,False,False,False,False,False,True,False,False,2,18,0,2.0,0.0,6.0,2.0,False,abstract-level pattern match. NOT a read of the paper. Any case used as evidence must be opened and its numbers transcribed by hand.
LEVOTHYROXINE,37926822,PMC10626719,2023,Atypical presentations of primary acquired hypothyroidism - a case series.,,Y,False,False,False,False,True,False,False,False,False,False,False,False,True,False,False,False,False,False,False,False,False,False,False,False,False,False,False,False,False,False,False,False,True,False,False,2,18,0,2.0,0.0,6.0,2.0,False,abstract-level pattern match. NOT a read of the paper. Any case used as evidence must be opened and its numbers transcribed by hand.
LEVOTHYROXINE,40490796,PMC12150451,2025,Multi-locus methylation analyses reveal GNAS methylation defects in three patients with the Beckwith-Wiedemann syndrome phenotype and no molecular defects in the 11p15.5 imprinted region.,,Y,False,False,False,False,False,False,False,False,False,False,False,False,False,False,False,False,False,False,False,False,False,False,False,False,False,False,False,False,False,False,False,False,True,False,False,0,18,0,2.0,0.0,6.0,2.0,False,abstract-level pattern match. NOT a read of the paper. Any case used as evidence must be opened and its numbers transcribed by hand.
AMINO ACIDS,39937242,PMC12010961,2025,Cancer and Overgrowth Manifestations of PTEN Hamartoma Tumor Syndrome: Management Recommendations from the International PHTS Consensus Guidelines Working Group.,,Y,False,False,False,False,False,False,False,False,False,False,False,False,False,False,False,False,False,False,False,False,False,False,False,False,False,False,False,False,False,False,False,False,True,False,False,0,18,0,2.0,0.0,6.0,2.0,False,abstract-level pattern match. NOT a read of the paper. Any case used as evidence must be opened and its numbers transcribed by hand.
AMINO ACIDS,41556274,PMC13060567,2026,Rare heterozygous de novo variants in RAPGEF2 are associated with a neurodevelopmental disorder.,,N,False,False,False,False,False,False,False,False,False,False,False,False,False,False,False,False,False,False,False,False,False,False,False,False,False,False,False,False,False,False,False,False,True,False,False,0,18,0,2.0,0.0,6.0,2.0,False,abstract-level pattern match. NOT a read of the paper. Any case used as evidence must be opened and its numbers transcribed by hand.
AMINO ACIDS,40863113,PMC12388524,2025,Sex Hormone-Binding Globulin and Metabolic Syndrome in Children and Adolescents: A Focus on Puberty.,,Y,False,False,False,False,True,False,False,False,False,False,False,False,False,False,False,False,False,False,False,False,False,False,False,False,False,False,False,False,False,False,False,False,True,False,False,1,18,0,2.0,0.0,6.0,2.0,False,abstract-level pattern match. NOT a read of the paper. Any case used as evidence must be opened and its numbers transcribed by hand.
AMINO ACIDS,41981708,PMC13079795,2026,International Forum on Visceral Myopathy 2024: Advances in the Knowledge of the Disease.,,Y,False,False,False,False,False,False,False,False,False,False,False,False,False,False,False,False,False,False,False,False,False,False,False,False,False,False,False,False,False,False,False,False,True,False,False,0,18,0,2.0,0.0,6.0,2.0,False,abstract-level pattern match. NOT a read of the paper. Any case used as evidence must be opened and its numbers transcribed by hand.
LEVOTHYROXINE,40618300,PMC12378660,2025,Effective Sirolimus Use in Prenatal and Postnatal Management of Symptomatic Extensive Congenital Capillary-Lymphatic-Venous Malformations (CLVMs): A Report of Two Cases.,,Y,True,False,False,False,False,False,False,False,False,False,False,False,False,False,False,False,False,False,False,False,False,False,False,False,False,False,False,False,False,False,False,False,True,False,False,1,18,0,2.0,0.0,6.0,2.0,False,abstract-level pattern match. NOT a read of the paper. Any case used as evidence must be opened and its numbers transcribed by hand.
LEVOTHYROXINE,37516895,PMC10387197,2023,Autoimmune adrenal insufficiency in children: a hint for polyglandular syndrome type 2?,,Y,True,False,False,False,False,False,False,False,False,False,True,False,False,False,False,False,False,False,False,False,False,False,False,False,False,False,False,False,False,False,False,False,True,False,False,2,18,0,2.0,0.0,6.0,2.0,False,abstract-level pattern match. NOT a read of the paper. Any case used as evidence must be opened and its numbers transcribed by hand.
LEVOTHYROXINE,40682152,PMC12275445,2025,"Prenatal pembrolizumab exposure as the potential link among recurrent necrotizing enterocolitis, neonatal diabetes mellitus and exocrine pancreatic insufficiency: a case report.",,Y,False,False,False,False,False,False,False,False,False,False,False,False,False,False,False,False,False,False,False,False,False,False,False,False,False,False,False,False,False,False,False,False,True,False,False,0,18,0,2.0,0.0,6.0,2.0,False,abstract-level pattern match. NOT a read of the paper. Any case used as evidence must be opened and its numbers transcribed by hand.
LEVOTHYROXINE,39109310,PMC11300814,2024,A rare case of pituitary stalk interruption syndrome (PSIS) presenting as short stature in an 8-year-old female.,,Y,True,False,False,False,False,False,False,False,False,False,False,False,False,False,False,False,False,False,False,False,False,False,False,False,False,False,False,False,False,False,False,False,True,False,False,1,18,0,2.0,0.0,6.0,2.0,False,abstract-level pattern match. NOT a read of the paper. Any case used as evidence must be opened and its numbers transcribed by hand.
LEVOTHYROXINE,42254324,PMC13240379,2026,A Case of Pallister-Killian Syndrome in a Newborn.,,Y,False,False,False,False,False,False,False,False,False,False,False,False,False,False,False,False,False,False,False,False,False,False,False,False,False,False,False,False,False,False,False,False,True,False,False,0,18,0,2.0,0.0,6.0,2.0,False,abstract-level pattern match. NOT a read of the paper. Any case used as evidence must be opened and its numbers transcribed by hand.
LEVOTHYROXINE,39022268,PMC11250296,2024,Ultrasound-guided microwave ablation combined with Lugol's solution for preoperative preparation in the treatment of refractory pediatric hyperthyroidism: a description of two cases.,,Y,False,False,False,False,False,False,False,False,False,False,False,False,False,False,False,False,False,False,False,False,False,False,False,False,False,False,False,False,False,False,False,False,True,False,False,0,18,0,2.0,0.0,6.0,2.0,False,abstract-level pattern match. NOT a read of the paper. Any case used as evidence must be opened and its numbers transcribed by hand.
LEVOTHYROXINE,37946725,PMC10631832,2023,Papillary Thyroid Carcinoma in a Pediatric Patient With β-Thalassemia.,,Y,False,False,False,False,False,False,False,False,False,False,False,False,False,False,False,False,False,False,False,False,False,False,False,False,False,False,False,False,False,False,False,False,True,False,False,0,18,0,2.0,0.0,6.0,2.0,False,abstract-level pattern match. NOT a read of the paper. Any case used as evidence must be opened and its numbers transcribed by hand.
LEVOTHYROXINE,35754571,PMC9196775,2022,Van Wyk-Grumbach syndrome and trisomy 21.,,N,True,False,False,False,True,True,False,False,False,False,False,False,False,False,False,False,False,False,False,False,False,False,False,False,False,False,False,False,False,False,False,False,True,False,False,3,18,0,2.0,0.0,6.0,2.0,False,abstract-level pattern match. NOT a read of the paper. Any case used as evidence must be opened and its numbers transcribed by hand.
LEVOTHYROXINE,38790549,PMC11119934,2024,Use of an Orthodontic and Otolaryngological Approach in an Infant with Holoprosencephaly.,,Y,False,False,False,False,False,False,False,False,False,False,False,False,False,False,True,False,False,False,False,False,False,False,False,False,False,False,False,False,False,False,False,False,True,False,False,1,18,0,2.0,0.0,6.0,2.0,False,abstract-level pattern match. NOT a read of the paper. Any case used as evidence must be opened and its numbers transcribed by hand.
LEVOTHYROXINE,34350334,PMC8319649,2021,Sotos syndrome with a novel mutation in the <i>NSD1</i> gene associated with congenital hypothyroidism.,,Y,False,False,False,False,False,False,False,False,False,True,False,False,False,False,True,False,False,False,False,False,False,False,False,False,False,False,False,False,False,False,False,False,True,False,False,2,18,0,2.0,0.0,6.0,2.0,False,abstract-level pattern match. NOT a read of the paper. Any case used as evidence must be opened and its numbers transcribed by hand.
LEVOTHYROXINE,41751424,PMC12939867,2026,Exploring Autosomal Dominant Non-Syndromic Monogenic Obesity: From Genes to Therapy.,,Y,False,False,False,False,False,False,False,False,False,False,False,False,False,False,False,False,False,False,False,False,False,False,False,False,False,False,False,False,False,False,False,False,True,False,False,0,18,0,2.0,0.0,6.0,2.0,False,abstract-level pattern match. NOT a read of the paper. Any case used as evidence must be opened and its numbers transcribed by hand.
ENOXAPARIN,40325291,PMC12414646,2025,Dual Role of Natural Killer Cells in Early Pregnancy: Immunopathological Implications and Therapeutic Potential in Recurrent Spontaneous Abortion and Recurrent Implantation Failure.,,Y,False,False,False,False,False,False,False,False,False,False,False,False,False,False,False,False,False,False,False,False,False,False,False,False,False,False,False,False,False,False,False,False,True,False,False,0,18,0,2.0,0.0,6.0,2.0,False,abstract-level pattern match. NOT a read of the paper. Any case used as evidence must be opened and its numbers transcribed by hand.
ENOXAPARIN,23763601,PMC4063279,2013,Combined pancreatic islet and kidney transplantation in a child with unstable type 1 diabetes and end-stage renal disease.,,N,True,False,False,False,False,False,False,False,False,False,False,False,False,False,False,False,False,False,False,False,False,False,False,False,False,False,False,False,False,False,False,False,True,False,False,1,18,0,2.0,0.0,6.0,2.0,False,abstract-level pattern match. NOT a read of the paper. Any case used as evidence must be opened and its numbers transcribed by hand.
ENOXAPARIN,33724545,PMC8251147,2021,Counseling in maternal-fetal medicine: SARS-CoV-2 infection in pregnancy.,,N,False,False,False,False,False,False,False,False,False,False,False,False,False,False,False,False,False,False,False,False,False,False,False,False,False,False,False,False,False,False,False,False,True,False,False,0,18,0,2.0,0.0,6.0,2.0,False,abstract-level pattern match. NOT a read of the paper. Any case used as evidence must be opened and its numbers transcribed by hand.
LEVOTHYROXINE,39376371,PMC11456063,2024,Pediatric Graves' Disease: Surgical Interventions in a Single Institution - A Comprehensive Case Series.,,N,False,False,False,False,False,False,False,False,False,False,False,False,False,False,False,False,False,False,False,False,False,False,False,False,False,False,False,False,False,False,False,False,True,False,False,0,18,0,2.0,0.0,6.0,2.0,False,abstract-level pattern match. NOT a read of the paper. Any case used as evidence must be opened and its numbers transcribed by hand.
AMINO ACIDS,,PMC13302150,2026,Capillary Malformation–Arteriovenous Malformation Syndrome Associated with RASA1 and EPHB4 Mutations: Comparative Case Series and Narrative Review,,Y,False,False,False,False,False,False,False,False,False,False,False,False,False,False,False,False,False,False,False,False,False,False,False,False,False,False,False,False,False,False,False,False,True,False,False,0,18,0,2.0,0.0,6.0,2.0,False,abstract-level pattern match. NOT a read of the paper. Any case used as evidence must be opened and its numbers transcribed by hand.
MONTELUKAST,21359088,PMC3041716,2011,Executive summary of respiratory indications for polysomnography in children: an evidence-based review.,,N,False,False,False,False,False,False,False,False,False,False,False,False,False,False,False,False,False,False,False,False,False,False,False,False,False,False,False,False,False,False,False,False,True,False,False,0,18,0,2.0,0.0,6.0,2.0,False,abstract-level pattern match. NOT a read of the paper. Any case used as evidence must be opened and its numbers transcribed by hand.
MONTELUKAST,21812866,PMC3192917,2011,Urban legends: recurrent aphthous stomatitis.,,N,False,False,False,False,False,False,False,False,False,False,False,False,False,False,False,False,False,False,False,False,False,False,False,False,False,False,False,False,False,False,False,False,True,False,False,0,18,0,2.0,0.0,6.0,2.0,False,abstract-level pattern match. NOT a read of the paper. Any case used as evidence must be opened and its numbers transcribed by hand.
MONTELUKAST,17252034,PMC1484525,2006,Cronkhite-Canada syndrome presenting as eosinophilic gastroenteritis.,,N,False,False,False,False,False,False,False,False,False,True,False,False,False,False,False,False,False,False,False,False,False,False,False,False,False,False,False,False,False,False,False,False,True,False,False,1,18,0,2.0,0.0,6.0,2.0,False,abstract-level pattern match. NOT a read of the paper. Any case used as evidence must be opened and its numbers transcribed by hand.
MONTELUKAST,32214492,PMC7079986,2016,"Abstracts der 112. Jahrestagung der Deutschen Gesellschaft für Kinder- und Jugendmedizin (DGKJ). Gemeinsam mit der 68. Jahrestagung der Deutschen Gesellschaft für Sozialpädiatrie (DGSPJ), 54. Herbsttagung der Deutschen G",,Y,False,False,False,False,False,False,False,False,False,False,False,False,False,False,False,False,False,False,False,False,False,False,False,False,False,False,False,False,False,False,False,False,True,False,False,0,18,0,2.0,0.0,6.0,2.0,False,abstract-level pattern match. NOT a read of the paper. Any case used as evidence must be opened and its numbers transcribed by hand.
AMINO ACIDS,38050304,PMC10695627,2023,Sotos syndrome treated with traditional Chinese medicine and rehabilitation: Case report.,,Y,True,False,False,False,False,False,False,False,False,False,False,False,False,False,False,False,False,False,False,False,False,False,False,False,False,False,False,False,False,False,False,False,True,False,False,1,18,0,2.0,0.0,6.0,2.0,False,abstract-level pattern match. NOT a read of the paper. Any case used as evidence must be opened and its numbers transcribed by hand.
AMINO ACIDS,41047347,PMC12819064,2026,Medullary thyroid carcinoma exclusively associated with a homozygous RET V778I pathogenic variant: a case report with review of literature.,,Y,True,False,False,False,False,False,False,False,False,False,False,False,False,False,False,False,False,False,False,False,False,False,False,False,False,False,False,False,False,False,False,False,True,False,False,1,18,0,2.0,0.0,6.0,2.0,False,abstract-level pattern match. NOT a read of the paper. Any case used as evidence must be opened and its numbers transcribed by hand.
AMINO ACIDS,40584514,PMC12188580,2025,Hereditary chronic intestinal pseudo-obstruction caused by a rare &lt;i&gt;MYH11&lt;/i&gt; mutation: A case report.,,Y,False,False,False,False,False,False,False,False,False,True,False,False,False,False,False,False,False,False,False,False,False,False,False,False,False,False,False,False,False,False,False,False,True,False,False,1,18,0,2.0,0.0,6.0,2.0,False,abstract-level pattern match. NOT a read of the paper. Any case used as evidence must be opened and its numbers transcribed by hand.
AMINO ACIDS,41486137,PMC12866589,2026,A novel pathogenic mutation in TSPEAR associated with sensorineural hearing loss: a case report and review of the literature.,,Y,True,False,False,False,False,False,False,False,False,False,False,False,False,False,True,False,False,False,False,False,False,False,False,False,False,False,False,False,False,False,False,False,True,False,False,2,18,0,2.0,0.0,6.0,2.0,False,abstract-level pattern match. NOT a read of the paper. Any case used as evidence must be opened and its numbers transcribed by hand.
MONTELUKAST,21559853,PMC6730977,2011,"Building 21st Century medicine through education, research, policy and practice. Abstracts of the Society of General Internal Medicine 34th Annual Meeting. Phoenix, Arizona. May 4-7, 2011.",,Y,False,False,False,False,False,False,False,False,False,False,False,False,False,False,False,False,False,False,False,False,False,False,False,False,False,False,False,False,False,False,False,False,True,False,False,0,18,0,2.0,0.0,6.0,2.0,False,abstract-level pattern match. NOT a read of the paper. Any case used as evidence must be opened and its numbers transcribed by hand.
AMINO ACIDS,41751498,PMC12939336,2026,"Epigenetic, Genetic, and Functional Germline Alterations of &lt;i&gt;PAX&lt;/i&gt; Genes in Human Pathology: A Comprehensive Update.",,Y,False,False,False,False,False,False,False,False,False,False,False,False,False,False,False,False,False,False,False,False,False,False,False,False,False,False,False,False,False,False,False,False,True,False,False,0,18,0,2.0,0.0,6.0,2.0,False,abstract-level pattern match. NOT a read of the paper. Any case used as evidence must be opened and its numbers transcribed by hand.
MONTELUKAST,15107043,PMC1492602,2004,"Abstracts of the 27th Annual Meeting of the Society of General Internal Medicine. Chicago, Illinois, USA, 12-15 May, 2004.",,Y,False,False,False,False,False,False,False,False,False,False,False,False,False,False,False,False,False,False,False,False,False,False,False,False,False,False,False,False,False,False,False,False,True,False,False,0,18,0,2.0,0.0,6.0,2.0,False,abstract-level pattern match. NOT a read of the paper. Any case used as evidence must be opened and its numbers transcribed by hand.
MONTELUKAST,17703327,PMC1484878,2006,"Abstracts of the Society of General Internal Medicine 29th Annual Meeting, April 26-29, 2006, Los Angeles, California, USA.",,Y,False,False,False,False,False,False,False,False,False,False,False,False,False,False,False,False,False,False,False,False,False,False,False,False,False,False,False,False,False,False,False,False,True,False,False,0,18,0,2.0,0.0,6.0,2.0,False,abstract-level pattern match. NOT a read of the paper. Any case used as evidence must be opened and its numbers transcribed by hand.
MONTELUKAST,36159014,PMC9453768,2022,Evidence-based pathogenesis and treatment of ulcerative colitis: A causal role for colonic epithelial hydrogen peroxide.,,Y,False,False,False,False,False,False,False,False,False,False,False,False,False,False,False,False,False,False,False,False,False,False,False,False,False,False,False,False,False,False,False,False,True,False,False,0,18,0,2.0,0.0,6.0,2.0,False,abstract-level pattern match. NOT a read of the paper. Any case used as evidence must be opened and its numbers transcribed by hand.
MONTELUKAST,22536582,PMC3373283,2012,"Canadian Thoracic Society 2012 guideline update: diagnosis and management of asthma in preschoolers, children and adults.",,N,False,False,False,False,False,False,False,False,False,False,False,False,False,False,False,False,False,False,False,False,False,False,False,False,False,False,False,False,False,False,False,False,True,False,False,0,18,0,2.0,0.0,6.0,2.0,False,abstract-level pattern match. NOT a read of the paper. Any case used as evidence must be opened and its numbers transcribed by hand.
MONTELUKAST,15144561,PMC425596,2004,Eosinophilia in a patient with cyclical vomiting: a case report.,,Y,True,False,False,False,False,False,False,False,False,True,False,False,False,False,False,False,False,False,False,False,False,False,False,False,False,False,False,False,False,False,False,False,True,False,False,2,18,0,2.0,0.0,6.0,2.0,False,abstract-level pattern match. NOT a read of the paper. Any case used as evidence must be opened and its numbers transcribed by hand.
MONTELUKAST,30018981,PMC6029485,2018,Insulin-Like Growth Factor-1 Signaling in Lung Development and Inflammatory Lung Diseases.,,Y,False,False,False,False,False,False,False,True,False,False,False,False,False,False,False,False,False,False,False,False,False,False,False,False,False,False,False,False,False,False,False,False,True,False,False,1,18,0,2.0,0.0,6.0,2.0,False,abstract-level pattern match. NOT a read of the paper. Any case used as evidence must be opened and its numbers transcribed by hand.
AMINO ACIDS,39414991,PMC11762408,2025,Novel homozygous ESAM variants in two families with perinatal strokes showing variable neuroradiologic and clinical findings.,,Y,False,False,False,False,False,False,False,False,False,False,False,False,False,False,False,False,False,False,False,False,False,False,False,False,False,False,False,False,False,False,False,False,True,False,False,0,18,0,2.0,0.0,6.0,2.0,False,abstract-level pattern match. NOT a read of the paper. Any case used as evidence must be opened and its numbers transcribed by hand.
AMINO ACIDS,38411873,,2024,Non-classical 11β-hydroxylase deficiency caused by a novel heterozygous mutation: a case report and review of the literature.,,N,True,False,False,False,True,True,False,False,False,False,False,False,False,False,False,False,False,False,False,False,False,False,False,False,False,False,False,False,False,False,False,False,True,False,False,3,18,0,2.0,0.0,6.0,2.0,False,abstract-level pattern match. NOT a read of the paper. Any case used as evidence must be opened and its numbers transcribed by hand.
AMINO ACIDS,39334216,PMC11437795,2024,A long way to syndromic short stature.,,Y,False,False,False,False,False,False,False,False,False,False,False,False,False,False,False,False,False,False,False,False,False,False,False,False,False,False,False,False,False,False,False,False,True,False,False,0,18,0,2.0,0.0,6.0,2.0,False,abstract-level pattern match. NOT a read of the paper. Any case used as evidence must be opened and its numbers transcribed by hand.
AMINO ACIDS,40035441,PMC11877552,2025,A Mutation in the ANK2 Gene Causing ASD and a Review of the Literature.,,Y,False,False,False,False,False,False,False,False,False,False,False,False,False,False,False,False,False,False,False,False,False,False,False,False,False,False,False,False,False,False,False,False,True,False,False,0,18,0,2.0,0.0,6.0,2.0,False,abstract-level pattern match. NOT a read of the paper. Any case used as evidence must be opened and its numbers transcribed by hand.
MONTELUKAST,18351425,PMC2270373,2008,"Abstracts from the 31st Annual Meeting of the Society of General Internal Medicine. April 9-12, 2008. Pittsburgh, Pennsylvania, USA.",,N,False,False,False,False,False,False,False,False,False,False,False,False,False,False,False,False,False,False,False,False,False,False,False,False,False,False,False,False,False,False,False,False,True,False,False,0,18,0,2.0,0.0,6.0,2.0,False,abstract-level pattern match. NOT a read of the paper. Any case used as evidence must be opened and its numbers transcribed by hand.
MONTELUKAST,38610873,PMC11012248,2024,The Role of Telemedicine in Children with Obstructive Sleep Apnea Syndrome (OSAS): A Review of the Literature.,,Y,False,False,False,False,False,False,False,False,False,False,False,False,False,False,False,False,False,False,False,False,False,False,False,False,False,False,False,False,False,False,False,False,True,False,False,0,18,0,2.0,0.0,6.0,2.0,False,abstract-level pattern match. NOT a read of the paper. Any case used as evidence must be opened and its numbers transcribed by hand.
MONTELUKAST,28440920,PMC7167696,2017,Pediatric pulmonology year in review 2016: Part 2.,,N,False,False,False,False,False,False,False,False,False,False,False,False,False,False,False,False,False,False,False,False,False,False,False,False,False,False,False,False,False,False,False,False,True,False,False,0,18,0,2.0,0.0,6.0,2.0,False,abstract-level pattern match. NOT a read of the paper. Any case used as evidence must be opened and its numbers transcribed by hand.
MONTELUKAST,34640558,PMC8509766,2021,Anti-Obesity Medication Use in Children and Adolescents with Prader-Willi Syndrome: Case Review and Literature Search.,,Y,False,False,False,False,False,False,False,False,False,True,False,False,False,False,False,False,False,False,False,False,False,False,False,False,False,False,False,False,False,False,False,False,True,False,False,1,18,0,2.0,0.0,6.0,2.0,False,abstract-level pattern match. NOT a read of the paper. Any case used as evidence must be opened and its numbers transcribed by hand.
MONTELUKAST,35252060,PMC8894895,2022,Management of Chronic Graft-vs.-Host Disease in Children and Adolescents With ALL: Present Status and Model for a Personalised Management Plan.,,Y,False,False,False,False,False,False,False,False,False,False,False,False,False,False,False,False,False,False,False,False,False,False,False,False,False,False,False,False,False,False,False,False,True,False,False,0,18,0,2.0,0.0,6.0,2.0,False,abstract-level pattern match. NOT a read of the paper. Any case used as evidence must be opened and its numbers transcribed by hand.
MONTELUKAST,34588941,PMC8475801,2021,Supratherapeutic Posaconazole Concentration in a Pediatric Transplant Patient With Confirmed <i>Rhizopus</i> Infection.,,N,True,False,False,False,False,False,False,False,False,False,False,False,False,False,False,False,False,False,False,False,False,False,False,False,False,False,False,False,False,False,False,False,True,False,False,1,18,0,2.0,0.0,6.0,2.0,False,abstract-level pattern match. NOT a read of the paper. Any case used as evidence must be opened and its numbers transcribed by hand.
MONTELUKAST,33673586,PMC7997222,2021,Etiology and Management of Pediatric Intestinal Failure: Focus on the Non-Digestive Causes.,,Y,False,False,False,False,False,False,False,False,False,True,False,False,False,False,False,False,False,False,False,False,False,False,False,False,False,False,False,False,False,False,False,False,True,False,False,1,18,0,2.0,0.0,6.0,2.0,False,abstract-level pattern match. NOT a read of the paper. Any case used as evidence must be opened and its numbers transcribed by hand.
MONTELUKAST,31416456,PMC6694633,2019,Management of chronic urticaria in children: a clinical guideline.,,Y,False,False,False,False,False,False,False,False,False,False,False,False,False,False,False,False,False,False,False,False,False,False,False,False,False,False,False,False,False,False,False,False,True,False,False,0,18,0,2.0,0.0,6.0,2.0,False,abstract-level pattern match. NOT a read of the paper. Any case used as evidence must be opened and its numbers transcribed by hand.
MONTELUKAST,39559520,PMC11571393,2023,Narrative Review of Postural Orthostatic Tachycardia Syndrome: Associated Conditions and Management Strategies.,,Y,False,False,False,False,False,False,False,False,False,False,False,False,False,False,False,False,False,False,False,False,False,False,False,False,False,False,False,False,False,False,False,False,True,False,False,0,18,0,2.0,0.0,6.0,2.0,False,abstract-level pattern match. NOT a read of the paper. Any case used as evidence must be opened and its numbers transcribed by hand.
AMINO ACIDS,39839754,PMC11744041,2025,"Ambiguous Genitalia Due to 3β-Hydroxysteroid Dehydrogenase Type 2 Deficiency: Clinical, Genetic, and Functional Characterization of Two Novel <i>HSD3B2</i> Variants.",,Y,False,False,False,False,True,False,False,False,False,False,False,True,False,False,False,False,False,False,False,False,False,False,False,False,False,False,False,False,False,False,False,False,True,False,False,2,18,0,2.0,0.0,6.0,2.0,False,abstract-level pattern match. NOT a read of the paper. Any case used as evidence must be opened and its numbers transcribed by hand.
AMINO ACIDS,41122306,PMC12536208,2025,DRP2 Mutation in Familial Autism Spectrum Disorder: A Case Report of 2 Consanguineous Patients.,,Y,True,False,False,False,False,False,False,False,False,False,False,False,False,False,False,False,False,False,False,False,False,False,False,False,False,False,False,False,False,False,False,False,True,False,False,1,18,0,2.0,0.0,6.0,2.0,False,abstract-level pattern match. NOT a read of the paper. Any case used as evidence must be opened and its numbers transcribed by hand.
AMINO ACIDS,41409306,PMC12707956,2025,A Novel &lt;i&gt;KMT5B&lt;/i&gt; Frameshift Variant Presenting with Autism and Psychiatric Features: Intrafamilial Phenotypic Variation - A Case Report.,,N,False,False,False,False,False,False,False,False,False,False,False,False,False,False,False,False,False,False,False,False,False,False,False,False,False,False,False,False,False,False,False,False,True,False,False,0,18,0,2.0,0.0,6.0,2.0,False,abstract-level pattern match. NOT a read of the paper. Any case used as evidence must be opened and its numbers transcribed by hand.
AMINO ACIDS,41367531,PMC12683426,2025,Jordan syndrome due to &lt;i&gt;PPP2R5D&lt;/i&gt; gene mutation: a report of two pediatric cases and literature review.,,Y,False,False,False,False,False,False,False,False,False,False,False,False,False,False,False,False,False,False,False,False,False,False,False,False,False,False,False,False,False,False,False,False,True,False,False,0,18,0,2.0,0.0,6.0,2.0,False,abstract-level pattern match. NOT a read of the paper. Any case used as evidence must be opened and its numbers transcribed by hand.
AMINO ACIDS,41153407,PMC12563888,2025,Familial &lt;i&gt;NSD1&lt;/i&gt; Exon 3 Deletion Associated with Phenotypic and Epigenetic Variability.,,Y,False,False,False,False,False,False,False,False,False,False,False,False,False,False,False,False,False,False,False,False,False,False,False,False,False,False,False,False,False,False,False,False,True,False,False,0,18,0,2.0,0.0,6.0,2.0,False,abstract-level pattern match. NOT a read of the paper. Any case used as evidence must be opened and its numbers transcribed by hand.
AMINO ACIDS,41300605,PMC12650869,2025,From Overgrowth to Complex Malformations: A Novel &lt;i&gt;EZH2&lt;/i&gt; Variant Reveals the Expanding Clinical Spectrum of Weaver Syndrome.,,Y,True,False,False,False,False,False,False,False,False,False,False,False,False,False,True,False,False,False,False,False,False,False,False,False,False,False,False,False,False,False,False,False,True,False,False,2,18,0,2.0,0.0,6.0,2.0,False,abstract-level pattern match. NOT a read of the paper. Any case used as evidence must be opened and its numbers transcribed by hand.
AMINO ACIDS,39129839,PMC11316443,2024,A Novel <i>ZBTB20</i> Variant in a Patient with Primrose Syndrome: A Rare Clinical Entity with Distinctive Features.,,N,False,False,False,False,False,False,False,False,False,False,False,False,False,False,False,False,False,False,False,False,False,False,False,False,False,False,False,False,False,False,False,False,True,False,False,0,18,0,2.0,0.0,6.0,2.0,False,abstract-level pattern match. NOT a read of the paper. Any case used as evidence must be opened and its numbers transcribed by hand.
AMINO ACIDS,41599793,PMC12845467,2026,Nutritional Strategies for Intestinal Rehabilitation in Children with Short Bowel Syndrome: A Narrative Review.,,Y,False,False,False,False,False,False,False,False,False,True,False,False,False,False,False,False,False,False,False,False,False,False,False,False,False,False,False,False,False,False,False,False,True,False,False,1,18,0,2.0,0.0,6.0,2.0,False,abstract-level pattern match. NOT a read of the paper. Any case used as evidence must be opened and its numbers transcribed by hand.
AMINO ACIDS,42028791,PMC13107504,2026,"Aminoacyl-tRNA Synthetases: Variant Classification, Functional Assays, and Emerging Therapeutic Strategies.",,Y,False,False,False,False,False,False,False,False,False,False,False,False,False,False,False,False,False,False,False,False,False,False,False,False,False,False,False,False,False,False,False,False,True,False,False,0,18,0,2.0,0.0,6.0,2.0,False,abstract-level pattern match. NOT a read of the paper. Any case used as evidence must be opened and its numbers transcribed by hand.
AMINO ACIDS,41121198,PMC12542620,2025,PET/CT and exome sequencing in late onset multiple acyl-CoA dehydrogenase deficiency: a case series and literature review.,,Y,False,False,False,False,False,False,False,False,False,False,False,False,False,False,False,False,False,False,False,False,False,False,False,False,False,False,False,False,False,False,False,False,True,False,False,0,18,0,2.0,0.0,6.0,2.0,False,abstract-level pattern match. NOT a read of the paper. Any case used as evidence must be opened and its numbers transcribed by hand.
AMINO ACIDS,41318701,PMC12770425,2025,UBR5 loss-of-function variants in autism spectrum disorder and intellectual disability: case series and review of the literature.,,Y,False,False,False,False,False,False,False,False,False,False,False,False,False,False,False,False,False,False,False,False,False,False,False,False,False,False,False,False,False,False,False,False,True,False,False,0,18,0,2.0,0.0,6.0,2.0,False,abstract-level pattern match. NOT a read of the paper. Any case used as evidence must be opened and its numbers transcribed by hand.
AMINO ACIDS,38571636,PMC10988039,2024,Novel <i>KMT5B</i> variant associated with neurodevelopmental disorder in a Chinese family: A case report.,,Y,True,False,False,False,False,False,False,False,False,False,False,False,False,False,False,False,False,False,False,False,False,False,False,False,False,False,False,False,False,False,False,False,True,False,False,1,18,0,2.0,0.0,6.0,2.0,False,abstract-level pattern match. NOT a read of the paper. Any case used as evidence must be opened and its numbers transcribed by hand.
AMINO ACIDS,41683999,PMC12897797,2026,Phenotype Variations in a Family with Various Rearrangements in the Locus of the &lt;i&gt;SHOX&lt;/i&gt; Gene.,,Y,False,False,False,False,False,False,False,False,False,False,False,False,False,False,True,False,False,False,False,False,False,False,False,False,False,False,False,False,False,False,False,False,True,False,False,1,18,0,2.0,0.0,6.0,2.0,False,abstract-level pattern match. NOT a read of the paper. Any case used as evidence must be opened and its numbers transcribed by hand.
AMINO ACIDS,36777730,PMC9911649,2023,Clinical and genetic features of luscan-lumish syndrome associated with a novel de novo variant of <i>SETD2</i> gene: Case report and literature review.,,Y,True,False,False,False,False,False,False,False,False,False,False,False,False,False,False,False,False,False,False,False,False,False,False,False,False,False,False,False,False,False,False,False,True,False,False,1,18,0,2.0,0.0,6.0,2.0,False,abstract-level pattern match. NOT a read of the paper. Any case used as evidence must be opened and its numbers transcribed by hand.
AMINO ACIDS,41079182,PMC12507618,2025,Diagnostic and therapeutic pitfalls in the management of pediatric patients with 3β-hydroxysteroid dehydrogenase type 2 (3β-HSD2) deficiency - a single center experience.,,Y,False,False,False,False,False,True,False,False,False,False,False,False,False,False,False,False,False,False,False,False,False,False,False,False,False,False,False,False,False,False,False,False,True,False,False,1,18,0,2.0,0.0,6.0,2.0,False,abstract-level pattern match. NOT a read of the paper. Any case used as evidence must be opened and its numbers transcribed by hand.
AMINO ACIDS,41413819,PMC12831319,2025,Novel TRIP12 variants in two Lebanese patients with neurodevelopmental delay.,,Y,False,False,False,False,False,False,False,False,False,False,False,False,False,False,False,False,False,False,False,False,False,False,False,False,False,False,False,False,False,False,False,False,True,False,False,0,18,0,2.0,0.0,6.0,2.0,False,abstract-level pattern match. NOT a read of the paper. Any case used as evidence must be opened and its numbers transcribed by hand.
LEVOTHYROXINE,40922349,PMC12419298,2025,Clinical and genetic characterization of Weaver syndrome: A case report of an EZH2 mutation and review of the literature.,,Y,False,False,False,False,False,False,False,False,False,False,False,False,False,False,False,False,False,False,False,False,False,False,False,False,False,False,False,False,False,False,False,False,True,False,False,0,18,0,2.0,0.0,6.0,2.0,False,abstract-level pattern match. NOT a read of the paper. Any case used as evidence must be opened and its numbers transcribed by hand.
LEVOTHYROXINE,41116907,PMC12535809,2025,Bifocal &lt;i&gt;β&lt;/i&gt;-hCG-secreting CNS Germinoma in a 13-Year-Old Boy: Clinical-Biochemical Pubertal Discordance and Long-Term Outcome.,,Y,True,False,False,False,True,False,False,False,False,False,True,False,False,False,False,False,False,False,False,False,False,False,False,False,False,False,False,False,False,False,False,False,True,False,False,3,18,0,2.0,0.0,6.0,2.0,False,abstract-level pattern match. NOT a read of the paper. Any case used as evidence must be opened and its numbers transcribed by hand.
LEVOTHYROXINE,,PMC13153759,2026,Clinical puzzle of endocrine disorders in Van Wyk-Grumbach syndrome: a case report Diagnostyczne wyzwania w zespole Van Wyka-Grumbacha – opis przypadku,,Y,False,False,False,False,False,False,False,False,False,False,False,False,False,False,False,False,False,False,False,False,False,False,False,False,False,False,False,False,False,False,False,False,True,False,False,0,18,0,2.0,0.0,6.0,2.0,False,abstract-level pattern match. NOT a read of the paper. Any case used as evidence must be opened and its numbers transcribed by hand.
LEVOTHYROXINE,41024235,PMC12482208,2025,Congenital hypothyroidism in two children affected by Sotos syndrome: a simple association?,,Y,False,False,False,False,False,False,False,False,False,False,False,False,False,False,False,False,False,False,False,False,False,False,False,False,False,False,False,False,False,False,False,False,True,False,False,0,18,0,2.0,0.0,6.0,2.0,False,abstract-level pattern match. NOT a read of the paper. Any case used as evidence must be opened and its numbers transcribed by hand.
AMINO ACIDS,42317765,PMC13272164,2026,Progress on the correlation between sepsis and gut microbiota: a narrative review.,,Y,False,False,False,False,False,False,False,False,False,False,False,False,False,False,False,False,False,False,False,False,False,False,False,False,False,False,False,False,False,False,False,False,True,False,False,0,18,0,2.0,0.0,6.0,2.0,False,abstract-level pattern match. NOT a read of the paper. Any case used as evidence must be opened and its numbers transcribed by hand.
AMINO ACIDS,41350447,PMC12680647,2025,Harnessing liquid biopsy to unveil RAS-MEK pathway somatic pathogenic variants in extracranial arterio-venous malformations.,,Y,False,False,False,False,False,False,False,False,False,False,False,False,False,False,False,False,False,False,False,False,False,False,False,False,False,False,False,False,False,False,False,False,True,False,False,0,18,0,2.0,0.0,6.0,2.0,False,abstract-level pattern match. NOT a read of the paper. Any case used as evidence must be opened and its numbers transcribed by hand.
AMINO ACIDS,39001958,PMC11415405,2024,Elemental Diet as a Therapeutic Modality: A Comprehensive Review.,,Y,False,False,False,False,False,False,False,False,False,False,False,True,False,False,False,False,False,False,False,False,False,False,False,False,False,False,False,False,False,False,False,False,True,False,False,1,18,0,2.0,0.0,6.0,2.0,False,abstract-level pattern match. NOT a read of the paper. Any case used as evidence must be opened and its numbers transcribed by hand.
AMINO ACIDS,39766333,PMC11727550,2024,In-Depth Phenotyping of &lt;i&gt;PIGW&lt;/i&gt;-Related Disease and Its Role in 17q12 Genomic Disorder.,,Y,False,False,False,False,False,False,False,False,False,False,False,False,False,False,False,False,False,False,False,False,False,False,False,False,False,False,False,False,False,False,False,False,True,False,False,0,18,0,2.0,0.0,6.0,2.0,False,abstract-level pattern match. NOT a read of the paper. Any case used as evidence must be opened and its numbers transcribed by hand.
AMINO ACIDS,41768596,PMC12945743,2026,Mechanistic Target of Rapamycin and Megalencephaly: Novel Research Strategies for Therapeutic Discovery.,,Y,False,False,False,False,False,False,False,False,False,False,False,False,False,False,False,False,False,False,False,False,False,False,False,False,False,False,False,False,False,False,False,False,True,False,False,0,18,0,2.0,0.0,6.0,2.0,False,abstract-level pattern match. NOT a read of the paper. Any case used as evidence must be opened and its numbers transcribed by hand.
LEVOTHYROXINE,41767060,PMC12949389,2026,A 10-Year-Old Boy With Chronic Atrial and Intestinal Dysrhythmia (CAID) and Chronic Intestinal Pseudo-Obstruction (CIPO).,,Y,True,False,False,False,False,False,False,False,False,False,False,False,False,False,False,False,False,False,False,False,False,False,False,False,False,False,False,False,False,False,False,False,True,False,False,1,18,0,2.0,0.0,6.0,2.0,False,abstract-level pattern match. NOT a read of the paper. Any case used as evidence must be opened and its numbers transcribed by hand.
LEVOTHYROXINE,41217125,PMC12617399,2025,An unusual presentation of longstanding atrophic Hashimoto's thyroiditis: challenges in a resource-limited setting.,,Y,True,False,False,False,False,False,False,False,False,False,False,False,False,False,False,False,False,False,False,False,False,False,False,False,False,False,False,False,False,False,False,False,True,False,False,1,18,0,2.0,0.0,6.0,2.0,False,abstract-level pattern match. NOT a read of the paper. Any case used as evidence must be opened and its numbers transcribed by hand.
LEVOTHYROXINE,39868553,PMC11811821,2025,Pseudohypoparathyroidism type 1A presenting as short stature and congenital hypothyroidism.,,Y,False,False,False,False,True,True,False,True,False,True,False,False,False,True,False,False,False,False,False,False,False,False,False,False,False,False,False,False,False,False,False,False,True,False,False,5,18,0,2.0,0.0,6.0,2.0,False,abstract-level pattern match. NOT a read of the paper. Any case used as evidence must be opened and its numbers transcribed by hand.
ALBUTEROL,39282210,PMC11402295,2024,Pediatric carotid body tumors: A case report and systematic review.,,Y,True,False,False,False,False,False,False,False,False,False,False,False,False,False,False,False,False,False,False,False,False,False,False,False,False,False,False,False,False,False,False,False,True,False,False,1,18,0,2.0,0.0,6.0,2.0,False,abstract-level pattern match. NOT a read of the paper. Any case used as evidence must be opened and its numbers transcribed by hand.
AMINO ACIDS,37362159,PMC10288297,2023,A case of papilledema in Camurati-Engelmann disease treated effectively with prednisolone.,,Y,False,False,False,False,False,False,False,False,False,False,False,False,False,False,False,False,False,False,False,False,False,False,False,False,False,False,False,False,False,False,False,False,True,False,False,0,18,0,2.0,0.0,6.0,2.0,False,abstract-level pattern match. NOT a read of the paper. Any case used as evidence must be opened and its numbers transcribed by hand.
AMINO ACIDS,41675269,PMC12887226,2026,First Thai Case of Lethal Desbuquois Dysplasia Type I Caused by Novel Compound Heterozygous &lt;i&gt;CANT1&lt;/i&gt; Mutations: Expanding the Molecular Spectrum.,,Y,False,False,False,False,False,False,False,False,False,False,False,False,False,False,True,False,False,False,False,False,False,False,False,False,False,False,False,False,False,False,False,False,True,False,False,1,18,0,2.0,0.0,6.0,2.0,False,abstract-level pattern match. NOT a read of the paper. Any case used as evidence must be opened and its numbers transcribed by hand.
AMINO ACIDS,38333663,PMC10849986,2024,A five-day-old child with lipid hemihypertrophy: A case report.,,Y,False,False,False,False,False,False,False,False,False,False,False,False,False,False,False,False,False,False,False,False,False,False,False,False,False,False,False,False,False,False,False,False,True,False,False,0,18,0,2.0,0.0,6.0,2.0,False,abstract-level pattern match. NOT a read of the paper. Any case used as evidence must be opened and its numbers transcribed by hand.
LEVOTHYROXINE,40584809,PMC12204318,2025,New-Onset Primary Hypothyroidism in a 14-year-old Girl Presenting as Hemorrhagic Shock From Severe Menorrhagia.,,Y,True,False,False,False,False,False,False,False,False,False,False,False,False,False,False,False,False,False,False,False,False,False,False,False,False,False,False,False,False,False,False,False,True,False,False,1,18,0,2.0,0.0,6.0,2.0,False,abstract-level pattern match. NOT a read of the paper. Any case used as evidence must be opened and its numbers transcribed by hand.
LEVOTHYROXINE,41462822,PMC12731882,2025,Identification of a Novel Nonsense Mutation in the &lt;i&gt;IGSF1&lt;/i&gt; Gene Reveals Sex-Specific Phenotypic Variability Within a Single Family.,,Y,False,False,False,False,True,False,False,True,False,False,False,False,False,False,False,False,False,False,False,False,False,False,False,False,False,False,False,False,False,False,False,False,True,False,False,2,18,0,2.0,0.0,6.0,2.0,False,abstract-level pattern match. NOT a read of the paper. Any case used as evidence must be opened and its numbers transcribed by hand.
LEVOTHYROXINE,41684880,PMC12891745,2026,Twins With Pathogenic &lt;i&gt;RNF113A&lt;/i&gt; Variant Presenting With Testicular Regression Syndrome.,,Y,False,False,False,False,False,False,False,False,False,False,False,False,False,False,False,False,False,False,False,False,False,False,False,False,False,False,False,False,False,False,False,False,True,False,False,0,18,0,2.0,0.0,6.0,2.0,False,abstract-level pattern match. NOT a read of the paper. Any case used as evidence must be opened and its numbers transcribed by hand.
LEVOTHYROXINE,42306371,PMC13266301,2026,Thyroid-Stimulating Hormone Immunoassay Interference Presenting as Treatment-Refractory Hypothyroidism: A Case Report.,,Y,True,False,False,False,False,False,False,False,False,False,False,False,False,False,False,False,False,False,False,False,False,False,False,False,False,False,False,False,False,False,False,False,True,False,False,1,18,0,2.0,0.0,6.0,2.0,False,abstract-level pattern match. NOT a read of the paper. Any case used as evidence must be opened and its numbers transcribed by hand.
AMINO ACIDS,41967501,PMC13192418,2026,"Small intestinal microbiome, the underrated maestro of SIMO disease.",,Y,False,False,False,False,False,False,False,False,False,False,False,False,False,False,False,False,False,False,False,False,False,False,False,False,False,False,False,False,False,False,False,False,True,False,False,0,18,0,2.0,0.0,6.0,2.0,False,abstract-level pattern match. NOT a read of the paper. Any case used as evidence must be opened and its numbers transcribed by hand.
AMINO ACIDS,39391823,PMC11466259,2024,Pituitary gigantism due to a novel <i>AIP</i> germline splice-site variant.,,Y,True,False,False,False,False,False,False,True,False,True,False,False,False,False,False,False,False,False,False,False,False,False,False,False,False,False,False,False,False,False,False,False,True,False,False,3,18,0,2.0,0.0,6.0,2.0,False,abstract-level pattern match. NOT a read of the paper. Any case used as evidence must be opened and its numbers transcribed by hand.
AMINO ACIDS,41313534,PMC13201316,2026,"Diet in Inflammatory Bowel Diseases: Efficacy, Tolerability, and Microbiome Effects Toward Personalized Management.",,Y,False,False,False,False,False,False,False,False,False,True,False,False,False,False,False,False,False,False,False,False,False,False,False,False,False,False,False,False,False,False,False,False,True,False,False,1,18,0,2.0,0.0,6.0,2.0,False,abstract-level pattern match. NOT a read of the paper. Any case used as evidence must be opened and its numbers transcribed by hand.
AMINO ACIDS,39166703,PMC11637962,2025,Recurrent carotid paragangliomas in a syndromic patient with a heterozygous missense variant in DNA Methyltransferase 3 Alpha.,,N,True,False,False,False,False,False,False,False,False,False,False,False,False,False,False,False,False,False,False,False,False,False,False,False,False,False,False,False,False,False,False,False,True,False,False,1,18,0,2.0,0.0,6.0,2.0,False,abstract-level pattern match. NOT a read of the paper. Any case used as evidence must be opened and its numbers transcribed by hand.
AMINO ACIDS,41465473,PMC12732883,2025,A Family with Meester-Loeys Syndrome Caused by a Novel Missense Variant in the &lt;i&gt;BGN&lt;/i&gt; Gene.,,Y,False,False,False,False,False,False,False,False,False,False,False,False,False,False,False,False,False,False,False,False,False,False,False,False,False,False,False,False,False,False,False,False,True,False,False,0,18,0,2.0,0.0,6.0,2.0,False,abstract-level pattern match. NOT a read of the paper. Any case used as evidence must be opened and its numbers transcribed by hand.
AMINO ACIDS,39906804,PMC11791283,2025,A novel TGFBR2 mutation causes Loeys-Dietz syndrome in a Chinese infant: A case report.,,Y,False,False,False,False,False,False,False,False,False,False,False,False,False,False,False,False,False,False,False,False,False,False,False,False,False,False,False,False,False,False,False,False,True,False,False,0,18,0,2.0,0.0,6.0,2.0,False,abstract-level pattern match. NOT a read of the paper. Any case used as evidence must be opened and its numbers transcribed by hand.
AMINO ACIDS,41430313,PMC12723890,2025,PI3K/AKT/mTOR axis in vascular malformations: from molecular insights to targeted clinical trials.,,Y,False,False,False,False,False,False,False,False,False,False,False,False,False,False,False,False,False,False,False,False,False,False,False,False,False,False,False,False,False,False,False,False,True,False,False,0,18,0,2.0,0.0,6.0,2.0,False,abstract-level pattern match. NOT a read of the paper. Any case used as evidence must be opened and its numbers transcribed by hand.
AMINO ACIDS,40270200,PMC12358781,2025,Asparaginase-associated hyperammonemia.,,Y,False,False,False,False,False,False,False,False,False,False,False,False,False,False,False,False,False,False,False,False,False,False,False,False,False,False,False,False,False,False,False,False,True,False,False,0,18,0,2.0,0.0,6.0,2.0,False,abstract-level pattern match. NOT a read of the paper. Any case used as evidence must be opened and its numbers transcribed by hand.
AMINO ACIDS,39891458,PMC11786211,2024,"First Case of Macrocephaly, Dysmorphic Facies, and Psychomotor Retardation Harboring Co-inherited Variants in HERC1 and PMP22 Genes from Iran: Two Novel Variants.",,Y,True,False,False,False,False,False,False,False,False,False,False,True,False,False,True,False,False,False,False,False,False,False,False,False,False,False,False,False,False,False,False,False,True,False,False,3,18,0,2.0,0.0,6.0,2.0,False,abstract-level pattern match. NOT a read of the paper. Any case used as evidence must be opened and its numbers transcribed by hand.
AMINO ACIDS,37303757,PMC10248406,2023,A novel pathogenic variant of <i>DNMT3A</i> associated with craniosynostosis: a case report of Heyn-Sproul-Jackson syndrome.,,Y,False,False,False,False,False,False,False,False,False,False,False,False,False,False,False,False,False,False,False,False,False,False,False,False,False,False,False,False,False,False,False,False,True,False,False,0,18,0,2.0,0.0,6.0,2.0,False,abstract-level pattern match. NOT a read of the paper. Any case used as evidence must be opened and its numbers transcribed by hand.
AMINO ACIDS,41888894,PMC13141551,2026,A novel maternally inherited CDKN1C variant in a familial beckwith-wiedemann syndrome case: expanding the genotype-phenotype spectrum.,,Y,False,False,False,False,False,False,False,False,False,False,False,False,False,True,False,False,False,False,False,False,False,False,False,False,False,False,False,False,False,False,False,False,True,False,False,1,18,0,2.0,0.0,6.0,2.0,False,abstract-level pattern match. NOT a read of the paper. Any case used as evidence must be opened and its numbers transcribed by hand.
AMINO ACIDS,41695045,PMC12894044,2026,Pediatric intestinal pseudo-obstruction found in 3-year-old male with Rett-related mutation of methyl-CpG binding protein 2.,,Y,True,False,False,False,False,False,False,False,False,True,False,False,False,False,False,False,False,False,False,False,False,False,False,False,False,False,False,False,False,False,False,False,True,False,False,2,18,0,2.0,0.0,6.0,2.0,False,abstract-level pattern match. NOT a read of the paper. Any case used as evidence must be opened and its numbers transcribed by hand.
AMINO ACIDS,37736838,PMC10689817,2023,Methylation signatures in clinically variable syndromic disorders: a familial DNMT3A variant in two adults with Tatton-Brown-Rahman syndrome.,,N,False,False,False,False,False,False,False,False,False,False,False,False,False,False,False,False,False,False,False,False,False,False,False,False,False,False,False,False,False,False,False,False,True,False,False,0,18,0,2.0,0.0,6.0,2.0,False,abstract-level pattern match. NOT a read of the paper. Any case used as evidence must be opened and its numbers transcribed by hand.
AMINO ACIDS,37063680,PMC10098112,2023,"Case report: A gain-of-function of hamartin may lead to a distinct ""inverse <i>TSC1</i>-hamartin"" phenotype characterized by reduced cell growth.",,Y,True,False,False,False,False,False,False,False,False,False,False,False,False,False,True,False,False,False,False,False,False,False,False,False,False,False,False,False,False,False,False,False,True,False,False,2,18,0,2.0,0.0,6.0,2.0,False,abstract-level pattern match. NOT a read of the paper. Any case used as evidence must be opened and its numbers transcribed by hand.
AMINO ACIDS,39201553,PMC11354241,2024,Genetic Variants in the &lt;i&gt;TBC1D2B&lt;/i&gt; Gene Are Associated with Ramon Syndrome and Hereditary Gingival Fibromatosis.,,Y,False,False,False,False,False,False,False,False,False,False,False,False,False,False,False,False,False,False,False,False,False,False,False,False,False,False,False,False,False,False,False,False,True,False,False,0,18,0,2.0,0.0,6.0,2.0,False,abstract-level pattern match. NOT a read of the paper. Any case used as evidence must be opened and its numbers transcribed by hand.
AMINO ACIDS,38374468,PMC11061173,2024,Loss of TBC1D2B causes a progressive neurological disorder with gingival overgrowth.,,Y,False,False,False,False,False,False,False,False,False,False,False,False,False,False,True,False,False,False,False,False,False,False,False,False,False,False,False,False,False,False,False,False,True,False,False,1,18,0,2.0,0.0,6.0,2.0,False,abstract-level pattern match. NOT a read of the paper. Any case used as evidence must be opened and its numbers transcribed by hand.
AMINO ACIDS,37415038,PMC10982190,2024,Distal renal tubular acidosis as presenting manifestation of Wilson disease in a 11-year-old girl.,,N,True,False,False,False,False,False,False,False,False,False,False,False,False,False,True,False,False,False,False,False,False,False,False,False,False,False,False,False,False,False,False,False,True,False,False,2,18,0,2.0,0.0,6.0,2.0,False,abstract-level pattern match. NOT a read of the paper. Any case used as evidence must be opened and its numbers transcribed by hand.
AMINO ACIDS,40893909,PMC12396523,2025,Multifaceted Clinical Spectrum of Vitamin B12 Deficiency - a Case Report and Literature Review.,,Y,True,False,False,False,False,False,False,False,False,True,False,False,False,False,False,False,False,False,False,False,False,False,False,False,False,False,False,False,False,False,False,False,True,False,False,2,18,0,2.0,0.0,6.0,2.0,False,abstract-level pattern match. NOT a read of the paper. Any case used as evidence must be opened and its numbers transcribed by hand.
AMINO ACIDS,41407309,PMC12711360,2025,Phenotypic Variability and Paternal Inheritance of a CHD8 Variant Causing Intellectual Developmental Disorder With Autism and Macrocephaly Confirmed by Epigenetic and Structural Analyses.,,Y,False,False,False,False,False,False,False,False,False,False,False,False,False,False,False,False,False,False,False,False,False,False,False,False,False,False,False,False,False,False,False,False,True,False,False,0,18,0,2.0,0.0,6.0,2.0,False,abstract-level pattern match. NOT a read of the paper. Any case used as evidence must be opened and its numbers transcribed by hand.
AMINO ACIDS,42181738,PMC13197617,2026,&lt;i&gt;TRMT10A&lt;/i&gt;-Related Neurodevelopmental Disorder Without Metabolic Findings.,,Y,True,False,False,False,False,False,False,False,False,False,False,False,False,False,False,False,False,False,False,False,False,False,False,False,False,False,False,False,False,False,False,False,True,False,False,1,18,0,2.0,0.0,6.0,2.0,False,abstract-level pattern match. NOT a read of the paper. Any case used as evidence must be opened and its numbers transcribed by hand.
AMINO ACIDS,40860577,PMC12371325,2025,"Two Cases of 46,XY Differences of Sex Development Due to Gonadal Dysgenesis Associated With Novel &lt;i&gt;NR5A1&lt;/i&gt; Variants.",,Y,True,False,False,False,True,False,False,False,False,False,False,False,False,False,False,False,False,False,False,False,False,False,False,False,False,False,False,False,False,False,False,False,True,False,False,2,18,0,2.0,0.0,6.0,2.0,False,abstract-level pattern match. NOT a read of the paper. Any case used as evidence must be opened and its numbers transcribed by hand.
AMINO ACIDS,40926898,PMC12415038,2025,Case Report: The carney complex led to the tragic passing of a young girl in the prime of her life.,,Y,True,False,False,False,False,False,False,False,False,False,False,False,False,False,False,False,False,False,False,False,False,False,False,False,False,False,False,False,False,False,False,False,True,False,False,1,18,0,2.0,0.0,6.0,2.0,False,abstract-level pattern match. NOT a read of the paper. Any case used as evidence must be opened and its numbers transcribed by hand.
CETIRIZINE,32889648,PMC7474513,2020,Clinical Evidence and Biomarkers Linking Allergy and Acute or Chronic Rhinosinusitis in Children: a Systematic Review.,,Y,False,False,False,False,False,False,False,False,False,False,False,False,False,False,False,False,False,False,False,False,False,False,False,False,False,False,False,False,False,False,False,False,True,False,False,0,18,0,2.0,0.0,6.0,2.0,False,abstract-level pattern match. NOT a read of the paper. Any case used as evidence must be opened and its numbers transcribed by hand.
CETIRIZINE,30249726,PMC6157556,2018,Mast cell deposition and activation may be a new explanation for epiploic appendagitis.,,Y,False,False,False,False,False,False,False,False,False,False,False,False,False,False,False,False,False,False,False,False,False,False,False,False,False,False,False,False,False,False,False,False,True,False,False,0,18,0,2.0,0.0,6.0,2.0,False,abstract-level pattern match. NOT a read of the paper. Any case used as evidence must be opened and its numbers transcribed by hand.
CETIRIZINE,29438602,PMC7286723,2018,International Consensus Statement on Allergy and Rhinology: Allergic Rhinitis.,,N,False,False,False,False,False,False,False,False,False,False,False,False,False,False,False,False,False,False,False,False,False,False,False,False,False,False,False,False,False,False,False,False,True,False,False,0,18,0,2.0,0.0,6.0,2.0,False,abstract-level pattern match. NOT a read of the paper. Any case used as evidence must be opened and its numbers transcribed by hand.
CETIRIZINE,29603868,PMC7167873,2018,"American Society of Pediatric Hematology/Oncology (ASPHO), David L. Lawrence Convention Center, Pittsburgh, PA, May 2-5, 2018.",,N,False,False,False,False,False,False,False,False,False,False,False,False,False,False,False,False,False,False,False,False,False,False,False,False,False,False,False,False,False,False,False,False,True,False,False,0,18,0,2.0,0.0,6.0,2.0,False,abstract-level pattern match. NOT a read of the paper. Any case used as evidence must be opened and its numbers transcribed by hand.
ENOXAPARIN,32522754,PMC7287500,2020,Pneumatosis intestinalis in COVID-19.,,Y,True,False,False,False,False,False,False,False,False,False,False,False,False,False,False,False,False,False,False,False,False,False,False,False,False,False,False,False,False,False,False,False,True,False,False,1,18,0,2.0,0.0,6.0,2.0,False,abstract-level pattern match. NOT a read of the paper. Any case used as evidence must be opened and its numbers transcribed by hand.
ENOXAPARIN,33023609,PMC7539504,2020,Candida thrombophlebitis in children: a systematic review of the literature.,,Y,False,False,False,False,False,False,False,False,False,True,False,False,False,False,False,False,False,False,False,False,False,False,False,False,False,False,False,False,False,False,False,False,True,False,False,1,18,0,2.0,0.0,6.0,2.0,False,abstract-level pattern match. NOT a read of the paper. Any case used as evidence must be opened and its numbers transcribed by hand.
ENOXAPARIN,30024502,PMC6086519,2018,Intracranial tuberculous mass lesions treated with thalidomide in an immunocompetent child from a low tuberculosis endemic country: A case report.,,Y,False,False,False,False,False,False,False,False,False,False,False,False,False,False,False,False,False,False,False,False,False,False,False,False,False,False,False,False,False,False,False,False,True,False,False,0,18,0,2.0,0.0,6.0,2.0,False,abstract-level pattern match. NOT a read of the paper. Any case used as evidence must be opened and its numbers transcribed by hand.
IDURSULFASE,35663302,PMC9160838,2022,Efficacy of early haematopoietic stem cell transplantation versus enzyme replacement therapy on neurological progression in severe Hunter syndrome: Case report of siblings and literature review.,,Y,False,False,False,False,False,False,False,False,False,False,False,False,False,False,False,False,False,False,False,False,False,False,False,False,False,False,False,False,False,False,False,False,True,False,False,0,18,0,2.0,0.0,6.0,2.0,False,abstract-level pattern match. NOT a read of the paper. Any case used as evidence must be opened and its numbers transcribed by hand.
IDURSULFASE,34258227,PMC8251508,2021,Therapy-type related long-term outcomes in mucopolysaccaridosis type II (Hunter syndrome) - Case series.,,Y,False,False,False,False,False,False,False,False,False,False,False,False,False,False,False,False,False,False,False,False,False,False,False,False,False,False,False,False,False,False,False,False,True,False,False,0,18,0,2.0,0.0,6.0,2.0,False,abstract-level pattern match. NOT a read of the paper. Any case used as evidence must be opened and its numbers transcribed by hand.
IDURSULFASE,31813213,PMC7835431,2021,Cochlear Implantation via the Transmeatal Approach in an Adolescent with Hunter Syndrome-Type II Mucopolysaccharidosis.,,Y,False,False,False,False,False,False,False,False,False,False,False,False,False,False,False,False,False,False,False,False,False,False,False,False,False,False,False,False,False,False,False,False,True,False,False,0,18,0,2.0,0.0,6.0,2.0,False,abstract-level pattern match. NOT a read of the paper. Any case used as evidence must be opened and its numbers transcribed by hand.
ALBUTEROL,39498469,PMC11532648,2024,Hypoglycemia Associated With Hypermobile Ehlers-Danlos Syndrome.,,Y,False,False,False,False,False,False,False,False,False,True,False,False,False,False,False,False,False,False,False,False,False,False,False,False,False,False,False,False,False,False,False,False,True,False,False,1,18,0,2.0,0.0,6.0,2.0,False,abstract-level pattern match. NOT a read of the paper. Any case used as evidence must be opened and its numbers transcribed by hand.
IDURSULFASE,32340185,PMC7215308,2020,Intravenous Enzyme Replacement Therapy in Mucopolysaccharidoses: Clinical Effectiveness and Limitations.,,Y,False,False,False,False,False,False,False,False,False,False,False,False,False,False,False,False,False,False,False,False,False,False,False,False,False,False,False,False,False,False,False,False,True,False,False,0,18,0,2.0,0.0,6.0,2.0,False,abstract-level pattern match. NOT a read of the paper. Any case used as evidence must be opened and its numbers transcribed by hand.
IDURSULFASE,28018694,PMC5149632,2016,Anterior Hypopituitarism and Treatment Response in Hunter Syndrome: A Comparison of Two Patients.,,Y,True,False,False,False,False,False,False,True,False,False,False,False,False,False,False,False,False,False,False,False,False,False,False,False,False,False,False,False,False,False,False,False,True,False,False,2,18,0,2.0,0.0,6.0,2.0,False,abstract-level pattern match. NOT a read of the paper. Any case used as evidence must be opened and its numbers transcribed by hand.
IDURSULFASE,35046639,PMC8759989,2022,Clinical Utility of Elosulfase Alfa in the Treatment of Morquio A Syndrome.,,Y,False,False,False,False,False,False,False,False,False,False,False,False,False,False,True,False,False,False,False,False,False,False,False,False,False,False,False,False,False,False,False,False,True,False,False,1,18,0,2.0,0.0,6.0,2.0,False,abstract-level pattern match. NOT a read of the paper. Any case used as evidence must be opened and its numbers transcribed by hand.
PREDNISOLONE,39149176,PMC11322012,2024,Co-occurrence of collagenous gastrointestinal disease in siblings in early childhood: New insight into a rare condition.,,Y,False,False,False,False,False,False,False,False,False,False,False,False,False,False,False,False,False,False,False,False,False,False,False,False,False,False,False,False,False,False,False,False,True,False,False,0,18,0,2.0,0.0,6.0,2.0,False,abstract-level pattern match. NOT a read of the paper. Any case used as evidence must be opened and its numbers transcribed by hand.
BECLOMETHASONE DIPROPIONATE,3344190,,1988,Overt glucocorticoid excess due to inhaled corticosteroid therapy.,,N,True,False,False,False,False,False,False,False,False,False,False,False,False,False,False,False,False,False,False,False,False,False,False,False,False,False,False,False,False,False,False,False,True,False,False,1,18,0,2.0,0.0,6.0,2.0,False,abstract-level pattern match. NOT a read of the paper. Any case used as evidence must be opened and its numbers transcribed by hand.
BECLOMETHASONE DIPROPIONATE,15269067,PMC1720050,2004,Monitoring growth in asthmatic children treated with high dose inhaled glucocorticoids does not predict adrenal suppression.,,N,True,False,False,False,True,False,False,False,False,False,False,False,False,False,False,False,False,False,False,False,False,False,False,False,False,False,False,False,False,False,False,False,True,False,False,2,18,0,2.0,0.0,6.0,2.0,False,abstract-level pattern match. NOT a read of the paper. Any case used as evidence must be opened and its numbers transcribed by hand.
BECLOMETHASONE DIPROPIONATE,22536582,PMC3373283,2012,"Canadian Thoracic Society 2012 guideline update: diagnosis and management of asthma in preschoolers, children and adults.",,N,False,False,False,False,False,False,False,False,False,False,False,False,False,False,False,False,False,False,False,False,False,False,False,False,False,False,False,False,False,False,False,False,True,False,False,0,18,0,2.0,0.0,6.0,2.0,False,abstract-level pattern match. NOT a read of the paper. Any case used as evidence must be opened and its numbers transcribed by hand.
BECLOMETHASONE DIPROPIONATE,30018981,PMC6029485,2018,Insulin-Like Growth Factor-1 Signaling in Lung Development and Inflammatory Lung Diseases.,,Y,False,False,False,False,False,False,False,True,False,False,False,False,False,False,False,False,False,False,False,False,False,False,False,False,False,False,False,False,False,False,False,False,True,False,False,1,18,0,2.0,0.0,6.0,2.0,False,abstract-level pattern match. NOT a read of the paper. Any case used as evidence must be opened and its numbers transcribed by hand.
BECLOMETHASONE DIPROPIONATE,10906907,PMC1230847,1999,"Canadian Asthma Consensus Report, 1999. Canadian Asthma Consensus Group.",,N,False,False,False,False,False,False,False,False,False,False,False,False,False,False,False,False,False,False,False,False,False,False,False,False,False,False,False,False,False,False,False,False,True,False,False,0,18,0,2.0,0.0,6.0,2.0,False,abstract-level pattern match. NOT a read of the paper. Any case used as evidence must be opened and its numbers transcribed by hand.
BECLOMETHASONE DIPROPIONATE,8167493,PMC2540003,1994,Management of carcinomas of the upper gastrointestinal tract.,,N,False,False,False,False,False,False,False,False,False,False,False,False,False,False,False,False,False,False,False,False,False,False,False,False,False,False,False,False,False,False,False,False,True,False,False,0,18,0,2.0,0.0,6.0,2.0,False,abstract-level pattern match. NOT a read of the paper. Any case used as evidence must be opened and its numbers transcribed by hand.
IDURSULFASE,32508845,PMC7253587,2020,Immune Modulation for Enzyme Replacement Therapy in A Female Patient With Hunter Syndrome.,,Y,True,False,False,False,False,False,False,False,False,False,False,False,False,False,False,False,False,False,False,False,False,False,False,False,False,False,False,False,False,False,False,False,True,False,False,1,18,0,2.0,0.0,6.0,2.0,False,abstract-level pattern match. NOT a read of the paper. Any case used as evidence must be opened and its numbers transcribed by hand.
ENOXAPARIN,40918089,PMC12408547,2025,"Novel advances on pathophysiological mechanisms, clinical manifestations, and treatment of antiphospholipid syndrome.",,Y,False,False,False,False,False,False,False,False,False,False,False,False,False,False,False,False,False,False,False,False,False,False,False,False,False,False,False,False,False,False,False,False,True,False,False,0,18,0,2.0,0.0,6.0,2.0,False,abstract-level pattern match. NOT a read of the paper. Any case used as evidence must be opened and its numbers transcribed by hand.
ENOXAPARIN,39425548,PMC11608782,2024,Total Arthroscopic Resection of the Talocalcaneal Coalition in Adults: Key Points of Surgical Technique.,,Y,False,False,False,False,False,False,False,False,False,False,False,False,False,False,False,False,False,False,False,False,False,False,False,False,False,False,False,False,False,False,False,False,True,False,False,0,18,0,2.0,0.0,6.0,2.0,False,abstract-level pattern match. NOT a read of the paper. Any case used as evidence must be opened and its numbers transcribed by hand.
ENOXAPARIN,39644036,PMC11665655,2024,Hemostasis and thrombosis risks and management in vascular anomalies.,,N,False,False,False,False,False,False,False,False,False,False,False,False,False,False,False,False,False,False,False,False,False,False,False,False,False,False,False,False,False,False,False,False,True,False,False,0,18,0,2.0,0.0,6.0,2.0,False,abstract-level pattern match. NOT a read of the paper. Any case used as evidence must be opened and its numbers transcribed by hand.
ENOXAPARIN,38813336,PMC11134116,2024,Atypical Presentation and Evolution of Necrotizing Enterocolitis as a PIK3CA Pathological Variant.,,Y,False,False,False,False,False,False,False,False,False,False,False,False,False,False,False,False,False,False,False,False,False,False,False,False,False,False,False,False,False,False,False,False,True,False,False,0,18,0,2.0,0.0,6.0,2.0,False,abstract-level pattern match. NOT a read of the paper. Any case used as evidence must be opened and its numbers transcribed by hand.
ENOXAPARIN,34449521,PMC8395908,2021,Diagnosis of Classic Homocystinuria in Two Boys Presenting with Acute Cerebral Venous Thrombosis and Neurologic Dysfunction after Normal Newborn Screening.,,Y,True,False,False,False,False,False,False,False,False,False,False,False,False,False,False,False,False,False,False,False,False,False,False,False,False,False,False,False,False,False,False,False,True,False,False,1,18,0,2.0,0.0,6.0,2.0,False,abstract-level pattern match. NOT a read of the paper. Any case used as evidence must be opened and its numbers transcribed by hand.
ENOXAPARIN,35958735,PMC9355413,2022,Acute appendicitis presenting with MIS-C secondary to COVID-19.,,Y,False,False,False,False,False,False,False,False,False,False,False,False,False,False,False,False,False,False,False,False,False,False,False,False,False,False,False,False,False,False,False,False,True,False,False,0,18,0,2.0,0.0,6.0,2.0,False,abstract-level pattern match. NOT a read of the paper. Any case used as evidence must be opened and its numbers transcribed by hand.
ENOXAPARIN,39553193,PMC11563547,2025,Pregnancy in women on dialysis - Challenges in achieving evidence-based care.,,N,False,False,False,False,False,False,False,False,False,False,False,False,False,False,False,False,False,False,False,False,False,False,False,False,False,False,False,False,False,False,False,False,True,False,False,0,18,0,2.0,0.0,6.0,2.0,False,abstract-level pattern match. NOT a read of the paper. Any case used as evidence must be opened and its numbers transcribed by hand.
ENOXAPARIN,32705084,PMC7370315,2020,The use of separate-level neuraxial anaesthesia for caesarean delivery in a patient with a history of spinal tuberculosis.,,N,True,False,False,False,False,False,False,False,False,False,False,False,False,False,False,False,False,False,False,False,False,False,False,False,False,False,False,False,False,False,False,False,True,False,False,1,18,0,2.0,0.0,6.0,2.0,False,abstract-level pattern match. NOT a read of the paper. Any case used as evidence must be opened and its numbers transcribed by hand.
ENOXAPARIN,33371888,PMC7771095,2020,"Proceedings of the 33rd Congress of the Italian Society of Neonatology, Lombardy Section, 31 January - 1 February 2020 : Bergamo, Italy. 31 January-01 February 2020.",,Y,False,False,False,False,False,False,False,False,False,False,False,False,False,False,False,False,False,False,False,False,False,False,False,False,False,False,False,False,False,False,False,False,True,False,False,0,18,0,2.0,0.0,6.0,2.0,False,abstract-level pattern match. NOT a read of the paper. Any case used as evidence must be opened and its numbers transcribed by hand.
ENOXAPARIN,36042955,PMC9400189,2022,Pediatric Perioperative Clinical Pharmacy Practice: Clinical Considerations and Management: An Opinion of the Pediatrics and Perioperative Care Practice and Research Networks of the American College of Clinical Pharmacy.,,N,False,False,False,False,False,False,False,False,False,False,False,False,False,False,False,False,False,False,False,False,False,False,False,False,False,False,False,False,False,False,False,False,True,False,False,0,18,0,2.0,0.0,6.0,2.0,False,abstract-level pattern match. NOT a read of the paper. Any case used as evidence must be opened and its numbers transcribed by hand.
CETIRIZINE,39559520,PMC11571393,2023,Narrative Review of Postural Orthostatic Tachycardia Syndrome: Associated Conditions and Management Strategies.,,Y,False,False,False,False,False,False,False,False,False,False,False,False,False,False,False,False,False,False,False,False,False,False,False,False,False,False,False,False,False,False,False,False,True,False,False,0,18,0,2.0,0.0,6.0,2.0,False,abstract-level pattern match. NOT a read of the paper. Any case used as evidence must be opened and its numbers transcribed by hand.
ENOXAPARIN,34259783,PMC8280763,2021,Post-tracheostomy tracheoinnominate fistula: endovascular treatment.,,Y,False,False,False,False,False,False,False,False,False,False,False,False,False,False,False,False,False,False,False,False,False,False,False,False,False,False,False,False,False,False,False,False,True,False,False,0,18,0,2.0,0.0,6.0,2.0,False,abstract-level pattern match. NOT a read of the paper. Any case used as evidence must be opened and its numbers transcribed by hand.
ENOXAPARIN,38130363,PMC10731611,2024,Popliteal artery pseudoaneurysm and secondary ipsilateral deep vein thrombosis caused by an exostosis in a mature adult.,,Y,True,False,False,False,False,False,False,False,False,False,False,False,False,False,False,False,False,False,False,False,False,False,False,False,False,False,False,False,False,False,False,False,True,False,False,1,18,0,2.0,0.0,6.0,2.0,False,abstract-level pattern match. NOT a read of the paper. Any case used as evidence must be opened and its numbers transcribed by hand.
ENOXAPARIN,37814725,PMC10560536,2023,Bilateral Avascular Necrosis of the Femoral Heads Secondary to Familial Hyperlipidemia.,,Y,False,False,False,False,False,False,False,False,False,False,False,False,False,False,False,False,False,False,False,False,False,False,False,False,False,False,False,False,False,False,False,False,True,False,False,0,18,0,2.0,0.0,6.0,2.0,False,abstract-level pattern match. NOT a read of the paper. Any case used as evidence must be opened and its numbers transcribed by hand.
ENOXAPARIN,30112237,PMC6077650,2018,Management of Pregnancy with Klippel-Trenaunay-Weber Syndrome: A Case Report and Review.,,Y,False,False,False,False,False,False,False,False,False,False,False,False,False,False,False,False,False,False,False,False,False,False,False,False,False,False,False,False,False,False,False,False,True,False,False,0,18,0,2.0,0.0,6.0,2.0,False,abstract-level pattern match. NOT a read of the paper. Any case used as evidence must be opened and its numbers transcribed by hand.
ENOXAPARIN,31490637,PMC8513083,2019,Thrombosis risk factors in PIK3CA-related overgrowth spectrum and Proteus syndrome.,,N,False,False,False,False,False,False,False,False,False,False,False,False,False,False,False,False,False,False,False,False,False,False,False,False,False,False,False,False,False,False,False,False,True,False,False,0,18,0,2.0,0.0,6.0,2.0,False,abstract-level pattern match. NOT a read of the paper. Any case used as evidence must be opened and its numbers transcribed by hand.
ENOXAPARIN,34273751,PMC8260489,2021,Catastrophic antiphospholipid syndrome during pregnancy.,,Y,False,False,False,False,False,False,False,False,False,False,False,False,False,False,False,False,False,False,False,False,False,False,False,False,False,False,False,False,False,False,False,False,True,False,False,0,18,0,2.0,0.0,6.0,2.0,False,abstract-level pattern match. NOT a read of the paper. Any case used as evidence must be opened and its numbers transcribed by hand.
ENOXAPARIN,,PMC7103907,2019,"10th Congress of International Society of Systemic Auto-Inflammatory Diseases (ISSAID) : Genoa, Italy. 31 March - 3 April 2019",,Y,False,False,False,False,False,False,False,False,False,False,False,False,False,False,False,False,False,False,False,False,False,False,False,False,False,False,False,False,False,False,False,False,True,False,False,0,18,0,2.0,0.0,6.0,2.0,False,abstract-level pattern match. NOT a read of the paper. Any case used as evidence must be opened and its numbers transcribed by hand.
ENOXAPARIN,32014856,PMC6996520,2020,Clinical report: one year of treatment of Proteus syndrome with miransertib (ARQ 092).,,Y,False,False,False,False,False,False,False,False,False,False,False,False,False,False,True,False,False,False,False,False,False,False,False,False,False,False,False,False,False,False,False,False,True,False,False,1,18,0,2.0,0.0,6.0,2.0,False,abstract-level pattern match. NOT a read of the paper. Any case used as evidence must be opened and its numbers transcribed by hand.
ENOXAPARIN,,PMC11635789,2024,"Abstracts from the International Joint Congress of the International Society of Obstetric Medicine (ISOM) and the Society of Obstetric Medicine of Australia and New Zealand (SOMANZ), Sydney, October 2024",,N,False,False,False,False,False,False,False,False,False,False,False,False,False,False,False,False,False,False,False,False,False,False,False,False,False,False,False,False,False,False,False,False,True,False,False,0,18,0,2.0,0.0,6.0,2.0,False,abstract-level pattern match. NOT a read of the paper. Any case used as evidence must be opened and its numbers transcribed by hand.
ENOXAPARIN,33089377,PMC8009789,2021,Thromboprophylaxis in congenital nephrotic syndrome: 15-year experience from a national cohort.,,Y,False,False,False,False,False,False,False,False,False,False,False,False,False,False,False,False,False,False,False,False,False,False,False,False,False,False,False,False,False,False,False,False,True,False,False,0,18,0,2.0,0.0,6.0,2.0,False,abstract-level pattern match. NOT a read of the paper. Any case used as evidence must be opened and its numbers transcribed by hand.
ENOXAPARIN,33489601,PMC7815297,2020,SARS-CoV-2 Associated With Pneumothorax: A Case Report and Literature Review.,,Y,False,False,False,False,False,False,False,False,False,False,False,False,False,False,False,False,False,False,False,False,False,False,False,False,False,False,False,False,False,False,False,False,True,False,False,0,18,0,2.0,0.0,6.0,2.0,False,abstract-level pattern match. NOT a read of the paper. Any case used as evidence must be opened and its numbers transcribed by hand.
ENOXAPARIN,38694837,PMC11060946,2024,Anticoagulation and vascular anomalies.,,Y,False,False,False,False,False,False,False,False,False,False,False,False,False,False,False,False,False,False,False,False,False,False,False,False,False,False,False,False,False,False,False,False,True,False,False,0,18,0,2.0,0.0,6.0,2.0,False,abstract-level pattern match. NOT a read of the paper. Any case used as evidence must be opened and its numbers transcribed by hand.
PREDNISOLONE,38883580,PMC11177828,2024,"Imatinib and Trigger Avoidance for Mast Cell Activation Syndrome Presenting With Attacks of Abdominal Pain, Nausea, Vomiting, and Diarrhea.",,Y,True,False,False,False,False,False,False,False,False,False,False,False,False,False,False,False,False,False,False,False,False,False,False,False,False,False,False,False,False,False,False,False,True,False,False,1,18,0,2.0,0.0,6.0,2.0,False,abstract-level pattern match. NOT a read of the paper. Any case used as evidence must be opened and its numbers transcribed by hand.
PREDNISOLONE,38173886,PMC10762330,2024,Concomitant uterus agenesia and Marfan syndrome with systemic sclerosis: A rare case report.,,Y,False,False,False,False,False,False,False,False,False,False,False,True,False,False,False,False,False,False,False,False,False,False,False,False,False,False,False,False,False,False,False,False,True,False,False,1,18,0,2.0,0.0,6.0,2.0,False,abstract-level pattern match. NOT a read of the paper. Any case used as evidence must be opened and its numbers transcribed by hand.
PREDNISOLONE,40802032,PMC12380898,2025,Clinical practice guidelines for rituximab treatment in children with steroid-sensitive nephrotic syndrome.,,Y,False,False,False,False,False,False,False,False,False,False,False,True,False,False,False,False,False,False,False,False,False,False,False,False,False,False,False,False,False,False,False,False,True,False,False,1,18,0,2.0,0.0,6.0,2.0,False,abstract-level pattern match. NOT a read of the paper. Any case used as evidence must be opened and its numbers transcribed by hand.
PREDNISOLONE,37809096,PMC10551459,2023,The genetic and clinical characteristics and effects of Canakinumab on cryopyrin-associated periodic syndrome: a large pediatric cohort study from China.,,Y,False,False,False,False,False,False,False,False,False,False,False,False,False,False,False,False,False,False,False,False,False,False,False,False,False,False,False,False,False,False,False,False,True,False,False,0,18,0,2.0,0.0,6.0,2.0,False,abstract-level pattern match. NOT a read of the paper. Any case used as evidence must be opened and its numbers transcribed by hand.
PREDNISOLONE,40217313,PMC11960324,2023,Smith-Kingsmore syndrome with nystagmus as the initial symptom.,,Y,False,False,False,False,False,False,False,False,False,False,False,False,False,False,True,False,False,False,False,False,False,False,False,False,False,False,False,False,False,False,False,False,True,False,False,1,18,0,2.0,0.0,6.0,2.0,False,abstract-level pattern match. NOT a read of the paper. Any case used as evidence must be opened and its numbers transcribed by hand.
PREDNISOLONE,39035401,PMC11254653,2024,Time is Gut. Approaching Intestinal Leiomyositis: Case Presentation and Literature Review.,,Y,False,False,False,False,False,False,False,False,False,False,False,False,False,False,False,False,False,False,False,False,False,False,False,False,False,False,False,False,False,False,False,False,True,False,False,0,18,0,2.0,0.0,6.0,2.0,False,abstract-level pattern match. NOT a read of the paper. Any case used as evidence must be opened and its numbers transcribed by hand.
PREDNISOLONE,41079820,PMC12510895,2025,Strawberry Gingivitis as the Primary Sign of ANCA-Negative Granulomatosis With Polyangiitis (GPA): A Case Report.,,Y,False,False,False,False,False,False,False,False,False,False,False,False,False,False,False,False,False,False,False,False,False,False,False,False,False,False,False,False,False,False,False,False,True,False,False,0,18,0,2.0,0.0,6.0,2.0,False,abstract-level pattern match. NOT a read of the paper. Any case used as evidence must be opened and its numbers transcribed by hand.
PREDNISOLONE,41367530,PMC12683492,2025,Expert consensus on the off-label use of drugs for pediatric rare diseases in China (2025 edition).,,Y,False,False,False,False,False,False,False,False,False,False,False,False,False,False,False,False,False,False,False,False,False,False,False,False,False,False,False,False,False,False,False,False,True,False,False,0,18,0,2.0,0.0,6.0,2.0,False,abstract-level pattern match. NOT a read of the paper. Any case used as evidence must be opened and its numbers transcribed by hand.
PREDNISOLONE,39897268,PMC11783983,2025,Chronic Sclerosing Osteomyelitis of the Mandible: A Case Report.,,Y,False,False,False,False,False,False,False,False,False,False,False,False,False,False,False,False,False,False,False,False,False,False,False,False,False,False,False,False,False,False,False,False,True,False,False,0,18,0,2.0,0.0,6.0,2.0,False,abstract-level pattern match. NOT a read of the paper. Any case used as evidence must be opened and its numbers transcribed by hand.
PREDNISOLONE,39776845,PMC11703846,2024,Fecal microbiota transplantation in severe pneumonia: a case report on overcoming pan-drug resistant <i>Klebsiella pneumoniae</i> infection.,,Y,True,False,False,False,False,False,False,False,False,False,False,False,False,False,False,False,False,False,False,False,False,False,False,False,False,False,False,False,False,False,False,False,True,False,False,1,18,0,2.0,0.0,6.0,2.0,False,abstract-level pattern match. NOT a read of the paper. Any case used as evidence must be opened and its numbers transcribed by hand.
BECLOMETHASONE DIPROPIONATE,2491825,PMC7130206,1989,Effect of prostaglandin inhibitors on bile salt-induced mucosal damage of porcine colon.,,Y,False,False,False,False,False,False,False,False,False,False,False,False,False,False,False,False,False,False,False,False,False,False,False,False,False,False,False,False,False,False,False,False,True,False,False,0,18,0,2.0,0.0,6.0,2.0,False,abstract-level pattern match. NOT a read of the paper. Any case used as evidence must be opened and its numbers transcribed by hand.
PREDNISOLONE,37252043,PMC10213434,2023,Celiac crisis as the life-threatening onset of celiac disease in children: a case report.,,Y,False,False,False,False,False,False,False,False,False,True,False,False,False,False,False,False,False,False,False,False,False,False,False,False,False,False,False,False,False,False,False,False,True,False,False,1,18,0,2.0,0.0,6.0,2.0,False,abstract-level pattern match. NOT a read of the paper. Any case used as evidence must be opened and its numbers transcribed by hand.
PREDNISOLONE,39835080,PMC11743685,2024,A Rare Case of Autoimmune Enteropathy After Thymectomy.,,Y,True,False,False,False,False,False,False,False,False,False,False,False,False,False,False,False,False,False,False,False,False,False,False,False,False,False,False,False,False,False,False,False,True,False,False,1,18,0,2.0,0.0,6.0,2.0,False,abstract-level pattern match. NOT a read of the paper. Any case used as evidence must be opened and its numbers transcribed by hand.
PREDNISOLONE,40660522,PMC12263011,2025,"Generalized gingival enlargement, periodontitis, and osteonecrosis of the jaw as manifestations of IgG4-related disease: A rare case report.",,Y,True,False,False,False,False,False,False,False,False,False,False,False,False,False,False,False,False,False,False,False,False,False,False,False,False,False,False,False,False,False,False,False,True,False,False,1,18,0,2.0,0.0,6.0,2.0,False,abstract-level pattern match. NOT a read of the paper. Any case used as evidence must be opened and its numbers transcribed by hand.
PREDNISOLONE,37963668,PMC10649671,2023,Brachial artery aneurysm and bilateral posterior circulation strokes in a young child with tuberous sclerosis complex.,,N,False,False,False,False,False,False,False,False,False,False,False,False,False,False,False,False,False,False,False,False,False,False,False,False,False,False,False,False,False,False,False,False,True,False,False,0,18,0,2.0,0.0,6.0,2.0,False,abstract-level pattern match. NOT a read of the paper. Any case used as evidence must be opened and its numbers transcribed by hand.
ENOXAPARIN,34026175,PMC8136448,2021,Immature teratoma in an adolescent with Proteus syndrome: A novel association.,,Y,False,False,False,False,False,False,False,False,False,False,False,False,False,False,False,False,False,False,False,False,False,False,False,False,False,False,False,False,False,False,False,False,True,False,False,0,18,0,2.0,0.0,6.0,2.0,False,abstract-level pattern match. NOT a read of the paper. Any case used as evidence must be opened and its numbers transcribed by hand.
ENOXAPARIN,38126053,PMC10730274,2023,A 'dreaded' complication of stuck prosthetic valve in the first trimester pregnancy.,,N,False,False,False,False,False,False,False,False,False,False,False,False,False,False,False,False,False,False,False,False,False,False,False,False,False,False,False,False,False,False,False,False,True,False,False,0,18,0,2.0,0.0,6.0,2.0,False,abstract-level pattern match. NOT a read of the paper. Any case used as evidence must be opened and its numbers transcribed by hand.
ENOXAPARIN,37963668,PMC10649671,2023,Brachial artery aneurysm and bilateral posterior circulation strokes in a young child with tuberous sclerosis complex.,,N,False,False,False,False,False,False,False,False,False,False,False,False,False,False,False,False,False,False,False,False,False,False,False,False,False,False,False,False,False,False,False,False,True,False,False,0,18,0,2.0,0.0,6.0,2.0,False,abstract-level pattern match. NOT a read of the paper. Any case used as evidence must be opened and its numbers transcribed by hand.
ENOXAPARIN,36483799,PMC9724511,2022,Unusual presentation of Loeys-Dietz syndrome: A case report of clinical findings and treatment challenges.,,Y,True,False,False,False,False,False,False,False,False,False,False,False,False,False,False,False,False,False,False,False,False,False,False,False,False,False,False,False,False,False,False,False,True,False,False,1,18,0,2.0,0.0,6.0,2.0,False,abstract-level pattern match. NOT a read of the paper. Any case used as evidence must be opened and its numbers transcribed by hand.
PREDNISOLONE,40364058,PMC12072469,2025,Cutaneous Adverse Events Following Nemolizumab Administration: A Review.,,Y,False,False,False,False,False,False,False,False,False,False,False,False,False,False,False,False,False,False,False,False,False,False,False,False,False,False,False,False,False,False,False,False,True,False,False,0,18,0,2.0,0.0,6.0,2.0,False,abstract-level pattern match. NOT a read of the paper. Any case used as evidence must be opened and its numbers transcribed by hand.
PREDNISOLONE,41511357,PMC12786084,2026,Genetic Determinants of Wound Healing: Monogenic Disorders and Polygenic Influence.,,Y,False,False,False,False,False,False,False,False,False,False,False,False,False,False,False,False,False,False,False,False,False,False,False,False,False,False,False,False,False,False,False,False,True,False,False,0,18,0,2.0,0.0,6.0,2.0,False,abstract-level pattern match. NOT a read of the paper. Any case used as evidence must be opened and its numbers transcribed by hand.
PREDNISOLONE,38562276,PMC10982137,2024,Acute Suppurative Thyroiditis in Childhood: An Atypical Presentation.,,Y,False,False,False,False,False,False,False,False,False,False,False,False,False,False,False,False,False,False,False,False,False,False,False,False,False,False,False,False,False,False,False,False,True,False,False,0,18,0,2.0,0.0,6.0,2.0,False,abstract-level pattern match. NOT a read of the paper. Any case used as evidence must be opened and its numbers transcribed by hand.
IDURSULFASE,26845288,PMC7173756,2016,Enzyme replacement therapy with idursulfase for mucopolysaccharidosis type II (Hunter syndrome).,,N,False,False,False,False,False,False,False,False,False,False,False,False,False,False,False,False,False,False,False,False,False,False,False,False,False,False,False,False,False,False,False,False,True,False,False,0,18,0,2.0,0.0,6.0,2.0,False,abstract-level pattern match. NOT a read of the paper. Any case used as evidence must be opened and its numbers transcribed by hand.
IDURSULFASE,39201256,PMC11354461,2024,Intravenous Idursulfase for the Treatment of Mucopolysaccharidosis Type II: A Systematic Literature Review.,,Y,False,False,False,False,False,False,False,False,False,False,False,False,False,False,False,False,False,False,False,False,False,False,False,False,False,False,False,False,False,False,False,False,True,False,False,0,18,0,2.0,0.0,6.0,2.0,False,abstract-level pattern match. NOT a read of the paper. Any case used as evidence must be opened and its numbers transcribed by hand.
BECLOMETHASONE DIPROPIONATE,25674175,PMC4319197,2014,Systemic effects of inhaled corticosteroids: an overview.,,Y,False,False,False,False,False,False,False,False,False,False,False,False,False,False,False,False,False,False,False,False,False,False,False,False,False,False,False,False,False,False,False,False,True,False,False,0,18,0,2.0,0.0,6.0,2.0,False,abstract-level pattern match. NOT a read of the paper. Any case used as evidence must be opened and its numbers transcribed by hand.
BECLOMETHASONE DIPROPIONATE,41024766,PMC12476678,2025,Second United Arab Emirates consensus guidance on the diagnosis and management of inflammatory bowel disease.,,Y,False,False,False,False,False,False,False,False,True,False,False,False,False,False,False,False,False,False,False,False,False,False,False,False,False,False,False,False,False,False,False,False,True,False,False,1,18,0,2.0,0.0,6.0,2.0,False,abstract-level pattern match. NOT a read of the paper. Any case used as evidence must be opened and its numbers transcribed by hand.
BECLOMETHASONE DIPROPIONATE,28793336,PMC5549998,2017,A systematic review of adverse drug events associated with administration of common asthma medications in children.,,Y,False,False,False,False,False,False,False,False,False,False,False,False,False,False,False,False,False,False,False,False,False,False,False,False,False,False,False,False,False,False,False,False,True,False,False,0,18,0,2.0,0.0,6.0,2.0,False,abstract-level pattern match. NOT a read of the paper. Any case used as evidence must be opened and its numbers transcribed by hand.
BECLOMETHASONE DIPROPIONATE,33680125,PMC7908897,2021,The Saudi Initiative for Asthma - 2021 Update: Guidelines for the diagnosis and management of asthma in adults and children.,,Y,True,False,False,False,False,False,False,False,False,False,False,False,False,False,False,False,False,False,False,False,False,False,False,False,False,False,False,False,False,False,False,False,True,False,False,1,18,0,2.0,0.0,6.0,2.0,False,abstract-level pattern match. NOT a read of the paper. Any case used as evidence must be opened and its numbers transcribed by hand.
BECLOMETHASONE DIPROPIONATE,31562236,PMC6872448,2019,British Society of Gastroenterology consensus guidelines on the management of inflammatory bowel disease in adults.,,Y,False,False,False,False,False,False,False,False,False,True,False,False,False,False,False,False,False,False,False,False,False,False,False,False,False,False,False,False,False,False,False,False,True,False,False,1,18,0,2.0,0.0,6.0,2.0,False,abstract-level pattern match. NOT a read of the paper. Any case used as evidence must be opened and its numbers transcribed by hand.
BECLOMETHASONE DIPROPIONATE,31271656,PMC6609325,2019,Inhaled corticosteroids for cystic fibrosis.,,N,False,False,False,False,False,False,False,False,False,False,False,False,False,False,False,False,False,False,False,False,False,False,False,False,False,False,False,False,False,False,False,False,True,False,False,0,18,0,2.0,0.0,6.0,2.0,False,abstract-level pattern match. NOT a read of the paper. Any case used as evidence must be opened and its numbers transcribed by hand.
BECLOMETHASONE DIPROPIONATE,29438602,PMC7286723,2018,International Consensus Statement on Allergy and Rhinology: Allergic Rhinitis.,,N,False,False,False,False,False,False,False,False,False,False,False,False,False,False,False,False,False,False,False,False,False,False,False,False,False,False,False,False,False,False,False,False,True,False,False,0,18,0,2.0,0.0,6.0,2.0,False,abstract-level pattern match. NOT a read of the paper. Any case used as evidence must be opened and its numbers transcribed by hand.
BECLOMETHASONE DIPROPIONATE,12089123,PMC1751129,2002,"Cushing's syndrome, growth impairment, and occult adrenal suppression associated with intranasal steroids.",,N,False,False,False,False,False,False,False,False,False,False,False,False,False,False,True,False,False,False,False,False,False,False,False,False,False,False,False,False,False,False,False,False,True,False,False,1,18,0,2.0,0.0,6.0,2.0,False,abstract-level pattern match. NOT a read of the paper. Any case used as evidence must be opened and its numbers transcribed by hand.
PREDNISOLONE,36593618,PMC9743275,2022,Two siblings with non-classic P450scc deficiency resulted from a novel mutation in <i>CYP11A1</i> gene misdiagnosed as familial glucocorticoid deficiency.,,N,False,False,False,False,False,False,False,False,False,False,False,False,False,False,False,False,False,False,False,False,False,False,False,False,False,False,False,False,False,False,False,False,True,False,False,0,18,0,2.0,0.0,6.0,2.0,False,abstract-level pattern match. NOT a read of the paper. Any case used as evidence must be opened and its numbers transcribed by hand.
PREDNISOLONE,41944916,PMC13065935,2026,Colletotrichum fructicola-induced fungal keratitis: a case report and literature review.,,Y,True,False,False,False,False,False,False,False,False,False,False,False,False,False,False,False,False,False,False,False,False,False,False,False,False,False,False,False,False,False,False,False,True,False,False,1,18,0,2.0,0.0,6.0,2.0,False,abstract-level pattern match. NOT a read of the paper. Any case used as evidence must be opened and its numbers transcribed by hand.
ICATIBANT,,PMC7103907,2019,"10th Congress of International Society of Systemic Auto-Inflammatory Diseases (ISSAID) : Genoa, Italy. 31 March - 3 April 2019",,Y,False,False,False,False,False,False,False,False,False,False,False,False,False,False,False,False,False,False,False,False,False,False,False,False,False,False,False,False,False,False,False,False,True,False,False,0,18,0,2.0,0.0,6.0,2.0,False,abstract-level pattern match. NOT a read of the paper. Any case used as evidence must be opened and its numbers transcribed by hand.
ICATIBANT,26852129,PMC7100641,2016,Abstracts of the 82(nd) Annual Meeting of the German Society for Experimental and Clinical Pharmacology and Toxicology (DGPT) and the 18(th) Annual Meeting of the Network Clinical Pharmacology Germany (VKliPha) in cooper,,Y,False,False,False,False,False,False,False,False,False,False,False,False,False,False,False,False,False,False,False,False,False,False,False,False,False,False,False,False,False,False,False,False,True,False,False,0,18,0,2.0,0.0,6.0,2.0,False,abstract-level pattern match. NOT a read of the paper. Any case used as evidence must be opened and its numbers transcribed by hand.
BECLOMETHASONE DIPROPIONATE,39201886,PMC11353265,2024,Systemic Adverse Events Associated with Locally Administered Corticosteroids.,,Y,False,False,False,False,False,False,False,False,False,False,False,False,False,False,False,False,False,False,False,False,False,False,False,False,False,False,False,False,False,False,False,False,True,False,False,0,18,0,2.0,0.0,6.0,2.0,False,abstract-level pattern match. NOT a read of the paper. Any case used as evidence must be opened and its numbers transcribed by hand.
BECLOMETHASONE DIPROPIONATE,41754858,PMC12944292,2026,Diet and Gut Microbiota in Inflammatory Bowel Disease: A Clinical and Nutritional Perspective.,,Y,False,False,False,False,False,False,False,False,False,True,False,False,False,False,False,False,False,False,False,False,False,False,False,False,False,False,False,False,False,False,False,False,True,False,False,1,18,0,2.0,0.0,6.0,2.0,False,abstract-level pattern match. NOT a read of the paper. Any case used as evidence must be opened and its numbers transcribed by hand.
BECLOMETHASONE DIPROPIONATE,34457100,PMC8377547,2021,"Pneumatosis cystoides intestinalis, a rare case in a pediatric patient following allogeneic hematopoietic stem cell transplantation: CT findings and literature review.",,Y,False,False,False,False,False,False,False,False,False,False,False,False,False,False,False,False,False,False,False,False,False,False,False,False,False,False,False,False,False,False,False,False,True,False,False,0,18,0,2.0,0.0,6.0,2.0,False,abstract-level pattern match. NOT a read of the paper. Any case used as evidence must be opened and its numbers transcribed by hand.
BECLOMETHASONE DIPROPIONATE,27551328,PMC4982274,2016,The use of inhaled corticosteroids in pediatric asthma: update.,,Y,False,False,False,False,False,False,False,False,False,False,False,False,False,False,False,False,False,False,False,False,False,False,False,False,False,False,False,False,False,False,False,False,True,False,False,0,18,0,2.0,0.0,6.0,2.0,False,abstract-level pattern match. NOT a read of the paper. Any case used as evidence must be opened and its numbers transcribed by hand.
PREDNISOLONE,40657458,PMC12255341,2025,Concomitant Systemic Autoinflammatory Diseases: &lt;i&gt;Diagnostic and therapeutic challenges&lt;/i&gt;.,,Y,False,False,False,False,False,False,False,False,False,False,True,True,False,False,False,False,False,False,False,False,False,False,False,False,False,False,False,False,False,False,False,False,True,False,False,2,18,0,2.0,0.0,6.0,2.0,False,abstract-level pattern match. NOT a read of the paper. Any case used as evidence must be opened and its numbers transcribed by hand.
PREDNISOLONE,35232734,PMC8889164,2022,Kaposiform lymphangiomatosis presenting with a Group A <i>Streptococcus</i> pericardial effusion.,,N,True,False,False,False,False,False,False,False,False,False,False,False,False,False,False,False,False,False,False,False,False,False,False,False,False,False,False,False,False,False,False,False,True,False,False,1,18,0,2.0,0.0,6.0,2.0,False,abstract-level pattern match. NOT a read of the paper. Any case used as evidence must be opened and its numbers transcribed by hand.
PREDNISOLONE,36936194,PMC10015177,2023,Progressive osseous heteroplasia: A case report with an unexpected trigger.,,Y,False,False,False,False,False,False,False,False,False,True,False,False,False,False,False,False,False,False,False,False,False,False,False,False,False,False,False,False,False,False,False,False,True,False,False,1,18,0,2.0,0.0,6.0,2.0,False,abstract-level pattern match. NOT a read of the paper. Any case used as evidence must be opened and its numbers transcribed by hand.
PREDNISOLONE,38883133,PMC11177273,2024,"Spondyloenchondrodysplasia With Immune Dysregulation, but Without Skeletal Dysplasia, in a Six-Year-Old Boy: A Case Report.",,Y,False,False,False,False,False,False,False,False,False,False,False,False,False,False,True,False,False,False,False,False,False,False,False,False,False,False,False,False,False,False,False,False,True,False,False,1,18,0,2.0,0.0,6.0,2.0,False,abstract-level pattern match. NOT a read of the paper. Any case used as evidence must be opened and its numbers transcribed by hand.
PREDNISOLONE,39081307,PMC11286406,2024,Sweet syndrome associated with moderate leukocyte adhesion deficiency type I: a case report and review of the literature.,,Y,False,False,False,False,False,False,False,False,False,False,False,False,False,False,False,False,False,False,False,False,False,False,False,False,False,False,False,False,False,False,False,False,True,False,False,0,18,0,2.0,0.0,6.0,2.0,False,abstract-level pattern match. NOT a read of the paper. Any case used as evidence must be opened and its numbers transcribed by hand.
ICATIBANT,34646347,PMC8504306,2021,Case report: Hereditary angioedema in pregnancy.,,N,False,False,False,False,False,False,False,False,False,False,False,False,False,False,False,False,False,False,False,False,False,False,False,False,False,False,False,False,False,False,False,False,True,False,False,0,18,0,2.0,0.0,6.0,2.0,False,abstract-level pattern match. NOT a read of the paper. Any case used as evidence must be opened and its numbers transcribed by hand.
LEVOTHYROXINE,41964627,PMC13221798,2026,Angioleiomyoma Extending From the Iliac Vein to the Right Atrium.,,Y,True,False,False,False,False,False,False,False,False,False,False,False,False,False,False,False,False,False,False,False,False,False,False,False,False,False,False,False,False,False,False,False,True,False,False,1,18,0,2.0,0.0,6.0,2.0,False,abstract-level pattern match. NOT a read of the paper. Any case used as evidence must be opened and its numbers transcribed by hand.
LEVOTHYROXINE,40469084,PMC12135386,2025,Diagnosis of skeletal fragility due to Loeys-Dietz syndrome and treatment with romosozumab followed by denosumab.,,Y,True,False,False,False,False,False,False,False,False,False,False,False,False,False,True,False,False,False,False,False,False,False,False,False,False,False,False,False,False,False,False,False,True,False,False,2,18,0,2.0,0.0,6.0,2.0,False,abstract-level pattern match. NOT a read of the paper. Any case used as evidence must be opened and its numbers transcribed by hand.
LEVOTHYROXINE,38989384,PMC11233457,2024,Diagnosis of Graves' Disease and Methimazole-Induced Lupus Erythematosus in an Adolescent Male During the COVID-19 Era: A Case Report.,,Y,True,False,False,False,False,False,False,False,False,True,False,False,False,False,False,False,False,False,False,False,False,False,False,False,False,False,False,False,False,False,False,False,True,False,False,2,18,0,2.0,0.0,6.0,2.0,False,abstract-level pattern match. NOT a read of the paper. Any case used as evidence must be opened and its numbers transcribed by hand.
ALBUTEROL,20586582,PMC4623817,2010,"Abstracts of the 2010 NATA (National Athletic Trainers' Association) Annual Meeting and Clinical Symposia. June 23-25, 2010. Philadelphia, Pennsylvania, USA.",,N,False,False,False,False,False,False,False,False,False,False,False,False,False,False,False,False,False,False,False,False,False,False,False,False,False,False,False,False,False,False,False,False,True,False,False,0,18,0,2.0,0.0,6.0,2.0,False,abstract-level pattern match. NOT a read of the paper. Any case used as evidence must be opened and its numbers transcribed by hand.
ALBUTEROL,23625304,PMC3654146,2013,"Abstracts of the 36th Annual Meeting of the Society of General Internal Medicine. April 24-27, 2013. Denver, Colorado, USA.",,Y,False,False,False,False,False,False,False,False,False,False,False,False,False,False,False,False,False,False,False,False,False,False,False,False,False,False,False,False,False,False,False,False,True,False,False,0,18,0,2.0,0.0,6.0,2.0,False,abstract-level pattern match. NOT a read of the paper. Any case used as evidence must be opened and its numbers transcribed by hand.
ALBUTEROL,21559853,PMC6730977,2011,"Building 21st Century medicine through education, research, policy and practice. Abstracts of the Society of General Internal Medicine 34th Annual Meeting. Phoenix, Arizona. May 4-7, 2011.",,Y,False,False,False,False,False,False,False,False,False,False,False,False,False,False,False,False,False,False,False,False,False,False,False,False,False,False,False,False,False,False,False,False,True,False,False,0,18,0,2.0,0.0,6.0,2.0,False,abstract-level pattern match. NOT a read of the paper. Any case used as evidence must be opened and its numbers transcribed by hand.
ALBUTEROL,15107043,PMC1492602,2004,"Abstracts of the 27th Annual Meeting of the Society of General Internal Medicine. Chicago, Illinois, USA, 12-15 May, 2004.",,Y,False,False,False,False,False,False,False,False,False,False,False,False,False,False,False,False,False,False,False,False,False,False,False,False,False,False,False,False,False,False,False,False,True,False,False,0,18,0,2.0,0.0,6.0,2.0,False,abstract-level pattern match. NOT a read of the paper. Any case used as evidence must be opened and its numbers transcribed by hand.
ALBUTEROL,18351425,PMC2270373,2008,"Abstracts from the 31st Annual Meeting of the Society of General Internal Medicine. April 9-12, 2008. Pittsburgh, Pennsylvania, USA.",,N,False,False,False,False,False,False,False,False,False,False,False,False,False,False,False,False,False,False,False,False,False,False,False,False,False,False,False,False,False,False,False,False,True,False,False,0,18,0,2.0,0.0,6.0,2.0,False,abstract-level pattern match. NOT a read of the paper. Any case used as evidence must be opened and its numbers transcribed by hand.
ALBUTEROL,17703327,PMC1484878,2006,"Abstracts of the Society of General Internal Medicine 29th Annual Meeting, April 26-29, 2006, Los Angeles, California, USA.",,Y,False,False,False,False,False,False,False,False,False,False,False,False,False,False,False,False,False,False,False,False,False,False,False,False,False,False,False,False,False,False,False,False,True,False,False,0,18,0,2.0,0.0,6.0,2.0,False,abstract-level pattern match. NOT a read of the paper. Any case used as evidence must be opened and its numbers transcribed by hand.
CETIRIZINE,41947909,PMC13051783,2026,Unraveling Fibrous Tonsil Lesions: A Case Series on Diagnostic Dilemmas in Pediatric Tonsillectomy.,,Y,False,False,False,False,False,False,False,False,False,False,False,False,False,False,False,False,False,False,False,False,False,False,False,False,False,False,False,False,False,False,False,False,True,False,False,0,18,0,2.0,0.0,6.0,2.0,False,abstract-level pattern match. NOT a read of the paper. Any case used as evidence must be opened and its numbers transcribed by hand.
ENOXAPARIN,37689629,PMC10492311,2023,Maternal COVID-19 causing intrauterine foetal demise with microthrombotic placental insufficiency: a case report.,,Y,False,False,False,False,False,False,False,False,False,False,False,False,False,False,False,False,False,False,False,False,False,False,False,False,False,False,False,False,False,False,False,False,True,False,False,0,18,0,2.0,0.0,6.0,2.0,False,abstract-level pattern match. NOT a read of the paper. Any case used as evidence must be opened and its numbers transcribed by hand.
CETIRIZINE,42311958,PMC13271579,2026,Angioedema Presenting as Infant-Onset Primary Lymphedema.,,N,False,False,False,False,False,False,False,False,False,False,False,False,False,False,False,False,False,False,False,False,False,False,False,False,False,False,False,False,False,False,False,False,True,False,False,0,18,0,2.0,0.0,6.0,2.0,False,abstract-level pattern match. NOT a read of the paper. Any case used as evidence must be opened and its numbers transcribed by hand.
CETIRIZINE,40802032,PMC12380898,2025,Clinical practice guidelines for rituximab treatment in children with steroid-sensitive nephrotic syndrome.,,Y,False,False,False,False,False,False,False,False,False,False,False,True,False,False,False,False,False,False,False,False,False,False,False,False,False,False,False,False,False,False,False,False,True,False,False,1,18,0,2.0,0.0,6.0,2.0,False,abstract-level pattern match. NOT a read of the paper. Any case used as evidence must be opened and its numbers transcribed by hand.
CETIRIZINE,41277234,PMC12645903,2025,Gut microbiota dysbiosis at the interface of neuropsychiatric disorders and their dermatological comorbidities.,,Y,False,False,False,False,False,False,False,False,False,False,False,False,False,False,False,False,False,False,False,False,False,False,False,False,False,False,False,False,False,False,False,False,True,False,False,0,18,0,2.0,0.0,6.0,2.0,False,abstract-level pattern match. NOT a read of the paper. Any case used as evidence must be opened and its numbers transcribed by hand.
CETIRIZINE,,PMC10672129,2023,Neuropsychiatric Manifestations of Mast Cell Activation Syndrome and Response to Mast-Cell-Directed Treatment: A Case Series,,Y,False,False,False,False,False,False,False,False,False,False,False,False,False,False,False,False,False,False,False,False,False,False,False,False,False,False,False,False,False,False,False,False,True,False,False,0,18,0,2.0,0.0,6.0,2.0,False,abstract-level pattern match. NOT a read of the paper. Any case used as evidence must be opened and its numbers transcribed by hand.
CETIRIZINE,37752934,PMC10519234,2023,"Complex Presentations, Identification and Treatment of Mast Cell Activation Syndrome and Associated Conditions: A Case Report.",,N,True,False,False,False,False,False,False,False,False,False,False,False,False,False,False,False,False,False,False,False,False,False,False,False,False,False,False,False,False,False,False,False,True,False,False,1,18,0,2.0,0.0,6.0,2.0,False,abstract-level pattern match. NOT a read of the paper. Any case used as evidence must be opened and its numbers transcribed by hand.
CETIRIZINE,34239499,PMC8258411,2021,Case Report: Liraglutide for Weight Management in Beckwith-Wiedemann Syndromic Obesity.,,Y,True,False,False,False,False,False,False,False,False,True,False,False,False,False,False,False,False,False,False,False,False,False,False,False,False,False,False,False,False,False,False,False,True,False,False,2,18,0,2.0,0.0,6.0,2.0,False,abstract-level pattern match. NOT a read of the paper. Any case used as evidence must be opened and its numbers transcribed by hand.
CETIRIZINE,42042830,PMC13120093,2026,Autoimmune Features of Post-COVID-19 Vaccination Syndrome and Their Impacts on the Renin-Angiotensin System.,,Y,False,False,False,False,False,False,False,False,False,False,False,False,False,False,False,False,False,False,False,False,False,False,False,False,False,False,False,False,False,False,False,False,True,False,False,0,18,0,2.0,0.0,6.0,2.0,False,abstract-level pattern match. NOT a read of the paper. Any case used as evidence must be opened and its numbers transcribed by hand.
ALBUTEROL,10906907,PMC1230847,1999,"Canadian Asthma Consensus Report, 1999. Canadian Asthma Consensus Group.",,N,False,False,False,False,False,False,False,False,False,False,False,False,False,False,False,False,False,False,False,False,False,False,False,False,False,False,False,False,False,False,False,False,True,False,False,0,18,0,2.0,0.0,6.0,2.0,False,abstract-level pattern match. NOT a read of the paper. Any case used as evidence must be opened and its numbers transcribed by hand.
CETIRIZINE,34649967,PMC8751418,2021,Case report: five-year experience of AKT inhibition with miransertib (MK-7075) in an individual with Proteus syndrome.,,Y,False,False,False,False,False,False,False,False,False,False,False,False,False,False,False,False,False,False,False,False,False,False,False,False,False,False,False,False,False,False,False,False,True,False,False,0,18,0,2.0,0.0,6.0,2.0,False,abstract-level pattern match. NOT a read of the paper. Any case used as evidence must be opened and its numbers transcribed by hand.
CETIRIZINE,34640558,PMC8509766,2021,Anti-Obesity Medication Use in Children and Adolescents with Prader-Willi Syndrome: Case Review and Literature Search.,,Y,False,False,False,False,False,False,False,False,False,True,False,False,False,False,False,False,False,False,False,False,False,False,False,False,False,False,False,False,False,False,False,False,True,False,False,1,18,0,2.0,0.0,6.0,2.0,False,abstract-level pattern match. NOT a read of the paper. Any case used as evidence must be opened and its numbers transcribed by hand.
ALBUTEROL,26507130,PMC4624587,2015,Diagnosis and management of inhalation injury: an updated review.,,Y,False,False,False,False,False,False,False,False,False,False,False,False,False,False,False,False,False,False,False,False,False,False,False,False,False,False,False,False,False,False,False,False,True,False,False,0,18,0,2.0,0.0,6.0,2.0,False,abstract-level pattern match. NOT a read of the paper. Any case used as evidence must be opened and its numbers transcribed by hand.
ALBUTEROL,40722188,PMC12306108,2025,Use of cholic acid in Smith-Lemli-Opitz syndrome (SLOS): real-world patient outcomes.,,Y,False,False,False,False,False,False,False,False,False,False,False,False,True,False,False,False,False,False,False,False,False,False,False,False,False,False,False,False,False,False,False,False,True,False,False,1,18,0,2.0,0.0,6.0,2.0,False,abstract-level pattern match. NOT a read of the paper. Any case used as evidence must be opened and its numbers transcribed by hand.
ALBUTEROL,37714562,PMC10510905,2023,Lady Windermere syndrome with haemoptysis: suspected pulmonary aspergilloma and MAC pulmonary disease.,,N,False,False,False,False,False,False,False,False,False,True,False,False,False,False,True,False,False,False,False,False,False,False,False,False,False,False,False,False,False,False,False,False,True,False,False,2,18,0,2.0,0.0,6.0,2.0,False,abstract-level pattern match. NOT a read of the paper. Any case used as evidence must be opened and its numbers transcribed by hand.
ALBUTEROL,38357061,PMC10866550,2024,"Recurrent Subglottic Stenosis in a 16-Month-Old Male in the Setting of Influenza A, Intubation, and Honey Consumption.",,Y,False,False,False,False,False,False,False,False,False,False,False,False,False,False,False,False,False,False,False,False,False,False,False,False,False,False,False,False,False,False,False,False,True,False,False,0,18,0,2.0,0.0,6.0,2.0,False,abstract-level pattern match. NOT a read of the paper. Any case used as evidence must be opened and its numbers transcribed by hand.
ALBUTEROL,35232734,PMC8889164,2022,Kaposiform lymphangiomatosis presenting with a Group A <i>Streptococcus</i> pericardial effusion.,,N,True,False,False,False,False,False,False,False,False,False,False,False,False,False,False,False,False,False,False,False,False,False,False,False,False,False,False,False,False,False,False,False,True,False,False,1,18,0,2.0,0.0,6.0,2.0,False,abstract-level pattern match. NOT a read of the paper. Any case used as evidence must be opened and its numbers transcribed by hand.
MONTELUKAST,35516715,PMC9067220,2022,Post-COVID-19 pulmonary cavitation and tension pneumothorax in a non-ventilated patient.,,Y,False,False,False,False,False,False,False,False,False,False,False,False,False,False,False,False,False,False,False,False,False,False,False,False,False,False,False,False,False,False,False,False,True,False,False,0,18,0,2.0,0.0,6.0,2.0,False,abstract-level pattern match. NOT a read of the paper. Any case used as evidence must be opened and its numbers transcribed by hand.
ALBUTEROL,27644018,PMC6501572,2016,Expanding the phenotype of Triple X syndrome: A comparison of prenatal versus postnatal diagnosis.,,N,False,False,False,False,False,False,False,False,False,False,False,False,False,False,False,False,False,False,False,False,False,False,False,False,False,False,False,False,False,False,False,False,True,False,False,0,18,0,2.0,0.0,6.0,2.0,False,abstract-level pattern match. NOT a read of the paper. Any case used as evidence must be opened and its numbers transcribed by hand.
ALBUTEROL,28440920,PMC7167696,2017,Pediatric pulmonology year in review 2016: Part 2.,,N,False,False,False,False,False,False,False,False,False,False,False,False,False,False,False,False,False,False,False,False,False,False,False,False,False,False,False,False,False,False,False,False,True,False,False,0,18,0,2.0,0.0,6.0,2.0,False,abstract-level pattern match. NOT a read of the paper. Any case used as evidence must be opened and its numbers transcribed by hand.
ALBUTEROL,34640558,PMC8509766,2021,Anti-Obesity Medication Use in Children and Adolescents with Prader-Willi Syndrome: Case Review and Literature Search.,,Y,False,False,False,False,False,False,False,False,False,True,False,False,False,False,False,False,False,False,False,False,False,False,False,False,False,False,False,False,False,False,False,False,True,False,False,1,18,0,2.0,0.0,6.0,2.0,False,abstract-level pattern match. NOT a read of the paper. Any case used as evidence must be opened and its numbers transcribed by hand.
ALBUTEROL,40868023,PMC12382932,2025,&lt;i&gt;Clostridioides difficile&lt;/i&gt; in Peripartum Women: Review of Outcomes and Treatment.,,Y,False,False,False,False,False,False,False,False,False,False,False,False,False,False,False,False,False,False,False,False,False,False,False,False,False,False,False,False,False,False,False,False,True,False,False,0,18,0,2.0,0.0,6.0,2.0,False,abstract-level pattern match. NOT a read of the paper. Any case used as evidence must be opened and its numbers transcribed by hand.
ALBUTEROL,39663303,PMC11811241,2025,"Diagnosis, treatment, and follow-up of patients with hypophosphatasia.",,Y,False,False,False,False,False,False,False,False,False,False,False,False,False,False,False,False,False,False,False,False,False,False,False,False,False,False,False,False,False,False,False,False,True,False,False,0,18,0,2.0,0.0,6.0,2.0,False,abstract-level pattern match. NOT a read of the paper. Any case used as evidence must be opened and its numbers transcribed by hand.
LEVOTHYROXINE,38671620,PMC11049647,2024,Ultrasound-Histopathological Presentation of Thyroid and Ovary Lesions in Adolescent Patients with DICER1 Syndrome: Case Reports and Literature Overview.,,Y,True,False,False,False,False,False,False,False,False,False,False,False,False,False,False,False,False,False,False,False,False,False,False,False,False,False,False,False,False,False,False,False,True,False,False,1,18,0,2.0,0.0,6.0,2.0,False,abstract-level pattern match. NOT a read of the paper. Any case used as evidence must be opened and its numbers transcribed by hand.
ALBUTEROL,34588941,PMC8475801,2021,Supratherapeutic Posaconazole Concentration in a Pediatric Transplant Patient With Confirmed <i>Rhizopus</i> Infection.,,N,True,False,False,False,False,False,False,False,False,False,False,False,False,False,False,False,False,False,False,False,False,False,False,False,False,False,False,False,False,False,False,False,True,False,False,1,18,0,2.0,0.0,6.0,2.0,False,abstract-level pattern match. NOT a read of the paper. Any case used as evidence must be opened and its numbers transcribed by hand.
ALBUTEROL,28044119,PMC5156805,2016,A 14-Year-Old Boy with Unusual Presentation of Respiratory Distress.,,Y,True,False,False,False,False,False,False,False,False,False,False,False,False,False,False,False,False,False,False,False,False,False,False,False,False,False,False,False,False,False,False,False,True,False,False,1,18,0,2.0,0.0,6.0,2.0,False,abstract-level pattern match. NOT a read of the paper. Any case used as evidence must be opened and its numbers transcribed by hand.
LEVOTHYROXINE,37189863,PMC10137292,2023,Pediatric Myxedema Due to Autoimmune Hypothyroidism: A Rare Complication of a Common Disorder.,,Y,True,False,False,False,False,False,False,False,False,False,False,False,False,False,False,False,False,False,False,False,False,False,False,False,False,False,False,False,False,False,False,False,True,False,False,1,18,0,2.0,0.0,6.0,2.0,False,abstract-level pattern match. NOT a read of the paper. Any case used as evidence must be opened and its numbers transcribed by hand.
LEVOTHYROXINE,38299175,PMC10825655,2024,A novel variant of <i>IGSF1</i> in siblings with congenital central hypothyroidism whose diagnosis was prompted by school health checkups.,,Y,False,False,False,False,False,False,False,False,False,False,False,False,True,False,False,False,False,False,False,False,False,False,False,False,False,False,False,False,False,False,False,False,True,False,False,1,18,0,2.0,0.0,6.0,2.0,False,abstract-level pattern match. NOT a read of the paper. Any case used as evidence must be opened and its numbers transcribed by hand.
ALBUTEROL,28793336,PMC5549998,2017,A systematic review of adverse drug events associated with administration of common asthma medications in children.,,Y,False,False,False,False,False,False,False,False,False,False,False,False,False,False,False,False,False,False,False,False,False,False,False,False,False,False,False,False,False,False,False,False,True,False,False,0,18,0,2.0,0.0,6.0,2.0,False,abstract-level pattern match. NOT a read of the paper. Any case used as evidence must be opened and its numbers transcribed by hand.
ALBUTEROL,32367309,PMC7385021,2020,Cinacalcet studies in pediatric subjects with secondary hyperparathyroidism receiving dialysis.,,Y,False,False,False,False,False,False,False,False,True,False,False,False,False,False,True,False,False,False,False,False,False,False,False,False,False,False,False,False,False,False,False,False,True,False,False,2,18,0,2.0,0.0,6.0,2.0,False,abstract-level pattern match. NOT a read of the paper. Any case used as evidence must be opened and its numbers transcribed by hand.
ALBUTEROL,33052280,PMC7544604,2020,Hydatidiform Mole in a Patient With a Concern for Neoplasia: A Case Report.,,Y,False,False,False,False,False,False,False,False,False,False,False,False,False,False,False,False,False,False,False,False,False,False,False,False,False,False,False,False,False,False,False,False,True,False,False,0,18,0,2.0,0.0,6.0,2.0,False,abstract-level pattern match. NOT a read of the paper. Any case used as evidence must be opened and its numbers transcribed by hand.
ALBUTEROL,22567452,PMC3335718,2011,Idiopathic gingival hyperplasia: a case report with a 17-year followup.,,Y,False,False,False,False,False,False,False,False,False,False,False,False,False,False,False,False,False,False,False,False,False,False,False,False,False,False,False,False,False,False,False,False,True,False,False,0,18,0,2.0,0.0,6.0,2.0,False,abstract-level pattern match. NOT a read of the paper. Any case used as evidence must be opened and its numbers transcribed by hand.
ALBUTEROL,29603868,PMC7167873,2018,"American Society of Pediatric Hematology/Oncology (ASPHO), David L. Lawrence Convention Center, Pittsburgh, PA, May 2-5, 2018.",,N,False,False,False,False,False,False,False,False,False,False,False,False,False,False,False,False,False,False,False,False,False,False,False,False,False,False,False,False,False,False,False,False,True,False,False,0,18,0,2.0,0.0,6.0,2.0,False,abstract-level pattern match. NOT a read of the paper. Any case used as evidence must be opened and its numbers transcribed by hand.
LEVOTHYROXINE,38136118,PMC10741967,2023,A 4-Year-Old Boy with an Accidentally Detected Mutation in the RET Proto-Oncogene and Mutation in the Gene Encoding the Ryanodine Receptor1 (RyR1)-Case Report.,,Y,True,False,False,False,False,False,False,False,False,False,False,False,False,False,False,False,False,False,False,False,False,False,False,False,False,False,False,False,False,False,False,False,True,False,False,1,18,0,2.0,0.0,6.0,2.0,False,abstract-level pattern match. NOT a read of the paper. Any case used as evidence must be opened and its numbers transcribed by hand.
LEVOTHYROXINE,37361526,PMC10285479,2023,Case Report - Multinodular goiter in a patient with Congenital Hypothyroidism and Bannayan-Riley-Ruvalcaba syndrome: the possible synergic role of TPO and PTEN mutation.,,Y,False,False,False,False,False,False,False,False,False,False,False,False,False,False,False,False,False,False,False,False,False,False,False,False,False,False,False,False,False,False,False,False,True,False,False,0,18,0,2.0,0.0,6.0,2.0,False,abstract-level pattern match. NOT a read of the paper. Any case used as evidence must be opened and its numbers transcribed by hand.
ALBUTEROL,36270861,PMC9772055,2022,Decreased Clinical Toxicity and Two-Phase Elimination Kinetics Observed After Intravenous Iron Sucrose Overdose.,,N,True,False,False,False,False,False,False,False,False,False,False,False,False,False,False,False,False,False,False,False,False,False,False,False,False,False,False,False,False,False,False,False,True,False,False,1,18,0,2.0,0.0,6.0,2.0,False,abstract-level pattern match. NOT a read of the paper. Any case used as evidence must be opened and its numbers transcribed by hand.
CETIRIZINE,21559853,PMC6730977,2011,"Building 21st Century medicine through education, research, policy and practice. Abstracts of the Society of General Internal Medicine 34th Annual Meeting. Phoenix, Arizona. May 4-7, 2011.",,Y,False,False,False,False,False,False,False,False,False,False,False,False,False,False,False,False,False,False,False,False,False,False,False,False,False,False,False,False,False,False,False,False,True,False,False,0,18,0,2.0,0.0,6.0,2.0,False,abstract-level pattern match. NOT a read of the paper. Any case used as evidence must be opened and its numbers transcribed by hand.
ENOXAPARIN,42002777,PMC13231716,2026,Extracorporeal circulation management for stanford type a aortic dissection complicating pregnancy in a patient with marfan syndrome: a case report.,,Y,True,False,False,False,False,False,False,False,False,False,False,False,False,False,False,False,False,False,False,False,False,False,False,False,False,False,False,False,False,False,False,False,True,False,False,1,18,0,2.0,0.0,6.0,2.0,False,abstract-level pattern match. NOT a read of the paper. Any case used as evidence must be opened and its numbers transcribed by hand.
CETIRIZINE,19705466,PMC3056502,2009,"Tremor in 48,XXYY syndrome.",,N,False,False,False,False,False,False,False,False,False,False,False,False,False,False,False,False,False,False,False,False,False,False,False,False,False,False,False,False,False,False,False,False,True,False,False,0,18,0,2.0,0.0,6.0,2.0,False,abstract-level pattern match. NOT a read of the paper. Any case used as evidence must be opened and its numbers transcribed by hand.
CETIRIZINE,23043903,PMC5098702,2012,The various faces of autoimmune endocrinopathies: non-tumoral hypergastrinemia in a patient with lymphocytic colitis and chronic autoimmune gastritis.,,N,True,False,False,False,False,False,False,False,False,False,False,True,False,False,False,False,False,False,False,False,False,False,False,False,False,False,False,False,False,False,False,False,True,False,False,2,18,0,2.0,0.0,6.0,2.0,False,abstract-level pattern match. NOT a read of the paper. Any case used as evidence must be opened and its numbers transcribed by hand.
CETIRIZINE,36741595,PMC9891841,2023,Relevant Dermatoses Among U.S. Military Service Members: An Operational Review of Management Strategies and Telemedicine Utilization.,,Y,False,False,False,False,False,False,False,False,False,False,False,False,False,False,False,False,False,False,False,False,False,False,False,False,False,False,False,False,False,False,False,False,True,False,False,0,18,0,2.0,0.0,6.0,2.0,False,abstract-level pattern match. NOT a read of the paper. Any case used as evidence must be opened and its numbers transcribed by hand.
ENOXAPARIN,41419823,PMC12836794,2025,An unusual case of Kippel-Trenaunay syndrome complicated with intrahepatic cholestasis of pregnancy and disseminated intravascular coagulation.,,Y,True,False,False,False,False,False,False,False,False,False,False,False,False,False,False,False,False,False,False,False,False,False,False,False,False,False,False,False,False,False,False,False,True,False,False,1,18,0,2.0,0.0,6.0,2.0,False,abstract-level pattern match. NOT a read of the paper. Any case used as evidence must be opened and its numbers transcribed by hand.
ENOXAPARIN,41694864,PMC12904002,2026,Neuraxial Anesthesia in a Parturient With Newly Diagnosed Klippel-Trenaunay Syndrome: A Case Report.,,Y,False,False,False,False,False,False,False,False,False,False,False,False,False,False,False,False,False,False,False,False,False,False,False,False,False,False,False,False,False,False,False,False,True,False,False,0,18,0,2.0,0.0,6.0,2.0,False,abstract-level pattern match. NOT a read of the paper. Any case used as evidence must be opened and its numbers transcribed by hand.
ENOXAPARIN,40682152,PMC12275445,2025,"Prenatal pembrolizumab exposure as the potential link among recurrent necrotizing enterocolitis, neonatal diabetes mellitus and exocrine pancreatic insufficiency: a case report.",,Y,False,False,False,False,False,False,False,False,False,False,False,False,False,False,False,False,False,False,False,False,False,False,False,False,False,False,False,False,False,False,False,False,True,False,False,0,18,0,2.0,0.0,6.0,2.0,False,abstract-level pattern match. NOT a read of the paper. Any case used as evidence must be opened and its numbers transcribed by hand.
ENOXAPARIN,40310235,PMC12025413,2025,Mesenchymal Stem Cell Therapy for Hutchinson-Gilford Progeria: Improvements in Arterial Stiffness and Bone Mineral Density in a Single Case.,,Y,True,False,False,False,False,False,False,False,False,False,False,False,False,False,False,False,False,False,False,False,False,False,False,False,False,False,False,False,False,False,False,False,True,False,False,1,18,0,2.0,0.0,6.0,2.0,False,abstract-level pattern match. NOT a read of the paper. Any case used as evidence must be opened and its numbers transcribed by hand.
ENOXAPARIN,41220405,PMC12600033,2026,Clinical and Genetic Insights into Congenital Generalized Lipodystrophy Type 4: A Case Report.,,N,False,False,False,False,True,False,False,False,False,False,False,False,False,False,True,False,False,False,False,False,False,False,False,False,False,False,False,False,False,False,False,False,True,False,False,2,18,0,2.0,0.0,6.0,2.0,False,abstract-level pattern match. NOT a read of the paper. Any case used as evidence must be opened and its numbers transcribed by hand.
CETIRIZINE,35783562,PMC9239126,2022,Hydroxocobalamin: An Effective Treatment for Flushing and Persistent Erythema in Rosacea.,,N,False,False,False,False,False,False,False,False,False,False,False,False,False,False,False,False,False,False,False,False,False,False,False,False,False,False,False,False,False,False,False,False,True,False,False,0,18,0,2.0,0.0,6.0,2.0,False,abstract-level pattern match. NOT a read of the paper. Any case used as evidence must be opened and its numbers transcribed by hand.
CETIRIZINE,26512172,PMC4622892,2015,Consensus Guidelines for the Treatment of Atopic Dermatitis in Korea (Part II): Systemic Treatment.,,Y,False,False,False,False,False,False,False,False,False,False,False,True,False,False,False,False,False,False,False,False,False,False,False,False,False,False,False,False,False,False,False,False,True,False,False,1,18,0,2.0,0.0,6.0,2.0,False,abstract-level pattern match. NOT a read of the paper. Any case used as evidence must be opened and its numbers transcribed by hand.
CETIRIZINE,29162153,PMC5697162,2017,Managing toxicities associated with immune checkpoint inhibitors: consensus recommendations from the Society for Immunotherapy of Cancer (SITC) Toxicity Management Working Group.,,Y,False,False,False,False,False,False,False,False,False,False,False,False,False,False,False,False,False,False,False,False,False,False,False,False,False,False,False,False,False,False,False,False,True,False,False,0,18,0,2.0,0.0,6.0,2.0,False,abstract-level pattern match. NOT a read of the paper. Any case used as evidence must be opened and its numbers transcribed by hand.
ALBUTEROL,23754158,PMC7095047,2013,"Abstracts of ESPNIC 2013, the 24th Annual Meeting of the European Society of Paediatric and Neonatal Intensive Care. June 12-15, 2013. Rotterdam, Netherlands.",,Y,False,False,False,False,False,False,False,False,False,False,False,False,False,False,False,False,False,False,False,False,False,False,False,False,False,False,False,False,False,False,False,False,True,False,False,0,18,0,2.0,0.0,6.0,2.0,False,abstract-level pattern match. NOT a read of the paper. Any case used as evidence must be opened and its numbers transcribed by hand.
ALBUTEROL,25323433,PMC7168141,2014,"46(th) Congress of The International Society of Paediatric Oncology (SIOP) 2014 Toronto, Canada, 22(nd) -25(th) October, 2014 SIOP Abstracts.",,N,False,False,False,False,False,False,False,False,False,False,False,False,False,False,False,False,False,False,False,False,False,False,False,False,False,False,False,False,False,False,False,False,True,False,False,0,18,0,2.0,0.0,6.0,2.0,False,abstract-level pattern match. NOT a read of the paper. Any case used as evidence must be opened and its numbers transcribed by hand.
ALBUTEROL,32069971,PMC7151630,2020,25th International Symposium on Infections in the Critically Ill Patient.,,Y,False,False,False,False,False,False,False,False,False,False,False,False,False,False,False,False,False,False,False,False,False,False,False,False,False,False,False,False,False,False,False,False,True,False,False,0,18,0,2.0,0.0,6.0,2.0,False,abstract-level pattern match. NOT a read of the paper. Any case used as evidence must be opened and its numbers transcribed by hand.
ALBUTEROL,29438602,PMC7286723,2018,International Consensus Statement on Allergy and Rhinology: Allergic Rhinitis.,,N,False,False,False,False,False,False,False,False,False,False,False,False,False,False,False,False,False,False,False,False,False,False,False,False,False,False,False,False,False,False,False,False,True,False,False,0,18,0,2.0,0.0,6.0,2.0,False,abstract-level pattern match. NOT a read of the paper. Any case used as evidence must be opened and its numbers transcribed by hand.
ALBUTEROL,25061277,PMC4079631,2014,Clinical effectiveness and safety of montelukast in asthma. What are the conclusions from clinical trials and meta-analyses?,,Y,False,False,False,False,False,False,False,False,False,False,False,False,False,False,False,False,False,False,False,False,False,False,False,False,False,False,False,False,False,False,False,False,True,False,False,0,18,0,2.0,0.0,6.0,2.0,False,abstract-level pattern match. NOT a read of the paper. Any case used as evidence must be opened and its numbers transcribed by hand.
ALBUTEROL,22536582,PMC3373283,2012,"Canadian Thoracic Society 2012 guideline update: diagnosis and management of asthma in preschoolers, children and adults.",,N,False,False,False,False,False,False,False,False,False,False,False,False,False,False,False,False,False,False,False,False,False,False,False,False,False,False,False,False,False,False,False,False,True,False,False,0,18,0,2.0,0.0,6.0,2.0,False,abstract-level pattern match. NOT a read of the paper. Any case used as evidence must be opened and its numbers transcribed by hand.
ALBUTEROL,26599576,PMC8763351,2015,Methylphenidate for children and adolescents with attention deficit hyperactivity disorder (ADHD).,,N,True,False,False,False,False,False,False,False,False,False,False,False,False,False,False,False,False,False,False,False,False,False,False,False,False,False,False,False,False,False,False,False,True,False,False,1,18,0,2.0,0.0,6.0,2.0,False,abstract-level pattern match. NOT a read of the paper. Any case used as evidence must be opened and its numbers transcribed by hand.
ENOXAPARIN,42145732,PMC13171330,2026,Multimodal management of late-stage Bockenheimer disease complicated by severe anemia and coagulopathy: a case report.,,Y,True,False,False,False,False,False,False,False,False,False,False,False,False,False,False,False,False,False,False,False,False,False,False,False,False,False,False,False,False,False,False,False,True,False,False,1,18,0,2.0,0.0,6.0,2.0,False,abstract-level pattern match. NOT a read of the paper. Any case used as evidence must be opened and its numbers transcribed by hand.
ENOXAPARIN,40028431,PMC11870769,2025,A Case of Complicated Bacteremia: When the Source Is in the Blood.,,Y,True,False,False,False,False,False,False,False,False,False,False,False,False,False,False,False,False,False,False,False,False,False,False,False,False,False,False,False,False,False,False,False,True,False,False,1,18,0,2.0,0.0,6.0,2.0,False,abstract-level pattern match. NOT a read of the paper. Any case used as evidence must be opened and its numbers transcribed by hand.
ENOXAPARIN,38558721,PMC10981775,2024,Diagnostic Pitfalls of Macrocephaly and Intracranial Dural Arteriovenous Fistulas: Connecting the Dots With the Red Flags.,,Y,False,False,False,False,False,False,False,False,False,False,False,False,False,False,False,False,False,False,False,False,False,False,False,False,False,False,False,False,False,False,False,False,True,False,False,0,18,0,2.0,0.0,6.0,2.0,False,abstract-level pattern match. NOT a read of the paper. Any case used as evidence must be opened and its numbers transcribed by hand.
CETIRIZINE,35516715,PMC9067220,2022,Post-COVID-19 pulmonary cavitation and tension pneumothorax in a non-ventilated patient.,,Y,False,False,False,False,False,False,False,False,False,False,False,False,False,False,False,False,False,False,False,False,False,False,False,False,False,False,False,False,False,False,False,False,True,False,False,0,18,0,2.0,0.0,6.0,2.0,False,abstract-level pattern match. NOT a read of the paper. Any case used as evidence must be opened and its numbers transcribed by hand.
CETIRIZINE,32774291,PMC7383183,2020,Vernal Keratoconjunctivitis: A Case of Anti-IgE Treatment with Short-Lasting Remission.,,Y,False,False,False,False,False,False,False,False,False,False,False,True,False,False,False,False,False,False,False,False,False,False,False,False,False,False,False,False,False,False,False,False,True,False,False,1,18,0,2.0,0.0,6.0,2.0,False,abstract-level pattern match. NOT a read of the paper. Any case used as evidence must be opened and its numbers transcribed by hand.
CETIRIZINE,36596747,PMC9816637,2022,Current concepts of Kimura disease: pathophysiology and evolution of treatment.,,Y,False,False,False,False,False,False,False,False,False,False,False,False,False,False,False,False,False,False,False,False,False,False,False,False,False,False,False,False,False,False,False,False,True,False,False,0,18,0,2.0,0.0,6.0,2.0,False,abstract-level pattern match. NOT a read of the paper. Any case used as evidence must be opened and its numbers transcribed by hand.
CETIRIZINE,34588941,PMC8475801,2021,Supratherapeutic Posaconazole Concentration in a Pediatric Transplant Patient With Confirmed <i>Rhizopus</i> Infection.,,N,True,False,False,False,False,False,False,False,False,False,False,False,False,False,False,False,False,False,False,False,False,False,False,False,False,False,False,False,False,False,False,False,True,False,False,1,18,0,2.0,0.0,6.0,2.0,False,abstract-level pattern match. NOT a read of the paper. Any case used as evidence must be opened and its numbers transcribed by hand.
CETIRIZINE,41683298,PMC12899822,2026,Unmasking Celiac Disease Through Chronic Urticaria: Case Report and Scoping Review.,,Y,False,False,False,False,False,False,False,False,False,False,False,False,False,False,False,False,False,False,False,False,False,False,False,False,False,False,False,False,False,False,False,False,True,False,False,0,18,0,2.0,0.0,6.0,2.0,False,abstract-level pattern match. NOT a read of the paper. Any case used as evidence must be opened and its numbers transcribed by hand.
ALBUTEROL,34088695,PMC8183214,2021,Challenge of food allergy testing and avoidance in children with atopic dermatitis.,,N,False,False,False,False,False,False,False,False,False,True,False,False,False,False,False,False,False,False,False,False,False,False,False,False,False,False,False,False,False,False,False,False,True,False,False,1,18,0,2.0,0.0,6.0,2.0,False,abstract-level pattern match. NOT a read of the paper. Any case used as evidence must be opened and its numbers transcribed by hand.
ALBUTEROL,32967946,PMC7513568,2020,Down syndrome with co-occurring Marfan syndrome.,,Y,True,False,False,False,False,False,False,False,False,False,False,False,False,False,False,False,False,False,False,False,False,False,False,False,False,False,False,False,False,False,False,False,True,False,False,1,18,0,2.0,0.0,6.0,2.0,False,abstract-level pattern match. NOT a read of the paper. Any case used as evidence must be opened and its numbers transcribed by hand.
LEVOTHYROXINE,40622204,PMC12323320,2025,ETA guidelines for the use of levothyroxine sodium preparations in monotherapy to optimize the treatment of hypothyroidism.,,Y,False,False,False,False,False,False,False,False,False,True,False,False,False,False,False,False,False,False,False,False,False,False,False,False,False,False,False,False,False,False,False,False,True,False,False,1,18,0,2.0,0.0,6.0,2.0,False,abstract-level pattern match. NOT a read of the paper. Any case used as evidence must be opened and its numbers transcribed by hand.
LEVOTHYROXINE,38357256,PMC10862318,2024,A Rare Presentation of Homozygous Pathogenic Variant in <i>MC2R</i> Gene with Salt-Wasting Crisis in a Neonate.,,N,False,False,False,False,False,False,False,False,False,False,False,False,False,False,False,False,False,False,False,False,False,False,False,False,False,False,False,False,False,False,False,False,True,False,False,0,18,0,2.0,0.0,6.0,2.0,False,abstract-level pattern match. NOT a read of the paper. Any case used as evidence must be opened and its numbers transcribed by hand.
LEVOTHYROXINE,35871092,PMC9308320,2022,Different AHO phenotype in a Chinese family with a novel GNAS missense variant: a case report.,,Y,False,False,False,False,False,False,False,False,False,False,False,False,False,False,False,False,False,False,False,False,False,False,False,False,False,False,False,False,False,False,False,False,True,False,False,0,18,0,2.0,0.0,6.0,2.0,False,abstract-level pattern match. NOT a read of the paper. Any case used as evidence must be opened and its numbers transcribed by hand.
CETIRIZINE,34292926,PMC8344968,2021,"Sexually Transmitted Infections Treatment Guidelines, 2021.",,Y,False,False,False,False,False,False,False,False,False,False,False,False,False,False,False,False,False,False,False,False,False,False,False,False,False,False,False,False,False,False,False,False,True,False,False,0,18,0,2.0,0.0,6.0,2.0,False,abstract-level pattern match. NOT a read of the paper. Any case used as evidence must be opened and its numbers transcribed by hand.
ALBUTEROL,40688717,PMC12270745,2025,Aerodigestive evaluation in patients with eosinophilic asthma.,,Y,False,False,False,False,False,False,False,False,False,False,False,False,False,False,False,False,False,False,False,False,False,False,False,False,False,False,False,False,False,False,False,False,True,False,False,0,18,0,2.0,0.0,6.0,2.0,False,abstract-level pattern match. NOT a read of the paper. Any case used as evidence must be opened and its numbers transcribed by hand.
ALBUTEROL,40103859,PMC11911910,2025,A Report of 3 Cases of Adrenal Suppression Due to Glucocorticoid Hypersensitivity to Inhaled Corticosteroids.,,Y,False,False,False,False,False,False,False,False,False,False,False,False,False,False,False,False,False,False,False,False,False,False,False,False,False,False,False,False,False,False,False,False,True,False,False,0,18,0,2.0,0.0,6.0,2.0,False,abstract-level pattern match. NOT a read of the paper. Any case used as evidence must be opened and its numbers transcribed by hand.
CETIRIZINE,25468648,PMC4360956,2015,First human treatment with investigational rhGUS enzyme replacement therapy in an advanced stage MPS VII patient.,,N,True,False,False,False,False,False,False,False,False,False,False,False,False,False,False,False,False,False,False,False,False,False,False,False,False,False,False,False,False,False,False,False,True,False,False,1,18,0,2.0,0.0,6.0,2.0,False,abstract-level pattern match. NOT a read of the paper. Any case used as evidence must be opened and its numbers transcribed by hand.
CETIRIZINE,24813298,PMC4410179,2014,Guidelines of care for the management of atopic dermatitis: section 3. Management and treatment with phototherapy and systemic agents.,,N,False,False,False,False,False,False,False,False,False,False,False,False,False,False,False,False,False,False,False,False,False,False,False,False,False,False,False,False,False,False,False,False,True,False,False,0,18,0,2.0,0.0,6.0,2.0,False,abstract-level pattern match. NOT a read of the paper. Any case used as evidence must be opened and its numbers transcribed by hand.
CETIRIZINE,37764145,PMC10537894,2023,Comparison of the Efficacy of Longer versus Shorter Pulsed High Dose Dapsone Combination Therapy in the Treatment of Chronic Lyme Disease/Post Treatment Lyme Disease Syndrome with Bartonellosis and Associated Coinfection,,Y,False,False,False,False,False,False,False,False,False,False,False,False,False,False,False,False,False,False,False,False,False,False,False,False,False,False,False,False,False,False,False,False,True,False,False,0,18,0,2.0,0.0,6.0,2.0,False,abstract-level pattern match. NOT a read of the paper. Any case used as evidence must be opened and its numbers transcribed by hand.
CETIRIZINE,35343816,PMC8966064,2022,Re-thinking lactation-related nipple pain and damage.,,Y,False,False,False,False,False,False,False,False,False,False,False,False,False,False,True,False,False,False,False,False,False,False,False,False,False,False,False,False,False,False,False,False,True,False,False,1,18,0,2.0,0.0,6.0,2.0,False,abstract-level pattern match. NOT a read of the paper. Any case used as evidence must be opened and its numbers transcribed by hand.
CETIRIZINE,23251121,PMC3523939,2012,A rhinitis primer for family medicine.,,N,False,False,False,False,False,False,False,False,False,False,False,True,False,False,False,False,False,False,False,False,False,False,False,False,False,False,False,False,False,False,False,False,True,False,False,1,18,0,2.0,0.0,6.0,2.0,False,abstract-level pattern match. NOT a read of the paper. Any case used as evidence must be opened and its numbers transcribed by hand.
CETIRIZINE,31416456,PMC6694633,2019,Management of chronic urticaria in children: a clinical guideline.,,Y,False,False,False,False,False,False,False,False,False,False,False,False,False,False,False,False,False,False,False,False,False,False,False,False,False,False,False,False,False,False,False,False,True,False,False,0,18,0,2.0,0.0,6.0,2.0,False,abstract-level pattern match. NOT a read of the paper. Any case used as evidence must be opened and its numbers transcribed by hand.
CETIRIZINE,38792737,PMC11124288,2024,"Combining Double-Dose and High-Dose Pulsed Dapsone Combination Therapy for Chronic Lyme Disease/Post-Treatment Lyme Disease Syndrome and Co-Infections, Including Bartonella: A Report of 3 Cases and a Literature Review.",,Y,False,False,False,False,False,False,False,False,False,False,False,False,False,False,False,False,False,False,False,False,False,False,False,False,False,False,False,False,False,False,False,False,True,False,False,0,18,0,2.0,0.0,6.0,2.0,False,abstract-level pattern match. NOT a read of the paper. Any case used as evidence must be opened and its numbers transcribed by hand.
CETIRIZINE,35456955,PMC9027603,2022,"Opioidergic Signaling-A Neglected, Yet Potentially Important Player in Atopic Dermatitis.",,Y,False,False,False,False,False,False,False,False,False,False,False,False,False,False,False,False,False,False,False,False,False,False,False,False,False,False,False,False,False,False,False,False,True,False,False,0,18,0,2.0,0.0,6.0,2.0,False,abstract-level pattern match. NOT a read of the paper. Any case used as evidence must be opened and its numbers transcribed by hand.
CETIRIZINE,25525463,PMC4268104,2014,Repurposing drugs in oncology (ReDO)-cimetidine as an anti-cancer agent.,,Y,False,False,False,False,False,False,False,False,False,False,False,False,False,False,False,False,False,False,False,False,False,False,False,False,False,False,False,False,False,False,False,False,True,False,False,0,18,0,2.0,0.0,6.0,2.0,False,abstract-level pattern match. NOT a read of the paper. Any case used as evidence must be opened and its numbers transcribed by hand.
ALBUTEROL,41064377,PMC12503962,2025,An Extremely Preterm Infant With &lt;i&gt;PIK3CA-&lt;/i&gt;Related Overgrowth Spectrum (PROS): Alpelisib Treatment and Outcome.,,Y,False,False,False,False,False,False,False,False,True,False,False,False,False,False,False,False,False,False,False,False,False,False,False,False,False,False,False,False,False,False,False,False,True,False,False,1,18,0,2.0,0.0,6.0,2.0,False,abstract-level pattern match. NOT a read of the paper. Any case used as evidence must be opened and its numbers transcribed by hand.
LOPERAMIDE,37762728,PMC10531598,2023,Misinterpreting Diarrhea-Predominant Irritable Bowel Syndrome and Functional Diarrhea: Pathophysiological Highlights.,,Y,False,False,False,False,False,False,False,False,False,False,False,False,False,False,False,False,False,False,False,False,False,False,False,False,False,False,False,False,False,False,False,False,True,False,False,0,18,0,2.0,0.0,6.0,2.0,False,abstract-level pattern match. NOT a read of the paper. Any case used as evidence must be opened and its numbers transcribed by hand.
LOPERAMIDE,41897526,PMC13024460,2026,Radiomitigators: Breakthroughs in Post-Radiation Recovery.,,Y,False,False,False,False,False,False,False,False,False,False,False,False,False,False,False,False,False,False,False,False,False,False,False,False,False,False,False,False,False,False,False,False,True,False,False,0,18,0,2.0,0.0,6.0,2.0,False,abstract-level pattern match. NOT a read of the paper. Any case used as evidence must be opened and its numbers transcribed by hand.
LOPERAMIDE,35913459,PMC9342949,2022,"Microscopic colitis: Etiopathology, diagnosis, and rational management.",,Y,False,False,False,False,False,False,False,False,False,True,False,False,False,False,False,False,False,False,False,False,False,False,False,False,False,False,False,False,False,False,False,False,True,False,False,1,18,0,2.0,0.0,6.0,2.0,False,abstract-level pattern match. NOT a read of the paper. Any case used as evidence must be opened and its numbers transcribed by hand.
LOPERAMIDE,,PMC5592440,2017,"Proceedings of the 24th Paediatric Rheumatology European Society Congress: Part three : Athens, Greece. 14-17 September 2017",,Y,False,False,False,False,False,False,False,False,False,False,False,False,False,False,False,False,False,False,False,False,False,False,False,False,False,False,False,False,False,False,False,False,True,False,False,0,18,0,2.0,0.0,6.0,2.0,False,abstract-level pattern match. NOT a read of the paper. Any case used as evidence must be opened and its numbers transcribed by hand.
LOPERAMIDE,32010878,PMC6985689,2020,Canadian Association of Gastroenterology Clinical Practice Guideline on the Management of Bile Acid Diarrhea.,,Y,False,False,False,False,False,False,False,False,False,False,False,True,False,False,False,False,False,False,False,False,False,False,False,False,False,False,False,False,False,False,False,False,True,False,False,1,18,0,2.0,0.0,6.0,2.0,False,abstract-level pattern match. NOT a read of the paper. Any case used as evidence must be opened and its numbers transcribed by hand.
LOPERAMIDE,39234315,PMC11370934,2024,"18&lt;sup&gt;th&lt;/sup&gt; Asian Federation of Sports Medicine Congress cum 8&lt;sup&gt;th&lt;/sup&gt; ISN international Sports Medicine &amp; Sports Science Conference: Sabah International Convention Centre, Kota Kinab",,Y,False,False,False,False,False,False,False,False,False,False,False,False,False,False,False,False,False,False,False,False,False,False,False,False,False,False,False,False,False,False,False,False,True,False,False,0,18,0,2.0,0.0,6.0,2.0,False,abstract-level pattern match. NOT a read of the paper. Any case used as evidence must be opened and its numbers transcribed by hand.
LOPERAMIDE,35300464,PMC8862462,2022,How to manage a high-output stoma.,,N,False,False,False,False,False,False,False,False,False,False,False,False,False,False,False,False,False,False,False,False,False,False,False,False,False,False,False,False,False,False,False,False,True,False,False,0,18,0,2.0,0.0,6.0,2.0,False,abstract-level pattern match. NOT a read of the paper. Any case used as evidence must be opened and its numbers transcribed by hand.
LOPERAMIDE,31341460,PMC6639584,2019,Subcutaneous Magnesium Sulfate to Correct High-Output Ileostomy-Induced Hypomagnesemia.,,Y,True,False,False,False,False,False,False,False,False,False,False,False,False,False,False,False,False,False,False,False,False,False,False,False,False,False,False,False,False,False,False,False,True,False,False,1,18,0,2.0,0.0,6.0,2.0,False,abstract-level pattern match. NOT a read of the paper. Any case used as evidence must be opened and its numbers transcribed by hand.
LOPERAMIDE,29093626,PMC5656465,2017,Faecal microbiota transplantation in patients with <i>Clostridium difficile</i> and significant comorbidities as well as in patients with new indications: A case series.,,Y,False,False,False,False,False,False,False,False,False,False,False,False,False,False,False,False,False,False,False,False,False,False,False,False,False,False,False,False,False,False,False,False,True,False,False,0,18,0,2.0,0.0,6.0,2.0,False,abstract-level pattern match. NOT a read of the paper. Any case used as evidence must be opened and its numbers transcribed by hand.
LOPERAMIDE,33088153,PMC7545397,2020,Review of inflammatory bowel disease and COVID-19.,,Y,False,False,False,False,False,False,False,False,False,False,False,False,False,False,False,False,False,False,False,False,False,False,False,False,False,False,False,False,False,False,False,False,True,False,False,0,18,0,2.0,0.0,6.0,2.0,False,abstract-level pattern match. NOT a read of the paper. Any case used as evidence must be opened and its numbers transcribed by hand.
AMINO ACIDS,42038232,PMC13106516,2026,Novel &lt;i&gt;NFIX&lt;/i&gt; variant in a patient with Malan syndrome and associated Chiari type I malformation: a case report.,,Y,False,False,False,False,False,False,False,False,False,False,False,False,False,False,False,False,False,False,False,False,False,False,False,False,False,False,False,False,False,False,False,False,True,False,False,0,18,0,2.0,0.0,6.0,2.0,False,abstract-level pattern match. NOT a read of the paper. Any case used as evidence must be opened and its numbers transcribed by hand.
LOPERAMIDE,28866623,PMC5739827,2017,"Epidemiology, management and outcome of ultrashort bowel syndrome in infancy.",,Y,False,False,False,False,False,False,False,False,False,True,False,False,False,False,False,False,False,False,False,False,False,False,False,False,False,False,False,False,False,False,False,False,True,False,False,1,18,0,2.0,0.0,6.0,2.0,False,abstract-level pattern match. NOT a read of the paper. Any case used as evidence must be opened and its numbers transcribed by hand.
IVACAFTOR,40498965,PMC12155586,2025,"EACR 2025 Congress: Innovative Cancer Science, 16-19 June 2025.",,Y,False,False,False,False,False,False,False,False,False,False,False,False,False,False,False,False,False,False,False,False,False,False,False,False,False,False,False,False,False,False,False,False,True,False,False,0,18,0,2.0,0.0,6.0,2.0,False,abstract-level pattern match. NOT a read of the paper. Any case used as evidence must be opened and its numbers transcribed by hand.
IVACAFTOR,27469183,PMC5354098,2016,Endocrine Disorders in Cystic Fibrosis.,,N,False,False,False,False,True,False,False,False,False,False,False,False,False,False,True,False,False,False,False,False,False,False,False,False,False,False,False,False,False,False,False,False,True,False,False,2,18,0,2.0,0.0,6.0,2.0,False,abstract-level pattern match. NOT a read of the paper. Any case used as evidence must be opened and its numbers transcribed by hand.
IVACAFTOR,25093717,PMC4159809,2014,Cystic fibrosis related liver disease--another black box in hepatology.,,Y,False,False,False,False,False,False,False,False,False,False,False,False,False,False,False,False,False,False,False,False,False,False,False,False,False,False,False,False,False,False,False,False,True,False,False,0,18,0,2.0,0.0,6.0,2.0,False,abstract-level pattern match. NOT a read of the paper. Any case used as evidence must be opened and its numbers transcribed by hand.
ESOMEPRAZOLE,40709432,PMC12305067,2025,Case Series: Is Celiac Disease Underdiagnosed in Korean Children?,,Y,False,False,False,False,False,False,False,False,False,False,False,False,False,False,False,False,False,False,False,False,False,False,False,False,False,False,False,False,False,False,False,False,True,False,False,0,18,0,2.0,0.0,6.0,2.0,False,abstract-level pattern match. NOT a read of the paper. Any case used as evidence must be opened and its numbers transcribed by hand.
ESOMEPRAZOLE,40604848,PMC12220361,2025,Syndromic gingival fibromatosis associated with pathogenic variation in the voltage-gated potassium channel gene KCNH1: a case report and proposed treatment protocol.,,Y,False,False,False,False,False,False,False,False,False,False,False,False,False,False,False,False,False,False,False,False,False,False,False,False,False,False,False,False,False,False,False,False,True,False,False,0,18,0,2.0,0.0,6.0,2.0,False,abstract-level pattern match. NOT a read of the paper. Any case used as evidence must be opened and its numbers transcribed by hand.
IVACAFTOR,37511806,PMC10381916,2023,Evolving Nutritional Needs in Cystic Fibrosis.,,Y,True,False,False,False,False,False,False,False,False,True,False,False,False,False,False,False,False,False,False,False,False,False,False,False,False,False,False,False,False,False,False,False,True,False,False,2,18,0,2.0,0.0,6.0,2.0,False,abstract-level pattern match. NOT a read of the paper. Any case used as evidence must be opened and its numbers transcribed by hand.
IVACAFTOR,36771186,PMC9921127,2023,Nutritional Care in Children with Cystic Fibrosis.,,Y,False,False,False,False,True,False,False,False,False,True,False,False,False,False,False,False,False,False,False,False,False,False,False,False,False,False,False,False,False,False,False,False,True,False,False,2,18,0,2.0,0.0,6.0,2.0,False,abstract-level pattern match. NOT a read of the paper. Any case used as evidence must be opened and its numbers transcribed by hand.
LOPERAMIDE,33738725,PMC7971407,2021,"The Role of Purported Mucoprotectants in Dealing with Irritable Bowel Syndrome, Functional Diarrhea, and Other Chronic Diarrheal Disorders in Adults.",,Y,False,False,False,False,False,False,False,False,False,False,False,False,False,False,False,False,False,False,False,False,False,False,False,False,False,False,False,False,False,False,False,False,True,False,False,0,18,0,2.0,0.0,6.0,2.0,False,abstract-level pattern match. NOT a read of the paper. Any case used as evidence must be opened and its numbers transcribed by hand.
LOPERAMIDE,36769093,PMC9916922,2023,Implication of the Gut Microbiome and Microbial-Derived Metabolites in Immune-Related Adverse Events: Emergence of Novel Biomarkers for Cancer Immunotherapy.,,Y,False,False,False,False,False,False,False,False,False,False,False,False,False,False,False,False,False,False,False,False,False,False,False,False,False,False,False,False,False,False,False,False,True,False,False,0,18,0,2.0,0.0,6.0,2.0,False,abstract-level pattern match. NOT a read of the paper. Any case used as evidence must be opened and its numbers transcribed by hand.
LOPERAMIDE,36504557,PMC9730438,2022,Glucagon-like peptide-2 analogues for Crohn's disease patients with short bowel syndrome and intestinal failure.,,Y,False,False,False,False,False,False,False,False,False,True,False,False,False,False,False,False,False,False,False,False,False,False,False,False,False,False,False,False,False,False,False,False,True,False,False,1,18,0,2.0,0.0,6.0,2.0,False,abstract-level pattern match. NOT a read of the paper. Any case used as evidence must be opened and its numbers transcribed by hand.
LOPERAMIDE,38883580,PMC11177828,2024,"Imatinib and Trigger Avoidance for Mast Cell Activation Syndrome Presenting With Attacks of Abdominal Pain, Nausea, Vomiting, and Diarrhea.",,Y,True,False,False,False,False,False,False,False,False,False,False,False,False,False,False,False,False,False,False,False,False,False,False,False,False,False,False,False,False,False,False,False,True,False,False,1,18,0,2.0,0.0,6.0,2.0,False,abstract-level pattern match. NOT a read of the paper. Any case used as evidence must be opened and its numbers transcribed by hand.
LOPERAMIDE,41809155,PMC12968737,2026,Mirtazapine for the treatment of irritable bowel syndrome: A systematic review.,,Y,True,False,False,False,False,False,False,False,False,True,False,False,False,False,False,False,False,False,False,False,False,False,False,False,False,False,False,False,False,False,False,False,True,False,False,2,18,0,2.0,0.0,6.0,2.0,False,abstract-level pattern match. NOT a read of the paper. Any case used as evidence must be opened and its numbers transcribed by hand.
LOPERAMIDE,39149176,PMC11322012,2024,Co-occurrence of collagenous gastrointestinal disease in siblings in early childhood: New insight into a rare condition.,,Y,False,False,False,False,False,False,False,False,False,False,False,False,False,False,False,False,False,False,False,False,False,False,False,False,False,False,False,False,False,False,False,False,True,False,False,0,18,0,2.0,0.0,6.0,2.0,False,abstract-level pattern match. NOT a read of the paper. Any case used as evidence must be opened and its numbers transcribed by hand.
LOPERAMIDE,23839210,PMC3934353,2014,Treatment of recurrent Clostridium difficile infection: a systematic review.,,N,False,False,False,False,False,False,False,False,False,False,False,False,False,False,False,False,False,False,False,False,False,False,False,False,False,False,False,False,False,False,False,False,True,False,False,0,18,0,2.0,0.0,6.0,2.0,False,abstract-level pattern match. NOT a read of the paper. Any case used as evidence must be opened and its numbers transcribed by hand.
LOPERAMIDE,22935207,PMC4737473,2012,Clostridium difficile: an emerging pathogen in children.,,N,False,False,False,False,False,False,False,False,False,False,False,False,False,False,False,False,False,False,False,False,False,False,False,False,False,False,False,False,False,False,False,False,True,False,False,0,18,0,2.0,0.0,6.0,2.0,False,abstract-level pattern match. NOT a read of the paper. Any case used as evidence must be opened and its numbers transcribed by hand.
LOPERAMIDE,26287234,PMC4555148,2015,Adaptation to Lactose in Lactase Non Persistent People: Effects on Intolerance and the Relationship between Dairy Food Consumption and Evalution of Diseases.,,Y,False,False,False,False,False,False,False,False,False,False,False,False,False,False,False,False,False,False,False,False,False,False,False,False,False,False,False,False,False,False,False,False,True,False,False,0,18,0,2.0,0.0,6.0,2.0,False,abstract-level pattern match. NOT a read of the paper. Any case used as evidence must be opened and its numbers transcribed by hand.
LOPERAMIDE,22728033,PMC3538487,2012,Severe spruelike enteropathy associated with olmesartan.,,N,False,False,False,False,False,False,False,False,False,True,False,False,False,False,False,True,False,False,False,False,False,False,False,False,False,False,False,False,False,False,False,False,True,False,False,2,18,0,2.0,0.0,6.0,2.0,False,abstract-level pattern match. NOT a read of the paper. Any case used as evidence must be opened and its numbers transcribed by hand.
LOPERAMIDE,25193538,PMC4410624,2015,Microbiome manipulation with faecal microbiome transplantation as a therapeutic strategy in Clostridium difficile infection.,,N,False,False,False,False,False,False,False,False,False,False,False,False,False,False,False,False,False,False,False,False,False,False,False,False,False,False,False,False,False,False,False,False,True,False,False,0,18,0,2.0,0.0,6.0,2.0,False,abstract-level pattern match. NOT a read of the paper. Any case used as evidence must be opened and its numbers transcribed by hand.
LOPERAMIDE,25356041,PMC4209544,2014,Intestinal microbiota pathogenesis and fecal microbiota transplantation for inflammatory bowel disease.,,N,False,False,False,False,False,False,False,False,False,False,False,False,False,False,False,False,False,False,False,False,False,False,False,False,False,False,False,False,False,False,False,False,True,False,False,0,18,0,2.0,0.0,6.0,2.0,False,abstract-level pattern match. NOT a read of the paper. Any case used as evidence must be opened and its numbers transcribed by hand.
LOPERAMIDE,28203283,PMC5298476,2017,Current and emergent pharmacologic treatments for irritable bowel syndrome with diarrhea: evidence-based treatment in practice.,,N,False,False,False,False,False,False,False,False,False,False,False,False,False,False,False,False,False,False,False,False,False,False,False,False,False,False,False,False,False,False,False,False,True,False,False,0,18,0,2.0,0.0,6.0,2.0,False,abstract-level pattern match. NOT a read of the paper. Any case used as evidence must be opened and its numbers transcribed by hand.
LOPERAMIDE,32348294,PMC7209906,2020,Acute Intestinal Infarction Due to Diffuse Jejunoileal and Mesenteric Lipomatosis in a 39-Year-Old Woman.,,Y,True,False,False,False,False,False,False,False,False,False,False,False,False,False,False,False,False,False,False,False,False,False,False,False,False,False,False,False,False,False,False,False,True,False,False,1,18,0,2.0,0.0,6.0,2.0,False,abstract-level pattern match. NOT a read of the paper. Any case used as evidence must be opened and its numbers transcribed by hand.
LOPERAMIDE,38021915,PMC10652163,2023,Microscopic Colitis: A Review Article.,,Y,False,False,False,False,False,False,False,False,False,False,False,False,False,False,False,False,False,False,False,False,False,False,False,False,False,False,False,False,False,False,False,False,True,False,False,0,18,0,2.0,0.0,6.0,2.0,False,abstract-level pattern match. NOT a read of the paper. Any case used as evidence must be opened and its numbers transcribed by hand.
LOPERAMIDE,40230708,PMC11995806,2025,Metabolic dysfunction-associated steatotic liver disease (MASLD) in children with obesity: An Obesity Medicine Association (OMA) and expert joint perspective 2025.,,Y,False,False,False,False,False,False,False,False,False,False,False,False,False,False,False,False,False,False,False,False,False,False,False,False,False,False,False,False,False,False,False,False,True,False,False,0,18,0,2.0,0.0,6.0,2.0,False,abstract-level pattern match. NOT a read of the paper. Any case used as evidence must be opened and its numbers transcribed by hand.
LOPERAMIDE,30397502,PMC6208053,2018,Beriberi disease in an 11-year-old girl with total colectomy.,,Y,True,False,False,False,False,False,False,False,False,True,False,False,False,False,False,False,False,False,False,False,False,False,False,False,False,False,False,False,False,False,False,False,True,False,False,2,18,0,2.0,0.0,6.0,2.0,False,abstract-level pattern match. NOT a read of the paper. Any case used as evidence must be opened and its numbers transcribed by hand.
LOPERAMIDE,40299326,PMC12024620,2025,Intestinal Microbiota Modulation by Fecal Microbiota Transplantation in Nonalcoholic Fatty Liver Disease.,,Y,False,False,False,False,False,False,False,False,False,False,False,False,False,False,False,False,False,False,False,False,False,False,False,False,False,False,False,False,False,False,False,False,True,False,False,0,18,0,2.0,0.0,6.0,2.0,False,abstract-level pattern match. NOT a read of the paper. Any case used as evidence must be opened and its numbers transcribed by hand.
LOPERAMIDE,36294338,PMC9604644,2022,How to Recognize and Treat Small Intestinal Bacterial Overgrowth?,,Y,False,False,False,False,False,False,False,False,False,False,False,False,False,False,False,False,False,False,False,False,False,False,False,False,False,False,False,False,False,False,False,False,True,False,False,0,18,0,2.0,0.0,6.0,2.0,False,abstract-level pattern match. NOT a read of the paper. Any case used as evidence must be opened and its numbers transcribed by hand.
LOPERAMIDE,40951837,PMC12426262,2025,Radiation-induced intestinal injury: from molecular mechanisms to clinical translation.,,Y,False,False,False,False,False,False,False,False,False,False,False,False,False,False,False,False,False,False,False,False,False,False,False,False,False,False,False,False,False,False,False,False,True,False,False,0,18,0,2.0,0.0,6.0,2.0,False,abstract-level pattern match. NOT a read of the paper. Any case used as evidence must be opened and its numbers transcribed by hand.
LOPERAMIDE,33195956,PMC7648382,2020,Treatment-Induced Neuropathy of Diabetes in Youth: Case Series of a Heterogeneous and Challenging Complication.,,Y,False,False,False,False,False,False,False,False,False,False,False,False,False,False,False,False,False,False,False,False,False,False,False,False,False,False,False,False,False,False,False,False,True,False,False,0,18,0,2.0,0.0,6.0,2.0,False,abstract-level pattern match. NOT a read of the paper. Any case used as evidence must be opened and its numbers transcribed by hand.
LOPERAMIDE,36506610,PMC9694749,2022,Microscopic colitis: an update.,,Y,False,False,False,False,False,False,False,False,False,False,False,False,False,False,False,False,False,False,False,False,False,False,False,False,False,False,False,False,False,False,False,False,True,False,False,0,18,0,2.0,0.0,6.0,2.0,False,abstract-level pattern match. NOT a read of the paper. Any case used as evidence must be opened and its numbers transcribed by hand.
LOPERAMIDE,36079153,PMC9456591,2022,Gastrointestinal and Liver Complications in Patients with Diabetes Mellitus-A Review of the Literature.,,Y,False,False,False,False,False,False,False,False,False,False,False,False,False,False,False,False,False,False,False,False,False,False,False,False,False,False,False,False,False,False,False,False,True,False,False,0,18,0,2.0,0.0,6.0,2.0,False,abstract-level pattern match. NOT a read of the paper. Any case used as evidence must be opened and its numbers transcribed by hand.
LOPERAMIDE,34969388,PMC8717644,2021,"Serial transverse enteroplasty and nipple valve construction, two life saving techniques for patients with short bowel syndrome, a report of 5 cases.",,Y,False,False,False,False,False,False,False,False,False,True,False,False,False,False,False,False,False,False,False,False,False,False,False,False,False,False,False,False,False,False,False,False,True,False,False,1,18,0,2.0,0.0,6.0,2.0,False,abstract-level pattern match. NOT a read of the paper. Any case used as evidence must be opened and its numbers transcribed by hand.
LOPERAMIDE,34511420,PMC8438734,2021,Corneal perforation due to vitamin A deficiency in a patient with short bowel syndrome.,,N,True,False,False,False,False,False,False,False,False,False,False,False,False,False,False,False,False,False,False,False,False,False,False,False,False,False,False,False,False,False,False,False,True,False,False,1,18,0,2.0,0.0,6.0,2.0,False,abstract-level pattern match. NOT a read of the paper. Any case used as evidence must be opened and its numbers transcribed by hand.
LOPERAMIDE,35619175,PMC9134705,2022,Adverse events of intestinal microbiota transplantation in randomized controlled trials: a systematic review and meta-analysis.,,Y,False,False,False,False,False,False,False,False,False,False,False,False,False,False,False,False,False,False,False,False,False,False,False,False,False,False,False,False,False,False,False,False,True,False,False,0,18,0,2.0,0.0,6.0,2.0,False,abstract-level pattern match. NOT a read of the paper. Any case used as evidence must be opened and its numbers transcribed by hand.
ESOMEPRAZOLE,22693320,PMC3109695,2011,Crohn's disease after gastric bypass surgery.,,N,False,False,False,False,False,False,False,False,False,True,False,False,False,False,False,False,False,False,False,False,False,False,False,False,False,False,False,False,False,False,False,False,True,False,False,1,18,0,2.0,0.0,6.0,2.0,False,abstract-level pattern match. NOT a read of the paper. Any case used as evidence must be opened and its numbers transcribed by hand.
ESOMEPRAZOLE,23754158,PMC7095047,2013,"Abstracts of ESPNIC 2013, the 24th Annual Meeting of the European Society of Paediatric and Neonatal Intensive Care. June 12-15, 2013. Rotterdam, Netherlands.",,Y,False,False,False,False,False,False,False,False,False,False,False,False,False,False,False,False,False,False,False,False,False,False,False,False,False,False,False,False,False,False,False,False,True,False,False,0,18,0,2.0,0.0,6.0,2.0,False,abstract-level pattern match. NOT a read of the paper. Any case used as evidence must be opened and its numbers transcribed by hand.
ESOMEPRAZOLE,19826643,PMC2776611,2009,Cyclosporine in the management of esophageal lichen planus.,,N,True,False,False,False,False,False,False,False,False,True,False,False,False,False,False,False,False,False,False,False,False,False,False,False,False,False,False,False,False,False,False,False,True,False,False,2,18,0,2.0,0.0,6.0,2.0,False,abstract-level pattern match. NOT a read of the paper. Any case used as evidence must be opened and its numbers transcribed by hand.
ESOMEPRAZOLE,,PMC11411559,2024,"Abstracts from the 1st Journal of Pharmaceutical Policy and Practice (JoPPP)-Borneo International Pharmaceutical Conference, Sarawak, Malaysia 20–22 September 2024 : Publication of this supplement is sponsored by Sarawak",,Y,False,False,False,False,False,False,False,False,False,False,False,False,False,False,False,False,False,False,False,False,False,False,False,False,False,False,False,False,False,False,False,False,True,False,False,0,18,0,2.0,0.0,6.0,2.0,False,abstract-level pattern match. NOT a read of the paper. Any case used as evidence must be opened and its numbers transcribed by hand.
ESOMEPRAZOLE,36079838,PMC9460308,2022,"The Relationship between Gastrointestinal Health, Micronutrient Concentrations, and Autoimmunity: A Focus on the Thyroid.",,Y,False,False,False,False,False,False,False,False,False,False,False,False,False,False,False,False,False,False,False,False,False,False,False,False,False,False,False,False,False,False,False,False,True,False,False,0,18,0,2.0,0.0,6.0,2.0,False,abstract-level pattern match. NOT a read of the paper. Any case used as evidence must be opened and its numbers transcribed by hand.
ESOMEPRAZOLE,37189633,PMC10136316,2023,"Colostrum and Lactoferrin Protect against Side Effects of Therapy with Antibiotics, Anti-inflammatory Drugs and Steroids, and Psychophysical Stress: A Comprehensive Review.",,Y,False,False,False,False,False,False,False,False,False,False,False,False,False,False,False,False,False,False,False,False,False,False,False,False,False,False,False,False,False,False,False,False,True,False,False,0,18,0,2.0,0.0,6.0,2.0,False,abstract-level pattern match. NOT a read of the paper. Any case used as evidence must be opened and its numbers transcribed by hand.
TIOTROPIUM BROMIDE,22536582,PMC3373283,2012,"Canadian Thoracic Society 2012 guideline update: diagnosis and management of asthma in preschoolers, children and adults.",,N,False,False,False,False,False,False,False,False,False,False,False,False,False,False,False,False,False,False,False,False,False,False,False,False,False,False,False,False,False,False,False,False,True,False,False,0,18,0,2.0,0.0,6.0,2.0,False,abstract-level pattern match. NOT a read of the paper. Any case used as evidence must be opened and its numbers transcribed by hand.
IVACAFTOR,41991874,PMC13290921,2026,Glucagon-Like Peptide-1 Receptor Agonists: Their Therapeutic Potential in Cystic Fibrosis.,,Y,False,False,False,False,False,False,False,False,False,True,False,False,False,False,False,False,False,False,False,False,False,False,False,False,False,False,False,False,False,False,False,False,True,False,False,1,18,0,2.0,0.0,6.0,2.0,False,abstract-level pattern match. NOT a read of the paper. Any case used as evidence must be opened and its numbers transcribed by hand.
IVACAFTOR,41006969,PMC12468755,2025,Treatment with CFTR Modulators for Cystic Fibrosis: What a Pediatric Gastroenterologist Needs to Know.,,Y,False,False,False,False,False,False,False,False,False,True,False,False,False,False,False,False,False,False,False,False,False,False,False,False,False,False,False,False,False,False,False,False,True,False,False,1,18,0,2.0,0.0,6.0,2.0,False,abstract-level pattern match. NOT a read of the paper. Any case used as evidence must be opened and its numbers transcribed by hand.
IVACAFTOR,40806116,PMC12348482,2025,The State of Weight in Cystic Fibrosis: Understanding Nutritional Status and Individualizing Nutritional Care in the Modulator Era.,,Y,False,False,False,False,False,False,False,False,False,True,False,False,False,False,False,False,False,False,False,False,False,False,False,False,False,False,False,False,False,False,False,False,True,False,False,1,18,0,2.0,0.0,6.0,2.0,False,abstract-level pattern match. NOT a read of the paper. Any case used as evidence must be opened and its numbers transcribed by hand.
LOPERAMIDE,37376531,PMC10304713,2023,"Gastrointestinal Manifestations of SARS-CoV-2: Transmission, Pathogenesis, Immunomodulation, Microflora Dysbiosis, and Clinical Implications.",,Y,False,False,False,False,False,False,False,False,False,False,False,False,False,False,False,False,False,False,False,False,False,False,False,False,False,False,False,False,False,False,False,False,True,False,False,0,18,0,2.0,0.0,6.0,2.0,False,abstract-level pattern match. NOT a read of the paper. Any case used as evidence must be opened and its numbers transcribed by hand.
ESOMEPRAZOLE,29475169,PMC5928031,2018,Raoultella Planticola associated necrotizing appendicitis: A novel case report.,,Y,False,False,False,False,False,False,False,False,False,False,False,False,False,False,False,False,False,False,False,False,False,False,False,False,False,False,False,False,False,False,False,False,True,False,False,0,18,0,2.0,0.0,6.0,2.0,False,abstract-level pattern match. NOT a read of the paper. Any case used as evidence must be opened and its numbers transcribed by hand.
ESOMEPRAZOLE,33738693,PMC7972945,2020,"61st Annual Conference of Indian Society of Gastroenterology, Virtual Diamond Jubilee ISGCON 2020, 19-20th December 2020.",,Y,False,False,False,False,False,False,False,False,False,False,False,False,False,False,False,False,False,False,False,False,False,False,False,False,False,False,False,False,False,False,False,False,True,False,False,0,18,0,2.0,0.0,6.0,2.0,False,abstract-level pattern match. NOT a read of the paper. Any case used as evidence must be opened and its numbers transcribed by hand.
ESOMEPRAZOLE,33676855,PMC8413400,2021,A practical approach to the evaluation and management of gastrointestinal symptoms in patients with systemic sclerosis.,,N,False,False,False,False,False,False,False,False,False,False,False,False,False,False,False,False,False,False,False,False,False,False,False,False,False,False,False,False,False,False,False,False,True,False,False,0,18,0,2.0,0.0,6.0,2.0,False,abstract-level pattern match. NOT a read of the paper. Any case used as evidence must be opened and its numbers transcribed by hand.
IVACAFTOR,40071337,PMC11898043,2025,Pulmonary nontuberculous mycobacterial infections among women with cystic fibrosis and non-cystic fibrosis bronchiectasis.,,Y,False,False,False,False,False,False,False,False,False,False,False,False,False,False,False,False,False,False,False,False,False,False,False,False,False,False,False,False,False,False,False,False,True,False,False,0,18,0,2.0,0.0,6.0,2.0,False,abstract-level pattern match. NOT a read of the paper. Any case used as evidence must be opened and its numbers transcribed by hand.
IVACAFTOR,36344080,PMC10291706,2022,Endocrine Complications of Cystic Fibrosis.,,N,False,False,False,False,True,False,False,False,False,False,False,False,False,False,False,False,False,False,False,False,False,False,False,False,False,False,False,False,False,False,False,False,True,False,False,1,18,0,2.0,0.0,6.0,2.0,False,abstract-level pattern match. NOT a read of the paper. Any case used as evidence must be opened and its numbers transcribed by hand.
IVACAFTOR,36143881,PMC9503821,2022,Malassezia Folliculitis following Triple Therapy for Cystic Fibrosis.,,Y,False,False,False,False,False,False,False,False,False,False,False,False,False,False,False,False,False,False,False,False,False,False,False,False,False,False,False,False,False,False,False,False,True,False,False,0,18,0,2.0,0.0,6.0,2.0,False,abstract-level pattern match. NOT a read of the paper. Any case used as evidence must be opened and its numbers transcribed by hand.
IVACAFTOR,35884064,PMC9323167,2022,Going the Extra Mile: Why Clinical Research in Cystic Fibrosis Must Include Children.,,Y,False,False,False,False,False,False,False,False,False,False,False,False,False,False,False,False,False,False,False,False,False,False,False,False,False,False,False,False,False,False,False,False,True,False,False,0,18,0,2.0,0.0,6.0,2.0,False,abstract-level pattern match. NOT a read of the paper. Any case used as evidence must be opened and its numbers transcribed by hand.
IVACAFTOR,35154718,PMC8829656,2022,REAL-world clinical effectiveness of ivacaftor therapy in the first 24 months in two infants with cystic fibrosis and different gating mutations-A case report.,,Y,False,False,False,False,False,False,False,False,False,False,False,False,False,False,False,False,False,False,False,False,False,False,False,False,False,False,False,False,False,False,False,False,True,False,False,0,18,0,2.0,0.0,6.0,2.0,False,abstract-level pattern match. NOT a read of the paper. Any case used as evidence must be opened and its numbers transcribed by hand.
TIOTROPIUM BROMIDE,40688717,PMC12270745,2025,Aerodigestive evaluation in patients with eosinophilic asthma.,,Y,False,False,False,False,False,False,False,False,False,False,False,False,False,False,False,False,False,False,False,False,False,False,False,False,False,False,False,False,False,False,False,False,True,False,False,0,18,0,2.0,0.0,6.0,2.0,False,abstract-level pattern match. NOT a read of the paper. Any case used as evidence must be opened and its numbers transcribed by hand.
TIOTROPIUM BROMIDE,34640558,PMC8509766,2021,Anti-Obesity Medication Use in Children and Adolescents with Prader-Willi Syndrome: Case Review and Literature Search.,,Y,False,False,False,False,False,False,False,False,False,True,False,False,False,False,False,False,False,False,False,False,False,False,False,False,False,False,False,False,False,False,False,False,True,False,False,1,18,0,2.0,0.0,6.0,2.0,False,abstract-level pattern match. NOT a read of the paper. Any case used as evidence must be opened and its numbers transcribed by hand.
IVACAFTOR,38105789,PMC10722287,2023,Difficulties in the management of an Askin tumor in a pediatric patient with cystic fibrosis: case report and literature review.,,Y,False,False,False,False,False,False,False,False,False,False,False,False,False,False,False,False,False,False,False,False,False,False,False,False,False,False,False,False,False,False,False,False,True,False,False,0,18,0,2.0,0.0,6.0,2.0,False,abstract-level pattern match. NOT a read of the paper. Any case used as evidence must be opened and its numbers transcribed by hand.
LOPERAMIDE,33676855,PMC8413400,2021,A practical approach to the evaluation and management of gastrointestinal symptoms in patients with systemic sclerosis.,,N,False,False,False,False,False,False,False,False,False,False,False,False,False,False,False,False,False,False,False,False,False,False,False,False,False,False,False,False,False,False,False,False,True,False,False,0,18,0,2.0,0.0,6.0,2.0,False,abstract-level pattern match. NOT a read of the paper. Any case used as evidence must be opened and its numbers transcribed by hand.
LOPERAMIDE,33538894,PMC7932982,2021,Evidence-based clinical practice guidelines for irritable bowel syndrome 2020.,,Y,False,False,False,False,False,False,False,False,False,False,False,False,False,False,False,False,False,False,False,False,False,False,False,False,False,False,False,False,False,False,False,False,True,False,False,0,18,0,2.0,0.0,6.0,2.0,False,abstract-level pattern match. NOT a read of the paper. Any case used as evidence must be opened and its numbers transcribed by hand.
LOPERAMIDE,28286566,PMC5330602,2017,Gastrointestinal manifestations of mitochondrial disorders: a systematic review.,,Y,False,False,False,False,False,False,False,False,False,False,False,False,False,False,False,False,False,False,False,False,False,False,False,False,False,False,False,False,False,False,False,False,True,False,False,0,18,0,2.0,0.0,6.0,2.0,False,abstract-level pattern match. NOT a read of the paper. Any case used as evidence must be opened and its numbers transcribed by hand.
IVACAFTOR,32600434,PMC7325159,2020,"Advances in paediatrics in 2019: current practices and challenges in allergy, endocrinology, gastroenterology, public health, neonatology, nutrition, nephrology, neurology, respiratory diseases and rheumatic diseases.",,Y,False,False,False,False,False,False,False,False,False,True,False,False,False,False,False,False,False,False,False,False,False,False,False,False,False,False,False,False,False,False,False,False,True,False,False,1,18,0,2.0,0.0,6.0,2.0,False,abstract-level pattern match. NOT a read of the paper. Any case used as evidence must be opened and its numbers transcribed by hand.
IVACAFTOR,35990223,PMC9202747,2019,Cystic fibrosis liver disease: A condition in need of structured transition and continuity of care.,,N,False,False,False,False,False,False,False,False,False,False,False,False,False,False,False,False,False,False,False,False,False,False,False,False,False,False,False,False,False,False,False,False,True,False,False,0,18,0,2.0,0.0,6.0,2.0,False,abstract-level pattern match. NOT a read of the paper. Any case used as evidence must be opened and its numbers transcribed by hand.
LOPERAMIDE,23691336,PMC3654232,2013,"Microscopic colitis: epidemiology, pathophysiology, diagnosis and current management-an update 2013.",,Y,False,False,False,False,False,False,False,False,False,False,False,True,False,False,False,False,False,False,False,False,False,False,False,False,False,False,False,False,False,False,False,False,True,False,False,1,18,0,2.0,0.0,6.0,2.0,False,abstract-level pattern match. NOT a read of the paper. Any case used as evidence must be opened and its numbers transcribed by hand.
LOPERAMIDE,26951230,PMC4837890,2016,Gastrointestinal Disorders Associated with Common Variable Immune Deficiency (CVID) and Chronic Granulomatous Disease (CGD).,,N,False,False,False,False,False,False,False,False,False,False,False,False,False,False,False,False,False,False,False,False,False,False,False,False,False,False,False,False,False,False,False,False,True,False,False,0,18,0,2.0,0.0,6.0,2.0,False,abstract-level pattern match. NOT a read of the paper. Any case used as evidence must be opened and its numbers transcribed by hand.
LOPERAMIDE,22570639,PMC3338169,2010,An Evidence-based Approach to Therapy in IBS-D: A Case Study Compendium.,,N,False,False,False,False,False,False,False,False,False,False,False,False,False,False,False,False,False,False,False,False,False,False,False,False,False,False,False,False,False,False,False,False,True,False,False,0,18,0,2.0,0.0,6.0,2.0,False,abstract-level pattern match. NOT a read of the paper. Any case used as evidence must be opened and its numbers transcribed by hand.
LOPERAMIDE,31562236,PMC6872448,2019,British Society of Gastroenterology consensus guidelines on the management of inflammatory bowel disease in adults.,,Y,False,False,False,False,False,False,False,False,False,True,False,False,False,False,False,False,False,False,False,False,False,False,False,False,False,False,False,False,False,False,False,False,True,False,False,1,18,0,2.0,0.0,6.0,2.0,False,abstract-level pattern match. NOT a read of the paper. Any case used as evidence must be opened and its numbers transcribed by hand.
LOPERAMIDE,24222814,PMC3821706,2013,Chronic vomiting and diarrhea in a young adult female.,,Y,True,False,False,False,False,False,False,False,False,True,False,False,False,False,False,False,False,False,False,False,False,False,False,False,False,False,False,False,False,False,False,False,True,False,False,2,18,0,2.0,0.0,6.0,2.0,False,abstract-level pattern match. NOT a read of the paper. Any case used as evidence must be opened and its numbers transcribed by hand.
ESOMEPRAZOLE,30324299,PMC6209003,2018,Clinical-Pathological Conference Series from the Medical University of Graz : Case No 168: A 28-year-old Syrian refugee with severe abdominal pain and eosinophilia.,,Y,True,False,False,False,False,False,False,False,False,False,False,False,False,False,False,False,False,False,False,False,False,False,False,False,False,False,False,False,False,False,False,False,True,False,False,1,18,0,2.0,0.0,6.0,2.0,False,abstract-level pattern match. NOT a read of the paper. Any case used as evidence must be opened and its numbers transcribed by hand.
LOPERAMIDE,32064264,PMC7000529,2019,A Personalized Approach to Managing Patients With an Ileal Pouch-Anal Anastomosis.,,Y,False,False,False,False,False,False,False,False,False,False,False,True,False,False,True,False,False,False,False,False,False,False,False,False,False,False,False,False,False,False,False,False,True,False,False,2,18,0,2.0,0.0,6.0,2.0,False,abstract-level pattern match. NOT a read of the paper. Any case used as evidence must be opened and its numbers transcribed by hand.
LOPERAMIDE,31496621,PMC6710178,2019,"Gastrointestinal motility and absorptive disorders in patients with inflammatory bowel diseases: Prevalence, diagnosis and treatment.",,Y,False,False,False,False,False,False,False,False,False,False,False,False,False,False,False,False,False,False,False,False,False,False,False,False,False,False,False,False,False,False,False,False,True,False,False,0,18,0,2.0,0.0,6.0,2.0,False,abstract-level pattern match. NOT a read of the paper. Any case used as evidence must be opened and its numbers transcribed by hand.
LOPERAMIDE,26518158,PMC4628347,2015,"Xyloglucan for the treatment of acute diarrhea: results of a randomized, controlled, open-label, parallel group, multicentre, national clinical trial.",,Y,False,False,False,False,False,False,False,False,False,False,False,False,False,False,False,False,False,False,False,False,False,False,False,False,False,False,False,False,False,False,False,False,True,False,False,0,18,0,2.0,0.0,6.0,2.0,False,abstract-level pattern match. NOT a read of the paper. Any case used as evidence must be opened and its numbers transcribed by hand.
LOPERAMIDE,37096495,PMC10125800,2023,Fecal microbiota transplantation for the treatment of recurrent Clostridioides difficile (Clostridium difficile).,,N,False,False,False,False,False,False,False,False,False,False,False,False,False,False,False,False,False,False,False,False,False,False,False,False,False,False,False,False,False,False,False,False,True,False,False,0,18,0,2.0,0.0,6.0,2.0,False,abstract-level pattern match. NOT a read of the paper. Any case used as evidence must be opened and its numbers transcribed by hand.
LOPERAMIDE,30581501,PMC6300851,2018,Guidelines on the management of irritable bowel syndrome: In memory of Professor Witold Bartnik.,,Y,False,False,False,False,False,False,False,False,False,False,False,False,False,False,False,False,False,False,False,False,False,False,False,False,False,False,False,False,False,False,False,False,True,False,False,0,18,0,2.0,0.0,6.0,2.0,False,abstract-level pattern match. NOT a read of the paper. Any case used as evidence must be opened and its numbers transcribed by hand.
LOPERAMIDE,29462280,PMC6018983,2018,Clinical Practice Guidelines for Clostridium difficile Infection in Adults and Children: 2017 Update by the Infectious Diseases Society of America (IDSA) and Society for Healthcare Epidemiology of America (SHEA).,,N,False,False,False,False,False,False,False,False,False,False,False,False,False,False,False,False,False,False,False,False,False,False,False,False,False,False,False,False,False,False,False,False,True,False,False,0,18,0,2.0,0.0,6.0,2.0,False,abstract-level pattern match. NOT a read of the paper. Any case used as evidence must be opened and its numbers transcribed by hand.
LOPERAMIDE,21547137,PMC3084403,2011,Celiac disease and microscopic colitis: a report of 4 cases.,,N,False,False,False,False,False,False,False,False,False,False,False,False,False,False,False,False,False,False,False,False,False,False,False,False,False,False,False,False,False,False,False,False,True,False,False,0,18,0,2.0,0.0,6.0,2.0,False,abstract-level pattern match. NOT a read of the paper. Any case used as evidence must be opened and its numbers transcribed by hand.
LOPERAMIDE,21586142,PMC3118142,2011,Chronic diarrhea associated with persistent norovirus excretion in patients with chronic lymphocytic leukemia: report of two cases.,,Y,True,False,False,False,False,False,False,False,False,False,False,True,False,False,False,False,False,False,False,False,False,False,False,False,False,False,False,False,False,False,False,False,True,False,False,2,18,0,2.0,0.0,6.0,2.0,False,abstract-level pattern match. NOT a read of the paper. Any case used as evidence must be opened and its numbers transcribed by hand.
LOPERAMIDE,24796803,PMC4669049,2014,Fecal microbial therapy: promises and pitfalls.,,N,False,False,False,False,False,False,False,False,False,False,False,False,False,False,False,False,False,False,False,False,False,False,False,False,False,False,False,False,False,False,False,False,True,False,False,0,18,0,2.0,0.0,6.0,2.0,False,abstract-level pattern match. NOT a read of the paper. Any case used as evidence must be opened and its numbers transcribed by hand.
LOPERAMIDE,26956193,PMC4895930,2016,"Fecal Microbiota Transplantation: Current Applications, Effectiveness, and Future Perspectives.",,Y,False,False,False,False,False,False,False,False,False,False,False,False,False,False,False,False,False,False,False,False,False,False,False,False,False,False,False,False,False,False,False,False,True,False,False,0,18,0,2.0,0.0,6.0,2.0,False,abstract-level pattern match. NOT a read of the paper. Any case used as evidence must be opened and its numbers transcribed by hand.
ESOMEPRAZOLE,29318938,PMC5922265,2018,"Pitt-Hopkins Syndrome: A Review of Current Literature, Clinical Approach, and 23-Patient Case Series.",,N,False,False,False,False,False,False,False,False,False,False,False,False,False,False,False,False,False,False,False,False,False,False,False,False,False,False,False,False,False,False,False,False,True,False,False,0,18,0,2.0,0.0,6.0,2.0,False,abstract-level pattern match. NOT a read of the paper. Any case used as evidence must be opened and its numbers transcribed by hand.
LOPERAMIDE,24286951,PMC6658178,2013,Gastrointestinal complications of diabetes.,,N,False,False,False,False,False,False,False,False,False,False,False,False,False,False,False,False,False,False,False,False,False,False,False,False,False,False,False,False,False,False,False,False,True,False,False,0,18,0,2.0,0.0,6.0,2.0,False,abstract-level pattern match. NOT a read of the paper. Any case used as evidence must be opened and its numbers transcribed by hand.
TEDUGLUTIDE,36504557,PMC9730438,2022,Glucagon-like peptide-2 analogues for Crohn's disease patients with short bowel syndrome and intestinal failure.,,Y,False,False,False,False,False,False,False,False,False,True,False,False,False,False,False,False,False,False,False,False,False,False,False,False,False,False,False,False,False,False,False,False,True,False,False,1,18,0,2.0,0.0,6.0,2.0,False,abstract-level pattern match. NOT a read of the paper. Any case used as evidence must be opened and its numbers transcribed by hand.
TEDUGLUTIDE,39200984,PMC11355190,2024,Endoscopic Management of Strictures in Crohn's Disease: An Unsolved Case.,,Y,False,False,False,False,False,False,False,False,False,False,False,False,False,False,False,False,False,False,False,False,False,False,False,False,False,False,False,False,False,False,False,False,True,False,False,0,18,0,2.0,0.0,6.0,2.0,False,abstract-level pattern match. NOT a read of the paper. Any case used as evidence must be opened and its numbers transcribed by hand.
TEDUGLUTIDE,32337316,PMC7162129,2020,Very Early Onset of Inflammatory Bowel Disease in a Patient With Long-Segment Hirschsprung's Disease.,,Y,False,False,False,False,False,False,False,False,False,False,False,False,False,False,False,False,False,False,False,False,False,False,False,False,False,False,False,False,False,False,False,False,True,False,False,0,18,0,2.0,0.0,6.0,2.0,False,abstract-level pattern match. NOT a read of the paper. Any case used as evidence must be opened and its numbers transcribed by hand.
TEDUGLUTIDE,35463997,PMC9023091,2022,"Autologous Intestinal Reconstruction Surgery in Short Bowel Syndrome: Which, When, and Why.",,Y,False,False,False,False,False,False,False,False,False,True,False,False,False,False,False,False,False,False,False,False,False,False,False,False,False,False,False,False,False,False,False,False,True,False,False,1,18,0,2.0,0.0,6.0,2.0,False,abstract-level pattern match. NOT a read of the paper. Any case used as evidence must be opened and its numbers transcribed by hand.
TEDUGLUTIDE,41646114,PMC12851339,2024,Anticoagulation and antiplatelet therapy in short bowel syndrome: A systematic review.,,Y,False,False,False,False,False,False,False,False,False,False,False,False,False,False,False,False,False,False,False,False,False,False,False,False,False,False,False,False,False,False,False,False,True,False,False,0,18,0,2.0,0.0,6.0,2.0,False,abstract-level pattern match. NOT a read of the paper. Any case used as evidence must be opened and its numbers transcribed by hand.
TEDUGLUTIDE,40511731,PMC12512236,2025,Advances in Nutritional and Therapeutic Strategies for Type 2 Intestinal Failure: A Narrative Review.,,Y,False,False,False,False,False,False,False,False,False,True,False,False,False,False,False,False,False,False,False,False,False,False,False,False,False,False,False,False,False,False,False,False,True,False,False,1,18,0,2.0,0.0,6.0,2.0,False,abstract-level pattern match. NOT a read of the paper. Any case used as evidence must be opened and its numbers transcribed by hand.
TEDUGLUTIDE,31495952,PMC7318247,2020,"Safety and Efficacy of Teduglutide in Pediatric Patients With Intestinal Failure due to Short Bowel Syndrome: A 24-Week, Phase III Study.",,Y,False,False,False,False,False,False,False,False,False,True,False,False,False,False,False,False,False,False,False,False,False,False,False,False,False,False,False,False,False,False,False,False,True,False,False,1,18,0,2.0,0.0,6.0,2.0,False,abstract-level pattern match. NOT a read of the paper. Any case used as evidence must be opened and its numbers transcribed by hand.
PREDNISOLONE,41880126,PMC13144253,2026,"Japanese clinical practice guidelines for vascular tumors, vascular malformations, lymphatic malformations, and lymphangiomatosis 2022.",,Y,False,False,False,False,False,False,False,False,False,False,False,False,False,False,False,False,False,False,False,False,False,False,False,False,False,False,False,False,False,False,False,False,True,False,False,0,18,0,2.0,0.0,6.0,2.0,False,abstract-level pattern match. NOT a read of the paper. Any case used as evidence must be opened and its numbers transcribed by hand.
PREDNISOLONE,40842493,PMC12366100,2025,The clinical approach to child and adolescent patients with lipodystrophy: a series of international case discussions.,,Y,False,False,False,False,False,False,False,False,False,False,False,False,False,False,False,False,False,False,False,False,False,False,False,False,False,False,False,False,False,False,False,False,True,False,False,0,18,0,2.0,0.0,6.0,2.0,False,abstract-level pattern match. NOT a read of the paper. Any case used as evidence must be opened and its numbers transcribed by hand.
PREDNISOLONE,41853168,PMC12993131,2026,Uncontrolled hypertension in siblings: an unsuspected diagnosis.,,Y,False,False,False,False,False,False,False,False,False,False,False,False,False,False,False,False,False,False,False,False,False,False,False,False,False,False,False,False,False,False,False,False,True,False,False,0,18,0,2.0,0.0,6.0,2.0,False,abstract-level pattern match. NOT a read of the paper. Any case used as evidence must be opened and its numbers transcribed by hand.
LOPERAMIDE,36813431,PMC9659511,2023,Diarrhea and Coronavirus Disease 2019 Infection.,,Y,False,False,False,False,False,False,False,False,False,False,False,False,False,False,False,False,False,False,False,False,False,False,False,False,False,False,False,False,False,False,False,False,True,False,False,0,18,0,2.0,0.0,6.0,2.0,False,abstract-level pattern match. NOT a read of the paper. Any case used as evidence must be opened and its numbers transcribed by hand.
PREDNISOLONE,41881561,PMC13017083,2026,"Japanese clinical practice guidelines for vascular tumors, vascular malformations, lymphatic malformations, and Lymphangiomatosis 2022.",,Y,False,False,False,False,False,False,False,False,False,False,False,False,False,False,False,False,False,False,False,False,False,False,False,False,False,False,False,False,False,False,False,False,True,False,False,0,18,0,2.0,0.0,6.0,2.0,False,abstract-level pattern match. NOT a read of the paper. Any case used as evidence must be opened and its numbers transcribed by hand.
PREDNISOLONE,40716421,PMC12490835,2025,Adult Food Protein-Induced Enterocolitis Syndrome: A Review of Emerging Evidence and Clinical Considerations.,,Y,False,False,False,False,False,False,False,False,False,False,False,False,False,False,False,False,False,False,False,False,False,False,False,False,False,False,False,False,False,False,False,False,True,False,False,0,18,0,2.0,0.0,6.0,2.0,False,abstract-level pattern match. NOT a read of the paper. Any case used as evidence must be opened and its numbers transcribed by hand.
LOPERAMIDE,39275281,PMC11397488,2024,Pediatric Chronic Intestinal Failure: Something Moving?,,Y,False,False,False,False,False,False,False,False,False,True,False,False,False,False,False,False,False,False,False,False,False,False,False,False,False,False,False,False,False,False,False,False,True,False,False,1,18,0,2.0,0.0,6.0,2.0,False,abstract-level pattern match. NOT a read of the paper. Any case used as evidence must be opened and its numbers transcribed by hand.
LOPERAMIDE,35884008,PMC9322125,2022,"Surgical Treatment of Short Bowel Syndrome-The Past, the Present and the Future, a Descriptive Review of the Literature.",,Y,False,False,False,False,False,False,False,False,False,True,False,False,False,False,False,False,False,False,False,False,False,False,False,False,False,False,False,False,False,False,False,False,True,False,False,1,18,0,2.0,0.0,6.0,2.0,False,abstract-level pattern match. NOT a read of the paper. Any case used as evidence must be opened and its numbers transcribed by hand.
PREDNISOLONE,39968166,PMC11835479,2025,Cyclosporin-Induced Gingival Enlargement in a Periodontitis Patient With Pemphigus Vulgaris: A Case Report.,,Y,True,False,False,False,False,False,False,False,False,False,False,False,False,False,False,True,False,False,False,False,False,False,False,False,False,False,False,False,False,False,False,False,True,False,False,2,18,0,2.0,0.0,6.0,2.0,False,abstract-level pattern match. NOT a read of the paper. Any case used as evidence must be opened and its numbers transcribed by hand.
PREDNISOLONE,41116940,PMC12535772,2025,Pachydermoperiostosis Associated With a Rare SLCO2A1 Mutation: A Case Report and Literature Review.,,Y,True,False,False,False,False,False,False,False,False,False,False,False,False,False,False,False,False,False,False,False,False,False,False,False,False,False,False,False,False,False,False,False,True,False,False,1,18,0,2.0,0.0,6.0,2.0,False,abstract-level pattern match. NOT a read of the paper. Any case used as evidence must be opened and its numbers transcribed by hand.
PREDNISOLONE,40161489,PMC11952821,2025,A Case of Juvenile Dermatomyositis Presenting with Inverse Gottron's Papules: A Case Report.,,Y,True,False,False,False,False,False,False,False,False,False,False,False,False,False,False,False,False,False,False,False,False,False,False,False,False,False,False,False,False,False,False,False,True,False,False,1,18,0,2.0,0.0,6.0,2.0,False,abstract-level pattern match. NOT a read of the paper. Any case used as evidence must be opened and its numbers transcribed by hand.
PREDNISOLONE,42072766,PMC13114847,2026,Cervicofacial Actinomycosis Presenting as a Fistulized Neck Mass During Pregnancy: A Case Report.,,Y,True,False,False,False,False,False,False,False,False,False,False,False,False,False,False,False,False,False,False,False,False,False,False,False,False,False,False,False,False,False,False,False,True,False,False,1,18,0,2.0,0.0,6.0,2.0,False,abstract-level pattern match. NOT a read of the paper. Any case used as evidence must be opened and its numbers transcribed by hand.
PREDNISOLONE,34928109,PMC10226341,2021,To increase body height and muscle strength - one medicine for two diseases? Case report of a boy with Silver-Russell syndrome and Duchenne muscular dystrophy.,,Y,True,False,False,False,False,False,False,True,False,False,False,False,False,False,False,False,False,False,False,False,False,False,False,False,False,False,False,False,False,False,False,False,True,False,False,2,18,0,2.0,0.0,6.0,2.0,False,abstract-level pattern match. NOT a read of the paper. Any case used as evidence must be opened and its numbers transcribed by hand.
PREDNISOLONE,40757125,PMC12312478,2025,Calcinosis Universalis: An Atypical Presentation of Mi-2 Positive Juvenile Dermatomyositis - A Case-Based Review.,,Y,True,False,False,False,False,False,False,False,False,False,False,False,False,False,False,False,False,False,False,False,False,False,False,False,False,False,False,False,False,False,False,False,True,False,False,1,18,0,2.0,0.0,6.0,2.0,False,abstract-level pattern match. NOT a read of the paper. Any case used as evidence must be opened and its numbers transcribed by hand.
PREDNISOLONE,41561250,PMC12815484,2025,"Severe Short Stature, Pathological Fracture, and Avascular Necrosis Due to Prolonged Over-the-Counter Steroid Use in an Adolescent Patient.",,Y,True,False,False,False,True,False,False,False,False,False,False,False,False,False,True,False,False,False,False,False,False,False,False,False,False,False,False,False,False,False,False,False,True,False,False,3,18,0,2.0,0.0,6.0,2.0,False,abstract-level pattern match. NOT a read of the paper. Any case used as evidence must be opened and its numbers transcribed by hand.
IDURSULFASE,28321190,PMC5337493,2017,Skeletal Dysplasias: Growing Therapy for Growing Bones.,,Y,False,False,False,False,False,False,False,False,False,False,False,False,False,False,True,False,False,False,False,False,False,False,False,False,False,False,False,False,False,False,False,False,True,False,False,1,18,0,2.0,0.0,6.0,2.0,False,abstract-level pattern match. NOT a read of the paper. Any case used as evidence must be opened and its numbers transcribed by hand.
IDURSULFASE,30772512,PMC6615945,2019,"Hematopoietic Stem Cell Transplantation for Mucopolysaccharidoses: Past, Present, and Future.",,N,False,False,False,False,False,False,False,False,False,False,False,False,False,False,False,False,False,False,False,False,False,False,False,False,False,False,False,False,False,False,False,False,True,False,False,0,18,0,2.0,0.0,6.0,2.0,False,abstract-level pattern match. NOT a read of the paper. Any case used as evidence must be opened and its numbers transcribed by hand.
IDURSULFASE,22059643,PMC3223498,2011,Mucopolysaccharidosis type II: European recommendations for the diagnosis and multidisciplinary management of a rare disease.,,Y,False,False,False,False,False,False,False,False,False,False,False,False,False,False,False,False,False,False,False,False,False,False,False,False,False,False,False,False,False,False,False,False,True,False,False,0,18,0,2.0,0.0,6.0,2.0,False,abstract-level pattern match. NOT a read of the paper. Any case used as evidence must be opened and its numbers transcribed by hand.
IDURSULFASE,30757954,PMC6459700,2019,Lysosomal Leukodystrophies Lysosomal Storage Diseases Associated With White Matter Abnormalities.,,N,False,False,False,False,False,False,False,False,False,False,False,False,False,False,False,False,False,False,False,False,False,False,False,False,False,False,False,False,False,False,False,False,True,False,False,0,18,0,2.0,0.0,6.0,2.0,False,abstract-level pattern match. NOT a read of the paper. Any case used as evidence must be opened and its numbers transcribed by hand.
IDURSULFASE,25537451,PMC4312706,2015,Therapies for the bone in mucopolysaccharidoses.,,N,False,False,False,False,False,False,False,False,False,False,False,False,False,False,True,False,False,False,False,False,False,False,False,False,False,False,False,False,False,False,False,False,True,False,False,1,18,0,2.0,0.0,6.0,2.0,False,abstract-level pattern match. NOT a read of the paper. Any case used as evidence must be opened and its numbers transcribed by hand.
IDURSULFASE,20821054,PMC3026677,2011,Determination of cystathionine beta-synthase activity in human plasma by LC-MS/MS: potential use in diagnosis of CBS deficiency.,,Y,False,False,False,False,False,False,False,False,True,False,False,False,False,False,False,False,False,False,False,False,False,False,False,False,False,False,False,False,False,False,False,False,True,False,False,1,18,0,2.0,0.0,6.0,2.0,False,abstract-level pattern match. NOT a read of the paper. Any case used as evidence must be opened and its numbers transcribed by hand.
HUMAN IMMUNOGLOBULIN G,33291688,PMC7761945,2020,<i>Bartonella</i> Associated Cutaneous Lesions (BACL) in People with Neuropsychiatric Symptoms.,,Y,False,False,False,False,False,False,False,False,False,False,False,False,False,False,False,False,False,False,False,False,False,False,False,False,False,False,False,False,False,False,False,False,True,False,False,0,18,0,2.0,0.0,6.0,2.0,False,abstract-level pattern match. NOT a read of the paper. Any case used as evidence must be opened and its numbers transcribed by hand.
HUMAN IMMUNOGLOBULIN G,34183838,PMC8446316,2021,Inherited PD-1 deficiency underlies tuberculosis and autoimmunity in a child.,,N,False,False,False,False,False,False,False,False,False,False,False,False,False,False,False,False,False,False,False,False,False,False,False,False,False,False,False,False,False,False,False,False,True,False,False,0,18,0,2.0,0.0,6.0,2.0,False,abstract-level pattern match. NOT a read of the paper. Any case used as evidence must be opened and its numbers transcribed by hand.
HUMAN IMMUNOGLOBULIN G,24085684,PMC7159716,2013,"Abstracts of the 2013 Annual Meeting of the American College of Rheumatology. October 25-30, 2013. San Diego, California, USA.",,Y,False,False,False,False,False,False,False,False,False,False,False,False,False,False,False,False,False,False,False,False,False,False,False,False,False,False,False,False,False,False,False,False,True,False,False,0,18,0,2.0,0.0,6.0,2.0,False,abstract-level pattern match. NOT a read of the paper. Any case used as evidence must be opened and its numbers transcribed by hand.
HUMAN IMMUNOGLOBULIN G,2491825,PMC7130206,1989,Effect of prostaglandin inhibitors on bile salt-induced mucosal damage of porcine colon.,,Y,False,False,False,False,False,False,False,False,False,False,False,False,False,False,False,False,False,False,False,False,False,False,False,False,False,False,False,False,False,False,False,False,True,False,False,0,18,0,2.0,0.0,6.0,2.0,False,abstract-level pattern match. NOT a read of the paper. Any case used as evidence must be opened and its numbers transcribed by hand.
TEDUGLUTIDE,35774551,PMC9237607,2022,Use of Teduglutide in Children With Intestinal Failure: A Systematic Review.,,Y,False,False,False,False,False,False,False,False,False,True,False,False,False,False,False,True,False,False,False,False,False,False,False,False,False,False,False,False,False,False,False,False,True,False,False,2,18,0,2.0,0.0,6.0,2.0,False,abstract-level pattern match. NOT a read of the paper. Any case used as evidence must be opened and its numbers transcribed by hand.
TEDUGLUTIDE,40426800,PMC12110667,2025,Current Challenges and New Strategies in Pediatric Short Bowel Syndrome: Focus on Surgical Aspects and Prevention of Complications.,,Y,False,False,False,False,False,False,False,False,False,False,False,False,False,False,False,False,False,False,False,False,False,False,False,False,False,False,False,False,False,False,False,False,True,False,False,0,18,0,2.0,0.0,6.0,2.0,False,abstract-level pattern match. NOT a read of the paper. Any case used as evidence must be opened and its numbers transcribed by hand.
TEDUGLUTIDE,41245050,PMC12611565,2025,Delayed presentation of a retained colonic segment in a child with intestinal failure on teduglutide.,,Y,False,False,False,False,False,False,False,False,False,True,False,False,False,False,False,False,False,False,False,False,False,False,False,False,False,False,False,False,False,False,False,False,True,False,False,1,18,0,2.0,0.0,6.0,2.0,False,abstract-level pattern match. NOT a read of the paper. Any case used as evidence must be opened and its numbers transcribed by hand.
TEDUGLUTIDE,39275281,PMC11397488,2024,Pediatric Chronic Intestinal Failure: Something Moving?,,Y,False,False,False,False,False,False,False,False,False,True,False,False,False,False,False,False,False,False,False,False,False,False,False,False,False,False,False,False,False,False,False,False,True,False,False,1,18,0,2.0,0.0,6.0,2.0,False,abstract-level pattern match. NOT a read of the paper. Any case used as evidence must be opened and its numbers transcribed by hand.
TEDUGLUTIDE,41599793,PMC12845467,2026,Nutritional Strategies for Intestinal Rehabilitation in Children with Short Bowel Syndrome: A Narrative Review.,,Y,False,False,False,False,False,False,False,False,False,True,False,False,False,False,False,False,False,False,False,False,False,False,False,False,False,False,False,False,False,False,False,False,True,False,False,1,18,0,2.0,0.0,6.0,2.0,False,abstract-level pattern match. NOT a read of the paper. Any case used as evidence must be opened and its numbers transcribed by hand.
TEDUGLUTIDE,39610412,PMC11600376,2024,Novel homozygous nonsense mutation in glucagon-like peptide-2 receptor gene resulting in severe human illness.,,Y,False,False,False,False,False,False,False,False,False,False,False,False,False,False,False,False,False,False,False,False,False,False,False,False,False,False,False,False,False,False,False,False,True,False,False,0,18,0,2.0,0.0,6.0,2.0,False,abstract-level pattern match. NOT a read of the paper. Any case used as evidence must be opened and its numbers transcribed by hand.
TEDUGLUTIDE,41646109,PMC12851206,2024,Pharmacologic challenges in pediatric intestinal failure: A review.,,Y,False,False,False,False,False,False,False,False,False,True,False,False,False,False,False,False,False,False,False,False,False,False,False,False,False,False,False,False,False,False,False,False,True,False,False,1,18,0,2.0,0.0,6.0,2.0,False,abstract-level pattern match. NOT a read of the paper. Any case used as evidence must be opened and its numbers transcribed by hand.
TEDUGLUTIDE,41058690,PMC12497622,2025,Biochemical markers and emerging therapies for intestinal manifestation of graft-versus-host disease.,,Y,False,False,False,False,False,False,False,False,False,False,False,False,False,False,False,False,False,False,False,False,False,False,False,False,False,False,False,False,False,False,False,False,True,False,False,0,18,0,2.0,0.0,6.0,2.0,False,abstract-level pattern match. NOT a read of the paper. Any case used as evidence must be opened and its numbers transcribed by hand.
TEDUGLUTIDE,35884008,PMC9322125,2022,"Surgical Treatment of Short Bowel Syndrome-The Past, the Present and the Future, a Descriptive Review of the Literature.",,Y,False,False,False,False,False,False,False,False,False,True,False,False,False,False,False,False,False,False,False,False,False,False,False,False,False,False,False,False,False,False,False,False,True,False,False,1,18,0,2.0,0.0,6.0,2.0,False,abstract-level pattern match. NOT a read of the paper. Any case used as evidence must be opened and its numbers transcribed by hand.
TEDUGLUTIDE,35844766,PMC9279907,2022,Infection Prevention and Management in Pediatric Short Bowel Syndrome.,,Y,False,False,False,False,False,False,False,False,False,False,False,False,False,False,False,False,False,False,False,False,False,False,False,False,False,False,False,False,False,False,False,False,True,False,False,0,18,0,2.0,0.0,6.0,2.0,False,abstract-level pattern match. NOT a read of the paper. Any case used as evidence must be opened and its numbers transcribed by hand.
TEDUGLUTIDE,37513587,PMC10385050,2023,Current Insights Regarding Intestinal Failure-Associated Liver Disease (IFALD): A Narrative Review.,,Y,False,False,False,False,False,False,False,False,False,True,False,False,False,False,False,False,False,False,False,False,False,False,False,False,False,False,False,False,False,False,False,False,True,False,False,1,18,0,2.0,0.0,6.0,2.0,False,abstract-level pattern match. NOT a read of the paper. Any case used as evidence must be opened and its numbers transcribed by hand.
TEDUGLUTIDE,37447153,PMC10343398,2023,Impact of Dietary Protein on the Management of Pediatric Short Bowel Syndrome.,,Y,False,False,False,False,False,False,False,False,False,True,False,False,False,False,False,False,False,False,False,False,False,False,False,False,False,False,False,False,False,False,False,False,True,False,False,1,18,0,2.0,0.0,6.0,2.0,False,abstract-level pattern match. NOT a read of the paper. Any case used as evidence must be opened and its numbers transcribed by hand.
HUMAN IMMUNOGLOBULIN G,18351425,PMC2270373,2008,"Abstracts from the 31st Annual Meeting of the Society of General Internal Medicine. April 9-12, 2008. Pittsburgh, Pennsylvania, USA.",,N,False,False,False,False,False,False,False,False,False,False,False,False,False,False,False,False,False,False,False,False,False,False,False,False,False,False,False,False,False,False,False,False,True,False,False,0,18,0,2.0,0.0,6.0,2.0,False,abstract-level pattern match. NOT a read of the paper. Any case used as evidence must be opened and its numbers transcribed by hand.
LOPERAMIDE,32654085,PMC8515997,2021,Enteric-Release Budesonide May Be Useful in the Management of Non-Responsive Celiac Disease.,,N,False,False,False,False,False,False,False,False,False,False,False,False,False,False,False,False,False,False,False,False,False,False,False,False,False,False,False,False,False,False,False,False,True,False,False,0,18,0,2.0,0.0,6.0,2.0,False,abstract-level pattern match. NOT a read of the paper. Any case used as evidence must be opened and its numbers transcribed by hand.
LOPERAMIDE,33807115,PMC8005161,2021,Gastrointestinal Involvement in Anderson-Fabry Disease: A Narrative Review.,,Y,False,False,False,False,False,False,False,False,False,False,False,False,False,False,False,False,False,False,False,False,False,False,False,False,False,False,False,False,False,False,False,False,True,False,False,0,18,0,2.0,0.0,6.0,2.0,False,abstract-level pattern match. NOT a read of the paper. Any case used as evidence must be opened and its numbers transcribed by hand.
TEDUGLUTIDE,21886471,PMC2967321,2010,Complications of enterocutaneous fistulas and their management.,,N,False,False,False,False,False,False,False,False,False,True,False,False,False,False,False,False,False,False,False,False,False,False,False,False,False,False,False,False,False,False,False,False,True,False,False,1,18,0,2.0,0.0,6.0,2.0,False,abstract-level pattern match. NOT a read of the paper. Any case used as evidence must be opened and its numbers transcribed by hand.
LOPERAMIDE,40682152,PMC12275445,2025,"Prenatal pembrolizumab exposure as the potential link among recurrent necrotizing enterocolitis, neonatal diabetes mellitus and exocrine pancreatic insufficiency: a case report.",,Y,False,False,False,False,False,False,False,False,False,False,False,False,False,False,False,False,False,False,False,False,False,False,False,False,False,False,False,False,False,False,False,False,True,False,False,0,18,0,2.0,0.0,6.0,2.0,False,abstract-level pattern match. NOT a read of the paper. Any case used as evidence must be opened and its numbers transcribed by hand.
LOPERAMIDE,41646109,PMC12851206,2024,Pharmacologic challenges in pediatric intestinal failure: A review.,,Y,False,False,False,False,False,False,False,False,False,True,False,False,False,False,False,False,False,False,False,False,False,False,False,False,False,False,False,False,False,False,False,False,True,False,False,1,18,0,2.0,0.0,6.0,2.0,False,abstract-level pattern match. NOT a read of the paper. Any case used as evidence must be opened and its numbers transcribed by hand.
LOPERAMIDE,41599793,PMC12845467,2026,Nutritional Strategies for Intestinal Rehabilitation in Children with Short Bowel Syndrome: A Narrative Review.,,Y,False,False,False,False,False,False,False,False,False,True,False,False,False,False,False,False,False,False,False,False,False,False,False,False,False,False,False,False,False,False,False,False,True,False,False,1,18,0,2.0,0.0,6.0,2.0,False,abstract-level pattern match. NOT a read of the paper. Any case used as evidence must be opened and its numbers transcribed by hand.
TEDUGLUTIDE,33673586,PMC7997222,2021,Etiology and Management of Pediatric Intestinal Failure: Focus on the Non-Digestive Causes.,,Y,False,False,False,False,False,False,False,False,False,True,False,False,False,False,False,False,False,False,False,False,False,False,False,False,False,False,False,False,False,False,False,False,True,False,False,1,18,0,2.0,0.0,6.0,2.0,False,abstract-level pattern match. NOT a read of the paper. Any case used as evidence must be opened and its numbers transcribed by hand.
TEDUGLUTIDE,30037012,PMC6069045,2018,Pediatric Intestinal Failure Review.,,Y,False,False,False,False,False,False,False,False,False,True,False,False,False,False,False,False,False,False,False,False,False,False,False,False,False,False,False,False,False,False,False,False,True,False,False,1,18,0,2.0,0.0,6.0,2.0,False,abstract-level pattern match. NOT a read of the paper. Any case used as evidence must be opened and its numbers transcribed by hand.
TEDUGLUTIDE,32003009,PMC8245203,2020,New Insights Into Intestinal Failure-Associated Liver Disease in Children.,,N,False,False,False,False,False,False,False,False,False,True,False,False,False,False,False,False,False,False,False,False,False,False,False,False,False,False,False,False,False,False,False,False,True,False,False,1,18,0,2.0,0.0,6.0,2.0,False,abstract-level pattern match. NOT a read of the paper. Any case used as evidence must be opened and its numbers transcribed by hand.
LOPERAMIDE,38333475,PMC10851916,2024,Watery Diarrhea Is Not Always Clostridioides difficile: A Case Report of Aeromonas hydrophila Gastroenteritis.,,Y,True,False,False,False,False,False,False,False,False,False,False,False,False,False,False,False,False,False,False,False,False,False,False,False,False,False,False,False,False,False,False,False,True,False,False,1,18,0,2.0,0.0,6.0,2.0,False,abstract-level pattern match. NOT a read of the paper. Any case used as evidence must be opened and its numbers transcribed by hand.
PREDNISOLONE,41517371,PMC12786644,2025,Spectrum of Osteoporosis Etiologies with Associated Vertebral Compression Fractures in Children: Analysis of 11 Cases.,,Y,True,False,False,False,False,False,False,False,False,False,False,False,False,False,True,False,False,False,False,False,False,False,False,False,False,False,False,False,False,False,False,False,True,False,False,2,18,0,2.0,0.0,6.0,2.0,False,abstract-level pattern match. NOT a read of the paper. Any case used as evidence must be opened and its numbers transcribed by hand.
LOPERAMIDE,39015759,PMC11251804,2024,Achieving Digestive Autonomy and Gastrointestinal Continuity in a Patient with Short Bowel Syndrome Secondary to Concomitant Jejunal Atresia and Small Intestinal Hirschsprung's Disease.,,Y,True,False,False,False,False,False,False,False,False,True,False,True,False,False,False,False,False,False,False,False,False,False,False,False,False,False,False,False,False,False,False,False,True,False,False,3,18,0,2.0,0.0,6.0,2.0,False,abstract-level pattern match. NOT a read of the paper. Any case used as evidence must be opened and its numbers transcribed by hand.
LOPERAMIDE,40068855,PMC12322484,2025,British Society of Gastroenterology practice guidance on the management of acute and chronic gastrointestinal symptoms and complications as a result of treatment for cancer.,,Y,False,False,False,False,False,False,False,False,False,False,False,False,False,False,False,False,False,False,False,False,False,False,False,False,False,False,False,False,False,False,False,False,True,False,False,0,18,0,2.0,0.0,6.0,2.0,False,abstract-level pattern match. NOT a read of the paper. Any case used as evidence must be opened and its numbers transcribed by hand.
LOPERAMIDE,38614130,PMC11046327,2024,Experience of X-linked hypophosphatemic rickets in the Gulf Cooperation Council countries: case series.,,Y,True,False,False,False,False,False,False,False,True,False,False,False,False,False,False,False,False,False,False,False,False,False,False,False,False,False,False,False,False,False,False,False,True,False,False,2,18,0,2.0,0.0,6.0,2.0,False,abstract-level pattern match. NOT a read of the paper. Any case used as evidence must be opened and its numbers transcribed by hand.
TEDUGLUTIDE,35300464,PMC8862462,2022,How to manage a high-output stoma.,,N,False,False,False,False,False,False,False,False,False,False,False,False,False,False,False,False,False,False,False,False,False,False,False,False,False,False,False,False,False,False,False,False,True,False,False,0,18,0,2.0,0.0,6.0,2.0,False,abstract-level pattern match. NOT a read of the paper. Any case used as evidence must be opened and its numbers transcribed by hand.
TEDUGLUTIDE,27722191,PMC5042605,2016,The Pathogenesis of Resection-Associated Intestinal Adaptation.,,N,False,False,False,False,False,False,False,False,False,False,False,False,False,False,False,False,False,False,False,False,False,False,False,False,False,False,False,False,False,False,False,False,True,False,False,0,18,0,2.0,0.0,6.0,2.0,False,abstract-level pattern match. NOT a read of the paper. Any case used as evidence must be opened and its numbers transcribed by hand.
TEDUGLUTIDE,26791182,PMC6459074,2016,Working group reports: evaluation of the evidence to support practice guidelines for nutritional care of preterm infants-the Pre-B Project.,,Y,False,False,False,False,False,False,False,False,False,True,False,False,False,False,False,False,False,False,False,False,False,False,False,False,False,False,False,False,False,False,False,False,True,False,False,1,18,0,2.0,0.0,6.0,2.0,False,abstract-level pattern match. NOT a read of the paper. Any case used as evidence must be opened and its numbers transcribed by hand.
LOPERAMIDE,39255973,PMC11534099,2024,The 2024 British Society for Rheumatology guideline for management of systemic sclerosis.,,Y,False,False,False,False,False,False,False,False,False,False,False,False,False,False,False,False,False,False,False,False,False,False,False,False,False,False,False,False,False,False,False,False,True,False,False,0,18,0,2.0,0.0,6.0,2.0,False,abstract-level pattern match. NOT a read of the paper. Any case used as evidence must be opened and its numbers transcribed by hand.
LOPERAMIDE,41814585,PMC12983845,2026,Management of long COVID-19 in children and adolescents: from diagnosis to therapeutically approaches.,,Y,False,False,False,False,False,False,False,False,False,False,False,False,False,False,False,False,False,False,False,False,False,False,False,False,False,False,False,False,False,False,False,False,True,False,False,0,18,0,2.0,0.0,6.0,2.0,False,abstract-level pattern match. NOT a read of the paper. Any case used as evidence must be opened and its numbers transcribed by hand.
LOPERAMIDE,35747108,PMC9209589,2022,Daptomycin-Associated Diarrhea: A Case Report and Review of the Literature.,,Y,False,False,False,False,False,False,False,False,False,False,False,False,False,False,False,True,False,False,False,False,False,False,False,False,False,False,False,False,False,False,False,False,True,False,False,1,18,0,2.0,0.0,6.0,2.0,False,abstract-level pattern match. NOT a read of the paper. Any case used as evidence must be opened and its numbers transcribed by hand.
LOPERAMIDE,32850522,PMC7403178,2020,Mucosal Abnormalities in Children With Congenital Chloride Diarrhea-An Underestimated Phenotypic Feature?,,Y,True,False,False,False,False,False,False,False,False,False,False,False,False,False,False,False,False,False,False,False,False,False,False,False,False,False,False,False,False,False,False,False,True,False,False,1,18,0,2.0,0.0,6.0,2.0,False,abstract-level pattern match. NOT a read of the paper. Any case used as evidence must be opened and its numbers transcribed by hand.
LOPERAMIDE,39789666,PMC11721286,2025,"Crohn's disease, irritable bowel syndrome, and chronic fatigue: the importance of communication and symptom management-a case report.",,Y,True,False,False,False,False,False,False,False,False,False,False,False,False,False,False,False,False,False,False,False,False,False,False,False,False,False,False,False,False,False,False,False,True,False,False,1,18,0,2.0,0.0,6.0,2.0,False,abstract-level pattern match. NOT a read of the paper. Any case used as evidence must be opened and its numbers transcribed by hand.
PREDNISOLONE,41881506,PMC13150677,2026,"Japanese Clinical Practice Guidelines for Vascular Tumors, Vascular Malformations, Lymphatic Malformations, and Lymphangiomatosis 2022.",,Y,False,False,False,False,False,False,False,False,False,False,False,False,False,False,False,False,False,False,False,False,False,False,False,False,False,False,False,False,False,False,False,False,True,False,False,0,18,0,2.0,0.0,6.0,2.0,False,abstract-level pattern match. NOT a read of the paper. Any case used as evidence must be opened and its numbers transcribed by hand.
PREDNISOLONE,41998660,PMC13218000,2026,Münchausen syndrome by proxy: a literary review and a reminder for every health care professional.,,Y,False,False,False,False,False,False,False,False,False,False,False,False,False,False,False,False,False,False,False,False,False,False,False,False,False,False,False,False,False,False,False,False,True,False,False,0,18,0,2.0,0.0,6.0,2.0,False,abstract-level pattern match. NOT a read of the paper. Any case used as evidence must be opened and its numbers transcribed by hand.
PREDNISOLONE,40270200,PMC12358781,2025,Asparaginase-associated hyperammonemia.,,Y,False,False,False,False,False,False,False,False,False,False,False,False,False,False,False,False,False,False,False,False,False,False,False,False,False,False,False,False,False,False,False,False,True,False,False,0,18,0,2.0,0.0,6.0,2.0,False,abstract-level pattern match. NOT a read of the paper. Any case used as evidence must be opened and its numbers transcribed by hand.
PREDNISOLONE,37362159,PMC10288297,2023,A case of papilledema in Camurati-Engelmann disease treated effectively with prednisolone.,,Y,False,False,False,False,False,False,False,False,False,False,False,False,False,False,False,False,False,False,False,False,False,False,False,False,False,False,False,False,False,False,False,False,True,False,False,0,18,0,2.0,0.0,6.0,2.0,False,abstract-level pattern match. NOT a read of the paper. Any case used as evidence must be opened and its numbers transcribed by hand.
PREDNISOLONE,39503368,PMC11543280,2024,Histopathological Downgrading of Borderline Phyllodes Tumor in a Young Patient Following Chemotherapy: A Case Report.,,Y,True,False,False,False,False,False,False,False,False,False,False,False,False,False,False,False,False,False,False,False,False,False,False,False,False,False,False,False,False,False,False,False,True,False,False,1,18,0,2.0,0.0,6.0,2.0,False,abstract-level pattern match. NOT a read of the paper. Any case used as evidence must be opened and its numbers transcribed by hand.
PREDNISOLONE,39917675,PMC11797870,2024,Painful ulcerations associated with COVID-19 in an adolescent patient: a case report.,,Y,False,False,False,False,False,False,False,False,False,False,False,False,False,False,False,False,False,False,False,False,False,False,False,False,False,False,False,False,False,False,False,False,True,False,False,0,18,0,2.0,0.0,6.0,2.0,False,abstract-level pattern match. NOT a read of the paper. Any case used as evidence must be opened and its numbers transcribed by hand.
PREDNISOLONE,39001958,PMC11415405,2024,Elemental Diet as a Therapeutic Modality: A Comprehensive Review.,,Y,False,False,False,False,False,False,False,False,False,False,False,True,False,False,False,False,False,False,False,False,False,False,False,False,False,False,False,False,False,False,False,False,True,False,False,1,18,0,2.0,0.0,6.0,2.0,False,abstract-level pattern match. NOT a read of the paper. Any case used as evidence must be opened and its numbers transcribed by hand.
PREDNISOLONE,38993713,PMC11234190,2024,Potential indication of chemotherapy for hypodipsia and arginine vasopressin deficiency secondary to hypothalamic-pituitary Langerhans cell histiocytosis: a case report and literature review.,,Y,False,False,False,False,False,False,False,False,False,False,False,False,False,False,False,False,False,False,False,False,False,False,False,False,False,False,False,False,False,False,False,False,True,False,False,0,18,0,2.0,0.0,6.0,2.0,False,abstract-level pattern match. NOT a read of the paper. Any case used as evidence must be opened and its numbers transcribed by hand.
PREDNISOLONE,39863876,PMC11765928,2025,Semaglutide and laparoscopic sleeve gastrectomy in an adolescent with congenital adrenal hyperplasia due to 21-hydroxylase: a case report.,,Y,True,False,False,False,False,False,False,False,False,True,False,False,False,False,False,False,False,False,False,False,False,False,False,False,False,False,False,False,False,False,False,False,True,False,False,2,18,0,2.0,0.0,6.0,2.0,False,abstract-level pattern match. NOT a read of the paper. Any case used as evidence must be opened and its numbers transcribed by hand.
PREDNISOLONE,38883088,PMC11179322,2024,"A Case Report of a Positive Antinuclear Ribonucleoprotein Antibody, a Weak-Positive Antinuclear Antibody, Elevated C3 Complement, and Possibly Trauma-Induced Rasmussen's Encephalitis.",,Y,False,False,False,False,False,False,False,False,False,False,False,False,False,False,False,False,False,False,False,False,False,False,False,False,False,False,False,False,False,False,False,False,True,False,False,0,18,0,2.0,0.0,6.0,2.0,False,abstract-level pattern match. NOT a read of the paper. Any case used as evidence must be opened and its numbers transcribed by hand.
LOPERAMIDE,29487489,PMC5825852,2018,Medical and Surgical Management of Pediatric Ulcerative Colitis.,,N,False,False,False,False,False,False,False,False,False,False,False,False,False,False,False,False,False,False,False,False,False,False,False,False,False,False,False,False,False,False,False,False,True,False,False,0,18,0,2.0,0.0,6.0,2.0,False,abstract-level pattern match. NOT a read of the paper. Any case used as evidence must be opened and its numbers transcribed by hand.
PREDNISOLONE,36559000,PMC9784529,2022,Rituximab in Idiopathic Pulmonary Hemosiderosis in Children: A Novel and Less Toxic Treatment Option.,,Y,False,False,False,False,False,False,False,False,False,False,False,False,False,False,False,False,False,False,False,False,False,False,False,False,False,False,False,False,False,False,False,False,True,False,False,0,18,0,2.0,0.0,6.0,2.0,False,abstract-level pattern match. NOT a read of the paper. Any case used as evidence must be opened and its numbers transcribed by hand.
PREDNISOLONE,37932047,PMC10815281,2023,Synchronous T-lymphoblastic lymphoma and neuroblastoma in a 3-yr-old with novel germline <i>SMARCA4</i> and <i>EZH2</i> variants.,,Y,False,False,False,False,False,False,False,False,False,False,False,False,False,False,False,False,False,False,False,False,False,False,False,False,False,False,False,False,False,False,False,False,True,False,False,0,18,0,2.0,0.0,6.0,2.0,False,abstract-level pattern match. NOT a read of the paper. Any case used as evidence must be opened and its numbers transcribed by hand.
PREDNISOLONE,38964232,PMC11268336,2024,A challenging diagnosis of spinal epidural lipomatosis: A case report and review of the literature.,,Y,True,False,False,False,False,False,False,False,False,False,False,False,False,False,False,False,False,False,False,False,False,False,False,False,False,False,False,False,False,False,False,False,True,False,False,1,18,0,2.0,0.0,6.0,2.0,False,abstract-level pattern match. NOT a read of the paper. Any case used as evidence must be opened and its numbers transcribed by hand.
PREDNISOLONE,39215473,PMC12155459,2025,Saudi consensus guidance for the diagnosis and management of inflammatory bowel disease in children and adolescents.,,Y,True,False,False,False,False,False,False,False,False,False,False,False,False,False,False,False,False,False,False,False,False,False,False,False,False,False,False,False,False,False,False,False,True,False,False,1,18,0,2.0,0.0,6.0,2.0,False,abstract-level pattern match. NOT a read of the paper. Any case used as evidence must be opened and its numbers transcribed by hand.
PREDNISOLONE,40700240,PMC12266004,2025,A 91-Year-Old Female with Recurring Coma Due to Atypical Hyperammonemia.,,Y,True,False,False,False,False,False,False,False,False,False,False,False,False,False,False,False,False,False,False,False,False,False,False,False,False,False,False,False,False,False,False,False,True,False,False,1,18,0,2.0,0.0,6.0,2.0,False,abstract-level pattern match. NOT a read of the paper. Any case used as evidence must be opened and its numbers transcribed by hand.
PREDNISOLONE,41664559,PMC12887549,2026,Foreign Body Granuloma and Infection-Related Complications Arising From Acupoint Embedding: A Case Study and Literature Review.,,Y,False,False,False,False,False,False,False,False,False,True,False,False,False,False,False,False,False,False,False,False,False,False,False,False,False,False,False,False,False,False,False,False,True,False,False,1,18,0,2.0,0.0,6.0,2.0,False,abstract-level pattern match. NOT a read of the paper. Any case used as evidence must be opened and its numbers transcribed by hand.
TEDUGLUTIDE,29399329,PMC5773925,2018,Intestinal failure: a review.,,Y,False,False,False,False,False,False,False,False,False,True,False,False,False,False,False,False,False,False,False,False,False,False,False,False,False,False,False,False,False,False,False,False,True,False,False,1,18,0,2.0,0.0,6.0,2.0,False,abstract-level pattern match. NOT a read of the paper. Any case used as evidence must be opened and its numbers transcribed by hand.
TEDUGLUTIDE,40622204,PMC12323320,2025,ETA guidelines for the use of levothyroxine sodium preparations in monotherapy to optimize the treatment of hypothyroidism.,,Y,False,False,False,False,False,False,False,False,False,True,False,False,False,False,False,False,False,False,False,False,False,False,False,False,False,False,False,False,False,False,False,False,True,False,False,1,18,0,2.0,0.0,6.0,2.0,False,abstract-level pattern match. NOT a read of the paper. Any case used as evidence must be opened and its numbers transcribed by hand.
TEDUGLUTIDE,28367359,PMC5373550,2017,New insights and interventions for short bowel syndrome.,,N,False,False,False,False,False,False,False,False,False,False,False,False,False,False,False,False,False,False,False,False,False,False,False,False,False,False,False,False,False,False,False,False,True,False,False,0,18,0,2.0,0.0,6.0,2.0,False,abstract-level pattern match. NOT a read of the paper. Any case used as evidence must be opened and its numbers transcribed by hand.
LOPERAMIDE,37445477,PMC10342440,2023,Microscopic Colitis: Pathogenesis and Diagnosis.,,Y,True,False,False,False,False,False,False,False,False,False,False,False,False,False,False,False,False,False,False,False,False,False,False,False,False,False,False,False,False,False,False,False,True,False,False,1,18,0,2.0,0.0,6.0,2.0,False,abstract-level pattern match. NOT a read of the paper. Any case used as evidence must be opened and its numbers transcribed by hand.
LOPERAMIDE,32826308,PMC7677490,2020,The management of adult patients with severe chronic small intestinal dysmotility.,,Y,False,False,False,False,False,False,False,False,False,True,False,False,False,False,False,False,False,False,False,False,False,False,False,False,False,False,False,False,False,False,False,False,True,False,False,1,18,0,2.0,0.0,6.0,2.0,False,abstract-level pattern match. NOT a read of the paper. Any case used as evidence must be opened and its numbers transcribed by hand.
PREDNISOLONE,41121198,PMC12542620,2025,PET/CT and exome sequencing in late onset multiple acyl-CoA dehydrogenase deficiency: a case series and literature review.,,Y,False,False,False,False,False,False,False,False,False,False,False,False,False,False,False,False,False,False,False,False,False,False,False,False,False,False,False,False,False,False,False,False,True,False,False,0,18,0,2.0,0.0,6.0,2.0,False,abstract-level pattern match. NOT a read of the paper. Any case used as evidence must be opened and its numbers transcribed by hand.
METRONIDAZOLE,39275281,PMC11397488,2024,Pediatric Chronic Intestinal Failure: Something Moving?,,Y,False,False,False,False,False,False,False,False,False,True,False,False,False,False,False,False,False,False,False,False,False,False,False,False,False,False,False,False,False,False,False,False,True,False,False,1,18,0,2.0,0.0,6.0,2.0,False,abstract-level pattern match. NOT a read of the paper. Any case used as evidence must be opened and its numbers transcribed by hand.
METRONIDAZOLE,38034428,PMC10684133,2023,Adenomyomatosis of the Gallbladder as a Cause of Abdominal Pain in Pediatrics: A Case Report of an Adolescent and a Literature Review.,,Y,True,False,False,False,False,False,False,False,False,False,False,False,False,False,False,False,False,False,False,False,False,False,False,False,False,False,False,False,False,False,False,False,True,False,False,1,18,0,2.0,0.0,6.0,2.0,False,abstract-level pattern match. NOT a read of the paper. Any case used as evidence must be opened and its numbers transcribed by hand.
METRONIDAZOLE,41881506,PMC13150677,2026,"Japanese Clinical Practice Guidelines for Vascular Tumors, Vascular Malformations, Lymphatic Malformations, and Lymphangiomatosis 2022.",,Y,False,False,False,False,False,False,False,False,False,False,False,False,False,False,False,False,False,False,False,False,False,False,False,False,False,False,False,False,False,False,False,False,True,False,False,0,18,0,2.0,0.0,6.0,2.0,False,abstract-level pattern match. NOT a read of the paper. Any case used as evidence must be opened and its numbers transcribed by hand.
METRONIDAZOLE,40546652,PMC12181655,2025,Recurrent Pouchitis Uncovering De Novo Celiac Disease.,,Y,True,False,False,False,False,False,False,False,False,False,False,False,False,False,False,False,False,False,False,False,False,False,False,False,False,False,False,False,False,False,False,False,True,False,False,1,18,0,2.0,0.0,6.0,2.0,False,abstract-level pattern match. NOT a read of the paper. Any case used as evidence must be opened and its numbers transcribed by hand.
METRONIDAZOLE,41880126,PMC13144253,2026,"Japanese clinical practice guidelines for vascular tumors, vascular malformations, lymphatic malformations, and lymphangiomatosis 2022.",,Y,False,False,False,False,False,False,False,False,False,False,False,False,False,False,False,False,False,False,False,False,False,False,False,False,False,False,False,False,False,False,False,False,True,False,False,0,18,0,2.0,0.0,6.0,2.0,False,abstract-level pattern match. NOT a read of the paper. Any case used as evidence must be opened and its numbers transcribed by hand.
METRONIDAZOLE,39149176,PMC11322012,2024,Co-occurrence of collagenous gastrointestinal disease in siblings in early childhood: New insight into a rare condition.,,Y,False,False,False,False,False,False,False,False,False,False,False,False,False,False,False,False,False,False,False,False,False,False,False,False,False,False,False,False,False,False,False,False,True,False,False,0,18,0,2.0,0.0,6.0,2.0,False,abstract-level pattern match. NOT a read of the paper. Any case used as evidence must be opened and its numbers transcribed by hand.
METRONIDAZOLE,41301795,PMC12650112,2025,&lt;i&gt;Clostridioides difficile&lt;/i&gt; Infection in Special Populations: Focus on Inflammatory Bowel Disease-A Narrative Review from Pathogenesis to Management.,,Y,False,False,False,False,False,False,False,False,False,False,False,False,False,False,False,False,False,False,False,False,False,False,False,False,False,False,False,False,False,False,False,False,True,False,False,0,18,0,2.0,0.0,6.0,2.0,False,abstract-level pattern match. NOT a read of the paper. Any case used as evidence must be opened and its numbers transcribed by hand.
METRONIDAZOLE,39215473,PMC12155459,2025,Saudi consensus guidance for the diagnosis and management of inflammatory bowel disease in children and adolescents.,,Y,True,False,False,False,False,False,False,False,False,False,False,False,False,False,False,False,False,False,False,False,False,False,False,False,False,False,False,False,False,False,False,False,True,False,False,1,18,0,2.0,0.0,6.0,2.0,False,abstract-level pattern match. NOT a read of the paper. Any case used as evidence must be opened and its numbers transcribed by hand.
METRONIDAZOLE,41816791,PMC12971980,2026,Case Report: Association of a rare single nucleotide variant in the KCNH2 gene with drug-induced QT prolongation.,,Y,False,False,False,False,False,False,False,False,False,False,False,False,False,False,False,False,False,False,False,False,False,False,False,False,False,False,False,False,False,False,False,False,True,False,False,0,18,0,2.0,0.0,6.0,2.0,False,abstract-level pattern match. NOT a read of the paper. Any case used as evidence must be opened and its numbers transcribed by hand.
METRONIDAZOLE,41416340,PMC12709399,2025,Different Aspects of Pneumatosis Intestinalis.,,Y,True,False,False,False,False,False,False,False,False,False,False,False,False,False,False,False,False,False,False,False,False,False,False,False,False,False,False,False,False,False,False,False,True,False,False,1,18,0,2.0,0.0,6.0,2.0,False,abstract-level pattern match. NOT a read of the paper. Any case used as evidence must be opened and its numbers transcribed by hand.
TIOTROPIUM BROMIDE,33680125,PMC7908897,2021,The Saudi Initiative for Asthma - 2021 Update: Guidelines for the diagnosis and management of asthma in adults and children.,,Y,True,False,False,False,False,False,False,False,False,False,False,False,False,False,False,False,False,False,False,False,False,False,False,False,False,False,False,False,False,False,False,False,True,False,False,1,18,0,2.0,0.0,6.0,2.0,False,abstract-level pattern match. NOT a read of the paper. Any case used as evidence must be opened and its numbers transcribed by hand.
METRONIDAZOLE,41881561,PMC13017083,2026,"Japanese clinical practice guidelines for vascular tumors, vascular malformations, lymphatic malformations, and Lymphangiomatosis 2022.",,Y,False,False,False,False,False,False,False,False,False,False,False,False,False,False,False,False,False,False,False,False,False,False,False,False,False,False,False,False,False,False,False,False,True,False,False,0,18,0,2.0,0.0,6.0,2.0,False,abstract-level pattern match. NOT a read of the paper. Any case used as evidence must be opened and its numbers transcribed by hand.
METRONIDAZOLE,39635425,PMC11614784,2025,A rare case report: Pott's Puffy tumor and Lemierre's syndrome with intracranial complications in an adult male.,,Y,False,False,False,False,False,False,False,False,False,False,False,False,False,False,False,False,False,False,False,False,False,False,False,False,False,False,False,False,False,False,False,False,True,False,False,0,18,0,2.0,0.0,6.0,2.0,False,abstract-level pattern match. NOT a read of the paper. Any case used as evidence must be opened and its numbers transcribed by hand.
METRONIDAZOLE,39770940,PMC11679674,2024,Small Intestinal Bacterial Overgrowth and Childhood Malnutrition: A Comprehensive Review of Available Evidence.,,Y,False,False,False,False,False,False,False,False,False,True,False,False,False,False,False,False,False,False,False,False,False,False,False,False,False,False,False,False,False,False,False,False,True,False,False,1,18,0,2.0,0.0,6.0,2.0,False,abstract-level pattern match. NOT a read of the paper. Any case used as evidence must be opened and its numbers transcribed by hand.
MONTELUKAST,24813298,PMC4410179,2014,Guidelines of care for the management of atopic dermatitis: section 3. Management and treatment with phototherapy and systemic agents.,,N,False,False,False,False,False,False,False,False,False,False,False,False,False,False,False,False,False,False,False,False,False,False,False,False,False,False,False,False,False,False,False,False,True,False,False,0,18,0,2.0,0.0,6.0,2.0,False,abstract-level pattern match. NOT a read of the paper. Any case used as evidence must be opened and its numbers transcribed by hand.
MONTELUKAST,32600434,PMC7325159,2020,"Advances in paediatrics in 2019: current practices and challenges in allergy, endocrinology, gastroenterology, public health, neonatology, nutrition, nephrology, neurology, respiratory diseases and rheumatic diseases.",,Y,False,False,False,False,False,False,False,False,False,True,False,False,False,False,False,False,False,False,False,False,False,False,False,False,False,False,False,False,False,False,False,False,True,False,False,1,18,0,2.0,0.0,6.0,2.0,False,abstract-level pattern match. NOT a read of the paper. Any case used as evidence must be opened and its numbers transcribed by hand.
MONTELUKAST,28793336,PMC5549998,2017,A systematic review of adverse drug events associated with administration of common asthma medications in children.,,Y,False,False,False,False,False,False,False,False,False,False,False,False,False,False,False,False,False,False,False,False,False,False,False,False,False,False,False,False,False,False,False,False,True,False,False,0,18,0,2.0,0.0,6.0,2.0,False,abstract-level pattern match. NOT a read of the paper. Any case used as evidence must be opened and its numbers transcribed by hand.
MONTELUKAST,32359563,PMC9473155,2020,Technical Review on the Management of Eosinophilic Esophagitis: A Report From the AGA Institute and the Joint Task Force on Allergy-Immunology Practice Parameters.,,N,False,False,False,False,False,False,False,False,False,False,False,False,False,False,False,False,False,False,False,False,False,False,False,False,False,False,False,False,False,False,False,False,True,False,False,0,18,0,2.0,0.0,6.0,2.0,False,abstract-level pattern match. NOT a read of the paper. Any case used as evidence must be opened and its numbers transcribed by hand.
MONTELUKAST,22752833,PMC3034203,2010,Peripheral oedema as a side-effect of fluticasone.,,N,True,False,False,False,False,False,False,False,False,False,False,False,False,False,False,False,False,False,False,False,False,False,False,False,False,False,False,False,False,False,False,False,True,False,False,1,18,0,2.0,0.0,6.0,2.0,False,abstract-level pattern match. NOT a read of the paper. Any case used as evidence must be opened and its numbers transcribed by hand.
MONTELUKAST,32336463,PMC8171057,2020,Technical review on the management of eosinophilic esophagitis: a report from the AGA institute and the joint task force on allergy-immunology practice parameters.,,N,False,False,False,False,False,False,False,False,False,False,False,False,False,False,False,False,False,False,False,False,False,False,False,False,False,False,False,False,False,False,False,False,True,False,False,0,18,0,2.0,0.0,6.0,2.0,False,abstract-level pattern match. NOT a read of the paper. Any case used as evidence must be opened and its numbers transcribed by hand.
MONTELUKAST,37761003,PMC10526314,2023,Pharmacomicrobiomics of Classical Immunosuppressant Drugs: A Systematic Review.,,Y,False,False,False,False,False,False,False,False,False,False,False,False,False,False,False,False,False,False,False,False,False,False,False,False,False,False,False,False,False,False,False,False,True,False,False,0,18,0,2.0,0.0,6.0,2.0,False,abstract-level pattern match. NOT a read of the paper. Any case used as evidence must be opened and its numbers transcribed by hand.
METRONIDAZOLE,39311328,PMC11417734,2024,Case Report of a Neonate with Complex Gastroschisis: A Multidisciplinary Approach.,,Y,False,False,False,False,False,False,False,False,False,False,False,False,False,False,False,False,False,False,False,False,False,False,False,False,False,False,False,False,False,False,False,False,True,False,False,0,18,0,2.0,0.0,6.0,2.0,False,abstract-level pattern match. NOT a read of the paper. Any case used as evidence must be opened and its numbers transcribed by hand.
METRONIDAZOLE,41897062,PMC13024854,2026,"Pre-, Pro-, Post- and Synbiotics in Pediatric Short Bowel Syndrome: A Narrative Review of Current Evidence.",,Y,False,False,False,False,False,False,False,False,False,True,False,False,False,False,False,False,False,False,False,False,False,False,False,False,False,False,False,False,False,False,False,False,True,False,False,1,18,0,2.0,0.0,6.0,2.0,False,abstract-level pattern match. NOT a read of the paper. Any case used as evidence must be opened and its numbers transcribed by hand.
METRONIDAZOLE,40119745,PMC12152527,2025,Rosacea in childhood and adolescence: A review.,,Y,False,False,False,False,False,False,False,False,False,False,False,False,False,False,False,False,False,False,False,False,False,False,False,False,False,False,False,False,False,False,False,False,True,False,False,0,18,0,2.0,0.0,6.0,2.0,False,abstract-level pattern match. NOT a read of the paper. Any case used as evidence must be opened and its numbers transcribed by hand.
METRONIDAZOLE,41822293,PMC12952344,2025,"Case Report: &lt;i&gt;Sarcina ventriculi&lt;/i&gt;, a masquerade of motility.",,Y,True,False,False,False,False,False,False,False,False,False,False,False,False,False,False,False,False,False,False,False,False,False,False,False,False,False,False,False,False,False,False,False,True,False,False,1,18,0,2.0,0.0,6.0,2.0,False,abstract-level pattern match. NOT a read of the paper. Any case used as evidence must be opened and its numbers transcribed by hand.
METRONIDAZOLE,42222248,PMC13221589,2026,Neonatal Hypoganglionosis Mimicking Hirschsprung Disease in a Resource-Limited Setting: A Case Report.,,Y,False,False,False,False,False,False,False,False,False,True,False,False,False,False,False,False,False,False,False,False,False,False,False,False,False,False,False,False,False,False,False,False,True,False,False,1,18,0,2.0,0.0,6.0,2.0,False,abstract-level pattern match. NOT a read of the paper. Any case used as evidence must be opened and its numbers transcribed by hand.
METRONIDAZOLE,41430158,PMC12849362,2025,EBV-Tonsillitis with superinfection involving Staphylococcus aureus and Prevotella Oris leading to life-threatening bleeding in a 13-year-old girl: a case report.,,Y,True,False,False,False,False,False,False,False,False,False,False,False,False,False,False,False,False,False,False,False,False,False,False,False,False,False,False,False,False,False,False,False,True,False,False,1,18,0,2.0,0.0,6.0,2.0,False,abstract-level pattern match. NOT a read of the paper. Any case used as evidence must be opened and its numbers transcribed by hand.
METRONIDAZOLE,40223242,PMC12007560,2025,Chronic Appendicitis-Induced Effusive-Constrictive Pericarditis and Hepatic Fibrosis: A Case Report.,,Y,True,False,False,False,False,False,False,False,False,False,False,False,False,False,False,False,False,False,False,False,False,False,False,False,False,False,False,False,False,False,False,False,True,False,False,1,18,0,2.0,0.0,6.0,2.0,False,abstract-level pattern match. NOT a read of the paper. Any case used as evidence must be opened and its numbers transcribed by hand.
MONTELUKAST,38883580,PMC11177828,2024,"Imatinib and Trigger Avoidance for Mast Cell Activation Syndrome Presenting With Attacks of Abdominal Pain, Nausea, Vomiting, and Diarrhea.",,Y,True,False,False,False,False,False,False,False,False,False,False,False,False,False,False,False,False,False,False,False,False,False,False,False,False,False,False,False,False,False,False,False,True,False,False,1,18,0,2.0,0.0,6.0,2.0,False,abstract-level pattern match. NOT a read of the paper. Any case used as evidence must be opened and its numbers transcribed by hand.
METRONIDAZOLE,41180995,PMC12576550,2025,Microbiome and gut-liver interactions: From mechanisms to therapies.,,Y,False,False,False,False,False,False,False,False,False,False,False,False,False,False,False,False,False,False,False,False,False,False,False,False,False,False,False,False,False,False,False,False,True,False,False,0,18,0,2.0,0.0,6.0,2.0,False,abstract-level pattern match. NOT a read of the paper. Any case used as evidence must be opened and its numbers transcribed by hand.
METRONIDAZOLE,36998256,PMC10049797,2023,Iatrogenic fibrotic encapsulation of NANCE palatal arch appliance in the hard palate and its surgical management: a case report.,,Y,True,False,False,False,False,False,False,False,False,False,False,False,False,False,False,False,False,False,False,False,False,False,False,False,False,False,False,False,False,False,False,False,True,False,False,1,18,0,2.0,0.0,6.0,2.0,False,abstract-level pattern match. NOT a read of the paper. Any case used as evidence must be opened and its numbers transcribed by hand.
METRONIDAZOLE,41153659,PMC12561321,2025,Microbiota Modulation as an Approach to Prevent the Use of Antimicrobials Associated with Canine Atopic Dermatitis.,,Y,False,False,False,False,False,False,False,False,False,False,False,False,False,False,False,False,False,False,False,False,False,False,False,False,False,False,False,False,False,False,False,False,True,False,False,0,18,0,2.0,0.0,6.0,2.0,False,abstract-level pattern match. NOT a read of the paper. Any case used as evidence must be opened and its numbers transcribed by hand.
METRONIDAZOLE,40565808,PMC12194702,2025,Pott's Puffy Tumor in the Adult Population: Systematic Review and Meta-Analysis of Case Reports.,,Y,True,False,False,False,False,False,False,False,False,False,False,False,False,False,False,False,False,False,False,False,False,False,False,False,False,False,False,False,False,False,False,False,True,False,False,1,18,0,2.0,0.0,6.0,2.0,False,abstract-level pattern match. NOT a read of the paper. Any case used as evidence must be opened and its numbers transcribed by hand.
METRONIDAZOLE,33209737,PMC7658762,2020,A rare case of pediatric Crohn's disease and alveolar bone loss: a report and review.,,Y,True,False,False,False,False,False,False,False,False,False,False,False,False,False,False,False,False,False,False,False,False,False,False,False,False,False,False,False,False,False,False,False,True,False,False,1,18,0,2.0,0.0,6.0,2.0,False,abstract-level pattern match. NOT a read of the paper. Any case used as evidence must be opened and its numbers transcribed by hand.
METRONIDAZOLE,37489396,PMC10366835,2023,<i>Enterobius vermicularis</i> Related Acute Appendicitis: A Case Report and Review of the Literature.,,Y,False,False,False,False,False,False,False,False,False,False,False,False,False,False,False,False,False,False,False,False,False,False,False,False,False,False,False,False,False,False,False,False,True,False,False,0,18,0,2.0,0.0,6.0,2.0,False,abstract-level pattern match. NOT a read of the paper. Any case used as evidence must be opened and its numbers transcribed by hand.
METRONIDAZOLE,41388488,PMC13067212,2026,Orbital Complications of Acute Rhinosinusitis in Adulthood: Predictors of Outcome and Management.,,Y,False,False,False,False,False,False,False,False,False,False,False,False,False,False,False,False,False,False,False,False,False,False,False,False,False,False,False,False,False,False,False,False,True,False,False,0,18,0,2.0,0.0,6.0,2.0,False,abstract-level pattern match. NOT a read of the paper. Any case used as evidence must be opened and its numbers transcribed by hand.
METRONIDAZOLE,41112711,PMC12530748,2025,Managing gynecological issues in pediatric urology patients.,,Y,False,False,False,False,False,False,False,False,False,False,False,False,False,False,False,False,False,False,False,False,False,False,False,False,False,False,False,False,False,False,False,False,True,False,False,0,18,0,2.0,0.0,6.0,2.0,False,abstract-level pattern match. NOT a read of the paper. Any case used as evidence must be opened and its numbers transcribed by hand.
METRONIDAZOLE,40386336,PMC12078061,2025,Chronic atrial and intestinal dysrhythmia: A rare genetic disorder of intestinal pseudo-obstruction.,,Y,False,False,False,False,False,False,False,False,False,False,False,False,False,False,False,False,False,False,False,False,False,False,False,False,False,False,False,False,False,False,False,False,True,False,False,0,18,0,2.0,0.0,6.0,2.0,False,abstract-level pattern match. NOT a read of the paper. Any case used as evidence must be opened and its numbers transcribed by hand.
METRONIDAZOLE,39953371,PMC11909311,2025,Child and Adult Seborrheic Dermatitis: A Narrative Review of the Current Treatment Landscape.,,Y,False,False,False,False,False,False,False,False,False,False,False,False,False,False,False,False,False,False,False,False,False,False,False,False,False,False,False,False,False,False,False,False,True,False,False,0,18,0,2.0,0.0,6.0,2.0,False,abstract-level pattern match. NOT a read of the paper. Any case used as evidence must be opened and its numbers transcribed by hand.
METRONIDAZOLE,35274342,,2022,Bacterial overgrowth assessment and treatment among pediatric intestinal rehabilitation and nutrition support providers: An international survey of clinical practice patterns.,,N,False,False,False,False,False,False,False,False,False,True,False,False,False,False,False,False,False,False,False,False,False,False,False,False,False,False,False,False,False,False,False,False,True,False,False,1,18,0,2.0,0.0,6.0,2.0,False,abstract-level pattern match. NOT a read of the paper. Any case used as evidence must be opened and its numbers transcribed by hand.
METRONIDAZOLE,38540258,PMC10967871,2024,Exploring the Microbial Landscape: Gut Dysbiosis and Therapeutic Strategies in Pancreatitis-A Narrative Review.,,Y,False,False,False,False,False,False,False,False,False,True,False,False,False,False,False,False,False,False,False,False,False,False,False,False,False,False,False,False,False,False,False,False,True,False,False,1,18,0,2.0,0.0,6.0,2.0,False,abstract-level pattern match. NOT a read of the paper. Any case used as evidence must be opened and its numbers transcribed by hand.
METRONIDAZOLE,36860213,PMC9969462,2023,"Monotherapy With a Non-Hormonal Centella Asiatica, Hyaluronic Acid, and Prebiotic-Based Vaginal Gel in Women With Bacterial Vaginosis: Case Series.",,Y,False,False,False,False,False,False,False,False,False,False,False,False,False,False,False,False,False,False,False,False,False,False,False,False,False,False,False,False,False,False,False,False,True,False,False,0,18,0,2.0,0.0,6.0,2.0,False,abstract-level pattern match. NOT a read of the paper. Any case used as evidence must be opened and its numbers transcribed by hand.
METRONIDAZOLE,40667421,PMC12259619,2025,The challenge of multidrug resistance in hospitalized pediatric patients with urinary tract infections.,,Y,False,False,False,False,False,False,False,False,False,False,False,False,False,False,False,False,False,False,False,False,False,False,False,False,False,False,False,False,False,False,False,False,True,False,False,0,18,0,2.0,0.0,6.0,2.0,False,abstract-level pattern match. NOT a read of the paper. Any case used as evidence must be opened and its numbers transcribed by hand.
MONTELUKAST,42158853,PMC13180542,2026,Case Report: Treatment of refractory lung disease in systemic juvenile idiopathic arthritis with cyclophosphamide and rituximab combination therapy.,,Y,False,False,False,False,False,False,False,False,False,False,False,True,False,False,False,False,False,False,False,False,False,False,False,False,False,False,False,False,False,False,False,False,True,False,False,1,18,0,2.0,0.0,6.0,2.0,False,abstract-level pattern match. NOT a read of the paper. Any case used as evidence must be opened and its numbers transcribed by hand.
METRONIDAZOLE,37198537,PMC10193674,2023,Bartholin's gland cyst caused by Sneathia amnii: a case report.,,Y,True,False,False,False,False,False,False,False,False,False,False,False,False,False,False,False,False,False,False,False,False,False,False,False,False,False,False,False,False,False,False,False,True,False,False,1,18,0,2.0,0.0,6.0,2.0,False,abstract-level pattern match. NOT a read of the paper. Any case used as evidence must be opened and its numbers transcribed by hand.
AMINO ACIDS,41917976,PMC13067699,2026,Marfanoid phenotype with intellectual disability associated with NKAP mutation: a case report.,,Y,True,False,False,False,False,False,False,False,False,False,False,False,False,False,True,False,False,False,False,False,False,False,False,False,False,False,False,False,False,False,False,False,True,False,False,2,18,0,2.0,0.0,6.0,2.0,False,abstract-level pattern match. NOT a read of the paper. Any case used as evidence must be opened and its numbers transcribed by hand.
AMINO ACIDS,42041619,PMC13114597,2026,Aggrecanopathy as an Underrecognized Cause of Idiopathic Short Stature: The Importance of Early Genetic Confirmation for Timely Diagnosis and Management-Case Reports and Literature Review.,,Y,True,False,False,False,False,True,False,False,False,False,False,False,False,False,False,False,False,False,False,False,False,False,False,False,False,False,False,False,False,False,False,False,True,False,False,2,18,0,2.0,0.0,6.0,2.0,False,abstract-level pattern match. NOT a read of the paper. Any case used as evidence must be opened and its numbers transcribed by hand.
AMINO ACIDS,38025191,PMC10681804,2023,Early is Better: Report of a Cowden Syndrome.,,Y,False,False,False,False,False,False,False,False,False,False,False,False,False,False,False,False,False,False,False,False,False,False,False,False,False,False,False,False,False,False,False,False,True,False,False,0,18,0,2.0,0.0,6.0,2.0,False,abstract-level pattern match. NOT a read of the paper. Any case used as evidence must be opened and its numbers transcribed by hand.
AMINO ACIDS,41988147,PMC13076340,2026,Case Report: Compound heterozygous mutation comprising p.Pro31Leu and exons 1-3 ins/del variants in &lt;i&gt;CYP21A2&lt;/i&gt; causes non-classical congenital adrenal hyperplasia in a Chinese girl.,,Y,False,False,False,False,True,False,False,False,False,False,False,False,False,False,False,False,False,False,False,False,False,False,False,False,False,False,False,False,False,False,False,False,True,False,False,1,18,0,2.0,0.0,6.0,2.0,False,abstract-level pattern match. NOT a read of the paper. Any case used as evidence must be opened and its numbers transcribed by hand.
MONTELUKAST,10906907,PMC1230847,1999,"Canadian Asthma Consensus Report, 1999. Canadian Asthma Consensus Group.",,N,False,False,False,False,False,False,False,False,False,False,False,False,False,False,False,False,False,False,False,False,False,False,False,False,False,False,False,False,False,False,False,False,True,False,False,0,18,0,2.0,0.0,6.0,2.0,False,abstract-level pattern match. NOT a read of the paper. Any case used as evidence must be opened and its numbers transcribed by hand.
MONTELUKAST,20586582,PMC4623817,2010,"Abstracts of the 2010 NATA (National Athletic Trainers' Association) Annual Meeting and Clinical Symposia. June 23-25, 2010. Philadelphia, Pennsylvania, USA.",,N,False,False,False,False,False,False,False,False,False,False,False,False,False,False,False,False,False,False,False,False,False,False,False,False,False,False,False,False,False,False,False,False,True,False,False,0,18,0,2.0,0.0,6.0,2.0,False,abstract-level pattern match. NOT a read of the paper. Any case used as evidence must be opened and its numbers transcribed by hand.
MONTELUKAST,24085684,PMC7159716,2013,"Abstracts of the 2013 Annual Meeting of the American College of Rheumatology. October 25-30, 2013. San Diego, California, USA.",,Y,False,False,False,False,False,False,False,False,False,False,False,False,False,False,False,False,False,False,False,False,False,False,False,False,False,False,False,False,False,False,False,False,True,False,False,0,18,0,2.0,0.0,6.0,2.0,False,abstract-level pattern match. NOT a read of the paper. Any case used as evidence must be opened and its numbers transcribed by hand.
MONTELUKAST,23625304,PMC3654146,2013,"Abstracts of the 36th Annual Meeting of the Society of General Internal Medicine. April 24-27, 2013. Denver, Colorado, USA.",,Y,False,False,False,False,False,False,False,False,False,False,False,False,False,False,False,False,False,False,False,False,False,False,False,False,False,False,False,False,False,False,False,False,True,False,False,0,18,0,2.0,0.0,6.0,2.0,False,abstract-level pattern match. NOT a read of the paper. Any case used as evidence must be opened and its numbers transcribed by hand.
AMINO ACIDS,42346198,PMC13298592,2026,Pycnodysostosis: Report of Two Novel CTSK Variants in a Child.,,Y,False,False,False,False,False,False,False,False,False,False,False,False,False,False,True,False,False,False,False,False,False,False,False,False,False,False,False,False,False,False,False,False,True,False,False,1,18,0,2.0,0.0,6.0,2.0,False,abstract-level pattern match. NOT a read of the paper. Any case used as evidence must be opened and its numbers transcribed by hand.
AMINO ACIDS,41606799,PMC13271778,2026,Clinical spectrum of extreme insulin resistance syndromes treated with rhIGF-1: A single-center experience.,,Y,False,False,False,False,False,False,False,False,False,False,False,False,False,False,False,False,False,False,False,False,False,False,False,False,False,False,False,False,False,False,False,False,True,False,False,0,18,0,2.0,0.0,6.0,2.0,False,abstract-level pattern match. NOT a read of the paper. Any case used as evidence must be opened and its numbers transcribed by hand.
MONTELUKAST,29438602,PMC7286723,2018,International Consensus Statement on Allergy and Rhinology: Allergic Rhinitis.,,N,False,False,False,False,False,False,False,False,False,False,False,False,False,False,False,False,False,False,False,False,False,False,False,False,False,False,False,False,False,False,False,False,True,False,False,0,18,0,2.0,0.0,6.0,2.0,False,abstract-level pattern match. NOT a read of the paper. Any case used as evidence must be opened and its numbers transcribed by hand.
AMINO ACIDS,41462822,PMC12731882,2025,Identification of a Novel Nonsense Mutation in the &lt;i&gt;IGSF1&lt;/i&gt; Gene Reveals Sex-Specific Phenotypic Variability Within a Single Family.,,Y,False,False,False,False,True,False,False,True,False,False,False,False,False,False,False,False,False,False,False,False,False,False,False,False,False,False,False,False,False,False,False,False,True,False,False,2,18,0,2.0,0.0,6.0,2.0,False,abstract-level pattern match. NOT a read of the paper. Any case used as evidence must be opened and its numbers transcribed by hand.
AMINO ACIDS,42280338,PMC13257912,2026,Development of a Metagenomics-Guided Personalized Synbiotic Protocol for Children with Autism Spectrum Disorder: An Exploratory Case Series.,,Y,True,False,False,False,False,False,False,False,False,False,False,False,False,False,False,False,False,False,False,False,False,False,False,False,False,False,False,False,False,False,False,False,True,False,False,1,18,0,2.0,0.0,6.0,2.0,False,abstract-level pattern match. NOT a read of the paper. Any case used as evidence must be opened and its numbers transcribed by hand.
AMINO ACIDS,41726362,PMC12917322,2026,Rhizomelic short stature with dysmorphism in two siblings due to &lt;i&gt;PKDCC&lt;/i&gt; gene pathogenic variants.,,Y,True,False,False,False,False,False,False,False,False,False,False,False,False,False,True,False,False,False,False,False,False,False,False,False,False,False,False,False,False,False,False,False,True,False,False,2,18,0,2.0,0.0,6.0,2.0,False,abstract-level pattern match. NOT a read of the paper. Any case used as evidence must be opened and its numbers transcribed by hand.
PREDNISOLONE,36253853,PMC9575291,2022,"Pathophysiology, clinical manifestations and current management of IL-1 mediated monogenic systemic autoinflammatory diseases, a literature review.",,Y,False,False,False,False,False,False,False,False,False,False,False,False,False,False,False,False,False,False,False,False,False,False,False,False,False,False,False,False,False,False,False,False,True,False,False,0,18,0,2.0,0.0,6.0,2.0,False,abstract-level pattern match. NOT a read of the paper. Any case used as evidence must be opened and its numbers transcribed by hand.
MONTELUKAST,40722188,PMC12306108,2025,Use of cholic acid in Smith-Lemli-Opitz syndrome (SLOS): real-world patient outcomes.,,Y,False,False,False,False,False,False,False,False,False,False,False,False,True,False,False,False,False,False,False,False,False,False,False,False,False,False,False,False,False,False,False,False,True,False,False,1,18,0,2.0,0.0,6.0,2.0,False,abstract-level pattern match. NOT a read of the paper. Any case used as evidence must be opened and its numbers transcribed by hand.
MONTELUKAST,37638031,PMC10451072,2023,H syndrome treated with Tocilizumab: two case reports and literature review.,,Y,True,False,False,False,False,False,False,False,False,False,False,False,False,False,False,False,False,False,False,False,False,False,False,False,False,False,False,False,False,False,False,False,True,False,False,1,18,0,2.0,0.0,6.0,2.0,False,abstract-level pattern match. NOT a read of the paper. Any case used as evidence must be opened and its numbers transcribed by hand.
MONTELUKAST,38453233,PMC10921506,2024,Variant ataxia telangiectasia identified during evaluation for short stature.,,N,False,False,False,False,False,False,False,False,False,False,False,False,False,False,False,False,False,False,False,False,False,False,False,False,False,False,False,False,False,False,False,False,True,False,False,0,18,0,2.0,0.0,6.0,2.0,False,abstract-level pattern match. NOT a read of the paper. Any case used as evidence must be opened and its numbers transcribed by hand.
MONTELUKAST,38337805,PMC10855184,2024,Diagnosis and Orthodontic Treatment of Obstructive Sleep Apnea Syndrome Children-A Systematic Review.,,Y,False,False,False,False,False,False,False,False,False,False,False,False,False,False,False,False,False,False,False,False,False,False,False,False,False,False,False,False,False,False,False,False,True,False,False,0,18,0,2.0,0.0,6.0,2.0,False,abstract-level pattern match. NOT a read of the paper. Any case used as evidence must be opened and its numbers transcribed by hand.
MONTELUKAST,39331079,PMC11666671,2025,IPNA clinical practice recommendations for the diagnosis and management of children with IgA nephropathy and IgA vasculitis nephritis.,,Y,False,False,False,False,False,False,False,False,False,False,False,False,False,False,False,False,False,False,False,False,False,False,False,False,False,False,False,False,False,False,False,False,True,False,False,0,18,0,2.0,0.0,6.0,2.0,False,abstract-level pattern match. NOT a read of the paper. Any case used as evidence must be opened and its numbers transcribed by hand.
MONTELUKAST,36606130,PMC9807622,2022,Case report: Carbohydrate malabsorption in inpatients with anorexia nervosa.,,Y,False,False,False,False,False,False,False,False,False,True,False,False,False,False,False,False,False,False,False,False,False,False,False,False,False,False,False,False,False,False,False,False,True,False,False,1,18,0,2.0,0.0,6.0,2.0,False,abstract-level pattern match. NOT a read of the paper. Any case used as evidence must be opened and its numbers transcribed by hand.
AMINO ACIDS,42305963,PMC13265295,2026,Case Report: A novel variant in fibrillin-2 identified in a congenital contractural arachnodactyly family with phenotypic heterogeneity.,,Y,False,False,False,False,False,False,False,False,False,False,False,False,False,False,True,False,False,False,False,False,False,False,False,False,False,False,False,False,False,False,False,False,True,False,False,1,18,0,2.0,0.0,6.0,2.0,False,abstract-level pattern match. NOT a read of the paper. Any case used as evidence must be opened and its numbers transcribed by hand.
METRONIDAZOLE,39518567,PMC11546441,2024,Pott's Puffy Tumor in Young Age: A Systematic Review and Our Experience.,,Y,False,False,False,False,False,False,False,False,False,False,False,False,False,False,False,False,False,False,False,False,False,False,False,False,False,False,False,False,False,False,False,False,True,False,False,0,18,0,2.0,0.0,6.0,2.0,False,abstract-level pattern match. NOT a read of the paper. Any case used as evidence must be opened and its numbers transcribed by hand.
MONTELUKAST,26225230,PMC4360665,2015,Development of a Pediatric Physiologically Based Pharmacokinetic Model for Sirolimus: Applying Principles of Growth and Maturation in Neonates and Infants.,,Y,True,False,False,False,False,False,False,False,False,False,False,False,False,False,False,False,False,False,False,False,False,False,False,False,False,False,False,False,False,False,False,False,True,False,False,1,18,0,2.0,0.0,6.0,2.0,False,abstract-level pattern match. NOT a read of the paper. Any case used as evidence must be opened and its numbers transcribed by hand.
MONTELUKAST,25061277,PMC4079631,2014,Clinical effectiveness and safety of montelukast in asthma. What are the conclusions from clinical trials and meta-analyses?,,Y,False,False,False,False,False,False,False,False,False,False,False,False,False,False,False,False,False,False,False,False,False,False,False,False,False,False,False,False,False,False,False,False,True,False,False,0,18,0,2.0,0.0,6.0,2.0,False,abstract-level pattern match. NOT a read of the paper. Any case used as evidence must be opened and its numbers transcribed by hand.
MONTELUKAST,33680125,PMC7908897,2021,The Saudi Initiative for Asthma - 2021 Update: Guidelines for the diagnosis and management of asthma in adults and children.,,Y,True,False,False,False,False,False,False,False,False,False,False,False,False,False,False,False,False,False,False,False,False,False,False,False,False,False,False,False,False,False,False,False,True,False,False,1,18,0,2.0,0.0,6.0,2.0,False,abstract-level pattern match. NOT a read of the paper. Any case used as evidence must be opened and its numbers transcribed by hand.
MONTELUKAST,27644018,PMC6501572,2016,Expanding the phenotype of Triple X syndrome: A comparison of prenatal versus postnatal diagnosis.,,N,False,False,False,False,False,False,False,False,False,False,False,False,False,False,False,False,False,False,False,False,False,False,False,False,False,False,False,False,False,False,False,False,True,False,False,0,18,0,2.0,0.0,6.0,2.0,False,abstract-level pattern match. NOT a read of the paper. Any case used as evidence must be opened and its numbers transcribed by hand.
MONTELUKAST,34217703,PMC8478861,2021,National Institutes of Health Consensus Development Project on Criteria for Clinical Trials in Chronic Graft-versus-Host Disease: IV. The 2020 Highly morbid forms report.,,N,False,False,False,False,False,False,False,False,False,False,False,False,False,False,False,False,False,False,False,False,False,False,False,False,False,False,False,False,False,False,False,False,True,False,False,0,18,0,2.0,0.0,6.0,2.0,False,abstract-level pattern match. NOT a read of the paper. Any case used as evidence must be opened and its numbers transcribed by hand.
MONTELUKAST,23055049,PMC3480565,2012,Current treatment of selected pediatric sleep disorders.,,N,False,False,False,False,False,False,False,False,False,False,False,False,False,False,False,False,False,False,False,False,False,False,False,False,False,False,False,False,False,False,False,False,True,False,False,0,18,0,2.0,0.0,6.0,2.0,False,abstract-level pattern match. NOT a read of the paper. Any case used as evidence must be opened and its numbers transcribed by hand.
MONTELUKAST,33311612,PMC7729732,2020,The 46<sup>th</sup> Annual Meeting of the European Society for Blood and Marrow Transplantation: Physicians Poster Session (P001-P706).,,Y,False,False,False,False,False,False,False,False,False,False,False,False,False,False,False,False,False,False,False,False,False,False,False,False,False,False,False,False,False,False,False,False,True,False,False,0,18,0,2.0,0.0,6.0,2.0,False,abstract-level pattern match. NOT a read of the paper. Any case used as evidence must be opened and its numbers transcribed by hand.
METRONIDAZOLE,40901203,PMC12401380,2025,"Fecal microbiota transplantation as a therapeutic modality for recurrent &lt;i&gt;Clostridioides difficile&lt;/i&gt; infection: reviewing efficacy, safety, mechanisms of action, and outcomes.",,Y,False,False,False,False,False,False,False,False,False,False,False,False,False,False,False,False,False,False,False,False,False,False,False,False,False,False,False,False,False,False,False,False,True,False,False,0,18,0,2.0,0.0,6.0,2.0,False,abstract-level pattern match. NOT a read of the paper. Any case used as evidence must be opened and its numbers transcribed by hand.
METRONIDAZOLE,35958735,PMC9355413,2022,Acute appendicitis presenting with MIS-C secondary to COVID-19.,,Y,False,False,False,False,False,False,False,False,False,False,False,False,False,False,False,False,False,False,False,False,False,False,False,False,False,False,False,False,False,False,False,False,True,False,False,0,18,0,2.0,0.0,6.0,2.0,False,abstract-level pattern match. NOT a read of the paper. Any case used as evidence must be opened and its numbers transcribed by hand.
METRONIDAZOLE,37280586,PMC10245618,2023,Successful laparoscopic resection of fallopian tube abscess caused by Escherichia coli in a 12-year-old adolescent virgin:a case report and review of the literature.,,Y,True,False,False,False,False,False,False,False,False,False,False,False,False,False,False,False,False,False,False,False,False,False,False,False,False,False,False,False,False,False,False,False,True,False,False,1,18,0,2.0,0.0,6.0,2.0,False,abstract-level pattern match. NOT a read of the paper. Any case used as evidence must be opened and its numbers transcribed by hand.
METRONIDAZOLE,41153741,PMC12562114,2025,"Seborrheic Dermatitis Revisited: Pathophysiology, Diagnosis, and Emerging Therapies-A Narrative Review.",,Y,False,False,False,False,False,False,False,False,False,False,False,False,False,False,False,False,False,False,False,False,False,False,False,False,False,False,False,False,False,False,False,False,True,False,False,0,18,0,2.0,0.0,6.0,2.0,False,abstract-level pattern match. NOT a read of the paper. Any case used as evidence must be opened and its numbers transcribed by hand.
METRONIDAZOLE,36980384,PMC10047784,2023,Clinical Aspects and Therapeutic Management of an Aggressive Manifestation of Stage III Grade C Periodontitis in a Female Teenager.,,Y,False,False,False,False,False,False,False,False,False,False,False,False,False,False,False,False,False,False,False,False,False,False,False,False,False,False,False,False,False,False,False,False,True,False,False,0,18,0,2.0,0.0,6.0,2.0,False,abstract-level pattern match. NOT a read of the paper. Any case used as evidence must be opened and its numbers transcribed by hand.
METRONIDAZOLE,35978327,PMC9387003,2022,"Diencephalic syndrome in childhood, a challenging cause of failure to thrive: miniseries and literature review.",,Y,False,False,False,False,False,False,False,False,False,True,False,False,False,False,False,False,False,False,False,False,False,False,False,False,False,False,False,False,False,False,False,False,True,False,False,1,18,0,2.0,0.0,6.0,2.0,False,abstract-level pattern match. NOT a read of the paper. Any case used as evidence must be opened and its numbers transcribed by hand.
METRONIDAZOLE,33005459,PMC7509567,2020,Gingival Biopsy to Detect Mosaicism in Overgrowth Syndromes: Report of Two Cases of Megalencephaly-Capillary Malformation Syndrome with Periodontal Anomalies.,,Y,True,False,False,False,False,False,False,False,False,False,False,False,False,False,False,False,False,False,False,False,False,False,False,False,False,False,False,False,False,False,False,False,True,False,False,1,18,0,2.0,0.0,6.0,2.0,False,abstract-level pattern match. NOT a read of the paper. Any case used as evidence must be opened and its numbers transcribed by hand.
METRONIDAZOLE,40999955,PMC12488211,2025,"Vaginal microbiome and preterm birth: Composition, mechanisms and microbiota‑directed therapies (Review).",,Y,False,False,False,False,False,False,False,False,False,False,False,False,False,False,False,False,False,False,False,False,False,False,False,False,False,False,False,False,False,False,False,False,True,False,False,0,18,0,2.0,0.0,6.0,2.0,False,abstract-level pattern match. NOT a read of the paper. Any case used as evidence must be opened and its numbers transcribed by hand.
METRONIDAZOLE,37007337,PMC10054231,2023,Distal Gastrectomy With Roux-en-Y Reconstruction for a Seriously Dilated Stomach With Gastric Outlet Obstruction Secondary to Sarcina ventriculi: A Case Report.,,Y,True,False,False,False,False,False,False,False,False,True,False,False,False,False,False,False,False,False,False,False,False,False,False,False,False,False,False,False,False,False,False,False,True,False,False,2,18,0,2.0,0.0,6.0,2.0,False,abstract-level pattern match. NOT a read of the paper. Any case used as evidence must be opened and its numbers transcribed by hand.
METRONIDAZOLE,39669831,PMC11636582,2024,Cracking the Codes for Congenital Diarrhea and Enteropathies (CoDEs): A Case Report and Review.,,Y,False,False,False,False,False,False,False,False,False,True,False,False,False,False,False,False,False,False,False,False,False,False,False,False,False,False,False,False,False,False,False,False,True,False,False,1,18,0,2.0,0.0,6.0,2.0,False,abstract-level pattern match. NOT a read of the paper. Any case used as evidence must be opened and its numbers transcribed by hand.
METRONIDAZOLE,34796101,PMC8593359,2021,Incidentally Detected Asymptomatic Perianal Abscess in an Adolescent during Crohn's Disease Diagnosis: Is Routine Pelvic Imaging Required in Korean Pediatric Patients at Diagnosis?,,Y,True,False,False,False,False,False,False,False,False,False,False,True,False,False,False,False,False,False,False,False,False,False,False,False,False,False,False,False,False,False,False,False,True,False,False,2,18,0,2.0,0.0,6.0,2.0,False,abstract-level pattern match. NOT a read of the paper. Any case used as evidence must be opened and its numbers transcribed by hand.
METRONIDAZOLE,39301048,PMC11410757,2024,Unusual oral manifestation of Kindler syndrome: a case report and review of literature.,,Y,False,False,False,False,False,False,False,False,False,False,False,False,False,False,False,False,False,False,False,False,False,False,False,False,False,False,False,False,False,False,False,False,True,False,False,0,18,0,2.0,0.0,6.0,2.0,False,abstract-level pattern match. NOT a read of the paper. Any case used as evidence must be opened and its numbers transcribed by hand.
METRONIDAZOLE,39232767,PMC11373178,2024,"Concurrent acute cystitis, pancolitis, and tubo-ovarian abscess following laparoscopic ovarian cystectomy: a case report.",,Y,True,False,False,False,False,False,False,False,False,False,False,False,False,False,False,False,False,False,False,False,False,False,False,False,False,False,False,False,False,False,False,False,True,False,False,1,18,0,2.0,0.0,6.0,2.0,False,abstract-level pattern match. NOT a read of the paper. Any case used as evidence must be opened and its numbers transcribed by hand.
METRONIDAZOLE,35884008,PMC9322125,2022,"Surgical Treatment of Short Bowel Syndrome-The Past, the Present and the Future, a Descriptive Review of the Literature.",,Y,False,False,False,False,False,False,False,False,False,True,False,False,False,False,False,False,False,False,False,False,False,False,False,False,False,False,False,False,False,False,False,False,True,False,False,1,18,0,2.0,0.0,6.0,2.0,False,abstract-level pattern match. NOT a read of the paper. Any case used as evidence must be opened and its numbers transcribed by hand.
METRONIDAZOLE,39355482,PMC11443477,2024,Clostridium Perfringens as a Rare Cause of Spontaneous Bacterial Peritonitis.,,Y,False,False,False,False,False,False,False,False,False,False,False,False,False,False,False,False,False,False,False,False,False,False,False,False,False,False,False,False,False,False,False,False,True,False,False,0,18,0,2.0,0.0,6.0,2.0,False,abstract-level pattern match. NOT a read of the paper. Any case used as evidence must be opened and its numbers transcribed by hand.
ESOMEPRAZOLE,40622204,PMC12323320,2025,ETA guidelines for the use of levothyroxine sodium preparations in monotherapy to optimize the treatment of hypothyroidism.,,Y,False,False,False,False,False,False,False,False,False,True,False,False,False,False,False,False,False,False,False,False,False,False,False,False,False,False,False,False,False,False,False,False,True,False,False,1,18,0,2.0,0.0,6.0,2.0,False,abstract-level pattern match. NOT a read of the paper. Any case used as evidence must be opened and its numbers transcribed by hand.
ESOMEPRAZOLE,28086918,PMC5237193,2017,Atypical monoarthritis presentation in children with oligoarticular juvenile idiopathic arthritis: a case series.,,Y,False,False,False,False,False,False,False,False,False,False,False,False,False,False,False,False,False,False,False,False,False,False,False,False,False,False,False,False,False,False,False,False,True,False,False,0,18,0,2.0,0.0,6.0,2.0,False,abstract-level pattern match. NOT a read of the paper. Any case used as evidence must be opened and its numbers transcribed by hand.
ESOMEPRAZOLE,35414106,PMC9003168,2022,"Stop of proton-pump inhibitor treatment in patients with liver cirrhosis (STOPPIT): study protocol for a prospective, multicentre, controlled, randomized, double-blind trial.",,Y,False,False,False,False,False,False,False,False,False,False,False,False,False,False,False,False,False,False,False,False,False,False,False,False,False,False,False,False,False,False,False,False,True,False,False,0,18,0,2.0,0.0,6.0,2.0,False,abstract-level pattern match. NOT a read of the paper. Any case used as evidence must be opened and its numbers transcribed by hand.
ESOMEPRAZOLE,38421181,PMC11324037,2024,"<i>Clostridioides difficile</i> infection: history, epidemiology, risk factors, prevention, clinical manifestations, treatment, and future options.",,N,False,False,False,False,False,False,False,False,False,False,False,False,False,False,False,False,False,False,False,False,False,False,False,False,False,False,False,False,False,False,False,False,True,False,False,0,18,0,2.0,0.0,6.0,2.0,False,abstract-level pattern match. NOT a read of the paper. Any case used as evidence must be opened and its numbers transcribed by hand.
ESOMEPRAZOLE,41501692,PMC12870271,2026,The effect of the use of proton pump inhibitors (PPI) on complications in patients with cirrhosis.,,Y,False,False,False,False,False,False,False,False,False,False,False,False,False,False,False,False,False,False,False,False,False,False,False,False,False,False,False,False,False,False,False,False,True,False,False,0,18,0,2.0,0.0,6.0,2.0,False,abstract-level pattern match. NOT a read of the paper. Any case used as evidence must be opened and its numbers transcribed by hand.
ESOMEPRAZOLE,40843060,PMC12367287,2025,A Systematic Review of the Adverse Effects of Long-Term Proton Pump Inhibitor Use on the Gastrointestinal System in the Adult Population.,,Y,False,False,False,False,False,False,False,False,False,False,False,False,False,False,False,False,False,False,False,False,False,False,False,False,False,False,False,False,False,False,False,False,True,False,False,0,18,0,2.0,0.0,6.0,2.0,False,abstract-level pattern match. NOT a read of the paper. Any case used as evidence must be opened and its numbers transcribed by hand.
ESOMEPRAZOLE,39986678,PMC11848245,2025,Diagnosing failure to thrive: 22q11.2 deletion syndrome in identical twins.,,Y,False,False,False,False,False,False,False,False,False,False,False,False,False,False,False,False,False,False,False,False,False,False,False,False,False,False,False,False,False,False,False,False,True,False,False,0,18,0,2.0,0.0,6.0,2.0,False,abstract-level pattern match. NOT a read of the paper. Any case used as evidence must be opened and its numbers transcribed by hand.
ESOMEPRAZOLE,33431540,PMC7802676,2021,Protein-losing enteropathy as precursor of inflammatory bowel disease: a review of the literature.,,N,True,False,False,False,False,False,False,False,False,False,False,False,False,False,False,False,False,False,False,False,False,False,False,False,False,False,False,False,False,False,False,False,True,False,False,1,18,0,2.0,0.0,6.0,2.0,False,abstract-level pattern match. NOT a read of the paper. Any case used as evidence must be opened and its numbers transcribed by hand.
ESOMEPRAZOLE,31340776,PMC6657077,2019,Rapid diagnosis of Capnocytophaga canimorsus septic shock in an immunocompetent individual using real-time Nanopore sequencing: a case report.,,Y,False,False,False,False,False,False,False,False,False,False,False,False,False,False,False,False,False,False,False,False,False,False,False,False,False,False,False,False,False,False,False,False,True,False,False,0,18,0,2.0,0.0,6.0,2.0,False,abstract-level pattern match. NOT a read of the paper. Any case used as evidence must be opened and its numbers transcribed by hand.
ESOMEPRAZOLE,36877640,PMC9987409,2023,Interventions for improving adherence to iron chelation therapy in people with sickle cell disease or thalassaemia.,,N,False,False,False,False,False,False,False,False,False,False,False,False,False,False,False,False,False,False,False,False,False,False,False,False,False,False,False,False,False,False,False,False,True,False,False,0,18,0,2.0,0.0,6.0,2.0,False,abstract-level pattern match. NOT a read of the paper. Any case used as evidence must be opened and its numbers transcribed by hand.
METRONIDAZOLE,41767060,PMC12949389,2026,A 10-Year-Old Boy With Chronic Atrial and Intestinal Dysrhythmia (CAID) and Chronic Intestinal Pseudo-Obstruction (CIPO).,,Y,True,False,False,False,False,False,False,False,False,False,False,False,False,False,False,False,False,False,False,False,False,False,False,False,False,False,False,False,False,False,False,False,True,False,False,1,18,0,2.0,0.0,6.0,2.0,False,abstract-level pattern match. NOT a read of the paper. Any case used as evidence must be opened and its numbers transcribed by hand.
ESOMEPRAZOLE,29688583,PMC6046475,2018,Safe use of proton pump inhibitors in patients with cirrhosis.,,Y,False,False,False,False,False,False,False,False,False,False,False,False,False,False,False,False,False,False,False,False,False,False,False,False,False,False,False,False,False,False,False,False,True,False,False,0,18,0,2.0,0.0,6.0,2.0,False,abstract-level pattern match. NOT a read of the paper. Any case used as evidence must be opened and its numbers transcribed by hand.
ESOMEPRAZOLE,37109645,PMC10146498,2023,Concurrent <i>Sphingomonas paucimobilis</i> and <i>Mycobacterium tuberculosis</i> Meningitis in an Immunocompromised Patient: A Rare Case Report and Comprehensive Review of Literature.,,Y,True,False,False,False,False,False,False,False,False,False,False,False,False,False,False,False,False,False,False,False,False,False,False,False,False,False,False,False,False,False,False,False,True,False,False,1,18,0,2.0,0.0,6.0,2.0,False,abstract-level pattern match. NOT a read of the paper. Any case used as evidence must be opened and its numbers transcribed by hand.
ESOMEPRAZOLE,37216873,PMC10213372,2023,Adjuvant yoga therapy for symptom management of functional dyspepsia: A case series.,,Y,False,False,False,False,False,False,False,False,False,False,False,False,False,False,False,False,False,False,False,False,False,False,False,False,False,False,False,False,False,False,False,False,True,False,False,0,18,0,2.0,0.0,6.0,2.0,False,abstract-level pattern match. NOT a read of the paper. Any case used as evidence must be opened and its numbers transcribed by hand.
ESOMEPRAZOLE,36797320,PMC9935541,2023,No evidence for the benefit of PPIs in the treatment of acute pancreatitis: a systematic review and meta-analysis.,,Y,False,False,False,False,False,False,False,False,False,False,False,False,False,False,False,False,False,False,False,False,False,False,False,False,False,False,False,False,False,False,False,False,True,False,False,0,18,0,2.0,0.0,6.0,2.0,False,abstract-level pattern match. NOT a read of the paper. Any case used as evidence must be opened and its numbers transcribed by hand.
METRONIDAZOLE,42169985,PMC13177723,2025,Topical JAK inhibitor for refractory skin inflammation in STAT1 GOF.,,Y,True,False,False,False,False,False,False,False,False,False,False,False,False,False,False,False,False,False,False,False,False,False,False,False,False,False,False,False,False,False,False,False,True,False,False,1,18,0,2.0,0.0,6.0,2.0,False,abstract-level pattern match. NOT a read of the paper. Any case used as evidence must be opened and its numbers transcribed by hand.
METRONIDAZOLE,38398439,PMC10889684,2024,Deciphering Childhood Rosacea: A Comprehensive Review.,,Y,False,False,False,False,False,False,False,False,False,False,False,False,False,False,False,False,False,False,False,False,False,False,False,False,False,False,False,False,False,False,False,False,True,False,False,0,18,0,2.0,0.0,6.0,2.0,False,abstract-level pattern match. NOT a read of the paper. Any case used as evidence must be opened and its numbers transcribed by hand.
METRONIDAZOLE,39286662,PMC11403129,2024,Surgical Management of Hereditary Gingival Fibromatosis: Case Series.,,Y,False,False,False,False,False,False,False,False,False,False,False,False,False,False,False,False,False,False,False,False,False,False,False,False,False,False,False,False,False,False,False,False,True,False,False,0,18,0,2.0,0.0,6.0,2.0,False,abstract-level pattern match. NOT a read of the paper. Any case used as evidence must be opened and its numbers transcribed by hand.
METRONIDAZOLE,41982806,PMC13075649,2026,"Japanese Clinical Practice Guidelines for Vascular Tumors, Vascular Malformations, Lymphatic Malformations, and Lymphangiomatosis 2022.",,Y,False,False,False,False,False,False,False,False,False,False,False,False,False,False,False,False,False,False,False,False,False,False,False,False,False,False,False,False,False,False,False,False,True,False,False,0,18,0,2.0,0.0,6.0,2.0,False,abstract-level pattern match. NOT a read of the paper. Any case used as evidence must be opened and its numbers transcribed by hand.
METRONIDAZOLE,41541142,PMC12596611,2025,Clinical course and imaging-guided medical treatment of a posterior lingual abscess: A rare but manageable deep neck infection.,,Y,True,False,False,False,False,False,False,False,False,False,False,False,False,False,False,False,False,False,False,False,False,False,False,False,False,False,False,False,False,False,False,False,True,False,False,1,18,0,2.0,0.0,6.0,2.0,False,abstract-level pattern match. NOT a read of the paper. Any case used as evidence must be opened and its numbers transcribed by hand.
METRONIDAZOLE,42068502,PMC13219549,2026,"Infections Caused by Fusobacterium Species: Microbiology, Clinical Syndromes and Management: A Narrative Review.",,Y,False,False,False,False,False,False,False,False,False,False,False,False,False,False,False,False,False,False,False,False,False,False,False,False,False,False,False,False,False,False,False,False,True,False,False,0,18,0,2.0,0.0,6.0,2.0,False,abstract-level pattern match. NOT a read of the paper. Any case used as evidence must be opened and its numbers transcribed by hand.
ESOMEPRAZOLE,40547833,PMC12177351,2025,Diagnostic and therapeutic management of severe acute pancreatitis. Evidence based medicine (EBM) clinical practice guidelines.,,Y,False,False,False,False,False,False,False,False,False,False,False,False,False,False,False,False,False,False,False,False,False,False,False,False,False,False,False,False,False,False,False,False,True,False,False,0,18,0,2.0,0.0,6.0,2.0,False,abstract-level pattern match. NOT a read of the paper. Any case used as evidence must be opened and its numbers transcribed by hand.
IVACAFTOR,38317748,PMC10838618,2024,The current state of gastrointestinal motility evaluation in cystic fibrosis: a comprehensive literature review.,,Y,False,False,False,False,False,False,False,False,False,False,False,False,False,False,False,False,False,False,False,False,False,False,False,False,False,False,False,False,False,False,False,False,True,False,False,0,18,0,2.0,0.0,6.0,2.0,False,abstract-level pattern match. NOT a read of the paper. Any case used as evidence must be opened and its numbers transcribed by hand.
IVACAFTOR,32773577,PMC7769036,2020,Pancreatic complications in children with cystic fibrosis.,,N,False,False,False,False,False,False,False,False,False,False,False,False,False,False,False,False,False,False,False,False,False,False,False,False,False,False,False,False,False,False,False,False,True,False,False,0,18,0,2.0,0.0,6.0,2.0,False,abstract-level pattern match. NOT a read of the paper. Any case used as evidence must be opened and its numbers transcribed by hand.
IVACAFTOR,34570960,PMC9291766,2022,Optimizing sexual and reproductive health across the lifespan in people with cystic fibrosis.,,Y,False,False,False,False,True,False,False,False,False,False,False,False,False,False,False,False,False,False,False,False,False,False,False,False,False,False,False,False,False,False,False,False,True,False,False,1,18,0,2.0,0.0,6.0,2.0,False,abstract-level pattern match. NOT a read of the paper. Any case used as evidence must be opened and its numbers transcribed by hand.
IVACAFTOR,40398368,PMC12148406,2025,Rhinosinusitis: Evidence and experience - 2024.,,Y,False,False,False,False,False,False,False,False,False,False,False,False,False,False,False,False,False,False,False,False,False,False,False,False,False,False,False,False,False,False,False,False,True,False,False,0,18,0,2.0,0.0,6.0,2.0,False,abstract-level pattern match. NOT a read of the paper. Any case used as evidence must be opened and its numbers transcribed by hand.
IVACAFTOR,33282799,PMC7690646,2020,Vasculitis in Cystic Fibrosis.,,Y,False,False,False,False,False,False,False,False,False,False,False,False,False,False,False,False,False,False,False,False,False,False,False,False,False,False,False,False,False,False,False,False,True,False,False,0,18,0,2.0,0.0,6.0,2.0,False,abstract-level pattern match. NOT a read of the paper. Any case used as evidence must be opened and its numbers transcribed by hand.
IVACAFTOR,34945075,PMC8708123,2021,Causes of Exocrine Pancreatic Insufficiency Other Than Chronic Pancreatitis.,,Y,False,False,False,False,False,False,False,False,False,True,False,False,False,False,False,False,False,False,False,False,False,False,False,False,False,False,False,False,False,False,False,False,True,False,False,1,18,0,2.0,0.0,6.0,2.0,False,abstract-level pattern match. NOT a read of the paper. Any case used as evidence must be opened and its numbers transcribed by hand.
IVACAFTOR,39764279,PMC11702000,2024,Glucagon-like peptide1 receptor agonist treatment of cystic fibrosis-related diabetes complicated by obesity: A cases series and literature review.,,Y,False,False,False,False,False,False,False,False,False,True,False,False,False,False,False,False,False,False,False,False,False,False,False,False,False,False,False,False,False,False,False,False,True,False,False,1,18,0,2.0,0.0,6.0,2.0,False,abstract-level pattern match. NOT a read of the paper. Any case used as evidence must be opened and its numbers transcribed by hand.
IVACAFTOR,41683706,PMC12897682,2026,Cystic Fibrosis of the Pancreas: In Vitro Duct Models for CFTR-Targeted Translational Research.,,Y,False,False,False,False,False,False,False,False,False,False,False,False,False,False,False,False,False,False,False,False,False,False,False,False,False,False,False,False,False,False,False,False,True,False,False,0,18,0,2.0,0.0,6.0,2.0,False,abstract-level pattern match. NOT a read of the paper. Any case used as evidence must be opened and its numbers transcribed by hand.
COLISTIMETHATE,29056665,PMC5606620,2017,"Review on Usage of Vancomycin in Livestock and Humans: Maintaining Its Efficacy, Prevention of Resistance and Alternative Therapy.",,Y,False,False,False,False,False,False,False,False,False,False,False,False,False,False,False,False,False,False,False,False,False,False,False,False,False,False,False,False,False,False,False,False,True,False,False,0,18,0,2.0,0.0,6.0,2.0,False,abstract-level pattern match. NOT a read of the paper. Any case used as evidence must be opened and its numbers transcribed by hand.
COLISTIMETHATE,4264289,PMC1518544,1972,Complications of antibiotic therapy.,,N,False,False,False,False,False,False,False,False,False,False,False,False,False,False,False,False,False,False,False,False,False,False,False,False,False,False,False,False,False,False,False,False,True,False,False,0,18,0,2.0,0.0,6.0,2.0,False,abstract-level pattern match. NOT a read of the paper. Any case used as evidence must be opened and its numbers transcribed by hand.
ESOMEPRAZOLE,28781855,PMC5538062,2017,Thyrotoxicosis in a 13-year-old girl following pituitary adenectomy for Cushing's disease.,,Y,True,False,False,False,False,False,False,False,False,False,False,False,False,False,False,False,False,False,False,False,False,False,False,False,False,False,False,False,False,False,False,False,True,False,False,1,18,0,2.0,0.0,6.0,2.0,False,abstract-level pattern match. NOT a read of the paper. Any case used as evidence must be opened and its numbers transcribed by hand.
DORNASE ALFA,35884064,PMC9323167,2022,Going the Extra Mile: Why Clinical Research in Cystic Fibrosis Must Include Children.,,Y,False,False,False,False,False,False,False,False,False,False,False,False,False,False,False,False,False,False,False,False,False,False,False,False,False,False,False,False,False,False,False,False,True,False,False,0,18,0,2.0,0.0,6.0,2.0,False,abstract-level pattern match. NOT a read of the paper. Any case used as evidence must be opened and its numbers transcribed by hand.
ELEXACAFTOR,36143881,PMC9503821,2022,Malassezia Folliculitis following Triple Therapy for Cystic Fibrosis.,,Y,False,False,False,False,False,False,False,False,False,False,False,False,False,False,False,False,False,False,False,False,False,False,False,False,False,False,False,False,False,False,False,False,True,False,False,0,18,0,2.0,0.0,6.0,2.0,False,abstract-level pattern match. NOT a read of the paper. Any case used as evidence must be opened and its numbers transcribed by hand.
ELEXACAFTOR,40071337,PMC11898043,2025,Pulmonary nontuberculous mycobacterial infections among women with cystic fibrosis and non-cystic fibrosis bronchiectasis.,,Y,False,False,False,False,False,False,False,False,False,False,False,False,False,False,False,False,False,False,False,False,False,False,False,False,False,False,False,False,False,False,False,False,True,False,False,0,18,0,2.0,0.0,6.0,2.0,False,abstract-level pattern match. NOT a read of the paper. Any case used as evidence must be opened and its numbers transcribed by hand.
ELEXACAFTOR,38317748,PMC10838618,2024,The current state of gastrointestinal motility evaluation in cystic fibrosis: a comprehensive literature review.,,Y,False,False,False,False,False,False,False,False,False,False,False,False,False,False,False,False,False,False,False,False,False,False,False,False,False,False,False,False,False,False,False,False,True,False,False,0,18,0,2.0,0.0,6.0,2.0,False,abstract-level pattern match. NOT a read of the paper. Any case used as evidence must be opened and its numbers transcribed by hand.
ESOMEPRAZOLE,41840835,PMC13009884,2026,Signal detection of drug-induced esophageal ulcer across 20 years of real-world study: Focus on 49 high-risk medicines.,,Y,False,False,False,False,False,False,False,False,False,False,False,False,False,False,False,False,False,False,False,False,False,False,False,False,False,False,False,False,False,False,False,False,True,False,False,0,18,0,2.0,0.0,6.0,2.0,False,abstract-level pattern match. NOT a read of the paper. Any case used as evidence must be opened and its numbers transcribed by hand.
ESOMEPRAZOLE,38899331,PMC11185295,2024,Effects of proton pump inhibitors on inflammatory bowel disease: An updated review.,,Y,False,False,False,False,False,False,False,False,False,False,False,False,False,False,False,False,False,False,False,False,False,False,False,False,False,False,False,False,False,False,False,False,True,False,False,0,18,0,2.0,0.0,6.0,2.0,False,abstract-level pattern match. NOT a read of the paper. Any case used as evidence must be opened and its numbers transcribed by hand.
ESOMEPRAZOLE,41909359,PMC13032504,2026,Clinical Outcomes and Real-World Effectiveness of Amoxicillin-Clavulanic Acid Across Indian Healthcare Settings: A Retrospective Multicenter Study.,,Y,True,False,False,False,False,False,False,False,False,False,False,False,False,False,False,False,False,False,False,False,False,False,False,False,False,False,False,False,False,False,False,False,True,False,False,1,18,0,2.0,0.0,6.0,2.0,False,abstract-level pattern match. NOT a read of the paper. Any case used as evidence must be opened and its numbers transcribed by hand.
ESOMEPRAZOLE,35884008,PMC9322125,2022,"Surgical Treatment of Short Bowel Syndrome-The Past, the Present and the Future, a Descriptive Review of the Literature.",,Y,False,False,False,False,False,False,False,False,False,True,False,False,False,False,False,False,False,False,False,False,False,False,False,False,False,False,False,False,False,False,False,False,True,False,False,1,18,0,2.0,0.0,6.0,2.0,False,abstract-level pattern match. NOT a read of the paper. Any case used as evidence must be opened and its numbers transcribed by hand.
ESOMEPRAZOLE,41721592,PMC13158650,2026,Phage Therapy: Targeting the Gut Microbiota for the Treatment of Acute Pancreatitis.,,Y,False,False,False,False,False,False,False,False,False,False,False,False,False,False,False,False,False,False,False,False,False,False,False,False,False,False,False,False,False,False,False,False,True,False,False,0,18,0,2.0,0.0,6.0,2.0,False,abstract-level pattern match. NOT a read of the paper. Any case used as evidence must be opened and its numbers transcribed by hand.
ELEXACAFTOR,34570960,PMC9291766,2022,Optimizing sexual and reproductive health across the lifespan in people with cystic fibrosis.,,Y,False,False,False,False,True,False,False,False,False,False,False,False,False,False,False,False,False,False,False,False,False,False,False,False,False,False,False,False,False,False,False,False,True,False,False,1,18,0,2.0,0.0,6.0,2.0,False,abstract-level pattern match. NOT a read of the paper. Any case used as evidence must be opened and its numbers transcribed by hand.
COLISTIMETHATE,30240102,PMC7167781,2018,"Abstracts from the 50th Congress of the International Society of Paediatric Oncology (SIOP) Kyoto, Japan November 16-19, 2018.",,N,False,False,False,False,False,False,False,False,False,False,False,False,False,False,False,False,False,False,False,False,False,False,False,False,False,False,False,False,False,False,False,False,True,False,False,0,18,0,2.0,0.0,6.0,2.0,False,abstract-level pattern match. NOT a read of the paper. Any case used as evidence must be opened and its numbers transcribed by hand.
DORNASE ALFA,40564727,PMC12191466,2025,Tracheal Complications Following Prolonged Invasive Ventilation in Tracheostomized Pediatric Patients with Complex Chronic Conditions.,,Y,True,False,False,False,False,False,False,False,False,False,False,False,False,False,False,False,False,False,False,False,False,False,False,False,False,False,False,False,False,False,False,False,True,False,False,1,18,0,2.0,0.0,6.0,2.0,False,abstract-level pattern match. NOT a read of the paper. Any case used as evidence must be opened and its numbers transcribed by hand.
METRONIDAZOLE,40868023,PMC12382932,2025,&lt;i&gt;Clostridioides difficile&lt;/i&gt; in Peripartum Women: Review of Outcomes and Treatment.,,Y,False,False,False,False,False,False,False,False,False,False,False,False,False,False,False,False,False,False,False,False,False,False,False,False,False,False,False,False,False,False,False,False,True,False,False,0,18,0,2.0,0.0,6.0,2.0,False,abstract-level pattern match. NOT a read of the paper. Any case used as evidence must be opened and its numbers transcribed by hand.
METRONIDAZOLE,41981708,PMC13079795,2026,International Forum on Visceral Myopathy 2024: Advances in the Knowledge of the Disease.,,Y,False,False,False,False,False,False,False,False,False,False,False,False,False,False,False,False,False,False,False,False,False,False,False,False,False,False,False,False,False,False,False,False,True,False,False,0,18,0,2.0,0.0,6.0,2.0,False,abstract-level pattern match. NOT a read of the paper. Any case used as evidence must be opened and its numbers transcribed by hand.
METRONIDAZOLE,40453233,PMC12109650,2025,Diagnostic and Therapeutic Challenges in Lyme Disease and Co-Infections: Unraveling Neuropsychiatric and Neurological Complexities-A Comprehensive Case Series Analysis.,,N,False,False,False,False,False,False,False,False,False,True,False,False,False,False,False,False,False,False,False,False,False,False,False,False,False,False,False,False,False,False,False,False,True,False,False,1,18,0,2.0,0.0,6.0,2.0,False,abstract-level pattern match. NOT a read of the paper. Any case used as evidence must be opened and its numbers transcribed by hand.
METRONIDAZOLE,41646109,PMC12851206,2024,Pharmacologic challenges in pediatric intestinal failure: A review.,,Y,False,False,False,False,False,False,False,False,False,True,False,False,False,False,False,False,False,False,False,False,False,False,False,False,False,False,False,False,False,False,False,False,True,False,False,1,18,0,2.0,0.0,6.0,2.0,False,abstract-level pattern match. NOT a read of the paper. Any case used as evidence must be opened and its numbers transcribed by hand.
METRONIDAZOLE,39610434,PMC11600369,2024,Contaminated well water driving d-lactic acidosis in child with short bowel syndrome.,,Y,False,False,False,False,False,False,False,False,False,False,False,False,False,False,False,False,False,False,False,False,False,False,False,False,False,False,False,False,False,False,False,False,True,False,False,0,18,0,2.0,0.0,6.0,2.0,False,abstract-level pattern match. NOT a read of the paper. Any case used as evidence must be opened and its numbers transcribed by hand.
METRONIDAZOLE,39835080,PMC11743685,2024,A Rare Case of Autoimmune Enteropathy After Thymectomy.,,Y,True,False,False,False,False,False,False,False,False,False,False,False,False,False,False,False,False,False,False,False,False,False,False,False,False,False,False,False,False,False,False,False,True,False,False,1,18,0,2.0,0.0,6.0,2.0,False,abstract-level pattern match. NOT a read of the paper. Any case used as evidence must be opened and its numbers transcribed by hand.
METRONIDAZOLE,40881498,PMC12336976,2025,Splenic hamartoma mimicking angiosarcoma: A case report.,,Y,True,False,False,False,False,False,False,False,False,False,False,False,False,False,False,False,False,False,False,False,False,False,False,False,False,False,False,False,False,False,False,False,True,False,False,1,18,0,2.0,0.0,6.0,2.0,False,abstract-level pattern match. NOT a read of the paper. Any case used as evidence must be opened and its numbers transcribed by hand.
METRONIDAZOLE,40284229,PMC12030604,2025,Small Intestinal Bacterial and Fungal Overgrowth: Health Implications and Management Perspectives.,,Y,False,False,False,False,False,False,False,False,False,False,False,False,False,False,False,False,False,False,False,False,False,False,False,False,False,False,False,False,False,False,False,False,True,False,False,0,18,0,2.0,0.0,6.0,2.0,False,abstract-level pattern match. NOT a read of the paper. Any case used as evidence must be opened and its numbers transcribed by hand.
METRONIDAZOLE,41736989,PMC12927787,2026,"Oral Necrotizing Ulcerations in Acute Leukemia Patients: Clinical Characteristics, Integrated Management, and Favorable Outcomes - A Case Series.",,Y,True,False,False,False,False,False,False,False,False,False,False,False,False,False,False,False,False,False,False,False,False,False,False,False,False,False,False,False,False,False,False,False,True,False,False,1,18,0,2.0,0.0,6.0,2.0,False,abstract-level pattern match. NOT a read of the paper. Any case used as evidence must be opened and its numbers transcribed by hand.
METRONIDAZOLE,41145265,PMC12580627,2025,Multiple episodes of paediatric &lt;i&gt;Clostridioides difficile&lt;/i&gt; infection (pCDI) in the context of autoimmune polyendocrine syndrome type 1.,,Y,False,False,False,False,False,False,False,False,False,False,False,False,False,False,False,False,False,False,False,False,False,False,False,False,False,False,False,False,False,False,False,False,True,False,False,0,18,0,2.0,0.0,6.0,2.0,False,abstract-level pattern match. NOT a read of the paper. Any case used as evidence must be opened and its numbers transcribed by hand.
METRONIDAZOLE,41809172,PMC12968753,2026,"Exploring effectiveness of Metronidazole, Bismuth, and Rifaximin in treating small intestinal bacterial overgrowth and irritable bowel syndrome: A systematic review.",,Y,False,False,False,False,False,False,False,False,False,False,False,False,False,False,False,False,False,False,False,False,False,False,False,False,False,False,False,False,False,False,False,False,True,False,False,0,18,0,2.0,0.0,6.0,2.0,False,abstract-level pattern match. NOT a read of the paper. Any case used as evidence must be opened and its numbers transcribed by hand.
METRONIDAZOLE,38374557,PMC10883598,2024,Factors associated with D-lactic acidosis in pediatric intestinal failure: A case-control study.,,N,False,False,False,False,False,False,False,False,False,True,False,False,False,False,False,False,False,False,False,False,False,False,False,False,False,False,False,False,False,False,False,False,True,False,False,1,18,0,2.0,0.0,6.0,2.0,False,abstract-level pattern match. NOT a read of the paper. Any case used as evidence must be opened and its numbers transcribed by hand.
METRONIDAZOLE,39035401,PMC11254653,2024,Time is Gut. Approaching Intestinal Leiomyositis: Case Presentation and Literature Review.,,Y,False,False,False,False,False,False,False,False,False,False,False,False,False,False,False,False,False,False,False,False,False,False,False,False,False,False,False,False,False,False,False,False,True,False,False,0,18,0,2.0,0.0,6.0,2.0,False,abstract-level pattern match. NOT a read of the paper. Any case used as evidence must be opened and its numbers transcribed by hand.
METRONIDAZOLE,40606795,PMC12221335,2025,The Management and Clinical Outcomes of Pregnancy in a Female With Glycogen Storage Disease Type IIIA Caused by Rare Variant.,,Y,False,False,False,False,True,False,False,False,False,True,False,False,False,False,False,False,False,False,False,False,False,False,False,False,False,False,False,False,False,False,False,False,True,False,False,2,18,0,2.0,0.0,6.0,2.0,False,abstract-level pattern match. NOT a read of the paper. Any case used as evidence must be opened and its numbers transcribed by hand.
METRONIDAZOLE,40660522,PMC12263011,2025,"Generalized gingival enlargement, periodontitis, and osteonecrosis of the jaw as manifestations of IgG4-related disease: A rare case report.",,Y,True,False,False,False,False,False,False,False,False,False,False,False,False,False,False,False,False,False,False,False,False,False,False,False,False,False,False,False,False,False,False,False,True,False,False,1,18,0,2.0,0.0,6.0,2.0,False,abstract-level pattern match. NOT a read of the paper. Any case used as evidence must be opened and its numbers transcribed by hand.
METRONIDAZOLE,38638197,PMC11025710,2024,Colonizing the Unlikely: <i>Brachyspira</i> in an Immunocompetent Patient.,,Y,False,False,False,False,False,False,False,False,False,False,False,False,False,False,False,False,False,False,False,False,False,False,False,False,False,False,False,False,False,False,False,False,True,False,False,0,18,0,2.0,0.0,6.0,2.0,False,abstract-level pattern match. NOT a read of the paper. Any case used as evidence must be opened and its numbers transcribed by hand.
METRONIDAZOLE,41245052,PMC12611616,2025,Chronic atrial and intestinal dysrythmia syndrome: A late-onset intestinal pseudo-obstruction and cardiac dysfunction due to an SGO1 mutation.,,Y,False,False,False,False,False,False,False,False,False,True,False,False,False,False,False,False,False,False,False,False,False,False,False,False,False,False,False,False,False,False,False,False,True,False,False,1,18,0,2.0,0.0,6.0,2.0,False,abstract-level pattern match. NOT a read of the paper. Any case used as evidence must be opened and its numbers transcribed by hand.
METRONIDAZOLE,41079182,PMC12507618,2025,Diagnostic and therapeutic pitfalls in the management of pediatric patients with 3β-hydroxysteroid dehydrogenase type 2 (3β-HSD2) deficiency - a single center experience.,,Y,False,False,False,False,False,True,False,False,False,False,False,False,False,False,False,False,False,False,False,False,False,False,False,False,False,False,False,False,False,False,False,False,True,False,False,1,18,0,2.0,0.0,6.0,2.0,False,abstract-level pattern match. NOT a read of the paper. Any case used as evidence must be opened and its numbers transcribed by hand.
METRONIDAZOLE,40682152,PMC12275445,2025,"Prenatal pembrolizumab exposure as the potential link among recurrent necrotizing enterocolitis, neonatal diabetes mellitus and exocrine pancreatic insufficiency: a case report.",,Y,False,False,False,False,False,False,False,False,False,False,False,False,False,False,False,False,False,False,False,False,False,False,False,False,False,False,False,False,False,False,False,False,True,False,False,0,18,0,2.0,0.0,6.0,2.0,False,abstract-level pattern match. NOT a read of the paper. Any case used as evidence must be opened and its numbers transcribed by hand.
DORNASE ALFA,26770282,PMC4702057,2015,Comprehensive review on endonasal endoscopic sinus surgery.,,Y,False,False,False,False,False,False,False,False,False,False,False,False,False,False,False,False,False,False,False,False,False,False,False,False,False,False,False,False,False,False,False,False,True,False,False,0,18,0,2.0,0.0,6.0,2.0,False,abstract-level pattern match. NOT a read of the paper. Any case used as evidence must be opened and its numbers transcribed by hand.
DORNASE ALFA,9986845,PMC84543,1999,Impact of microbiology practice on cumulative prevalence of respiratory tract bacteria in patients with cystic fibrosis.,,N,False,False,False,False,False,False,False,False,False,True,False,False,False,False,False,False,False,False,False,False,False,False,False,False,False,False,False,False,False,False,False,False,True,False,False,1,18,0,2.0,0.0,6.0,2.0,False,abstract-level pattern match. NOT a read of the paper. Any case used as evidence must be opened and its numbers transcribed by hand.
METRONIDAZOLE,41779466,PMC12977240,2026,Difficulties in diagnosing a pediatric patient with small intestinal bacterial overgrowth.,,Y,True,False,False,False,False,False,False,False,False,False,False,False,False,False,False,False,False,False,False,False,False,False,False,False,False,False,False,False,False,False,False,False,True,False,False,1,18,0,2.0,0.0,6.0,2.0,False,abstract-level pattern match. NOT a read of the paper. Any case used as evidence must be opened and its numbers transcribed by hand.
METRONIDAZOLE,41149120,PMC12563220,2025,Primary Intraosseous Vascular Malformation in a Child with &lt;i&gt;ELMO2&lt;/i&gt; Mutation: Diagnostic and Dental Management Challenges.,,Y,False,False,False,False,False,False,False,False,False,False,False,False,False,False,False,False,False,False,False,False,False,False,False,False,False,False,False,False,False,False,False,False,True,False,False,0,18,0,2.0,0.0,6.0,2.0,False,abstract-level pattern match. NOT a read of the paper. Any case used as evidence must be opened and its numbers transcribed by hand.
PANCRELIPASE,41658648,PMC12881691,2026,Exocrine Pancreatic Insufficiency Treated With Pancreatic Replacement Enzyme in a Premature Neonate: A Case Report.,,Y,False,False,False,False,False,False,False,False,False,True,False,False,False,False,False,False,False,False,False,False,False,False,False,False,False,False,False,False,False,False,False,False,True,False,False,1,18,0,2.0,0.0,6.0,2.0,False,abstract-level pattern match. NOT a read of the paper. Any case used as evidence must be opened and its numbers transcribed by hand.
PANCRELIPASE,35884008,PMC9322125,2022,"Surgical Treatment of Short Bowel Syndrome-The Past, the Present and the Future, a Descriptive Review of the Literature.",,Y,False,False,False,False,False,False,False,False,False,True,False,False,False,False,False,False,False,False,False,False,False,False,False,False,False,False,False,False,False,False,False,False,True,False,False,1,18,0,2.0,0.0,6.0,2.0,False,abstract-level pattern match. NOT a read of the paper. Any case used as evidence must be opened and its numbers transcribed by hand.
PANCRELIPASE,33457023,PMC7787807,2020,Molar Incisor Hypomineralization (MIH) in a Child with Congenital Chronic Intestinal Pseudoobstruction (CIPO).,,Y,False,False,False,False,False,False,False,False,False,False,False,False,False,False,False,False,False,False,False,False,False,False,False,False,False,False,False,False,False,False,False,False,True,False,False,0,18,0,2.0,0.0,6.0,2.0,False,abstract-level pattern match. NOT a read of the paper. Any case used as evidence must be opened and its numbers transcribed by hand.
PANCRELIPASE,,PMC8965239,2022,Selected Abstracts from the 13th Annual Meeting of the Clinical Immunology Society: 2022 Annual Meeting: Immune Deficiency and Dysregulation North American Conference,,Y,False,False,False,False,False,False,False,False,False,False,False,False,False,False,False,False,False,False,False,False,False,False,False,False,False,False,False,False,False,False,False,False,True,False,False,0,18,0,2.0,0.0,6.0,2.0,False,abstract-level pattern match. NOT a read of the paper. Any case used as evidence must be opened and its numbers transcribed by hand.
METRONIDAZOLE,40357091,PMC12068356,2025,A Rare Case of Pott's Puffy Tumor in an Adult With Paranasal Osteoma and Pachymeningitis.,,Y,True,False,False,False,False,False,False,False,False,False,False,False,False,False,False,False,False,False,False,False,False,False,False,False,False,False,False,False,False,False,False,False,True,False,False,1,18,0,2.0,0.0,6.0,2.0,False,abstract-level pattern match. NOT a read of the paper. Any case used as evidence must be opened and its numbers transcribed by hand.
METRONIDAZOLE,39473045,PMC11530929,2024,Ruptured Appendiceal Diverticulum Leading to Tubo-Ovarian Abscess in a Non-Sexually Active Woman: A Case Study.,,Y,True,False,False,False,False,False,False,False,False,False,False,False,False,False,False,False,False,False,False,False,False,False,False,False,False,False,False,False,False,False,False,False,True,False,False,1,18,0,2.0,0.0,6.0,2.0,False,abstract-level pattern match. NOT a read of the paper. Any case used as evidence must be opened and its numbers transcribed by hand.
METRONIDAZOLE,39458368,PMC11509880,2024,"Fecal Microbiota Transplantation for Recurrent <i>Clostridioides difficile</i> Infections in a Cystic Fibrosis Child Previously Screen Positive, Inconclusive Diagnosis (CFSPID): A Case Report.",,Y,True,False,False,False,False,False,False,False,False,False,False,False,False,False,False,False,False,False,False,False,False,False,False,False,False,False,False,False,False,False,False,False,True,False,False,1,18,0,2.0,0.0,6.0,2.0,False,abstract-level pattern match. NOT a read of the paper. Any case used as evidence must be opened and its numbers transcribed by hand.
METRONIDAZOLE,41893920,PMC13090297,2026,"Japanese clinical practice guidelines for vascular tumors, vascular malformations, lymphatic malformations, and lymphangiomatosis 2022.",,Y,False,False,False,False,False,False,False,False,False,False,False,False,False,False,False,False,False,False,False,False,False,False,False,False,False,False,False,False,False,False,False,False,True,False,False,0,18,0,2.0,0.0,6.0,2.0,False,abstract-level pattern match. NOT a read of the paper. Any case used as evidence must be opened and its numbers transcribed by hand.
ELEXACAFTOR,41006969,PMC12468755,2025,Treatment with CFTR Modulators for Cystic Fibrosis: What a Pediatric Gastroenterologist Needs to Know.,,Y,False,False,False,False,False,False,False,False,False,True,False,False,False,False,False,False,False,False,False,False,False,False,False,False,False,False,False,False,False,False,False,False,True,False,False,1,18,0,2.0,0.0,6.0,2.0,False,abstract-level pattern match. NOT a read of the paper. Any case used as evidence must be opened and its numbers transcribed by hand.
ELEXACAFTOR,38105789,PMC10722287,2023,Difficulties in the management of an Askin tumor in a pediatric patient with cystic fibrosis: case report and literature review.,,Y,False,False,False,False,False,False,False,False,False,False,False,False,False,False,False,False,False,False,False,False,False,False,False,False,False,False,False,False,False,False,False,False,True,False,False,0,18,0,2.0,0.0,6.0,2.0,False,abstract-level pattern match. NOT a read of the paper. Any case used as evidence must be opened and its numbers transcribed by hand.
ELEXACAFTOR,41991874,PMC13290921,2026,Glucagon-Like Peptide-1 Receptor Agonists: Their Therapeutic Potential in Cystic Fibrosis.,,Y,False,False,False,False,False,False,False,False,False,True,False,False,False,False,False,False,False,False,False,False,False,False,False,False,False,False,False,False,False,False,False,False,True,False,False,1,18,0,2.0,0.0,6.0,2.0,False,abstract-level pattern match. NOT a read of the paper. Any case used as evidence must be opened and its numbers transcribed by hand.
ELEXACAFTOR,40806116,PMC12348482,2025,The State of Weight in Cystic Fibrosis: Understanding Nutritional Status and Individualizing Nutritional Care in the Modulator Era.,,Y,False,False,False,False,False,False,False,False,False,True,False,False,False,False,False,False,False,False,False,False,False,False,False,False,False,False,False,False,False,False,False,False,True,False,False,1,18,0,2.0,0.0,6.0,2.0,False,abstract-level pattern match. NOT a read of the paper. Any case used as evidence must be opened and its numbers transcribed by hand.
ESOMEPRAZOLE,22966967,PMC3524366,2012,Proton pump inhibitors are associated with a high rate of serious infections in veterans with decompensated cirrhosis.,,N,False,False,False,False,False,False,False,False,False,False,False,False,False,False,False,False,False,False,False,False,False,False,False,False,False,False,False,False,False,False,False,False,True,False,False,0,18,0,2.0,0.0,6.0,2.0,False,abstract-level pattern match. NOT a read of the paper. Any case used as evidence must be opened and its numbers transcribed by hand.
ESOMEPRAZOLE,25323828,PMC4236240,2014,Current treatments in familial dysautonomia.,,N,False,False,False,False,False,False,False,False,False,False,False,False,False,False,False,False,False,False,False,False,False,False,False,False,False,False,False,False,False,False,False,False,True,False,False,0,18,0,2.0,0.0,6.0,2.0,False,abstract-level pattern match. NOT a read of the paper. Any case used as evidence must be opened and its numbers transcribed by hand.
ESOMEPRAZOLE,35084716,PMC10010205,2023,Multiomics Analysis-Based Biomarkers in Diagnosis of Polycystic Ovary Syndrome.,,Y,False,False,False,False,False,False,False,False,False,False,False,False,False,False,False,False,False,False,False,False,False,False,False,False,False,False,False,False,False,False,False,False,True,False,False,0,18,0,2.0,0.0,6.0,2.0,False,abstract-level pattern match. NOT a read of the paper. Any case used as evidence must be opened and its numbers transcribed by hand.
ELEXACAFTOR,36344080,PMC10291706,2022,Endocrine Complications of Cystic Fibrosis.,,N,False,False,False,False,True,False,False,False,False,False,False,False,False,False,False,False,False,False,False,False,False,False,False,False,False,False,False,False,False,False,False,False,True,False,False,1,18,0,2.0,0.0,6.0,2.0,False,abstract-level pattern match. NOT a read of the paper. Any case used as evidence must be opened and its numbers transcribed by hand.
ELEXACAFTOR,37511806,PMC10381916,2023,Evolving Nutritional Needs in Cystic Fibrosis.,,Y,True,False,False,False,False,False,False,False,False,True,False,False,False,False,False,False,False,False,False,False,False,False,False,False,False,False,False,False,False,False,False,False,True,False,False,2,18,0,2.0,0.0,6.0,2.0,False,abstract-level pattern match. NOT a read of the paper. Any case used as evidence must be opened and its numbers transcribed by hand.
ELEXACAFTOR,36771186,PMC9921127,2023,Nutritional Care in Children with Cystic Fibrosis.,,Y,False,False,False,False,True,False,False,False,False,True,False,False,False,False,False,False,False,False,False,False,False,False,False,False,False,False,False,False,False,False,False,False,True,False,False,2,18,0,2.0,0.0,6.0,2.0,False,abstract-level pattern match. NOT a read of the paper. Any case used as evidence must be opened and its numbers transcribed by hand.
ELEXACAFTOR,35884064,PMC9323167,2022,Going the Extra Mile: Why Clinical Research in Cystic Fibrosis Must Include Children.,,Y,False,False,False,False,False,False,False,False,False,False,False,False,False,False,False,False,False,False,False,False,False,False,False,False,False,False,False,False,False,False,False,False,True,False,False,0,18,0,2.0,0.0,6.0,2.0,False,abstract-level pattern match. NOT a read of the paper. Any case used as evidence must be opened and its numbers transcribed by hand.
ELEXACAFTOR,40398368,PMC12148406,2025,Rhinosinusitis: Evidence and experience - 2024.,,Y,False,False,False,False,False,False,False,False,False,False,False,False,False,False,False,False,False,False,False,False,False,False,False,False,False,False,False,False,False,False,False,False,True,False,False,0,18,0,2.0,0.0,6.0,2.0,False,abstract-level pattern match. NOT a read of the paper. Any case used as evidence must be opened and its numbers transcribed by hand.
PANCRELIPASE,27768569,PMC5101099,2016,"Refractory Depression, Fatigue, Irritable Bowel Syndrome, and Chronic Pain: A Functional Medicine Case Report.",,N,True,False,False,False,False,False,False,False,False,True,False,False,False,False,False,False,False,False,False,False,False,False,False,False,False,False,False,False,False,False,False,False,True,False,False,2,18,0,2.0,0.0,6.0,2.0,False,abstract-level pattern match. NOT a read of the paper. Any case used as evidence must be opened and its numbers transcribed by hand.
PANCRELIPASE,28183317,PMC5301368,2017,Practical guide to exocrine pancreatic insufficiency - Breaking the myths.,,Y,False,False,False,False,False,False,False,False,False,False,False,False,False,False,False,False,False,False,False,False,False,False,False,False,False,False,False,False,False,False,False,False,True,False,False,0,18,0,2.0,0.0,6.0,2.0,False,abstract-level pattern match. NOT a read of the paper. Any case used as evidence must be opened and its numbers transcribed by hand.
ELEXACAFTOR,39764279,PMC11702000,2024,Glucagon-like peptide1 receptor agonist treatment of cystic fibrosis-related diabetes complicated by obesity: A cases series and literature review.,,Y,False,False,False,False,False,False,False,False,False,True,False,False,False,False,False,False,False,False,False,False,False,False,False,False,False,False,False,False,False,False,False,False,True,False,False,1,18,0,2.0,0.0,6.0,2.0,False,abstract-level pattern match. NOT a read of the paper. Any case used as evidence must be opened and its numbers transcribed by hand.
CETIRIZINE,36947589,PMC10505549,2023,Early GH Treatment Is Effective and Well Tolerated in Children With Turner Syndrome: NordiNet® IOS and Answer Program.,,Y,False,False,False,False,True,False,True,True,False,False,False,False,True,False,True,False,False,False,True,False,False,False,False,False,False,False,False,False,False,False,False,False,True,True,False,5,18,1,3.0,1.5,6.0,1.5,False,abstract-level pattern match. NOT a read of the paper. Any case used as evidence must be opened and its numbers transcribed by hand.
LEVOTHYROXINE,34972788,PMC8720990,2021,Successful treatment of pituitary gigantism.,,N,True,False,False,False,True,False,True,True,False,False,False,False,False,False,False,False,False,False,False,False,False,False,False,False,False,False,True,False,False,False,False,False,True,True,False,4,18,1,3.0,1.5,6.0,1.5,False,abstract-level pattern match. NOT a read of the paper. Any case used as evidence must be opened and its numbers transcribed by hand.
LEVOTHYROXINE,39678651,PMC11635374,2025,Pituitary Gigantism in an Adolescent Girl With Postsurgical Residual Disease Treated With Lanreotide.,,Y,True,False,False,False,False,False,True,True,False,False,False,False,False,False,True,False,False,False,False,False,False,False,False,False,False,False,True,False,False,False,False,False,True,True,False,4,18,1,3.0,1.5,6.0,1.5,False,abstract-level pattern match. NOT a read of the paper. Any case used as evidence must be opened and its numbers transcribed by hand.
MONTELUKAST,36947589,PMC10505549,2023,Early GH Treatment Is Effective and Well Tolerated in Children With Turner Syndrome: NordiNet® IOS and Answer Program.,,Y,False,False,False,False,True,False,True,True,False,False,False,False,True,False,True,False,False,False,True,False,False,False,False,False,False,False,False,False,False,False,False,False,True,True,False,5,18,1,3.0,1.5,6.0,1.5,False,abstract-level pattern match. NOT a read of the paper. Any case used as evidence must be opened and its numbers transcribed by hand.
ENOXAPARIN,35212265,PMC8897593,2022,Pseudo-pheochromocytoma due to obstructive sleep apnea: a case report.,,Y,True,False,False,False,False,False,False,False,False,False,False,False,False,False,False,False,False,False,False,False,False,False,False,False,False,False,True,False,False,False,False,False,True,False,False,1,18,1,2.0,1.5,6.0,0.5,False,abstract-level pattern match. NOT a read of the paper. Any case used as evidence must be opened and its numbers transcribed by hand.
PREDNISOLONE,34987878,PMC8723881,2021,Late Endocrine Effects after Stem Cell Transplant in a Young Girl with Griscelli Syndrome.,,Y,True,False,False,False,True,False,False,False,False,True,False,False,False,False,False,False,False,False,True,False,False,False,False,False,False,False,False,False,False,False,False,False,True,False,False,3,18,1,2.0,1.5,6.0,0.5,False,abstract-level pattern match. NOT a read of the paper. Any case used as evidence must be opened and its numbers transcribed by hand.
PREDNISOLONE,39026475,PMC11037260,2024,Precocious puberty and other endocrine disorders during mitotane treatment for paediatric adrenocortical carcinoma - case series and literature review.,,Y,False,False,False,False,True,False,False,False,False,False,False,False,False,False,False,False,False,False,False,False,False,False,False,False,True,False,False,False,False,False,False,False,True,False,False,1,18,1,2.0,1.5,6.0,0.5,False,abstract-level pattern match. NOT a read of the paper. Any case used as evidence must be opened and its numbers transcribed by hand.
ENOXAPARIN,40959740,PMC12436000,2025,Short Stature in Moyamoya Disease: A Systematic Review of Potential Mechanisms and Clinical Outcomes.,,Y,False,False,False,False,False,True,False,True,False,False,False,False,False,False,False,False,False,False,True,False,False,False,False,False,False,False,False,False,False,False,False,False,True,False,False,2,18,1,2.0,1.5,6.0,0.5,False,abstract-level pattern match. NOT a read of the paper. Any case used as evidence must be opened and its numbers transcribed by hand.
LEVOTHYROXINE,39785833,PMC12012706,2025,Loss-of-Function GHSR Variants Are Associated With Short Stature and Low IGF-I.,,Y,True,False,False,False,False,False,False,True,False,False,False,False,False,False,False,False,False,False,True,False,False,False,False,False,False,False,False,False,False,False,False,False,True,False,False,2,18,1,2.0,1.5,6.0,0.5,False,abstract-level pattern match. NOT a read of the paper. Any case used as evidence must be opened and its numbers transcribed by hand.
LEVOTHYROXINE,38650008,PMC11036550,2024,Growth impairment in children with atrophic autoimmune thyroiditis and pituitary hyperplasia.,,Y,False,False,False,False,False,False,False,False,False,False,False,False,False,False,False,False,False,False,False,False,False,False,False,False,True,False,False,False,False,False,False,False,True,False,False,0,18,1,2.0,1.5,6.0,0.5,False,abstract-level pattern match. NOT a read of the paper. Any case used as evidence must be opened and its numbers transcribed by hand.
LEVOTHYROXINE,36688726,PMC11629727,2024,Long-term Growth Hormone Therapy in a Patient with <i>IGF1R</i> Deletion Accompanied by Delayed Puberty and Central Hypothyroidism,,Y,True,False,False,False,True,False,False,True,False,False,False,False,False,False,False,True,False,False,True,False,False,False,False,False,False,False,False,False,False,False,False,False,True,False,False,4,18,1,2.0,1.5,6.0,0.5,False,abstract-level pattern match. NOT a read of the paper. Any case used as evidence must be opened and its numbers transcribed by hand.
LEVOTHYROXINE,41255695,PMC12620771,2025,Deficiency of anterior pituitary hormones in Noonan syndrome and its impact on response to growth hormone therapy.,,Y,False,False,False,False,False,False,False,True,False,False,False,False,False,False,False,False,False,False,True,False,False,False,False,False,False,False,False,False,False,False,False,False,True,False,False,1,18,1,2.0,1.5,6.0,0.5,False,abstract-level pattern match. NOT a read of the paper. Any case used as evidence must be opened and its numbers transcribed by hand.
LEVOTHYROXINE,39026475,PMC11037260,2024,Precocious puberty and other endocrine disorders during mitotane treatment for paediatric adrenocortical carcinoma - case series and literature review.,,Y,False,False,False,False,True,False,False,False,False,False,False,False,False,False,False,False,False,False,False,False,False,False,False,False,True,False,False,False,False,False,False,False,True,False,False,1,18,1,2.0,1.5,6.0,0.5,False,abstract-level pattern match. NOT a read of the paper. Any case used as evidence must be opened and its numbers transcribed by hand.
ENOXAPARIN,41893433,PMC13030007,2026,Celiac Crisis Complicated by Refeeding Syndrome: A Case Report and Pediatric-Adapted Diagnostic Criteria.,,Y,False,False,False,False,False,False,False,False,False,True,False,False,False,False,False,False,False,False,False,False,False,True,False,False,False,False,False,False,False,False,False,False,True,False,False,1,18,1,2.0,1.5,6.0,0.5,False,abstract-level pattern match. NOT a read of the paper. Any case used as evidence must be opened and its numbers transcribed by hand.
PREDNISOLONE,36111273,PMC9469925,2022,Precocious Puberty in a Boy With Bilateral Leydig Cell Tumors due to a Somatic Gain-of-Function <i>LHCGR</i> Variant.,,N,True,False,False,False,True,False,False,False,False,False,False,False,False,False,False,False,False,False,False,False,True,False,False,False,False,False,False,False,False,False,False,False,True,False,False,2,18,1,2.0,1.5,6.0,0.5,False,abstract-level pattern match. NOT a read of the paper. Any case used as evidence must be opened and its numbers transcribed by hand.
LEVOTHYROXINE,41948356,PMC13050635,2026,"Cardiac Tamponade, Pituitary Hyperplasia, and Macroorchidism in Severe Primary Hypothyroidism.",,Y,True,False,False,False,True,False,False,False,False,False,False,False,False,False,False,False,False,False,False,False,False,False,False,False,False,False,True,False,False,False,False,False,True,False,False,2,18,1,2.0,1.5,6.0,0.5,False,abstract-level pattern match. NOT a read of the paper. Any case used as evidence must be opened and its numbers transcribed by hand.
LEVOTHYROXINE,40313484,PMC12043476,2025,Pycnodysostosis: a case series of eight Saudi patients with cathepsin K gene mutation and a literature review.,,Y,False,False,False,False,False,False,False,True,False,False,False,False,False,False,True,False,False,False,True,False,False,False,False,False,False,False,False,False,False,False,False,False,True,False,False,2,18,1,2.0,1.5,6.0,0.5,False,abstract-level pattern match. NOT a read of the paper. Any case used as evidence must be opened and its numbers transcribed by hand.
PREDNISOLONE,40831866,PMC12359977,2025,The Role of Dupilumab in Atopic Dermatitis-Like Graft-Versus-Host Disease.,,Y,True,False,False,False,False,False,False,False,False,False,False,False,False,False,False,False,False,False,False,False,False,False,False,True,False,False,False,False,False,False,False,False,True,False,False,1,18,1,2.0,1.5,6.0,0.5,False,abstract-level pattern match. NOT a read of the paper. Any case used as evidence must be opened and its numbers transcribed by hand.
LEVOTHYROXINE,41000297,PMC12457900,2025,FSH-secreting Giant Pituitary Macroadenoma With Aggressive Clinical Behavior.,,Y,True,False,False,False,False,False,False,False,False,False,False,False,False,False,False,False,False,False,False,False,False,False,False,False,False,False,True,False,False,False,False,False,True,False,False,1,18,1,2.0,1.5,6.0,0.5,False,abstract-level pattern match. NOT a read of the paper. Any case used as evidence must be opened and its numbers transcribed by hand.
PREDNISOLONE,38516512,PMC10952417,2023,Overt Hypothyroidism and Severe Growth Retardation in a Preschool Girl with Poorly Controlled Nephrotic Syndrome: Case Report and Literature Review.,,Y,False,False,False,False,False,False,False,True,False,False,False,False,False,False,False,True,False,False,False,False,False,True,False,False,False,False,False,False,False,False,False,False,True,False,False,2,18,1,2.0,1.5,6.0,0.5,False,abstract-level pattern match. NOT a read of the paper. Any case used as evidence must be opened and its numbers transcribed by hand.
LEVOTHYROXINE,41257121,PMC12622862,2025,Severe Primary Hypothyroidism in a Child Presenting as a Pituitary Tumour: A Case Report.,,Y,False,False,False,False,False,False,False,False,False,False,False,False,False,False,False,False,False,False,False,False,False,False,False,False,False,False,True,False,False,False,False,False,True,False,False,0,18,1,2.0,1.5,6.0,0.5,False,abstract-level pattern match. NOT a read of the paper. Any case used as evidence must be opened and its numbers transcribed by hand.
LEVOTHYROXINE,40162297,PMC11952286,2025,A Novel De Novo Nonsense Pathogenic Variant in &lt;i&gt;IGSF1&lt;/i&gt; Resulting in Central Hypothyroidism and Transient GH Deficiency.,,Y,True,False,False,False,True,False,False,True,False,False,False,False,False,False,False,False,False,False,True,False,False,False,False,False,False,False,False,False,False,False,False,False,True,False,False,3,18,1,2.0,1.5,6.0,0.5,False,abstract-level pattern match. NOT a read of the paper. Any case used as evidence must be opened and its numbers transcribed by hand.
PREDNISOLONE,42005104,PMC13091692,2026,Crohn's Disease Developing After Hirschsprung's Disease in a Child With Down Syndrome: A Rare Clinical Overlap.,,Y,False,False,False,False,False,False,False,False,False,True,False,False,False,False,False,False,False,False,False,False,False,True,False,False,False,False,False,False,False,False,False,False,True,False,False,1,18,1,2.0,1.5,6.0,0.5,False,abstract-level pattern match. NOT a read of the paper. Any case used as evidence must be opened and its numbers transcribed by hand.
LEVOTHYROXINE,,PMC13153760,2026,A comprehensive clinical and molecular genetic analysis of syndromic short stature children and response to recombinant growth hormone therapy Kompleksowa analiza kliniczna i molekularno-genetyczna dzieci z zespołową nis,,Y,False,False,False,False,False,False,False,True,False,False,False,False,False,False,False,False,False,False,True,False,False,False,False,False,False,False,False,False,False,False,False,False,True,False,False,1,18,1,2.0,1.5,6.0,0.5,False,abstract-level pattern match. NOT a read of the paper. Any case used as evidence must be opened and its numbers transcribed by hand.
LEVOTHYROXINE,40584810,PMC12206079,2025,Short Stature Due to a Novel Compound Heterozygous Mutation of the &lt;i&gt;POU1F1&lt;/i&gt; Gene.,,Y,False,False,False,False,False,False,False,True,False,False,False,False,False,False,False,False,False,False,False,False,False,False,False,False,True,False,False,False,False,False,False,False,True,False,False,1,18,1,2.0,1.5,6.0,0.5,False,abstract-level pattern match. NOT a read of the paper. Any case used as evidence must be opened and its numbers transcribed by hand.
LEVOTHYROXINE,39015673,PMC11251785,2024,Severe Acquired Hypothyroidism and Van Wyk-Grumbach Syndrome in Two Children.,,Y,False,False,False,False,True,True,False,False,False,False,False,False,False,False,False,False,False,False,False,False,False,False,False,False,True,False,False,False,False,False,False,False,True,False,False,2,18,1,2.0,1.5,6.0,0.5,False,abstract-level pattern match. NOT a read of the paper. Any case used as evidence must be opened and its numbers transcribed by hand.
LEVOTHYROXINE,40959740,PMC12436000,2025,Short Stature in Moyamoya Disease: A Systematic Review of Potential Mechanisms and Clinical Outcomes.,,Y,False,False,False,False,False,True,False,True,False,False,False,False,False,False,False,False,False,False,True,False,False,False,False,False,False,False,False,False,False,False,False,False,True,False,False,2,18,1,2.0,1.5,6.0,0.5,False,abstract-level pattern match. NOT a read of the paper. Any case used as evidence must be opened and its numbers transcribed by hand.
LEVOTHYROXINE,39846147,,2025,Moebius syndrome and hypopituitarism: a case of multiple pituitary hormone deficiency and revision of the literature.,,N,True,False,False,False,False,False,False,False,False,False,False,False,False,False,False,False,False,False,False,False,False,False,False,False,True,False,False,False,False,False,False,False,True,False,False,1,18,1,2.0,1.5,6.0,0.5,False,abstract-level pattern match. NOT a read of the paper. Any case used as evidence must be opened and its numbers transcribed by hand.
LEVOTHYROXINE,36540490,PMC9757648,2022,Two Unusual Cases of Pituitary Tumors Presenting with Pediatric Acromegaly.,,Y,True,False,False,False,False,False,False,True,False,False,False,False,False,False,False,False,False,False,False,False,False,False,False,False,False,False,True,False,False,False,False,False,True,False,False,2,18,1,2.0,1.5,6.0,0.5,False,abstract-level pattern match. NOT a read of the paper. Any case used as evidence must be opened and its numbers transcribed by hand.
LEVOTHYROXINE,32248673,PMC7711642,2020,A Case Report of Pycnodysostosis Associated with Multiple Pituitary Hormone Deficiencies and Response to Treatment,,Y,True,False,False,False,False,False,False,True,False,False,False,True,False,False,False,False,False,False,False,False,False,False,False,False,True,False,False,False,False,False,False,False,True,False,False,3,18,1,2.0,1.5,6.0,0.5,False,abstract-level pattern match. NOT a read of the paper. Any case used as evidence must be opened and its numbers transcribed by hand.
PREDNISOLONE,41024881,PMC12476786,2025,Difficult to treat and refractory autoimmune hepatitis: Recent advances in pharmacological management.,,Y,False,False,False,False,False,False,False,False,False,False,False,True,False,False,False,False,False,False,False,False,False,False,False,False,False,True,False,False,False,False,False,False,True,False,False,1,18,1,2.0,1.5,6.0,0.5,False,abstract-level pattern match. NOT a read of the paper. Any case used as evidence must be opened and its numbers transcribed by hand.
TIOTROPIUM BROMIDE,41064378,PMC12503151,2025,Chronic intestinal pseudo-obstruction in the course of systemic sclerosis successfully treated with intravenous immunoglobulins and rituximab.,,Y,False,False,False,False,False,False,False,False,False,False,False,False,False,False,False,False,False,False,False,False,False,False,False,False,False,False,True,False,False,False,False,False,True,False,False,0,18,1,2.0,1.5,6.0,0.5,False,abstract-level pattern match. NOT a read of the paper. Any case used as evidence must be opened and its numbers transcribed by hand.
LOPERAMIDE,37621592,PMC10445067,2023,COVID-19-induced gastrointestinal autonomic dysfunction: A systematic review.,,Y,False,False,False,False,False,False,False,False,False,True,False,False,False,False,False,False,False,False,False,False,False,True,False,False,False,False,False,False,False,False,False,False,True,False,False,1,18,1,2.0,1.5,6.0,0.5,False,abstract-level pattern match. NOT a read of the paper. Any case used as evidence must be opened and its numbers transcribed by hand.
MONTELUKAST,40313484,PMC12043476,2025,Pycnodysostosis: a case series of eight Saudi patients with cathepsin K gene mutation and a literature review.,,Y,False,False,False,False,False,False,False,True,False,False,False,False,False,False,True,False,False,False,True,False,False,False,False,False,False,False,False,False,False,False,False,False,True,False,False,2,18,1,2.0,1.5,6.0,0.5,False,abstract-level pattern match. NOT a read of the paper. Any case used as evidence must be opened and its numbers transcribed by hand.
METRONIDAZOLE,37113825,PMC10129272,2023,Adrenocortical carcinoma in a 10-month-old infant: A literature review and a rare case report.,,Y,False,False,False,False,True,False,False,False,False,True,False,False,False,False,False,False,False,False,False,False,False,False,False,False,False,False,True,False,False,False,False,False,True,False,False,2,18,1,2.0,1.5,6.0,0.5,False,abstract-level pattern match. NOT a read of the paper. Any case used as evidence must be opened and its numbers transcribed by hand.
LEVOTHYROXINE,41499205,PMC12783500,2026,Impact of growth hormone treatment on a 12-year-old female with newly diagnosed panhypopituitarism and distal arthrogryposis.,,Y,True,False,False,False,True,True,False,True,False,False,False,True,True,False,False,False,False,False,True,False,False,False,False,False,False,False,False,False,False,False,False,False,True,False,False,6,18,1,2.0,1.5,6.0,0.5,False,abstract-level pattern match. NOT a read of the paper. Any case used as evidence must be opened and its numbers transcribed by hand.
LEVOTHYROXINE,,PMC12545430,2025,SAT-207 Impact of Growth Hormone Treatment on a 12 Year Old Female with Newly Diagnosed Panhypopituitarism and Distal Arthrogryposis,,Y,True,False,False,False,False,False,False,True,False,False,False,False,False,False,False,False,False,False,True,False,False,False,False,False,False,False,False,False,False,False,False,False,True,False,False,2,18,1,2.0,1.5,6.0,0.5,False,abstract-level pattern match. NOT a read of the paper. Any case used as evidence must be opened and its numbers transcribed by hand.
LEVOTHYROXINE,37891382,PMC10965707,2024,Tall stature and gigantism in transition age: clinical and genetic aspects-a literature review and recommendations.,,Y,False,False,False,False,True,False,False,False,False,False,False,False,False,False,False,False,False,False,False,False,False,False,False,False,False,False,True,False,False,False,False,False,True,False,False,1,18,1,2.0,1.5,6.0,0.5,False,abstract-level pattern match. NOT a read of the paper. Any case used as evidence must be opened and its numbers transcribed by hand.
LEVOTHYROXINE,39347205,PMC11439337,2024,Central Precocious Puberty in a Male Child With Down Syndrome: A Case Report.,,Y,True,False,False,False,True,True,False,False,False,False,False,False,False,False,False,False,False,False,False,True,False,False,False,False,False,False,False,False,False,False,False,False,True,False,False,3,18,1,2.0,1.5,6.0,0.5,False,abstract-level pattern match. NOT a read of the paper. Any case used as evidence must be opened and its numbers transcribed by hand.
AMINO ACIDS,40959740,PMC12436000,2025,Short Stature in Moyamoya Disease: A Systematic Review of Potential Mechanisms and Clinical Outcomes.,,Y,False,False,False,False,False,True,False,True,False,False,False,False,False,False,False,False,False,False,True,False,False,False,False,False,False,False,False,False,False,False,False,False,True,False,False,2,18,1,2.0,1.5,6.0,0.5,False,abstract-level pattern match. NOT a read of the paper. Any case used as evidence must be opened and its numbers transcribed by hand.
LEVOTHYROXINE,41049522,PMC12494393,2025,Van Wyk-Grumbach syndrome: a case report and review of the literature.,,Y,False,False,False,False,True,True,False,False,False,False,False,False,False,False,False,False,False,False,False,True,False,False,False,False,False,False,False,False,False,False,False,False,True,False,False,2,18,1,2.0,1.5,6.0,0.5,False,abstract-level pattern match. NOT a read of the paper. Any case used as evidence must be opened and its numbers transcribed by hand.
AMINO ACIDS,37508663,PMC10378625,2023,Initial Effect of Recombinant Human Growth Hormone Treatment in a Patient with Löwe Syndrome.,,Y,False,False,False,False,False,False,False,True,True,True,False,False,False,False,False,False,False,False,True,False,False,False,False,False,False,False,False,False,False,False,False,False,True,False,False,3,18,1,2.0,1.5,6.0,0.5,False,abstract-level pattern match. NOT a read of the paper. Any case used as evidence must be opened and its numbers transcribed by hand.
AMINO ACIDS,40313484,PMC12043476,2025,Pycnodysostosis: a case series of eight Saudi patients with cathepsin K gene mutation and a literature review.,,Y,False,False,False,False,False,False,False,True,False,False,False,False,False,False,True,False,False,False,True,False,False,False,False,False,False,False,False,False,False,False,False,False,True,False,False,2,18,1,2.0,1.5,6.0,0.5,False,abstract-level pattern match. NOT a read of the paper. Any case used as evidence must be opened and its numbers transcribed by hand.
AMINO ACIDS,40794898,PMC12449187,2025,"A case report of SPONASTRIME dysplasia with novel TONSL mutation: genetic analysis, clinical manifestations, and the effect of growth hormone treatment.",,Y,True,False,False,False,False,False,False,True,False,False,False,False,False,False,True,False,False,False,True,False,False,False,False,False,False,False,False,False,False,False,False,False,True,False,False,3,18,1,2.0,1.5,6.0,0.5,False,abstract-level pattern match. NOT a read of the paper. Any case used as evidence must be opened and its numbers transcribed by hand.
AMINO ACIDS,42078551,PMC13128628,2026,Case Report: Washed microbiota transplantation for the treatment of malnutrition with multidrug-resistant &lt;i&gt;Klebsiella pneumoniae&lt;/i&gt; and &lt;i&gt;Candida tropicalis&lt;/i&gt; coinfection in a child.,,Y,True,False,False,False,False,False,False,False,False,True,False,False,False,False,False,False,False,False,False,False,False,True,False,False,False,False,False,False,False,False,False,False,True,False,False,2,18,1,2.0,1.5,6.0,0.5,False,abstract-level pattern match. NOT a read of the paper. Any case used as evidence must be opened and its numbers transcribed by hand.
AMINO ACIDS,40591675,PMC12227946,2025,From genotype to phenotype: the impact of early management in pycnodysostosis.,,Y,True,False,False,False,False,False,False,True,False,False,False,False,False,False,True,False,False,False,True,False,False,False,False,False,False,False,False,False,False,False,False,False,True,False,False,3,18,1,2.0,1.5,6.0,0.5,False,abstract-level pattern match. NOT a read of the paper. Any case used as evidence must be opened and its numbers transcribed by hand.
LEVOTHYROXINE,41928865,PMC13043140,2026,Meningoencephalitis and secondary pituitary abscess in a 16-year-old patient with gigantism.,,Y,True,False,False,False,False,False,False,False,False,False,False,False,False,False,False,False,False,False,False,False,False,False,False,False,False,False,True,False,False,False,False,False,True,False,False,1,18,1,2.0,1.5,6.0,0.5,False,abstract-level pattern match. NOT a read of the paper. Any case used as evidence must be opened and its numbers transcribed by hand.
TEDUGLUTIDE,34239262,PMC8240052,2021,Chronic intestinal failure and short bowel syndrome in Crohn's disease.,,Y,False,False,False,False,False,False,False,False,False,True,False,False,False,False,False,False,False,False,False,False,False,True,False,False,False,False,False,False,False,False,False,False,True,False,False,1,18,1,2.0,1.5,6.0,0.5,False,abstract-level pattern match. NOT a read of the paper. Any case used as evidence must be opened and its numbers transcribed by hand.
TEDUGLUTIDE,26078585,PMC4462749,2015,Abnormal layering of muscularis propria as a cause of chronic intestinal pseudo-obstruction: A case report and literature review.,,N,False,False,False,False,False,False,False,False,False,True,False,False,False,False,False,False,False,False,False,False,False,True,False,False,False,False,False,False,False,False,False,False,True,False,False,1,18,1,2.0,1.5,6.0,0.5,False,abstract-level pattern match. NOT a read of the paper. Any case used as evidence must be opened and its numbers transcribed by hand.
LOPERAMIDE,35212265,PMC8897593,2022,Pseudo-pheochromocytoma due to obstructive sleep apnea: a case report.,,Y,True,False,False,False,False,False,False,False,False,False,False,False,False,False,False,False,False,False,False,False,False,False,False,False,False,False,True,False,False,False,False,False,True,False,False,1,18,1,2.0,1.5,6.0,0.5,False,abstract-level pattern match. NOT a read of the paper. Any case used as evidence must be opened and its numbers transcribed by hand.
LOPERAMIDE,34239262,PMC8240052,2021,Chronic intestinal failure and short bowel syndrome in Crohn's disease.,,Y,False,False,False,False,False,False,False,False,False,True,False,False,False,False,False,False,False,False,False,False,False,True,False,False,False,False,False,False,False,False,False,False,True,False,False,1,18,1,2.0,1.5,6.0,0.5,False,abstract-level pattern match. NOT a read of the paper. Any case used as evidence must be opened and its numbers transcribed by hand.
METRONIDAZOLE,41181427,PMC12577897,2025,"Seronegative refractory celiac disease complicated by severe malnutrition, duodenal ulceration, and thromboembolic events in a young male: a case report.",,Y,True,False,False,False,False,False,False,False,False,True,False,False,False,False,False,False,False,False,False,False,False,True,False,False,False,False,False,False,False,False,False,False,True,False,False,2,18,1,2.0,1.5,6.0,0.5,False,abstract-level pattern match. NOT a read of the paper. Any case used as evidence must be opened and its numbers transcribed by hand.
PANCRELIPASE,34239262,PMC8240052,2021,Chronic intestinal failure and short bowel syndrome in Crohn's disease.,,Y,False,False,False,False,False,False,False,False,False,True,False,False,False,False,False,False,False,False,False,False,False,True,False,False,False,False,False,False,False,False,False,False,True,False,False,1,18,1,2.0,1.5,6.0,0.5,False,abstract-level pattern match. NOT a read of the paper. Any case used as evidence must be opened and its numbers transcribed by hand.
IVACAFTOR,34290673,PMC8287422,2021,Human Growth and Growth Hormone: From Antiquity to the Recominant Age to the Future.,,Y,False,False,False,False,False,False,False,True,False,False,False,False,False,False,False,False,False,False,True,False,False,False,False,False,False,False,False,False,False,False,False,False,True,False,False,1,18,1,2.0,1.5,6.0,0.5,False,abstract-level pattern match. NOT a read of the paper. Any case used as evidence must be opened and its numbers transcribed by hand.
LOPERAMIDE,24762631,PMC4017893,2014,"Fecal microbiota transplant for relapsing Clostridium difficile infection using a frozen inoculum from unrelated donors: a randomized, open-label, controlled pilot study.",,N,False,False,False,False,False,False,False,False,False,False,False,False,False,False,False,False,False,False,False,False,False,False,False,False,False,True,False,False,False,False,False,False,True,False,False,0,18,1,2.0,1.5,6.0,0.5,False,abstract-level pattern match. NOT a read of the paper. Any case used as evidence must be opened and its numbers transcribed by hand.
LOPERAMIDE,37223207,PMC10202680,2023,Clinical Manifestations of Micronutrient Deficiencies in Short Bowel Syndrome: A Case Report.,,Y,True,False,False,False,False,False,False,False,False,True,False,False,False,False,False,False,False,False,False,False,False,True,False,False,False,False,False,False,False,False,False,False,True,False,False,2,18,1,2.0,1.5,6.0,0.5,False,abstract-level pattern match. NOT a read of the paper. Any case used as evidence must be opened and its numbers transcribed by hand.
PREDNISOLONE,42305527,PMC13265456,2026,Clinical heterogeneity and treatment optimization in anti-KLHL11 encephalitis: two case reports and literature review.,,Y,True,False,False,False,False,False,False,False,False,False,False,False,False,False,False,False,False,False,False,False,False,False,False,False,False,False,True,False,False,False,False,False,True,False,False,1,18,1,2.0,1.5,6.0,0.5,False,abstract-level pattern match. NOT a read of the paper. Any case used as evidence must be opened and its numbers transcribed by hand.
LEVOTHYROXINE,34975773,PMC8716689,2021,Should Skeletal Maturation Be Manipulated for Extra Height Gain?,,Y,False,False,False,False,True,False,False,True,False,False,False,False,False,False,False,False,False,False,False,True,True,False,False,False,False,False,False,False,False,False,False,False,True,False,False,2,18,2,2.0,3.0,6.0,0.0,False,abstract-level pattern match. NOT a read of the paper. Any case used as evidence must be opened and its numbers transcribed by hand.
LEVOTHYROXINE,38744258,,2025,Clinical Characteristics of Children with &lt;italic&gt;THRA&lt;/italic&gt; Mutations: Variable Phenotype and Good Response to Recombinant Human Growth Hormone Therapy.,,N,False,False,False,False,False,False,False,True,False,False,False,False,False,False,False,False,False,False,True,False,False,False,False,False,True,False,False,False,False,False,False,False,True,False,False,1,18,2,2.0,3.0,6.0,0.0,False,abstract-level pattern match. NOT a read of the paper. Any case used as evidence must be opened and its numbers transcribed by hand.
LEVOTHYROXINE,38249203,PMC10797213,2023,"An Orthodenticle Homeobox 2 (OTX2) Mutation in a Patient With Combined Pituitary Hormone Deficiency, Pituitary Malformation, and Retinitis Pigmentosa.",,Y,False,False,False,False,True,False,False,True,False,False,False,False,False,False,False,False,False,False,True,False,False,True,False,False,True,False,False,False,False,False,False,False,True,False,False,2,18,3,2.0,4.5,6.0,0.0,False,abstract-level pattern match. NOT a read of the paper. Any case used as evidence must be opened and its numbers transcribed by hand.
LEVOTHYROXINE,34434587,PMC8382546,2021,Pituitary Macroadenoma and Severe Hypothyroidism: The Link between Brain Imaging and Thyroid Function.,,Y,True,False,False,False,True,False,False,True,False,False,False,False,False,False,False,False,False,False,False,False,False,False,False,False,True,False,True,False,False,False,False,False,True,False,False,3,18,2,2.0,3.0,6.0,0.0,False,abstract-level pattern match. NOT a read of the paper. Any case used as evidence must be opened and its numbers transcribed by hand.
AMINO ACIDS,40604511,PMC12224386,2025,Diagnosis and recombinant human growth hormone treatment of Wiedemann-Steiner syndrome: discovery of novel KMT2A variants and review of existing literature.,,Y,False,False,False,False,True,True,False,True,False,False,False,False,False,False,False,False,False,False,True,True,False,False,False,False,False,False,False,False,False,False,False,False,True,False,False,3,18,2,2.0,3.0,6.0,0.0,False,abstract-level pattern match. NOT a read of the paper. Any case used as evidence must be opened and its numbers transcribed by hand.
LEVOTHYROXINE,39767939,PMC11674360,2024,Growth Outcomes and Final Height in Children with Acquired Hypothyroidism: A Systematic Review.,,Y,False,False,False,False,True,False,False,False,False,False,False,False,False,False,False,False,False,False,False,False,False,True,False,False,True,False,False,False,False,False,False,False,True,False,False,1,18,2,2.0,3.0,6.0,0.0,False,abstract-level pattern match. NOT a read of the paper. Any case used as evidence must be opened and its numbers transcribed by hand.
