active_ingredient,source_type,pmid,pmcid,year,title,mentions_growth_effect,mentions_growth_harm,note
HUMAN IMMUNOGLOBULIN G,regulatory / label-adjacent literature (Europe PMC),42197793,PMC13210962,2026,Development of an Improved QCM-D Instrumentation for Affinity Sensing by Bioinspired Molecular-Imprinted Polymers (MIP) for IgG Detection in Serum.,False,False,Europe PMC proxy for regulatory documents. FDA and EMA documents are not retrievable as structured data here; openFDA label endpoint shares the same 1000/day budget as stage 79 and was not spent on it.
HUMAN IMMUNOGLOBULIN G,regulatory / label-adjacent literature (Europe PMC),41618947,PMC12959282,2026,"Phase 3, Open-Label Multicenter Study of Sotatercept in Japanese Participants With Pulmonary Arterial Hypertension.",False,False,Europe PMC proxy for regulatory documents. FDA and EMA documents are not retrievable as structured data here; openFDA label endpoint shares the same 1000/day budget as stage 79 and was not spent on it.
HUMAN IMMUNOGLOBULIN G,regulatory / label-adjacent literature (Europe PMC),41481110,PMC12777750,2025,"Effects of rhEPO-Fc on chronic renal anemia in Chinese patients undergoing maintenance hemodialysis: a multicenter, randomized, open-label, and phase 3 study.",False,False,Europe PMC proxy for regulatory documents. FDA and EMA documents are not retrievable as structured data here; openFDA label endpoint shares the same 1000/day budget as stage 79 and was not spent on it.
HUMAN IMMUNOGLOBULIN G,regulatory / label-adjacent literature (Europe PMC),,PMC12944742,2026,"Electrochemical Biosensors for Cancer Diagnosis and Prognosis Using Protein Biomarkers: Current Trends, Advances, and Clinical Translation Potential",False,False,Europe PMC proxy for regulatory documents. FDA and EMA documents are not retrievable as structured data here; openFDA label endpoint shares the same 1000/day budget as stage 79 and was not spent on it.
HUMAN IMMUNOGLOBULIN G,regulatory / label-adjacent literature (Europe PMC),40558455,PMC12190709,2025,Biological Sensing Using Vertical MoS&lt;sub&gt;2&lt;/sub&gt;-Graphene Heterostructure-Based Field-Effect Transistor Biosensors.,False,False,Europe PMC proxy for regulatory documents. FDA and EMA documents are not retrievable as structured data here; openFDA label endpoint shares the same 1000/day budget as stage 79 and was not spent on it.
HUMAN IMMUNOGLOBULIN G,regulatory / label-adjacent literature (Europe PMC),,PMC12944496,2026,Energy–Biosensor Synergy: Intrinsic Catalytic Reactions as Label-Free Signal Pathways,False,False,Europe PMC proxy for regulatory documents. FDA and EMA documents are not retrievable as structured data here; openFDA label endpoint shares the same 1000/day budget as stage 79 and was not spent on it.
HUMAN IMMUNOGLOBULIN G,regulatory / label-adjacent literature (Europe PMC),41657393,PMC12874157,2025,Polymerization-Assisted Signal Enhancement and Visual Readout Techniques in Bioassays: A Mini Review.,False,False,Europe PMC proxy for regulatory documents. FDA and EMA documents are not retrievable as structured data here; openFDA label endpoint shares the same 1000/day budget as stage 79 and was not spent on it.
HUMAN IMMUNOGLOBULIN G,regulatory / label-adjacent literature (Europe PMC),41140808,PMC12551598,2025,Polatuzumab Vedotin Induced CD20 Upregulation Contributes to the Efficacy of Mosunetuzumab in Combination With Polatuzumab Vedotin in Diffuse Large B-Cell Lymphoma Preclinical Models.,False,False,Europe PMC proxy for regulatory documents. FDA and EMA documents are not retrievable as structured data here; openFDA label endpoint shares the same 1000/day budget as stage 79 and was not spent on it.
HUMAN IMMUNOGLOBULIN G,regulatory / label-adjacent literature (Europe PMC),41917376,PMC13183706,2026,Pharmacokinetic Comparability Assessment of Tixagevimab and Cilgavimab Developed for COVID-19 Prevention and Treatment Using Standard Exposure Metrics and Partial Area Under the Curve.,False,False,Europe PMC proxy for regulatory documents. FDA and EMA documents are not retrievable as structured data here; openFDA label endpoint shares the same 1000/day budget as stage 79 and was not spent on it.
HUMAN IMMUNOGLOBULIN G,regulatory / label-adjacent literature (Europe PMC),41149340,PMC12564282,2025,Ultrasensitive Electrochemical Immunoassays of IgG and CA125 Based on Glucose Oxidase-Catalyzed Signal Amplification with Gold Staining.,False,False,Europe PMC proxy for regulatory documents. FDA and EMA documents are not retrievable as structured data here; openFDA label endpoint shares the same 1000/day budget as stage 79 and was not spent on it.
HUMAN IMMUNOGLOBULIN G,regulatory / label-adjacent literature (Europe PMC),40389701,PMC12255621,2025,"Pharmacokinetics, Pharmacodynamics, and Safety of Nipocalimab in Healthy Chinese Volunteers: A Single-Dose, Phase I Study.",False,False,Europe PMC proxy for regulatory documents. FDA and EMA documents are not retrievable as structured data here; openFDA label endpoint shares the same 1000/day budget as stage 79 and was not spent on it.
HUMAN IMMUNOGLOBULIN G,regulatory / label-adjacent literature (Europe PMC),37227625,PMC10209936,2023,Flower-like WSe<sub>2</sub> used as bio-matrix in ultrasensitive label-free electrochemical immunosensor for human immunoglobulin G determination.,False,False,Europe PMC proxy for regulatory documents. FDA and EMA documents are not retrievable as structured data here; openFDA label endpoint shares the same 1000/day budget as stage 79 and was not spent on it.
TEDUGLUTIDE,regulatory / label-adjacent literature (Europe PMC),42273249,PMC13248184,2026,Beyond intestinal failure: Expanding therapeutic frontiers of glucagon-like peptide-2 in gastrointestinal disease.,False,False,Europe PMC proxy for regulatory documents. FDA and EMA documents are not retrievable as structured data here; openFDA label endpoint shares the same 1000/day budget as stage 79 and was not spent on it.
TEDUGLUTIDE,regulatory / label-adjacent literature (Europe PMC),41454663,PMC12743259,2026,Teduglutide in pediatric patients under 10 kg with short bowel syndrome on parenteral support: An open-label study.,False,False,Europe PMC proxy for regulatory documents. FDA and EMA documents are not retrievable as structured data here; openFDA label endpoint shares the same 1000/day budget as stage 79 and was not spent on it.
TEDUGLUTIDE,regulatory / label-adjacent literature (Europe PMC),,PMC12986471,2026,Effectiveness and Safety of Teduglutide Treatment in Adult Patients with Short Bowel Syndrome: A Case Series and Review of Current Evidence,False,False,Europe PMC proxy for regulatory documents. FDA and EMA documents are not retrievable as structured data here; openFDA label endpoint shares the same 1000/day budget as stage 79 and was not spent on it.
TEDUGLUTIDE,regulatory / label-adjacent literature (Europe PMC),42110144,PMC13151016,2026,PERCC1-associated enteropathy: Diagnostic challenges and enteral autonomy achieved with teduglutide.,False,False,Europe PMC proxy for regulatory documents. FDA and EMA documents are not retrievable as structured data here; openFDA label endpoint shares the same 1000/day budget as stage 79 and was not spent on it.
TEDUGLUTIDE,regulatory / label-adjacent literature (Europe PMC),41324792,PMC12858502,2026,Six-Month Safety and Effectiveness of Teduglutide in Patients with Short Bowel Syndrome in Japan: Interim Analysis of Post-marketing Surveillance.,False,False,Europe PMC proxy for regulatory documents. FDA and EMA documents are not retrievable as structured data here; openFDA label endpoint shares the same 1000/day budget as stage 79 and was not spent on it.
TEDUGLUTIDE,regulatory / label-adjacent literature (Europe PMC),41659989,PMC12881332,2026,Double-balloon enteroscopy evaluation and surveillance in patients with short bowel syndrome.,False,False,Europe PMC proxy for regulatory documents. FDA and EMA documents are not retrievable as structured data here; openFDA label endpoint shares the same 1000/day budget as stage 79 and was not spent on it.
TEDUGLUTIDE,regulatory / label-adjacent literature (Europe PMC),41550602,PMC12805952,2025,Real-world efficacy of long-term teduglutide use in pediatric patients with short bowel syndrome.,False,False,Europe PMC proxy for regulatory documents. FDA and EMA documents are not retrievable as structured data here; openFDA label endpoint shares the same 1000/day budget as stage 79 and was not spent on it.
TEDUGLUTIDE,regulatory / label-adjacent literature (Europe PMC),40686679,PMC12274882,2025,Predictors of response and enteral autonomy in children with short bowel syndrome treated with teduglutide: a real-life multicentre cohort study.,False,False,Europe PMC proxy for regulatory documents. FDA and EMA documents are not retrievable as structured data here; openFDA label endpoint shares the same 1000/day budget as stage 79 and was not spent on it.
TEDUGLUTIDE,regulatory / label-adjacent literature (Europe PMC),40773292,PMC12487850,2025,Longitudinal single-cell analysis of glucagon-like peptide-2 treatment in patients with short bowel syndrome.,False,False,Europe PMC proxy for regulatory documents. FDA and EMA documents are not retrievable as structured data here; openFDA label endpoint shares the same 1000/day budget as stage 79 and was not spent on it.
TEDUGLUTIDE,regulatory / label-adjacent literature (Europe PMC),41545784,PMC12811208,2026,"Pharmacokinetics and Safety of Single-Dose Apraglutide in Individuals with Normal and Impaired Hepatic Function: A Phase 1, Open-Label Trial.",False,False,Europe PMC proxy for regulatory documents. FDA and EMA documents are not retrievable as structured data here; openFDA label endpoint shares the same 1000/day budget as stage 79 and was not spent on it.
TEDUGLUTIDE,regulatory / label-adjacent literature (Europe PMC),41058690,PMC12497622,2025,Biochemical markers and emerging therapies for intestinal manifestation of graft-versus-host disease.,False,False,Europe PMC proxy for regulatory documents. FDA and EMA documents are not retrievable as structured data here; openFDA label endpoint shares the same 1000/day budget as stage 79 and was not spent on it.
TEDUGLUTIDE,regulatory / label-adjacent literature (Europe PMC),41608232,PMC12835516,2026,Drug-induced intestinal obstruction: insights from the FDA Adverse Event Reporting System.,False,False,Europe PMC proxy for regulatory documents. FDA and EMA documents are not retrievable as structured data here; openFDA label endpoint shares the same 1000/day budget as stage 79 and was not spent on it.
IDURSULFASE,regulatory / label-adjacent literature (Europe PMC),42421116,,2026,Sustained clinical benefit of idursulfase beta in mucopolysaccharidosis II: two-year experience from a phase 3 extension study including patients switched from idursulfase.,False,False,Europe PMC proxy for regulatory documents. FDA and EMA documents are not retrievable as structured data here; openFDA label endpoint shares the same 1000/day budget as stage 79 and was not spent on it.
IDURSULFASE,regulatory / label-adjacent literature (Europe PMC),39201256,PMC11354461,2024,Intravenous Idursulfase for the Treatment of Mucopolysaccharidosis Type II: A Systematic Literature Review.,False,False,Europe PMC proxy for regulatory documents. FDA and EMA documents are not retrievable as structured data here; openFDA label endpoint shares the same 1000/day budget as stage 79 and was not spent on it.
IDURSULFASE,regulatory / label-adjacent literature (Europe PMC),39252529,PMC12041835,2025,Evaluation of early treatment with intravenous idursulfase and intrathecal idursulfase-IT on cognitive function in siblings with neuronopathic mucopolysaccharidosis II.,False,False,Europe PMC proxy for regulatory documents. FDA and EMA documents are not retrievable as structured data here; openFDA label endpoint shares the same 1000/day budget as stage 79 and was not spent on it.
IDURSULFASE,regulatory / label-adjacent literature (Europe PMC),40569981,PMC12200698,2025,Nebulized and intravenous enzyme replacement therapy in mice with mucopolysaccharidosis type II.,False,False,Europe PMC proxy for regulatory documents. FDA and EMA documents are not retrievable as structured data here; openFDA label endpoint shares the same 1000/day budget as stage 79 and was not spent on it.
IDURSULFASE,regulatory / label-adjacent literature (Europe PMC),37915038,PMC10621086,2023,A post hoc analysis of Projected Retained Ability Scores (PRAS) for the longitudinal assessment of cognitive functioning in patients with neuronopathic mucopolysaccharidosis II receiving intrathecal idursulfase-IT.,False,False,Europe PMC proxy for regulatory documents. FDA and EMA documents are not retrievable as structured data here; openFDA label endpoint shares the same 1000/day budget as stage 79 and was not spent on it.
IDURSULFASE,regulatory / label-adjacent literature (Europe PMC),42345646,PMC13295430,2026,Advances in Therapeutic Options for Pulmonary and Sleep Disorders in Mucopolysaccharidosis (MPS) Patients: A Narrative Review.,False,False,Europe PMC proxy for regulatory documents. FDA and EMA documents are not retrievable as structured data here; openFDA label endpoint shares the same 1000/day budget as stage 79 and was not spent on it.
IDURSULFASE,regulatory / label-adjacent literature (Europe PMC),40223100,PMC11995577,2025,Clinical data required for the approval of pediatric pharmaceuticals in Japan.,False,False,Europe PMC proxy for regulatory documents. FDA and EMA documents are not retrievable as structured data here; openFDA label endpoint shares the same 1000/day budget as stage 79 and was not spent on it.
IDURSULFASE,regulatory / label-adjacent literature (Europe PMC),41744018,PMC12932008,2026,The imperative for national legislation on rare diseases in China: A policy review and call to action.,False,False,Europe PMC proxy for regulatory documents. FDA and EMA documents are not retrievable as structured data here; openFDA label endpoint shares the same 1000/day budget as stage 79 and was not spent on it.
IDURSULFASE,regulatory / label-adjacent literature (Europe PMC),39177874,PMC11358193,2024,Targeting Neurological Aspects of Mucopolysaccharidosis Type II: Enzyme Replacement Therapy and Beyond.,False,False,Europe PMC proxy for regulatory documents. FDA and EMA documents are not retrievable as structured data here; openFDA label endpoint shares the same 1000/day budget as stage 79 and was not spent on it.
IDURSULFASE,regulatory / label-adjacent literature (Europe PMC),35961250,PMC10826456,2022,Long-term open-label extension study of the safety and efficacy of intrathecal idursulfase-IT in patients with neuronopathic mucopolysaccharidosis II.,False,False,Europe PMC proxy for regulatory documents. FDA and EMA documents are not retrievable as structured data here; openFDA label endpoint shares the same 1000/day budget as stage 79 and was not spent on it.
IDURSULFASE,regulatory / label-adjacent literature (Europe PMC),36329518,PMC9635105,2022,Novel approach to idursulfase and laronidase desensitization in type 2 and type 1 S mucopolysaccharidosis (MPS).,False,False,Europe PMC proxy for regulatory documents. FDA and EMA documents are not retrievable as structured data here; openFDA label endpoint shares the same 1000/day budget as stage 79 and was not spent on it.
IDURSULFASE,regulatory / label-adjacent literature (Europe PMC),36027721,PMC10826424,2022,Intrathecal idursulfase-IT in patients with neuronopathic mucopolysaccharidosis II: Results from a phase 2/3 randomized study.,False,False,Europe PMC proxy for regulatory documents. FDA and EMA documents are not retrievable as structured data here; openFDA label endpoint shares the same 1000/day budget as stage 79 and was not spent on it.
LOPERAMIDE,regulatory / label-adjacent literature (Europe PMC),40433999,PMC12104674,2025,Evaluation of the pharmacokinetic interactions of montmorillonite powder or loperamide on pyrotinib in healthy volunteers.,False,False,Europe PMC proxy for regulatory documents. FDA and EMA documents are not retrievable as structured data here; openFDA label endpoint shares the same 1000/day budget as stage 79 and was not spent on it.
LOPERAMIDE,regulatory / label-adjacent literature (Europe PMC),41676232,PMC12888886,2026,"Gastrointestinal toxicity of targeted cancer therapies in the United States: Clinicopathologic patterns, FDA safety frameworks, and implications for national patient protection.",False,False,Europe PMC proxy for regulatory documents. FDA and EMA documents are not retrievable as structured data here; openFDA label endpoint shares the same 1000/day budget as stage 79 and was not spent on it.
LOPERAMIDE,regulatory / label-adjacent literature (Europe PMC),41710394,PMC12912077,2026,Strategies for Managing Fluids and Electrolytes in High-Output Stomas: A Systematic Review and Evidence Summary.,False,False,Europe PMC proxy for regulatory documents. FDA and EMA documents are not retrievable as structured data here; openFDA label endpoint shares the same 1000/day budget as stage 79 and was not spent on it.
LOPERAMIDE,regulatory / label-adjacent literature (Europe PMC),,PMC13296460,2026,Dysregulation of the HSF1-Mediated UPRmt Pathway in Colonic Smooth Muscle Cells Drives Motility Dysfunction in Functional Constipation,False,False,Europe PMC proxy for regulatory documents. FDA and EMA documents are not retrievable as structured data here; openFDA label endpoint shares the same 1000/day budget as stage 79 and was not spent on it.
LOPERAMIDE,regulatory / label-adjacent literature (Europe PMC),40606525,PMC12221278,2025,"Prevention of sacituzumab govitecan-related neutropenia and diarrhea in patients with HER2-negative advanced breast cancer (PRIMED): an open-label, single-arm, phase 2 trial.",False,False,Europe PMC proxy for regulatory documents. FDA and EMA documents are not retrievable as structured data here; openFDA label endpoint shares the same 1000/day budget as stage 79 and was not spent on it.
LOPERAMIDE,regulatory / label-adjacent literature (Europe PMC),42110144,PMC13151016,2026,PERCC1-associated enteropathy: Diagnostic challenges and enteral autonomy achieved with teduglutide.,False,False,Europe PMC proxy for regulatory documents. FDA and EMA documents are not retrievable as structured data here; openFDA label endpoint shares the same 1000/day budget as stage 79 and was not spent on it.
LOPERAMIDE,regulatory / label-adjacent literature (Europe PMC),40567479,PMC12188530,2025,Identification of prochlorperazine dimaleate as a Sortase A inhibitor from FDA libraries for MRSA infection treatment.,False,False,Europe PMC proxy for regulatory documents. FDA and EMA documents are not retrievable as structured data here; openFDA label endpoint shares the same 1000/day budget as stage 79 and was not spent on it.
LOPERAMIDE,regulatory / label-adjacent literature (Europe PMC),42291346,PMC13263868,2026,Lung cancer with &lt;i&gt;EGFR&lt;/i&gt; PACC mutations: a practical review of available treatment options and novel therapies on the horizon.,False,False,Europe PMC proxy for regulatory documents. FDA and EMA documents are not retrievable as structured data here; openFDA label endpoint shares the same 1000/day budget as stage 79 and was not spent on it.
LOPERAMIDE,regulatory / label-adjacent literature (Europe PMC),41056437,PMC12611345,2025,"Efficacy and safety of pyrotinib in patients with previously treated HER2-positive non-breast solid tumors: a phase 2, open-label basket trial.",False,False,Europe PMC proxy for regulatory documents. FDA and EMA documents are not retrievable as structured data here; openFDA label endpoint shares the same 1000/day budget as stage 79 and was not spent on it.
LOPERAMIDE,regulatory / label-adjacent literature (Europe PMC),41160302,PMC12647500,2025,A Retrospective Observational Study of Extended Adjuvant Neratinib for HER2-Positive Early-Stage Breast Cancer in a European Early Access Program.,False,False,Europe PMC proxy for regulatory documents. FDA and EMA documents are not retrievable as structured data here; openFDA label endpoint shares the same 1000/day budget as stage 79 and was not spent on it.
LOPERAMIDE,regulatory / label-adjacent literature (Europe PMC),39777138,PMC11705327,2025,Racecadotril in the management of diarrhea: an underestimated therapeutic option?,False,False,Europe PMC proxy for regulatory documents. FDA and EMA documents are not retrievable as structured data here; openFDA label endpoint shares the same 1000/day budget as stage 79 and was not spent on it.
LOPERAMIDE,regulatory / label-adjacent literature (Europe PMC),41773262,PMC12949802,2026,Fibroblast Growth Factor Receptor (FGFR) Inhibitors for the Treatment of Cholangiocarcinoma: Key Therapeutic Developments and Knowledge Gaps.,False,False,Europe PMC proxy for regulatory documents. FDA and EMA documents are not retrievable as structured data here; openFDA label endpoint shares the same 1000/day budget as stage 79 and was not spent on it.
BECLOMETHASONE DIPROPIONATE,regulatory / label-adjacent literature (Europe PMC),39201886,PMC11353265,2024,Systemic Adverse Events Associated with Locally Administered Corticosteroids.,False,False,Europe PMC proxy for regulatory documents. FDA and EMA documents are not retrievable as structured data here; openFDA label endpoint shares the same 1000/day budget as stage 79 and was not spent on it.
BECLOMETHASONE DIPROPIONATE,regulatory / label-adjacent literature (Europe PMC),41672576,PMC12911765,2026,Functional respiratory imaging reveals early structural and functional airway responses to benralizumab in severe eosinophilic asthma.,False,False,Europe PMC proxy for regulatory documents. FDA and EMA documents are not retrievable as structured data here; openFDA label endpoint shares the same 1000/day budget as stage 79 and was not spent on it.
BECLOMETHASONE DIPROPIONATE,regulatory / label-adjacent literature (Europe PMC),39734054,PMC12106962,2025,Ascertainment of Small Airways Dysfunction Using Oscillometry to Better Define Asthma Control and Future Risk: Are We Ready to Implement It in Clinical Practice?,False,False,Europe PMC proxy for regulatory documents. FDA and EMA documents are not retrievable as structured data here; openFDA label endpoint shares the same 1000/day budget as stage 79 and was not spent on it.
BECLOMETHASONE DIPROPIONATE,regulatory / label-adjacent literature (Europe PMC),42327894,PMC13275485,2026,Inhaled budesonide and beclomethasone for the prevention and treatment of bronchopulmonary dysplasia in very preterm infants: a prospective randomized controlled trial.,False,False,Europe PMC proxy for regulatory documents. FDA and EMA documents are not retrievable as structured data here; openFDA label endpoint shares the same 1000/day budget as stage 79 and was not spent on it.
BECLOMETHASONE DIPROPIONATE,regulatory / label-adjacent literature (Europe PMC),41640839,PMC12864450,2026,"Biologic therapies for severe pediatric asthma: efficacy, safety, and biomarker-guided selection.",False,False,Europe PMC proxy for regulatory documents. FDA and EMA documents are not retrievable as structured data here; openFDA label endpoint shares the same 1000/day budget as stage 79 and was not spent on it.
BECLOMETHASONE DIPROPIONATE,regulatory / label-adjacent literature (Europe PMC),40250558,PMC12240696,2025,Controversies in Allergy: Should I Combine an ICS With a SABA or With Formoterol for Reliever Therapy?,False,False,Europe PMC proxy for regulatory documents. FDA and EMA documents are not retrievable as structured data here; openFDA label endpoint shares the same 1000/day budget as stage 79 and was not spent on it.
BECLOMETHASONE DIPROPIONATE,regulatory / label-adjacent literature (Europe PMC),39347594,PMC11715152,2025,Inhaled corticosteroid delivery is markedly affected by breathing pattern and valved holding chamber model.,False,False,Europe PMC proxy for regulatory documents. FDA and EMA documents are not retrievable as structured data here; openFDA label endpoint shares the same 1000/day budget as stage 79 and was not spent on it.
BECLOMETHASONE DIPROPIONATE,regulatory / label-adjacent literature (Europe PMC),39513639,PMC11731317,2025,Dangers of under-treatment and over-treatment with inhaled corticosteroids in children with asthma.,False,False,Europe PMC proxy for regulatory documents. FDA and EMA documents are not retrievable as structured data here; openFDA label endpoint shares the same 1000/day budget as stage 79 and was not spent on it.
BECLOMETHASONE DIPROPIONATE,regulatory / label-adjacent literature (Europe PMC),40003269,PMC11854818,2025,Severe Asthma in School-Age Children: An Updated Appraisal on Biological Options and Challenges in This Age Group.,False,False,Europe PMC proxy for regulatory documents. FDA and EMA documents are not retrievable as structured data here; openFDA label endpoint shares the same 1000/day budget as stage 79 and was not spent on it.
BECLOMETHASONE DIPROPIONATE,regulatory / label-adjacent literature (Europe PMC),38323186,PMC10839272,2024,Evolving treatment for prematurity-associated lung disease.,False,False,Europe PMC proxy for regulatory documents. FDA and EMA documents are not retrievable as structured data here; openFDA label endpoint shares the same 1000/day budget as stage 79 and was not spent on it.
BECLOMETHASONE DIPROPIONATE,regulatory / label-adjacent literature (Europe PMC),41144874,PMC12780467,2026,Drugs in focus: Budesonide and its role in paediatric gastrointestinal disorders.,False,True,Europe PMC proxy for regulatory documents. FDA and EMA documents are not retrievable as structured data here; openFDA label endpoint shares the same 1000/day budget as stage 79 and was not spent on it.
BECLOMETHASONE DIPROPIONATE,regulatory / label-adjacent literature (Europe PMC),37240597,PMC10219086,2023,Comparison of Intranasal Steroid Application Using Nasal Spray and Spray-Sol to Treat Allergic Rhinitis: A Preliminary Investigation.,False,False,Europe PMC proxy for regulatory documents. FDA and EMA documents are not retrievable as structured data here; openFDA label endpoint shares the same 1000/day budget as stage 79 and was not spent on it.
ICATIBANT,regulatory / label-adjacent literature (Europe PMC),41606636,PMC13123228,2026,The International/Canadian hereditary angioedema guideline.,False,False,Europe PMC proxy for regulatory documents. FDA and EMA documents are not retrievable as structured data here; openFDA label endpoint shares the same 1000/day budget as stage 79 and was not spent on it.
ICATIBANT,regulatory / label-adjacent literature (Europe PMC),41075106,PMC12618362,2025,Therapeutic Advances in Hereditary Angioedema: A Focus on Present and Future Options.,False,False,Europe PMC proxy for regulatory documents. FDA and EMA documents are not retrievable as structured data here; openFDA label endpoint shares the same 1000/day budget as stage 79 and was not spent on it.
ICATIBANT,regulatory / label-adjacent literature (Europe PMC),40559541,PMC12196139,2025,Pathophysiology of COVID-19: A Post Hoc Analysis of the ICAT-COVID Clinical Trial of the Bradykinin Antagonist Icatibant.,False,False,Europe PMC proxy for regulatory documents. FDA and EMA documents are not retrievable as structured data here; openFDA label endpoint shares the same 1000/day budget as stage 79 and was not spent on it.
ICATIBANT,regulatory / label-adjacent literature (Europe PMC),40869540,PMC12386469,2025,Bradykinin-Mediated Angioedema Induced by Drugs.,False,False,Europe PMC proxy for regulatory documents. FDA and EMA documents are not retrievable as structured data here; openFDA label endpoint shares the same 1000/day budget as stage 79 and was not spent on it.
ICATIBANT,regulatory / label-adjacent literature (Europe PMC),40790079,PMC12340153,2025,Assessment of the myocardial effects of Bradykinin inhibitors by cardiac magnetic resonance (CMR) in discharged COVID-19 patients.,False,False,Europe PMC proxy for regulatory documents. FDA and EMA documents are not retrievable as structured data here; openFDA label endpoint shares the same 1000/day budget as stage 79 and was not spent on it.
ICATIBANT,regulatory / label-adjacent literature (Europe PMC),41818404,PMC13134835,2026,Lanadelumab's Enduring Effectiveness and Safety in the Management of Hereditary Angioedema for Patients from Puerto Rico: Data from EMPOWER.,False,False,Europe PMC proxy for regulatory documents. FDA and EMA documents are not retrievable as structured data here; openFDA label endpoint shares the same 1000/day budget as stage 79 and was not spent on it.
ICATIBANT,regulatory / label-adjacent literature (Europe PMC),42165046,PMC13184495,2026,"The 2025 WAO Guidelines for the classification, diagnosis, and treatment of hereditary angioedema, with consideration of worldwide disparities.",False,False,Europe PMC proxy for regulatory documents. FDA and EMA documents are not retrievable as structured data here; openFDA label endpoint shares the same 1000/day budget as stage 79 and was not spent on it.
ICATIBANT,regulatory / label-adjacent literature (Europe PMC),40905425,PMC12697333,2025,Status quo and future developments in the diagnosis and treatment of hereditary angioedema.,False,False,Europe PMC proxy for regulatory documents. FDA and EMA documents are not retrievable as structured data here; openFDA label endpoint shares the same 1000/day budget as stage 79 and was not spent on it.
ICATIBANT,regulatory / label-adjacent literature (Europe PMC),41723522,PMC13032356,2026,"Management of pregnancy, delivery and breast-feeding in hereditary angioedema: an analysis of 15 pregnancies with conventional treatment approaches and a case of Lanadelumab use.",False,False,Europe PMC proxy for regulatory documents. FDA and EMA documents are not retrievable as structured data here; openFDA label endpoint shares the same 1000/day budget as stage 79 and was not spent on it.
ICATIBANT,regulatory / label-adjacent literature (Europe PMC),42136633,PMC13167535,2026,"Lanadelumab safety, efficacy, and pharmacokinetics in patients aged ≥12 with hereditary angioedema in China: an open-label, multicenter study.",False,False,Europe PMC proxy for regulatory documents. FDA and EMA documents are not retrievable as structured data here; openFDA label endpoint shares the same 1000/day budget as stage 79 and was not spent on it.
ICATIBANT,regulatory / label-adjacent literature (Europe PMC),40171989,PMC11963219,2025,Effective long-term prophylaxis with lanadelumab in adolescents with hereditary angioedema: EMPOWER/ENABLE.,False,False,Europe PMC proxy for regulatory documents. FDA and EMA documents are not retrievable as structured data here; openFDA label endpoint shares the same 1000/day budget as stage 79 and was not spent on it.
ICATIBANT,regulatory / label-adjacent literature (Europe PMC),41517437,PMC12786760,2025,Lanadelumab in Hereditary Angioedema: Real-World Outcomes and Implications for Access Practices in Europe.,False,False,Europe PMC proxy for regulatory documents. FDA and EMA documents are not retrievable as structured data here; openFDA label endpoint shares the same 1000/day budget as stage 79 and was not spent on it.
ESOMEPRAZOLE,regulatory / label-adjacent literature (Europe PMC),42194662,PMC13207014,2026,"Zastaprazan, a Novel Potassium-Competitive Acid Blocker, for Acid-Related Disorders.",False,False,Europe PMC proxy for regulatory documents. FDA and EMA documents are not retrievable as structured data here; openFDA label endpoint shares the same 1000/day budget as stage 79 and was not spent on it.
ESOMEPRAZOLE,regulatory / label-adjacent literature (Europe PMC),41567630,PMC12816232,2025,Esomeprazole inhibits proliferation of scleroderma fibroblasts via cell cycle regulation.,False,False,Europe PMC proxy for regulatory documents. FDA and EMA documents are not retrievable as structured data here; openFDA label endpoint shares the same 1000/day budget as stage 79 and was not spent on it.
ESOMEPRAZOLE,regulatory / label-adjacent literature (Europe PMC),41443608,PMC12737946,2026,Stability of Medications Administered via Enteral Feeding Tubes: A Systematic Review.,False,False,Europe PMC proxy for regulatory documents. FDA and EMA documents are not retrievable as structured data here; openFDA label endpoint shares the same 1000/day budget as stage 79 and was not spent on it.
ESOMEPRAZOLE,regulatory / label-adjacent literature (Europe PMC),41162347,PMC12571643,2025,Challenges in Extrapolating Healthy Volunteer Pharmacokinetics to Oncology Populations: Advocating for a Holistic Perspective.,False,False,Europe PMC proxy for regulatory documents. FDA and EMA documents are not retrievable as structured data here; openFDA label endpoint shares the same 1000/day budget as stage 79 and was not spent on it.
ESOMEPRAZOLE,regulatory / label-adjacent literature (Europe PMC),42022559,PMC13095749,2026,Real-world pharmacovigilance of drug-induced osteoporosis: a focus on antiretroviral therapy and toxicological mechanisms in the elderly.,False,False,Europe PMC proxy for regulatory documents. FDA and EMA documents are not retrievable as structured data here; openFDA label endpoint shares the same 1000/day budget as stage 79 and was not spent on it.
ESOMEPRAZOLE,regulatory / label-adjacent literature (Europe PMC),40623957,PMC12234264,2025,Safety of Proton Pump Inhibitor in Paediatrics: A Study Based on EudraVigilance Data.,False,False,Europe PMC proxy for regulatory documents. FDA and EMA documents are not retrievable as structured data here; openFDA label endpoint shares the same 1000/day budget as stage 79 and was not spent on it.
ESOMEPRAZOLE,regulatory / label-adjacent literature (Europe PMC),40755734,PMC12314673,2025,Drug treatment strategies for erosive esophagitis in adults: a narrative review.,False,False,Europe PMC proxy for regulatory documents. FDA and EMA documents are not retrievable as structured data here; openFDA label endpoint shares the same 1000/day budget as stage 79 and was not spent on it.
ESOMEPRAZOLE,regulatory / label-adjacent literature (Europe PMC),41278167,PMC12635762,2025,"Precision therapy guided by genotypic antibiotic resistance for &lt;i&gt;Helicobacter pylori&lt;/i&gt; eradication: A prospective, randomized controlled trial.",False,False,Europe PMC proxy for regulatory documents. FDA and EMA documents are not retrievable as structured data here; openFDA label endpoint shares the same 1000/day budget as stage 79 and was not spent on it.
ESOMEPRAZOLE,regulatory / label-adjacent literature (Europe PMC),40430549,PMC12114972,2025,"Real-World Safety Profile of Proton Pump Inhibitors in Infants as Reported in the FDA Adverse Event Reporting System (FAERS): Tiny Tummies, Key Decisions.",False,False,Europe PMC proxy for regulatory documents. FDA and EMA documents are not retrievable as structured data here; openFDA label endpoint shares the same 1000/day budget as stage 79 and was not spent on it.
ESOMEPRAZOLE,regulatory / label-adjacent literature (Europe PMC),39741655,PMC11686653,2024,Ten-day vonoprazan-amoxicillin dual therapy versus 14-day esomeprazole-amoxicillin dual therapy for first-line <i>Helicobacter pylori</i> eradication: a prospective multicenter randomized controlled trial.,False,False,Europe PMC proxy for regulatory documents. FDA and EMA documents are not retrievable as structured data here; openFDA label endpoint shares the same 1000/day budget as stage 79 and was not spent on it.
ESOMEPRAZOLE,regulatory / label-adjacent literature (Europe PMC),40625255,PMC12241910,2025,"Long-term Effects of Potassium-competitive Acid Blockers and Proton Pump Inhibitors on Gastrin, Gastric Emptying Rate, and Small Intestinal Microbiota in Rats.",False,False,Europe PMC proxy for regulatory documents. FDA and EMA documents are not retrievable as structured data here; openFDA label endpoint shares the same 1000/day budget as stage 79 and was not spent on it.
ESOMEPRAZOLE,regulatory / label-adjacent literature (Europe PMC),39803609,PMC11725257,2025,A Pharmacokinetic/Pharmacodynamic Study of Esomeprazole Comparing a Dual Delayed-Release Formulation (YYD601) to a Conventional Formulation Following Multiple Administrations in Healthy Adult Subjects.,False,False,Europe PMC proxy for regulatory documents. FDA and EMA documents are not retrievable as structured data here; openFDA label endpoint shares the same 1000/day budget as stage 79 and was not spent on it.
LANADELUMAB-FLYO,regulatory / label-adjacent literature (Europe PMC),41075106,PMC12618362,2025,Therapeutic Advances in Hereditary Angioedema: A Focus on Present and Future Options.,False,False,Europe PMC proxy for regulatory documents. FDA and EMA documents are not retrievable as structured data here; openFDA label endpoint shares the same 1000/day budget as stage 79 and was not spent on it.
LANADELUMAB-FLYO,regulatory / label-adjacent literature (Europe PMC),40600700,PMC12417757,2025,Characterizing the Healthcare Utilization and Costs of Hereditary Hemorrhagic Telangiectasia.,False,False,Europe PMC proxy for regulatory documents. FDA and EMA documents are not retrievable as structured data here; openFDA label endpoint shares the same 1000/day budget as stage 79 and was not spent on it.
LANADELUMAB-FLYO,regulatory / label-adjacent literature (Europe PMC),35079346,PMC8764638,2022,Reviewing clinical considerations and guideline recommendations of C1 inhibitor prophylaxis for hereditary angioedema.,False,False,Europe PMC proxy for regulatory documents. FDA and EMA documents are not retrievable as structured data here; openFDA label endpoint shares the same 1000/day budget as stage 79 and was not spent on it.
LANADELUMAB-FLYO,regulatory / label-adjacent literature (Europe PMC),41378112,PMC12686231,2025,Developing high-concentration monoclonal antibody formulations for subcutaneous administration to improve patient treatment.,False,False,Europe PMC proxy for regulatory documents. FDA and EMA documents are not retrievable as structured data here; openFDA label endpoint shares the same 1000/day budget as stage 79 and was not spent on it.
LANADELUMAB-FLYO,regulatory / label-adjacent literature (Europe PMC),32127360,PMC7111489,2020,Pediatric Orphan Drug Indications: 2010-2018.,False,False,Europe PMC proxy for regulatory documents. FDA and EMA documents are not retrievable as structured data here; openFDA label endpoint shares the same 1000/day budget as stage 79 and was not spent on it.
LANADELUMAB-FLYO,regulatory / label-adjacent literature (Europe PMC),30516432,PMC6380461,2019,Antibodies to watch in 2019.,False,False,Europe PMC proxy for regulatory documents. FDA and EMA documents are not retrievable as structured data here; openFDA label endpoint shares the same 1000/day budget as stage 79 and was not spent on it.
LANADELUMAB-FLYO,regulatory / label-adjacent literature (Europe PMC),31103566,PMC6857728,2019,The impact of the Orphan Drug Act on Food and Drug Administration-approved therapies for rare skin diseases and skin-related cancers.,False,False,Europe PMC proxy for regulatory documents. FDA and EMA documents are not retrievable as structured data here; openFDA label endpoint shares the same 1000/day budget as stage 79 and was not spent on it.
LANADELUMAB-FLYO,regulatory / label-adjacent literature (Europe PMC),32779201,PMC7436618,2020,Immunomodulatory Therapeutic Proteins in COVID-19: Current Clinical Development and Clinical Pharmacology Considerations.,False,False,Europe PMC proxy for regulatory documents. FDA and EMA documents are not retrievable as structured data here; openFDA label endpoint shares the same 1000/day budget as stage 79 and was not spent on it.
IVACAFTOR,regulatory / label-adjacent literature (Europe PMC),42315414,,2026,Safety and efficacy of elexacaftor/tezacaftor/ivacaftor in children ≥2 years with cystic fibrosis: 96-week interim results from a phase 3 open-label extension study.,False,False,Europe PMC proxy for regulatory documents. FDA and EMA documents are not retrievable as structured data here; openFDA label endpoint shares the same 1000/day budget as stage 79 and was not spent on it.
IVACAFTOR,regulatory / label-adjacent literature (Europe PMC),41599906,PMC12844636,2026,Real-World Evidence of Growth Improvement in Children 1 to 5 Years of Age Receiving Enteral Formula Administered Through an Immobilized Lipase Cartridge.,False,False,Europe PMC proxy for regulatory documents. FDA and EMA documents are not retrievable as structured data here; openFDA label endpoint shares the same 1000/day budget as stage 79 and was not spent on it.
IVACAFTOR,regulatory / label-adjacent literature (Europe PMC),41744676,PMC12937645,2026,Beyond BMI: Nutritional Recovery and Functional Implications of CFTR Modulators in Cystic Fibrosis.,False,False,Europe PMC proxy for regulatory documents. FDA and EMA documents are not retrievable as structured data here; openFDA label endpoint shares the same 1000/day budget as stage 79 and was not spent on it.
IVACAFTOR,regulatory / label-adjacent literature (Europe PMC),41487693,PMC12759121,2026,Repurposing of ivacaftor shows potential to treat ROR1 expressing high-grade serous ovarian cancer.,False,False,Europe PMC proxy for regulatory documents. FDA and EMA documents are not retrievable as structured data here; openFDA label endpoint shares the same 1000/day budget as stage 79 and was not spent on it.
IVACAFTOR,regulatory / label-adjacent literature (Europe PMC),42170795,PMC13239390,2026,Physiologically Based Pharmacokinetic Modeling of Elexacaftor/Tezacaftor/Ivacaftor in Infants With Cystic Fibrosis.,False,False,Europe PMC proxy for regulatory documents. FDA and EMA documents are not retrievable as structured data here; openFDA label endpoint shares the same 1000/day budget as stage 79 and was not spent on it.
IVACAFTOR,regulatory / label-adjacent literature (Europe PMC),39173175,,2024,"Long-Term Impact of Lumacaftor/Ivacaftor Treatment on Cystic Fibrosis Disease Progression in Children 2-5 Years of Age Homozygous for &lt;i&gt;F508del-CFTR&lt;/i&gt;: A Phase 2, Open-Label Clinical Trial.",False,False,Europe PMC proxy for regulatory documents. FDA and EMA documents are not retrievable as structured data here; openFDA label endpoint shares the same 1000/day budget as stage 79 and was not spent on it.
IVACAFTOR,regulatory / label-adjacent literature (Europe PMC),41976926,PMC13072773,2026,Prenatal Elexacaftor/Tezacaftor/Ivacaftor for Fetal Meconium Ileus: First Italian Case and Narrative Overview of the Emerging Evidence.,False,False,Europe PMC proxy for regulatory documents. FDA and EMA documents are not retrievable as structured data here; openFDA label endpoint shares the same 1000/day budget as stage 79 and was not spent on it.
IVACAFTOR,regulatory / label-adjacent literature (Europe PMC),41381809,PMC12701019,2025,Reflection confocal microscopy for quantitative assessment of airway surface layer dysregulation and pharmacological rescue in cystic fibrosis under near-physiological conditions.,False,False,Europe PMC proxy for regulatory documents. FDA and EMA documents are not retrievable as structured data here; openFDA label endpoint shares the same 1000/day budget as stage 79 and was not spent on it.
IVACAFTOR,regulatory / label-adjacent literature (Europe PMC),41814527,PMC13159788,2026,Improved Quality of Life in Children With Cystic Fibrosis Who Received Transmembrane Conductance Regulator Modulators.,False,False,Europe PMC proxy for regulatory documents. FDA and EMA documents are not retrievable as structured data here; openFDA label endpoint shares the same 1000/day budget as stage 79 and was not spent on it.
IVACAFTOR,regulatory / label-adjacent literature (Europe PMC),40540670,PMC12393130,2025,Clinical Effectiveness of Elexacaftor/Tezacaftor/Ivacaftor in 6- to 11-Year-Olds with Cystic Fibrosis: An Observational Study.,False,False,Europe PMC proxy for regulatory documents. FDA and EMA documents are not retrievable as structured data here; openFDA label endpoint shares the same 1000/day budget as stage 79 and was not spent on it.
IVACAFTOR,regulatory / label-adjacent literature (Europe PMC),40511640,PMC12464662,2025,Real-world population pharmacokinetics of tezacaftor-ivacaftor in children with cystic fibrosis: The SYM-CF study.,False,False,Europe PMC proxy for regulatory documents. FDA and EMA documents are not retrievable as structured data here; openFDA label endpoint shares the same 1000/day budget as stage 79 and was not spent on it.
IVACAFTOR,regulatory / label-adjacent literature (Europe PMC),41895691,PMC13297063,2026,Updates in Cystic Fibrosis Bone Disease in Adults.,False,False,Europe PMC proxy for regulatory documents. FDA and EMA documents are not retrievable as structured data here; openFDA label endpoint shares the same 1000/day budget as stage 79 and was not spent on it.
AMINO ACIDS,regulatory / label-adjacent literature (Europe PMC),,PMC13226013,,Treatment with long-acting growth hormone: effectiveness and safety,False,False,Europe PMC proxy for regulatory documents. FDA and EMA documents are not retrievable as structured data here; openFDA label endpoint shares the same 1000/day budget as stage 79 and was not spent on it.
AMINO ACIDS,regulatory / label-adjacent literature (Europe PMC),42041619,PMC13114597,2026,Aggrecanopathy as an Underrecognized Cause of Idiopathic Short Stature: The Importance of Early Genetic Confirmation for Timely Diagnosis and Management-Case Reports and Literature Review.,False,True,Europe PMC proxy for regulatory documents. FDA and EMA documents are not retrievable as structured data here; openFDA label endpoint shares the same 1000/day budget as stage 79 and was not spent on it.
AMINO ACIDS,regulatory / label-adjacent literature (Europe PMC),41245778,PMC12615308,2025,The decline in the physical stature of the U.S. population parallels the diminution in the rate of increase in life expectancy.,False,False,Europe PMC proxy for regulatory documents. FDA and EMA documents are not retrievable as structured data here; openFDA label endpoint shares the same 1000/day budget as stage 79 and was not spent on it.
AMINO ACIDS,regulatory / label-adjacent literature (Europe PMC),41612385,PMC12930758,2026,"Rhodotorula mucilaginosa ZTHY2 as a promising antibiotic alternative in Leizhou black ducks: impact on growth, meat quality, intestinal health, and microbiota composition.",False,False,Europe PMC proxy for regulatory documents. FDA and EMA documents are not retrievable as structured data here; openFDA label endpoint shares the same 1000/day budget as stage 79 and was not spent on it.
AMINO ACIDS,regulatory / label-adjacent literature (Europe PMC),41710423,PMC12910344,2026,The kidney in genetic metabolic disorders.,False,False,Europe PMC proxy for regulatory documents. FDA and EMA documents are not retrievable as structured data here; openFDA label endpoint shares the same 1000/day budget as stage 79 and was not spent on it.
AMINO ACIDS,regulatory / label-adjacent literature (Europe PMC),41247754,PMC12624480,2026,Once-Weekly Navepegritide in Children With Achondroplasia: The APPROACH Randomized Clinical Trial.,True,True,Europe PMC proxy for regulatory documents. FDA and EMA documents are not retrievable as structured data here; openFDA label endpoint shares the same 1000/day budget as stage 79 and was not spent on it.
AMINO ACIDS,regulatory / label-adjacent literature (Europe PMC),42060357,PMC13225337,2026,"Anti-vascular endothelial growth factor therapy for posterior segment diseases: Progress, challenges, and the road ahead.",False,False,Europe PMC proxy for regulatory documents. FDA and EMA documents are not retrievable as structured data here; openFDA label endpoint shares the same 1000/day budget as stage 79 and was not spent on it.
AMINO ACIDS,regulatory / label-adjacent literature (Europe PMC),42176955,PMC13276575,2026,A Systematic Review to Reassess the Formula for Early Life Growth.,False,False,Europe PMC proxy for regulatory documents. FDA and EMA documents are not retrievable as structured data here; openFDA label endpoint shares the same 1000/day budget as stage 79 and was not spent on it.
AMINO ACIDS,regulatory / label-adjacent literature (Europe PMC),41828386,PMC12984754,2026,Changes in Metabolism and Lipid Composition with Nitrogen Starvation and Recovery in a New Productive Strain of &lt;i&gt;Neochlorella semenenkoi&lt;/i&gt; Using N&lt;sup&gt;15&lt;/sup&gt;-Isotopic Labeling and HRMS.,False,False,Europe PMC proxy for regulatory documents. FDA and EMA documents are not retrievable as structured data here; openFDA label endpoint shares the same 1000/day budget as stage 79 and was not spent on it.
AMINO ACIDS,regulatory / label-adjacent literature (Europe PMC),41860100,,2026,Protein Melting Biosensors for Label-Free and Self-Reporting of Iron-Binding Proteins and Iron Ion.,False,False,Europe PMC proxy for regulatory documents. FDA and EMA documents are not retrievable as structured data here; openFDA label endpoint shares the same 1000/day budget as stage 79 and was not spent on it.
AMINO ACIDS,regulatory / label-adjacent literature (Europe PMC),,,2026,Optimising recovery from childhood moderate acute malnutrition: a randomized controlled trial,False,False,Europe PMC proxy for regulatory documents. FDA and EMA documents are not retrievable as structured data here; openFDA label endpoint shares the same 1000/day budget as stage 79 and was not spent on it.
AMINO ACIDS,regulatory / label-adjacent literature (Europe PMC),41978621,PMC13070365,2026,Processed meat in the diet: general nutritional profile-protein quality and micronutrients.,False,False,Europe PMC proxy for regulatory documents. FDA and EMA documents are not retrievable as structured data here; openFDA label endpoint shares the same 1000/day budget as stage 79 and was not spent on it.
PANCRELIPASE AMYLASE,regulatory / label-adjacent literature (Europe PMC),40308779,PMC12040929,2025,Drug-induced pancreatitis: a real-world analysis of the FDA Adverse Event Reporting System and network pharmacology.,False,False,Europe PMC proxy for regulatory documents. FDA and EMA documents are not retrievable as structured data here; openFDA label endpoint shares the same 1000/day budget as stage 79 and was not spent on it.
PANCRELIPASE AMYLASE,regulatory / label-adjacent literature (Europe PMC),38004421,PMC10675618,2023,A Critical Analysis of the FDA's Omics-Driven Pharmacodynamic Biomarkers to Establish Biosimilarity.,False,False,Europe PMC proxy for regulatory documents. FDA and EMA documents are not retrievable as structured data here; openFDA label endpoint shares the same 1000/day budget as stage 79 and was not spent on it.
TIOTROPIUM BROMIDE,regulatory / label-adjacent literature (Europe PMC),40883423,PMC12397352,2025,Simulation of drug transport in airway surface liquid considering mucus flow and ciliary interaction.,False,False,Europe PMC proxy for regulatory documents. FDA and EMA documents are not retrievable as structured data here; openFDA label endpoint shares the same 1000/day budget as stage 79 and was not spent on it.
TIOTROPIUM BROMIDE,regulatory / label-adjacent literature (Europe PMC),40448444,PMC12380133,2025,To Study the Safety and Efficacy of Fixed Dose Combination of Indacaterolmaleate 110 µg + Glycopyrrinium 50 µg versus Tiotropium 9 µg + Formoterol 12 µg in Patients with Chronic Obstructive Airway Disease.,False,False,Europe PMC proxy for regulatory documents. FDA and EMA documents are not retrievable as structured data here; openFDA label endpoint shares the same 1000/day budget as stage 79 and was not spent on it.
TIOTROPIUM BROMIDE,regulatory / label-adjacent literature (Europe PMC),41092835,PMC12552536,2025,Identification of Drugs Associated With Oral Ulcers Based on Pharmacovigilance.,False,False,Europe PMC proxy for regulatory documents. FDA and EMA documents are not retrievable as structured data here; openFDA label endpoint shares the same 1000/day budget as stage 79 and was not spent on it.
TIOTROPIUM BROMIDE,regulatory / label-adjacent literature (Europe PMC),36609681,PMC9818053,2023,Isocratic ion pair chromatography for estimation of novel combined inhalation therapy that blocks coronavirus replication in chronic asthmatic patients.,False,False,Europe PMC proxy for regulatory documents. FDA and EMA documents are not retrievable as structured data here; openFDA label endpoint shares the same 1000/day budget as stage 79 and was not spent on it.
TIOTROPIUM BROMIDE,regulatory / label-adjacent literature (Europe PMC),39224646,PMC11367245,2024,FDA-approved drugs containing dimethylamine pharmacophore: a review of the last 50 years.,False,False,Europe PMC proxy for regulatory documents. FDA and EMA documents are not retrievable as structured data here; openFDA label endpoint shares the same 1000/day budget as stage 79 and was not spent on it.
TIOTROPIUM BROMIDE,regulatory / label-adjacent literature (Europe PMC),41244264,PMC12619625,2025,Research Trends in Chronic Obstructive Pulmonary Disease (2005-2024): From Drug Therapy to Comprehensive Rehabilitation Strategies.,False,False,Europe PMC proxy for regulatory documents. FDA and EMA documents are not retrievable as structured data here; openFDA label endpoint shares the same 1000/day budget as stage 79 and was not spent on it.
TIOTROPIUM BROMIDE,regulatory / label-adjacent literature (Europe PMC),41939843,PMC13044017,2026,Oxidative stress driven airway mesenchymal reprogramming in asthma: mechanistic insights and evidence from botanical drug formulations.,False,False,Europe PMC proxy for regulatory documents. FDA and EMA documents are not retrievable as structured data here; openFDA label endpoint shares the same 1000/day budget as stage 79 and was not spent on it.
TIOTROPIUM BROMIDE,regulatory / label-adjacent literature (Europe PMC),34895321,PMC8666101,2021,Tiotropium bromide as adjunct therapy in children with asthma: a clinical experience.,False,False,Europe PMC proxy for regulatory documents. FDA and EMA documents are not retrievable as structured data here; openFDA label endpoint shares the same 1000/day budget as stage 79 and was not spent on it.
TIOTROPIUM BROMIDE,regulatory / label-adjacent literature (Europe PMC),41003533,PMC12474130,2025,"Bioorganic Chemistry, Toxinology, and Pharmaceutical Uses of &lt;i&gt;Datura&lt;/i&gt; Metabolites and Derivatives.",False,False,Europe PMC proxy for regulatory documents. FDA and EMA documents are not retrievable as structured data here; openFDA label endpoint shares the same 1000/day budget as stage 79 and was not spent on it.
TIOTROPIUM BROMIDE,regulatory / label-adjacent literature (Europe PMC),39767557,PMC11673829,2024,Drug-Induced Pulmonary Fibrosis: National Database Analysis.,False,False,Europe PMC proxy for regulatory documents. FDA and EMA documents are not retrievable as structured data here; openFDA label endpoint shares the same 1000/day budget as stage 79 and was not spent on it.
TIOTROPIUM BROMIDE,regulatory / label-adjacent literature (Europe PMC),37636901,PMC10454752,2023,Cost-Effectiveness of Single-Inhaler Triple Therapy (FF/UMEC/VI) versus Tiotropium Monotherapy in Patients with Symptomatic Moderate-to-Very Severe COPD in the UK.,False,False,Europe PMC proxy for regulatory documents. FDA and EMA documents are not retrievable as structured data here; openFDA label endpoint shares the same 1000/day budget as stage 79 and was not spent on it.
TIOTROPIUM BROMIDE,regulatory / label-adjacent literature (Europe PMC),37179838,PMC10170765,2023,Real-world effects of once-daily inhaled steroid (fluticasone furoate) combined with long-acting beta-2 agonist (vilanterol) and long-acting muscarinic antagonist (umeclidinium) on lung function tests of asthma patients ,False,False,Europe PMC proxy for regulatory documents. FDA and EMA documents are not retrievable as structured data here; openFDA label endpoint shares the same 1000/day budget as stage 79 and was not spent on it.
PANCRELIPASE,regulatory / label-adjacent literature (Europe PMC),40476119,PMC12138728,2025,Successful Treatment of a Very Low-Birth-Weight Infant With GATA6 Neonatal Diabetes Using Continuous Subcutaneous Insulin Infusion.,False,False,Europe PMC proxy for regulatory documents. FDA and EMA documents are not retrievable as structured data here; openFDA label endpoint shares the same 1000/day budget as stage 79 and was not spent on it.
PANCRELIPASE,regulatory / label-adjacent literature (Europe PMC),39796104,PMC11719925,2024,The Regulatory Role of Pancreatic Enzymes in the Maintenance of Small Intestinal Structure and Enterocyte Turnover with Special Reference to Alpha Amylase.,False,False,Europe PMC proxy for regulatory documents. FDA and EMA documents are not retrievable as structured data here; openFDA label endpoint shares the same 1000/day budget as stage 79 and was not spent on it.
PANCRELIPASE,regulatory / label-adjacent literature (Europe PMC),42122957,PMC13164347,2026,Pancreatic Cancer in the Holobiont and Therapeutic Targets: A Review.,False,False,Europe PMC proxy for regulatory documents. FDA and EMA documents are not retrievable as structured data here; openFDA label endpoint shares the same 1000/day budget as stage 79 and was not spent on it.
PANCRELIPASE,regulatory / label-adjacent literature (Europe PMC),42237901,PMC13236571,2026,The expanding role of protease therapeutics (2012-2026): from replacement therapies to immune system modulation and beyond.,False,False,Europe PMC proxy for regulatory documents. FDA and EMA documents are not retrievable as structured data here; openFDA label endpoint shares the same 1000/day budget as stage 79 and was not spent on it.
PANCRELIPASE,regulatory / label-adjacent literature (Europe PMC),40308779,PMC12040929,2025,Drug-induced pancreatitis: a real-world analysis of the FDA Adverse Event Reporting System and network pharmacology.,False,False,Europe PMC proxy for regulatory documents. FDA and EMA documents are not retrievable as structured data here; openFDA label endpoint shares the same 1000/day budget as stage 79 and was not spent on it.
PANCRELIPASE,regulatory / label-adjacent literature (Europe PMC),32761612,PMC8094413,2020,Pancreatic enzyme replacement therapy for people with cystic fibrosis.,False,False,Europe PMC proxy for regulatory documents. FDA and EMA documents are not retrievable as structured data here; openFDA label endpoint shares the same 1000/day budget as stage 79 and was not spent on it.
PANCRELIPASE,regulatory / label-adjacent literature (Europe PMC),35405954,PMC9003370,2022,Pancreatic Enzyme Replacement Therapy in Cystic Fibrosis.,False,False,Europe PMC proxy for regulatory documents. FDA and EMA documents are not retrievable as structured data here; openFDA label endpoint shares the same 1000/day budget as stage 79 and was not spent on it.
PANCRELIPASE,regulatory / label-adjacent literature (Europe PMC),39581957,PMC11649715,2024,Pharmacokinetics of Omadacycline in Adults with Cystic Fibrosis.,False,False,Europe PMC proxy for regulatory documents. FDA and EMA documents are not retrievable as structured data here; openFDA label endpoint shares the same 1000/day budget as stage 79 and was not spent on it.
PANCRELIPASE,regulatory / label-adjacent literature (Europe PMC),39957820,PMC11826153,2025,Emerging trends in the cystatin C sensing technologies: towards better chronic kidney disease management.,False,False,Europe PMC proxy for regulatory documents. FDA and EMA documents are not retrievable as structured data here; openFDA label endpoint shares the same 1000/day budget as stage 79 and was not spent on it.
PANCRELIPASE,regulatory / label-adjacent literature (Europe PMC),36835410,PMC9967120,2023,Rapid Whole Genome Sequencing Diagnoses and Guides Treatment in Critically Ill Children in Belgium in Less than 40 Hours.,False,False,Europe PMC proxy for regulatory documents. FDA and EMA documents are not retrievable as structured data here; openFDA label endpoint shares the same 1000/day budget as stage 79 and was not spent on it.
PANCRELIPASE,regulatory / label-adjacent literature (Europe PMC),37915439,PMC10616154,2023,What is integrative medicine? Establishing the decision criteria for an operational definition of integrative medicine for general practice health services research in Australia.,False,False,Europe PMC proxy for regulatory documents. FDA and EMA documents are not retrievable as structured data here; openFDA label endpoint shares the same 1000/day budget as stage 79 and was not spent on it.
PANCRELIPASE,regulatory / label-adjacent literature (Europe PMC),31171887,PMC6543241,2019,Contribution of pancreatic enzyme replacement therapy to survival and quality of life in patients with pancreatic exocrine insufficiency.,False,False,Europe PMC proxy for regulatory documents. FDA and EMA documents are not retrievable as structured data here; openFDA label endpoint shares the same 1000/day budget as stage 79 and was not spent on it.
METRONIDAZOLE,regulatory / label-adjacent literature (Europe PMC),42125475,PMC13159593,2026,Use of intravenous antibiotics for the management of suspected chorioamnionitis: insights from women's wellness and research center.,False,False,Europe PMC proxy for regulatory documents. FDA and EMA documents are not retrievable as structured data here; openFDA label endpoint shares the same 1000/day budget as stage 79 and was not spent on it.
METRONIDAZOLE,regulatory / label-adjacent literature (Europe PMC),42153127,PMC13180319,2026,Assessment of the Biological Effect of Oral Ginkgolic Acid Liposome Nanoparticles for Treating Refractory &lt;i&gt;Helicobacter pylori&lt;/i&gt; Infection.,False,False,Europe PMC proxy for regulatory documents. FDA and EMA documents are not retrievable as structured data here; openFDA label endpoint shares the same 1000/day budget as stage 79 and was not spent on it.
METRONIDAZOLE,regulatory / label-adjacent literature (Europe PMC),42041358,PMC13113963,2026,Open-Label Prospective Randomized Comparative Study of the Efficacy and Safety of Gentamicin in Comparison to Other Antibiotics in the Management of Acute Appendicitis in Surgically Treated Patients.,False,False,Europe PMC proxy for regulatory documents. FDA and EMA documents are not retrievable as structured data here; openFDA label endpoint shares the same 1000/day budget as stage 79 and was not spent on it.
METRONIDAZOLE,regulatory / label-adjacent literature (Europe PMC),41617848,PMC12913619,2026,Combined effects of nitrate and antimicrobial compounds on in vitro subgingival biofilms.,False,False,Europe PMC proxy for regulatory documents. FDA and EMA documents are not retrievable as structured data here; openFDA label endpoint shares the same 1000/day budget as stage 79 and was not spent on it.
METRONIDAZOLE,regulatory / label-adjacent literature (Europe PMC),41973419,PMC13077511,2026,β-Lactam vs Non-β-Lactam Prophylaxis in Elective Colorectal Surgery.,False,False,Europe PMC proxy for regulatory documents. FDA and EMA documents are not retrievable as structured data here; openFDA label endpoint shares the same 1000/day budget as stage 79 and was not spent on it.
METRONIDAZOLE,regulatory / label-adjacent literature (Europe PMC),41387649,PMC12936268,2026,Exploring New Dimensions in Longitudinal Rosacea Management.,False,False,Europe PMC proxy for regulatory documents. FDA and EMA documents are not retrievable as structured data here; openFDA label endpoint shares the same 1000/day budget as stage 79 and was not spent on it.
METRONIDAZOLE,regulatory / label-adjacent literature (Europe PMC),42008044,PMC13095914,2026,Antibiotic resistance in odontogenic infections: A systematic review of current evidence and implications for guideline-based therapy.,False,False,Europe PMC proxy for regulatory documents. FDA and EMA documents are not retrievable as structured data here; openFDA label endpoint shares the same 1000/day budget as stage 79 and was not spent on it.
METRONIDAZOLE,regulatory / label-adjacent literature (Europe PMC),40417432,PMC12099261,2025,Comparative Evaluation of Fluoride Release/Uptake and Physical Properties of Self-adhesive GC Gold Label Hybrid and Antibiotic-modified Glass Ionomer Cement: An &lt;i&gt;In Vitro&lt;/i&gt; Study.,False,False,Europe PMC proxy for regulatory documents. FDA and EMA documents are not retrievable as structured data here; openFDA label endpoint shares the same 1000/day budget as stage 79 and was not spent on it.
METRONIDAZOLE,regulatory / label-adjacent literature (Europe PMC),42327683,PMC13277441,2026,Decolonisation of a multi-drug-resistant &lt;i&gt;Escherichia coli&lt;/i&gt; and a vancomycin-resistant &lt;i&gt;Enterococcus faecium&lt;/i&gt; after intervention with faecal microbiota transplantation.,False,False,Europe PMC proxy for regulatory documents. FDA and EMA documents are not retrievable as structured data here; openFDA label endpoint shares the same 1000/day budget as stage 79 and was not spent on it.
METRONIDAZOLE,regulatory / label-adjacent literature (Europe PMC),42155770,PMC13276330,2026,Microglia maintain retinal redox homeostasis following ablation of rod photoreceptors in zebrafish.,False,False,Europe PMC proxy for regulatory documents. FDA and EMA documents are not retrievable as structured data here; openFDA label endpoint shares the same 1000/day budget as stage 79 and was not spent on it.
METRONIDAZOLE,regulatory / label-adjacent literature (Europe PMC),,PMC12258450,2025,P36 Letting the cat out of the bag: delafloxacin as an oral option for the treatment of a complex wound infection,False,False,Europe PMC proxy for regulatory documents. FDA and EMA documents are not retrievable as structured data here; openFDA label endpoint shares the same 1000/day budget as stage 79 and was not spent on it.
METRONIDAZOLE,regulatory / label-adjacent literature (Europe PMC),42022110,PMC13095748,2026,"Current landscape and challenges in anaerobic bloodstream infections: epidemiology, microbiology, and clinical management.",False,False,Europe PMC proxy for regulatory documents. FDA and EMA documents are not retrievable as structured data here; openFDA label endpoint shares the same 1000/day budget as stage 79 and was not spent on it.
FENOTEROL HYDROBROMIDE,regulatory / label-adjacent literature (Europe PMC),39192312,PMC11350986,2024,Chromatographic fingerprinting of ipratropium and fenoterol in their novel co-formulated inhaler treating major respiratory disorders; application to delivered dose uniformity testing along with greenness and whiteness a,False,False,Europe PMC proxy for regulatory documents. FDA and EMA documents are not retrievable as structured data here; openFDA label endpoint shares the same 1000/day budget as stage 79 and was not spent on it.
FENOTEROL HYDROBROMIDE,regulatory / label-adjacent literature (Europe PMC),,,2025,High-resolution phenotypic screen in zebrafish identifies novel regulators of CNS axon diameter growth,False,False,Europe PMC proxy for regulatory documents. FDA and EMA documents are not retrievable as structured data here; openFDA label endpoint shares the same 1000/day budget as stage 79 and was not spent on it.
FENOTEROL HYDROBROMIDE,regulatory / label-adjacent literature (Europe PMC),39136493,PMC11412782,2024,The effects of airway disease on the deposition of inhaled drugs.,False,False,Europe PMC proxy for regulatory documents. FDA and EMA documents are not retrievable as structured data here; openFDA label endpoint shares the same 1000/day budget as stage 79 and was not spent on it.
FENOTEROL HYDROBROMIDE,regulatory / label-adjacent literature (Europe PMC),35008781,PMC8745329,2021,Temporal Roles of Platelet and Coagulation Pathways in Collagen- and Tissue Factor-Induced Thrombus Formation.,False,False,Europe PMC proxy for regulatory documents. FDA and EMA documents are not retrievable as structured data here; openFDA label endpoint shares the same 1000/day budget as stage 79 and was not spent on it.
FENOTEROL HYDROBROMIDE,regulatory / label-adjacent literature (Europe PMC),22999940,PMC3462279,2012,High-throughput screening for bioactive molecules using primary cell culture of transgenic zebrafish embryos.,False,False,Europe PMC proxy for regulatory documents. FDA and EMA documents are not retrievable as structured data here; openFDA label endpoint shares the same 1000/day budget as stage 79 and was not spent on it.
FENOTEROL HYDROBROMIDE,regulatory / label-adjacent literature (Europe PMC),32182815,PMC7140620,2020,Boosting the Biogenesis and Secretion of Mesenchymal Stem Cell-Derived Exosomes.,False,False,Europe PMC proxy for regulatory documents. FDA and EMA documents are not retrievable as structured data here; openFDA label endpoint shares the same 1000/day budget as stage 79 and was not spent on it.
FENOTEROL HYDROBROMIDE,regulatory / label-adjacent literature (Europe PMC),23369501,PMC3560985,2012,Understanding drug uptake and binding within targeted disease micro-environments in patients: a new tool for translational medicine.,False,False,Europe PMC proxy for regulatory documents. FDA and EMA documents are not retrievable as structured data here; openFDA label endpoint shares the same 1000/day budget as stage 79 and was not spent on it.
FENOTEROL HYDROBROMIDE,regulatory / label-adjacent literature (Europe PMC),32210735,PMC6750668,2004,IPCRG abstracts.,False,False,Europe PMC proxy for regulatory documents. FDA and EMA documents are not retrievable as structured data here; openFDA label endpoint shares the same 1000/day budget as stage 79 and was not spent on it.
FENOTEROL HYDROBROMIDE,regulatory / label-adjacent literature (Europe PMC),3406911,PMC461181,1988,"Proceedings of the British Thoracic Society. 1987 winter meeting. 8-9 December 1987, London. Abstracts.",False,False,Europe PMC proxy for regulatory documents. FDA and EMA documents are not retrievable as structured data here; openFDA label endpoint shares the same 1000/day budget as stage 79 and was not spent on it.
COLISTIMETHATE,regulatory / label-adjacent literature (Europe PMC),41414868,PMC12715417,2025,Novel Kidney Biomarkers and Antibiotics-Induced Acute Kidney Injury: A Practical Assessment of Current and Future Applications.,False,False,Europe PMC proxy for regulatory documents. FDA and EMA documents are not retrievable as structured data here; openFDA label endpoint shares the same 1000/day budget as stage 79 and was not spent on it.
COLISTIMETHATE,regulatory / label-adjacent literature (Europe PMC),39861758,PMC11768398,2025,Pulmonary Delivery of Antibiotics to the Lungs: Current State and Future Prospects.,False,False,Europe PMC proxy for regulatory documents. FDA and EMA documents are not retrievable as structured data here; openFDA label endpoint shares the same 1000/day budget as stage 79 and was not spent on it.
COLISTIMETHATE,regulatory / label-adjacent literature (Europe PMC),41710582,PMC12912003,2026,Inhalation: A Smart Strategy and Increasing Potential for Drug Delivery.,False,False,Europe PMC proxy for regulatory documents. FDA and EMA documents are not retrievable as structured data here; openFDA label endpoint shares the same 1000/day budget as stage 79 and was not spent on it.
COLISTIMETHATE,regulatory / label-adjacent literature (Europe PMC),39372891,PMC11450733,2024,Safety profile of drugs used in non-cystic fibrosis bronchiectasis: a narrative review.,False,False,Europe PMC proxy for regulatory documents. FDA and EMA documents are not retrievable as structured data here; openFDA label endpoint shares the same 1000/day budget as stage 79 and was not spent on it.
COLISTIMETHATE,regulatory / label-adjacent literature (Europe PMC),40895544,PMC12391033,2025,Case Report: Polymyxin E-associated reversible leukopenia.,False,False,Europe PMC proxy for regulatory documents. FDA and EMA documents are not retrievable as structured data here; openFDA label endpoint shares the same 1000/day budget as stage 79 and was not spent on it.
COLISTIMETHATE,regulatory / label-adjacent literature (Europe PMC),42328179,PMC13275400,2026,Impact of multisite colonization and comparative microbiological outcomes of colistin-sulbactam vs. colistin-tigecycline in CRAB hospital-acquired pneumonia: a propensity score-matched analysis.,False,False,Europe PMC proxy for regulatory documents. FDA and EMA documents are not retrievable as structured data here; openFDA label endpoint shares the same 1000/day budget as stage 79 and was not spent on it.
COLISTIMETHATE,regulatory / label-adjacent literature (Europe PMC),41901758,PMC13029713,2026,Microbiological Characteristics and Clinical Outcomes of Periprosthetic Infections Following Oncologic Megaprosthetic Reconstruction: A Retrospective Cohort Study.,False,False,Europe PMC proxy for regulatory documents. FDA and EMA documents are not retrievable as structured data here; openFDA label endpoint shares the same 1000/day budget as stage 79 and was not spent on it.
COLISTIMETHATE,regulatory / label-adjacent literature (Europe PMC),39518670,PMC11547045,2024,Therapeutic Interventions for <i>Pseudomonas</i> Infections in Cystic Fibrosis Patients: A Review of Phase IV Trials.,False,False,Europe PMC proxy for regulatory documents. FDA and EMA documents are not retrievable as structured data here; openFDA label endpoint shares the same 1000/day budget as stage 79 and was not spent on it.
COLISTIMETHATE,regulatory / label-adjacent literature (Europe PMC),41450572,PMC12727605,2025,Global trends in carbapenem-resistant gram-negative bacteria research (2020-2025): a bibliometric analysis and systematic review.,False,False,Europe PMC proxy for regulatory documents. FDA and EMA documents are not retrievable as structured data here; openFDA label endpoint shares the same 1000/day budget as stage 79 and was not spent on it.
COLISTIMETHATE,regulatory / label-adjacent literature (Europe PMC),40821127,PMC12354991,2025,"Evaluating the Efficacy and Safety of Anidulafungin and Caspofungin in Invasive Candida Infections in Intensive Care Units in India: A Prospective, Observational, Multicenter, Open-Label Study.",False,False,Europe PMC proxy for regulatory documents. FDA and EMA documents are not retrievable as structured data here; openFDA label endpoint shares the same 1000/day budget as stage 79 and was not spent on it.
COLISTIMETHATE,regulatory / label-adjacent literature (Europe PMC),40869258,PMC12386939,2025,Peripheral Nerve Decellularisation Protocol for Allogeneic Transplantation: From Tissue Procurement to Banking.,False,False,Europe PMC proxy for regulatory documents. FDA and EMA documents are not retrievable as structured data here; openFDA label endpoint shares the same 1000/day budget as stage 79 and was not spent on it.
COLISTIMETHATE,regulatory / label-adjacent literature (Europe PMC),,PMC12988533,2026,Functional biomaterials for the treatment of periprosthetic joint infection: A systematic review of preclinical animal studies,False,False,Europe PMC proxy for regulatory documents. FDA and EMA documents are not retrievable as structured data here; openFDA label endpoint shares the same 1000/day budget as stage 79 and was not spent on it.
ELEXACAFTOR,regulatory / label-adjacent literature (Europe PMC),42315414,,2026,Safety and efficacy of elexacaftor/tezacaftor/ivacaftor in children ≥2 years with cystic fibrosis: 96-week interim results from a phase 3 open-label extension study.,False,False,Europe PMC proxy for regulatory documents. FDA and EMA documents are not retrievable as structured data here; openFDA label endpoint shares the same 1000/day budget as stage 79 and was not spent on it.
ELEXACAFTOR,regulatory / label-adjacent literature (Europe PMC),41976926,PMC13072773,2026,Prenatal Elexacaftor/Tezacaftor/Ivacaftor for Fetal Meconium Ileus: First Italian Case and Narrative Overview of the Emerging Evidence.,False,False,Europe PMC proxy for regulatory documents. FDA and EMA documents are not retrievable as structured data here; openFDA label endpoint shares the same 1000/day budget as stage 79 and was not spent on it.
ELEXACAFTOR,regulatory / label-adjacent literature (Europe PMC),42170795,PMC13239390,2026,Physiologically Based Pharmacokinetic Modeling of Elexacaftor/Tezacaftor/Ivacaftor in Infants With Cystic Fibrosis.,False,False,Europe PMC proxy for regulatory documents. FDA and EMA documents are not retrievable as structured data here; openFDA label endpoint shares the same 1000/day budget as stage 79 and was not spent on it.
ELEXACAFTOR,regulatory / label-adjacent literature (Europe PMC),41814527,PMC13159788,2026,Improved Quality of Life in Children With Cystic Fibrosis Who Received Transmembrane Conductance Regulator Modulators.,False,False,Europe PMC proxy for regulatory documents. FDA and EMA documents are not retrievable as structured data here; openFDA label endpoint shares the same 1000/day budget as stage 79 and was not spent on it.
ELEXACAFTOR,regulatory / label-adjacent literature (Europe PMC),42327902,PMC13279699,2026,Risk of drug-related aggression in pediatric populations: a pharmacovigilance analysis using the FAERS database.,False,False,Europe PMC proxy for regulatory documents. FDA and EMA documents are not retrievable as structured data here; openFDA label endpoint shares the same 1000/day budget as stage 79 and was not spent on it.
ELEXACAFTOR,regulatory / label-adjacent literature (Europe PMC),41303006,PMC12653656,2025,"Comprehensive Evaluation of Elexacaftor/Tezacaftor/Ivacaftor in Paediatric Cystic Fibrosis: Nutritional, Pulmonary, and Quality-of-Life Outcomes.",False,False,Europe PMC proxy for regulatory documents. FDA and EMA documents are not retrievable as structured data here; openFDA label endpoint shares the same 1000/day budget as stage 79 and was not spent on it.
ELEXACAFTOR,regulatory / label-adjacent literature (Europe PMC),41744676,PMC12937645,2026,Beyond BMI: Nutritional Recovery and Functional Implications of CFTR Modulators in Cystic Fibrosis.,False,False,Europe PMC proxy for regulatory documents. FDA and EMA documents are not retrievable as structured data here; openFDA label endpoint shares the same 1000/day budget as stage 79 and was not spent on it.
ELEXACAFTOR,regulatory / label-adjacent literature (Europe PMC),40540670,PMC12393130,2025,Clinical Effectiveness of Elexacaftor/Tezacaftor/Ivacaftor in 6- to 11-Year-Olds with Cystic Fibrosis: An Observational Study.,False,False,Europe PMC proxy for regulatory documents. FDA and EMA documents are not retrievable as structured data here; openFDA label endpoint shares the same 1000/day budget as stage 79 and was not spent on it.
ELEXACAFTOR,regulatory / label-adjacent literature (Europe PMC),41482647,PMC12759134,2026,"Assessment of efficacy and tolerability of elexacaftor-tezacaftor-ivacaftor in an observational cohort study of ""aged"" people with cystic fibrosis.",False,False,Europe PMC proxy for regulatory documents. FDA and EMA documents are not retrievable as structured data here; openFDA label endpoint shares the same 1000/day budget as stage 79 and was not spent on it.
ELEXACAFTOR,regulatory / label-adjacent literature (Europe PMC),41010724,PMC12470531,2025,Case Series on the Combined Therapy with Elexacaftor/Tezacaftor/Ivacaftor During Pregnancy in Women with Severe Cystic Fibrosis: A Retrospective Report from an Italian Centre.,False,False,Europe PMC proxy for regulatory documents. FDA and EMA documents are not retrievable as structured data here; openFDA label endpoint shares the same 1000/day budget as stage 79 and was not spent on it.
ELEXACAFTOR,regulatory / label-adjacent literature (Europe PMC),,PMC13095397,2026,Discrepant Results on Two Different Single Gene Non-invasive Prenatal Tests for Cystic Fibrosis: A Case Report,False,False,Europe PMC proxy for regulatory documents. FDA and EMA documents are not retrievable as structured data here; openFDA label endpoint shares the same 1000/day budget as stage 79 and was not spent on it.
ELEXACAFTOR,regulatory / label-adjacent literature (Europe PMC),41343120,PMC12992851,2026,Real-World Impact of Elexacaftor/Tezacaftor/Ivacaftor (ELX/TEZ/IVA) in Italy: A Retrospective Study from a Cystic Fibrosis Center.,False,False,Europe PMC proxy for regulatory documents. FDA and EMA documents are not retrievable as structured data here; openFDA label endpoint shares the same 1000/day budget as stage 79 and was not spent on it.
MONTELUKAST,regulatory / label-adjacent literature (Europe PMC),42312020,PMC13271143,2026,Salivary Cortisol versus Serum Cortisol Levels in Asthmatic Children Treated with Inhaled Corticosteroid Alone or in Combination with Montelukast.,False,False,Europe PMC proxy for regulatory documents. FDA and EMA documents are not retrievable as structured data here; openFDA label endpoint shares the same 1000/day budget as stage 79 and was not spent on it.
MONTELUKAST,regulatory / label-adjacent literature (Europe PMC),41914642,PMC13037353,2026,Beyond Isotretinoin: A Narrative Review of Emerging Systemic Therapies for Moderate-to-Severe Acne.,False,False,Europe PMC proxy for regulatory documents. FDA and EMA documents are not retrievable as structured data here; openFDA label endpoint shares the same 1000/day budget as stage 79 and was not spent on it.
MONTELUKAST,regulatory / label-adjacent literature (Europe PMC),41353847,PMC12741292,2026,Montelukast as a novel therapeutic approach in metastatic uveal melanoma harboring a CYSLTR2 mutation: a translational case report.,False,False,Europe PMC proxy for regulatory documents. FDA and EMA documents are not retrievable as structured data here; openFDA label endpoint shares the same 1000/day budget as stage 79 and was not spent on it.
MONTELUKAST,regulatory / label-adjacent literature (Europe PMC),42327902,PMC13279699,2026,Risk of drug-related aggression in pediatric populations: a pharmacovigilance analysis using the FAERS database.,False,False,Europe PMC proxy for regulatory documents. FDA and EMA documents are not retrievable as structured data here; openFDA label endpoint shares the same 1000/day budget as stage 79 and was not spent on it.
MONTELUKAST,regulatory / label-adjacent literature (Europe PMC),41859285,PMC12995823,2026,"Rethinking asthma therapy, part 2: transdermal strategies for adjunct asthma and allergy treatments.",False,False,Europe PMC proxy for regulatory documents. FDA and EMA documents are not retrievable as structured data here; openFDA label endpoint shares the same 1000/day budget as stage 79 and was not spent on it.
MONTELUKAST,regulatory / label-adjacent literature (Europe PMC),41684923,PMC12890633,2026,A real-world investigation of drug-induced hyperglycemia and diabetes mellitus in pediatric populations using the FDA adverse event reporting system.,False,False,Europe PMC proxy for regulatory documents. FDA and EMA documents are not retrievable as structured data here; openFDA label endpoint shares the same 1000/day budget as stage 79 and was not spent on it.
MONTELUKAST,regulatory / label-adjacent literature (Europe PMC),41424665,PMC12714407,2025,Effectiveness of the antihistamine and anti-PAF effects of rupatadine in allergic diseases: off-label use in a case series study.,False,False,Europe PMC proxy for regulatory documents. FDA and EMA documents are not retrievable as structured data here; openFDA label endpoint shares the same 1000/day budget as stage 79 and was not spent on it.
MONTELUKAST,regulatory / label-adjacent literature (Europe PMC),39912596,PMC12006882,2025,Effects of Montelukast on Neuroinflammation in Parkinson's Disease: An Open Label Safety and Tolerability Trial with CSF Markers and [&lt;sup&gt;11&lt;/sup&gt;C]PBR28 PET.,False,False,Europe PMC proxy for regulatory documents. FDA and EMA documents are not retrievable as structured data here; openFDA label endpoint shares the same 1000/day budget as stage 79 and was not spent on it.
MONTELUKAST,regulatory / label-adjacent literature (Europe PMC),42220678,PMC13218998,2026,Arthropod Exposure-Associated Neurogenic Pruritus: A Complex Neuro-Immune Transition Mimicking Refractory Urticaria.,False,False,Europe PMC proxy for regulatory documents. FDA and EMA documents are not retrievable as structured data here; openFDA label endpoint shares the same 1000/day budget as stage 79 and was not spent on it.
MONTELUKAST,regulatory / label-adjacent literature (Europe PMC),40390260,PMC12105541,2025,Leukotriene Receptor Antagonists for the Treatment of Atopic Dermatitis: A Systematic Review and Meta-analysis.,False,False,Europe PMC proxy for regulatory documents. FDA and EMA documents are not retrievable as structured data here; openFDA label endpoint shares the same 1000/day budget as stage 79 and was not spent on it.
MONTELUKAST,regulatory / label-adjacent literature (Europe PMC),41946776,PMC13062119,2026,Montelukast attenuates diclofenac sodium-induced cardiotoxicity in male rats via targeting Wnt/β-catenin pathway.,False,False,Europe PMC proxy for regulatory documents. FDA and EMA documents are not retrievable as structured data here; openFDA label endpoint shares the same 1000/day budget as stage 79 and was not spent on it.
MONTELUKAST,regulatory / label-adjacent literature (Europe PMC),41884050,PMC13010836,2026,Therapeutic interventions and pulmonary function in pediatric patients with post-infectious bronchiolitis obliterans.,False,False,Europe PMC proxy for regulatory documents. FDA and EMA documents are not retrievable as structured data here; openFDA label endpoint shares the same 1000/day budget as stage 79 and was not spent on it.
LEVOTHYROXINE,regulatory / label-adjacent literature (Europe PMC),40584810,PMC12206079,2025,Short Stature Due to a Novel Compound Heterozygous Mutation of the &lt;i&gt;POU1F1&lt;/i&gt; Gene.,False,True,Europe PMC proxy for regulatory documents. FDA and EMA documents are not retrievable as structured data here; openFDA label endpoint shares the same 1000/day budget as stage 79 and was not spent on it.
LEVOTHYROXINE,regulatory / label-adjacent literature (Europe PMC),41019329,PMC12460080,2025,Endocrine complications after solid organ transplantation in childhood and adolescents.,False,True,Europe PMC proxy for regulatory documents. FDA and EMA documents are not retrievable as structured data here; openFDA label endpoint shares the same 1000/day budget as stage 79 and was not spent on it.
LEVOTHYROXINE,regulatory / label-adjacent literature (Europe PMC),42278392,PMC13256144,2026,Association Between the Levothyroxine Therapy and the Levels of Anti-Thyroid Antibodies in Women with Hypothyroidism Due to Hashimoto's Thyroiditis-Narrative Review.,False,False,Europe PMC proxy for regulatory documents. FDA and EMA documents are not retrievable as structured data here; openFDA label endpoint shares the same 1000/day budget as stage 79 and was not spent on it.
LEVOTHYROXINE,regulatory / label-adjacent literature (Europe PMC),41034003,PMC13265111,2026,Mycobacterium intracellulare Infection in a Japanese Patient with Signal Transducer and Activator of Transcription-3 Gain-of-function Syndrome.,False,False,Europe PMC proxy for regulatory documents. FDA and EMA documents are not retrievable as structured data here; openFDA label endpoint shares the same 1000/day budget as stage 79 and was not spent on it.
LEVOTHYROXINE,regulatory / label-adjacent literature (Europe PMC),40348586,PMC12063204,2025,"Phase 1 Study Evaluating the Pharmacokinetics, Dose Proportionality, Bioavailability, and Tolerability of Subcutaneous Levothyroxine Sodium (XP-8121).",False,False,Europe PMC proxy for regulatory documents. FDA and EMA documents are not retrievable as structured data here; openFDA label endpoint shares the same 1000/day budget as stage 79 and was not spent on it.
LEVOTHYROXINE,regulatory / label-adjacent literature (Europe PMC),41606799,PMC13271778,2026,Clinical spectrum of extreme insulin resistance syndromes treated with rhIGF-1: A single-center experience.,False,False,Europe PMC proxy for regulatory documents. FDA and EMA documents are not retrievable as structured data here; openFDA label endpoint shares the same 1000/day budget as stage 79 and was not spent on it.
LEVOTHYROXINE,regulatory / label-adjacent literature (Europe PMC),41926344,PMC13055408,2026,Use of Apixaban for Venous Thromboembolism Prophylaxis in an Older Hemodialysis Patient After Total Knee Replacement: A Case Report.,False,False,Europe PMC proxy for regulatory documents. FDA and EMA documents are not retrievable as structured data here; openFDA label endpoint shares the same 1000/day budget as stage 79 and was not spent on it.
LEVOTHYROXINE,regulatory / label-adjacent literature (Europe PMC),,PMC12507348,2025,Oral Presentation,False,False,Europe PMC proxy for regulatory documents. FDA and EMA documents are not retrievable as structured data here; openFDA label endpoint shares the same 1000/day budget as stage 79 and was not spent on it.
LEVOTHYROXINE,regulatory / label-adjacent literature (Europe PMC),42041544,PMC13114338,2026,Endocrine Late Effects of Targeted and Immune-Based Therapies in Pediatric Oncology.,False,False,Europe PMC proxy for regulatory documents. FDA and EMA documents are not retrievable as structured data here; openFDA label endpoint shares the same 1000/day budget as stage 79 and was not spent on it.
LEVOTHYROXINE,regulatory / label-adjacent literature (Europe PMC),40747299,PMC12310445,2025,The impact of thyroid hormone concentration fluctuations on colon cancer proliferation and growth.,False,False,Europe PMC proxy for regulatory documents. FDA and EMA documents are not retrievable as structured data here; openFDA label endpoint shares the same 1000/day budget as stage 79 and was not spent on it.
LEVOTHYROXINE,regulatory / label-adjacent literature (Europe PMC),38313927,PMC10836615,2024,Hashimoto's Thyroiditis in Noonan Syndrome: A Case Report.,False,True,Europe PMC proxy for regulatory documents. FDA and EMA documents are not retrievable as structured data here; openFDA label endpoint shares the same 1000/day budget as stage 79 and was not spent on it.
LEVOTHYROXINE,regulatory / label-adjacent literature (Europe PMC),42238011,PMC13227224,2026,Balancing the benefits and risks of GLP-1 receptor agonists: a clinical guide for shared decision-making.,False,False,Europe PMC proxy for regulatory documents. FDA and EMA documents are not retrievable as structured data here; openFDA label endpoint shares the same 1000/day budget as stage 79 and was not spent on it.
DORNASE ALFA,regulatory / label-adjacent literature (Europe PMC),41125713,PMC12546865,2025,Multicenter randomized trial assessing efficacy and safety of aerosolized dornase Alfa in COVID-19 ARDS.,False,False,Europe PMC proxy for regulatory documents. FDA and EMA documents are not retrievable as structured data here; openFDA label endpoint shares the same 1000/day budget as stage 79 and was not spent on it.
DORNASE ALFA,regulatory / label-adjacent literature (Europe PMC),42198355,PMC13209488,2026,Mucoactive Agents in Muco-Obstructive Lung Diseases: A Critical Reappraisal of Pharmacological Effects and Clinical Outcomes.,False,False,Europe PMC proxy for regulatory documents. FDA and EMA documents are not retrievable as structured data here; openFDA label endpoint shares the same 1000/day budget as stage 79 and was not spent on it.
DORNASE ALFA,regulatory / label-adjacent literature (Europe PMC),40778614,PMC12333320,2025,Cystic Fibrosis Year in Review 2024.,False,False,Europe PMC proxy for regulatory documents. FDA and EMA documents are not retrievable as structured data here; openFDA label endpoint shares the same 1000/day budget as stage 79 and was not spent on it.
DORNASE ALFA,regulatory / label-adjacent literature (Europe PMC),39562833,PMC11711088,2025,Use of mucolytics and inhaled antibiotics in the NICU.,False,False,Europe PMC proxy for regulatory documents. FDA and EMA documents are not retrievable as structured data here; openFDA label endpoint shares the same 1000/day budget as stage 79 and was not spent on it.
DORNASE ALFA,regulatory / label-adjacent literature (Europe PMC),41712061,PMC13005781,2026,Mucus as a Treatable Trait in Chronic Airway Diseases.,False,False,Europe PMC proxy for regulatory documents. FDA and EMA documents are not retrievable as structured data here; openFDA label endpoint shares the same 1000/day budget as stage 79 and was not spent on it.
DORNASE ALFA,regulatory / label-adjacent literature (Europe PMC),41107976,PMC12535134,2025,The role of NETosis in breast cancer: mechanistic insights and biomarker potential.,False,False,Europe PMC proxy for regulatory documents. FDA and EMA documents are not retrievable as structured data here; openFDA label endpoint shares the same 1000/day budget as stage 79 and was not spent on it.
DORNASE ALFA,regulatory / label-adjacent literature (Europe PMC),41155640,PMC12567145,2025,"Wound Healing: Molecular Mechanisms, Antimicrobial Peptides, and Emerging Technologies in Regenerative Medicine.",False,False,Europe PMC proxy for regulatory documents. FDA and EMA documents are not retrievable as structured data here; openFDA label endpoint shares the same 1000/day budget as stage 79 and was not spent on it.
DORNASE ALFA,regulatory / label-adjacent literature (Europe PMC),40540670,PMC12393130,2025,Clinical Effectiveness of Elexacaftor/Tezacaftor/Ivacaftor in 6- to 11-Year-Olds with Cystic Fibrosis: An Observational Study.,False,False,Europe PMC proxy for regulatory documents. FDA and EMA documents are not retrievable as structured data here; openFDA label endpoint shares the same 1000/day budget as stage 79 and was not spent on it.
DORNASE ALFA,regulatory / label-adjacent literature (Europe PMC),35740461,PMC9220205,2022,Harnessing the Potential of Enzymes as Inhaled Therapeutics in Respiratory Tract Diseases: A Review of the Literature.,False,False,Europe PMC proxy for regulatory documents. FDA and EMA documents are not retrievable as structured data here; openFDA label endpoint shares the same 1000/day budget as stage 79 and was not spent on it.
DORNASE ALFA,regulatory / label-adjacent literature (Europe PMC),34941914,PMC8699637,2021,Comparison of biosimilar Tigerase and Pulmozyme in long-term symptomatic therapy of patients with cystic fibrosis and severe pulmonary impairment (subgroup analysis of a Phase III randomized open-label clinical trial (NC,False,False,Europe PMC proxy for regulatory documents. FDA and EMA documents are not retrievable as structured data here; openFDA label endpoint shares the same 1000/day budget as stage 79 and was not spent on it.
DORNASE ALFA,regulatory / label-adjacent literature (Europe PMC),42058217,PMC13121387,2026,Biofilm adaptation and mucosal immune dysregulation in recalcitrant chronic rhinosinusitis: from pathogenesis to a therapeutic roadmap.,False,False,Europe PMC proxy for regulatory documents. FDA and EMA documents are not retrievable as structured data here; openFDA label endpoint shares the same 1000/day budget as stage 79 and was not spent on it.
DORNASE ALFA,regulatory / label-adjacent literature (Europe PMC),32751886,PMC7463544,2020,Aerosol Delivery of Dornase Alfa Generated by Jet and Mesh Nebulizers.,False,False,Europe PMC proxy for regulatory documents. FDA and EMA documents are not retrievable as structured data here; openFDA label endpoint shares the same 1000/day budget as stage 79 and was not spent on it.
ALBUTEROL,regulatory / label-adjacent literature (Europe PMC),42305977,PMC13266595,2026,Beta&lt;sub&gt;2&lt;/sub&gt;-agonist and anti-inflammatory combination therapy for asthma rescue: a paradigm shift in asthma care.,False,False,Europe PMC proxy for regulatory documents. FDA and EMA documents are not retrievable as structured data here; openFDA label endpoint shares the same 1000/day budget as stage 79 and was not spent on it.
ALBUTEROL,regulatory / label-adjacent literature (Europe PMC),40120047,PMC12187808,2025,"Unveiling the Complexities of Pediatric Asthma Treatment: Evidence, Controversies, and Emerging Approaches.",False,True,Europe PMC proxy for regulatory documents. FDA and EMA documents are not retrievable as structured data here; openFDA label endpoint shares the same 1000/day budget as stage 79 and was not spent on it.
ALBUTEROL,regulatory / label-adjacent literature (Europe PMC),41142213,PMC12546671,2025,The use of expired resuscitation medications for life-threatening first aid conditions: a systematic search and narrative review.,False,False,Europe PMC proxy for regulatory documents. FDA and EMA documents are not retrievable as structured data here; openFDA label endpoint shares the same 1000/day budget as stage 79 and was not spent on it.
ALBUTEROL,regulatory / label-adjacent literature (Europe PMC),40459987,PMC12287910,2025,Determination of pediatric asthma severity using retrospective electronic health record prescription data: an analysis before and after the 2020 national asthma education and prevention program guideline update.,False,False,Europe PMC proxy for regulatory documents. FDA and EMA documents are not retrievable as structured data here; openFDA label endpoint shares the same 1000/day budget as stage 79 and was not spent on it.
ALBUTEROL,regulatory / label-adjacent literature (Europe PMC),40250558,PMC12240696,2025,Controversies in Allergy: Should I Combine an ICS With a SABA or With Formoterol for Reliever Therapy?,False,False,Europe PMC proxy for regulatory documents. FDA and EMA documents are not retrievable as structured data here; openFDA label endpoint shares the same 1000/day budget as stage 79 and was not spent on it.
ALBUTEROL,regulatory / label-adjacent literature (Europe PMC),41863005,PMC13172016,2026,Beyond the Wheeze: Incidental Diagnosis of Eosinophilic Oesophagitis in a Young Child With Asthma-Like Symptoms.,False,False,Europe PMC proxy for regulatory documents. FDA and EMA documents are not retrievable as structured data here; openFDA label endpoint shares the same 1000/day budget as stage 79 and was not spent on it.
ALBUTEROL,regulatory / label-adjacent literature (Europe PMC),39513639,PMC11731317,2025,Dangers of under-treatment and over-treatment with inhaled corticosteroids in children with asthma.,False,False,Europe PMC proxy for regulatory documents. FDA and EMA documents are not retrievable as structured data here; openFDA label endpoint shares the same 1000/day budget as stage 79 and was not spent on it.
ALBUTEROL,regulatory / label-adjacent literature (Europe PMC),40384948,PMC12085140,2025,"Albuterol Digihaler in COPD Disease Management: A Real-World Study to Assess Digihaler Inhalation Parameters, Thresholds and Their Use to Identify Deterioration in Clinical Practice.",False,False,Europe PMC proxy for regulatory documents. FDA and EMA documents are not retrievable as structured data here; openFDA label endpoint shares the same 1000/day budget as stage 79 and was not spent on it.
ALBUTEROL,regulatory / label-adjacent literature (Europe PMC),42029795,PMC13109459,2026,Cardiovascular Implications of the Enhanced Games: Performance Enhancing Drugs in Competition and Recreation.,False,False,Europe PMC proxy for regulatory documents. FDA and EMA documents are not retrievable as structured data here; openFDA label endpoint shares the same 1000/day budget as stage 79 and was not spent on it.
ALBUTEROL,regulatory / label-adjacent literature (Europe PMC),41064377,PMC12503962,2025,An Extremely Preterm Infant With &lt;i&gt;PIK3CA-&lt;/i&gt;Related Overgrowth Spectrum (PROS): Alpelisib Treatment and Outcome.,True,False,Europe PMC proxy for regulatory documents. FDA and EMA documents are not retrievable as structured data here; openFDA label endpoint shares the same 1000/day budget as stage 79 and was not spent on it.
ALBUTEROL,regulatory / label-adjacent literature (Europe PMC),42281560,PMC13251661,2026,The AIM4 Next Step study: Comparing inhaled corticosteroid dose escalation to dupilumab in patients with uncontrolled asthma and type 2 inflammation.,False,False,Europe PMC proxy for regulatory documents. FDA and EMA documents are not retrievable as structured data here; openFDA label endpoint shares the same 1000/day budget as stage 79 and was not spent on it.
ALBUTEROL,regulatory / label-adjacent literature (Europe PMC),36702246,PMC10006338,2023,"""As-Needed"" Inhaled Corticosteroids for Patients With Asthma.",False,False,Europe PMC proxy for regulatory documents. FDA and EMA documents are not retrievable as structured data here; openFDA label endpoint shares the same 1000/day budget as stage 79 and was not spent on it.
ENOXAPARIN,regulatory / label-adjacent literature (Europe PMC),42468662,,2026,Enoxaparin for the treatment of placenta-derived fetal growth restriction (GROWTH): an open-label multicenter randomized trial.,False,False,Europe PMC proxy for regulatory documents. FDA and EMA documents are not retrievable as structured data here; openFDA label endpoint shares the same 1000/day budget as stage 79 and was not spent on it.
ENOXAPARIN,regulatory / label-adjacent literature (Europe PMC),42345630,PMC13295749,2026,Pharmacotherapeutic Interventions for Sensorineural Hearing Loss: A Scoping Review.,False,False,Europe PMC proxy for regulatory documents. FDA and EMA documents are not retrievable as structured data here; openFDA label endpoint shares the same 1000/day budget as stage 79 and was not spent on it.
ENOXAPARIN,regulatory / label-adjacent literature (Europe PMC),41887573,PMC13127331,2026,The dilemma of thromboprophylaxis in stroke patients.,False,False,Europe PMC proxy for regulatory documents. FDA and EMA documents are not retrievable as structured data here; openFDA label endpoint shares the same 1000/day budget as stage 79 and was not spent on it.
ENOXAPARIN,regulatory / label-adjacent literature (Europe PMC),39853909,PMC11760983,2025,A Clinical Practice-Based Comparison of Conventional and Individualized Dosing Strategies for Therapeutic Enoxaparin.,False,False,Europe PMC proxy for regulatory documents. FDA and EMA documents are not retrievable as structured data here; openFDA label endpoint shares the same 1000/day budget as stage 79 and was not spent on it.
ENOXAPARIN,regulatory / label-adjacent literature (Europe PMC),41290205,PMC12948263,2026,Low Molecular Weight Heparin Thromboprophylaxis or No Treatment following Cesarean Delivery: A Pilot Randomized Controlled Trial.,False,False,Europe PMC proxy for regulatory documents. FDA and EMA documents are not retrievable as structured data here; openFDA label endpoint shares the same 1000/day budget as stage 79 and was not spent on it.
ENOXAPARIN,regulatory / label-adjacent literature (Europe PMC),,PMC12943893,2026,"An Overview of Anticoagulant Drugs Pharmacology, Therapeutic Approaches, Limitations and Perspectives",False,False,Europe PMC proxy for regulatory documents. FDA and EMA documents are not retrievable as structured data here; openFDA label endpoint shares the same 1000/day budget as stage 79 and was not spent on it.
ENOXAPARIN,regulatory / label-adjacent literature (Europe PMC),42256242,PMC13235331,2026,"Safety of recombinant activated factor VII for bleeding use post Heart Mate III, left ventricular assist device implantation.",False,False,Europe PMC proxy for regulatory documents. FDA and EMA documents are not retrievable as structured data here; openFDA label endpoint shares the same 1000/day budget as stage 79 and was not spent on it.
ENOXAPARIN,regulatory / label-adjacent literature (Europe PMC),41599620,PMC12844682,2025,Pharmacokinetics and Childhood Obesity: Pathophysiological Basis and Challenges in Choosing the Ideal Body Size Descriptor.,False,False,Europe PMC proxy for regulatory documents. FDA and EMA documents are not retrievable as structured data here; openFDA label endpoint shares the same 1000/day budget as stage 79 and was not spent on it.
ENOXAPARIN,regulatory / label-adjacent literature (Europe PMC),41953082,PMC13054604,2026,High dose fish oil lipid emulsion (FOLE) use in pediatric patients: A case series.,False,False,Europe PMC proxy for regulatory documents. FDA and EMA documents are not retrievable as structured data here; openFDA label endpoint shares the same 1000/day budget as stage 79 and was not spent on it.
ENOXAPARIN,regulatory / label-adjacent literature (Europe PMC),41255069,PMC12823307,2026,Physiologically-Based Pharmacokinetic Modeling to Support Pediatric Clinical Development: An IQ Working Group Perspective on the Current Status and Challenges.,False,False,Europe PMC proxy for regulatory documents. FDA and EMA documents are not retrievable as structured data here; openFDA label endpoint shares the same 1000/day budget as stage 79 and was not spent on it.
ENOXAPARIN,regulatory / label-adjacent literature (Europe PMC),41095776,PMC12524948,2025,The Crucial Role of Tinzaparin in Managing Venous Thromboembolism in the Cancer Population.,False,False,Europe PMC proxy for regulatory documents. FDA and EMA documents are not retrievable as structured data here; openFDA label endpoint shares the same 1000/day budget as stage 79 and was not spent on it.
ENOXAPARIN,regulatory / label-adjacent literature (Europe PMC),41761134,PMC13049724,2026,Association of pre-transplant pulmonary hypertension and post-transplant major adverse cardiovascular events in kidney transplant recipients: a retrospective study.,False,False,Europe PMC proxy for regulatory documents. FDA and EMA documents are not retrievable as structured data here; openFDA label endpoint shares the same 1000/day budget as stage 79 and was not spent on it.
CETIRIZINE,regulatory / label-adjacent literature (Europe PMC),41209777,PMC12591530,2025,"A comparative study of efficacy and tolerability of cetirizine and bilastine in patients of allergic rhinitis: An open-label, randomized, parallel-group study.",False,False,Europe PMC proxy for regulatory documents. FDA and EMA documents are not retrievable as structured data here; openFDA label endpoint shares the same 1000/day budget as stage 79 and was not spent on it.
CETIRIZINE,regulatory / label-adjacent literature (Europe PMC),41926731,PMC13046221,2026,Development and Launch of a Dutch Mobile App (MediMama) on Over-the-Counter Medication Safety During Pregnancy and Breastfeeding: Development and Usability Study.,False,False,Europe PMC proxy for regulatory documents. FDA and EMA documents are not retrievable as structured data here; openFDA label endpoint shares the same 1000/day budget as stage 79 and was not spent on it.
CETIRIZINE,regulatory / label-adjacent literature (Europe PMC),38549675,PMC10972884,2024,Model-based exploration of the rationality of off-label use of cetirizine in Chinese pediatric patients: a prospective cohort study.,False,False,Europe PMC proxy for regulatory documents. FDA and EMA documents are not retrievable as structured data here; openFDA label endpoint shares the same 1000/day budget as stage 79 and was not spent on it.
CETIRIZINE,regulatory / label-adjacent literature (Europe PMC),41024309,PMC12482575,2025,Intradiscal injection of allogeneic bone marrow derived clonal mesenchymal stromal cells in discogenic low back pain: a phase I study on safety and feasibility (RELIEF: phase I).,False,False,Europe PMC proxy for regulatory documents. FDA and EMA documents are not retrievable as structured data here; openFDA label endpoint shares the same 1000/day budget as stage 79 and was not spent on it.
CETIRIZINE,regulatory / label-adjacent literature (Europe PMC),40873858,PMC12380480,2025,Androgenetic Alopecia: An Update on Pathogenesis and Pharmacological Treatment.,False,False,Europe PMC proxy for regulatory documents. FDA and EMA documents are not retrievable as structured data here; openFDA label endpoint shares the same 1000/day budget as stage 79 and was not spent on it.
CETIRIZINE,regulatory / label-adjacent literature (Europe PMC),41863005,PMC13172016,2026,Beyond the Wheeze: Incidental Diagnosis of Eosinophilic Oesophagitis in a Young Child With Asthma-Like Symptoms.,False,False,Europe PMC proxy for regulatory documents. FDA and EMA documents are not retrievable as structured data here; openFDA label endpoint shares the same 1000/day budget as stage 79 and was not spent on it.
CETIRIZINE,regulatory / label-adjacent literature (Europe PMC),41394156,PMC12695863,2025,The efficacy and safety of combining different Chinese patent medicines with conventional Western drugs in the treatment of pediatric allergic rhinitis: network meta-analysis.,False,False,Europe PMC proxy for regulatory documents. FDA and EMA documents are not retrievable as structured data here; openFDA label endpoint shares the same 1000/day budget as stage 79 and was not spent on it.
CETIRIZINE,regulatory / label-adjacent literature (Europe PMC),42317461,PMC13272313,2026,"Ivermectin in veterinary medicine: a narrative review of antiparasitic efficacy, resistance evolution, antiviral evidence, and One Health implications.",False,False,Europe PMC proxy for regulatory documents. FDA and EMA documents are not retrievable as structured data here; openFDA label endpoint shares the same 1000/day budget as stage 79 and was not spent on it.
CETIRIZINE,regulatory / label-adjacent literature (Europe PMC),42028243,PMC13101694,2026,Androgenetic alopecia risk in allergic rhinitis: A cohort study of immune and antihistamine effects.,False,False,Europe PMC proxy for regulatory documents. FDA and EMA documents are not retrievable as structured data here; openFDA label endpoint shares the same 1000/day budget as stage 79 and was not spent on it.
CETIRIZINE,regulatory / label-adjacent literature (Europe PMC),40475103,PMC12136554,2025,Do Non-Prescription Products Help in Managing Androgenic Alopecia?,False,False,Europe PMC proxy for regulatory documents. FDA and EMA documents are not retrievable as structured data here; openFDA label endpoint shares the same 1000/day budget as stage 79 and was not spent on it.
CETIRIZINE,regulatory / label-adjacent literature (Europe PMC),41226747,PMC12608207,2025,Using the Mechanisms of Action Involved in the Pathogenesis of Androgenetic Alopecia to Treat Hair Loss.,False,False,Europe PMC proxy for regulatory documents. FDA and EMA documents are not retrievable as structured data here; openFDA label endpoint shares the same 1000/day budget as stage 79 and was not spent on it.
CETIRIZINE,regulatory / label-adjacent literature (Europe PMC),41405882,PMC12712829,2026,Vixarelimab in Patients With Prurigo Nodularis: A Randomized Clinical Trial.,False,False,Europe PMC proxy for regulatory documents. FDA and EMA documents are not retrievable as structured data here; openFDA label endpoint shares the same 1000/day budget as stage 79 and was not spent on it.
PREDNISOLONE,regulatory / label-adjacent literature (Europe PMC),41019329,PMC12460080,2025,Endocrine complications after solid organ transplantation in childhood and adolescents.,False,True,Europe PMC proxy for regulatory documents. FDA and EMA documents are not retrievable as structured data here; openFDA label endpoint shares the same 1000/day budget as stage 79 and was not spent on it.
PREDNISOLONE,regulatory / label-adjacent literature (Europe PMC),42276802,PMC13264856,2026,"Effect of supplemental hydrocortisone during stress in prednisolone-induced adrenal insufficiency: a study protocol for a multicentre, randomised, double-blinded, placebo-controlled clinical trial on health-related quali",False,False,Europe PMC proxy for regulatory documents. FDA and EMA documents are not retrievable as structured data here; openFDA label endpoint shares the same 1000/day budget as stage 79 and was not spent on it.
PREDNISOLONE,regulatory / label-adjacent literature (Europe PMC),40831866,PMC12359977,2025,The Role of Dupilumab in Atopic Dermatitis-Like Graft-Versus-Host Disease.,False,True,Europe PMC proxy for regulatory documents. FDA and EMA documents are not retrievable as structured data here; openFDA label endpoint shares the same 1000/day budget as stage 79 and was not spent on it.
PREDNISOLONE,regulatory / label-adjacent literature (Europe PMC),41367530,PMC12683492,2025,Expert consensus on the off-label use of drugs for pediatric rare diseases in China (2025 edition).,False,False,Europe PMC proxy for regulatory documents. FDA and EMA documents are not retrievable as structured data here; openFDA label endpoint shares the same 1000/day budget as stage 79 and was not spent on it.
PREDNISOLONE,regulatory / label-adjacent literature (Europe PMC),42139656,PMC13225237,2026,"Vamorolone Safety, Pharmacokinetics, and Exploratory Efficacy in Duchenne Muscular Dystrophy: A Phase II, Nonrandomized, Multiple-Dose Study in 2-&lt;4-Year-Old Boys.",False,False,Europe PMC proxy for regulatory documents. FDA and EMA documents are not retrievable as structured data here; openFDA label endpoint shares the same 1000/day budget as stage 79 and was not spent on it.
PREDNISOLONE,regulatory / label-adjacent literature (Europe PMC),41300647,PMC12651789,2025,Neuroinflammation as a Novel Therapeutic Frontier for Sanfilippo Syndrome.,False,False,Europe PMC proxy for regulatory documents. FDA and EMA documents are not retrievable as structured data here; openFDA label endpoint shares the same 1000/day budget as stage 79 and was not spent on it.
PREDNISOLONE,regulatory / label-adjacent literature (Europe PMC),41774261,PMC12957623,2026,"Results of a phase II open-label, multiple-dose study of vamorolone (VBP15-006) in 7- to &lt; 18-year-old boys with duchenne muscular dystrophy.",False,False,Europe PMC proxy for regulatory documents. FDA and EMA documents are not retrievable as structured data here; openFDA label endpoint shares the same 1000/day budget as stage 79 and was not spent on it.
PREDNISOLONE,regulatory / label-adjacent literature (Europe PMC),41874506,PMC13014172,2026,Prednisolone Once Daily vs Hydrocortisone Thrice Daily in Hypoadrenalism: A Randomized Clinical Trial.,False,False,Europe PMC proxy for regulatory documents. FDA and EMA documents are not retrievable as structured data here; openFDA label endpoint shares the same 1000/day budget as stage 79 and was not spent on it.
PREDNISOLONE,regulatory / label-adjacent literature (Europe PMC),42448986,,2026,Head-to-Head Comparison of an IGF-1R Inhibitor Versus Intravenous Glucocorticoid for Active Thyroid Eye Disease: Design of a Randomized Clinical Trial.,False,False,Europe PMC proxy for regulatory documents. FDA and EMA documents are not retrievable as structured data here; openFDA label endpoint shares the same 1000/day budget as stage 79 and was not spent on it.
PREDNISOLONE,regulatory / label-adjacent literature (Europe PMC),41886473,PMC13038111,2026,A systematic review of adverse effects associated with systemic corticosteroids in the management of leprosy.,False,False,Europe PMC proxy for regulatory documents. FDA and EMA documents are not retrievable as structured data here; openFDA label endpoint shares the same 1000/day budget as stage 79 and was not spent on it.
PREDNISOLONE,regulatory / label-adjacent literature (Europe PMC),42198681,PMC13209986,2026,Therapeutic Approaches for HTLV-1-Associated Myelopathy/Tropical Spastic Paraparesis: Current and Emerging Strategies.,False,False,Europe PMC proxy for regulatory documents. FDA and EMA documents are not retrievable as structured data here; openFDA label endpoint shares the same 1000/day budget as stage 79 and was not spent on it.
PREDNISOLONE,regulatory / label-adjacent literature (Europe PMC),42345630,PMC13295749,2026,Pharmacotherapeutic Interventions for Sensorineural Hearing Loss: A Scoping Review.,False,False,Europe PMC proxy for regulatory documents. FDA and EMA documents are not retrievable as structured data here; openFDA label endpoint shares the same 1000/day budget as stage 79 and was not spent on it.
AMPHOTERICIN B,regulatory / label-adjacent literature (Europe PMC),42367301,,2026,Off-label prescribing in ophthalmology: a retrospective analysis.,False,False,Europe PMC proxy for regulatory documents. FDA and EMA documents are not retrievable as structured data here; openFDA label endpoint shares the same 1000/day budget as stage 79 and was not spent on it.
AMPHOTERICIN B,regulatory / label-adjacent literature (Europe PMC),42012271,PMC13104782,2026,Novel Inositol Acyltransferase (Gwt1) Inhibitor for Fungal Keratitis Treatment: Evaluation of In Vitro and In Vivo Efficacy and Safety.,False,False,Europe PMC proxy for regulatory documents. FDA and EMA documents are not retrievable as structured data here; openFDA label endpoint shares the same 1000/day budget as stage 79 and was not spent on it.
AMPHOTERICIN B,regulatory / label-adjacent literature (Europe PMC),,PMC13293914,,Off-label prescribing in ophthalmology: a retrospective analysis,False,False,Europe PMC proxy for regulatory documents. FDA and EMA documents are not retrievable as structured data here; openFDA label endpoint shares the same 1000/day budget as stage 79 and was not spent on it.
AMPHOTERICIN B,regulatory / label-adjacent literature (Europe PMC),42226574,PMC13232878,2026,Repurposing the antispasmodic drug pinaverium bromide as a novel antifungal agent and synergist against &lt;i&gt;Candida albicans&lt;/i&gt;.,False,False,Europe PMC proxy for regulatory documents. FDA and EMA documents are not retrievable as structured data here; openFDA label endpoint shares the same 1000/day budget as stage 79 and was not spent on it.
AMPHOTERICIN B,regulatory / label-adjacent literature (Europe PMC),42346571,PMC13300783,2026,In Vitro Evaluation of Olorofim and Amphotericin B Combination Therapy Against &lt;i&gt;Talaromyces marneffei&lt;/i&gt;.,False,False,Europe PMC proxy for regulatory documents. FDA and EMA documents are not retrievable as structured data here; openFDA label endpoint shares the same 1000/day budget as stage 79 and was not spent on it.
AMPHOTERICIN B,regulatory / label-adjacent literature (Europe PMC),42132416,PMC13251425,2026,Evaluation of Sensititre YeastOne for antifungal susceptibility testing of &lt;i&gt;Candida (Candidozyma) auris&lt;/i&gt;: misclassification of &lt;i&gt;FKS1&lt;/i&gt; mutants and overestimation of caspofungin resistance,False,True,Europe PMC proxy for regulatory documents. FDA and EMA documents are not retrievable as structured data here; openFDA label endpoint shares the same 1000/day budget as stage 79 and was not spent on it.
AMPHOTERICIN B,regulatory / label-adjacent literature (Europe PMC),42042330,PMC13117111,2026,Clinical Significance of Rare Non-&lt;i&gt;Candida&lt;/i&gt; Yeasts in Pediatric Fungemia: A Retrospective Analysis.,False,False,Europe PMC proxy for regulatory documents. FDA and EMA documents are not retrievable as structured data here; openFDA label endpoint shares the same 1000/day budget as stage 79 and was not spent on it.
AMPHOTERICIN B,regulatory / label-adjacent literature (Europe PMC),42015479,PMC13108355,2026,Esculetin exhibits antifungal effects against &lt;i&gt;Cryptococcus neoformans&lt;/i&gt; by inhibiting titan cell formation.,False,False,Europe PMC proxy for regulatory documents. FDA and EMA documents are not retrievable as structured data here; openFDA label endpoint shares the same 1000/day budget as stage 79 and was not spent on it.
AMPHOTERICIN B,regulatory / label-adjacent literature (Europe PMC),41998068,PMC13247071,2026,Real-time snapping dynamics and nanoscale thickness profiling of salmon keratocyte tunneling nanotubes using partially coherent quantitative phase microscopy.,False,False,Europe PMC proxy for regulatory documents. FDA and EMA documents are not retrievable as structured data here; openFDA label endpoint shares the same 1000/day budget as stage 79 and was not spent on it.
AMPHOTERICIN B,regulatory / label-adjacent literature (Europe PMC),42339268,PMC13285926,2026,Antimicrobial peptides from arthropod venoms exhibit activity against &lt;i&gt;Sporothrix&lt;/i&gt; species.,False,False,Europe PMC proxy for regulatory documents. FDA and EMA documents are not retrievable as structured data here; openFDA label endpoint shares the same 1000/day budget as stage 79 and was not spent on it.
AMPHOTERICIN B,regulatory / label-adjacent literature (Europe PMC),41893153,PMC13028233,2026,New and Investigational Treatment Options for Dermatomycosis in the Era of Antifungal Resistance.,False,False,Europe PMC proxy for regulatory documents. FDA and EMA documents are not retrievable as structured data here; openFDA label endpoint shares the same 1000/day budget as stage 79 and was not spent on it.
AMPHOTERICIN B,regulatory / label-adjacent literature (Europe PMC),42003962,PMC13089233,2026,The Upcoming Antifungal Drugs in Clinical Development for the Treatment of Invasive Candidiasis.,False,False,Europe PMC proxy for regulatory documents. FDA and EMA documents are not retrievable as structured data here; openFDA label endpoint shares the same 1000/day budget as stage 79 and was not spent on it.
FLUCONAZOLE,regulatory / label-adjacent literature (Europe PMC),42039693,PMC13110046,2026,A Drug-Drug Interaction of Ainuovirine with Fluconazole in Healthy Adults and Dose Optimization Informed by Pharmacokinetics Modelling.,False,False,Europe PMC proxy for regulatory documents. FDA and EMA documents are not retrievable as structured data here; openFDA label endpoint shares the same 1000/day budget as stage 79 and was not spent on it.
FLUCONAZOLE,regulatory / label-adjacent literature (Europe PMC),42003962,PMC13089233,2026,The Upcoming Antifungal Drugs in Clinical Development for the Treatment of Invasive Candidiasis.,False,False,Europe PMC proxy for regulatory documents. FDA and EMA documents are not retrievable as structured data here; openFDA label endpoint shares the same 1000/day budget as stage 79 and was not spent on it.
FLUCONAZOLE,regulatory / label-adjacent literature (Europe PMC),42132416,PMC13251425,2026,Evaluation of Sensititre YeastOne for antifungal susceptibility testing of &lt;i&gt;Candida (Candidozyma) auris&lt;/i&gt;: misclassification of &lt;i&gt;FKS1&lt;/i&gt; mutants and overestimation of caspofungin resistance,False,True,Europe PMC proxy for regulatory documents. FDA and EMA documents are not retrievable as structured data here; openFDA label endpoint shares the same 1000/day budget as stage 79 and was not spent on it.
FLUCONAZOLE,regulatory / label-adjacent literature (Europe PMC),41122134,PMC12537239,2025,Renal Transplant in a Bardet-Biedl Syndrome Patient: A First Case From Azerbaijan.,False,False,Europe PMC proxy for regulatory documents. FDA and EMA documents are not retrievable as structured data here; openFDA label endpoint shares the same 1000/day budget as stage 79 and was not spent on it.
FLUCONAZOLE,regulatory / label-adjacent literature (Europe PMC),41982454,PMC13070928,2026,"Six-month surveillance of &lt;i&gt;Candida parapsilosis&lt;/i&gt; in Tyrol, Austria: high-risk ST11 lineage and early, heterogeneous fluconazole resistance.",False,False,Europe PMC proxy for regulatory documents. FDA and EMA documents are not retrievable as structured data here; openFDA label endpoint shares the same 1000/day budget as stage 79 and was not spent on it.
FLUCONAZOLE,regulatory / label-adjacent literature (Europe PMC),42198591,PMC13209263,2026,Exploring the Mechanism of Tannic Acid Against &lt;i&gt;Pichia kudriavzevii&lt;/i&gt; in the VK2/E6E7 Vaginal Epithelial Cell Line and Its Synergy with Azoles on Drug-Resistant &lt;i&gt;Candida&lt;/i&gt; Species.,False,False,Europe PMC proxy for regulatory documents. FDA and EMA documents are not retrievable as structured data here; openFDA label endpoint shares the same 1000/day budget as stage 79 and was not spent on it.
FLUCONAZOLE,regulatory / label-adjacent literature (Europe PMC),41891695,PMC13141911,2026,"The azole-resistance phenotype of a &lt;i&gt;Nakaseomyces glabratus&lt;/i&gt; clinical strain encoding a wild-type &lt;i&gt;PDR1&lt;/i&gt; allele involves the efflux pumps Aus1 and Pdh1 and Cyb5, an alternative reductase",False,False,Europe PMC proxy for regulatory documents. FDA and EMA documents are not retrievable as structured data here; openFDA label endpoint shares the same 1000/day budget as stage 79 and was not spent on it.
FLUCONAZOLE,regulatory / label-adjacent literature (Europe PMC),42189323,PMC13212837,2026,Neonatal Candida infections in Brazil: study on virulence and antifungal susceptibility with predominance of non-albicans Candida.,False,False,Europe PMC proxy for regulatory documents. FDA and EMA documents are not retrievable as structured data here; openFDA label endpoint shares the same 1000/day budget as stage 79 and was not spent on it.
FLUCONAZOLE,regulatory / label-adjacent literature (Europe PMC),41884392,PMC13011845,2026,An Overview of the Treatment of Onychomycosis in Patients with Diabetes: Current Pharmacological and Non-Pharmacological Options.,False,False,Europe PMC proxy for regulatory documents. FDA and EMA documents are not retrievable as structured data here; openFDA label endpoint shares the same 1000/day budget as stage 79 and was not spent on it.
FLUCONAZOLE,regulatory / label-adjacent literature (Europe PMC),41858679,PMC12997004,2026,A review of the current anti-&lt;i&gt;Cryptococcus&lt;/i&gt; antifungals and emerging treatment strategies.,False,False,Europe PMC proxy for regulatory documents. FDA and EMA documents are not retrievable as structured data here; openFDA label endpoint shares the same 1000/day budget as stage 79 and was not spent on it.
FLUCONAZOLE,regulatory / label-adjacent literature (Europe PMC),41820875,PMC13094096,2026,Pogostone disrupts key virulence traits of Candida albicans: hyphal inhibition and biofilm suppression.,False,False,Europe PMC proxy for regulatory documents. FDA and EMA documents are not retrievable as structured data here; openFDA label endpoint shares the same 1000/day budget as stage 79 and was not spent on it.
FLUCONAZOLE,regulatory / label-adjacent literature (Europe PMC),42042330,PMC13117111,2026,Clinical Significance of Rare Non-&lt;i&gt;Candida&lt;/i&gt; Yeasts in Pediatric Fungemia: A Retrospective Analysis.,False,False,Europe PMC proxy for regulatory documents. FDA and EMA documents are not retrievable as structured data here; openFDA label endpoint shares the same 1000/day budget as stage 79 and was not spent on it.
