gene,avg_lfc_pD4,avg_neglogp_pD4,n_guides_pD4,guide_mean_lfc_pD4,guide_sd_pD4,guide_consistency_pD4,guide_t_pD4,guide_p_pD4,guide_FDR_pD4,avg_lfc_pD15,avg_neglogp_pD15,n_guides_pD15,guide_mean_lfc_pD15,guide_sd_pD15,guide_consistency_pD15,guide_t_pD15,guide_p_pD15,guide_FDR_pD15,avg_lfc_sD4,avg_neglogp_sD4,n_guides_sD4,guide_mean_lfc_sD4,guide_sd_sD4,guide_consistency_sD4,guide_t_sD4,guide_p_sD4,guide_FDR_sD4,avg_lfc_sD15,avg_neglogp_sD15,n_guides_sD15,guide_mean_lfc_sD15,guide_sd_sD15,guide_consistency_sD15,guide_t_sD15,guide_p_sD15,guide_FDR_sD15,in_secondary_library,sig_pD4,sig_pD15,sig_sD4,sig_sD15,primary_sign_agree,secondary_sign_agree,cross_library_agree,n_sig_timepoints,max_abs_lfc,screen_direction,effect_class,frac_multimapping_guides,multimapping_artifact,d4_concordant,crispr_tier,CRISPR_CAUSAL
Sufu,3.627921664,10.8170469928,4.0,3.63,0.41408533742052106,1.0,17.5326179024474,0.0004044524753724144,0.03503026398266862,6.35348482775,10.4310327087,4.0,6.3525,0.5063842414609679,1.0,25.08964331777947,0.00013883825754700061,0.016821097561763775,2.1509045,10.83776719,10.0,2.1500000000000004,0.7535987732945902,1.0,9.021905568713356,8.369896006959213e-06,2.1614566611378185e-05,5.269807446,12.00161307,10.0,5.27,0.8470340410318035,1.0,19.674773930911748,1.0491607645675833e-08,4.931055593467641e-07,True,True,True,True,True,True,True,True,4,6.35348482775,1.0,KO_promotes_maturation,0.0,False,True,A_secondary_validated,True
Ptch1,1.81614906675,8.22453817196,4.0,1.8124999999999998,0.4964792711349252,1.0,7.301412588109555,0.005304854842078431,0.1595261943901921,6.0035276,9.70707100719,4.0,6.005000000000001,1.0393106689852976,1.0,11.55573627635867,0.001391527744213097,0.0627096729764342,1.417638639,7.953628008,9.0,1.4188888888888889,0.26647910070230857,1.0,15.973735484126806,2.3642177451982144e-07,1.5015977570853525e-06,5.041401685,10.34071777,9.0,5.04111111111111,0.6053809636180437,1.0,24.98151452095408,7.052632355318898e-09,4.931055593467641e-07,True,False,True,True,True,True,True,True,3,6.0035276,1.0,KO_promotes_maturation,0.0,False,True,A_secondary_validated,True
Fkbp1a,0.351875363,1.6149142784,4.0,0.35,0.17107503227141785,1.0,4.09177184248266,0.026389606335821478,0.3268961964294477,4.60467400175,8.60024928889,4.0,4.6049999999999995,0.4442596838186723,1.0,20.731118162320406,0.00024545770024828083,0.02370115231390171,0.023968417,1.597728395,8.0,0.0225,0.021876275473019364,0.75,2.9090697081995436,0.022690608967302146,0.027628461695937846,1.499687838,3.194105117,9.0,1.498888888888889,0.33839490408561285,1.0,13.28822216994445,9.821567237315545e-07,1.3736460940065685e-05,True,False,True,True,True,True,True,True,3,4.60467400175,1.0,KO_promotes_maturation,0.0,False,True,A_secondary_validated,True
Prkar1a,-1.0451252965,4.39849994535,4.0,-1.045,0.34346275877694027,1.0,-6.085084762733584,0.00891210383847253,0.20133592022281604,-3.9572210275,8.49721202178,4.0,-3.9575,0.5995206418464671,1.0,-13.20221431512774,0.0009389281860521493,0.0504723979026225,-0.733512195,2.276472586,9.0,-0.7311111111111112,0.16143454125778384,1.0,-13.586518202637617,8.279388345509609e-07,3.0400879081168097e-06,-2.290622749,6.466040803,10.0,-2.291,0.8261349096176054,1.0,-8.769485510301411,1.0551686190988922e-05,8.265487516274655e-05,True,False,True,True,True,True,True,True,3,3.9572210275,-1.0,KO_blocks_maturation,0.0,False,True,A_secondary_validated,True
Smad6,0.87837432725,4.78851005253,4.0,0.8800000000000001,0.24248711305964288,1.0,7.258117669812437,0.005396211892313099,0.16032891821298142,3.8266177695,5.54886567374,4.0,3.825,1.0960687326379976,1.0,6.979489307744528,0.006036718125511277,0.11147983428256948,0.352052661,3.31994584,10.0,0.35300000000000004,0.23856282657241934,1.0,4.679203504073897,0.0011535014957744594,0.0017376464840192175,0.498893611,0.982396353,9.0,0.49888888888888894,0.48273813927543685,0.8888888888888888,3.10036963085842,0.014657560517683438,0.029952406275266154,True,False,False,True,True,True,True,True,2,3.8266177695,1.0,KO_promotes_maturation,0.0,False,True,A_secondary_validated,True
Fuz,0.5500026265,2.57909281734,4.0,0.5499999999999999,0.25179356624028343,1.0,4.368658089342458,0.022183119202753773,0.30556941811172056,3.65620117875,6.25155102893,4.0,3.655,0.3029301349596416,1.0,24.130976606120374,0.00015597952540111958,0.017963356331909156,0.051133134,1.49248432,10.0,0.051000000000000004,0.13110216541986552,0.6,1.230156345260104,0.24982255891494123,0.2693041346101431,0.469469083,1.068728377,10.0,0.46900000000000003,0.3766651917375252,1.0,3.9374708763969264,0.003419055243422567,0.008457662970571612,True,False,True,False,True,True,True,True,2,3.65620117875,1.0,KO_promotes_maturation,0.0,False,True,A_secondary_validated,True
Arrb2,1.102088241,6.54951603233,4.0,1.1025,0.14056433876817173,1.0,15.686766781129572,0.0005630579001117987,0.043917352905897794,3.480789956,5.27974001482,4.0,3.4825,0.5894276885250642,1.0,11.816547026198664,0.0013029079669125505,0.06068655774774902,0.511165,4.639011338,9.0,0.5111111111111111,0.0927960727138337,1.0,16.52368778646329,1.816349060747369e-07,1.2554177331636226e-06,0.475448206,0.921383863,10.0,0.475,0.4967281841096687,0.8,3.0239514016550095,0.014386931308418522,0.029657270679634674,True,True,True,True,True,True,True,True,4,3.480789956,1.0,KO_promotes_maturation,0.0,False,True,A_secondary_validated,True
Edc4,0.50902828125,2.46690208507,4.0,0.5075,0.3024758943563382,1.0,3.3556393052738853,0.04387490096536621,0.39788232407846497,3.3863861825,4.27837968536,4.0,3.385,1.1821026464172504,1.0,5.72708302491218,0.010566820485366168,0.13563250153091186,0.130566499,2.189188252,10.0,0.12999999999999998,0.10852547064066471,0.8,3.7880148631933293,0.004295743442226465,0.005835258433082192,0.669925167,1.461345917,9.0,0.67,0.2552939482243949,1.0,7.873277114400209,4.897823087769334e-05,0.00025021487513604204,True,False,False,True,True,True,True,True,2,3.3863861825,1.0,KO_promotes_maturation,0.0,False,True,A_secondary_validated,True
Mib1,0.24865586375,1.08192505842,4.0,0.25,0.25573423705088844,0.75,1.9551547175144377,0.14553896399703006,0.5864608440896217,3.3848613755,4.34984622003,4.0,3.385,2.023536508195491,1.0,3.3456278019106342,0.04420215280410925,0.21591170421210207,0.107369824,2.049279133,9.0,0.10888888888888888,0.07114148656804348,1.0,4.591788595171193,0.001774407443290918,0.0025899735973500975,1.370252787,2.541602548,10.0,1.3699999999999999,0.7904429138147802,1.0,5.48087701048813,0.0003897206723284033,0.001327309536190939,True,False,False,True,True,True,True,True,2,3.3848613755,1.0,KO_promotes_maturation,0.0,False,True,A_secondary_validated,True
Eif3h,-0.04682403175,0.58084046974,4.0,-0.047500000000000014,0.6538284688407706,0.5,-0.14529804761856546,0.8936885886885929,0.9724788505612306,-1.98482592975,3.67117732612,4.0,-1.9849999999999999,0.5275414675643992,1.0,-7.525474761878062,0.004863273608561591,0.10171116219875574,-0.456737635,1.155528249,10.0,-0.45499999999999996,0.287489130229301,0.9,-5.004837345429367,0.0007341062756248783,0.0011500998318123095,-3.353477436,11.02397991,10.0,-3.3529999999999993,0.5363052613328845,1.0,-19.770674947682874,1.0051414568736466e-08,4.931055593467641e-07,True,False,False,True,True,True,True,True,2,3.353477436,-1.0,KO_blocks_maturation,0.0,False,False,A_secondary_validated,True
Cop1,-1.11560708325,4.58176580224,4.0,-1.1175,0.5030821669137823,1.0,-4.442614242740654,0.02120864334433095,0.30311443245988634,-3.23091896825,6.10245340055,4.0,-3.2325,1.2258704390486515,1.0,-5.273803653359343,0.013291039129615845,0.14300830603529163,-0.753860331,2.529501099,10.0,-0.7540000000000001,0.18845571245137557,1.0,-12.65208321229402,4.89995394827047e-07,2.1726210902708687e-06,-2.607475437,7.872855445,10.0,-2.607,0.4168412967385389,1.0,-19.777449894150003,1.0021100380249417e-08,4.931055593467641e-07,True,False,False,True,True,True,True,True,2,3.23091896825,-1.0,KO_blocks_maturation,0.25,False,True,A_secondary_validated,True
Urod,1.1066738635,6.68029269927,4.0,1.1075,0.10626225419530053,1.0,20.844654734399178,0.00024149046516632608,0.025404241754002303,2.348495028,2.26675771699,4.0,2.3499999999999996,0.3799122705748438,1.0,12.371277171143873,0.0011379020926898342,0.056383990219335524,1.014487423,7.002989416,10.0,1.016,0.23646470255739133,1.0,13.587119210535409,2.655378153577341e-07,1.5327539205219829e-06,3.141067914,7.93271854,9.0,3.138888888888889,0.43322755119118533,1.0,21.736075281396516,2.1159882414169674e-08,7.103674810471248e-07,True,True,True,True,True,True,True,True,4,3.141067914,1.0,KO_promotes_maturation,0.0,False,True,A_secondary_validated,True
Wdpcp,0.37521279525,1.69646176029,4.0,0.375,0.2540997179586523,1.0,2.9515971368454714,0.05994755915558768,0.4418019862356433,3.120243119,4.27900951151,4.0,3.12,0.5319774431308154,1.0,11.729820654191833,0.00133152253589308,0.061744938832564066,0.27616891,3.246633051,9.0,0.2777777777777778,0.0880025252162939,1.0,9.469425238482128,1.273275985236986e-05,3.0532638421499157e-05,0.533928681,0.977214458,10.0,0.5349999999999999,0.5784702047450481,0.8,2.9246425041644555,0.016903668814854285,0.03366408619907421,True,False,True,True,True,True,True,True,3,3.120243119,1.0,KO_promotes_maturation,0.0,False,True,A_secondary_validated,True
Traf3ip1,0.3652703095,1.54720876069,4.0,0.365,0.3378855822118882,0.75,2.1604946716614166,0.11951999198688462,0.5551074492132458,3.04003634625,3.98820075652,4.0,3.0375,0.7486599138905907,1.0,8.114498836233674,0.0039123397445456525,0.09438821751523073,0.187667321,2.367679263,10.0,0.188,0.16877335229367357,0.8,3.522524095374862,0.006489665570198868,0.008616222649699062,0.742016767,1.590080718,9.0,0.741111111111111,0.2707602465486969,1.0,8.211446701181302,3.617445985424315e-05,0.00019608099224967257,True,False,True,True,True,True,True,True,3,3.04003634625,1.0,KO_promotes_maturation,0.0,False,True,A_secondary_validated,True
Gnas,0.99517444175,4.74770465825,4.0,0.9924999999999999,0.49627781198303306,1.0,3.9997758353699355,0.028012564600850116,0.33330939774865986,2.201205662,2.1259235571,4.0,2.2024999999999997,1.737495803352246,1.0,2.5352579220630007,0.0850316198013674,0.27992190215747775,0.651191709,4.479141578,10.0,0.651,0.398844163385484,0.9,5.16152158099887,0.0005938781391275303,0.0009558997444860934,3.023483688,6.898396613,9.0,3.0244444444444443,0.7628255225002489,1.0,11.894375667445464,2.2932211957185125e-06,2.6295427744344893e-05,True,False,False,True,True,True,True,True,2,3.023483688,1.0,KO_promotes_maturation,0.0,False,True,A_secondary_validated,True
Eed,2.65388899625,9.32840784351,4.0,2.6525,0.8275415397428699,1.0,6.410554328968605,0.007691122001126014,0.19236982952697046,2.948292457,3.6884308231,4.0,2.9475,0.6121750838880438,1.0,9.629598059691846,0.0023770463658876096,0.0794623474146799,1.816540621,9.573976602,10.0,1.818,0.5946950665864165,1.0,9.667174169084369,4.7393079443276574e-06,1.2950434499034877e-05,2.003116983,4.513990057,9.0,2.0044444444444443,0.4926994801882561,1.0,12.20487046390975,1.8841981619374684e-06,2.4599253780850284e-05,True,False,True,True,True,True,True,True,3,2.948292457,1.0,KO_promotes_maturation,0.0,False,True,A_secondary_validated,True
Pibf1,0.33600614225,1.55958215194,4.0,0.33499999999999996,0.19570385790780925,1.0,3.423540073060893,0.04173468632881018,0.391566260273886,2.923813167,3.77415150209,4.0,2.9225000000000003,0.41867847647886874,1.0,13.960593458629836,0.0007957832782005726,0.04685285817720225,0.319840875,3.92481589,10.0,0.321,0.07078135347674555,1.0,14.341222356641525,1.6652523367126727e-07,1.1858615125075094e-06,0.899863891,1.761475623,10.0,0.901,0.4548125376948666,1.0,6.264585814305859,0.0001470526856423216,0.0006062698443148346,True,False,True,True,True,True,True,True,3,2.923813167,1.0,KO_promotes_maturation,0.0,False,True,A_secondary_validated,True
Gsk3b,-0.040511083,0.428436627599,4.0,-0.037500000000000006,0.3857784338192067,0.5,-0.1944121117852545,0.8582735450107631,0.9615379498329999,2.5871535985,2.77318923449,4.0,2.5875,0.7832570884879796,1.0,6.607026065975296,0.00705907956513885,0.11709255197568723,-0.062336254,1.113858128,10.0,-0.06100000000000001,0.09338688939626971,0.8,-2.0655890619907127,0.06885420213509645,0.07893042683779349,-0.194877945,1.211938442,10.0,-0.194,0.3748836856650043,0.7,-1.6364592259714188,0.13617102675889384,0.19536905816546937,True,False,False,True,False,False,True,False,1,2.5871535985,-1.0,KO_blocks_maturation,0.0,False,False,A_secondary_validated,True
Cep20,0.15039099925,0.955828500563,4.0,0.15000000000000002,0.5287721626560914,0.75,0.5673521058541755,0.6101551326611426,0.8834602864086386,2.58063465625,2.55834132236,4.0,2.58,1.1869568933481394,1.0,4.347251386227512,0.022475957412873032,0.17260860974700673,0.080291272,2.065035064,10.0,0.08,0.056960024968783544,0.9,4.441399261185631,0.0016202130383113121,0.0023946544905859017,0.390086117,0.71629738,10.0,0.3909999999999999,0.7487982965317755,0.7,1.6512464983597446,0.13308314879613245,0.1930880125988995,True,False,False,True,False,True,True,True,1,2.58063465625,1.0,KO_promotes_maturation,0.0,False,False,A_secondary_validated,True
Ift172,0.10163678675,0.682460343989,4.0,0.1,0.37885793291593267,0.5,0.52790236820613,0.6341224926226269,0.8920678746866627,2.55757484,2.56616680318,4.0,2.5575,0.831840329229915,1.0,6.1490166084340565,0.008653171495858349,0.12507231770369684,0.152535468,2.392864731,9.0,0.1511111111111111,0.07623064417352847,1.0,5.946864784474115,0.000343181951519765,0.0005719699191996083,0.687345476,1.424009302,10.0,0.687,0.3870701917396034,0.9,5.612637704732346,0.000328911966465077,0.0011891432633737398,True,False,False,True,True,True,True,True,2,2.55757484,1.0,KO_promotes_maturation,0.0,False,False,A_secondary_validated,True
Map2k4,0.11910482525,0.74797483064,4.0,0.12000000000000001,0.4722287581247038,0.5,0.5082282598651521,0.6463071836442125,0.8968476055248935,2.55030374125,2.75769398045,4.0,2.5525,0.3421865962697351,1.0,14.918760862204804,0.0006535700523791872,0.042542945024434044,,,,,,,,,,,,,,,,,,,False,False,True,False,False,True,False,False,1,2.55030374125,1.0,KO_promotes_maturation,0.0,False,False,B_primary_reproducible,True
Cd200,-2.34180172525,11.1423031282,4.0,-2.3400000000000003,0.22226110770892862,1.0,-21.056315467161678,0.00023431952962873036,0.02518634533855481,-0.98112368975,2.08543068759,4.0,-0.9825,0.361420807370024,1.0,-5.436875685987347,0.01221536762148775,0.14158052042300676,-1.646955657,11.47596309,9.0,-1.6477777777777778,0.3752258579101984,1.0,-13.174287510101196,1.049351895350893e-06,3.6805626180217896e-06,-2.541413327,6.935883622,9.0,-2.5422222222222226,0.4895604604586082,1.0,-15.57860015803195,2.8725720493010874e-07,5.795381158703369e-06,True,True,False,True,True,True,True,True,3,2.541413327,-1.0,KO_blocks_maturation,0.0,False,True,A_secondary_validated,True
Eef2k,-0.04788837125,0.481212921601,4.0,-0.04999999999999999,0.2958603274069258,0.5,-0.3379973275783615,0.757635568567519,0.9326500873369227,2.537709274,2.8477081722,4.0,2.5375,0.20418537329266917,1.0,24.854865547718482,0.0001427944840200083,0.01700552491511008,,,,,,,,,,,,,,,,,,,False,False,True,False,False,False,False,False,1,2.537709274,1.0,KO_promotes_maturation,0.0,False,False,B_primary_reproducible,True
Cplane2,0.36299882375,1.71473728682,4.0,0.36250000000000004,0.13961255912942314,1.0,5.192942558469351,0.013870455128330085,0.24595520173851104,2.52064315025,2.75160343316,4.0,2.52,0.6610597552415363,1.0,7.624121662282252,0.004684221653744558,0.09977772953504668,0.116163674,2.140474466,10.0,0.11499999999999999,0.09846036991827953,0.9,3.6934853202481053,0.004970467076731166,0.006674627217324708,0.484995293,0.966651879,10.0,0.484,0.4943278264471868,0.8,3.0962092474578027,0.012800525016878518,0.02662056087580931,True,False,True,True,True,True,True,True,3,2.52064315025,1.0,KO_promotes_maturation,0.0,False,True,A_secondary_validated,True
Ppp2r5d,0.73849070375,3.90225257009,4.0,0.74,0.20314198646923454,1.0,7.285544587426506,0.00533809958713854,0.159837953352034,2.50508329025,2.3423488614,4.0,2.505,1.2153874553683144,1.0,4.122142266543104,0.025880524240541793,0.17849438308465276,0.174515554,2.451499024,8.0,0.17500000000000002,0.052098807225172766,1.0,9.500692495536146,2.995669771646615e-05,6.518355521638468e-05,0.729200668,1.498568708,10.0,0.7310000000000001,0.4021456342062053,1.0,5.748228435069297,0.00027691383951366935,0.0010495927788018113,True,False,False,True,True,True,True,True,2,2.50508329025,1.0,KO_promotes_maturation,0.0,False,True,A_secondary_validated,True
Det1,-0.5075988115,1.61432677147,4.0,-0.5075000000000001,0.40301985062773277,1.0,-2.518486368398638,0.0862914028563654,0.4963483390863156,-1.46010267625,2.75183006338,4.0,-1.4625,0.5971808771218314,1.0,-4.8980135032074505,0.016285373183380702,0.1558085088407388,-0.525331741,1.399153603,10.0,-0.5259999999999999,0.26567314923082125,1.0,-6.260918930137777,0.0001476971246958383,0.0002732978291615906,-2.47588069,6.065941214,8.0,-2.475,0.5033601380437556,1.0,-13.907253683123994,2.349804181409544e-06,2.6295427744344893e-05,True,False,False,True,True,True,True,True,2,2.47588069,-1.0,KO_blocks_maturation,0.0,False,True,A_secondary_validated,True
Bbc3,0.08803101725,0.738745975498,4.0,0.08750000000000001,0.10404326023342407,0.75,1.6819926596627446,0.19116066840783597,0.6327744172186105,2.45395481525,2.35219194144,4.0,2.4525,0.6776122293268722,1.0,7.238653300092503,0.005437960029517367,0.10632429311444405,0.205325765,2.939270239,10.0,0.20400000000000001,0.08500980335624043,1.0,7.588591164844676,3.36635025820817e-05,7.126957753864143e-05,0.386114764,0.70081785,10.0,0.386,0.6563738771970337,0.6,1.859670561597589,0.09586368214240544,0.1491918232017568,True,False,False,True,False,True,True,True,1,2.45395481525,1.0,KO_promotes_maturation,0.0,False,False,A_secondary_validated,True
Suz12,1.524830768,6.52901649972,4.0,1.5274999999999999,0.7638662622911596,1.0,3.9993911903331827,0.028019616356542876,0.33330939774865986,2.38729077075,2.22791456325,4.0,2.3875,0.6165157472982069,1.0,7.745138742888178,0.004476258693759201,0.09915096929050961,1.123055583,6.735946435,10.0,1.1219999999999999,0.5055206337145014,1.0,7.018656209219617,6.195937850947438e-05,0.00012517138300476027,1.547009891,3.325441475,10.0,1.5470000000000002,0.5853973009845536,1.0,8.356792100087878,1.559416721973046e-05,0.00010778321460696053,True,False,True,True,True,True,True,True,3,2.38729077075,1.0,KO_promotes_maturation,0.0,False,True,A_secondary_validated,True
Ift57,0.188276049,0.968224671333,4.0,0.1875,0.523601311432022,0.75,0.7161937753257239,0.5255881219660854,0.8535156919818044,2.3188045525,2.27099209552,4.0,2.3175,1.0190641131286424,1.0,4.54829086834392,0.019910263670977844,0.16622253054899905,0.182619472,2.52948489,9.0,0.18222222222222223,0.09121098861674752,1.0,5.993429903097132,0.00032577058351034044,0.0005547542545284783,0.508402245,1.260421046,9.0,0.5088888888888888,0.21554839621558566,1.0,7.082709467899431,0.00010375100615548572,0.0004515090082692435,True,False,False,True,True,True,True,True,2,2.3188045525,1.0,KO_promotes_maturation,0.0,False,False,A_secondary_validated,True
Nae1,0.290673521,1.24919113724,4.0,0.2875,0.4500648101477534,0.75,1.277593775463652,0.29129108158578815,0.7176380998325705,2.316604507,2.24267612746,4.0,2.3175,0.29466082196315146,1.0,15.72995001208415,0.0005584776412161938,0.038379315934070235,,,,,,,,,,,,,,,,,,,False,False,True,False,False,True,False,False,1,2.316604507,1.0,KO_promotes_maturation,0.0,False,True,B_primary_reproducible,True
Pdcd10,-1.00698105425,4.31779533841,4.0,-1.0075,0.24904818810824547,1.0,-8.090803692674156,0.003945600770988616,0.13309024671111308,-2.30505222675,4.21196639134,4.0,-2.3025,0.8096243985124625,1.0,-5.68782266006416,0.01077206434363472,0.13650942891221662,-0.920198886,3.957346449,9.0,-0.9199999999999999,0.16301840386901112,1.0,-16.930603750836138,1.5024210806306989e-07,1.1389321095103684e-06,-1.344067842,4.241179297,10.0,-1.343,0.5030363362179273,1.0,-8.442608598688304,1.4359615815358977e-05,0.00010225787020028362,True,False,False,True,True,True,True,True,2,2.30505222675,-1.0,KO_blocks_maturation,0.0,False,True,A_secondary_validated,True
Osbpl5,0.0987611555,0.719516805639,4.0,0.1,0.14023789311975085,0.75,1.4261480656245853,0.24907841330869882,0.6852430437384428,2.2781453715,2.17631647464,4.0,2.2800000000000002,0.3168595903550971,1.0,14.391232390629918,0.0007272418022359172,0.0443555616139146,,,,,,,,,,,,,,,,,,,False,False,True,False,False,True,False,False,1,2.2781453715,1.0,KO_promotes_maturation,0.0,False,False,B_primary_reproducible,True
Pkia,0.127449183,0.731826005305,4.0,0.1275,0.21761969886325397,0.75,1.17176892226211,0.3258822013453885,0.7398712023612807,2.22532308125,2.16568141792,4.0,2.2275,0.13351029922818683,1.0,33.36821223346833,5.916563569933917e-05,0.008795118611759922,,,,,,,,,,,,,,,,,,,False,False,True,False,False,True,False,False,1,2.22532308125,1.0,KO_promotes_maturation,0.0,False,False,B_primary_reproducible,True
Kif3b,0.67881030575,3.37347775596,4.0,0.6775,0.2868652413009751,1.0,4.72347222638365,0.017976338811555317,0.2805540294044672,2.20421826425,2.05621661715,4.0,2.2025,1.0234704034150996,1.0,4.303983764749295,0.023083284573528234,0.17370535006022808,0.239131858,3.039358354,10.0,0.24,0.12027745701779143,1.0,6.309965784595427,0.00013932586622256363,0.00026193262849841963,0.519074974,0.999689869,10.0,0.5189999999999999,0.5004764396719057,0.9,3.279319415521967,0.009539632913344663,0.020567098482899043,True,False,False,True,True,True,True,True,2,2.20421826425,1.0,KO_promotes_maturation,0.0,False,True,A_secondary_validated,True
Bambi,0.56640429175,2.80910458805,4.0,0.565,0.1862793601019716,1.0,6.066157836173713,0.008990707453212921,0.2021944508791232,2.19143927125,2.162868396,4.0,2.1925,1.338391447472176,1.0,3.276320995835682,0.04655465867409749,0.21988633914721023,0.223537245,3.141467607,10.0,0.22400000000000003,0.07229568912920512,1.0,9.797958971132712,4.239738886259833e-06,1.1861174265131677e-05,0.508745957,1.053313915,10.0,0.509,0.4503196395648071,0.9,3.5743485018357988,0.005983399703556298,0.01339141838414981,True,False,False,True,True,True,True,True,2,2.19143927125,1.0,KO_promotes_maturation,0.0,False,True,A_secondary_validated,True
Slc2a1,-0.13062743375,0.616976051666,4.0,-0.13,0.1902629759044045,0.75,-1.3665296611918556,0.26518021705663564,0.6956980677268921,2.1851682905,2.02293277969,4.0,2.185,0.2272296928953903,1.0,19.231641535562066,0.0003070510217339974,0.027270294133663497,,,,,,,,,,,,,,,,,,,False,False,True,False,False,False,False,False,1,2.1851682905,1.0,KO_promotes_maturation,0.25,False,False,B_primary_reproducible,True
Arnt,0.542105051,2.72260932966,4.0,0.54,0.20215505600075073,1.0,5.3424337801177195,0.012823830434102419,0.23956103912547835,2.17272679825,1.94970386244,4.0,2.17,1.0151190406384203,1.0,4.275360648609766,0.023496751360651977,0.17393666072429398,0.112205235,1.968048591,10.0,0.11299999999999999,0.1241012131734058,0.8,2.879402758937752,0.01819571631367041,0.02238739965294527,0.365207392,1.024227855,9.0,0.3655555555555556,0.24582062114024886,1.0,4.4612476430160095,0.0021075693546197746,0.005759055794600547,True,False,False,True,True,True,True,True,2,2.17272679825,1.0,KO_promotes_maturation,0.0,False,True,A_secondary_validated,True
Acvr1,0.17592124125,0.843466512723,4.0,0.175,0.3964425136973413,0.5,0.8828518332602511,0.4423300113351093,0.8153405186512963,2.168386208,1.77475026825,4.0,2.17,0.8044459791268356,1.0,5.395017331941589,0.012480286942226831,0.14181778530941308,0.120059333,2.276872066,10.0,0.12,0.0793025150224688,0.9,4.785135996162155,0.0009941201225387073,0.0015269165280823282,0.132772395,0.812404134,10.0,0.133,0.35805182740926084,0.6,1.1746425980997977,0.2702798443352811,0.3489877110922586,True,False,False,True,False,True,True,True,1,2.168386208,1.0,KO_promotes_maturation,0.0,False,False,A_secondary_validated,True
Ift52,0.2679803255,1.12999704812,4.0,0.26749999999999996,0.3748221800623152,0.75,1.4273434936829372,0.24876651543199435,0.6846512074086776,2.1542796215,2.04961240878,4.0,2.1550000000000002,1.7655499615322887,0.75,2.44116569562236,0.09240409891342333,0.28934199024868335,0.298355863,3.327044795,10.0,0.297,0.15442006202419278,1.0,6.082088381254929,0.00018318651744808577,0.00033114485846384733,0.752593047,1.250630902,9.0,0.7533333333333334,0.5642694391866354,0.8888888888888888,4.0051788082970985,0.003921334626935726,0.009403200380917302,True,False,False,True,True,True,True,True,2,2.1542796215,1.0,KO_promotes_maturation,0.0,False,True,A_secondary_validated,True
Hdlbp,-0.0190733315,0.453581450952,4.0,-0.017499999999999988,0.3004857179079676,0.75,-0.11647808169944282,0.9146334594721526,0.9785976298992962,2.152544534,1.9477221304,4.0,2.1525000000000003,0.23514180118955175,1.0,18.30810165704935,0.00035554610142312217,0.029795748790693855,,,,,,,,,,,,,,,,,,,False,False,True,False,False,False,False,False,1,2.152544534,1.0,KO_promotes_maturation,0.0,False,False,B_primary_reproducible,True
Myh9,0.374755939,1.70356216768,4.0,0.37250000000000005,0.3029163801007356,0.75,2.459424610026861,0.0909140202357939,0.5031840148249908,2.131736743,1.67971792581,4.0,2.1325000000000003,1.1683428435181173,1.0,3.650469572062615,0.03548066307807191,0.20126514157412376,0.219281629,3.010478374,9.0,0.22,0.04272001872658766,1.0,15.449431429889236,3.0645052471939354e-07,1.63672439338767e-06,0.040730129,0.799944592,10.0,0.040999999999999995,0.47353164859618646,0.4,0.2738008841674446,0.7904177035333538,0.8520557813318264,True,False,False,True,False,True,True,True,1,2.131736743,1.0,KO_promotes_maturation,0.0,False,True,A_secondary_validated,True
Med26,-1.001619143,4.50251723384,4.0,-1.0,0.16062378404209013,1.0,-12.451456127293804,0.0011163923548686524,0.06822036081063253,-1.53118438775,2.60614405318,4.0,-1.5325,1.083954949863385,1.0,-2.8276082879517217,0.0663203933414862,0.25435964216606605,-0.801484896,2.861640243,9.0,-0.8022222222222222,0.09202958461519016,1.0,-26.15101085949516,4.910493514848831e-09,1.2752868016653955e-07,-2.123666674,6.163229867,10.0,-2.124,0.6320724290423967,1.0,-10.626436847393501,2.15310612140649e-06,2.6295427744344893e-05,True,True,False,True,True,True,True,True,3,2.123666674,-1.0,KO_blocks_maturation,0.0,False,True,A_secondary_validated,True
Ppp2ca,-0.094032817,0.548286200599,4.0,-0.09500000000000001,0.4856953777832356,0.5,-0.3911916989352047,0.7217840296965204,0.9213767941047304,2.1139799165,1.8555617807,4.0,2.1174999999999997,0.2867490191787934,1.0,14.769013027937847,0.0006734333554723024,0.042903231400302305,,,,,,,,,,,,,,,,,,,False,False,True,False,False,False,False,False,1,2.1139799165,1.0,KO_promotes_maturation,0.0,False,False,B_primary_reproducible,True
Tubgcp5,-0.188809764,0.754828153297,4.0,-0.19,0.2299275248130738,1.0,-1.6526946928556376,0.19696281673908678,0.6388642276154841,2.1121982765,1.83363008663,4.0,2.1125000000000003,0.3121297807002722,1.0,13.536036165857325,0.0008720238490719239,0.04900166186741964,,,,,,,,,,,,,,,,,,,False,False,True,False,False,False,False,False,1,2.1121982765,1.0,KO_promotes_maturation,0.0,False,False,B_primary_reproducible,True
Ctbp1,0.853313118,4.12594643958,4.0,0.855,0.3978693252815553,1.0,4.297893532731897,0.02317046666464451,0.31191585182463005,2.095609841,1.57857660555,4.0,2.0925000000000002,1.7195808597833757,1.0,2.4337326018662515,0.09301924090492997,0.29014776894961297,0.257077803,2.93368247,8.0,0.25625,0.06345695954176905,1.0,11.421669994118435,8.851331094449887e-06,2.236626674404004e-05,0.656496505,1.156575714,10.0,0.655,0.5652580531639215,1.0,3.664329691220916,0.005200426888598457,0.01198137567471213,True,False,False,True,True,True,True,True,2,2.095609841,1.0,KO_promotes_maturation,0.0,False,True,A_secondary_validated,True
Tsc2,-0.91267409725,3.68007259676,4.0,-0.9125,0.3556566696501932,1.0,-5.131353228367634,0.014334066491361395,0.249951775090628,-2.079262362,3.76805138883,4.0,-2.0825000000000005,0.6753455905435872,1.0,-6.16721284379392,0.008581283808362813,0.12430111169542818,-0.556771606,1.792069048,10.0,-0.557,0.1189817913239949,1.0,-14.80385054816846,1.2646625555104294e-07,1.0156394841838385e-06,-1.897760751,5.389274943,9.0,-1.8988888888888888,0.39888734137737575,1.0,-14.281392452805905,5.634840479407391e-07,9.458482233290978e-06,True,False,False,True,True,True,True,True,2,2.079262362,-1.0,KO_blocks_maturation,0.0,False,True,A_secondary_validated,True
Emsy,-0.926577821,3.83628963887,4.0,-0.925,0.27380041392712806,1.0,-6.756746541998937,0.006622615531593555,0.1792006228703597,-1.33461289425,2.33646794164,4.0,-1.3325,1.8627824170668277,0.75,-1.430655548164535,0.24790457512900246,0.46426732440170587,-0.692776032,2.187997977,10.0,-0.692,0.3176231169868535,1.0,-6.88959972937704,7.149459119691017e-05,0.00014118679774179738,-2.067143261,5.342575946,8.0,-2.06625,0.34764257095881856,1.0,-16.811052600341974,6.449767783319837e-07,1.0104636193867744e-05,True,False,False,True,True,True,True,True,2,2.067143261,-1.0,KO_blocks_maturation,0.0,False,True,A_secondary_validated,True
Smpd4,0.0306663505,0.560011819111,4.0,0.027500000000000004,0.3029163801007356,0.75,0.18156825980064073,0.8674964737864431,0.9643209727318371,2.04982533175,1.78201408848,4.0,2.0475,0.27366341857593374,1.0,14.96363679628505,0.0006477694632348571,0.042428899841883146,,,,,,,,,,,,,,,,,,,False,False,True,False,False,True,False,False,1,2.04982533175,1.0,KO_promotes_maturation,0.0,False,False,B_primary_reproducible,True
Gm11564,-0.1718059995,0.781879004858,6.0,-0.17,0.28192197502145877,0.5,-1.4770514297136454,0.19970069019248635,0.6405375486300645,2.04389583833,2.11363987999,6.0,2.0433333333333334,0.41350534055398447,1.0,12.104133974137937,6.798115343579398e-05,0.009693095074926814,,,,,,,,,,,,,,,,,,,False,False,True,False,False,False,False,False,1,2.04389583833,1.0,KO_promotes_maturation,0.3333333333333333,False,False,B_primary_reproducible,True
Wdr19,0.341603449,1.4537904449,4.0,0.345,0.40369130120262275,0.75,1.7092268224369587,0.18594038212817587,0.6291589441387069,2.01323269025,1.71371781741,4.0,2.0125,0.20870633275809647,1.0,19.28547134535311,0.0003045034566560434,0.027159116814939023,,,,,,,,,,,,,,,,,,,False,False,True,False,False,True,False,False,1,2.01323269025,1.0,KO_promotes_maturation,0.0,False,True,B_primary_reproducible,True
Pou2af1,0.25336229325,1.11464525532,4.0,0.255,0.29670411748631553,0.75,1.7188841338661975,0.18412832406182988,0.6277962720457916,2.00619503475,1.689870701,4.0,2.0050000000000003,0.23359509127262643,1.0,17.16645661581977,0.00043067391782957896,0.032706251151115855,,,,,,,,,,,,,,,,,,,False,False,True,False,False,True,False,False,1,2.00619503475,1.0,KO_promotes_maturation,0.0,False,True,B_primary_reproducible,True
Phf12,-0.77143133475,2.80179718983,4.0,-0.7725,0.43637713047317234,1.0,-3.540515513094662,0.038349573751895814,0.37472568103266407,-0.30638162575,1.41532564051,4.0,-0.3075,2.352422510236345,0.75,-0.2614326284176781,0.8106798190993828,0.8911185760605761,-0.633635269,1.809670745,8.0,-0.63375,0.08927285621700953,1.0,-20.079067325353062,1.9024298646467774e-07,1.2773457662628363e-06,-1.996994296,5.600893772,9.0,-1.9977777777777779,0.3861922376802056,1.0,-15.519041421791176,2.9593435704017197e-07,5.795381158703369e-06,True,False,False,True,True,True,True,True,2,1.996994296,-1.0,KO_blocks_maturation,0.0,False,True,A_secondary_validated,True
Nat8f5,0.17778246675,0.882389273994,4.0,0.17500000000000002,0.313315602335196,0.75,1.1170844904990012,0.3453627170267716,0.7563266689876851,1.985701296,1.63636618887,4.0,1.9849999999999999,0.26159765544311225,1.0,15.175976991366143,0.0006212317034781114,0.04122820909347812,,,,,,,,,,,,,,,,,,,False,False,True,False,False,True,False,False,1,1.985701296,1.0,KO_promotes_maturation,0.0,False,False,B_primary_reproducible,True
Mbd5,0.123858196,0.71802742755,4.0,0.125,0.3495234851432257,0.5,0.7152595193926855,0.5260891746602773,0.8536820837776021,1.9781285655,1.63881303548,4.0,1.9775,0.27475746880961516,1.0,14.394513157858858,0.0007267503414572894,0.0443555616139146,,,,,,,,,,,,,,,,,,,False,False,True,False,False,True,False,False,1,1.9781285655,1.0,KO_promotes_maturation,0.0,False,False,B_primary_reproducible,True
Suv39h1,0.6996813685,3.52826599866,4.0,0.7025,0.24797513316190933,1.0,5.66589069672014,0.010888995429871297,0.2238917356287641,1.96971698975,1.61330006366,4.0,1.9700000000000002,0.6280658139611379,1.0,6.273227920416302,0.008177674475804426,0.1229599985709151,0.342876936,4.03421858,10.0,0.34199999999999997,0.08430104783848577,1.0,12.829009692141112,4.350173406351893e-07,2.004491667632735e-06,0.57331917,1.054279002,10.0,0.5740000000000001,0.6738974534584455,0.9,2.693506805258431,0.02465449532647378,0.0466246428105931,True,False,False,True,True,True,True,True,2,1.96971698975,1.0,KO_promotes_maturation,0.0,False,True,A_secondary_validated,True
Olfr1273-ps,0.1191573554,0.791834584039,5.0,0.11599999999999999,0.19806564568344506,0.6,1.3095854381760446,0.26048905386555965,0.6937120409576991,1.9646575534,1.70323598902,5.0,1.966,0.4862406811446364,1.0,9.041015723768547,0.0008292136376378724,0.047729555773717416,,,,,,,,,,,,,,,,,,,False,False,True,False,False,True,False,False,1,1.9646575534,1.0,KO_promotes_maturation,0.2,False,False,B_primary_reproducible,True
Ovca2,0.172235271,0.983010035932,4.0,0.17500000000000002,0.09327379053088816,1.0,3.752393871932282,0.033061961128672414,0.35610416508580356,1.9610062085,1.66981189435,4.0,1.9625,0.1521786231155129,1.0,25.79205882958137,0.00012784020017849089,0.01566976956573783,,,,,,,,,,,,,,,,,,,False,False,True,False,False,True,False,False,1,1.9610062085,1.0,KO_promotes_maturation,0.0,False,False,B_primary_reproducible,True
Akap13,-0.102224191,0.645570339838,4.0,-0.10249999999999998,0.10688779163215975,0.75,-1.9178991058724504,0.15094891483519216,0.5934935339159252,1.9561369525,1.58310697781,4.0,1.955,0.2646381176877838,1.0,14.77489348156928,0.0006726383117602266,0.042903231400302305,,,,,,,,,,,,,,,,,,,False,False,True,False,False,False,False,False,1,1.9561369525,1.0,KO_promotes_maturation,0.0,False,False,B_primary_reproducible,True
Ppp1r1c,0.21021790175,1.01610014876,4.0,0.21000000000000002,0.22015146301277827,0.75,1.9077774648975283,0.15245911300324635,0.5957388159112683,1.95535807025,1.57897348544,4.0,1.955,0.28053520278211075,1.0,13.937644763380598,0.0007996726020871888,0.04688382258192168,,,,,,,,,,,,,,,,,,,False,False,True,False,False,True,False,False,1,1.95535807025,1.0,KO_promotes_maturation,0.0,False,True,B_primary_reproducible,True
Junb,0.21574047925,0.981860010763,4.0,0.21999999999999997,0.2626785107312739,0.75,1.6750513727791383,0.1925176372801324,0.6346602197847712,1.9544103045,1.59650020166,4.0,1.955,0.25225648323350053,1.0,15.500097162540394,0.0005834423208661929,0.039448229178565816,,,,,,,,,,,,,,,,,,,False,False,True,False,False,True,False,False,1,1.9544103045,1.0,KO_promotes_maturation,0.0,False,False,B_primary_reproducible,True
Gp1ba,-0.04647822825,0.451467887328,4.0,-0.04500000000000001,0.32026031078899964,0.5,-0.28102139718241775,0.7969613119498472,0.9436929607631659,1.9252196945,1.57041433463,4.0,1.925,0.2007485989988473,1.0,19.178216033388644,0.0003096075828027422,0.027381328841964037,,,,,,,,,,,,,,,,,,,False,False,True,False,False,False,False,False,1,1.9252196945,1.0,KO_promotes_maturation,0.0,False,False,B_primary_reproducible,True
Rln1,0.249607936,1.08274429842,4.0,0.25,0.33595634637057636,0.75,1.4882885988064516,0.23341389363299453,0.6722853268296332,1.9245341735,1.56280728847,4.0,1.9250000000000003,0.21946905628508695,1.0,17.542336332821833,0.0004037858397443691,0.0316577463800996,,,,,,,,,,,,,,,,,,,False,False,True,False,False,True,False,False,1,1.9245341735,1.0,KO_promotes_maturation,0.0,False,True,B_primary_reproducible,True
Lamc1,0.10162398425,0.714352880574,4.0,0.10249999999999998,0.4504349749593904,0.75,0.4551156357662547,0.6799435422482062,0.9088996775644769,1.92309765875,1.5541873351,4.0,1.92,0.23508863576673927,1.0,16.334264680535824,0.0004992786004009852,0.035354322514880576,,,,,,,,,,,,,,,,,,,False,False,True,False,False,True,False,False,1,1.92309765875,1.0,KO_promotes_maturation,0.0,False,False,B_primary_reproducible,True
Ptbp1,1.19999169925,6.21996531499,4.0,1.2025000000000001,0.39491560279803245,1.0,6.089908788004926,0.008892213986688678,0.20133592022281604,1.9191192705,1.46439733919,4.0,1.92,0.9749871794028881,1.0,3.9385133272744497,0.029165095132833233,0.186897150557843,0.72237074,4.819143514,9.0,0.7211111111111111,0.3416666666666667,1.0,6.33170731707317,0.0002249817038644966,0.0003945574657325127,1.030920581,2.047825598,8.0,1.03125,0.23925106358921672,1.0,12.191442030128439,5.717153519147593e-06,5.374124307998737e-05,True,False,False,True,True,True,True,True,2,1.9191192705,1.0,KO_promotes_maturation,0.0,False,True,A_secondary_validated,True
Nfya,0.01083876625,0.493072066278,4.0,0.010000000000000009,0.2535087112244206,0.5,0.07889275245573261,0.9420855920822196,0.9855630562321595,1.91703527075,1.63209477328,4.0,1.915,0.08426149773176354,1.0,45.45373750882461,2.3442597075490622e-05,0.004060757712334605,,,,,,,,,,,,,,,,,,,False,False,True,False,False,True,False,False,1,1.91703527075,1.0,KO_promotes_maturation,0.0,False,False,B_primary_reproducible,True
Tsr3,-0.07713735975,0.575896461653,4.0,-0.07749999999999999,0.38981833375732,0.5,-0.3976211136762353,0.7175122300323886,0.9205788776390662,1.91334997875,1.5892029916,4.0,1.915,0.13379088160259642,1.0,28.626764052399167,9.359430286868945e-05,0.012575234539280326,,,,,,,,,,,,,,,,,,,False,False,True,False,False,False,False,False,1,1.91334997875,1.0,KO_promotes_maturation,0.0,False,False,B_primary_reproducible,True
Padi3,0.0059072815,0.538525860155,4.0,0.0075,0.14705441169852743,0.5,0.10200306013770688,0.9251898523731966,0.9813486265319865,1.90563697475,1.49386561753,4.0,1.905,0.27694764848252446,1.0,13.75711265604197,0.0008311683138075791,0.047729555773717416,,,,,,,,,,,,,,,,,,,False,False,True,False,False,True,False,False,1,1.90563697475,1.0,KO_promotes_maturation,0.0,False,False,B_primary_reproducible,True
Sap30,0.219914687,1.0447835147,4.0,0.21999999999999997,0.19966638842495915,1.0,2.2036758588707865,0.11477711011769152,0.548751876840058,1.90244668025,1.52352304913,4.0,1.9,0.2273030282830976,1.0,16.717771112434274,0.00046598253129154503,0.03463472998535739,,,,,,,,,,,,,,,,,,,False,False,True,False,False,True,False,False,1,1.90244668025,1.0,KO_promotes_maturation,0.0,False,True,B_primary_reproducible,True
Cope,-0.08755738475,0.620434330156,4.0,-0.08749999999999998,0.1181453906563152,0.75,-1.4812257933030561,0.23513898314585419,0.6736275501644396,1.897632244,1.52128810525,4.0,1.9,0.21863211109075448,1.0,17.380795442361233,0.0004150595711768033,0.03175054237907225,,,,,,,,,,,,,,,,,,,False,False,True,False,False,False,False,False,1,1.897632244,1.0,KO_promotes_maturation,0.0,False,False,B_primary_reproducible,True
Rbpj,0.76563392375,3.61461013102,4.0,0.7650000000000001,0.40517485937144065,1.0,3.776147420334848,0.03252886836516283,0.35345001603619125,1.88715791325,1.47220598803,4.0,1.8875000000000002,0.2692427653005121,1.0,14.020803848848377,0.0007856976979678989,0.04685285817720225,0.684501224,5.561990822,10.0,0.6859999999999999,0.19710121483362017,1.0,11.006134471097537,1.6023807360040114e-06,5.196599531071107e-06,1.553815088,3.695990869,10.0,1.5550000000000002,0.3134131104114468,1.0,15.689649214438969,7.630249726289233e-08,2.2413858570974622e-06,True,False,True,True,True,True,True,True,3,1.88715791325,1.0,KO_promotes_maturation,0.25,False,True,A_secondary_validated,True
Bex1,0.138843085,0.769644666942,4.0,0.13999999999999999,0.29608557321603274,0.75,0.9456725532375188,0.41408193937092913,0.8002658555982951,1.87497502925,1.45780683561,4.0,1.875,0.280059517483933,1.0,13.390010929427305,0.0009004836484773306,0.04954220499913363,,,,,,,,,,,,,,,,,,,False,False,True,False,False,True,False,False,1,1.87497502925,1.0,KO_promotes_maturation,0.0,False,False,B_primary_reproducible,True
Clic1,-0.357436286,1.20517277309,4.0,-0.35750000000000004,0.24404576073624662,1.0,-2.929778406488032,0.061011593084957065,0.4433803359790399,1.873824019,1.45400973689,4.0,1.875,0.27331300737432895,1.0,13.720532498711295,0.0008377501268276036,0.04797607283690321,,,,,,,,,,,,,,,,,,,False,False,True,False,False,False,False,False,1,1.873824019,1.0,KO_promotes_maturation,0.0,False,False,B_primary_reproducible,True
Ezh2,1.87364456675,8.15427302373,4.0,1.8725,0.7774906215940272,1.0,4.816778358460356,0.017045413513010758,0.2735619197800195,1.0140777925,0.528994819999,4.0,1.0150000000000001,1.0288666904252788,0.75,1.9730447286235948,0.14302212621364221,0.35438512417991974,1.257826208,7.92017134,10.0,1.259,0.31662982241798454,1.0,12.574013223859394,5.166620863566728e-07,2.1768977056517706e-06,0.647414842,1.519174083,9.0,0.6466666666666667,0.19170289512680816,1.0,10.11982630057164,7.765375098617715e-06,7.018704416058319e-05,True,False,False,True,True,True,True,True,2,1.87364456675,1.0,KO_promotes_maturation,0.0,False,True,A_secondary_validated,True
Csnka2ip,0.1322670375,0.79450110783,4.0,0.135,0.19941581348194698,0.75,1.3539548107324146,0.26871667112225817,0.6987100144799071,1.8679631655,1.46994206654,4.0,1.8675000000000002,0.22588713996153045,1.0,16.534805835498588,0.00048148663392003424,0.034864039981530225,,,,,,,,,,,,,,,,,,,False,False,True,False,False,True,False,False,1,1.8679631655,1.0,KO_promotes_maturation,0.0,False,False,B_primary_reproducible,True
Zfp697,-0.21143351775,0.865281080531,4.0,-0.21000000000000002,0.1430617582258329,1.0,-2.935795038510578,0.06071583436325145,0.44337710057489027,1.834049202,1.42812117845,4.0,1.8375,0.21187653637594386,1.0,17.345006968960693,0.00041761372294243877,0.03182975866499461,,,,,,,,,,,,,,,,,,,False,False,True,False,False,False,False,False,1,1.834049202,1.0,KO_promotes_maturation,0.0,False,False,B_primary_reproducible,True
Rps6,-0.534073688,1.78977456568,4.0,-0.5325,0.36289346462380206,1.0,-2.9347456039310194,0.060767291812750014,0.44337710057489027,1.82838547775,1.40997300012,4.0,1.8275000000000001,0.23329166294576403,1.0,15.667083657634693,0.0005651621852218846,0.03858566580537688,,,,,,,,,,,,,,,,,,,False,False,True,False,False,False,False,False,1,1.82838547775,1.0,KO_promotes_maturation,0.5,False,False,B_primary_reproducible,True
Uri1,-0.09312830475,0.559645391127,4.0,-0.09250000000000001,0.19956202043475108,0.75,-0.9270301012034889,0.4222884947917861,0.8050502861819572,1.827908058,1.43108350823,4.0,1.8275000000000001,0.19653244007033543,1.0,18.597438665555373,0.00033931986375815954,0.028794106657372566,,,,,,,,,,,,,,,,,,,False,False,True,False,False,False,False,False,1,1.827908058,1.0,KO_promotes_maturation,0.0,False,False,B_primary_reproducible,True
Ogn,-0.13495672175,0.709978403729,4.0,-0.135,0.1014889156509222,1.0,-2.660389051043592,0.07631332184616782,0.47771998034549196,1.81527893925,1.37215116455,4.0,1.815,0.26134268690743956,1.0,13.889808982049866,0.0008078613637273782,0.04713025549623975,,,,,,,,,,,,,,,,,,,False,False,True,False,False,False,False,False,1,1.81527893925,1.0,KO_promotes_maturation,0.0,False,False,B_primary_reproducible,True
H2bc21,0.10123001375,0.722791858644,4.0,0.1025,0.3698986347636336,0.5,0.5542058843526028,0.6180721633440629,0.8858646142118528,1.788767118,1.41568389164,4.0,1.79,0.1296148139681572,1.0,27.620299643214455,0.00010416935203983709,0.01347771369601843,,,,,,,,,,,,,,,,,,,False,False,True,False,False,True,False,False,1,1.788767118,1.0,KO_promotes_maturation,0.25,False,False,B_primary_reproducible,True
Top1,-0.0013549745,0.460156539981,4.0,-0.0025000000000000022,0.30543684562715523,0.5,-0.016369996192612177,0.987967047326902,0.9972631247967634,1.77738431675,1.34275563424,4.0,1.7774999999999999,0.23428970670233604,1.0,15.173521918812297,0.0006215301917788224,0.04122820909347812,,,,,,,,,,,,,,,,,,,False,False,True,False,False,False,False,False,1,1.77738431675,1.0,KO_promotes_maturation,0.0,False,False,B_primary_reproducible,True
Olfr322,-0.09337684575,0.565094217222,4.0,-0.095,0.3526565846069894,0.25,-0.5387677652800428,0.6274588449962225,0.8909128669373882,1.7751485545,1.32805573259,4.0,1.7774999999999999,0.256953303150592,1.0,13.835198677778932,0.0008173466467965207,0.04732482242225158,,,,,,,,,,,,,,,,,,,False,False,True,False,False,False,False,False,1,1.7751485545,1.0,KO_promotes_maturation,0.0,False,False,B_primary_reproducible,True
Slc35a2,-0.08378815175,0.500793467697,4.0,-0.08500000000000002,0.3897435053981015,0.5,-0.43618430492216775,0.6921853944918868,0.9121618110317082,1.769841504,1.3214980608,4.0,1.77,0.2533771891863985,1.0,13.971265571960295,0.0007939831423707483,0.04685285817720225,,,,,,,,,,,,,,,,,,,False,False,True,False,False,False,False,False,1,1.769841504,1.0,KO_promotes_maturation,0.0,False,False,B_primary_reproducible,True
Kdm1a,-1.05214291275,4.75335471876,4.0,-1.05,0.14719601443879746,1.0,-14.266690630221905,0.0007462296238303366,0.05231094620563163,0.1392986335,0.797159863285,4.0,0.1375,0.6862640405363909,0.75,0.4007203987914874,0.7154579417453342,0.8306924361057249,-0.6402635,2.029370047,10.0,-0.64,0.14094916341243982,1.0,-14.35877768628985,1.6477088614448465e-07,1.1858615125075094e-06,-1.769159845,5.301619051,9.0,-1.768888888888889,0.13383239933256486,1.0,-39.65158431838275,1.7996921237659484e-10,4.229276490849979e-08,True,True,False,True,True,False,True,False,3,1.769159845,-1.0,KO_blocks_maturation,0.0,False,False,A_secondary_validated,True
Kdelr2,-0.12107411225,0.546364268859,4.0,-0.12,0.3027650354097492,0.75,-0.7926939108909795,0.4858588322264321,0.8370541775000836,1.75732580875,1.22337345711,4.0,1.7600000000000002,0.4688283267892418,1.0,7.508078754768566,0.004895780928057341,0.10171116219875574,-0.111695142,1.002051591,10.0,-0.11100000000000002,0.09456919865015953,0.8,-3.711703443498493,0.004832230229025201,0.006526287952993806,-0.182567196,1.16657377,9.0,-0.18222222222222223,0.3312015163679726,0.7777777777777778,-1.650556050170094,0.13743604720936925,0.19574224905576834,True,False,False,True,False,False,True,False,1,1.75732580875,-1.0,KO_blocks_maturation,0.0,False,False,A_secondary_validated,True
Stat5a,-0.098956965,0.595225990686,4.0,-0.1,0.14,0.75,-1.4285714285714288,0.24844657591953875,0.6846512074086776,1.75288808875,1.30926513288,4.0,1.7525,0.23963513932643518,1.0,14.626402496110671,0.0006931031009610827,0.0432758838573252,,,,,,,,,,,,,,,,,,,False,False,True,False,False,False,False,False,1,1.75288808875,1.0,KO_promotes_maturation,0.0,False,False,B_primary_reproducible,True
1600012H06Rik,0.21109489625,1.07694514379,4.0,0.2075,0.125,1.0,3.32,0.045054088171053885,0.402541785585109,1.7499969635,1.35698539909,4.0,1.7525,0.1289379695822762,1.0,27.18361403824833,0.00010925401591271084,0.013794964900785658,,,,,,,,,,,,,,,,,,,False,False,True,False,False,True,False,False,1,1.7499969635,1.0,KO_promotes_maturation,0.0,False,True,B_primary_reproducible,True
Fam161a,0.215242962,0.988984338811,4.0,0.2125,0.22126530078919587,0.75,1.9207711217445091,0.15052358484467634,0.5930402891624842,1.7427910485,1.33202103636,4.0,1.7449999999999999,0.1642153058233813,1.0,21.252586550936996,0.00022792117050691028,0.02370115231390171,,,,,,,,,,,,,,,,,,,False,False,True,False,False,True,False,False,1,1.7427910485,1.0,KO_promotes_maturation,0.0,False,False,B_primary_reproducible,True
Copb2,-0.5975397965,2.34069905409,4.0,-0.5975,0.18227726133558184,1.0,-6.555946645478415,0.0072166212098220385,0.1853048281608901,1.727789295,1.28896609693,4.0,1.7275,0.22410934831014973,1.0,15.416581352146684,0.0005928803848971195,0.03982940021616547,,,,,,,,,,,,,,,,,,,False,False,True,False,False,False,False,False,1,1.727789295,1.0,KO_promotes_maturation,0.0,False,False,B_primary_reproducible,True
Prelid1,-0.36438380725,1.10005212967,4.0,-0.36500000000000005,0.4819751030914356,0.75,-1.514601055775928,0.22710820327084016,0.6678302137470924,1.72156335775,1.29756224136,4.0,1.7225,0.1883923211457055,1.0,18.286307950606886,0.0003568097779801602,0.029795748790693855,,,,,,,,,,,,,,,,,,,False,False,True,False,False,False,False,False,1,1.72156335775,1.0,KO_promotes_maturation,0.25,False,False,B_primary_reproducible,True
Ccnf,-0.240756476,0.807724325808,4.0,-0.24,0.30298514815086236,0.75,-1.5842360687626786,0.21130925368470124,0.6526760015233626,1.714682096,1.3103496473,4.0,1.715,0.13576941236277537,1.0,25.263422300415158,0.00013600346445810673,0.016573445436290215,,,,,,,,,,,,,,,,,,,False,False,True,False,False,False,False,False,1,1.714682096,1.0,KO_promotes_maturation,0.0,False,False,B_primary_reproducible,True
Uxt,-0.7222351505,2.43973383584,4.0,-0.72,0.5743402011583959,1.0,-2.5072248069970393,0.0871501787304294,0.4976838397126429,1.70325952725,1.27987726139,4.0,1.7025,0.1726991603917054,1.0,19.716366844384144,0.00028509048257310257,0.025756450494535475,,,,,,,,,,,,,,,,,,,False,False,True,False,False,False,False,False,1,1.70325952725,1.0,KO_promotes_maturation,0.5,False,False,B_primary_reproducible,True
Atp23,0.0169722655,0.480465956953,4.0,0.017499999999999988,0.343644680835695,0.5,0.10184938674122629,0.9253020401305394,0.9813890239592789,1.7031319765,1.25605300665,4.0,1.705,0.2162560211107813,1.0,15.768347084556606,0.0005544465622671579,0.03822763139841983,,,,,,,,,,,,,,,,,,,False,False,True,False,False,True,False,False,1,1.7031319765,1.0,KO_promotes_maturation,0.0,False,False,B_primary_reproducible,True
Hnrnpc,0.73613036725,3.50855661715,4.0,0.735,0.48349422609444537,1.0,3.0403672281142224,0.05585110382037229,0.4297500499541128,1.69092387475,1.14095314757,4.0,1.6925,0.7349999999999999,1.0,4.605442176870749,0.019250889026407276,0.16563574940650228,0.228911836,2.959316416,10.0,0.22999999999999998,0.1201850425154663,1.0,6.051700333218502,0.00019009175466395772,0.0003384209268638641,1.252672165,2.161250244,10.0,1.253,0.8779274837175713,0.9,4.513281542813232,0.0014608106692890425,0.004238154410900309,True,False,False,True,True,True,True,True,2,1.69092387475,1.0,KO_promotes_maturation,0.25,False,True,A_secondary_validated,True
Ss18l2,-0.212657879,0.846277648781,4.0,-0.21,0.15556349186104046,1.0,-2.699862255439545,0.07379464514328013,0.47354711615595985,1.68422910275,1.24664470137,4.0,1.6825,0.18025444978326238,1.0,18.66805509681492,0.00033550988955469434,0.02870321340843426,,,,,,,,,,,,,,,,,,,False,False,True,False,False,False,False,False,1,1.68422910275,1.0,KO_promotes_maturation,0.0,False,False,B_primary_reproducible,True
Emc3,0.150891756,0.778806418154,4.0,0.15,0.33793490497431605,0.5,0.8877449342582733,0.4400688545171658,0.8146112506120106,1.66682233125,1.31079824798,4.0,1.665,0.044347115652166834,1.0,75.08943819748274,5.205434230645478e-06,0.001487847287745313,,,,,,,,,,,,,,,,,,,False,False,True,False,False,True,False,False,1,1.66682233125,1.0,KO_promotes_maturation,0.0,False,False,B_primary_reproducible,True
Pagr1a,-0.10237975275,0.536665222988,4.0,-0.10250000000000001,0.3343027569933179,0.75,-0.6132165999579166,0.583092651062343,0.8719142445792044,1.66441752475,1.25767576032,4.0,1.665,0.12396235987858033,1.0,26.862992954165247,0.0001131996775970811,0.014207576302004908,,,,,,,,,,,,,,,,,,,False,False,True,False,False,False,False,False,1,1.66441752475,1.0,KO_promotes_maturation,0.0,False,False,B_primary_reproducible,True
Itgb1,0.075072375,0.682893818967,4.0,0.0775,0.3413087556255577,0.75,0.45413426243904237,0.6805749558744152,0.909116068366934,1.66131078375,1.21151843249,4.0,1.6625,0.19670197423174648,1.0,16.903744931825734,0.00045089681766681056,0.03399567373487895,,,,,,,,,,,,,,,,,,,False,False,True,False,False,True,False,False,1,1.66131078375,1.0,KO_promotes_maturation,0.0,False,False,B_primary_reproducible,True
Yju2,-0.01534971375,0.49768574772,4.0,-0.015000000000000013,0.30094296248071106,0.5,-0.09968666405323526,0.9268811605194825,0.9819768057262613,1.635542937,1.16174998663,4.0,1.635,0.23558437978779492,1.0,13.88037697128089,0.0008094891211186216,0.04713025549623975,,,,,,,,,,,,,,,,,,,False,False,True,False,False,False,False,False,1,1.635542937,1.0,KO_promotes_maturation,0.0,False,False,B_primary_reproducible,True
Unc5b,0.43861433675,1.94281663968,4.0,0.44,0.27748873851023215,1.0,3.1712998686883678,0.0504302133426939,0.41828457380527845,1.63460475475,1.17418569517,4.0,1.635,1.3379711008338957,0.75,2.4439989757341993,0.09217093354632211,0.28916371308650074,0.170726795,2.585627949,10.0,0.17,0.09888264649460884,1.0,5.436618267068067,0.00041279584420143953,0.0006783707929184495,0.238552026,0.746479398,10.0,0.23900000000000002,0.43313970032773486,0.8,1.7448974550436707,0.11496272672466835,0.1728015350092058,True,False,False,True,False,True,True,True,1,1.63460475475,1.0,KO_promotes_maturation,0.0,False,True,A_secondary_validated,True
Rpl27a,-0.59541507275,2.05134047287,4.0,-0.5950000000000001,0.37775653535048204,1.0,-3.150177134317265,0.051258374601018813,0.4185335144672202,1.616021754,1.14025327752,4.0,1.6175,0.23099422792211352,1.0,14.004678944145631,0.0007883819728277999,0.04685285817720225,,,,,,,,,,,,,,,,,,,False,False,True,False,False,False,False,False,1,1.616021754,1.0,KO_promotes_maturation,0.25,False,False,B_primary_reproducible,True
Hdac7,0.28443870575,1.36609049883,4.0,0.2825,0.17114808402861734,1.0,3.3012347360285226,0.045691134415403074,0.4049741710214264,1.61538383775,1.17653285081,4.0,1.6149999999999998,0.17019596548292995,1.0,18.97812319366617,0.0003194383181695327,0.02789761312013919,,,,,,,,,,,,,,,,,,,False,False,True,False,False,True,False,False,1,1.61538383775,1.0,KO_promotes_maturation,0.0,False,True,B_primary_reproducible,True
Tmem147,-0.02746432775,0.473954479821,4.0,-0.027499999999999997,0.4311515588127528,0.5,-0.1275653511527399,0.9065635065996609,0.9763923281603665,1.611361741,1.24219387278,4.0,1.6124999999999998,0.04499999999999993,1.0,71.66666666666677,5.987076518923361e-06,0.0016297288809952422,,,,,,,,,,,,,,,,,,,False,False,True,False,False,False,False,False,1,1.611361741,1.0,KO_promotes_maturation,0.0,False,False,B_primary_reproducible,True
Tmeff2,0.23901784075,1.17815091207,4.0,0.24000000000000002,0.20264912204760888,0.75,2.3686261018551686,0.09862649210131263,0.5204802189357726,1.60312294275,1.17693656906,4.0,1.605,0.14106735979665885,1.0,22.75508668076758,0.00018587629876281632,0.020397734146956177,,,,,,,,,,,,,,,,,,,False,False,True,False,False,True,False,False,1,1.60312294275,1.0,KO_promotes_maturation,0.0,False,True,B_primary_reproducible,True
Klhl6,0.004075314,0.523912895857,4.0,0.0050000000000000044,0.41267420563926693,0.75,0.024232190583632848,0.9821891148552587,0.9962016234345062,1.598634215,1.13227740496,4.0,1.5975,0.21623675296612593,1.0,14.775471589237679,0.0006725602183694897,0.042903231400302305,,,,,,,,,,,,,,,,,,,False,False,True,False,False,True,False,False,1,1.598634215,1.0,KO_promotes_maturation,0.0,False,False,B_primary_reproducible,True
Lgr4,0.58597803,2.90416986756,4.0,0.5875,0.20613506898794942,1.0,5.700146053598916,0.010707082676557175,0.22263952687487013,1.596570343,0.994981592274,4.0,1.5950000000000002,0.9298924669014155,1.0,3.4305041857470977,0.041522752770878205,0.212029237953313,0.252975842,3.245436585,10.0,0.253,0.10263744172788235,1.0,7.794974568284253,2.7220439772854106e-05,6.0921936634483e-05,0.154565619,0.805981901,10.0,0.15499999999999997,0.3413453773916774,0.7,1.4359445587677364,0.1848495388329416,0.24965311279161656,True,False,False,True,False,True,True,True,1,1.596570343,1.0,KO_promotes_maturation,0.0,False,True,A_secondary_validated,True
Rpl29,-0.21882219975,0.719068782492,4.0,-0.22,0.3767404057614916,0.5,-1.1679129535114348,0.32721896771659253,0.7409388997213053,1.596406154,1.12633023349,4.0,1.595,0.2281081614790083,1.0,13.984593884395322,0.0007917425612076975,0.04685285817720225,,,,,,,,,,,,,,,,,,,False,False,True,False,False,False,False,False,1,1.596406154,1.0,KO_promotes_maturation,0.5,False,False,B_primary_reproducible,True
Eif3g,-0.48288542475,1.74703077966,4.0,-0.48249999999999993,0.35236108373844766,0.75,-2.73866793052636,0.07141822927307355,0.4679487735593795,1.58077929325,1.13571576867,4.0,1.58,0.17795130420052183,1.0,17.75766698758892,0.00038938303724379614,0.03151146123795354,,,,,,,,,,,,,,,,,,,False,False,True,False,False,False,False,False,1,1.58077929325,1.0,KO_promotes_maturation,0.0,False,False,B_primary_reproducible,True
Gcgr,-0.21906566375,0.829732192269,4.0,-0.22,0.20445048300260873,0.75,-2.1521103473958814,0.1204679296415847,0.5564709364170115,1.57887993725,1.12416041489,4.0,1.58,0.21954498400100148,1.0,14.393405590107154,0.0007269162063452628,0.0443555616139146,,,,,,,,,,,,,,,,,,,False,False,True,False,False,False,False,False,1,1.57887993725,1.0,KO_promotes_maturation,0.0,False,False,B_primary_reproducible,True
Glud1,-0.02188926375,0.543108200003,4.0,-0.020000000000000004,0.14094916341243982,0.75,-0.28379026190424134,0.7950299583305036,0.9431700359586405,1.56648056375,1.12693503533,4.0,1.565,1.3943337716151991,0.75,2.244799676890994,0.11046891272566282,0.31302263224684235,-0.012004417,1.26600154,10.0,-0.013000000000000001,0.10055954565441425,0.5,-0.40880862492624387,0.6922366360461486,0.7042234176227053,-0.30786473,1.47882144,7.0,-0.3085714285714286,0.12562226069034255,1.0,-6.498874142317465,0.0006318098355654612,0.0019796708181051116,True,False,False,False,True,False,True,False,1,1.56648056375,-1.0,KO_blocks_maturation,0.0,False,False,A_secondary_validated,True
Gramd1a,0.06878780425,0.591444090201,4.0,0.0725,0.37034893456486856,0.5,0.3915226600296928,0.7215637995315611,0.9212387913858514,1.56406914375,0.991351493157,4.0,1.565,0.6463487190879755,1.0,4.842587147718894,0.016799034783905552,0.15810856267205226,-0.182909378,1.236504337,10.0,-0.182,0.046380072349136235,1.0,-12.409090909090908,5.784310095284703e-07,2.3847594252489566e-06,-0.164674327,1.291576866,9.0,-0.16444444444444442,0.2053722906766582,0.8888888888888888,-2.402141650696423,0.04303266768561068,0.07603516470765798,True,False,False,True,True,True,True,False,2,1.56406914375,-1.0,KO_blocks_maturation,0.0,False,False,A_secondary_validated,True
Tcp1,-0.6950425135,2.28471704396,4.0,-0.695,0.5654791478619408,1.0,-2.4580924075724933,0.09102174058441888,0.5035142999866508,1.5485281385,1.13696598144,4.0,1.545,0.11090536506409414,1.0,27.861591711223664,0.00010149451282422707,0.013213198688172665,,,,,,,,,,,,,,,,,,,False,False,True,False,False,False,False,False,1,1.5485281385,1.0,KO_promotes_maturation,0.0,False,False,B_primary_reproducible,True
Strap,1.361287379,7.62478295143,4.0,1.3625,0.19822125684867065,1.0,13.74726426076677,0.0008329335399287259,0.056317054828729333,1.53975883725,1.0962077186,4.0,1.54,1.6296625417551944,1.0,1.889961830185254,0.15516035031166986,0.3689284857879476,0.30063579,3.267972693,8.0,0.3,0.04440077219405729,1.0,19.110661718118187,2.674166414527715e-07,1.5327539205219829e-06,0.946284002,1.929252896,9.0,0.9455555555555555,0.3347801932280011,1.0,8.473221307733585,2.8807806600460066e-05,0.0001692458637777029,True,True,False,True,True,True,True,True,3,1.53975883725,1.0,KO_promotes_maturation,0.0,False,True,A_secondary_validated,True
Rxfp2,-0.071335248,0.488177557086,4.0,-0.07250000000000001,0.24851223980587622,0.5,-0.5834722672543851,0.6005437918092438,0.8792538332161043,1.53759401525,1.05714014547,4.0,1.54,0.23021728866442678,1.0,13.378665077102536,0.0009027462929087631,0.04954220499913363,,,,,,,,,,,,,,,,,,,False,False,True,False,False,False,False,False,1,1.53759401525,1.0,KO_promotes_maturation,0.0,False,False,B_primary_reproducible,True
Smurf2,0.46600924875,2.42286660098,4.0,0.465,0.06244997998398399,1.0,14.891918303873103,0.0006570727228127107,0.04883774563884545,1.5240927895,0.969435023484,4.0,1.5225,0.4432738055273136,1.0,6.869343421675237,0.006317516056546103,0.11257108025181371,0.115002132,2.046174601,10.0,0.11400000000000002,0.10966616007988365,0.9,3.287246065665088,0.009419660676505194,0.01209628556818973,0.457056306,1.026876125,9.0,0.4566666666666667,0.3346640106136302,0.8888888888888888,4.093657986970299,0.003468013466854172,0.008489407965736774,True,True,False,True,True,True,True,True,3,1.5240927895,1.0,KO_promotes_maturation,0.0,False,True,A_secondary_validated,True
Pi4kb,-0.0506018315,0.471256273807,4.0,-0.05000000000000001,0.3313608305156178,0.25,-0.3017858201417285,0.7825263142846139,0.9385033517200744,1.501898899,1.07325845269,4.0,1.505,0.13428824718989127,1.0,22.414470834098292,0.00019443841450831812,0.02079300595966504,,,,,,,,,,,,,,,,,,,False,False,True,False,False,False,False,False,1,1.501898899,1.0,KO_promotes_maturation,0.0,False,False,B_primary_reproducible,True
Stat3,-0.13447337175,0.604471073184,4.0,-0.135,0.3519943181359608,0.5,-0.7670578361316338,0.49888632796571725,0.8428709845366302,1.50151998825,1.03361330715,4.0,1.5,0.20346989949375802,1.0,14.744195615489716,0.0006768024955288382,0.042987213049346815,,,,,,,,,,,,,,,,,,,False,False,True,False,False,False,False,False,1,1.50151998825,1.0,KO_promotes_maturation,0.0,False,False,B_primary_reproducible,True
Ykt6,-0.31578062375,0.979263013936,4.0,-0.31499999999999995,0.3651940123642044,0.75,-1.7251104308131622,0.18297071511137253,0.6273037645139176,1.4997650065,1.04476628181,4.0,1.5,0.18797162906495576,1.0,15.959855297967946,0.0005349087373691282,0.037372290450856424,,,,,,,,,,,,,,,,,,,False,False,True,False,False,False,False,False,1,1.4997650065,1.0,KO_promotes_maturation,0.0,False,False,B_primary_reproducible,True
Olfr935,-0.0284154352,0.548663863144,5.0,-0.030000000000000006,0.438520238985614,0.4,-0.15297364491127713,0.8858256841454656,0.9708753801618102,1.4981167268,1.13060184846,5.0,1.4980000000000002,0.26640195194480093,1.0,12.573593420924844,0.0002302599445697966,0.02370115231390171,,,,,,,,,,,,,,,,,,,False,False,True,False,False,False,False,False,1,1.4981167268,1.0,KO_promotes_maturation,0.4,False,False,B_primary_reproducible,True
Mitf,0.02475048775,0.509987716271,4.0,0.027499999999999997,0.2261820800446696,0.5,0.24316692104492907,0.8235546588302035,0.950455852680538,1.4951747585,1.05895936931,4.0,1.4949999999999999,0.16051998837112677,1.0,18.626963721720657,0.00033771992654353124,0.02877483601769274,,,,,,,,,,,,,,,,,,,False,False,True,False,False,True,False,False,1,1.4951747585,1.0,KO_promotes_maturation,0.0,False,False,B_primary_reproducible,True
Hypk,-0.0725848435,0.489583951531,4.0,-0.07,0.2449489742783178,0.75,-0.5715476066494083,0.6076433488976594,0.8825586995284416,1.4951360265,1.04020000038,4.0,1.4975,0.18136059844041832,1.0,16.5140610791706,0.00048328759230879326,0.034864039981530225,,,,,,,,,,,,,,,,,,,False,False,True,False,False,False,False,False,1,1.4951360265,1.0,KO_promotes_maturation,0.0,False,False,B_primary_reproducible,True
Zfp612,0.076408041,0.6843577611,4.0,0.075,0.23273733406281572,0.75,0.6445033866354895,0.5651391898535751,0.8660554353013716,1.4720629795,1.02852502629,4.0,1.4725,0.1635797460975329,1.0,18.003451345645637,0.0003737667943509214,0.03060215628748169,,,,,,,,,,,,,,,,,,,False,False,True,False,False,True,False,False,1,1.4720629795,1.0,KO_promotes_maturation,0.0,False,False,B_primary_reproducible,True
Ttc27,-0.12714676375,0.706614042437,4.0,-0.12750000000000003,0.5955039882318169,0.5,-0.42820871906693936,0.6973811143231786,0.9141937984918007,1.4682831685,1.01763497371,4.0,1.4675,0.1882153022471871,1.0,15.593843672420446,0.0005730846393270338,0.03887331404626093,,,,,,,,,,,,,,,,,,,False,False,True,False,False,False,False,False,1,1.4682831685,1.0,KO_promotes_maturation,0.0,False,False,B_primary_reproducible,True
Brinp1,-0.03633687225,0.504199125322,4.0,-0.035,0.3431714828867146,0.75,-0.20397965300370813,0.8514228459917834,0.9592465519236606,1.4528760895,0.992127682085,4.0,1.455,0.2007485989988473,1.0,14.495742508353494,0.0007118006909258936,0.04400985982833844,,,,,,,,,,,,,,,,,,,False,False,True,False,False,False,False,False,1,1.4528760895,1.0,KO_promotes_maturation,0.0,False,False,B_primary_reproducible,True
Aldh2,1.11057608775,6.59876926618,4.0,1.11,0.1570562531918633,1.0,14.135062787267694,0.000767020995013386,0.05305861404449033,1.44114942825,0.890285820199,4.0,1.4425,0.42758040179596635,1.0,6.747269023281076,0.006649173843108402,0.11423512022816551,0.145384245,2.278395976,9.0,0.14555555555555555,0.08141116494546542,1.0,5.363719668661846,0.0006746585345862975,0.0010712483488363508,0.437452577,1.06074211,6.0,0.43500000000000005,0.07148426400264608,1.0,14.905770563312236,2.459311609817837e-05,0.00015208900744926096,True,True,False,True,True,True,True,True,3,1.44114942825,1.0,KO_promotes_maturation,0.0,False,True,A_secondary_validated,True
Senp2,-0.11494578075,0.634263611798,4.0,-0.115,0.14011899704655803,0.75,-1.6414619348408324,0.1992398697291053,0.6405375486300645,1.43511198425,0.974518741368,4.0,1.4349999999999998,0.20550750189064476,1.0,13.96542692406038,0.000794967314266427,0.04685285817720225,,,,,,,,,,,,,,,,,,,False,False,True,False,False,False,False,False,1,1.43511198425,1.0,KO_promotes_maturation,0.0,False,False,B_primary_reproducible,True
C77080,-0.25524083,1.09556126705,4.0,-0.255,0.06454972243679029,1.0,-7.900886026263129,0.004226179268414163,0.13905921109256023,1.4334661525,1.02456461296,4.0,1.435,0.09882644720249062,1.0,29.04080922912779,8.965899739654226e-05,0.012136954700609015,,,,,,,,,,,,,,,,,,,False,False,True,False,False,False,False,False,1,1.4334661525,1.0,KO_promotes_maturation,0.0,False,False,B_primary_reproducible,True
Epha2,-0.0786843245,0.675763877475,4.0,-0.0775,0.05737304826019502,0.75,-2.701616956049689,0.07368509139494087,0.4733746690951482,-1.43060130325,2.63340063962,4.0,-1.4325,0.6728731926101184,1.0,-4.257860220120349,0.023754271312187287,0.17393666072429398,-0.105546137,1.052179923,10.0,-0.10400000000000001,0.08289216555930429,0.8,-3.9675266587434024,0.003266843938028128,0.004542652813234379,-0.478921639,1.996251536,9.0,-0.4811111111111111,0.260357659981632,1.0,-5.543656113037578,0.0005450154816088168,0.001730792407811783,True,False,False,True,True,True,True,True,2,1.43060130325,-1.0,KO_blocks_maturation,0.0,False,False,A_secondary_validated,True
Mat2a,-0.56292752675,2.02053312696,4.0,-0.5625,0.27146209066215243,1.0,-4.144225063823429,0.025518291951263983,0.3247500906487511,1.422655014,0.982127091023,4.0,1.4225,0.1613226580490168,1.0,17.635464443783007,0.00039747124166302384,0.0316577463800996,,,,,,,,,,,,,,,,,,,False,False,True,False,False,False,False,False,1,1.422655014,1.0,KO_promotes_maturation,0.0,False,False,B_primary_reproducible,True
Bptf,-0.7806423545,2.74883688617,4.0,-0.7825,0.5248730005121873,1.0,-2.9816736591000574,0.058518642976068735,0.4375850006344633,-1.41329876325,2.44761855716,4.0,-1.4125,1.4415356395178027,0.75,-1.9597156827457765,0.1448924015820842,0.3572152572329487,-0.938411405,4.293110915,10.0,-0.938,0.288474917068673,1.0,-10.282406787318065,2.8365526831130654e-06,8.33237350664463e-06,-0.956976857,3.082595101,10.0,-0.9570000000000001,0.5359529415494941,1.0,-5.64657731335852,0.0003149710254333754,0.0011565342340131752,True,False,False,True,True,True,True,True,2,1.41329876325,-1.0,KO_blocks_maturation,0.0,False,True,A_secondary_validated,True
Rhog,-0.11983326725,0.57582032978,4.0,-0.1225,0.3456756668709365,0.75,-0.7087568593350675,0.5295871954431521,0.8555027064730997,1.41030552825,1.00505710414,4.0,1.4125,0.1081280105553906,1.0,26.126440184089407,0.00012301109378652693,0.015166544269209437,,,,,,,,,,,,,,,,,,,False,False,True,False,False,False,False,False,1,1.41030552825,1.0,KO_promotes_maturation,0.0,False,False,B_primary_reproducible,True
Nop58,-0.662346601,2.39347462116,4.0,-0.6625000000000001,0.320767309223784,1.0,-4.130720188432953,0.025739034636591804,0.3253627642832988,1.409052253,0.96026831235,4.0,1.41,0.19026297590440444,1.0,14.821590940619357,0.000666368855760859,0.042903231400302305,,,,,,,,,,,,,,,,,,,False,False,True,False,False,False,False,False,1,1.409052253,1.0,KO_promotes_maturation,0.0,False,False,B_primary_reproducible,True
Olfr1414,-0.0072090502,0.534095616113,5.0,-0.009999999999999998,0.27468163389640743,0.6,-0.0814058059063058,0.9390297911616516,0.9846077537416645,1.4084375214,0.999519386628,5.0,1.4100000000000001,0.34263683398023626,1.0,9.201742298542733,0.0007748679009891534,0.046536479096655176,,,,,,,,,,,,,,,,,,,False,False,True,False,False,False,False,False,1,1.4084375214,1.0,KO_promotes_maturation,0.2,False,False,B_primary_reproducible,True
Tjap1,0.09251927975,0.624202015903,4.0,0.09,0.2772483844257107,0.75,0.6492373269292445,0.5624590441305649,0.8647753135230333,1.384432772,0.856633002493,4.0,1.3824999999999998,1.0773540117652447,0.75,2.566473016116167,0.08274654455268801,0.2769228123621812,-0.096185815,1.10030734,8.0,-0.09625,0.025599944196367744,1.0,-10.634246257280791,1.424395982969252e-05,3.381141979775497e-05,-0.058206951,1.18887631,10.0,-0.057999999999999996,0.19634436867685082,0.6,-0.9341347833185422,0.37461756504275123,0.45908437461271573,True,False,False,True,False,True,True,False,1,1.384432772,-1.0,KO_blocks_maturation,0.0,False,False,A_secondary_validated,True
Niban1,-0.048301858,0.535405591932,4.0,-0.0475,0.1763282923034947,0.25,-0.5387677652800428,0.6274588449962225,0.8909128669373882,1.3800807035,0.984194251827,4.0,1.3825,0.08995369179009086,1.0,30.73803803908566,7.564670721643083e-05,0.010570366555042602,,,,,,,,,,,,,,,,,,,False,False,True,False,False,False,False,False,1,1.3800807035,1.0,KO_promotes_maturation,0.0,False,False,B_primary_reproducible,True
Uba1,-0.312901386,1.02119047969,4.0,-0.31249999999999994,0.442822387269057,0.75,-1.411401089846554,0.2529609683343389,0.6873297765475426,1.379019031,0.983568216253,4.0,1.38,0.09831920802501747,1.0,28.07182904990156,9.923803346296752e-05,0.013081944537005027,,,,,,,,,,,,,,,,,,,False,False,True,False,False,False,False,False,1,1.379019031,1.0,KO_promotes_maturation,0.0,False,False,B_primary_reproducible,True
Psmd2,-0.26275613475,1.00102072813,4.0,-0.2625,0.3969361829480066,0.75,-1.3226307465872118,0.2777454952048501,0.7058985788157703,1.37359932875,0.923403055745,4.0,1.375,0.19739976359323902,1.0,13.931121040583596,0.000800782847534731,0.04688382258192168,,,,,,,,,,,,,,,,,,,False,False,True,False,False,False,False,False,1,1.37359932875,1.0,KO_promotes_maturation,0.0,False,False,B_primary_reproducible,True
Cks1b,-0.439565903,1.50178553721,4.0,-0.44,0.2814249455894058,1.0,-3.126943839882286,0.05218920273735559,0.421861044880437,1.35268886225,0.926759655886,4.0,1.3524999999999998,0.15107944929738132,1.0,17.90448676229644,0.0003799525717756063,0.030987571612516376,,,,,,,,,,,,,,,,,,,False,False,True,False,False,False,False,False,1,1.35268886225,1.0,KO_promotes_maturation,0.5,False,False,B_primary_reproducible,True
Zfp981,-0.13600132575,0.720675787927,8.0,-0.1375,0.45493327611231704,0.625,-0.8548698239356417,0.4209153211939822,0.8040817656057115,1.3493287675,1.21264638257,8.0,1.35,0.3464926303071147,1.0,11.02008032616142,1.1238806646220068e-05,0.002676879401190598,,,,,,,,,,,,,,,,,,,False,False,True,False,False,False,False,False,1,1.3493287675,1.0,KO_promotes_maturation,0.5,False,False,B_primary_reproducible,True
Ppa1,0.21222730925,0.937709559207,4.0,0.21250000000000002,0.440028408173836,0.5,0.9658467319503179,0.4053669789362124,0.7953873178720862,1.33474163625,0.92348947065,4.0,1.3325,0.12763881332363863,1.0,20.87922890071592,0.00024029933537793942,0.02370115231390171,,,,,,,,,,,,,,,,,,,False,False,True,False,False,True,False,False,1,1.33474163625,1.0,KO_promotes_maturation,0.0,False,False,B_primary_reproducible,True
Irak2,0.13493443275,0.737155199296,4.0,0.1325,0.3376758800980609,0.5,0.7847762177240618,0.4898515546071877,0.8392274915189077,1.330564716,0.920906807753,4.0,1.33,0.13589211407093008,1.0,19.574351449206173,0.0002913017538452781,0.02620465562487995,,,,,,,,,,,,,,,,,,,False,False,True,False,False,True,False,False,1,1.330564716,1.0,KO_promotes_maturation,0.0,False,False,B_primary_reproducible,True
Olfr1057,0.130648606833,0.840071229399,6.0,0.12999999999999998,0.33033316515300126,0.6666666666666666,0.9639772815857692,0.3793305441678241,0.778207332452627,1.32811706367,1.00978562752,6.0,1.3283333333333331,0.3521032045674488,1.0,9.240866975335074,0.00024930857777453547,0.02375230813706483,,,,,,,,,,,,,,,,,,,False,False,True,False,False,True,False,False,1,1.32811706367,1.0,KO_promotes_maturation,0.3333333333333333,False,False,B_primary_reproducible,True
Dhrs7b,-0.12500151225,0.558081654533,4.0,-0.125,0.3349129240066239,0.5,-0.7464626835214502,0.5095613054593615,0.8460657177582713,1.32546194175,0.917764068164,4.0,1.325,0.12819256348686275,1.0,20.67202595782066,0.0002475568944530654,0.02370115231390171,,,,,,,,,,,,,,,,,,,False,False,True,False,False,False,False,False,1,1.32546194175,1.0,KO_promotes_maturation,0.0,False,False,B_primary_reproducible,True
Tbcc,-0.5333582265,1.80400922737,4.0,-0.535,0.3280751946327752,1.0,-3.2614474288361985,0.04708005073735742,0.40934676106139667,1.3145648725,0.889969411277,4.0,1.3175,0.17366154822911523,1.0,15.173191917669598,0.0006215703279360251,0.04122820909347812,,,,,,,,,,,,,,,,,,,False,False,True,False,False,False,False,False,1,1.3145648725,1.0,KO_promotes_maturation,0.0,False,False,B_primary_reproducible,True
Pax9,0.4567835715,2.38372117179,4.0,0.455,0.058022983951764036,1.0,15.683440216664932,0.0005634128041013488,0.043917352905897794,1.31449157575,0.783781224228,4.0,1.3125,0.5496893061842602,1.0,4.77542489997082,0.01745007427906397,0.1599971814913302,0.092240933,2.262592117,10.0,0.091,0.040674862562084274,1.0,7.074818424674147,5.8252010374673604e-05,0.00011903671685259388,0.164739791,0.747528652,10.0,0.166,0.4244264103207738,0.6,1.236817688115149,0.24745506206544157,0.3230663310298821,True,True,False,True,False,True,True,True,2,1.31449157575,1.0,KO_promotes_maturation,0.0,False,True,A_secondary_validated,True
Ptges,0.214802347,1.00757961172,4.0,0.21500000000000002,0.47395499083070464,0.75,0.9072591455284302,0.4311538976973389,0.8099108886660893,1.313910384,0.888474482071,4.0,1.3125,0.16720745597410824,1.0,15.699060695035492,0.0005617488661217152,0.038477961548729255,,,,,,,,,,,,,,,,,,,False,False,True,False,False,True,False,False,1,1.313910384,1.0,KO_promotes_maturation,0.0,False,True,B_primary_reproducible,True
Vmn2r69,0.0064644945,0.550994809822,4.0,0.007500000000000007,0.38204493627495356,0.25,0.03926239710504808,0.9711478904586389,0.9929879400952765,1.3111049025,0.895823774179,4.0,1.31,0.15556349186104043,1.0,16.8419978791705,0.000455832554503312,0.03422545436549658,,,,,,,,,,,,,,,,,,,False,False,True,False,False,True,False,False,1,1.3111049025,1.0,KO_promotes_maturation,0.0,False,False,B_primary_reproducible,True
Traf3,-0.89927973175,3.62164545878,4.0,-0.8975,0.3153173005085513,1.0,-5.692678445188327,0.010746398132323063,0.22263952687487013,-1.307810833,2.43621632308,4.0,-1.3050000000000002,0.6072067193304106,1.0,-4.2983714061631995,0.023163610498891433,0.17393666072429398,-0.523010975,1.610772378,9.0,-0.5244444444444444,0.0996382345175675,1.0,-15.790457759023564,2.5862571781271314e-07,1.5327539205219829e-06,-0.618530777,2.038859252,10.0,-0.6169999999999999,0.5447129723278328,0.9,-3.5819328994236157,0.0059128578293023365,0.013360784518135087,True,False,False,True,True,True,True,True,2,1.307810833,-1.0,KO_blocks_maturation,0.0,False,True,A_secondary_validated,True
Swi5,-0.86119754975,3.48247263422,4.0,-0.86,0.27652606869274854,1.0,-6.220028397796785,0.008377018130617775,0.19750539934504902,-0.456645585,1.3426649257,4.0,-0.455,0.6102185400876203,0.75,-1.4912690130151318,0.23269008984816997,0.4501031637481127,-0.484776043,1.307926294,10.0,-0.485,0.25259761589444096,0.9,-6.071730565432532,0.00018550903138453813,0.00033278337691119433,-1.306811895,3.759307424,10.0,-1.307,0.6959414087726383,0.9,-5.938857567232847,0.00021832102255628342,0.0008550906716787767,True,False,False,True,True,True,True,True,2,1.306811895,-1.0,KO_blocks_maturation,0.0,False,True,A_secondary_validated,True
Emp2,-0.10013814075,0.559984064537,4.0,-0.09999999999999999,0.1906130460732773,0.5,-1.0492461251740035,0.3711362507867299,0.7739361032474571,1.303849762,0.905757208814,4.0,1.3025,0.13793114224133712,1.0,18.88623524513449,0.00032409221504641774,0.02818660924221127,,,,,,,,,,,,,,,,,,,False,False,True,False,False,False,False,False,1,1.303849762,1.0,KO_promotes_maturation,0.0,False,False,B_primary_reproducible,True
Mettl14,-0.95296657425,4.31084652308,4.0,-0.9550000000000001,0.08504900548115385,1.0,-22.457640617834628,0.00019332456646753277,0.022264191830546634,-1.30033958275,2.37420084294,4.0,-1.3,1.0681136019481572,0.75,-2.4341980059591037,0.09298057885562727,0.29014776894961297,-0.704204504,2.192763455,9.0,-0.7033333333333334,0.11489125293076054,1.0,-18.36519270332613,7.954189932357935e-08,7.094805262030934e-07,-0.504671811,2.098651109,10.0,-0.5050000000000001,0.3187214039460377,0.9,-5.010489407405501,0.0007284694524876727,0.0022232509264234167,True,True,False,True,True,True,True,True,3,1.30033958275,-1.0,KO_blocks_maturation,0.0,False,True,A_secondary_validated,True
Tmem184c,0.0800556975,0.645906282413,4.0,0.0775,0.22246722605064026,0.5,0.6967318411419277,0.5361045128179872,0.8580044991277606,1.29674413425,0.740061204625,4.0,1.2950000000000002,0.624739945897491,1.0,4.14572498046247,0.02549392609779606,0.177880389816846,-0.166920341,1.139970063,10.0,-0.167,0.059451193801676044,1.0,-8.882922873000933,9.50217995600829e-06,2.3620476502579528e-05,-0.337230874,1.51927104,9.0,-0.33666666666666667,0.3579455265819088,0.8888888888888888,-2.8216583949090963,0.022436507412921726,0.043217862639644306,True,False,False,True,True,True,True,False,2,1.29674413425,-1.0,KO_blocks_maturation,0.0,False,False,A_secondary_validated,True
Vps29,-1.0874834035,4.23488177738,4.0,-1.085,0.5410175597889592,1.0,-4.010960385179506,0.027808511639710723,0.3326863036348954,1.2958157215,0.739837015039,4.0,1.295,0.5678908345800273,1.0,4.5607356947667315,0.019764217547723298,0.16622253054899905,-0.575201856,1.645669902,10.0,-0.577,0.2977713515061141,1.0,-6.127635182794573,0.0001733424374973969,0.00031577885900688576,-0.11953423,1.038960293,10.0,-0.121,0.4404908877856865,0.7,-0.8686572355760941,0.4076015873440554,0.49121216936334877,True,False,False,True,False,False,True,False,1,1.2958157215,-1.0,KO_blocks_maturation,0.0,False,False,A_secondary_validated,True
1700011L22Rik,0.03151427875,0.521420532125,4.0,0.029999999999999992,0.28366647081857715,0.5,0.21151600972387685,0.8460388729423464,0.957452339337594,1.295069175,0.896838202862,4.0,1.2925,0.12499999999999997,1.0,20.680000000000003,0.00024727223258885387,0.02370115231390171,,,,,,,,,,,,,,,,,,,False,False,True,False,False,True,False,False,1,1.295069175,1.0,KO_promotes_maturation,0.0,False,False,B_primary_reproducible,True
Brd2,-1.2904123385,6.07211193348,4.0,-1.29,0.2267156809750927,1.0,-11.379892157893757,0.0014558389639759194,0.07881982181594846,-0.47388681025,1.27675402752,4.0,-0.47250000000000003,1.8438614373102986,0.75,-0.5125113963978241,0.6436416060515541,0.784321336428419,-0.984175298,4.998113965,10.0,-0.985,0.1844059531456497,1.0,-16.89123069039778,4.0061718647742765e-08,4.4830970867712144e-07,-0.965887275,3.388864446,10.0,-0.966,0.3901053988632075,1.0,-7.830602264476278,2.6251689441092578e-05,0.00015818325688863477,True,True,False,True,True,True,True,True,3,1.2904123385,-1.0,KO_blocks_maturation,0.0,False,True,A_secondary_validated,True
Hdac5,0.485031012,2.01024696375,4.0,0.485,0.45843938167075776,0.75,2.115874069249651,0.12466961410994652,0.5628887845383657,1.28809647025,0.763373471487,4.0,1.2875,1.1284908801876365,0.75,2.281808426818522,0.10675744132764159,0.3081975564460814,0.266087843,3.292661529,10.0,0.264,0.11057425860780921,1.0,7.550051095033906,3.504284573933254e-05,7.352739954234951e-05,0.011741607,0.921207037,9.0,0.011111111111111115,0.29696146401698503,0.4444444444444444,0.11224800983412045,0.913392165342982,0.9414349072614069,True,False,False,True,False,True,True,True,1,1.28809647025,1.0,KO_promotes_maturation,0.0,False,True,A_secondary_validated,True
Csde1,0.73345723075,3.7685437374,4.0,0.7325,0.2455436145915154,1.0,5.966353482403375,0.009420596438410252,0.20762954926296412,1.2822478915,0.727471249837,4.0,1.2825,0.6064857788934543,1.0,4.229283009207396,0.02418267994523904,0.17486357335806924,0.191540104,2.39722229,9.0,0.19111111111111112,0.1299465702168053,0.8888888888888888,4.412069763571084,0.0022501791232376867,0.003166419724316505,0.386601272,0.836502115,10.0,0.386,0.4536812390507973,0.8,2.6905216080322054,0.024775340373133288,0.0466246428105931,True,False,False,True,True,True,True,True,2,1.2822478915,1.0,KO_promotes_maturation,0.0,False,True,A_secondary_validated,True
Foxc1,-1.0344473125,4.43730408997,4.0,-1.0325,0.28837186640401197,1.0,-7.160892724212263,0.005609058306258081,0.16465807016690387,-0.6084200825,1.416967077,4.0,-0.6075000000000002,1.8541732209621986,0.5,-0.6552785825315136,0.5590527184086417,0.7269072566901446,-0.922389017,3.894169542,10.0,-0.923,0.34618716838663377,1.0,-8.431226073277266,1.4517007542527927e-05,3.411496772494063e-05,-1.280484597,3.985965469,9.0,-1.28,0.3523137805990563,1.0,-10.899374964756305,4.4468900269019094e-06,4.354246484674786e-05,True,False,False,True,True,True,True,True,2,1.280484597,-1.0,KO_blocks_maturation,0.0,False,True,A_secondary_validated,True
Mcu,-0.0310101545,0.452975026571,4.0,-0.03,0.265329983228432,0.5,-0.22613350843332272,0.8356285662958693,0.9544895749744013,1.2800097375,0.866365681656,4.0,1.28,0.16673332000533062,1.0,15.353859683944124,0.0006001024471578496,0.04018577409721575,,,,,,,,,,,,,,,,,,,False,False,True,False,False,False,False,False,1,1.2800097375,1.0,KO_promotes_maturation,0.0,False,False,B_primary_reproducible,True
Rsc1a1,0.15345026175,0.793065102958,4.0,0.15000000000000002,0.23352373184182662,0.75,1.2846660064648163,0.2891190247136655,0.7160631108759001,1.24838369925,0.852969646448,4.0,1.2475,0.14840822079655827,1.0,16.811737157203773,0.0004582777002402777,0.03422545436549658,,,,,,,,,,,,,,,,,,,False,False,True,False,False,True,False,False,1,1.24838369925,1.0,KO_promotes_maturation,0.0,False,False,B_primary_reproducible,True
Ccm2,-1.15474142825,4.9690539435,4.0,-1.1524999999999999,0.3617895336610315,1.0,-6.371107468685383,0.007826897454401153,0.1925409988111159,-0.48398771375,1.47588382221,4.0,-0.4825,0.3336040567299305,1.0,-2.892650675351999,0.06287712199185527,0.24938589413447215,-0.893170901,3.849842093,10.0,-0.893,0.2149961239960696,1.0,-13.134720282594433,3.5538870673648617e-07,1.7594989388490072e-06,-1.247384512,3.594862892,8.0,-1.2475,0.3518014862309222,1.0,-10.029698498217238,2.0979951457932793e-05,0.00013695246090595018,True,False,False,True,True,True,True,True,2,1.247384512,-1.0,KO_blocks_maturation,0.0,False,True,A_secondary_validated,True
Lrp6,0.46568255525,2.13208365693,4.0,0.465,0.25514701644346144,1.0,3.644957377763736,0.03561782453745029,0.3648148754169802,1.24590890575,0.780218644153,4.0,1.2475,1.3899490398332355,0.75,1.7950298381438126,0.17052684285496633,0.3850308217859387,0.272533395,3.559743646,10.0,0.27199999999999996,0.07052186422190874,1.0,12.1967780213414,6.7028645947767e-07,2.7158158271940076e-06,0.056301256,0.754200257,10.0,0.05599999999999998,0.49773263684208796,0.5,0.3557885014191113,0.7301958321296762,0.7981210258161576,True,False,False,True,False,True,True,True,1,1.24590890575,1.0,KO_promotes_maturation,0.0,False,True,A_secondary_validated,True
ONE_INTERGENIC_SITE_2,0.32691109825,1.43632459831,4.0,0.3275,0.3566861365402362,0.75,1.8363483547561776,0.1636316085290681,0.6067025418541393,1.24544295825,0.804240086703,4.0,1.2449999999999999,1.460102736111401,0.75,1.705359450685956,0.1866717246585206,0.40179085529293407,-0.070185869,1.016880797,8.0,-0.07,0.06697547525560596,0.75,-2.9561551892931326,0.021220563819720407,0.025973085925178625,-0.226463049,1.100614433,8.0,-0.22499999999999995,0.39907034825597204,0.5,-1.5946965387157626,0.15480970202886105,0.21915831311314668,True,False,False,True,False,True,True,False,1,1.24544295825,-1.0,KO_blocks_maturation,0.0,False,True,A_secondary_validated,True
Efl1,-0.34816882975,1.1786348622,4.0,-0.35,0.29608557321603274,1.0,-2.364181383093797,0.099024098471616,0.5212318191775669,1.24043753075,0.839300505899,4.0,1.24,0.16062378404209007,1.0,15.439805597844323,0.0005902355701157858,0.039779220416806656,,,,,,,,,,,,,,,,,,,False,False,True,False,False,False,False,False,1,1.24043753075,1.0,KO_promotes_maturation,0.0,False,False,B_primary_reproducible,True
Ube2g2,-0.12741425375,0.5527855291,4.0,-0.1275,0.4382826333162959,0.75,-0.5818163454721553,0.6015261628750889,0.8795086209104538,1.23781544,0.836959230528,4.0,1.235,0.15502687938977977,1.0,15.932720891515515,0.000537620723340707,0.03737716260680913,,,,,,,,,,,,,,,,,,,False,False,True,False,False,False,False,False,1,1.23781544,1.0,KO_promotes_maturation,0.0,False,False,B_primary_reproducible,True
Stac2,0.00421687475,0.537071354466,4.0,0.0050000000000000044,0.3560430685558513,0.25,0.028086489762491586,0.9793570939808796,0.9955538430495775,1.2288472475,0.857171609459,4.0,1.2275,0.10626225419530054,1.0,23.103217775598182,0.0001776363789990424,0.02001751883774155,,,,,,,,,,,,,,,,,,,False,False,True,False,False,True,False,False,1,1.2288472475,1.0,KO_promotes_maturation,0.0,False,False,B_primary_reproducible,True
Hltf,-0.02684955675,0.459713135383,4.0,-0.030000000000000006,0.22226110770892868,0.5,-0.2699527623995086,0.8047013147503467,0.9452657175896562,1.22144657125,0.844683893615,4.0,1.2200000000000002,0.12027745701779148,1.0,20.28642823433717,0.00026185924906832795,0.024587958016484883,,,,,,,,,,,,,,,,,,,False,False,True,False,False,False,False,False,1,1.22144657125,1.0,KO_promotes_maturation,0.0,False,False,B_primary_reproducible,True
Lrr1,-0.7106014145,2.91829493107,4.0,-0.71,0.1512172829628501,1.0,-9.390461011978733,0.0025583389438536587,0.10213863669175749,1.2208791065,0.816183508052,4.0,1.22,0.17925772879665,1.0,13.611686460492514,0.0008577490119629704,0.048433988202820515,,,,,,,,,,,,,,,,,,,False,False,True,False,False,False,False,False,1,1.2208791065,1.0,KO_promotes_maturation,0.0,False,False,B_primary_reproducible,True
Tomm20,-0.52881522825,1.88910979985,4.0,-0.5275000000000001,0.2478406746278746,1.0,-4.256766979770578,0.023770479176233754,0.31482531573515754,1.2190763705,0.849542805756,4.0,1.2175,0.10594810050208546,1.0,22.982950977512523,0.00018042693938528868,0.02022325481024412,,,,,,,,,,,,,,,,,,,False,False,True,False,False,False,False,False,1,1.2190763705,1.0,KO_promotes_maturation,0.5,False,False,B_primary_reproducible,True
Gosr2,-0.1273036165,0.616672811837,4.0,-0.1275,0.26017622233145493,0.75,-0.9801049370112669,0.3993108623055902,0.7903263148182409,1.21869574675,0.815584787591,4.0,1.22,0.18239152027072597,1.0,13.377814913644439,0.000902916140728485,0.04954220499913363,,,,,,,,,,,,,,,,,,,False,False,True,False,False,False,False,False,1,1.21869574675,1.0,KO_promotes_maturation,0.0,False,False,B_primary_reproducible,True
Bmpr2,0.67352675225,3.60618883437,4.0,0.6725000000000001,0.1579820664927932,1.0,8.513624551564885,0.0034038218227694546,0.12237410875685724,1.20767625125,0.921189823183,4.0,1.2075,1.8761907330190786,0.75,1.287182564916465,0.2883502115760885,0.5039848886667488,0.121913131,2.065351932,10.0,0.122,0.11735984548955973,0.8,3.2873072807075454,0.00941874029683151,0.01209628556818973,0.327546777,0.877304645,10.0,0.32799999999999996,0.37000900889933297,0.8,2.8032481577155948,0.020603020517703078,0.04034758184716853,True,False,False,True,True,True,True,True,2,1.20767625125,1.0,KO_promotes_maturation,0.0,False,True,A_secondary_validated,True
Afdn,0.669384175,3.42429961671,4.0,0.67,0.21924111536540464,1.0,6.1119922591465095,0.008801902143225744,0.20133592022281604,1.200585252,0.678024123108,4.0,1.2025000000000001,1.1591196371959769,1.0,2.074850535547762,0.1296391361128389,0.3377686684652929,0.056478983,1.606801833,7.0,0.055714285714285716,0.028784916685156977,1.0,5.12095088152918,0.0021762054434596887,0.003118343165933091,0.189019654,0.66524057,10.0,0.19000000000000003,0.5845986277400551,0.6,1.0277696985959324,0.3308869602261705,0.4226001937671199,True,False,False,True,False,True,True,True,1,1.200585252,1.0,KO_promotes_maturation,0.0,False,True,A_secondary_validated,True
Crisp4,0.063755588,0.598975901319,4.0,0.06250000000000001,0.25863423336183994,0.5,0.4833080229759062,0.661956552662117,0.9033428595687292,1.179796461,0.822142130855,4.0,1.1824999999999999,0.114418821295566,1.0,20.669676310427512,0.00024764085671490814,0.02370115231390171,,,,,,,,,,,,,,,,,,,False,False,True,False,False,True,False,False,1,1.179796461,1.0,KO_promotes_maturation,0.0,False,False,B_primary_reproducible,True
Krit1,-0.714212966,2.79881415955,4.0,-0.715,0.26639569566092214,1.0,-5.36795460021304,0.012655572776224974,0.23832956459090338,-1.016780082,1.83965717661,4.0,-1.0175,1.592573912465813,0.75,-1.2778056855453386,0.29122575203804923,0.505667857797042,-0.72067872,2.33533384,10.0,-0.72,0.17204650534085253,1.0,-13.233863197688539,3.331406611641086e-07,1.7397345638570116e-06,-1.175765273,3.501835131,10.0,-1.1760000000000002,0.6580813863885766,1.0,-5.65103132420487,0.0003131895840144325,0.0011565342340131752,True,False,False,True,True,True,True,True,2,1.175765273,-1.0,KO_blocks_maturation,0.0,False,True,A_secondary_validated,True
Atp2b1,-1.17272582125,5.59626498781,4.0,-1.1724999999999999,0.06396613687465162,1.0,-36.66002223325248,4.464064598722527e-05,0.008889930773605424,0.58235231425,0.461334782779,4.0,0.5825,1.1638835852438163,0.75,1.0009592151400175,0.39060577688546194,0.5934829346516334,-0.735603281,2.441847191,10.0,-0.7350000000000001,0.20478986520062192,1.0,-11.349556180169312,1.2359897624409709e-06,4.209530350342437e-06,-0.354958307,1.626617801,10.0,-0.356,0.3352345779036259,0.9,-3.35815849922135,0.008413739607345547,0.018307674145612993,True,True,False,True,True,False,True,False,3,1.17272582125,-1.0,KO_blocks_maturation,0.0,False,False,A_secondary_validated,True
Arhgap1,-0.061735921,0.572891621463,4.0,-0.0625,0.10904891868637061,0.75,-1.1462745482099221,0.33482348124985556,0.7470891316679443,1.16417329475,0.806190185357,4.0,1.165,0.12233832869001712,1.0,19.045543820561686,0.000316080062224527,0.027719824703874837,,,,,,,,,,,,,,,,,,,False,False,True,False,False,False,False,False,1,1.16417329475,1.0,KO_promotes_maturation,0.0,False,False,B_primary_reproducible,True
Kat8,-0.566560172,2.1873542469,4.0,-0.5675,0.21391197566600456,1.0,-5.305920795066441,0.01306967735373507,0.24164929089396248,1.15782903175,0.808274472051,4.0,1.155,0.11150485789118489,1.0,20.7165861980137,0.0002459717301222987,0.02370115231390171,,,,,,,,,,,,,,,,,,,False,False,True,False,False,False,False,False,1,1.15782903175,1.0,KO_promotes_maturation,0.0,False,False,B_primary_reproducible,True
Pitpnc1,-0.12657509575,0.621702225323,4.0,-0.125,0.21299452262127933,0.75,-1.1737391033501798,0.32520131878207525,0.7390742364100571,1.156964209,0.782827409505,4.0,1.1575,0.16317168872080726,1.0,14.187510211780978,0.0007586454563861687,0.04582480912349884,,,,,,,,,,,,,,,,,,,False,False,True,False,False,False,False,False,1,1.156964209,1.0,KO_promotes_maturation,0.0,False,False,B_primary_reproducible,True
Apc,-0.91304234125,3.63654653317,4.0,-0.9125,0.34519318262870335,1.0,-5.286894677647809,0.013200224856607485,0.24164929089396248,-1.0715713955,2.06008888028,4.0,-1.07,0.7500222218930139,1.0,-2.8532487938807476,0.06493557724268519,0.2519845458603109,-0.58086223,1.760721707,9.0,-0.5822222222222223,0.11020183503211027,1.0,-15.849705825295272,2.5120180271526305e-07,1.5327539205219829e-06,-1.155551748,2.95312702,10.0,-1.1549999999999998,0.8809874510393941,0.8,-4.145837370538387,0.0024998193909207536,0.00667565405529974,True,False,False,True,True,True,True,True,2,1.155551748,-1.0,KO_blocks_maturation,0.0,False,True,A_secondary_validated,True
Gpr12,0.0692886985,0.712081271265,4.0,0.0675,0.09604686356149272,0.75,1.4055638569974547,0.2545157682443285,0.689320390541559,1.144459382,0.793044554767,4.0,1.1425,0.13073510112692255,1.0,17.478091042906957,0.0004082200357203245,0.0316577463800996,,,,,,,,,,,,,,,,,,,False,False,True,False,False,True,False,False,1,1.144459382,1.0,KO_promotes_maturation,0.0,False,False,B_primary_reproducible,True
Kcns1,0.01864340025,0.549571870991,4.0,0.017499999999999995,0.16090887690449732,0.5,0.2175144135818759,0.8417616455073444,0.956408055823279,1.11887590025,0.755380259758,4.0,1.12,0.1669331203406522,1.0,13.418547472358647,0.0008948259717126729,0.04954220499913363,,,,,,,,,,,,,,,,,,,False,False,True,False,False,True,False,False,1,1.11887590025,1.0,KO_promotes_maturation,0.25,False,False,B_primary_reproducible,True
Cfhr1,-0.2216585475,0.761962150682,4.0,-0.22250000000000003,0.3676388626537371,0.75,-1.2104269847530404,0.31278245432579127,0.730546048882169,1.114461468,0.805944300336,4.0,1.115,0.07047458170621988,1.0,31.64261420232292,6.935765136634746e-05,0.009822543058369208,,,,,,,,,,,,,,,,,,,False,False,True,False,False,False,False,False,1,1.114461468,1.0,KO_promotes_maturation,0.0,False,False,B_primary_reproducible,True
Mcm10,-0.526394548,1.88267280796,4.0,-0.525,0.269010532631469,1.0,-3.903192896311044,0.02985736175129745,0.3406758730133343,1.09764710775,0.750038641747,4.0,1.0975,0.16337584480781323,1.0,13.435278652006867,0.0008915307889959947,0.04954220499913363,,,,,,,,,,,,,,,,,,,False,False,True,False,False,False,False,False,1,1.09764710775,1.0,KO_promotes_maturation,0.0,False,False,B_primary_reproducible,True
Mtf2,0.78795831925,4.25117240212,4.0,0.7875,0.20467453839368163,1.0,7.695143774896725,0.004560665056520088,0.14774581079545757,1.082667538,0.635549701025,4.0,1.0825,0.4323867867238005,1.0,5.0070910270043845,0.015332750201473766,0.15130623550983527,0.265513868,2.997382788,10.0,0.266,0.16714597745018508,1.0,5.032522292410439,0.0007069372200727283,0.0011149680987724239,0.270814921,0.764821057,10.0,0.27,0.42339894504670966,0.7,2.0165732065092157,0.07453319095215921,0.12079517154315458,True,False,False,True,False,True,True,True,1,1.082667538,1.0,KO_promotes_maturation,0.0,False,True,A_secondary_validated,True
Sec24b,-0.0977895245,0.533769817616,4.0,-0.09749999999999999,0.31794915736115215,0.75,-0.6133056040104656,0.5830409887355564,0.8719142445792044,1.0794397725,0.75939058826,4.0,1.08,0.12138094304022082,1.0,17.79521517874731,0.00038694187761920996,0.031435278119762176,,,,,,,,,,,,,,,,,,,False,False,True,False,False,False,False,False,1,1.0794397725,1.0,KO_promotes_maturation,0.0,False,False,B_primary_reproducible,True
Mtpn,0.16991271075,0.83988491217,4.0,0.17,0.3209361307176243,0.75,1.0594008198445848,0.36716215152174164,0.770650421612513,1.07603322975,0.740423771327,4.0,1.0750000000000002,0.15286159317064135,1.0,14.065011069195961,0.0007784006629222996,0.04661507969957542,,,,,,,,,,,,,,,,,,,False,False,True,False,False,True,False,False,1,1.07603322975,1.0,KO_promotes_maturation,0.0,False,False,B_primary_reproducible,True
Tm2d1,-0.294661841,0.997265994914,4.0,-0.295,0.3368976105584603,0.75,-1.7512739227267984,0.17819628013206484,0.6228104104665798,1.0740104065,0.773314620266,4.0,1.0725000000000002,0.08732124598286488,1.0,24.564468542064958,0.00014789846074062714,0.017415459197323284,,,,,,,,,,,,,,,,,,,False,False,True,False,False,False,False,False,1,1.0740104065,1.0,KO_promotes_maturation,0.0,False,False,B_primary_reproducible,True
Usf3,0.070468904,0.592631204105,4.0,0.07250000000000001,0.23991317874042128,0.75,0.6043853062231549,0.5882353533163756,0.872718098731963,1.07192927275,0.735927574446,4.0,1.0725,0.16007810593582122,1.0,13.3997087700424,0.00089855562857516,0.04954220499913363,,,,,,,,,,,,,,,,,,,False,False,True,False,False,True,False,False,1,1.07192927275,1.0,KO_promotes_maturation,0.0,False,False,B_primary_reproducible,True
Chd8,-1.02856276725,4.34971043346,4.0,-1.03,0.32352228156135804,1.0,-6.3674130574815075,0.00783977439019203,0.1925409988111159,-0.605319595,1.34542779087,4.0,-0.6050000000000001,1.8066635916332994,0.5,-0.6697428373514239,0.5509609624463112,0.720324779240403,-0.558074225,1.616236835,10.0,-0.557,0.2275009157490727,1.0,-7.742336556818747,2.8724225095361704e-05,6.308591492906542e-05,-0.414839934,1.534117057,10.0,-0.41400000000000003,0.5885046964789472,0.7,-2.2245921895655476,0.05316406722303937,0.09030543342286869,True,False,False,True,False,True,True,True,1,1.02856276725,-1.0,KO_blocks_maturation,0.0,False,True,A_secondary_validated,True
Cdyl,0.92898523375,5.36531126591,4.0,0.9275,0.16317168872080723,1.0,11.36839371181586,0.0014601805155967683,0.07881982181594846,1.02443574625,0.531489366926,4.0,1.025,0.9174784284475939,0.75,2.234384958204056,0.11154129923371083,0.3139586483417543,0.605536575,5.046504718,10.0,0.604,0.2169075583950197,1.0,8.80566689733923,1.0203711566333773e-05,2.497783560508788e-05,0.149688876,0.613335001,10.0,0.14900000000000002,0.6834625894012862,0.7,0.6894003836813396,0.5079542866417524,0.5909369176277812,True,True,False,True,False,True,True,True,2,1.02443574625,1.0,KO_promotes_maturation,0.0,False,True,A_secondary_validated,True
Slco2b1,0.0368190325,0.529105747685,4.0,0.03499999999999999,0.22781571499789036,0.5,0.30726589691430284,0.7787358503552372,0.9383667661444158,1.01773369325,0.717195578527,4.0,1.0150000000000001,0.1429452109492771,1.0,14.201245263965708,0.0007564721575717957,0.04582480912349884,,,,,,,,,,,,,,,,,,,False,False,True,False,False,True,False,False,1,1.01773369325,1.0,KO_promotes_maturation,0.0,False,False,B_primary_reproducible,True
P4hb,-0.22914924475,0.86865171147,4.0,-0.22749999999999998,0.4765413588206869,0.75,-0.9547964548680601,0.41011926674116944,0.7981522591360177,1.013947344,0.749326726465,4.0,1.015,0.07593857166596352,1.0,26.732133031544333,0.00011486464187074306,0.014330731509587942,,,,,,,,,,,,,,,,,,,False,False,True,False,False,False,False,False,1,1.013947344,1.0,KO_promotes_maturation,0.0,False,False,B_primary_reproducible,True
Eif4e2,-1.0090154175,4.25115821482,4.0,-1.01,0.29944392908634276,1.0,-6.745837212874487,0.006653198306035977,0.1792006228703597,-0.47989794425,1.32474709095,4.0,-0.48,0.7627581530209953,0.75,-1.2585902834309992,0.29721209246189184,0.5115845822453193,-0.519868954,1.622428138,10.0,-0.518,0.15418603481941331,1.0,-10.623918241919629,2.1573951095651487e-06,6.58425780191961e-06,-0.397015306,1.725482836,9.0,-0.39777777777777773,0.29465139477770075,0.8888888888888888,-4.049983656902903,0.003684294692620517,0.008925868585214655,True,False,False,True,True,True,True,True,2,1.0090154175,-1.0,KO_blocks_maturation,0.0,False,True,A_secondary_validated,True
Gm14496,0.01480295375,0.522317530045,4.0,0.017499999999999995,0.18697147732564273,0.5,0.18719432771578054,0.8634528929754106,0.9634717845075548,1.0004375095,0.734097262694,4.0,1.0,0.11343133018115703,1.0,17.631812981527002,0.00039771634605736316,0.0316577463800996,,,,,,,,,,,,,,,,,,,False,False,True,False,False,True,False,False,1,1.0004375095,1.0,KO_promotes_maturation,0.0,False,False,B_primary_reproducible,True
Runx2,-0.97792983875,4.43417542419,4.0,-0.9775,0.09105858919765161,1.0,-21.469693493235226,0.00022111170725765058,0.024264405152462597,-0.64033931225,1.61051776717,4.0,-0.645,0.43950729990145404,1.0,-2.935104832819029,0.06074967141871657,0.24545458812959206,-0.924133274,3.841097804,9.0,-0.9233333333333332,0.15305227865013968,1.0,-18.098391114658988,8.919985736384336e-08,7.486416600179711e-07,-0.611583369,2.313723189,9.0,-0.6122222222222222,0.27702787665584205,1.0,-6.6298983656016635,0.00016419741447927614,0.0006652826276315498,True,True,False,True,True,True,True,True,3,0.97792983875,-1.0,KO_blocks_maturation,0.0,False,True,A_secondary_validated,True
Gcn1,-0.9718514215,4.06859827671,4.0,-0.9724999999999999,0.27932955446926844,1.0,-6.963101357804897,0.006077440820200958,0.17260590730543643,0.39203107625,0.62723928784,4.0,0.395,0.7896623751114565,0.75,1.0004275560026472,0.3908254637635244,0.5936951417321765,-0.73720031,2.660473598,10.0,-0.738,0.0729992389610254,1.0,-31.969660867975193,1.4081576246894695e-10,1.9363834628547092e-08,-0.208586805,1.196108871,10.0,-0.20800000000000002,0.39293199864042067,0.7,-1.673963320856812,0.12846302933574458,0.18986674147106905,True,False,False,True,False,False,True,False,1,0.9718514215,-1.0,KO_blocks_maturation,0.0,False,False,A_secondary_validated,True
Cbfb,-0.7180693985,3.00001673166,4.0,-0.7174999999999999,0.1284198842339716,1.0,-11.174281993476455,0.0015361381405607903,0.08089812921144263,0.0912815025,0.798293184631,4.0,0.0875,0.8800520817921327,0.5,0.19885186754360157,0.8550923869733208,0.9186934865147933,-0.958885549,4.053965703,8.0,-0.95875,0.11945561040463049,1.0,-22.700938839665362,8.151478386163202e-08,7.094805262030934e-07,-0.096127108,0.823433832,10.0,-0.09600000000000003,0.7764477516942858,0.6,-0.39098400982387527,0.7049035503446468,0.7740763286494954,True,True,False,True,False,False,True,False,2,0.958885549,-1.0,KO_blocks_maturation,0.0,False,False,A_secondary_validated,True
Ckap2,0.00787426625,0.583527031351,4.0,0.009999999999999995,0.3634097778908359,0.75,0.05503429246201449,0.9595712103926773,0.9895384697243517,0.9547292925,0.545127264359,4.0,0.9550000000000001,0.8066597795849252,1.0,2.3677888105228324,0.09870124414561712,0.29888090444199233,-0.07848306,1.034747493,10.0,-0.079,0.11189777080492315,0.6,-2.2325729400706766,0.05247587562556806,0.061659153860042476,-0.463462848,1.911050587,8.0,-0.4625,0.1807721533549109,1.0,-7.236443893141108,0.00017193419751066884,0.0006848226511018166,True,False,False,False,True,True,True,False,1,0.9547292925,-1.0,KO_blocks_maturation,0.0,False,False,A_secondary_validated,True
Rc3h1,0.022587551,0.622061163115,4.0,0.020000000000000004,0.49564772436345017,0.75,0.08070247886514795,0.940760882538568,0.9849816723117233,0.95320099075,0.605011504759,4.0,0.9525,1.290616777617069,0.75,1.476038459315009,0.23641487141999373,0.453611836778018,-0.149998326,0.982752469,10.0,-0.14999999999999997,0.1115546702045434,1.0,-4.252100321353805,0.002135851645699836,0.0030983033132065516,-0.208134252,1.25493088,8.0,-0.20875,0.23067834748844548,0.75,-2.5595560602858125,0.03757593736531112,0.06740721588433674,True,False,False,True,True,True,True,False,2,0.95320099075,-1.0,KO_blocks_maturation,0.0,False,False,A_secondary_validated,True
Btf3l4,-0.144745919,0.603180471336,4.0,-0.14500000000000002,0.33110924682547505,0.5,-0.8758438575194992,0.4455865260070894,0.8165697465264202,0.9081962005,0.59685772896,4.0,0.9099999999999999,0.3355592347112504,1.0,5.423781591247562,0.01229744258204221,0.14179900926160718,-0.198764087,1.007176884,9.0,-0.19888888888888887,0.09636447016982509,1.0,-6.191770323804495,0.0002617660508378316,0.00044901475873642646,-0.005734698,0.792014025,10.0,-0.005999999999999994,0.5418322823736348,0.5,-0.03501759968581286,0.9728300674316499,0.9797988199530295,True,False,False,True,False,False,True,False,1,0.9081962005,-1.0,KO_blocks_maturation,1.0,True,False,A_secondary_validated,True
Sox9,-0.907929324,3.45018691321,4.0,-0.9099999999999999,0.5252301083017487,1.0,-3.465147887056003,0.04048857641845358,0.38421125462447586,-0.822598798,1.63253272945,4.0,-0.825,1.2160180919706745,0.5,-1.3568877066014833,0.26788738063354556,0.48458785691543244,-0.530081113,1.688317926,10.0,-0.529,0.12758004023618533,1.0,-13.112120666619811,3.6068703875422443e-07,1.7594989388490072e-06,-0.791930771,2.890971482,9.0,-0.7911111111111111,0.2730130237023705,1.0,-8.693113980967663,2.3897833665136176e-05,0.00015178353814343246,True,False,False,True,True,True,True,True,2,0.907929324,-1.0,KO_blocks_maturation,0.0,False,True,A_secondary_validated,True
Ralgapb,0.79819842425,4.05031300873,4.0,0.7975000000000001,0.30247589435633826,1.0,5.273147479716106,0.013295612540600112,0.24164929089396248,0.88993637325,0.532286880739,4.0,0.8925,1.424508687232198,0.75,1.253063611334117,0.29895741284918537,0.513197712350342,0.431340759,4.229583795,9.0,0.43,0.09643650760992957,1.0,13.376676862022483,9.333060860432098e-07,3.323135306365974e-06,0.178898157,0.839332305,10.0,0.179,0.290266161383728,0.6,1.9500988281642386,0.08295355026433678,0.1326128184497901,True,False,False,True,False,True,True,True,1,0.88993637325,1.0,KO_promotes_maturation,0.0,False,True,A_secondary_validated,True
Mast3,0.160026062,0.849546779827,4.0,0.16,0.4907816894166557,0.75,0.65202106537502,0.5608875027913193,0.8644901874039307,0.8553359985,0.803344786104,4.0,0.855,1.809907916626331,0.75,0.9447994476909304,0.41446299189539665,0.6115553896605079,-0.111873545,1.003629909,7.0,-0.11142857142857142,0.023401261667248794,1.0,-12.59813650816107,1.5315930241812682e-05,3.528670202770569e-05,-0.261090535,1.173120177,10.0,-0.261,0.5667539148519399,0.7,-1.4562836668178365,0.17929622687516847,0.24355267812522882,True,False,False,True,False,True,True,False,1,0.8553359985,-1.0,KO_blocks_maturation,0.0,False,False,A_secondary_validated,True
Washc1,-0.834425253,3.27866046474,4.0,-0.8325,0.30434355587066403,1.0,-5.470791044800601,0.012006087319043766,0.23304756996452206,-0.3995372275,1.1559742305,4.0,-0.3999999999999999,1.9933556297526709,0.5,-0.40133330353062047,0.7150520738044901,0.8305159850904418,-0.584818454,1.717192655,9.0,-0.5855555555555555,0.13068197189275108,1.0,-13.442303029436525,8.988202752841262e-07,3.2495809952579948e-06,-0.56001314,1.982482853,10.0,-0.5599999999999999,0.5126185499743233,0.9,-3.4545677088411924,0.0072224513119050066,0.016012038285827136,True,False,False,True,True,True,True,True,2,0.834425253,-1.0,KO_blocks_maturation,0.0,False,True,A_secondary_validated,True
Vps37c,-0.119649552,0.574268860109,4.0,-0.1175,0.21546461426415242,0.5,-1.090666329608526,0.3551842397879583,0.7632955813504856,0.82759910925,0.490195651887,4.0,0.8275,0.8495243767348095,0.75,1.9481489234730114,0.14653871296722182,0.3591500729411798,-0.119806909,1.048211282,10.0,-0.119,0.08006247560499238,0.8,-4.700217407923517,0.0011198275149030142,0.0016978030064658603,-0.217074524,1.191307062,10.0,-0.217,0.4440232726633444,0.5,-1.545446589185476,0.15663866673048718,0.22041968072852985,True,False,False,True,False,False,True,False,1,0.82759910925,-1.0,KO_blocks_maturation,0.0,False,False,A_secondary_validated,True
Mtmr3,-0.8124706635,3.18130501312,4.0,-0.8125,0.30015273889582733,1.0,-5.4139102844035065,0.012359793974023075,0.23615431330494405,0.4966295125,0.555593011049,4.0,0.49750000000000005,1.7431652245269236,0.75,0.5708007399413515,0.6080899583901291,0.7608384388644405,-0.292319287,1.067337035,10.0,-0.292,0.16504544828622206,1.0,-5.594732156247236,0.0003365351617497707,0.0005648983072228294,-0.277574112,1.164819276,10.0,-0.277,0.5745732716063675,0.6,-1.5245242950784934,0.16171525144208854,0.2231616583149624,True,False,False,True,False,False,True,False,1,0.8124706635,-1.0,KO_blocks_maturation,0.0,False,False,A_secondary_validated,True
Kdm2a,-0.71460918875,2.70928586353,4.0,-0.715,0.28337254630609504,1.0,-5.046360413670187,0.015007607462968451,0.2549104152543102,0.3011735225,0.68478913352,4.0,0.3025,1.1088244525923239,0.5,0.5456228879022001,0.6232789444585665,0.7710671955485482,-0.465184927,1.562012267,9.0,-0.46444444444444444,0.06002314368456371,1.0,-23.21326821293534,1.2597487463722568e-08,2.1145782528391453e-07,-0.801268109,2.840425467,9.0,-0.8011111111111111,0.31931349973202056,1.0,-7.5265635037362895,6.755905202306895e-05,0.00033075785886294175,True,False,False,True,True,False,True,False,2,0.801268109,-1.0,KO_blocks_maturation,0.0,False,False,A_secondary_validated,True
Crot,-0.1528965165,0.623680261163,4.0,-0.1525,0.23514180118955172,0.75,-1.2970896644367134,0.2853442876820464,0.713701225514999,0.795733219,0.685214503416,4.0,0.7975,0.04573474244670748,1.0,34.875018742230324,5.183742634126306e-05,0.008108301911290102,,,,,,,,,,,,,,,,,,,False,False,True,False,False,False,False,False,1,0.795733219,1.0,KO_promotes_maturation,0.0,False,False,B_primary_reproducible,True
Uhrf1bp1l,0.02075701925,0.596355098423,4.0,0.020000000000000018,0.3619392214170772,0.25,0.11051579279910761,0.918978962602671,0.980044726577388,0.79541409025,0.467393538022,4.0,0.795,1.4266627725803553,0.75,1.1144890233059228,0.3463156367525063,0.5558525194536232,-0.124152277,1.061683841,10.0,-0.123,0.07645623294117725,0.9,-5.087357004627249,0.0006562702766579074,0.001049139557922505,-0.131930788,1.32355926,10.0,-0.13199999999999998,0.20991003363875255,0.9,-1.9885693118442902,0.07797610398145849,0.1255094824359092,True,False,False,True,False,True,True,False,1,0.79541409025,-1.0,KO_blocks_maturation,0.0,False,False,A_secondary_validated,True
Commd6,-0.794675933,2.99748216999,4.0,-0.7949999999999999,0.36207733980463347,1.0,-4.391327004495554,0.021878373954672643,0.3046981515547765,-0.39965275375,1.18363563355,4.0,-0.40249999999999997,1.4139395319461154,0.5,-0.5693312774783343,0.6089693324347776,0.7615750124005333,-0.552475947,1.712013199,10.0,-0.552,0.15929009176133124,1.0,-10.958479897345983,1.6620897179638204e-06,5.278257888128349e-06,-0.214503773,1.108206487,10.0,-0.21499999999999994,0.5216054277154545,0.6,-1.3034559473700373,0.22477428753649828,0.30012475892657436,True,False,False,True,False,True,True,True,1,0.794675933,-1.0,KO_blocks_maturation,0.0,False,True,A_secondary_validated,True
Brd4,-0.7889378325,2.67680720123,4.0,-0.7875000000000001,0.592754867827615,1.0,-2.657084885312223,0.07652894309150599,0.4781063031886633,-0.3324855995,1.12141178874,4.0,-0.32999999999999996,1.490749252333649,0.5,-0.4427303914235225,0.6879378113277678,0.8127600769646588,-0.657451953,1.789720424,8.0,-0.66,0.1519398377178095,1.0,-12.286191234451179,5.427244702938513e-06,1.4330365226860118e-05,-0.333001973,1.496544964,10.0,-0.3350000000000001,0.4769404807963172,0.8,-2.221163979177562,0.053462387342169806,0.09030543342286869,True,False,False,True,True,True,True,True,2,0.7889378325,-1.0,KO_blocks_maturation,0.0,False,True,A_secondary_validated,True
NO_SITE_11,0.070825039,0.577756124624,4.0,0.07250000000000001,0.2642442052344763,0.5,0.5487348336412325,0.6213876779110549,0.8870920670900224,0.78652459025,0.480444984148,4.0,0.7849999999999999,0.5671860364994892,1.0,2.7680512194721736,0.06968179092482701,0.25872990926206807,0.041758724,1.580465212,8.0,0.04125,0.044860896112315904,0.625,2.6007643405890324,0.03538576950835201,0.04199826179021577,0.422001372,1.023443043,8.0,0.42125,0.26226690330925967,1.0,4.542986214674485,0.0026582159272586056,0.006940897143397471,True,False,False,False,True,True,True,True,1,0.78652459025,1.0,KO_promotes_maturation,0.0,False,False,A_secondary_validated,True
Agrp,-0.25856007075,0.944850795757,4.0,-0.26,0.18055470085267789,1.0,-2.8800136332328994,0.06352831702658027,0.44968793614148783,0.7740496125,0.666961293429,4.0,0.7749999999999999,0.09574271077563379,1.0,16.1892220038799,0.0005126954085740734,0.03613844284676268,,,,,,,,,,,,,,,,,,,False,False,True,False,False,False,False,False,1,0.7740496125,1.0,KO_promotes_maturation,0.0,False,False,B_primary_reproducible,True
Preb,-0.37018627025,1.25181293494,4.0,-0.37,0.4143267631552018,0.75,-1.7860299304942677,0.1720728406754115,0.6165762276259152,0.76871777475,0.673126703019,4.0,0.7675,0.08808140174482539,1.0,17.42706144081294,0.0004117883735149577,0.0316577463800996,,,,,,,,,,,,,,,,,,,False,False,True,False,False,False,False,False,1,0.76871777475,1.0,KO_promotes_maturation,0.0,False,False,B_primary_reproducible,True
Sox6,0.7680452235,3.93997097728,4.0,0.77,0.27507574714370336,1.0,5.598457937462159,0.011259088770009753,0.22661160651185916,0.51300376725,0.59444727559,4.0,0.51,0.7205553413860729,0.75,1.4155748232160907,0.25185553246323383,0.4676380138650621,0.574799233,4.459649767,8.0,0.57375,0.11855529150087374,1.0,13.688212835368606,2.6168049400238556e-06,7.784166593741849e-06,0.542930525,1.083645165,10.0,0.5439999999999999,0.4656226416793372,0.9,3.6945777398778468,0.004962061685216361,0.01166084496025845,True,False,False,True,True,True,True,True,2,0.7680452235,1.0,KO_promotes_maturation,0.0,False,True,A_secondary_validated,True
Commd5,-0.74578702275,3.01860921869,4.0,-0.7475,0.20139099615755748,1.0,-7.4233706000957085,0.005058236472277176,0.15522787182859388,-0.1833491455,0.979527075527,4.0,-0.18500000000000005,1.176251106977871,0.5,-0.3145586837751312,0.7737043714870226,0.8687439666988801,-0.530116759,1.640161782,10.0,-0.531,0.15538125155028623,1.0,-10.806769933925894,1.8691395273330368e-06,5.856637185643515e-06,-0.496531804,1.778267523,10.0,-0.4960000000000001,0.48369411821935565,0.8,-3.242730602591709,0.010114350062674254,0.021607929679349543,True,False,False,True,True,True,True,True,2,0.74578702275,-1.0,KO_blocks_maturation,0.0,False,True,A_secondary_validated,True
Ankrd11,-0.5772286415,1.97925320932,4.0,-0.5774999999999999,0.3564991818597438,1.0,-3.2398391322379174,0.04785678848215716,0.41121500860898136,0.744668894,0.472533691996,4.0,0.745,0.6392964883369844,1.0,2.3306869772990133,0.10208385618960918,0.3021993454807344,-0.618735497,1.927451364,9.0,-0.6177777777777779,0.07562700869692285,1.0,-24.506236135302057,8.209438893143144e-09,1.6076817832405327e-07,-0.493391232,2.039461593,9.0,-0.4922222222222223,0.2601335127284534,1.0,-5.676572200092191,0.0004668378665660428,0.0015237069255975007,True,False,False,True,True,False,True,False,2,0.744668894,-1.0,KO_blocks_maturation,0.0,False,False,A_secondary_validated,True
Hoxa11,0.449471125,2.0126546394,4.0,0.44999999999999996,0.2684523545560118,1.0,3.3525502187846064,0.043975546721473836,0.398154410057059,0.73906003275,0.411541410979,4.0,0.74,1.147112316500292,0.75,1.2901962420866597,0.28743233815698527,0.5033067508580127,0.159598225,2.490560106,10.0,0.16,0.09786612170602133,1.0,5.169965017585965,0.0005871914240890603,0.0009516550666270979,0.400019645,0.791819964,10.0,0.399,0.5654192151748019,0.8,2.2315279575652696,0.0525654880600576,0.09016707805922289,True,False,False,True,True,True,True,True,2,0.73906003275,1.0,KO_promotes_maturation,0.5,False,True,A_secondary_validated,True
Pdpr,0.0153107725,0.490523317888,4.0,0.014999999999999986,0.28629821282478635,0.5,0.10478584446616815,0.9231587156037799,0.9811077314194924,0.72626838275,0.444408066776,4.0,0.725,1.3611147392241896,0.75,1.0653032828271871,0.36487116910792616,0.5714061345264594,-0.18492222,1.107376625,10.0,-0.18500000000000003,0.08501633829904566,1.0,-6.881281631694521,7.216199100360925e-05,0.00014131723238206814,-0.081792748,0.97355212,10.0,-0.08400000000000002,0.393875332786629,0.5,-0.6744045674930405,0.517000788169632,0.5984984493589336,True,False,False,True,False,True,True,False,1,0.72626838275,-1.0,KO_blocks_maturation,0.0,False,False,A_secondary_validated,True
Nedd4,-0.71536770025,2.85039098412,4.0,-0.715,0.2055075018906447,1.0,-6.9583834499673705,0.0060892314818744905,0.17269554605923482,0.58255024125,0.52156858364,4.0,0.5825,0.721312461189093,0.75,1.615111429074,0.2046986759590189,0.42129656795964604,-0.470824844,1.430664839,10.0,-0.46900000000000014,0.18333030300525877,1.0,-8.089814931339681,2.024374399837241e-05,4.574307538093766e-05,-0.026229669,0.838592697,10.0,-0.027000000000000003,0.4820569353187327,0.5,-0.1771191130526783,0.8633367730769295,0.9138925300589118,True,False,False,True,False,False,True,False,1,0.71536770025,-1.0,KO_blocks_maturation,0.0,False,False,A_secondary_validated,True
Tfap4,-0.68175369925,2.5315412729,4.0,-0.6825,0.37845078940332516,1.0,-3.6068097576228935,0.03658587813298099,0.3689319975141826,0.602459203,0.518722486416,4.0,0.6,1.0373363324720997,0.75,1.156808994764748,0.3310993710422172,0.5426000606346493,-0.627256693,1.973011955,10.0,-0.626,0.1547901805671148,1.0,-12.788833296871086,4.468753571416474e-07,2.019532864005522e-06,-0.706991119,2.193352858,9.0,-0.7077777777777777,0.6044993337005795,0.8888888888888888,-3.5125486745119594,0.007931931521359976,0.017420597266538263,True,False,False,True,True,False,True,False,2,0.706991119,-1.0,KO_blocks_maturation,0.0,False,False,A_secondary_validated,True
Dcp2,0.6153589335,3.13728878205,4.0,0.615,0.19467922333931784,1.0,6.318085612331424,0.008014404609727799,0.19357522224468826,0.64691545925,0.504599638654,4.0,0.6475,0.7138802420574476,0.75,1.8140297541611865,0.1673153011993834,0.3820599970736547,0.044883798,1.737650331,9.0,0.04555555555555556,0.04475240527365851,0.7777777777777778,3.0538395831678207,0.015729038527629767,0.019557270126947066,0.367459812,0.998155232,10.0,0.368,0.3036372104264488,0.8,3.8325940924946527,0.004011753378738389,0.009522848929328498,True,False,False,True,True,True,True,True,2,0.64691545925,1.0,KO_promotes_maturation,0.0,False,True,A_secondary_validated,True
Gpr162,0.14877404375,0.830427870356,4.0,0.15000000000000002,0.1710750322714179,0.75,1.7536165039211402,0.17777578871859134,0.6222746378660111,0.62831580025,0.721204435081,4.0,0.6275,0.09215023964519391,1.0,13.619063876905008,0.0008563735961783436,0.048433988202820515,,,,,,,,,,,,,,,,,,,False,False,True,False,False,True,False,False,1,0.62831580025,1.0,KO_promotes_maturation,0.25,False,False,B_primary_reproducible,True
Setd5,-0.57026133075,2.27214008983,4.0,-0.5724999999999999,0.13865424623862047,1.0,-8.257951206409386,0.0037186853397606894,0.12904576940626497,0.48437940525,0.568003021901,4.0,0.48500000000000004,1.3592767684814353,0.5,0.713614785812657,0.5269721921028033,0.7029873438438619,-0.606642195,1.870014403,10.0,-0.605,0.14554495296413864,1.0,-13.144928391115455,3.530237504688027e-07,1.7594989388490072e-06,-0.572669139,2.401447519,9.0,-0.5711111111111111,0.1834015024777908,1.0,-9.341980900842461,1.4076044924784689e-05,0.00010225787020028362,True,False,False,True,True,False,True,False,2,0.606642195,-1.0,KO_blocks_maturation,0.0,False,False,A_secondary_validated,True
Snx7,0.09831057875,0.903801349744,4.0,0.0975,0.6109214352107806,0.75,0.31918997887628703,0.770516829028562,0.9376706548026524,0.60449005925,0.734865041993,4.0,0.6025,0.08995369179009087,1.0,13.395781496238053,0.0008993357451373966,0.04954220499913363,,,,,,,,,,,,,,,,,,,False,False,True,False,False,True,False,False,1,0.60449005925,1.0,KO_promotes_maturation,0.0,False,False,B_primary_reproducible,True
ONE_INTERGENIC_SITE_3,-0.0290776715,0.486701986435,4.0,-0.0325,0.15966109941581472,0.5,-0.4071123162613124,0.7112314174228539,0.9180663605485083,0.5925287445,0.46147380472,4.0,0.5925,1.297083266409678,0.75,0.9135882257428822,0.42829768008667946,0.6230979436106113,-0.113238319,0.876307781,8.0,-0.1125,0.09895886591335383,0.875,-3.2154577419324255,0.014745997688710733,0.018432497110888416,-0.287226956,1.280697572,8.0,-0.28625,0.3406689847092881,0.625,-2.376609849439349,0.049126374553026333,0.08488748544089109,True,False,False,True,False,False,True,False,1,0.5925287445,-1.0,KO_blocks_maturation,0.0,False,False,A_secondary_validated,True
Pitrm1,-0.069116642,0.449246560545,4.0,-0.06750000000000002,0.36151302420060427,0.5,-0.37343052936617926,0.733655273456009,0.9260672979640537,0.583658833,0.483829816999,4.0,0.585,1.028575066131134,0.75,1.137495977226844,0.33795887542661895,0.548819867431776,-0.128382615,1.015559428,10.0,-0.129,0.09666091936937769,1.0,-4.220255929936405,0.002238602736188197,0.003166419724316505,-0.083330825,1.076080855,10.0,-0.08299999999999999,0.3072114725867003,0.6,-0.8543595184906457,0.4150677121950344,0.4941730408817483,True,False,False,True,False,False,True,False,1,0.583658833,-1.0,KO_blocks_maturation,0.0,False,False,A_secondary_validated,True
4930453N24Rik,-0.10602046925,0.533298861596,4.0,-0.10500000000000001,0.23014488190413157,0.5,-0.91246869477409,0.4288016559944607,0.8086811867593932,0.536045808,0.776048824652,4.0,0.535,0.0776745346515403,1.0,13.775428521074272,0.0008278985789508493,0.047729555773717416,,,,,,,,,,,,,,,,,,,False,False,True,False,False,False,False,False,1,0.536045808,1.0,KO_promotes_maturation,0.5,False,False,B_primary_reproducible,True
Polrmt,-0.23217715,0.797758901212,4.0,-0.23249999999999998,0.26550266790875504,0.75,-1.7513948302764548,0.17817454947828074,0.6228104104665798,0.5308250275,0.775163099478,4.0,0.5325,0.07274384280931731,1.0,14.640414348079927,0.0006911369284118823,0.0432758838573252,,,,,,,,,,,,,,,,,,,False,False,True,False,False,False,False,False,1,0.5308250275,1.0,KO_promotes_maturation,0.0,False,False,B_primary_reproducible,True
Rab40b,-0.089021667,0.488293595527,4.0,-0.09000000000000001,0.3269046751985457,0.75,-0.5506192283444002,0.620244347898947,0.8865185415469006,0.5272374255,0.788944649136,4.0,0.5275,0.05315072906367321,1.0,19.849210322893914,0.0002794389611049367,0.02535515421973798,,,,,,,,,,,,,,,,,,,False,False,True,False,False,False,False,False,1,0.5272374255,1.0,KO_promotes_maturation,0.0,False,False,B_primary_reproducible,True
Msh2,0.01382494425,0.523664393743,4.0,0.015,0.22752289262108694,0.5,0.1318548637211708,0.9034453396436036,0.9755598990282129,0.44377756725,0.830932263081,4.0,0.4425,0.050579969684978396,1.0,17.49704488776777,0.0004069051352810035,0.0316577463800996,,,,,,,,,,,,,,,,,,,False,False,True,False,False,True,False,False,1,0.44377756725,1.0,KO_promotes_maturation,0.0,False,False,B_primary_reproducible,True
Wbp1l,0.04820082,0.550367654565,4.0,0.04750000000000001,0.24212600025606504,0.5,0.3923576976430905,0.7210083045971535,0.9212387913858514,0.4244911945,0.614073980017,4.0,0.42499999999999993,0.647070320753471,0.75,1.313613022785886,0.2804037830416446,0.49597158586944057,-0.086288223,1.039745039,10.0,-0.08499999999999999,0.10024968827881711,0.8,-2.6812412659751748,0.02515486165156665,0.030471095299578154,-0.220815534,1.332465184,7.0,-0.22285714285714284,0.1136829341801553,1.0,-5.186570720984437,0.0020412648383015914,0.005710681392867547,True,False,False,True,True,True,True,False,2,0.4244911945,-1.0,KO_blocks_maturation,0.0,False,False,A_secondary_validated,True
Zdhhc5,0.0207537965,0.504582559012,4.0,0.020000000000000004,0.2531139400875951,0.5,0.15803159630859215,0.8844700768614032,0.9708558686051327,0.383694484,0.701919916537,4.0,0.38249999999999995,0.45242863157261237,0.75,1.6908744199961658,0.18944013195253243,0.4047993328891737,-0.027838887,1.32687909,10.0,-0.026999999999999996,0.06307843442008441,0.6,-1.3535766638710431,0.20888478699860227,0.22831592997521644,-0.416912432,1.667813404,10.0,-0.4169999999999999,0.4252855250038235,0.9,-3.100669330982658,0.012708722507103637,0.02662056087580931,True,False,False,False,True,True,True,False,1,0.416912432,-1.0,KO_blocks_maturation,0.0,False,False,A_secondary_validated,True
Pebp1,-0.0567599585,0.62725398648,4.0,-0.05749999999999994,0.5648819935762395,0.5,-0.2035823434058159,0.8517069895329691,0.9593088559627616,-0.07461166025,0.986517309814,4.0,-0.07249999999999995,0.6301520980419463,0.25,-0.23010317739249667,0.8328091053092703,0.9046268059329553,-0.320637372,1.220637708,9.0,-0.32111111111111107,0.11548208134213338,1.0,-8.341842493116403,3.227196142342767e-05,6.894464485914094e-05,-0.274033611,1.534686883,9.0,-0.27444444444444444,0.2158767652568886,0.8888888888888888,-3.8139043465543168,0.0051340349372865045,0.01194552683428048,True,False,False,True,True,True,True,True,2,0.320637372,-1.0,KO_blocks_maturation,0.75,True,False,A_secondary_validated,True
ONE_INTERGENIC_SITE_7,,,,,,,,,,,,,,,,,,,-0.048429389,1.08167035,8.0,-0.0475,0.06204836822995429,0.875,-2.1652509527331207,0.06708578689234572,0.07766088630394702,-0.250079569,0.931921834,8.0,-0.25,0.7752418977325723,0.625,-0.9121111529894005,0.39203907533816196,0.47735327826149254,True,False,False,True,False,False,True,False,1,0.250079569,-1.0,KO_blocks_maturation,,False,False,A_secondary_validated,True
Vti1a,-0.1103128565,0.671896989699,4.0,-0.11000000000000001,0.4916638417997945,0.75,-0.4474601979976068,0.684878326407603,0.9098155419866287,0.19671886525,0.684915590291,4.0,0.1974999999999999,1.485538622857043,0.5,0.26589682282398097,0.8075451332970536,0.8891650553638498,-0.079802649,1.0207274,10.0,-0.078,0.11183320914051724,0.8,-2.2055850796806777,0.05483876735888314,0.06411497676287332,-0.047176956,0.951515505,10.0,-0.04799999999999999,0.37413010214808073,0.6,-0.4057126834130121,0.6944296406772675,0.7674286387091624,True,False,False,True,False,False,True,False,1,0.19671886525,-1.0,KO_blocks_maturation,0.0,False,False,A_secondary_validated,True
Zkscan3,-0.04161555225,0.474789993752,4.0,-0.04000000000000001,0.1849324200890693,0.75,-0.43259045634870025,0.6945238350424404,0.9130432083416119,0.10624177375,0.737430795433,4.0,0.10749999999999998,1.3023152460138059,0.75,0.16509059588919284,0.8793701152749137,0.932490013971577,-0.13032407,0.994944824,9.0,-0.13,0.07697402159170326,1.0,-5.066644459200721,0.0009690306558322259,0.0014981723955300862,-0.1199708,1.068597786,10.0,-0.119,0.3853555356925457,0.6,-0.9765294817518213,0.35431843667663443,0.442898045845793,True,False,False,True,False,False,True,False,1,0.13032407,-1.0,KO_blocks_maturation,0.0,False,False,A_secondary_validated,True
Alad,0.01795538975,0.509620163956,4.0,0.0175,0.34615747861341956,0.5,0.10111005008528841,0.9258418181656817,0.981450367147367,0.0255646465,0.87986925583,4.0,0.025000000000000022,0.6747098141670487,0.5,0.07410593258040374,0.9455907154745072,0.9714052539501873,-0.118869992,1.147984665,10.0,-0.11800000000000002,0.059217114643206545,1.0,-6.301366862403805,0.000140755344967074,0.0002625198894227174,-0.093977221,1.060016035,10.0,-0.09299999999999997,0.3452229553330556,0.5,-0.8518895335680462,0.41636707274291984,0.4941730408817483,True,False,False,True,False,True,True,False,1,0.118869992,-1.0,KO_blocks_maturation,0.0,False,False,A_secondary_validated,True
ONE_INTERGENIC_SITE_10,,,,,,,,,,,,,,,,,,,-0.109243986,0.993045198,8.0,-0.11,0.06590035768383312,1.0,-4.721172914034237,0.002154600096719288,0.003106325292816151,-0.090632856,0.900483376,8.0,-0.08875,0.49472755850352335,0.75,-0.5073962487162247,0.6274680921757044,0.7089182772177429,True,False,False,True,False,False,True,False,1,0.109243986,-1.0,KO_blocks_maturation,,False,False,A_secondary_validated,True
